"id","descriptionid","language","description"
"734","428","nld","Een bevaarbare verbinding via de Regge tussen Diepenheim en Goor werd in 1610 gegraven, zoals op een kaart van Nicolaas van Geelkercken te zien is."
"735","429","deu","Nach Bruns und Weczerka verlief die Stra&szlig;e zwischen Helsa, Hessisch Lichtenau und Walburg wie die sp&auml;tere Chaussee durch den Tal an das Dorf Eschenstruth vorbei, aber G&ouml;rich w&auml;hlt eine direkte Route &uuml;ber den Berg zwischen Helsa und Walburg, mit einem Abzweig nach Lichtenau. Hier sind beide M&ouml;glichkeiten aufgenommen worden."
"736","430","nld","Vanwege de sluiting van de Schelde door de Nederlandse Republiek vanaf het eind van de 16e eeuw, probeerden Gent en Brugge hun scheepvaartverbindingen met de Vlaamse zeehavens te verbeteren door de aanleg en verbreding van kanalen. Het kanaal tussen Brugge en Plassendale werd in 1618 gegraven in de oude rivierbedding van de Ieperleet."
"737","431","nld","Vanwege de sluiting van de Schelde door de Nederlandse Republiek vanaf het eind van de 16e eeuw, probeerden Gent en Brugge hun scheepvaartverbindingen met de Vlaamse zeehavens te verbeteren door de aanleg en verbreding van kanalen. Het kanaal tussen Plassendale en Oostende werd in 1622-1623 gegraven als voortzetting van het kanaal Brugge-Plassendale. "
"738","432","nld","Het kanaal Plassendale-Nieuwpoort-Duinkerke werd in 1638-1641 gegraven, gedeeltelijk in de oude bedding van de Ieperleet. Het stond in Plassendale in verbinding met het kanaal (Gent-)Brugge-Oostende, en maakte deel uit van pogingen om de verbindingen tussen Gent, Brugge en de Vlaamse zeehavens te verbeteren."
"427","62","deu","Die Benutzung der Stra&szlig;e zwischen Schleiz und Gera wurde 1470 von den Ernestinern f&uuml;r den Fernverkehr zwischen Leipzig und N&uuml;rnberg verboten, der die Route &uuml;ber Plauen und Oelsnitz nehmen sollte. Allerdings kann davon ausgegangen werden, dass die Stra&szlig;e auch weiterhin genutzt wurde, wie zum Beispiel die Geleitseinnahmen von Gro&szlig;ebersdorf an dieser Stra&szlig;e zeigen."
"513","156","deu","1470 wurde die Strecke von Hof auf Schleiz von den Ernestiner Kurf&uuml;rsten f&uuml;r den Handel nach Leipzig verboten und nur der Erfurter Handel durfte weiterhin auf dieser Strecke fahren. Der Verkehr auf Leipzig hatte &uuml;ber Plauen oder Oelsnitz zu fahren. Anscheinend ben&ouml;tigte dieses Gebot der mehrfachten Erinnerung; noch 1551 wird auf die rechte Stra&szlig;e verwiesen."
"739","433","deu","Die Stra&szlig;e zwischen Środa Śląska/Neumarkt und Legnica/Liegnitz &uuml;ber Rogoźnik/Rosenig ist auf Reymanns topographischer Special-Karte von Central Europa aus dem 19. Jahrhundert als &quot;kleine Strasse&quot; gekennzeichnet. Die Hauptstra&szlig;e verlief n&ouml;rdlich davon."
"740","434","deu","Im 17. Jh. fingen Reisenden zwischen Gabel und Wei&szlig;wasser an, eine k&uuml;rzere Route &uuml;ber Wartenberg und Schwabitz zu benutzen, die die Zollstelle in Niemes umging. Diese wurde deswegen nach Schwabitz verlegt, wo ein Zollhaus erstmals 1659 belegt ist."
"741","435","dan","Eine Stra&szlig;e zwischen G&ouml;rlitz und Prague &uuml;ber Fr&yacute;dlant/Friedland, Liberec/Reichenberg und Mlad&aacute; Boleslav/Jungbunzlau hatte sich im 14. Jh. entwickelt, dabei den Stapel von Zittau und die viele b&ouml;hmische Zollstellen umgehend. Die Benutzung dieser Stra&szlig;e f&uuml;r Kaufleute aus Sachsen und Polen wurde deswegen durch K&ouml;nig Johann 1341 verboten, und wiederholt 1351 und 1383, aber sie wurde weiterhin benutzt. K&ouml;nig Ladislaus gab 1454 die Stra&szlig;e dem Durchgangsverkehr frei, mit einer Zollstelle in Reichenberg. 1516 und 1544 wurden die alten Verbote der Stra&szlig;e wiederholt, aber die Stra&szlig;e wurde weiterhin durch den Fernverkehr benutzt."
"742","436","deu","Der ordentliche Handelsweg zwischen G&ouml;rlitz und Prag verlief &uuml;ber Zittau mit ihrem Stapel und Wei&szlig;wasser/Běl&aacute; pod Bezdězem. Andere Stra&szlig;en, besonders die &uuml;ber Friedland, wurden durch K&ouml;nig Johann 1341 verboten, was durch seine Nachfahren wiederholt best&auml;tigt wurde. Obwohl K&ouml;nig Ladislaus 1454 die Route &uuml;ber Friedland freigab, wurde 1516 und 1544 wieder um Einhaltung der Stra&szlig;e &uuml;ber Zittau gebeten."
"407","42","deu","Nach Eberhardt befand sich die Zollstelle Gottern in Altengottern, was andeuten w&uuml;rde, dass die Stra&szlig;e zwischen M&uuml;hlhausen und Langensalza bis ins 15. Jahrhundert zwischen Gro&szlig;engottern und Langensalza n&ouml;rdlich verlief. Dies ist jedoch unwahrscheinlich, da die Route &uuml;ber Altengottern ein erheblicher Umweg bedeuten w&uuml;rde."
"745","439","nld","De loop van de Maas verlegde zich omstreeks 1410 2km naar het oosten in de voormalige bedding van de Geul."
"746","440","fin","Lounais-Suomesta on s&auml;ilynyt useita tietoja Huovinteist&auml;, joiden taustalla on keskiajan ja uuden ajan alun hallinnon tieverkko. Nimi perustuu asepalvelijoihin, huoveihin (r. hofman). Huovit toimivat viestinviejin&auml;, muodostivat voutien ja tuomareiden saattueet ja oleskelivat aika-ajoin voutikunnissa. Osa teist&auml; kuuluu rautakautisia asutuskeskuksia yhdist&auml;neeseen tieverkkoon, osa on vasta keskiajan kuluessa talonpoikien yhteisesti yll&auml;pidett&auml;v&auml;ksi j&auml;rjestettyj&auml; teit&auml;. Huovintiest&auml; tunnetuin on Kokem&auml;enjoen suualueelta Ulvilasta Harjavallan Torttilan, K&ouml;yli&ouml;n ja Virttaan kautta Orip&auml;&auml;h&auml;n vienyt maantie, jonka on 1700-luvun tietojen perusteella katsottu jatkuneen Koskelle ja Somerolle saakka. K&ouml;yli&ouml;nj&auml;rven it&auml;rantaa noudatellut tie on rinnakkaisen Turusta Yl&auml;neen kautta S&auml;kyl&auml;&auml;n ja Kokem&auml;elle johtaneen talvitien kanssa ollut k&auml;yt&ouml;ss&auml; jo 1100- ja 1200-luvuilla, ja sill&auml; on ollut yhteyksi&auml; Turun piispan omistuksiin Lammaisissa, K&ouml;yli&ouml;ss&auml;, Virttaalla ja Orip&auml;&auml;ss&auml;. Tien varhaisin p&auml;&auml;tepiste on ollut Lammaistenkoskella, ja siit&auml; haarautui jo varhain tie Kokem&auml;elle ja 1370-luvulla muodostettuun Kokem&auml;enkartanoon. Kokem&auml;en ja K&ouml;yli&ouml;n v&auml;linen osuus mainitaan yleisen&auml; tien&auml; 1422. Tie sis&auml;ltyy Juhana-Herttuan vuoden 1556 majapaikkaluetteloon sek&auml; Jakob Teitin 1555&ndash;156 luetteloon Suomen t&auml;rkeimmist&auml; yleisist&auml; teist&auml;. "
"747","441","fin","Turusta Aurajoen pohjoisrantaa P&ouml;yty&auml;n kautta Orip&auml;&auml;h&auml;n vienyt tie sis&auml;ltyy sek&auml; Juhana-herttuan majapaikkaluetteloon ett&auml; Jakob Teitin luetteloon yleisist&auml; teist&auml; 1555&ndash;56. Tiest&auml; on tutkimuksissa k&auml;ytetty my&ouml;s nime&auml; Varkaantie. Tie oli 1500-luvun lopulle saakka t&auml;rkein maantieyhteys Turusta Orip&auml;&auml;n kautta edelleen Huovintiet&auml; Kokem&auml;elle ja Kokem&auml;enjoen suualueelle Ulvilaan ja Poriin, ja viel&auml; 1900-luvulla Orip&auml;&auml;st&auml; Huittisiin ja edelleen Vammaskoskelle Tie on j&auml;rjestetty yleiseksi maantieksi viimeist&auml;&auml;n 1300-luvun puolimaissa tai lopulla. Tiet&auml; on joissakin tutkimuksissa katsottu edelt&auml;neen Paattisilta Yl&auml;neen kautta S&auml;kyl&auml;&auml;n vienyt nk. Airikintie, joka olisi seurannut alueelta tunnetun keskiaikaisen talvitien reitti&auml;."
"743","437","deu","1514 wurde die Stra&szlig;e zwischen G&ouml;rlitz und Ossig durch die Stadt G&ouml;rlitz von einem Steinpflaster versehen."
"748","443","fin","Suomen tunnetuimpiin maanteihin kuulunut H&auml;meen H&auml;rk&auml;tie pohjautui H&auml;mett&auml; ja Aurajokilaaksoa jo viikinkiajalla (800&ndash;1050 Jaa) yhdist&auml;neeseen maareittiin. Nimi perustunee It&auml;meren alueella my&ouml;h&auml;iskeskiajalla kukoistaneeseen nautael&auml;inten kauppaan ja sen varhaisin p&auml;&auml;tepiste Turussa on ollut Hevostori. H&auml;rk&auml;tie j&auml;rjestettiin talonpoikien yll&auml;pit&auml;m&auml;ksi yleiseksi tieksi viimeist&auml;&auml;n 1300-luvun puolimaissa. H&auml;meen linnan Turkuun yhdist&auml;nyt maantie sis&auml;ltyy Jakob Teitin 1555&ndash;1556 luetteloon Suomen t&auml;rkeimmist&auml; yleisist&auml; teist&auml;. Tien alkuper&auml;inen linjaus H&auml;meen linnasta Renkoon kulki Hattelmalan ja Alaj&auml;rven kautta, mutta siirrettiin pohjoisemmaksi viimeist&auml;&auml;n 1600-luvulla. H&auml;rk&auml;tiehen liittyi jo varhain my&ouml;s Somerolta Uskelaan, Saloon ja Halikkoon jo 1200-luvun alkupuolella vienyt nk. Hiidentie, joka j&auml;rjestettiin yleiseksi tieksi mahdollisesti jo keskiajalla tai 1500-luvulla. H&auml;rk&auml;tie oli viimeist&auml;&auml;n 1300-luvun lopulla my&ouml;s pyhiinvaellusreitti. H&auml;rk&auml;tien suuntaisesti tai siit&auml; hieman et&auml;&auml;mm&auml;ll&auml; kulki my&ouml;s eriaikaisia H&auml;mett&auml; ja Varsinais-Suomea yhdist&auml;neit&auml; talviteit&auml;."
"773","474","fin","Suomen tunnetuimpiin maanteihin kuulunut H&auml;meen H&auml;rk&auml;tie pohjautui H&auml;mett&auml; ja Aurajokilaaksoa jo viikinkiajalla (800&ndash;1050 Jaa) yhdist&auml;neeseen maareittiin. Nimi perustunee It&auml;meren alueella my&ouml;h&auml;iskeskiajalla kukoistaneeseen nautael&auml;inten kauppaan ja sen varhaisin p&auml;&auml;tepiste Turussa on ollut Hevostori. H&auml;rk&auml;tie j&auml;rjestettiin talonpoikien yll&auml;pit&auml;m&auml;ksi yleiseksi tieksi viimeist&auml;&auml;n 1300-luvun puolimaissa. H&auml;meen linnan Turkuun yhdist&auml;nyt maantie sis&auml;ltyy Jakob Teitin 1555&ndash;1556 luetteloon Suomen t&auml;rkeimmist&auml; yleisist&auml; teist&auml;. Tien alkuper&auml;inen linjaus H&auml;meen linnasta Renkoon kulki Hattelmalan ja Alaj&auml;rven kautta, mutta siirrettiin pohjoisemmaksi viimeist&auml;&auml;n 1600-luvulla. H&auml;rk&auml;tiehen liittyi jo varhain my&ouml;s Somerolta Uskelaan, Saloon ja Halikkoon jo 1200-luvun alkupuolella vienyt nk. Hiidentie, joka j&auml;rjestettiin yleiseksi tieksi mahdollisesti jo keskiajalla tai 1500-luvulla. H&auml;rk&auml;tie oli viimeist&auml;&auml;n 1300-luvun lopulla my&ouml;s pyhiinvaellusreitti. H&auml;rk&auml;tien suuntaisesti tai siit&auml; hieman et&auml;&auml;mm&auml;ll&auml; kulki my&ouml;s eriaikaisia H&auml;mett&auml; ja Varsinais-Suomea yhdist&auml;neit&auml; talviteit&auml;."
"783","484","fin","P&auml;lk&auml;neen ja Kangasalan seudulta Laukaalle vienyt talvitie takautuu keskiaikaan. Tien sijainnista L&auml;ngelm&auml;vedell&auml; on eri k&auml;sityksi&auml;, mutta todenn&auml;k&ouml;isesti tie noudatteli vesist&ouml;n it&auml;rantaa. P&auml;lk&auml;neelt&auml; L&auml;ngelm&auml;veden it&auml;puolitse L&auml;nkipohjaan vienyt maantie mainitaan 1696. L&auml;ngelm&auml;veden pohjoispuolella Kangasalta Orivedelle vienyt kes&auml;tie takautuu keskiaikaan, kun taas L&auml;ngelm&auml;veden pohjoispuolitse L&auml;nkipohjaan vienyt maantie on todenn&auml;k&ouml;isesti vasta 1600-luvulta. Alueella on ollut useita paikallisempia talviteit&auml;. Suomen kenraalikuvern&ouml;&ouml;ri Pietari Brahe matkasi Laukaan talvitiet&auml; ja sen jatkeena ollutta P&auml;lk&auml;neen-Marttilan talvitiet&auml; maaliskuussa 1640, jolloin h&auml;n y&ouml;pyi 20.3. Rautalammin Kierkillassa (K&auml;rkk&auml;l&auml;, K&auml;rk&auml;l&auml;nsalo), 21.3. Pernasaaren nimismiestalossa, 22.3. Muuramen kyl&auml;ss&auml;, 23.3. J&auml;ms&auml;n pappilassa, 24.3. L&auml;ngelm&auml;en kyl&auml;ss&auml;, 25.3. P&auml;lk&auml;neen nimismiestalossa, 27.3. Urjalan Kankaanp&auml;&auml;n nimismiestalossa, ja 28.3. Marttilassa. Viabundukseen merkitty reitti on suuntaa antava, ei maantieteellisesti tarkka ja on ulotettu Laukaan Kuusveden kievariin (1600), josta haarautui talviteit&auml; ja taivallusreittej&auml; eri suuntiin."
"789","490","fin","Talvitie ja sulan ajan taivallusreitti Savosta S&auml;r&auml;isniemelle ja Ouluun sis&auml;ltyy Olavinlinnan p&auml;&auml;llik&ouml;n Ture Pederssonin (Bielke) kuningas Kustaa Vaasalle 1556 laatimaan selostukseen. Varsinainen taivallusreitti alkoi Joroisilta, josta Tavinsalmelle oli 20 peninkulmaa (n. 120 km). Sielt&auml; jatkettiin 17 peninkulmaa (n. 100 km) Ouluntaipaleeseen, josta reitti vei Ouluj&auml;rvelle (Vuolijoki) ja edelleen S&auml;r&auml;isniemeen, josta tie jatkui jokivartta Ouluun, sulana aikana voitiin kulkea veneell&auml;. Taivallusreitin ja talvitien pohjoisp&auml;&auml;ss&auml; sijaitsi 1550-luvulta l&auml;htien Saaresm&auml;en asutus, jonne Oulun porvarit saivat 1625 oikeuden vuosittaisiin talvimarkkinoihin. Reitin etel&auml;p&auml;&auml; on todenn&auml;k&ouml;isesti haarautunut Joroisista sek&auml; Juvalle (1556) ett&auml; Rantasalmelle ja edelleen Olavinlinnaan. Viabundukseen merkitty reitti on suuntaa antava, ei maantieteellisesti tarkka."
"449","86","deu","S&uuml;dliche Umgehungsstra&szlig;e des Erfurter Geleits nach einem Erfurter Klageschreiben."
"744","438","deu","Eine Stra&szlig;e von Mei&szlig;en nach Prag &uuml;ber Rumburg, Waltersdorf, Kratzau/Chrastava, Reichenberg/Liberec, Turnau/Turnov und Jič&iacute;n kam im 15. Jh. in Gebrauch, dabei den Zittauer Stapel umgehend. Nach Beschwerden aus Zittau verbot K&ouml;nig Wenzel 1418 die Benutzung dieser Stra&szlig;e. K&ouml;nig Mathias benutzte 1611 jedoch einen Teil der Stra&szlig;e zwischen Gabel/Jablonn&eacute; v Podje&scaron;těd&iacute; und Bautzen, um die in Zittau grassierende Pest zu umgehen. Daraufhin wurde diese die K&ouml;nigstra&szlig;e genannt."
"784","485","fin","P&auml;lk&auml;neen ja Kangasalan seudulta Laukaalle vieneen sulan ajan maantien j&auml;rjestelyiden ik&auml; on ep&auml;selv&auml;, mutta sen reitti takautunee 1500-luvulle. Tien sijainnista L&auml;ngelm&auml;vedell&auml; on eri k&auml;sityksi&auml;, mutta todenn&auml;k&ouml;isesti tie noudatteli vesist&ouml;n it&auml;rantaa. P&auml;lk&auml;neelt&auml; L&auml;ngelm&auml;veden it&auml;puolitse L&auml;nkipohjaan vienyt maantie mainitaan 1696. L&auml;ngelm&auml;veden pohjoispuolella Kangasalta Orivedelle vienyt kes&auml;tie takautuu keskiaikaan, kun taas L&auml;ngelm&auml;veden pohjoispuolitse L&auml;nkipohjaan vienyt maantie on todenn&auml;k&ouml;isesti vasta 1600-luvulta. Tien suuntaisesti kulki jo varhain P&auml;lk&auml;neen ja Kangasalan seudulta Keski-Suomeen vienyt talvitie."
"423","58","deu","Diese Stra&szlig;e war eine &uuml;berflutungsfreie Alternative zwischen Rudolstadt und Saalfeld."
"425","60","deu","Nach Bruns &amp; Weczerka (1967) handelte es sich bei der Route &uuml;ber Freyburg um die fr&uuml;here Strecke zwischen Merseburg und Naumburg, erst sp&auml;ter abgel&ouml;st von der Strecke &uuml;ber Markr&ouml;hlitz."
"431","66","deu","Seit 1515 vertraglich festgelegte Zwangsstra&szlig;e von L&uuml;beck, Hamburg und Eisleben &uuml;ber den Harz nach Th&uuml;ringen. In einen Bericht nach Guthmannshausen hei&szlig;t es, dass die Waren von L&uuml;beck, Braunschweig und Magdeburg nach Franken jeher die Stra&szlig;e &uuml;ber Nebra, Tauhardt und Guthmannshausen genommen h&auml;tten. Verlauf der mittelalterlichen Kupferstra&szlig;e."
"749","442","fin","Turusta Viipuriin rannikon suuntaisesti vienyt Suuri Rantatie (r. Stora Strandv&auml;gen) j&auml;rjestettiin Kymijoen suurten siltojen yll&auml;pidosta s&auml;ilyneiden tietojen perusteella yleiseksi maantieksi 1340- ja 1360-lukujen kuluessa. Tien merkitys oli jo varhain sotilaallinen. Tien ja sen suuntaisesti vieneiden talviteiden k&auml;yt&ouml;st&auml; on s&auml;ilynyt tietoja 1400-luvun alusta l&auml;htien. Toukokuun alussa 1511 Viipurista Turkuun ratsastanut l&auml;hetti k&auml;ytti matkaan kahdeksan vuorokautta. Tie ja sen etappipaikat on esitetty my&ouml;s Jakob Teitin 1555&ndash;56 luettelossa Suomen t&auml;rkeimmist&auml; yleisist&auml; teist&auml;, joka liittyi samanaikaisiin hallinnollisiin suunnitelmiin. Tien varhaisin linjaus Perni&ouml;ss&auml; kiersi Perni&ouml;n kuninkaankaranon kautta, mutta suoristettiin viimeist&auml;&auml;n 1600-luvun alussa ylemm&auml;s harjulle. Tie haarautui L&auml;nsi-Uudellamaalla Karjaalta ylemp&auml;&auml;n Lohjan ja Siuntion sek&auml; alempaan Raaseporin ja Inkoon kautta Siuntion Pikkalaan vieneisiin reitteihin. Espoosta Munkkiniemen ja edelleen Vironniemelle vieneen haaran merkitys kasvoi Helsingin siirron j&auml;lkeen 1640, mutta saattaa perustua vanhempaan paikalliseen tiehen. Helsingin Vanhastakaupungista ja Kuninkaankartanolta Suurelle Rantatielle vienyt haara muotoutui yleiseksi tieksi vuoden 1550 j&auml;lkeen. Suuri Rantatie esiintyy tien erisnimen&auml; useissa eri l&auml;hteiss&auml; 1700-luvulla. Tiest&auml; 1900-luvun loppupuolelta l&auml;htien matkailutien&auml; k&auml;ytetty nimitys Kuninkaantie perustuu vuoden 1735 kuninkaalliseen asetukseen yleisist&auml; teist&auml;, jonka mukaan Kuninkaantie (r. Kungsv&auml;gen) oli tien korkein yll&auml;pitoluokka. Termi&auml; tiedet&auml;&auml;n k&auml;ytetyn suurista yleisist&auml; maanteist&auml; ruotsinkielisiss&auml; rannikkopit&auml;jiss&auml; paitsi Uudellamaalla my&ouml;s Pohjanmaalla."
"751","445","fin","Yl&auml;-Satakunnan ja Kyr&ouml;njokilaakson asutuksen v&auml;lille muodostui viimeist&auml;&auml;n 1200-luvulla kaksi rinnakkaista reitti&auml;, joista toinen oli H&auml;meenkyr&ouml;n seudulta harjujen suuntaisesti Kauhajoelle vienyt Kyr&ouml;n- ja H&auml;meenkankaan tieksi kutsuttu kes&auml;tie ja toinen H&auml;meenkyr&ouml;st&auml; Ikaalisten, Parkanon ja Jalasj&auml;rven kautta Kurikkaan vienyt talvitie. Kes&auml;tie jatkui Kauhajoelta Ilmajoen Talvitien kyl&auml;&auml;n, josta kes&auml; ja talvitie oikaisivat metsien l&auml;pi Ylistaroon ja edelleen Kyr&ouml;n kirkon kautta kohti Kyr&ouml;- ja Lapuanjokien suuta. Kes&auml;- ja talvitien merkitys kasvoi my&ouml;h&auml;iskeskiajalla, jolloin reiteist&auml; tuli osa 1380-luvulla perustetun Korsholman linnan ja H&auml;meen linnan v&auml;list&auml; strategista yhteytt&auml;. Molempien k&auml;yt&ouml;st&auml; on viitteit&auml; 1400-luvulta, talvitien vuodelta 1459. &rdquo;Er&auml;maiden&rdquo; kautta vienyt tie mainitaan Jaakko Teitin 1555&ndash;56 luettelossa Suomen t&auml;rkeimmist&auml; yleisist&auml; teist&auml; osana Korsholman ja H&auml;meen linnojen v&auml;list&auml; reitti&auml;. Varhaisimmat tiedot kes&auml;tien yll&auml;pidon j&auml;rjestelyist&auml; ovat vuodelta 1610, jolloin sen osuus Kyr&ouml;njokivarressa m&auml;&auml;r&auml;ttiin Kyr&ouml;n ja Ilmajoen sek&auml; osuus Kauhajoelta Satakunnan rajalle koko kihlakunnan yll&auml;pidett&auml;v&auml;ksi. Tien varhaisimmat j&auml;rjestelyt ulottuvat 1550-luvulle tai keskiajan lopulle. Kes&auml;tien varteen Satakunnan ja Pohjanmaan rajalle rakennettiin 1635 Kyr&ouml;n skanssiksi kutsuttu linnake, jossa olleen armeijan yksik&ouml;n teht&auml;v&auml;n&auml; oli pid&auml;tt&auml;&auml; alueen metsiin sotav&auml;enottoja paenneita miehi&auml;. Linnakkeen toiminta p&auml;&auml;ttyi 1659."
"752","446","fin","Oulujoen suuhun tuli Kajaanin Vuohenginkosken, Paltamon, Manamansalon ja S&auml;r&auml;isniemen kautta vanha taivallus- ja talvitie, jota novgorodinkarjalaiset kauppiaat k&auml;yttiv&auml;t viel&auml; 1600-luvun alussa kauppamatkoillaan Pohjanlahdelle. Samaa reitti&auml; on todenn&auml;k&ouml;isesti k&auml;ytt&auml;nyt my&ouml;s Oulujoen suulle vuonna 1375 perustettua linnaa vastaan 1377 hy&ouml;k&auml;nnyt Novgorodin sotajoukko. Reitist&auml; on s&auml;ilynyt ven&auml;j&auml;nkarjalaisen kauppiaan Nousian selostus vuodelta 1556. Vanhan talvitien ja jokireitin rinnalle raivattiin Kajaanin linnan perustamisen j&auml;lkeen 1610-luvulla Oulusta S&auml;r&auml;isniemelle ulottunut yleinen maantie, joka jatkui vesireittin&auml; ja talvitien&auml; Paltamoon ja Kajaaniin. Maantie s&auml;ilyi ratsutien&auml; 1750-luvulle, jolloin se parannettiin k&auml;rryill&auml; ajettavaan kuntoon."
"754","448","fin","Lahdesta Savilahden eli Mikkelin kautta Olavinlinnaan johtanut Suureksi Savontieksi kutsuttu maantie mainitaan yleisen&auml; maantien&auml; Jakob Teitin 1555&ndash;1556 luettelossa Suomen t&auml;rkeimmist&auml; yleisist&auml; teist&auml;, jossa se on esitetty osana H&auml;meen linnasta Olavinlinnaan vienytt&auml; maantiet&auml;. Tien alkup&auml;&auml; H&auml;meen linnasta Tuuloksen kautta Hollolaan ja Lahden kyl&auml;&auml;n noudattaa Ylisen Viipurintien linjausta, Lahdesta H&auml;rk&auml;l&auml;n aluelle Ylisen Viipurintien ylemp&auml;&auml; linjausta. Tien linjaus Lahdesta Jyr&auml;ng&ouml;nvirran yli Savilahteen saattaa perustua vanhempiin kulkureitteihin, mutta muodostettiin yleiseksi tieksi vasta Olavinlinnan rakentamisen j&auml;lkeen 1400-luvun viimeisell&auml; nelj&auml;nneksell&auml; tai 1500-luvun alkupuolella. Kes&auml;tielle rinnakkaisesta ja sit&auml; vanhemmasta Sysm&auml;st&auml; Savitaipaleelle johtaneesta talvitiest&auml; on tieto jo vuodelta 1443, jolloin Turun piispa perusti Hirvensalmen Vahvaj&auml;rvelle lampuotitilan, ettei h&auml;nen tarkastusmatkoillaan tarvinnut y&ouml;py&auml; maastossa."
"755","449","fin","Yl&auml;-Satakunnan ja Kyr&ouml;njokilaakson asutuksen v&auml;lille muodostui viimeist&auml;&auml;n 1200-luvulla kaksi rinnakkaista reitti&auml;, joista toinen oli H&auml;meenkyr&ouml;n seudulta harjujen suuntaisesti Kauhajoelle vienyt Kyr&ouml;n- ja H&auml;meenkankaan tieksi kutsuttu kes&auml;tie ja toinen H&auml;meenkyr&ouml;st&auml; Ikaalisten, Parkanon ja Jalasj&auml;rven kautta Kurikkaan vienyt talvitie. Kes&auml;tie jatkui Kauhajoelta Ilmajoen Talvitien kyl&auml;&auml;n, josta kes&auml; ja talvitie oikaisivat metsien l&auml;pi Ylistaroon ja edelleen Kyr&ouml;n kirkon kautta kohti Kyr&ouml;- ja Lapuanjokien suuta. Kes&auml;- ja talvitien merkitys kasvoi my&ouml;h&auml;iskeskiajalla, jolloin reiteist&auml; tuli osa 1380-luvulla perustetun Korsholman linnan ja H&auml;meen linnan v&auml;list&auml; strategista yhteytt&auml;.&rdquo;Er&auml;maiden&rdquo; kautta vienyt tie mainitaan Jaakko Teitin 1555&ndash;56 luettelossa Suomen t&auml;rkeimmist&auml; yleisist&auml; teist&auml; osana Korsholman ja H&auml;meen linnojen v&auml;list&auml; reitti&auml;. Varhaisimmat tiedot kes&auml;tien yll&auml;pidon j&auml;rjestelyist&auml; ovat vuodelta 1610, jolloin sen osuus Kyr&ouml;njokivarressa m&auml;&auml;r&auml;ttiin Kyr&ouml;n ja Ilmajoen sek&auml; osuus Kauhajoelta Satakunnan rajalle koko kihlakunnan yll&auml;pidett&auml;v&auml;ksi. Tien varhaisimmat j&auml;rjestelyt ulottuvat 1550-luvulle tai keskiajan lopulle. Kes&auml;tien varteen Satakunnan ja Pohjanmaan rajalle rakennettiin 1635 Kyr&ouml;n skanssiksi kutsuttu linnake, jossa olleen armeijan yksik&ouml;n teht&auml;v&auml;n&auml; oli pid&auml;tt&auml;&auml; alueen metsiin sotav&auml;enottoja paenneita miehi&auml;. Linnakkeen toiminta p&auml;&auml;ttyi 1659. Ilmajoen kappelilta Kauhajoen ja Karijoen kautta Lapv&auml;rttiin Pohjanlahden rantatielle vienyt tiet&auml; on vanhastaan nimitetty kalatieksi. Tien katsotaan syntyneen 1500-luvulla, mutta j&auml;rjestettiin yleiseksi tieksi vasta vuoden 1657 j&auml;lkeen. Tiet&auml; kutsutiin 1700-luvulla my&ouml;s tieluokan mukaisesti Kuninkaantieksi (r. Kongsv&auml;g)."
"757","451","fin","Raision ja Naantalin v&auml;lisell&auml; tiell&auml; ollut silta mainitaan 1454. Tie oli 1450-luvulta 1500-luvulle saakka t&auml;rke&auml; osa pyhiinvaellusreittej&auml; Turun, Raision, Maskun ja Nousiaisten alueella."
"433","68","deu","Umgehung der Geleite in Erfurt und Gotha, beschrieben in einem Bericht an den Geleitsmann in Guthmannshausen von 1515. 1522 hei&szlig;t es bereits in der &quot;Acta die Landstra&szlig;e von Wei&szlig;ensee nach Erfurt und die Sachsenburgische Stra&szlig;e betr. von 1522 - 72&quot; (M. st. A. Hep. A 24 b Tit. XXIV, Nr 11.), dass die Stra&szlig;e aufgrund des Stra&szlig;enzwanges auf Erfurt brach lag."
"795","496","fin","Aurajoen suualueelta ja Turusta vei jo varhain Aurajokea ja H&auml;meen H&auml;rk&auml;tien suuntaisesti talvitie Tarvasjoelle, jossa se haarautui Loimaalle ja Marttilaan. P&auml;&auml;suunta vei Loimaalle, josta talvitie jatkui Mets&auml;maan, Humppilan ja Urjalan kautta Akaaseen ja sielt&auml; Valkeakosken ohi P&auml;lk&auml;neelle. Tiet&auml; k&auml;yttiv&auml;t 1700-luvun lopulla H&auml;meest&auml; ja Savosta Turkuun matkanneet talonpojat. Osuus Aurajoen suusta P&auml;lk&auml;neelle takautunee viimeist&auml;&auml;n 1400-luvulle. Suomen kenraalikuvern&ouml;&ouml;ri Pietari Brahe matkasi P&auml;lk&auml;neen-Turun talvitiet&auml; maaliskuussa 1640, jolloin h&auml;n y&ouml;pyi P&auml;lk&auml;neen nimismiestalossa, 26.3. Urjalan Kankaanp&auml;&auml;n nimismiestalossa ja 28.3. Marttilassa. Viabundukseen merkitty reitti on suuntaa antava, ei maantieteellisesti tarkka."
"774","475","fin","Kangasalta Orivedelle Ponsan kautta johtanut maantie takautuu viimeist&auml;&auml;n 1400-luvun j&auml;lkipuolelle. Ajankohta, jolloin tie muodostettiin yleiseksi tieksi on ep&auml;selv&auml;. Viabunduksen tiedot t&auml;ydentyv&auml;t tulevissa p&auml;ivityksiss&auml;."
"806","503","dan","Die Stadt Elbing lie&szlig; 1495 den sogenannten Kraffohlkanal bauen, nachdem die Nogat eine direktere Verbindung mit dem Frischen Haff geschafft hatte."
"799","501","dan","H&auml;meen H&auml;rk&auml;tielt&auml; Paimionjoen sillalle Suurelle Rantatielle vienyt nk. Nauristie takautuu sill&auml; Nakolinnan linnavuoren luona 1988 tehdyst&auml; arkeologisesta kaivauksesta huolimatta rautakauden lopulle. Tiet&auml; k&auml;ytettiin joukkojen siirtoon 1599. Tie saattaa olla muodostettu yleiseksi tieksi keskiajalla tai 1500-luvulla, mutta sen status ennen 1600-luvun j&auml;lkipuolta on ep&auml;selv&auml;."
"780","481","fin","Viipurista Kivennavan kautta Ruotsin ja Novgorodin keskiaikaiselle rajalle Siestarjoelle ja edelleen Nevajoen suulle ja Inkerinmaalle vienyt maantie oli P&auml;hkin&auml;saaren rauhasta 1323 l&auml;htien strateginen kulkuv&auml;yl&auml;, jonka varrella sijaitsi jo 1400-luvulla Kivennavalle rakennettu tienvarsilinnoitus. Muolaalla ja Kivennavalla olleita skansseja vahvistettiin Kustaa Vaasan Ven&auml;j&auml;n sodan yhteydess&auml; ja ne mainitaan 1556. Tie on saattaa olla muodostettu yleiseksi tieksi Kivennavalle saakka viimeist&auml;&auml;n 1400-luvun j&auml;lkipuolella, siit&auml; eteenp&auml;in Joutselk&auml;&auml;n ehk&auml; 1595 j&auml;lkeen, vanhalle rajalle Stolbovan rauhan j&auml;lkeen 1617 ja Nevanlinnaan 1640-luvulla, jolloin sit&auml; kunnostettiin ja oiottiin my&ouml;s &Auml;yr&auml;p&auml;&auml;n kihlakunnassa. Rajajoen sillan yll&auml;pito kuului 1625 Kivennavan pit&auml;j&auml;lle."
"758","453","fin","Talvitie ja sulan ajan taivallusreitti Savosta S&auml;r&auml;isniemelle ja Ouluun sis&auml;ltyy Olavinlinnan p&auml;&auml;llik&ouml;n Ture Pederssonin (Bielke) kuningas Kustaa Vaasalle 1556 laatimaan selostukseen. Varsinainen taivallusreitti alkoi Joroisilta, josta Tavinsalmelle oli 20 peninkulmaa (n. 120 km). Sielt&auml; jatkettiin 17 peninkulmaa (n. 100 km) Ouluntaipaleeseen, josta reitti vei Ouluj&auml;rvelle (Vuolijoki) ja edelleen S&auml;r&auml;isniemeen, josta tie jatkui jokivartta Ouluun, sulana aikana voitiin kulkea veneell&auml;. Taivallusreitin ja talvitien pohjoisp&auml;&auml;ss&auml; sijaitsi 1550-luvulta l&auml;htien Saaresm&auml;en asutus, jonne Oulun porvarit saivat 1625 oikeuden vuosittaisiin talvimarkkinoihin. Reitin etel&auml;p&auml;&auml; on todenn&auml;k&ouml;isesti haarautunut Joroisista sek&auml; Juvalle (1556) ett&auml; Rantasalmelle ja edelleen Olavinlinnaan. Viabundukseen merkitty reitti on suuntaa antava, ei maantieteellisesti tarkka."
"760","461","fin","Hollolasta M&auml;nts&auml;l&auml;njoen vartta ja edelleen Porvoon kuninkaankartanon kautta Porvoonjoen suuhun ja Porvooseen vienyt tie on muodostettu yleiseksi maantieksi viimeist&auml;&auml;n 1400-luvun j&auml;lkipuolella, mutta perustuu vanhoihin Hollolan H&auml;meest&auml; rannikolle suuntautuneisiin sulan ajan reitteihin ja talviteihin. Tie varustettiin kestikievareilla 1622 ja mainitaan yleisen&auml; maantien&auml; 1690-luvulla."
"762","463","fin","H&auml;meen linnasta vei Hattulan ja P&auml;lk&auml;neen kautta Tammerkoskelle ja edelleen Karkun ja Tyrv&auml;&auml;n kautta Huittisiin jo keskiajalla tie, joka Jakob Teitin vuosien 1555&ndash;56 luettelossa Suomen t&auml;rkeimmist&auml; yleisist&auml; teist&auml; on silloisissa hallinnollisissa suunnitelmissa esitetty osana Olavinlinnasta Hauhon, Pirkkalan ja Huittisten kautta Loimaalle ja Turkuun vienytt&auml; maantiet&auml;. Tien osuus Huittisista H&auml;meen linnaan sis&auml;ltyy my&ouml;s samanaikaiseen Juhana-herttuan majapaikkaluetteloon. Tien varrelta on useita mainintoja siihen liittyneist&auml; silloista ja rajamerkeist&auml; 1400-luvulta ja sit&auml; kutsuttiin jo silloin eri paikoissa yleiseksi maantieksi. Tien linjaus on paikoin, kuten Tampereen Messukyl&auml;ss&auml; palautettavissa 1100- ja 1200-luvuille ja se on todenn&auml;k&ouml;isesti ollut jo tuolloin H&auml;meen ja Satakunnan asutusytimi&auml; yhdist&auml;nyt verrattain yhten&auml;inen ratsupolku, joka on j&auml;rjestetty eri osiltaan yleiseksi tieksi 1300-luvun puolimaista 1400-luvun alkupuolelle ulottuneella jaksolla. Tie haarautui Huittisten Lauttakyl&auml;ss&auml; Kokem&auml;en kautta Harjavallan Lammaisiin ja edelleen Ulvilaan ja Poriin sek&auml; Loimijoen suuntaisesti Vampulaan ja sielt&auml; Virttaalle sek&auml; Alastaron kautta Orip&auml;&auml;h&auml;n vieneisiin haaroihin. Tiehen on liittynyt my&ouml;s eriaikaisia rinnakkaisia talviteit&auml; sek&auml; Hauhon-P&auml;lk&auml;neen-Kangasalan alueella, ett&auml; Pirkkalasta Nokian kautta Sastamalan kirkolle ja sielt&auml; edelleen Lammaisiin vienyt talvitie, joka mainitaan jo 1414."
"763","464","fin","H&auml;meen linnasta Kalvolan, S&auml;&auml;ksm&auml;en Saarioispuolen, Akaan ja Lemp&auml;&auml;l&auml;n kautta Tammerkoskelle vienyt tie on ollut olemassa jo 1400-luvulla. Kaikissa tien varren pit&auml;jiss&auml; mainitaan olleen kievareita 1544, ja tiet&auml; kutsuttiin 1500- ja 1600-lukujen taitteessa yleiseksi tieksi. Tien yll&auml;pitoa koskevat j&auml;rjestelyt takautuvat viimeist&auml;&auml;n 1400-luvulle. Tiet&auml; ristesi ja sen  suuntaisesti kulki my&ouml;s vesist&ouml;j&auml; hy&ouml;dynt&auml;neit&auml; talviteit&auml;. "
"765","466","fin","Viipurin linnan ja 1470-luvulla rakennetun Olavinlinnan v&auml;lill&auml; oli jo 1400-luvun viimeisell&auml; nelj&auml;nneksell&auml; ainakin kaksi eri reitti&auml;, joista vanhempi oli Viipurin Tienhaarasta Lapveden Kauskilan, Taipaleen kuninkaankartanon ja Puumalan kautta Olavinlinnaan vienyt maantie- ja vesireitti ja sille rinnakkainen talvitie, joka sis&auml;ltyy Jakob Teitin 1555&ndash;1556 luetteloon Suomen t&auml;rkeimmist&auml; yleisist&auml; teist&auml;. Toinen varhainen, alkuosaltaan toden&auml;k&ouml;isesti jo 1400-luvulla yleiseksi tieksi muotoutunut reitti suuntautui Viipurin it&auml;puolelta Ihantalaan ja Ahvolan kautta J&auml;&auml;skeen, Tien pohjoisempi osa J&auml;&auml;skest&auml; Ruokolahden ja Puumalan kautta Olavinlinnaan muodostettiin yleisseksi tieksi vasta 1600-luvun j&auml;lkipuolella. Molempia reittej&auml; on yhdist&auml;nyt jo varhain Joutsenon kautta kulkenut tie, jonka ik&auml; yleisen&auml; tien&auml; on ep&auml;selv&auml;."
"597","252","nld","De vaarroute tussen Dokkum en Leeuwarden werd in 1647 tot trekvaart met een trekpad uitgebouwd."
"767","468","fin","H&auml;meen ja Viipurin linnoja yhdist&auml;nyt Ylinen Viipurintie sis&auml;ltyy Jakob Teitin 1555&ndash;1556 luetteloon Suomen t&auml;rkeimmist&auml; yleisist&auml; teist&auml;. Tien alkuosa H&auml;meen linnasta Hauhon Etel&auml;isten, Tuuloksen ja Hollolan kautta Uuteenkyl&auml;&auml;n (r. Nyby) sis&auml;ltyy my&ouml;s Juhana-herttuan samanaikaiseen majapaikkaluetteloon. Hollolan Lahden kyl&auml;st&auml; it&auml;&auml;n tiest&auml; on ollut k&auml;yt&ouml;ss&auml; kaksi vaihtoehtoista reitti&auml;, joista toinen ylempi linjaus seurasi sisemp&auml;&auml; Salpausselk&auml;&auml; Vuolenkosken kautta Savitaipaleelle ja edelleen Lapvedelle. Alempi linjaus jatkoi ulomman Salpaussel&auml;n suuntaisesti Iittiin, Keltin lautalle ja Lapvedelle. Molemmat perustuvat jo pitk&auml;&auml;n k&auml;yt&ouml;ss&auml; olleisiin luontaisiin reitteihin. Teitin luettelon kuvaus noudattaa alempaa linjausta, mutta ylemm&auml;n Vuolenkosken silta kautta vieneen tien k&auml;ytt&ouml; oli vilkasta viel&auml; 1500-luvun lopulla, kunnes silta 1590-luvulla poltettiin ja korvattiin 1600-luvun alussa lautalla. Siltaa olivat yll&auml;pit&auml;neet H&auml;meen Hollolan ja Viipurin Lapveden kihlakunnat, mik&auml; viittaa keskiaikaiseen j&auml;rjestelyyn. Kustaa Vaasa m&auml;&auml;r&auml;si 1556 jomman kumman linjauksen h&auml;vitett&auml;v&auml;ksi, mutta hanke ei toteutunut. Alempi Keltin lautan kautta vienyt linjaus oli 1600-luvun alkupuolelta l&auml;htien selv&auml;sti p&auml;&auml;tie. Sen kautta kulki 1617 my&ouml;s kes&auml;tielle rinnakkainen talvitie. Lapvedell&auml; yhtyneet ylempi ja alempi linjaus jatkuivat ainakin kahtena rinnakkaisena maantien&auml; Viipurin Tienhaaraan ja Viipuriin. N&auml;ist&auml; l&auml;ntisempi Kauskilan ja Vaalimaan kautta vienyt tie sis&auml;ltyy Teitin luetteloon ja oli my&ouml;s osa Kauskilasta Taipaleen kuninkaankartanon ja Puumalan kautta Olavinlinnaa vienytt&auml; tiet&auml;, joka tulee t&auml;ydentym&auml;&auml;n Viabundus tietokantaan my&ouml;hemmin. It&auml;isempi Kasukkalan ja Viipurin pit&auml;j&auml;n Hanhijoen kautta vieneen linjauksen k&auml;ytt&ouml; vilkastui 1600-luvulla. Ylisen Viipurintien piiriin kuului my&ouml;s Lapveden markkinapaikalle viimeist&auml;&auml;n 1500-luvu1n alkupuolella vienyt tie. Ylinen Viipurintie on muodostettu eri osiltaan yleiseksi talonpoikien yhteisesti yll&auml;pit&auml;m&auml;ksi tieksi viimeist&auml;&auml;n 1400-luvun alussa, mutta mahdollisesti jo 1300-luvun puolimaissa."
"759","454","fin","Turun piispa sopi 1414 kolmen Pirkkalan Ylivedell&auml;, Sattulassa ja Taipaleessa asuvan lampuotinsa kanssa, ett&auml; n&auml;m&auml; kuljettaisivat vuosittain reell&auml; piispan veroparselit Karkusta eli Sastamalan kirkolta Kokem&auml;en Lammaisiin. Taivalkunnan kautta Nokian kartanolle Kulovedelt&auml; tullut talvitie mainitaan my&ouml;s 1596. Tie jatkui koillisessa Viholan kautta Pyh&auml;j&auml;rvelle, jossa se vei Pirkkalan pappilan ohi Harjuun ja Tammerkoskelle. Turun porvarit k&auml;yttiv&auml;t Kulovedelle kautta vienytt&auml; talvitiet&auml; kulkiessaan Tammerkosken talvimarkkinoille 1638&ndash;1708. Viabundukseen merkitty reitti on suuntaa antava, ei maantieteellisesti tarkka."
"761","462","fin","H&auml;meen linnasta Janakkalan ja Vantaanjoen Pengerkosken kautta Tuusulaan ja edelleen Helsingin pit&auml;j&auml;n kirkon kautta Malmille ja Vantaanjoen suuhun vienyt H&auml;meentie perustui vanhoihin Vanajan H&auml;meen ja rannikon v&auml;lisiin yhteyksiin. Tie oli vilkkaassa k&auml;yt&ouml;ss&auml; osana H&auml;meen linnan ja Vantaanjoen suun sek&auml; Tallinnan v&auml;lisi&auml; yhteyksi&auml; viimeist&auml;&auml;n 1500-luvun alussa, ja on todenn&auml;k&ouml;isesti muodostettu yleiseksi tieksi viimeist&auml;&auml;n 1400-luvun alkupuolella, mahdollisesti jo 1300-luvulla. Tien suuntaisesti kulki my&ouml;s Vanajan H&auml;meest&auml; Vantaanjoen suuhun vienyt talvitie. Tien k&auml;ytt&ouml;&ouml;n vaikuttivat my&ouml;s 1550 perustetut Helsingin kaupunki ja Kuninkaankartano. Kun Helsingin kaupunki siirrettiin Vironniemelle, tie m&auml;&auml;r&auml;ttiin 1639 rakennettavaksi vaunuilla ajettavaan kuntoon."
"764","465","fin","H&auml;meen linnasta vei Hattulan ja P&auml;lk&auml;neen kautta Tammerkoskelle ja edelleen Karkun ja Tyrv&auml;&auml;n kautta Huittisiin jo keskiajalla tie, joka Jakob Teitin vuosien 1555&ndash;56 luettelossa Suomen t&auml;rkeimmist&auml; yleisist&auml; teist&auml; on silloisissa hallinnollisissa suunnitelmissa esitetty osana Olavinlinnasta Hauhon, Pirkkalan ja Huittisten kautta Loimaalle ja Turkuun vienytt&auml; maantiet&auml;. Tien osuus Huittisista H&auml;meen linnaan sis&auml;ltyy my&ouml;s samanaikaiseen Juhana-herttuan majapaikkaluetteloon. Tien varrelta on useita mainintoja siihen liittyneist&auml; silloista ja rajamerkeist&auml; 1400-luvulta ja sit&auml; kutsuttiin jo silloin eri paikoissa yleiseksi maantieksi. Tien linjaus on paikoin, kuten Tampereen Messukyl&auml;ss&auml; palautettavissa 1100- ja 1200-luvuille ja se on todenn&auml;k&ouml;isesti ollut jo tuolloin H&auml;meen ja Satakunnan asutusytimi&auml; yhdist&auml;nyt verrattain yhten&auml;inen ratsupolku, joka on j&auml;rjestetty eri osiltaan yleiseksi tieksi 1300-luvun puolimaista 1400-luvun alkupuolelle ulottuneella jaksolla. Tie haarautui Huittisten Lauttakyl&auml;ss&auml; Kokem&auml;en kautta Harjavallan Lammaisiin ja edelleen Ulvilaan ja Poriin sek&auml; Loimijoen suuntaisesti Vampulaan ja sielt&auml; Virttaalle sek&auml; Alastaron kautta Orip&auml;&auml;h&auml;n vieneisiin haaroihin. Tiehen on liittynyt my&ouml;s eriaikaisia rinnakkaisia talviteit&auml; sek&auml; Hauhon-P&auml;lk&auml;neen-Kangasalan alueella, ett&auml; Pirkkalasta Nokian kautta Sastamalan kirkolle ja sielt&auml; edelleen Lammaisiin vienyt talvitie, joka mainitaan jo 1414."
"770","471","fin","Orip&auml;&auml;st&auml; Vampulan kautta Huittisiin vienyt tie mainitaan Jakob Teitin 1555&ndash;56 luettelossa Suomen t&auml;rkeimmist&auml; yleisist&auml; teist&auml; osana Olavinlinnasta Hauhon ja Pirkkalan kautta Huittisiin ja Turkuun vienytt&auml; yleist&auml; tiet&auml;. Tiest&auml; haarautuivat yleiset tiet Vampulasta Virttaalle ja Alastaron kautta Loimaalle. Orip&auml;&auml;n ja Huittisten v&auml;linen tie on j&auml;rjestetty yleiseksi tieksi viimeist&auml;&auml;n 1400-luvulla. Sen suuntaisesti kulki jo keskiajalla my&ouml;s Huittisten ja Punkalaitumen seudulta Aurajokilaaksoon vienyt talvitie. Loimaan alueen tiest&ouml; tulee t&auml;ydentym&auml;&auml;n Viabunduksessa seuraavissa p&auml;ivityksiss&auml;"
"775","476","fin","Somerolta Uskelaan, Saloon ja Halikkoon jo 1200-luvun alkupuolella vienyt nk. Hiidentie j&auml;rjestettiin yleiseksi tieksi mahdollisesti jo keskiajalla tai 1500-luvulla. Tien osuutta Salosta Pertteliin tai sille mahdollisesti rinnakkaista reitti&auml; on 1700-luvulla kutsuttu my&ouml;s Paavintieksi."
"779","480","fin","Viipurin S&auml;ini&ouml;st&auml; Kaukj&auml;rven ja Uudenkirkon kautta Suomenlahden Vammelsuuhun vienytt&auml; tiet&auml; on kansanperinteess&auml; kutsuttu pyh&auml;n Birgitan tieksi, mik&auml; ajoittaa sen k&auml;yt&ouml;n mahdollisena pyhiinvaellusreittin&auml; 1400-luvulle ja 1500-luvun alkuun. Pyhiinvaellusten kohteeksi on esitetty Talpolassa ollutta pyh&auml;n Birgitan kappelia. Tie jatkui todenn&auml;k&ouml;isesti jo keskiajalla Suomenlahden rannikkoa Kuokkalaan ja Novgorodin rajalle. Tien k&auml;yt&ouml;st&auml; kaukoliikenteeseen on tietoja 1500-luvulta ja siit&auml; tuli yleinen maantie viimeist&auml;&auml;n 1600-luvulla, jolloin se alkuosaa Kaukj&auml;rvelle parannettiin. Vammelsuun ja Viipurin v&auml;lill&auml; oli my&ouml;s Inkerinmaalta tulevia vanhoja talviteit&auml;, joista yksi vei Muolaanj&auml;rven ja Muolaan kyl&auml;n kautta ja toinen rannikon suuntaisesti Viipurinlahdelle."
"778","479","fin","Viipurista Kivennavalle vieneest&auml; tiest&auml; haarautui viimeist&auml;&auml;n my&ouml;h&auml;iskeskiajalla Sudenojalla Vuoksen etel&auml;puolitse Kiviniemeen Novgorodin rajalle vienyt maantie, joka jatkui edelleen K&auml;kisalmeen. Tie j&auml;rjestettiin yleiseksi maantieksi viimeist&auml;&auml;n 1600-luvun alkupuolella ja sis&auml;ltyy 1700-luvun reittioppaisiin. Viipurin porvareiden oikeus Ruotsin ja Ven&auml;j&auml;n v&auml;lisell&auml; rajalla Kiviniemen Saijanjoella vanhastaan pidettyihin markkinoihin vahvistettiin 1606."
"421","56","deu","Die Stra&szlig;e zwischen Hasel&uuml;nne und Wietmarschen &uuml;ber Teglingen, Geeste und Dalum ist erstmals f&uuml;r das 18. Jh. bezeugt. Ihre Bedeutung f&uuml;r fr&uuml;here Jahrhunderte ist ungeklart; das Hauptteil des Verkehrs muss die Strecke &uuml;ber den Fluss&uuml;bergang in Lingen genommen haben."
"771","472","fin","Virttaalta S&auml;kyl&auml;&auml;n, Euraan ja Eurajoelle vienyt maantie oli osa Pyh&auml;j&auml;rven koillis-, pohjois- ja luoteispuolen jo rautakauden lopulla muotoutunutta tieverkostoa, jossa osuus Virttaalta Kankaanp&auml;&auml;h&auml;n ja S&auml;kyl&auml;&auml;n oli osa 1300-luvun j&auml;lkipuolella yleiseksi tieksi muodostettua Huovintiet&auml;. Linjauksista vanhempi on noudatellut harjua, kun taas Pyh&auml;joen suuntaisesti S&auml;kyl&auml;&auml;n vieneen tien k&auml;ytt&ouml; on yleistynyt viimeist&auml;&auml;n 1400-luvulla. S&auml;kyl&auml;st&auml; Kauttuan sillan yli Euraan ja Eurajoelle vienyt osuus yhdisti alueen rannikkoon. Eurajoen vartta S&auml;kyl&auml;&auml;n vieneest&auml; kes&auml;maantiest&auml; on tietoja 1580-luvulta, ja tien k&auml;ytt&ouml; oli S&auml;kyl&auml;ss&auml; jo 1400-luvun j&auml;lkipuolella niin vilkasta, ett&auml; sinne syntyi jo keskiajalla taverna ja my&ouml;hempi kievari. Tiest&auml; haarautui Kepolaan ja sielt&auml; S&auml;kyl&auml;&auml;n paikallisempi reitti, jonka merkitys kasvoi 1700-luvulla ohi K&ouml;yli&ouml;nj&auml;rven it&auml;puolitse vieneen vanhan Huovintien."
"776","477","fin","Orip&auml;&auml;st&auml; Vampulan kautta Huittisiin vienyt tie mainitaan Jakob Teitin 1555&ndash;56 luettelossa Suomen t&auml;rkeimmist&auml; yleisist&auml; teist&auml; osana Olavinlinnasta Hauhon ja Pirkkalan kautta Huittisiin ja Turkuun vienytt&auml; yleist&auml; tiet&auml;. Tiest&auml; haarautuivat yleiset tiet Vampulasta Virttaalle ja Alastaron kautta Loimaalle. Orip&auml;&auml;n ja Huittisten v&auml;linen tie on j&auml;rjestetty yleiseksi tieksi viimeist&auml;&auml;n 1400-luvulla. Sen suuntaisesti kulki jo keskiajalla my&ouml;s Huittisten ja Punkalaitumen seudulta Aurajokilaaksoon vienyt talvitie. Loimaan alueen tiest&ouml; tulee t&auml;ydentym&auml;&auml;n Viabunduksessa seuraavissa p&auml;ivityksiss&auml;"
"781","482","fin","Orip&auml;&auml;st&auml; Vampulan kautta Huittisiin vienyt tie mainitaan Jakob Teitin 1555&ndash;56 luettelossa Suomen t&auml;rkeimmist&auml; yleisist&auml; teist&auml; osana Olavinlinnasta Hauhon ja Pirkkalan kautta Huittisiin ja Turkuun vienytt&auml; yleist&auml; tiet&auml;. Tiest&auml; haarautuivat yleiset tiet Vampulasta Virttaalle ja Alastaron kautta Loimaalle. Orip&auml;&auml;n ja Huittisten v&auml;linen tie on j&auml;rjestetty yleiseksi tieksi viimeist&auml;&auml;n 1400-luvulla. Sen suuntaisesti kulki jo keskiajalla my&ouml;s Huittisten ja Punkalaitumen seudulta Aurajokilaaksoon vienyt talvitie. Loimaan alueen tiest&ouml; tulee t&auml;ydentym&auml;&auml;n Viabunduksessa seuraavissa p&auml;ivityksiss&auml;."
"785","486","fin","Limingasta Tyrn&auml;v&auml;n kautta Muhokselle vienyt talvitie oli 1678 yleisess&auml; k&auml;yt&ouml;ss&auml; ja jatkui Oulujoen suun ja S&auml;r&auml;isniemen v&auml;list&auml; sek&auml; sielt&auml; Paltamoon vienytt&auml; talvitiet&auml; edelleen Kajaaniin. Tie lienee syntynyt oikoreittin&auml; jo 1500-luvun j&auml;lkipuolella. Viabundukseen merkitty reitti on suuntaa antava, ei maantieteellisesti tarkka."
"791","492","fin","Aurajoen alajuoksulta vei jo my&ouml;h&auml;iskeskiajalla Satakunnan ja H&auml;meen suuntaan eri jokilaaksoja seuranneita talviteit&auml;. Er&auml;s vanhimmista vaikuttaa olleen Maarian R&auml;nt&auml;m&auml;est&auml; Paattistenjoen suuntaisesti Savonj&auml;rvelle ja edelleen Yl&auml;neelle vienyt talvitie, joka jatkui Pyh&auml;j&auml;rven yli S&auml;kyl&auml;&auml;n, K&ouml;yli&ouml;nkartanolle ja K&ouml;yli&ouml;nj&auml;rven pohjoisp&auml;&auml;st&auml; Kokem&auml;en Ylistaroon. Tien pohjoisp&auml;&auml; Ylistarosta K&ouml;yli&ouml;nkartanolle esiintyy viitteellisesti sek&auml; 1200-luvun lopulla kirjoitetussa pyh&auml;n Henrikin legendassa ett&auml; 1600-luvulta s&auml;ilyneess&auml; surmavirress&auml;. Talvitiest&auml; haarautui Pyh&auml;j&auml;rvell&auml; Euran Kauttuaan vienyt tie, joka mainitaan 1591 &rdquo;vanhana talvitien&auml;&rdquo;. Viabundukseen merkitty reitti on suuntaa antava, ei maantieteellisesti tarkka."
"796","497","fin","P&auml;lk&auml;neen Laitikkalasta Hauhon kirkolle ja sielt&auml; Tuuloksen Syrj&auml;ntakaan ja Hauhon Etel&auml;isiin haarautuneet tiet olivat osa alueen yleisi&auml; maanteit&auml; 1550-luvulla. Molemmat olivat yhteydess&auml; vanhoihin Vanajan H&auml;meest&auml; Hauholle ja P&auml;lk&auml;neelt&auml; Lammille suuntautuneisiin reitteihin. P&auml;lk&auml;neen ja Tuuloksen v&auml;linen osuus mainitaan Jakob Teitin vuosien 1555&ndash;56 luettelossa Suomen t&auml;rkeimmist&auml; yleisist&auml; osana Olavinlinnasta Hauhon, Pirkkalan ja Huittisten kautta Loimaalle ja Turkuun vienytt&auml; maantiet&auml;. Molemmat tiet on j&auml;rjestetty yleisiksi talonpoikien yll&auml;pit&auml;miksi teiksi viimeist&auml;&auml;n 1400-luvun alkupuolella, mahdollisesti jo 1300-luvun lopulla."
"797","498","fin","P&auml;lk&auml;neen Laitikkalasta Hauhon kirkolle ja sielt&auml; Tuuloksen Syrj&auml;ntakaan ja Hauhon Etel&auml;isiin haarautuneet tiet olivat osa alueen yleisi&auml; maanteit&auml; 1550-luvulla. Molemmat olivat yhteydess&auml; vanhoihin Vanajan H&auml;meest&auml; Hauholle ja P&auml;lk&auml;neelt&auml; Lammille suuntautuneisiin reitteihin. P&auml;lk&auml;neen ja Tuuloksen v&auml;linen osuus mainitaan Jakob Teitin vuosien 1555&ndash;56 luettelossa Suomen t&auml;rkeimmist&auml; yleisist&auml; osana Olavinlinnasta Hauhon, Pirkkalan ja Huittisten kautta Loimaalle ja Turkuun vienytt&auml; maantiet&auml;. Molemmat tiet on j&auml;rjestetty yleisiksi talonpoikien yll&auml;pit&auml;miksi teiksi viimeist&auml;&auml;n 1400-luvun alkupuolella, mahdollisesti jo 1300-luvun lopulla."
"800","502","fin","Viipurin it&auml;puolelta vei Ihantalan kautta Vuoksen l&auml;nsirannalle tie, joka jatkui Kuukaupin lauttapaikan yli ja haarautui sitten Saviniemen kuninkaankartanoon ja K&auml;kisalmeen sek&auml; Vuoksen it&auml;rantaa J&auml;&auml;skeen vieneisiin teihin. Savinimen kuninkaankartano mainitaan 1523, mutta on perustettu todenn&auml;k&ouml;isesti jo 1300-luvulla tai 1400-luvun alussa. Tie on muodostettu yleiseksi maantieksi viimeist&auml;&auml;n 1400-luvulla ja sen K&auml;kisalmeen johtanutta osuutta parannettiin Stolbovan rauhan 1617 j&auml;lkeen."
"699","393","nld","De meander in de Maas bij Hedikhuizen werd in 1474 door stad en dorpen van Heusden doorgestoken om de afwatering van de rivier te verbeteren."
"777","478","fin","Orip&auml;&auml;st&auml; Vampulan kautta Huittisiin vienyt tie mainitaan Jakob Teitin 1555&ndash;56 luettelossa Suomen t&auml;rkeimmist&auml; yleisist&auml; teist&auml; osana Olavinlinnasta Hauhon ja Pirkkalan kautta Huittisiin ja Turkuun vienytt&auml; yleist&auml; tiet&auml;. Tiest&auml; haarautuivat yleiset tiet Vampulasta Virttaalle ja Alastaron kautta Loimaalle. Orip&auml;&auml;n ja Huittisten v&auml;linen tie on j&auml;rjestetty yleiseksi tieksi viimeist&auml;&auml;n 1400-luvulla. Sen suuntaisesti kulki jo keskiajalla my&ouml;s Huittisten ja Punkalaitumen seudulta Aurajokilaaksoon vienyt talvitie. Loimaan alueen tiest&ouml; tulee t&auml;ydentym&auml;&auml;n Viabunduksessa seuraavissa p&auml;ivityksiss&auml;"
"786","487","dan","Oulusta Tyrn&auml;v&auml;n kautta Temmeksen Haapaniemeen ja sielt&auml; ilmeisesti Mankilan, Rantsilan, Piippolan ja Pyh&auml;nn&auml;n kautta Iisalmen (Vierem&auml;) Nissil&auml;&auml;n vieneen talvitien sanottiin 1630-luvn alussa olleen hiljattain k&auml;ytt&ouml;&ouml;n otettu. Tie yhtyi Nissil&auml;ss&auml; S&auml;r&auml;isniemen ja Joroisten v&auml;liseen talvitiehen ja taivallusreittiin. Viabundukseen merkitty reitti on suuntaa antava, ei maantieteellisesti tarkka."
"792","493","fin","Aurajoen alajuoksulta vei jo my&ouml;h&auml;iskeskiajalla Satakunnan ja H&auml;meen suuntaan eri jokilaaksoja seuranneita talviteit&auml;. Er&auml;s vanhimmista vaikuttaa olleen Maarian R&auml;nt&auml;m&auml;est&auml; Paattistenjoen suuntaisesti Savonj&auml;rvelle ja edelleen Yl&auml;neelle vienyt talvitie, joka jatkui Pyh&auml;j&auml;rven yli S&auml;kyl&auml;&auml;n, K&ouml;yli&ouml;nkartanolle ja K&ouml;yli&ouml;nj&auml;rven pohjoisp&auml;&auml;st&auml; Kokem&auml;en Ylistaroon. Tien pohjoisp&auml;&auml; Ylistarosta K&ouml;yli&ouml;nkartanolle esiintyy viitteellisesti sek&auml; 1200-luvun lopulla kirjoitetussa pyh&auml;n Henrikin legendassa ett&auml; 1600-luvulta s&auml;ilyneess&auml; surmavirress&auml;. Talvitiest&auml; haarautui Pyh&auml;j&auml;rvell&auml; Euran Kauttuaan vienyt tie, joka mainitaan 1591 &rdquo;vanhana talvitien&auml;&rdquo;. Viabundukseen merkitty reitti on suuntaa antava, ei maantieteellisesti tarkka."
"772","473","fin","H&auml;meen linnasta Janakkalan ja Vihdin kautta Lohjalle sek&auml; edelleen Karjaalla Suuren Rantatien pohjoisella linjaukselta Raaseporiin ja Tammisaareen haarautunutta tiet&auml; on H&auml;meest&auml; s&auml;ilyneiden 1560-luvun ja my&ouml;hempien paikannimien perusteella kutsuttu Meritieksi. Tiet&auml; k&auml;ytettiin viimeist&auml;&auml;n 1508 H&auml;meen ja Raaseporin linnojen v&auml;lisen&auml; yhdystien&auml; ja sit&auml; pitkin kuljetettiin 1500-luvulla H&auml;meen linnasta verotavaroita Tammisaaren kautta Tukholmaan. Tien pohjoisosaa k&auml;ytettiin talvitien&auml; joukkojen siirroissa 1571. Alun perin Vanajan H&auml;mett&auml; Lohjan seutuun ja rannikkoon yhdist&auml;nyt reitti on todenn&auml;k&ouml;isesti muodostettu yleiseksi tieksi Janakkalan ja Lohjan v&auml;lill&auml; viimeist&auml;&auml;n 1400-luvun puolimaissa, mahdollisesti jo 1300-luvun lopulla."
"377","12","deu","Auf der Karte von Westphalen von Le Coq (1796-1813) ist die Stra&szlig;e zwischen Heede und Rhede als &quot;nur bei trockenem Wetter zu gebrauchen&quot; gekennzeichnet."
"379","14","deu","Nach einem Protokoll aus 1690 gab es zwischen Salzwedel und L&uuml;bbow nur einen Fu&szlig;steig, und es wurde entschieden den Fu&szlig;steig zu einem Fahrweg auszubauen und eine Br&uuml;cke zu errichten. Es ist unklar in wieweit dies dem Zustand im Sp&auml;tmittelalter entspricht, oder ob die Stra&szlig;e einmal auch vom Frachtverkehr benutzt wurde und sp&auml;ter verfallen war: f&uuml;r beide M&ouml;glichkeiten gibt es Belege. Jedenfalls war zu jeder Zeit die Wasserstra&szlig;e zwischen Salzwedel und L&uuml;chow eine wichtige Alternative f&uuml;r den Landverkehr."
"381","16","deu","Vermutlich wurde die direkte Verbindung zwischen Siek und Sandesneben &uuml;ber Sch&ouml;nberg erst &uuml;blich f&uuml;r den Fernverkehr im 17. Jh.; im Mittelalter muss der Verkehr haupts&auml;chlich die Stra&szlig;e &uuml;ber die Zollstelle Trittau benutzt haben."
"383","18","deu","Auf der &lt;cite&gt;Kurhannoversche Landesaufnahme&lt;/cite&gt; (1764-1784) ist die Stra&szlig;e zwischen Escheburg und Schnakenbek &uuml;ber Geesthacht als &quot;Postweg im Winter nach Lauenburg&quot; gekennzeichnet. Im Sommer wurde eine n&ouml;rdlichere Strecke genommen, &uuml;ber Fahrendorf und and Krukow vorbei, Geesthacht umgehend."
"385","20","deu","Die Stra&szlig;e zwischen Iprump und Dingstede &uuml;ber Ganderkesee, Delmenhorst umgehend, war die Haupstrecke vor 1311. Auch sp&auml;ter wurde die Stra&szlig;e benutzt wenn die Stra&szlig;e &uuml;ber Delmenhorst &uuml;berschwemmt war."
"387","22","deu","Nach Aulepp eine im Hochmittelalter verwendete Trasse nach Norden aus M&uuml;hlhausen. Nach Born verlief hier der sogenannte Zellsche Marktstieg. Es handelte sich um einen f&uuml;r den Fu&szlig;verkehr gedachten Stieg, der den M&uuml;hlh&auml;user Landgraben &uuml;ber eine h&ouml;lzerne Br&uuml;cke querte. 1611 wurde festgestellt, dass der Stieg illegal verbreitert wurde, sodass 1621 s&auml;mtliche h&ouml;lzernen Stiege &uuml;ber den M&uuml;hlh&auml;user Landgraben abmontiert wurden."
"389","24","deu","Die Stra&szlig;e Worbis - M&uuml;hlhausen &uuml;ber Eigenrode erhielt im Sp&auml;tmittelalter mehr Bedeutung."
"391","26","deu","Diese Trasse hat ab dem Hoch- bis Sp&auml;tmittelalter ihre gr&ouml;&szlig;te Bedeutung. 1609 wird sie als Geleitsstra&szlig;e von M&uuml;hlhausen nach Dingelst&auml;dt gef&uuml;hrt."
"395","30","deu","Dieser Abschnitt der Stra&szlig;e wurde rekonsturiert nach Eberhardt (1982), nach dem die westliche Route nach Tennstedt bis in j&uuml;ngste Zeit versumpft war bzw. durch ein stehendes Gew&auml;sser unpassierbar war. Sperrung dieser Stra&szlig;e von Eisenach nach Wei&szlig;ensee im 15. Jh, um den Verkehr nach Erfurt zu zwingen."
"397","32","deu","Die Stra&szlig;e von Eisenach nach Wei&szlig;ensee wurde im 15. Jh. f&uuml;r den Fernverkehr gesperrt, um den Verkehr &uuml;ber Erfurt zu zwingen."
"399","34","deu","Die Route zwischen Borxleben und Sangerhausen &uuml;ber Edersleben wird erst seit dem 16. Jahrhundert als Haupstra&szlig;e genutzt. Seit 1450 bestand zwischen den Orten Edersleben und Oberr&ouml;blingen ein Damm, der die Helme&uuml;berquerung erleichterte und die Strecke attraktiver machte."
"401","36","deu","Laut Nagel (2001) war der sogenannte &quot;Roter Steiger&quot; der Aufgang in den Harz von Quedlinburg aus."
"403","38","deu","Historische Verbindung zwischen Quedlinburg und Hoym &uuml;ber die W&uuml;stung Gro&szlig; Orden nach Nagel (2001)."
"405","40","deu","Die Stra&szlig;e zwischen Merseburg und Halle &uuml;ber die Geleitstellen Holleben und Passendorf war die Haupstrecke zwischen den beiden St&auml;dten, da sie die weitausgedehnten S&uuml;mpfe der Wei&szlig;en Elster und Saale umging."
"787","488","fin","S&auml;r&auml;isniemelt&auml; vei Paltamoon jo 1550-luvulla Manamansalon kirkon kautta talvitie, joka oli osa 1556 mainittua Novgorodin karjalaisten taivallusreitti&auml; K&auml;kisalmesta Oulujoen suuhun. Talvitie ja taivallusreitti jatkui edelleen Kajaanin Vuohenginkoskelle. Viabundukseen merkitty reitti on suuntaa antava, ei maantieteellisesti tarkka."
"409","44","deu","Nach Bahn (2002) handelt es sich hier um den fr&uuml;heren (fr&uuml;hmittelalterlichen) Verlauf der Via regia zwischen Erfurt und Naumburg."
"411","46","deu","Dieser Teil der Stra&szlig;e stammt aus dem 19. Jahrhundert und ist seither Teil der &quot;modernen&amp;&quot; Via regia."
"413","48","deu","Seit vermutlich dem 13. Jahrhundert vorherrschender Zweig der Via regia."
"415","50","deu","Die Geleitstra&szlig;e zwischen Coburg und Gr&auml;fenthal wird 1414 als &quot;Judenstra&szlig;e&quot; genannt. Der Name leitet sich wahrscheinlich von der an der Stra&szlig;e gelegenen Siedlung Judenbach ab."
"417","52","deu","&quot;Weinstra&szlig;e&quot; oder &quot;Fuldaer Stra&szlig;e&quot; genannter Abschnitt der Via regia."
"419","54","deu","Teil der &quot;Kinzigstra&szlig;e&quot;, einem Abschnitt der Via regia zwischen Frankfurt/M. und Eisenach."
"481","124","deu","Der Hauptverkehr zwischen Wildeshausen und Bremen wird seit einem Abkommen zwischen der Stadt Bremen und dem Grafen von Delmenhorst aus 1311 &uuml;ber Delmenhorst verlaufen sein. Teilweise wurden Fuhrleute in Varrel gezwungen, &uuml;ber Delmenhorst zu reisen. Jedoch erkl&auml;rten noch 1652 Wildeshausener Fuhrleute, dass die gemeine Heer- und Handelsstra&szlig;e nach Bremen &uuml;ber Horstedt und Varrel verlief."
"435","70","deu","Seit 1515 vertraglich festgelegte Zwangsstra&szlig;e von L&uuml;beck, Hamburg und Eisleben &uuml;ber den Harz nach Th&uuml;ringen. In der &quot;Acta die Landstra&szlig;e von Wei&szlig;ensee nach Erfurt und die Sachsenburgische Stra&szlig;e betr. von 1522 - 72&quot; (M. st. A. Hep. A 24 b Tit. XXIV, Nr 11.) wird die rechte Stra&szlig;e von Sachsenburg nach Sangerhausen &uuml;ber Ringleben beschrieben. Kurz vor dem Drei&szlig;igj&auml;hrigen Krieg wurde der s&auml;chsische Teil der Stra&szlig;e gesperrt, was Verkehr nach S&uuml;ddeutschland &uuml;ber Leipzig zwingen sollte. Durch den Krieg wurde diese Sperre jedoch kaum beachtet."
"437","72","deu","Die direkte Strecke zwischen Herbsleben und Gotha war seit 1515 diejenige die festgeschrieben war, wenn man auf direkten Wege nach Hessen fuhr, ohne den Th&uuml;ringer Wald zu passieren. 1522 hei&szlig;t es bereits in der &quot;Acta die Landstra&szlig;e von Wei&szlig;ensee nach Erfurt und die Sachsenburgische Stra&szlig;e betr. von 1522 - 72&quot; (M. st. A. Hep. A 24 b Tit. XXIV, Nr 11.), dass die Stra&szlig;e aufgrund des Stra&szlig;enzwanges auf Erfurt brach lag."
"439","74","deu","Gem&auml;&szlig; einem Vertrag von 1515 musste wer aus dem Norden kam und den Harz passiert hatte und auf Crawinkel oder Tambach fuhr, Erfurt mit seiner Niederlage passieren."
"441","76","deu","Diese Strecke wurde befahren, um an den Geleiten Sangerhausen und Sachsenburg zu sparen, sowie um Erfurt zu umgehen. Das Geleit in Eisleben war g&uuml;nstiger und die Strecke verlief weiter &uuml;ber Tauhardt ins Weimarer Land, um von dort &uuml;ber den Th&uuml;ringer Wald zu verlaufen. Ebenfalls Verlauf der mittelalterlichen Kupferstra&szlig;e (Gr&auml;fenthalstra&szlig;e/Saalfeldsche Stra&szlig;e/Querstra&szlig;e/Kreuzweg)."
"443","78","deu","Das Umfahren der Sachsenburger und Wei&szlig;enseer Geleite &uuml;ber Kutzleben und Gebesee auf Erfurt war Anfang des 16. Jahrhunderts ausschlie&szlig;lich Nordh&auml;user Fuhrm&auml;nnern vorbehalten."
"445","80","deu","Da die Havel als M&uuml;hlgraben genutzt wurde, wurde der Schiffsverkehr durch einen erstmals 1315 genannten Seitengraben geleitet, seit 1349 Jakobsgraben genannt. Der Bau einer Kammerschleuse im Stadtkanal 1548-1550 erm&ouml;glichte eine k&uuml;rzere Fahrt und setzte den Jakobsgraben au&szlig;er Gebrauch."
"447","82","deu","1548-50 wurde eine Kammerschleuse im Brandenburger Stadtkanal angelegt, die den Umweg um das M&uuml;hlenwehr f&uuml;r die Schiffahrt verk&uuml;rzte, die vorher durch den Jakobsgraben geleitet wurde. M&ouml;glicherweise hatte der Ausbau des Kanals und der Schleuse bereits 1455 angefangen."
"451","88","deu","&quot;Br&uuml;cknerscher-&quot; oder &quot;Ur-Rennsteig&quot;, bereits auf einer Karte von 1589 als &quot;Renstick&quot; bezeichnet, was die &auml;lteste Rennsteigbezeichnung auf einer Karte darstellt."
"453","90","deu","Der Rennsteig, ein H&ouml;henweg durch den Th&uuml;ringer Wald, wurde 1830 vom gothaischen Offizier Julius von Pl&auml;nckner als Wanderweg festgelegt. Einzelne Abschnitte sind jedoch bereits seit dem 14. und 15. Jahrhundert belegt. Ein Rennsteigbericht von 1597 bezeugt, dass sp&auml;testens zu diesem Zeitpunkt die Vorstellung eines Rennsteigs als ein zusammenh&auml;ngender H&ouml;henweg besteht. F&uuml;r den Frachtverkehr kam die Strecke nicht in Frage."
"455","92","deu","Abschnitt des Rennsteiges, der bereits in einer Urkunde von 1330 in der Beschreibung des Frankensteiner Wildbannes namentlich genannt wird."
"457","94","deu","Rennsteigabschnitt, der bereits in Urkunden von 1039, 1143/44, 1227 und 1270 belegt ist, dort jedoch &quot;platea&quot; genannt wird, womit eine Fahrstra&szlig;e gemeint ist. Ebenfalls Nennung 1330 in der Beschreibung des Frankensteiner Wildbannes."
"459","96","deu","Stromelbe, einziger schiffbarer Elbarm bei Magdeburg. Wurde im Drei&szlig;igj&auml;hrigen Krieg durch Pfahlwerke versperrt und versandete. Erst durch den Bau des Sperrdeichs &quot;Roste&quot; bis 1686 wurde die Elbe wieder in den westlichen Arm gezwungen."
"461","98","deu","Die Niederung der &quot;Langen wisch&quot; (langen Wiese) war erst ab ca. 1400 mittels eines Dammes zu durchqueren. Im 14. Jh. sind die Frachtwagen noch einen Umweg &uuml;ber Bodenstedt gefahren."
"463","106","deu","Oberhalb von Halle war Die Saale als Wasserweg nur von geringer Bedeutung, au&szlig;er f&uuml;r die Fl&ouml;&szlig;erei. Zumindest seit 1700 war der Fluss lediglich bis Naumburg schiffbar; s&uuml;dlich von Naumburg wurde die Durchfahrt durch zu viele M&uuml;hlenwehre verhindert."
"465","108","deu","1150 Erw&auml;hnung einer &quot;strata publica&quot;, die im Zusammenhang mit dem Klusdamm stehen d&uuml;rfte. Die erste Erw&auml;hnung des Klusdammes selbst erfolgt 1479. Er wurde in den Folgejahren stets gut unterhalten, da es sich um eine zuverl&auml;ssige, hochwasserfreie Passage der Elbniederung handelte."
"467","110","deu","Unterhalb Naumburgs wurde die Saale aufgrund der vielen M&uuml;hlenwehre im Mittelalter haupts&auml;chlich f&uuml;r die Stammholzfl&ouml;&szlig;erei verwendet. Der Fluss wurde aber seit der Bronzezeit sicherlich mit Schiffen befahren."
"469","112","deu","Erster Hinweis auf Unstrutschifffahrt 1612, als dem B&uuml;rgermeister Sixtus Braun in einem Lehnbrief ein Erbschiff auf Saale und Unstrut gew&auml;hrt wird. Es gab Pl&auml;ne, die damalig sehr flache Unstrut und Gera in ihrer Schiffbarkeit zu verbessern, was jedoch durch den Kurf&uuml;rsten von Sachsen verhindert wurde."
"471","114","deu","Die Wei&szlig;e Elster hatte eine ausreichende Tiefe, um zumindest bis ins Hochmittelalter und bis zur Anlage entsprechender M&uuml;hlenwehre schiffbar zu sein. F&uuml;r die Fl&ouml;&szlig;erei wurde sie sicherlich genutzt."
"473","116","deu","1579-87 wurde bei Krossen ein Flo&szlig;graben abgezweigt, um Brennholz zu den Salinen Teuditz und K&ouml;tzschau zu transportieren."
"475","118","deu","Im Register der Markgrafen von Mei&szlig;en findet sich ein Eintrag, der sich auf eine Geb&uuml;hr f&uuml;r die Schifffahrt auf der Plei&szlig;e bezieht; vermutlich handelte es sich um einen regelm&auml;&szlig;igen Versorgungstransport aus der Umgebung f&uuml;r die Stadt Leipzig. Die Plei&szlig;e war vermutlich ab R&ouml;tha schiffbar."
"599","254","nld","Het Damsterdiep tussen Groningen en Delfzijl werd in 1648-1650 tot trekvaart omgebouwd."
"477","120","deu","Die direkte Verbindung zwischen Braunschweig und Hannover &uuml;ber Peine wurde wahrscheinlich erst bedeutend nach der Erhebung Hannovers zur Residenz der Herz&ouml;ge von Braunschweig-L&uuml;neburg (1636). Der gr&ouml;&szlig;te Teil des Verkehrs hat vorher wahrscheinlich den Umweg durch das Hochstift Hildesheim weiter s&uuml;dlich, oder n&ouml;rdlich &uuml;ber Burgdorf genommen."
"479","122","deu","Nach einem Gutachten aus 1688 war die Stra&szlig;e &uuml;ber D&ouml;mitz schwierig zu befahren in nassem Wetter, vor allem im Fr&uuml;hling und Herbst. Deswegen benutzten Wagen in solchen F&auml;llen die Stra&szlig;e &uuml;ber die M&uuml;hle Findenwirunshier, wo dann der normalerweise zu D&ouml;mitz zu entrichtende Zoll erhoben wurde."
"483","126","deu","Der schwerere Verkehr nahm wegen der sumpfigen Gegend den Umweg &uuml;ber Kirch- und Sandhatten. Der fr&uuml;hneuzeitliche Postweg umging diese Orte weiter n&ouml;rdlich."
"485","128","deu","Die urspr&uuml;ngliche Stra&szlig;e um das Zwischenahner Meer nahm die n&ouml;rdliche Route. Die direktere aber auch schwierigere s&uuml;dliche Route ist im 17. Jh. als Haupstra&szlig;e belegt."
"487","130","deu","Um Apen waren die Stra&szlig;e in schlechtem Zustand und oft &uuml;berschwemmt. Der Warenverkehr zwischen Bremen und Ostfriesland benutzte deswegen oft die Wasserwege."
"489","132","deu","Diese Reiseroute ist mehrfach f&uuml;r Martin Luther belegt, der von Wittenberg entweder &uuml;ber Eilenburg nach Borna oder &uuml;ber Torgau &ndash; Grimma nach Borna reiste. Er musste sich dabei an territorialpolitischen Bedingungen orientieren, in diesem Fall der Verlauf der ernestinischen Territorialgrenzen ca. 1485-1547."
"491","134","deu","1489 wurde der bauf&auml;llig gewordene Fiener Damm an der schmalsten Stelle des Fiener Bruchs beim Dorf Rog&auml;sen durch den Bischof von Brandenburg instand gesetzt. Hierdurch verlegte der Verkehr auf der Strecke Magdeburg-Berlin sich zunehmend &uuml;ber Ziesar."
"493","136","deu","Der Verlauf der Stra&szlig;e von Erfurt nach Wei&szlig;ensee &uuml;ber Stotternheim, Alperstedt, Ha&szlig;leben und Wundersleben ist in der &quot;Acta die Landstra&szlig;e von Wei&szlig;ensee nach Erfurt und die Sachsenburgische Stra&szlig;e betr. von 1522-72&quot; (M. st. A. Hep. A 24 b Tit. XXIV, Nr 11.) beschrieben."
"495","138","deu","In den Geleitssachen von Artern von 1661 hei&szlig;t es, dass die Stra&szlig;e zwischen Artern und Reinsdorf, die aus mehreren Br&uuml;cken, D&auml;mmen, Gr&auml;ben und Pflastern bestand, um die Unstrutniederung zu &uuml;berqueren, schwer im 30-j&auml;hrigen Krieg besch&auml;digt wurde."
"497","140","deu","Nach 1580 wurde ein Stra&szlig;endamm durch das sumpfige Gel&auml;nde zwischen Artern und Allstedt angelegt, mit R&uuml;cksicht auf die neuen eingerichteten Salinen in Artern."
"499","142","deu","Der Abschnitt der Via regia zwischen Hassenhausen und Naumburg mit Saale&uuml;bergang bei K&ouml;sen f&uuml;hrt &uuml;ber sumpfiges Gel&auml;nde und wurde erst durch die Arbeit der M&ouml;nche des Klosters Pforta im 12. Jh. m&ouml;glich, vielleicht sogar erst mit dem Br&uuml;ckenbau in K&ouml;sen im 14. Jh."
"501","144","deu","Dieser Abschnitt der Stra&szlig;e wird erst ab 1560 bedeutend, als sie f&uuml;r den Vekehr von den Niederlanden &uuml;ber M&uuml;hlhausen nach Leipzig freigegeben wird und verliert zum 19. Jahrhundert wieder an Relevanz."
"503","146","deu","Die Bedeutung dieser Stra&szlig;e geht m&ouml;glicherweise bis ins Fr&uuml;hmittelalter zur&uuml;ck; Heinrich I. reiste auf ihr mit seiner Braut von Herford nach Wallhausen. Sp&auml;ter gewann sie wieder mit den aufsteigenden Handelszentren Antwerpen und Leipzig an Bedeutung. Wichtig f&uuml;r ihre Stellung war die direkte Linie in das Wipper-Leinetal, woduch eine direkte Verbindung nach Hessen und Westdeutschland m&ouml;glich wurde. Sie f&uuml;hrte deshalb unter anderem die Namen &quot;Leipziger Stra&szlig;e&quot;, &quot;ordentliche Land- und Heerstra&szlig;e vom Harz, Eichsfeld und Nordhausen her nach Leipzig und Naumburg&quot;, sowie &quot;Haupt-Rhein-Stra&szlig;e&quot;."
"505","148","deu","Der Verkehrsweg durch das Unstruttal wurde vermutlich nur selten genutzt, obwohl lediglich der Abschnitt zwischen Memleben und Nebra geographisch ung&uuml;nstig war. Vermutlich handelte es sich bei der Nordwest-S&uuml;dost-Ausrichtung im Mittelalter nicht um eine h&auml;ufig genutzte Richtung."
"507","150","deu","Seit 1515 handelte es sich hier um die rechte Stra&szlig;e von N&uuml;rnberg nach Erfurt. Ab Gehren hatte man die Wahl den Verlauf &uuml;ber Langewiesen - Ilmenau zu nehmen oder &uuml;ber Gr&auml;finau."
"509","152","deu","Diese Verbindung zwischen Nordhausen und Sondershausen kam vermutlich erst im 17. und 18. Jahrhundert auf. Sie findet sich erst in einer Karte von 1750, wo sie als Land- und Poststra&szlig;e bezeichnet wird, w&auml;hrend weiter westliche die Stra&szlig;e &uuml;ber R&uuml;xleben als &quot;gemeine Stra&szlig;e&quot; bezeichnet wird."
"511","154","deu","Diese Stra&szlig;e wurde 1683 als die rechte Stra&szlig;e von N&uuml;rnberg nach Leipzig bestimmt."
"515","158","deu","1433 und 1459 wurde verf&uuml;gt, dass der Verkehr zwischen Brandenburg und Magdeburg &uuml;ber Plaue zu laufen hatte, wo der entsprechende Zoll geleistet werden musste. Mit der Instandsetzung des Fiener Damms verlegte sich der Verkehr zunehmend &uuml;ber Ziesar, wodurch diese Route ver&ouml;dete."
"517","160","deu","Die am Fu&szlig; des Harzes entlangziehende Talzone wurde durch den Verkehr wahrscheinlich erst ab dem 17. Jh. benutzt. Vorher zog der Verkehr zwischen Osterode und Herzberg &uuml;ber die H&ouml;hen weiter &ouml;stlich."
"519","162","deu","Seit 1515 vertraglich festgelegte Zwangsstra&szlig;e von L&uuml;beck, Hamburg und Eisleben &uuml;ber den Harz nach Th&uuml;ringen. In einen Bericht nach Guthmannshausen hei&szlig;t es, dass die Waren von L&uuml;beck, Braunschweig und Magdeburg nach Franken jeher die Stra&szlig;e &uuml;ber Nebra, Tauhardt und Guthmannshausen genommen h&auml;tten."
"521","164","deu","Die direkte Stra&szlig;e zwischen Schladen und Wiedelah/Vienenburg wird in Quellen aus dem 18. Jh. erw&auml;hnt. Ihre Bedeutung f&uuml;r fr&uuml;here Jahrhunderte ist zweifelhaft."
"523","166","deu","Die Oker wurde 1575 zwischen Schladen und Wolfenb&uuml;ttel schiffbar gemacht, und 1577 zwischen Schladen und Oker, unter anderem durch Schleusenbau. Die Schiffbarmachung war eng mit dem Ausbau Wolfenb&uuml;ttels als Festungstadt durch die Herz&ouml;ge von Braunschweig verbunden, und der Fluss diente haupts&auml;chlich dem Transport von Steinen und Bauholz f&uuml;r die Bauaktivit&auml;ten in der Stadt. Die Schifffahrt auf der Oker kam zum Stillstand im Drei&szlig;igj&auml;hrigen Krieg."
"601","256","nld","Op Jacob van Deventer&#039;s kaart van Sloten (midden 16e eeuw) wordt de weg naar het noordoosten richting Sint Nicolaasga slechts weergegeven als voetpad. Op kaarten uit het midden van de 17e eeuw wordt wel de huidige Spanjaardsdijk als rijweg ingetekend."
"525","168","deu","Die Nette (Altenau) wurde 1575 schiffbar gemacht, haupts&auml;chlich f&uuml;r den Transport von Steinen aus dem Elm die f&uuml;r den Ausbau Wolfenb&uuml;ttels zur Festungstadt durch die Herz&ouml;ge von Braunschweig ben&ouml;tigt waren. Einem Bericht aus 1578 zufolge war die Nette bis Sch&ouml;ppenstedt schiffbar. Wegen der geringen Tiefe des Stromes ist es jedoch sehr fragw&uuml;rdig ob der Fluss viel genutzt wurde; um 1610 muss die Schifffahrt auf der Nette jedenfalls eingegangen sein."
"649","299","deu","1367 kamen Herzog Bolko von Schwednitz und der Herr von Cottbus &uuml;berein, dass kein fremder Fuhrwagen &uuml;ber Fehrow fahren, daf&uuml;r die Stra&szlig;e &uuml;ber Peitz benutzen sollte. In der zweiten H&auml;lfte des 17. Jh. ist eine erneute Benutzung der Stra&szlig;e &uuml;ber Fehrow durch den Fernverkehr bezeugt."
"527","170","deu","Obwohl m&ouml;glich bereits im Hochmittelalter Schifffahrt auf der Oker in Braunschweig stattfand, war sie im 14. Jh. wegen Stapelanspr&uuml;che L&uuml;neburgs zum Stillstand gekommen. 1459 wurde Schifffahrt auf der Oker und Aller zwischen Braunschweig und Celle offiziell erlaubt, ausgenommen Transporte von Salz, Eisen und Trockenfisch. Sie wurde zudem gef&ouml;rdert durch Bauarbeiten an Schleusen und im Flussbett in den n&auml;chsten Jahren. Die Schifffahrt auf dieser Strecke bl&uuml;hte einige Jahrzehnten, aber muss vor 1507 zum Stillstand gekommen sein, als festgestellt wurde, dass die Celler Zolleink&uuml;nfte von Braunschweiger Schiffen weggefallen waren."
"697","391","nld","De Maasbocht waaraan Heusden is gelegen werd in of kort na 1480 door Bosschenaren ten noorden van de stad doorgestoken om de afwatering van de rivier te verbeteren. De scheepvaart kon nu aan Heusden voorbij varen en liet de stad steeds meer links liggen."
"529","172","deu","Die Leine wurde sp&auml;testens 1381 als Schifffahrtsweg nach Hannover ge&ouml;ffnet, nach dem L&uuml;neburger Erbfolgekrieg und einer Fehde mit der Familie Mandelsloh, die viel Land am Fluss besa&szlig;. Vereinbarung mit M&uuml;hlen- und Fischwehrbesitzern garantierten die Vorbeifahrt der Wehre. Die Leineschifffahrt f&uuml;hrte zu Konflikten mit L&uuml;neburg und Celle wegen der Stapel- und Zollanspr&uuml;che. Ein Vertrag auf 10 Jahre aus 1507 regelte die Zollabgaben der Leineschifffahrt der Hannoveraner, aber er wurde nachher nicht erneuert und die Schifffahrt wurde eingestellt."
"531","174","nld","Deze weg werd Hooge Weg of Via Alta genoemd. Vanaf het begin van de vijftiende tot het einde van de zestiende eeuw vormde hij de markegrens tussen Hees en Heese Veld."
"533","176","deu","Das Ilmenauprivileg 1348 erlaubte der Stadt L&uuml;neburg, das Flussbett der Ilmenau stromaufw&auml;rts aufzur&auml;umen und den Fluss somit schiffbar zu machen. Er wurde haupts&auml;chlich als Transportweg f&uuml;r Brennholz f&uuml;r die L&uuml;neburger Saline benutzt. Laut einer Quelle aus 1393 hatten die Herz&ouml;ge von Braunschweig-L&uuml;neburg zu der Zeit die Ilmenau versperrt. Ab 1562 wurde auf die Strecke zwischen Medingen und Uelzen verzichtet."
"535","178","deu","Die Stadt Hamburg versuchte die freie Schifffahrt auf dem s&uuml;dlichen Elbarm ab dem sp&auml;ten 14. Jh. zu verhindern, zum Schutz ihres Stapels. Ab der Erwerbung der Moorburg 1375 war die Stadt in der Lage, Schiffe anzuhalten und zu zwingen nach Hamburg zu fahren, trotz eines Konflikts mit den Herz&ouml;gen von Braunschweig-L&uuml;neburg und den St&auml;dten Harburg, Stade und Buxtehude, und eines Urteils des Reichskammergerichts aus 1619, dass die Schifffahrt auf der S&uuml;derelbe frei sein sollte."
"537","180","deu","Einer Urkunde aus 1033 zufolge war die Ruhr bis zur Abtei Werden schiffbar. Obwohl Schifffahrt im Ruhrrecht 1542 nicht genannt wird, werden Ruhrk&auml;hne in der Hafenordnung aus Wesel 1681 erw&auml;hnt. Dies deutet darauf hin, dass zumindest der Unterlauf des Flusses durch die Jahrhunderte schiffbar geblieben ist."
"539","182","deu","1390 schlossen der L&uuml;becker Rat und der Herzog von Sachsen-Lauenburg einen Vertrag &uuml;ber das Graben eines Kanals zwischen M&ouml;lln und der Delvenau, die bei Lauenburg in die Elbe m&uuml;ndet. Bis 1398 wurde s&uuml;dlich von M&ouml;lln ein Kanal von etwa 11km gegraben, die Delvenau kanalisiert sowie mehrere Schleusen angelegt. Der resultierende sogenannte Stecknitzkanal wurde haupts&auml;chlich f&uuml;r Salztransporte zwischen L&uuml;neburg und L&uuml;beck benutzt."
"541","184","deu","Hamburg erlangte 1448 die Erlaubnis, einen Kanal zwischen der Alster in Stegen und der Beste/Trave in S&uuml;lfeld zu bauen und damit eine durchgehende Wasserstra&szlig;e nach L&uuml;beck zu erschaffen. Das Projekt wurde jedoch erst 1529 ausgef&uuml;hrt, und trotz vieler Schleusen gab es st&auml;ndig Probleme, gen&uuml;gend Wasser im Kanal zu halten. Die Schifffahrt auf dem Kanal wurde etwa 20 Jahre nach der Er&ouml;ffnung wieder eingestellt."
"543","186","deu","Die Benutzung der Landstra&szlig;en von Harburg und Winsen s&uuml;dw&auml;rts, L&uuml;neburg umgehend, war den L&uuml;neburger Stapelprivilegien aus 1392 gem&auml;&szlig; f&uuml;r den Warentransport untersagt sowie ab 1467 f&uuml;r die Viehtrift. Es war jedoch f&uuml;r die Stadt nicht immer m&ouml;glich, diesen Stra&szlig;enzwang auch durchzusetzen."
"545","188","deu","Die Ems wurde zwischen Rheine und Greven schiffbar nach der Erbauung einer Schleuse im M&uuml;hlenwehr in Rheine 1550. Versuche die Ems auch flussaufw&auml;rts von Greven schiffbar zu machen im 17. Jh. scheiterten wegen des geringen Wasserstandes."
"547","190","deu","Die Ems war bis Meppen f&uuml;r gr&ouml;&szlig;ere Schiffe befahrbar, bis Rheine oder Greven nur mit kleineren Schiffen oder Fl&ouml;&szlig;en, oder beim mittleren Wasserstand."
"549","192","deu","Um 1480 versuchten die Herz&ouml;ge von Mecklenburg, eine Wasserstra&szlig;e zwischen der Elbe und der Ostsee durch den Schweriner See und die Fl&uuml;sse St&ouml;r und Elde einzurichten. Die Bem&uuml;hungen scheiterten haupts&auml;chlich wegen Wiederstand des Kurf&uuml;rsten von Brandenburg. Erneute Bem&uuml;hungen ab 1564 f&uuml;hrten zu einem Kanalbau von D&ouml;mitz nach Eldena zwischen 1568 und 1572, die Mark Brandenburg umgehend, womit die Wasserstra&szlig;e zwischen D&ouml;mitz und den Schweriner See schiffbar wurde. Die Verbindung zwischen den Schweriner See und Wismar machte aber gr&ouml;&szlig;ere technische Schwierigkeiten und war wahrscheinlich nie betriebsf&auml;hig, trotz der Darstellung des Kanals als durchgehender Wasserweg auf einer Karte von Daniel Frese aus 1605."
"551","194","deu","1412 and 1430 erhielt L&uuml;neburg Privilegien, Wasserwege durch Mecklenburg anzulegen f&uuml;r den Transport ihres Salzes zu den Ostseeh&auml;fen. Zwischen 1553 und 1564 wurde dann die Schaale schiffbar gemacht, unter anderem durch den Bau von sieben Schleusen. Damit wurde eine schiffbare Verbindung zwischen der Elbe bei Boizenburg und dem Schaalsee geschaffen. In Dutzow am Nordufer des Sees wurden die G&uuml;ter auf die Landstra&szlig;e zu den Hafenst&auml;dten umgeschlagen."
"553","196","deu","Der Graf von Delmenhorst und die Stadt Bremen verpflichteten sich 1311 beiderseits zur Unterhaltung der Stra&szlig;e zwischen Bremen und Delmenhorst &uuml;ber Huchting. &auml;ltere Routen, n&ouml;rdlich &uuml;ber Seehausen und Hasbergen oder s&uuml;dlich &uuml;ber Ganderkesee, wurden nun durch Delmenhorst geleitet. Wegen der Lage in einer Niederung war die neue Stra&szlig;e jedoch oft &uuml;berschwemmt; in solchen F&auml;llen wurden die alten Stra&szlig;en wieder benutzt und boten die Einwohner von Huchting F&auml;hrdienste an."
"555","198","deu","In einem Vertrag zwischen Mainz und Hessen von 1572 wird diese Stra&szlig;e von Wanfried nach Langensalza als neue Stra&szlig;e und keine offene Landstra&szlig;e bezeichnet. 1583 wird sie zur Geleitsstra&szlig;e erhoben."
"557","202","deu","Kurz vor 1600 begann Landgraf Moritz von Hessen-Kassel mit Bauma&szlig;nahmen zur Schiffbarmachung der Fulda, unter anderem mittels der Errichtung von sieben Schleusen. Das erste Schiff aus Kassel erreichte 1601 Hersfeld. Es ist jedoch die Frage in wieweit der Fluss als Schifffahrtsverbindung benutzt wurde; sp&auml;testens im Drei&szlig;igj&auml;hrigen Krieg muss hier die Schifffahrt eingegangen sein."
"559","204","deu","Diese Stra&szlig;e wurde vermutlich bereits 1027 in einer Grenzbeschreibung erw&auml;hnt, 1227 kommt sie unter dem Namen Weinstra&szlig;e vor."
"561","206","deu","Eine Urkunde von 1330 benennt diesen Stra&szlig;enabschnitt mit &quot;Hohe Stra&szlig;e&quot;."
"647","297","deu","Die direkte Verbindung zwischen Flatow und Berlin wurde erst 1672 mit dem Bau der Havelbr&uuml;cke bei Henningsdorf realisiert. Vorher nahm der Verkehr den Weg &uuml;ber Spandau."
"695","367","nld","De Roosendaalse Vliet werd in 1451 verwijd en werd sindsdien als waterweg die Roosendaal met de zee verbond gebruikt. V&oacute;&oacute;r 1451 zijn er geen aanwijzigen dat er relevant transport plaatsvond."
"563","218","nld","Meijel bevond zich op een zandrug door het hoogveengebied De Peel, dat verder nauwelijks toegankelijk was. Een route over deze zandrug is waarschijnlijk terug te voeren in de Romeinse tijd, zoals archeologische vondsten aantonen. In de 18e eeuw wordt hier een doorgaande weg tussen &#039;s-Hertogenbosch en Keulen genoemd, wat door het bestaan van een tol en herbergen in Meijel wordt ondersteund. Het venige gebied moet de doorgang echter regelmatig bemoeilijkt hebben. Volgens de Engelse militair D. Paterson in 1748 was de weg &quot;impassable in winter for wagons of any size&quot;. Hoogstens ging het hier dus om een verbinding van secundair belang, waarbij het meeste doorgangsverkeer de Peel zal hebben gemeden."
"565","220","deu","Die Stra&szlig;e auf dem linken Lippeufer zwischen Hamm und L&uuml;nen war sehr sumpfig und wurde wahrscheinlich erst nach dem Drei&szlig;igj&auml;hrigen Krieg f&uuml;r den Fernverkehr genutzt."
"567","222","deu","Im Mitteldeutschen Heimatatlas als Nebenstrecke vor dem 15. Jahrhundert eingezeichnet. Seit dem 15. Jh. war die Strecke f&uuml;r den Frachtverkehr wegen der Umgehung des Leipziger Stapels verboten."
"569","224","deu","Vor dem Bau der Br&uuml;cken in Berka/Werra wurde teilweise eine Strecke entlang der Werra mit einer Furt in Wartha genutzt. Die Furt war allerdings beschwerlich und unmittelbar danach musste eine Gel&auml;ndezunge erklommen werden, die erst im 19. Jahrhundert abgetragen wurde."
"571","226","nld","Met de bouw van een grote schutsluis in Zaandam, die gereed kwam in 1547, werd de Zaan de hoofdwaterweg tussen Amsterdam en het Hollandse noorderkwartier. Voorheen was de dam alleen door kleine schuiten te passeren en verliep de vaarroute voor grotere schepen tussen Alkmaar en Amsterdam met een omweg via Edam."
"573","228","nld","Nadat de Hollandse IJssel van de Lek bij Hoppenesse was afgedamd in 1285, verlandde de rivier langzaam. In 1485 werd geklaagd dat de rivier tussen IJsselstein en Oudewater daardoor al lang onbevaarbaar geworden was. De vele plannen uit de late 15e en 16e eeuw om deze situatie te veranderen werden niet ten uitvoer gebracht."
"575","230","nld","De trekvaart tussen Amsterdam en Haarlem werd in 1631-1632 gegraven. Op wens van Haarlem, dat een tol hief op het Spaarne, was het gebruik van het kanaal beperkt tot personenvervoer; voor vrachtvervoer bleef de oude route via het IJ en het Spaarne in gebruik. Vanwege de aanwezigheid van drie spuisluizen in Halfweg was het kanaal daar onderbroken en moesten passagiers overstappen op een andere trekschuit."
"577","232","deu","Die s&uuml;dliche Route zwischen L&uuml;neburg und Soltau &uuml;ber Amelinghausen war die &auml;ltere und wurde sp&auml;ter als Karrenweg bekannt; der st&auml;rkere Verkehr mit Frachtwagen benutzte ab dem 15. Jh. die n&ouml;rdliche Route &uuml;ber Soderstorf und H&uuml;tzel."
"579","234","deu","Die n&ouml;rdliche Route zwischen L&uuml;neburg und Soltau &uuml;ber Soderstorf und H&uuml;tzel entwickelte sich im sp&auml;ten 15. oder 16. Jh. f&uuml;r den schweren Frachtverkehr. Sie war sp&auml;ter als Fracht- und Postweg bekannt."
"581","236","deu","Nach Bruno Ploetz war die Stra&szlig;e zwischen L&uuml;neburg und Celle &uuml;ber Tellmer und Oberohe der alte Karrenweg. Er ver&ouml;dete im 18. Jh. langsam wegen Bevorzugung des Frachtweges &uuml;ber M&uuml;den."
"583","238","deu","Nach Bruno Ploetz entstand der Frachtweg zwischen L&uuml;neburg und Celle &uuml;ber M&uuml;den im 16. Jh. und ersetzte langsam den &auml;lteren Karrenweg &uuml;ber Tellmer und Oberohe."
"585","240","deu","Der &quot;Hessenkarrenweg&quot; war die Route f&uuml;r den Karrenverkehr zwischen Braunschweig und L&uuml;neburg. Ein Frachtweg f&uuml;r Frachtwagen verlief auf manchen Strecken &ouml;stlich dieser Route."
"587","242","deu","Der Frachtweg f&uuml;r schwere Frachtwagen zwischen Braunschweig und L&uuml;neburg verlief &ouml;stlich des Hessenkarrenweges an manchen Teilen der Route."
"589","244","deu","Die Strecke zwischen Bienenb&uuml;ttel und Oldenstadt/Uelzen &uuml;ber Medingen und Jastorf war als Winter-Frachtweg bekannt, weil sie in Gegensatz zu dem westlicher gelegenen Sommerweg zu allen Jahreszeiten benutzt werden konnte."
"591","246","deu","Die Stra&szlig;e zwischen Bienenb&uuml;ttel und Uelzen &uuml;ber Seedorf war als Sommer-Frachtweg bekannt, weil sie nur bei trockenem Wetter benutzt werden konnte, in Gegensatz zu dem Winterweg &uuml;ber Jastorf."
"593","248","nld","In 1640 verkregen de steden Leeuwarden, Franeker en Harlingen een octrooi om langs de reeds bestaande vaarten tussen de drie steden een trekpad aan te leggen. In 1646 verkeerde de eerste trekschuiten op deze route; dagelijks waren het er vijf in beide richtingen. Passagiers betaalden 12 penningen per afgelegde mijl, voor voetgangers gold een tol van acht penningen de mijl."
"595","250","nld","In 1648 werd een trekvaart tussen Leeuwarden, Bolsward en Workum aangelegd."
"603","258","deu","Von Schifffahrt auf der Oude IJssel ist keine Rede vor dem Jahr 1582, als die Wasserm&uuml;hle bei Keppel, die vorher der Schifffahrt behindert hatte, zerst&ouml;rt wurde. Einer Hafenordnung aus Doesburg 1590 zufolge, fuhren zu der Zeit Schiffe zwischen Doesburg und Doetinchem. 1592 wurden zudem die Bocholter Aa bis Bocholt und die Issel bis Anholt schiffbar gemacht."
"605","258","nld","Van scheepvaart op de Oude IJssel was waarschijnlijk v&oacute;&oacute;r 1582 geen sprake; in dat jaar werd de watermolen bij Keppel, een obstakel voor de scheepvaart, afgebroken. Uit een ordonnantie uit Doesburg uit 1590 blijkt, dat toen scheepvaart tussen Doesburg en Doetinchem plaatsvond. Vanaf 1592 vonden bovendien werkzaamheden plaats om de rivier tot aan Bocholt (Bocholter Aa/Aastrang) en Anholt (Issel) bevaarbaar te maken."
"607","260","nld","Na de Elizabethvloed (1421) was de waterhuishouding in de Hollandse Rijndelta zo grondig veranderd, dat de IJssel langzaam steeds ondieper werd. In de late 16e en 17e eeuw was de rivier zelfs zo ondiep geworden, dat de vele zandbanken en de lage waterstand scheepvaart gedurende grote delen van het jaar onmogelijk maakten."
"609","262","nld","Op de heide tussen Utrecht en Amersfoort werd in 1652 een kaarsrechte, 60m brede nieuwe weg aangelegd: de &quot;wegh der weegen&quot;. Er schijnt op deze plaats ook een middeleeuwse route te zijn geweest, waarvan het verloop niet meer is vast te stellen."
"611","264","nld","Het is onwaarschijnlijk dat voor het eind van de 16e eeuw enige scheepvaart van belang op de Berkel plaatsvond, vanwege de vele molenstuwen op de rivier. In 1591 lanceerde Francois Balochij, sergeant-majoor te Lochem, het plan om de Berkel tot in het bisdom M&uuml;nster bevaarbaar te maken. Op dat moment was scheepvaart tussen Zutphen en Borculo mogelijk. Het duurde echter tot in de jaren 1640 voordat er scheepvaart tot voorbij Borculo mogelijk was. In Zutphen werd een Berkelcompagnie gevormd, sluizen werden gebouwd, en in 1646 bereikte het eerste schip uit Zutphen de Langebrug nabij Vreden. Plannen om de bevaarbare route tot aan Coesfeld door te trekken na 1650 leidden waarschijnlijk tot niets. De Berkelcompagnie ging in 1671 failliet en pas in de 18e eeuw werden weer pogingen ondernomen om de bevaarbaarheid van de rivier te verbeteren."
"613","264","deu","Es ist unwahrscheinlich, dass es vor dem sp&auml;ten 16. Jh. eine bedeutende Schifffahrt auf der Berkel gegeben hat, wegen der vielen M&uuml;hlenwehre im Fluss. 1591 bracht der Sergeant-Major von Lochem Francois Balochij Pl&auml;ne heraus, den Fluss bis ins M&uuml;nsterland schiffbar zu machen. Zu der Zeit war die Schifffahrt zwischen Zutphen und Borculo m&ouml;glich. Es dauerte aber bis in die 1640er Jahren, bevor die Schifffahrt &uuml;ber Borculo hinaus m&ouml;glich wurde. In Zutphen wurde eine Berkelcompagnie gegr&uuml;ndet, Schleusen wurden errichtet und 1646 erreichte das erste Zutphener Schiff die Langebr&uuml;cke nah Vreden. Pl&auml;ne f&uuml;r eine Erweiterung nach Coesfeld nach 1650 wurden wahrscheinlich nie verwirklicht. 1671 ging die Berkelcompagnie in Konkurs und erst im 18. Jh. gab es erneute Bestrebungen, die Schiffbarkeit der Berkel zu verbessern."
"615","266","nld","De Schipbeek werd in 1399-1402 door de stad Deventer gegraven met ondersteuning van de bischop van Utrecht. Het kanaal verbond Deventer met de bovenloop van de Regge bij Westerflier. In 1576 ontving Deventer van koning Filips II een octrooi om de Schipbeek uit te diepen en te verbreden."
"617","268","nld","Een bevaarbare verbinding tussen de Schipbeek en de Regge bij Westerflier moet voor 1547 tot stand zijn gekomen."
"619","270","nld","De verbinding tussen de Schipbeek bij Westerflier en de Diepenheimse Molenbeek en Buurserbeek werd kort na of in 1611 gegraven. Het kanaal werd vooral gebruikt voor het transport voor agrarische producten en hout. Scheepvaart vond voornamelijk in de wintermaanden plaats, wanneer de wegen moeilijk begaanbaar waren en de waterstand hoger was."
"621","272","deu","Eine Landroute zwischen Husum und Eiderstedt wurde erst 1489 m&ouml;glich, als der vollendete Dammkoog die Insel Eiderstedt mit dem Festland verband."
"623","274","nld","De turfvaart tussen Overslag en de Moervaart bij Kalve bevond zich in 1465/66 in een slechte staat door uitputting van de moeren. Hierdoor was er nauwelijks meer scheepvaart tussen Gent en Axel mogelijk."
"625","276","nld","Grootschalige inundaties in het noorden van Vlaanderen (het huidige Zeeuws-Vlaanderen) tijdens de Nederlandse Opstand in de late 16e en vroege 17e eeuw leidden tot grondige veranderingen in de middeleeuwse structuur van het landschap. Een precieze reconstructie van routes voor 1583 is daardoor in veel gevallen onmogelijk."
"627","278","nld","De weg tussen Biervliet en Boekhoute verdween in het water van de Braakman in 1375. Biervliet lag voortaan op een eiland. Het precieze verloop van de weg is niet bekend."
"629","280","nld","De Stekense Vaart, die Hulst met Gent en Rupelmonde verbond, werd vanaf 1314 gegraven. In de 16e eeuw moet het gedeelte bij Hulst vervallen zijn; op kaarten uit die tijd wordt het kanaal niet meer afgebeeld."
"631","281","deu","Bereits vor 1594 wurden Pl&auml;ne gemacht um den Transport innerhalb Eiderstedts zu verbessern durch das Graben von Kan&auml;len. Die Norderbootfahrt zwischen T&ouml;nning und Tetenb&uuml;ll wurde 1612, die S&uuml;derbootfahrt zwischen Garding und der Eider bei Kating 1613 gegraben. Ein Zusatzkanal zwischen T&ouml;nning und Kating wurde 1615 realisiert, jedoch im 18. Jh. wieder zugesch&uuml;ttet."
"633","283","nld","Brugge maakte reeds in 1470 plannen om een kanaal ten zuiden van Oostburg richting Biervliet te graven, om zo de voortgaande verzanding van het Zwin te stoppen en de scheepvaart te verbeteren. De Brugse Vaart werd in 1502-1505 gegraven en in 1516 opengesteld. Het kanaal verzandde echter al spoedig en bleef voor de scheepvaart van geringe betekenis."
"635","285","nld","Vanwege de verminderde bevaarbaarheid van het Zwin, veroorzaakt door verzanding, liet de stad Brugge een nieuw kanaal tussen Brugge en Sluis graven: de Zoete of Verse Vaart. Deze kwam in 1566 gereed. Hoewel het kanaal in de beginjaren enkele zeeschepen wist aan te trekken, kon het niet op genoeg diepte worden gehouden."
"637","287","nld","De zeearm Het Zwin functioneerde als haven van de stad Brugge. Oorspronkelijk heette deze Sinkfal en verliep tot aan de stad zelf, maar de vaarweg verzandde doorheen de eeuwen, waardoor er een systeem van voorhavens aan het Zwin ontstond. De eerste van deze was Damme, waar het Zwin in 1180 werd afgedamd. Later kwamen hier Monnikerede, Hoeke, Mude en Sluis bij. In de late 15e eeuw werden er in Sluis loodsen gestationeerd om schepen te helpen het ondiepe water te bevaren; ordonnanties zijn uit 1448/1449 en 1484 bekend. Ondanks vele maatregelen van Brugge om de voortgaande verzanding tegen te gaan, was het in de 16e eeuw alleen nog mogelijk bij hoge waterstanden het Zwin binnen te zeilen."
"639","289","deu","Der &quot;neue Weg&quot; von Itzehoe nach Dithmarschen &uuml;ber Hohenh&ouml;rn wurde nach der Eroberung Dithmarschens durch die D&auml;nen nach 1559, wahrscheinlich 1577, angelegt. Er umging die Zollstelle Hanerau auf der alten Stra&szlig;e nach Dithmarschen. Nur die &uuml;berquerung der Holstenau bei Hohenh&ouml;rn wurde neu gebaut; andere Teile der Stra&szlig;e m&uuml;ssen vorher bereits existiert haben."
"641","291","nld","Het plan om een kanaal tussen Brussel en de Rupel bij Willebroek te graven werd in 1477 door Maria van Bourgondi&euml; goedgekeurd, maar pas tussen 1550 en 1561 uitgevoerd. Deze &lt;em&gt;Brusselsche Schipvaert&lt;/em&gt; of &lt;em&gt;Willebroekse Vaart&lt;/em&gt; verbond Brussel met de haven van Antwerpen, daarbij de moeizame scheepvaart op de ondiepe en bochtige Zenne en de tol en stapel van Mechelen omgaand. Vanaf 1618 werden er trekschuitdiensten op het kanaal aangeboden."
"643","293","deu","Die Stra&szlig;e Frankfurt-Crossen &uuml;ber Ziebingen wurde 1535 f&uuml;r Kaufleute freigestellt, als der Reppener Zoll vor die Oderbr&uuml;cke in Frankfurt verlegt wurde. Vor diesem Jahr reiste der Durchgangsverkehr zwischen Frankfurt und Crossen &uuml;ber Reppen."
"645","295","deu","Nachdem 1317 der Umschlagplatz zwischen dem Land- und Flussverkehr von Niederfinow nach Eberswalde verlegt wurde, inklusive Stra&szlig;enzwang, wurde die Stra&szlig;e zwischen Hohenfinow und Angerm&uuml;nde &uuml;ber Niederfinow f&uuml;r den Handelsverkehr geschlossen."
"651","301","deu","Es gab drei Routen zwischen Leipzig und Oschatz, mit Mulde&uuml;berg&auml;ngen bei Eilenburg, Wurzen und Grimma. Von diesen Wegen wurde der &uuml;ber Wurzen am wenigsten benutzt, weil Wurzen nicht kurs&auml;chsisch sondern bisch&ouml;flich-mei&szlig;nisch war, und weil der Fluss&uuml;bergang weniger bequem war: eine Br&uuml;cke wurde erst 1830 gebaut."
"653","303","nld","De vaarroute tussen Schoonhoven en de Oude Rijn via de Vlist en de Dubbele Wiericke bleef door tegenwerking van Gouda in de 16e eeuw slechts van lokaal belang."
"655","305","nld","De &quot;gecostumeerde route binnendunen&quot; was de offici&euml;le doorgaande waterweg door Holland, die de Zuiderzee met de Noordzee en de Scheldedelta verbond via het IJ, Spaarne, Haarlemmer- en Leidse meer, Gouwe en Hollandse IJssel. De route was met een grafelijk tolsysteem met tollen te Spaarndam, Gouda en Geervliet verbonden. De route was voornamelijk belangrijk als doorgaande route binnen het graafschap Holland, maar schijnt ook door de internationale scheepvaart te zijn gebruikt. Vele pogingen om alternatieve routes te cre&euml;eren werden in de 15e en 16e eeuw door de steden aan deze route, met name Gouda, verijdeld."
"657","307","nld","Aartshertog Maximiliaan verbood in 1487 het gebruik van de Vecht voor de doorgaande scheepvaart, die daarmee de grafelijke tol in Gouda omzeilde."
"659","309","nld","De Grote Waard verdronk tijdens de Sint-Elisabethsvloed in 1421. De in dit gebied opgenomen wegen zijn gebaseerd op reconstructies van het landschap door Rombert Stapel."
"661","311","nld","De weg via Sloten was de belangrijkste landverbinding tussen Amsterdam en Haarlem in de middeleeuwen. Hij werd echter door het oprukkende water van het Haarlemmermeer bedreigd: al in 1457 moest de weg deels verlegd worden nadat delen ervan in het water waren verdwenen, en het gehele gedeelte tussen Vijfhuizen en Sloten verdween na een storm in 1509. Landverkeer kon nu tussen beide steden alleen nog de Spaarndammerdijk gebruiken."
"663","313","nld","De weg tussen Hillegom en Aalsmeer, die tussen het Haarlemmer en Leidsche Meer doorliep, was deel van de route Haarlem-Utrecht. De weg verdween toen de landengte tussen beide meren doorbrak, waarschijnlijk tijdens de Cosmas- en Damianusvloed in 1477."
"665","315","nld","De kanalen Enkele en Dubbele Wiericke werden kort na 1370 gegraven, mogelijk ook om de vaarroute &#039;binnendunen&#039; met tollen in Gouda en bij de Gouwsluis te omvaren. Vanwege tegenstand van de stad Gouda bleven de kanalen als scheepvaartroute slechts van lokaal belang."
"667","317","nld","Het grootste gedeelte van oostelijk Zuid-Beveland verdronk in 1530; alleen de stad Reimerswaal bleef op een klein eilandje bestaan. De wegen tussen Yerseke, Reimerswaal en het veer in Yersekeroord zijn gebaseerd op reconstructies van de kustlijn v&oacute;&oacute;r 1530."
"669","319","deu","Der Bau eines Kanals zwischen Havel und Oder mit Einbeziehung der Finow wurde 1603 durch Kurf&uuml;rst Joachim Friedrich genehmigt. Die Bauarbeiten begonnen 1605; 1609 war der neue Kanal zwischen Liebenwalde und Sch&ouml;pfurth befahrbar. Der Bau des restlichen Kanals wurde 1620 vollendet. Der Kanal verfiel jedoch im Drei&szlig;igj&auml;hrigen Krieg. Der im 18. Jh. neu errichtete Finowkanal folgt gr&ouml;&szlig;tenteils dem Lauf des alten Kanals."
"671","321","deu","Die Stra&szlig;e zwischen Zittau und Gabel (Jablonn&eacute; v Podje&scaron;těd&iacute;) wurde nach 1343 zur Handelsstra&szlig;e ausgebaut. Die Burg Karlsfried wurde durch Kaiser Karl IV. 1357 zur Sicherung der Stra&szlig;e und zur Zollerhebung erbaut. Die Benutzung sonstiger Stra&szlig;en zwischen Zittau und B&ouml;hmen wurde 1361 und in sp&auml;teren Urkunden f&uuml;r den Handelsverkehr verboten."
"673","323","deu","Die Stra&szlig;e &uuml;ber die Kurische Nehrung war  f&uuml;r den schweren Verkehr ungeeignet und wurde wahrscheinlich nur bei Frost im Winter benutzt."
"675","335","deu","Die Stra&szlig;en in der Gegend um Sankt Petersburg vor der Gr&uuml;ndung der Stadt im 18. Jh. sind schwierig rekonstruierbar, weil die meisten genauen Karten aus der Zeit nach der Gr&uuml;ndung stammen."
"677","337","nld","Tienen verkreeg in 1517 het recht om de Grote Gete bevaarbaar te maken, onder andere door de bouw van enkele sluizen. De werkzaamheden werden pas in 1528/1529 afgerond. De scheepvaart op de rivier kwam tijdens de Nederlandse Opstand tot stilstand."
"679","369","deu","Die Ucker wird erstmals 1282 als Wasserweg zwischen Prenzlau und dem Stettiner Haff erw&auml;hnt. Sie wurde vor allem f&uuml;r den Getreideausfuhr aus Prenzlau benutzt. Der Flussverkehr endete in der fr&uuml;hen Neuzeit. Nach dem Drei&szlig;igj&auml;hrigen Krieg versuchte man, den Fluss wieder schiffbar zu machen."
"681","371","deu","Eine Landroute durch das sumpfreiche Gebiet zwischen Jamburg (Kingisepp) und Novgorod wird auf Karten aus dem fr&uuml;hen 18. Jh. dargestellt. Die Stra&szlig;e wurde jedoch wahrscheinlich nur durch den Personenverkehr im Winter benutzt und nicht durch den Warenverkehr."
"683","373","deu","Eine durchgehende Stra&szlig;e zwischen N&ouml;teburg (Shlisselburg) und Novgorod durch das sumpfige Gebiet &uuml;ber Yam-Tesovo wird angenommen. F&uuml;r den Warenverkehr kommt sie jedenfalls nicht in Frage."
"685","375","deu","Die Stra&szlig;e zwischen Marburg und Gie&szlig;en &uuml;ber Wolfshausen und Bellnhausen ist erstmals f&uuml;r Postwagen 1656 belegt. Vorher muss die Hauptstra&szlig;e am gegen&uuml;berliegenden Ufer der Lahn &uuml;ber Niederwalgern und Fronhausen verlaufen sein."
"687","377","nld","De hoofdweg tussen J&uuml;lich en Maastricht, die in de Romeinse tijd via Rimburg verliep, werd in de Middeleeuwen naar Herzogenrath verlegd, waar hij de Worm overstak. Zijn verloop kan aan de hand van de straatnamen Karstraat, Wijnstraat / Wijngracht en Bierstra&szlig;e worden gereconstrueerd."
"689","377","deu","Die Haupstra&szlig;e zwischen J&uuml;lich und Maastricht, in der R&ouml;merzeit &uuml;ber Rimburg, wurde im Mittelalter nach Herzogenrath verlegt, wo sie die Wurm &uuml;berquerte. Ihr Verlauf ist anhand der Stra&szlig;ennamen Karstraat, Wijnstraat / Wijngracht und Bierstra&szlig;e zu rekonstruieren."
"691","383","deu","Diese Stra&szlig;e wird auf der &quot;Oldenburgische Vogteikarte&quot; des sp&auml;ten 18. Jh. als &quot;Sommer Postweg&quot; zwischen Oldenburg und Delmenhorst/Bremen gekennzeichnet. Der &quot;Winter-Post-Weg&quot; nahm die trockenere s&uuml;dlichere Route &uuml;ber Dingstede."
"693","385","nld","Volgens een oorkonde uit 1387 was de IJssel bij Doesburg in twee armen gedeeld, daartussen lag de Beimerwaard. De hoofdarm verliep niet langs de stad. Daarom werden er meerdere pogingen ondernomen om de hoofdstroom langs de stad de leiden, maar zonder succes. Pas in 1629 slaagde men erin om de hoofdstroom te verleggen. Bij hoge rivierstanden zocht het IJsselwater echter toch de kortere weg via de uiterwaarden."
"701","395","deu","Die weitausgedehnten S&uuml;mpfe der Wei&szlig;en Elster bei ihrer Einm&uuml;ndung in die Saale erschwerten den Verkehr zwischen Merseburg und Halle. Die Hauptroute zwischen beiden St&auml;dten nahm daher den trockenen Umweg &uuml;ber die Geleitstellen Holleben und Passendorf."
"703","397","deu","Nach einer Denkschrift aus dem Jahre 1708 wurde die Strecke zwischen Petersberg und Landsberg nicht viel befahren, da die Fuhrleute aus dem Norden von Petersberg haupts&auml;chlich nach Halle und Merseburg reisten."
"705","399","deu","Nach einer Aussage zweier Fuhrleute 1765 bevorzugte man zu der Zeit auf der Leipziger Stra&szlig;e von Nordhausen die Strecke &uuml;ber Wallhausen, Oberr&ouml;blingen, Allstedt, Gatterst&auml;dt und Obhausen, dabei Sangerhausen s&uuml;dlich umgehend."
"707","401","deu","Die Stra&szlig;e zwischen Meschenbach und Gro&szlig;heirath, Teil der Geleitstra&szlig;e Coburg-Bigen, wurde erst 1532-1536 angelegt. Vorher machte die Stra&szlig;e einen Umweg &uuml;ber Untersiemau."
"709","403","deu","Der Stra&szlig;endamm durch das sumpfige Gel&auml;nde zwischen Artern und Reinsdorf bestand bereits vor dem Drei&szlig;igj&auml;hrigen Krieg. Bei Hochwasser im Fr&uuml;hling war der Damm jedoch gef&auml;hrlich zu passieren und der Verkehr wird wahrscheinlich den Umweg &uuml;ber Sch&ouml;newerda genommen haben."
"711","405","deu","In einem Erbbuch von 1551 wird dieser Abschnitt der Stra&szlig;e zwischen K&ouml;sen und dem Kloster Pforte bei der Beschreibung des Weges von K&ouml;sen nach Naumburg noch nicht erw&auml;hnt. Dies zeigt, dass er erst sp&auml;ter Bedeutung erlangte, sofern er zu diesem Zeitpunkt &uuml;berhaupt bereits existierte."
"713","407","nld","Stadhouder Jan de Ligne, graaf van Aremberg, liet in 1548-1568 een kanaal door de Kop van Overijssel graven dat naar hem de Arembergergracht werd genoemd. Het doel was een binnenvaartroute te voor kleine schepen tussen Zwartsluis in Overijssel en Friesland te cre&euml;ren en zo de open Zuiderzee te vermijden. Aanvankelijk werd echter alleen de verbinding tussen Zwartsluis en de turfvaart Steenwijk-Blokzijl gerealiseerd; de doortrekking naar de Linde bij Ossenzijl volgde pas in 1650."
"715","409","nld","Oorspronkelijk stond Steenwijk in verbinding met de Zuiderzee in Blokzijl via de rivier Steenwijker Aa, maar deze kon alleen door kleine schepen worden bevaren, wat overslag in Blokzijl noodzakelijk maakte. De aanleg van het Steenwijkerdiep in 1626-1632 vereenvoudigde de scheepvaart tussen beide plaatsen voor grotere schepen die ook de Zuiderzee konden bevaren. Aan de zuidoever werd een jaagpad aangelegd."
"719","411","nld","Het kanaal de Nieuwe Vecht (&quot;nye graft&quot;) werd rond 1497 door Zwolle aangelegd, om de vaarroute tussen de stad en de Vecht te verkorten. Een eeuw later was het kanaal vervallen en werd rond 1600 weer bevaarbaar gemaakt, hoewel het op diepte houden van de waterweg een voortdurend probleem bleeft."
"721","415","nld","De Utrechtse bisschop Frederik van Blankenheim verklaarde op 5 augustus 1402 dat hij de klachten van Sallandse kooplieden over de slechte toestand van de weg tussen Ane en Coevorden, die in de winter onbegaanbaar was, had gehoord, en beloofde de weg te verbeteren. De kosten werden door de Sallandse steden gedragen, die in ruil daarvoor van het weggeld in Coevorden werden vrijgesteld."
"723","417","nld","In 1405 sloten de bisschop van Utrecht en de heer van Almelo een overeenkomst om een in elk seizoen begaanbare weg van Den Ham via Daarle naar Almelo aan te leggen. Zwolle droeg ook bij aan de kosten."
"725","419","nld","Het kanaal tussen Blokzijl en Muggenbeet werd omstreeks 1550 gegraven om de vaarroute tussen Blokzijl en Steenwijk te verkorten."
"727","421","nld","De stad Ieper is naar het gelijknamige riviertje genoemd, dat met de IJzer en zo met de Noordzee en Brugge in verbinding stond. Om de bevaarbaarheid te verbeteren werd deze reeds in de late 12e eeuw gekanaliseerd en werd bekend als de Ieperlee. Vanaf 1251 werd er een nieuw parallel kanaal gegraven, dat ook &#039;zilinc&#039; werd genoemd. Er bestonden vier &#039;overdrachten&#039; waar schepen met windassen over een barri&egrave;re getrokken werden konden om het hoogteverschil te overbruggen. Het precieze verloop van deze kanalen verdween in 1637-1642 toen er een nieuw breder kanaal op hetzelfde traject werd gegraven."
"729","423","nld","Tussen 1637 en 1642 werd er een nieuw breder en dieper kanaal tussen Ieper en de IJzer gegraven, die de oude Ieperlee verving en voor grotere schepen bevaarbaar maakte."
"731","425","deu","Die Strecke zwischen Danzig und K&ouml;nigsberg auf der Frischen Nehrung ist aus Reiseberichten aus der zweiten H&auml;lfte des 17. Jahrhunderts bekannt. Johann Arnold von Brand beschrieb die Route 1673 als einen &quot;&uuml;blen Weg&quot; und sie wird wahrscheinlich kaum dem Warenverkehr gedient haben."
"733","427","deu","Der Weg zwischen Insterburg (Chernyakhovsk) und Kowno (Kaunas) &uuml;ber Wirballen (Virbalis) wurde nach der Gr&uuml;ndung von Wirballen 1540 eingerichtet. Der Herzog von Preu&szlig;en verbot die Nutzung dieser Stra&szlig;e 1572 und 1585."
"788","489","fin","S&auml;r&auml;isniemelt&auml; vei Paltamoon jo 1550-luvulla Manamansalon kirkon kautta talvitie, joka oli osa 1556 mainittua Novgorodin karjalaisten taivallusreitti&auml; K&auml;kisalmesta Oulujoen suuhun. Talvitie ja taivallusreitti jatkui edelleen Kajaanin Vuohenginkoskelle. Talvitien rinnalla k&auml;ytettiin sulana aikana S&auml;r&auml;isniemest&auml; Kajaaninjoen suuhun ja edelleen Vuohenginkoskelle vienytt&auml; vesireitti, jonka tueksi syntyi viimeist&auml;&auml;n Kajaanin linnan perustamisen 1604 j&auml;lkeen Paltamon ja Kajaanin v&auml;linen maantie."
"793","494","fin","Keiky&auml;lt&auml; Puurij&auml;rven ja Harhinojan kautta Kokem&auml;elle ja edelleen Lammaisiin vienyt talvitie oli osa reitti&auml;, jota pitkin Turun piispa kuljetutti 1414 veroparselinsa reell&auml; Sastamalan kirkolta Lammaisiin. Puurij&auml;rven pohjoispuolitse Harhinojan kautta Kokem&auml;elle vienyt talvitie mainitaan my&ouml;s 1551. Tie oli k&auml;yt&ouml;ss&auml; maaliskuussa 1809, jolloin ja Ruotsin armeijan osasto vet&auml;ytyi sit&auml; pitkin 40 asteen pakkasessa Keiky&auml;lt&auml; Kokem&auml;elle ja Ulvilaan. Marssi Keiky&auml;lt&auml; Kokem&auml;elle kesti y&ouml;ll&auml; 9 tuntia. Viabundukseen merkitty reitti on suuntaa antava, ei maantieteellisesti tarkka."
"794","495","dan","Aurajoen alajuoksulta vei jo my&ouml;h&auml;iskeskiajalla Satakunnan ja H&auml;meen suuntaan eri jokilaaksoja seuranneita talviteit&auml;, joista er&auml;s t&auml;rkeimmist&auml; suuntautui Maarian R&auml;nt&auml;m&auml;est&auml; Aurajoen suuntaisesti Orip&auml;&auml;h&auml;n ja sielt&auml; Hanhi- ja Loimijokien suuntaisesti Huittisiin. Sielt&auml; talvitie jatkui Keiky&auml;lle ja edelleen Tyrv&auml;&auml;lle. Tie takautunee viimeist&auml;&auml;n 1400-luvulle ja s&auml;ilyi k&auml;yt&ouml;ss&auml; pitk&auml;&auml;n. Viabundukseen on otettu mukaan tien alkuosa ja mahdollinen linjaus Huittisista Keiky&auml;lle. Merkitty reitti on suuntaa antava, ei maantieteellisesti tarkka."
"798","499","fin","Asikkalan Kurhilaan muotoutui jo keskiajalla merkitt&auml;v&auml; risteys, josta haarautuivat Lammin ja Hollolan kautta Yliselle Viipurintielle, sek&auml; V&auml;&auml;ksyn ja Uraj&auml;rven kautta Ylisen Viipurintien ylemm&auml;lle linjaukselle ja Suurelle Savontielle. Tiet&auml; k&auml;ytettiin 1550-luvulla H&auml;meen linnan ja Olavinlinnan v&auml;lisess&auml; liikenteess&auml;. Sen varrella ollut Asikkala mainitaan majapaikkana Jakob Teitin 1555&ndash;56 luettelossa Suomen t&auml;rkeimmist&auml; yleisist&auml; teist&auml;. Ajankohta, jolloin tie muodostettiin yleiseksi maantieksi on tuntematon, mutta takautunee 1500-luvun alkuun tai 1400-luvulle. Asikkalasta vei jo varhain Sysm&auml;n ja Hartolan kautta Hirvensalmelle p&auml;&auml;osin talvitien&auml; k&auml;ytetty reitti, josta haarautui Sysm&auml;ss&auml; Turun piispan 1440-luvulla Savilahteen suuntautuneilla tarkastusmatkoillaan k&auml;ytt&auml;m&auml; Vahvaj&auml;rven talvitie. Sysm&auml;n seudun tiest&ouml; t&auml;ydentyy Viabundus-tietokantaan my&ouml;hemmin."
"790","491","fin","Yl&auml;-Satakunnan ja Kyr&ouml;njokilaakson asutuksen v&auml;lille muodostui viimeist&auml;&auml;n 1200-luvulla kaksi rinnakkaista reitti&auml;, joista toinen oli H&auml;meenkyr&ouml;n seudulta harjujen suuntaisesti Kauhajoelle vienyt Kyr&ouml;n- ja H&auml;meenkankaan tieksi kutsuttu kes&auml;tie ja toinen H&auml;meenkyr&ouml;st&auml; Ikaalisten, Parkanon ja Jalasj&auml;rven kautta Kurikkaan vienyt talvitie. Kes&auml;tie jatkui Kauhajoelta Ilmajoen Talvitien kyl&auml;&auml;n, josta kes&auml; ja talvitie oikaisivat metsien l&auml;pi Ylistaroon ja edelleen Isonkyr&ouml;n kirkon kautta kohti Kyr&ouml;- ja Lapuanjokien suuta. Kes&auml;- ja talvitien merkitys kasvoi my&ouml;h&auml;iskeskiajalla, jolloin reiteist&auml; tuli osa 1380-luvulla perustetun Korsholman linnan ja H&auml;meen linnan v&auml;list&auml; strategista yhteytt&auml;. Molempien k&auml;yt&ouml;st&auml; on viitteit&auml; 1400-luvulta, talvitien vuodelta 1459. &rdquo;Er&auml;maiden&rdquo; kautta vienyt tie mainitaan Jaakko Teitin 1555&ndash;56 luettelossa Suomen t&auml;rkeimmist&auml; yleisist&auml; teist&auml; osana Korsholman ja H&auml;meen linnojen v&auml;list&auml; reitti&auml;. Pohjanmaalta H&auml;meenkyr&ouml;&ouml;n ja siit&auml; edelleen Kirkkoj&auml;rven kautta Siuroon ja Nokialle sek&auml; Viljakkalan kautta N&auml;sij&auml;rven Kyr&ouml;nlahteen haarautunut talvitie oli keskeinen osa Nuijasodan tapahtumia 1597."
"753","447","fin","Varsinais-Suomesta Pohjanlahden rannikkoa aina Tornioon saakka johtanut reitti muodostui yhten&auml;iseksi kulkureitiksi vasta my&ouml;h&auml;&auml;n uudella ajalla. Tie koostui eri aikoina yleiseksi talonpoikien yhteisesti yll&auml;pidett&auml;v&auml;ksi tieksi m&auml;&auml;r&auml;tyist&auml; jaksoista. Niist&auml; vanhin yhdisti Aurajoen suun Vakka-Suomeen, Kalantiin ja Eurajoen seutuun ja edelleen Kokem&auml;enjoen suualueelle. Osa linjauksesta perustuu jo rautakaudella syntyneisiin teihin ja j&auml;rjestettiin yleisiksi teiksi viimeist&auml;&auml;n 1300-luvun j&auml;lkipuolella, kuten Raumalle ja Uuteenkaupunkiin vieneet haarat 1400-luvun j&auml;lkipuolella ja 1600-luvun puolimaissa. Laitilan ja Ulvilan v&auml;lill&auml; tiest&ouml;&ouml;n on saattanut vaikuttaa my&ouml;s lyhytaikainen Liinmaan linna 1300-luvun lopussa. Osaa t&auml;st&auml; Unajasta Eurajoelle ja edelleen Panelian, Harolan kautta Lammaisiin vieneest&auml; tiest&auml; kutsuttiin my&ouml;s Huovintieksi, mik&auml; viittaa yll&auml;pidon j&auml;rjestelyihin 1400-luvulla. Irjanteesta Luvian kautta Haistilan lautalle vienyt linjaus on yleisen&auml; tien&auml; nuorempi ja paikallinen. Ulvilasta ja Kokem&auml;enjoen suualueelta pohjoiseen Korsholmaan vienyt Pohjanlahden rantatien osuus s&auml;ilyi pitk&auml;&auml;n ratsupolkuna, mutta mainitaan 36 peninkulman (n. 216 km) mittaisena Jaakko Teitin 1555&ndash;56 luettelossa Suomen t&auml;rkeimmist&auml; yleisist&auml; teist&auml;. Tien suuntaisesti kulki sit&auml; merkitt&auml;v&auml;mpi talvitie, jonka pituus oli Ture Pederssonin (Bielke) vuoden 1557 etappiluettelon mukaan 31 peninkulmaa (n. 186 km). Talvitiet&auml; k&auml;ytti Merikarvialla my&ouml;s 1491 Ruotsin puolelle matkannut valtionhoitaja Sten Sture vanhempi. Pohjanmaan rantatien osuus Korsholmasta pohjoiseen Kaarlelan kirkolle perustuu jo 1400-luvulla muodostuneeseen kulkureittiin ja oli yleisen&auml; maantien&auml; 1550-luvulla. Kun alueelle perustettiin uusia kaupunkeja, Vaasan ja Oulun v&auml;linen tie rakennettiin 1618 yleiseksi maantieksi, ja oli k&auml;rryill&auml; ajettavassa kunnossa 1668. Tien viimeinen osuus oli 1600-luvun puolimaissa Oulusta Iihin kohtalainen, mutta Iist&auml; eteenp&auml;in v&auml;h&auml;n k&auml;ytetty. Suurista joista Ojaniemen lautta Kyr&ouml;njoella oli olemassa 1610, mutta korvattiin 1620-luvun puolimaissa sillalla. Oulun pit&auml;j&auml; sitoutui 1629 rakentamaan Oulujoen lautan. Lauttoja tiedet&auml;&auml;n ennen 1650-lukua olleen my&ouml;s Siikajoella (1640) Iiss&auml; (1640-luku) ja Kemijoella (1650). Siltoja oli 1650-luvun alussa Kalajoella ja Pyh&auml;joella. Kes&auml;tiet&auml; merkitt&auml;v&auml;mpi oli Ulvilasta Korsholman kautta Oulujoen suuhun ja edelleen Tornionjoelle vienyt talvitie, jonka pituus Ulvilasta Iihin oli 1557 Ture Bielken mukaan i 83 peninkulmaa (n. 498 km), mink&auml; matkan h&auml;n kulki rekisaattueessa hevosia vaihtaen kahdeksassa vuorokaudessa. Vaasasta Peders&ouml;reen talvitie vei Ojaniemen kautta Oravaisiin ja siit&auml; Lapuanjoen suulle. Talvitien merkitys s&auml;ilyi pitk&auml;lle uudelle ajalle saakka."
"769","470","fin","Asikkalan Kurhilasta vei viimeist&auml;&auml;n 1400-luvun j&auml;lkipuolella P&auml;ij&auml;nteen l&auml;nsipuolta Padasjoen ja Kuhmoisten kautta J&auml;ms&auml;&auml;n tie, jonka varrella olleita siltoja on mainittu 1466 ja 1548. Tien ja sille rinnakkaisen talvitien k&auml;yt&ouml;st&auml; on tietoja my&ouml;s Nuijasodan ajalta 1596. Hollolan seudulta J&auml;ms&auml;&auml;n johtanut talvitie varustettiin 1640-luvulla kestikievarein. Kurhilassa olleesta merkitt&auml;v&auml;st&auml; risteyksest&auml; haarautuivat jo varhain Hollolan ja Lammin kautta Yliselle Viipurintielle vieneet tiet sek&auml; V&auml;&auml;ksyn ja Uraj&auml;rven kautta Ylisen Viipurintien ylemm&auml;lle linjaukselle sisemm&auml;n Salpaussel&auml;n suuntaisesti vienyt tie, joka yhdisti Lammin seudun rautakauden asutuksen P&auml;ij&auml;nteen it&auml;puolen asutukseen. Ajankohta, jolloin eri tiet muodostettiin yleisiksi maanteiksi on tuntematon, mutta ulottunee 1400-luvun j&auml;lkipuolelta 1500-luvun lopulle. Alueella oli my&ouml;s vanhastaan P&auml;ij&auml;nteen yli Sysm&auml;&auml;n vienyt ja P&auml;ij&auml;nteen molempia rantoja seuraillut talviteiden verkosto."
"768","469","fin","Asikkalan Kurhilasta vei viimeist&auml;&auml;n 1400-luvun j&auml;lkipuolella P&auml;ij&auml;nteen l&auml;nsipuolta Padasjoen ja Kuhmoisten kautta J&auml;ms&auml;&auml;n tie, jonka varrella olleita siltoja on mainittu 1466 ja 1548. Tien ja sille rinnakkaisen talvitien k&auml;yt&ouml;st&auml; on tietoja my&ouml;s Nuijasodan ajalta 1596. Hollolan seudulta J&auml;ms&auml;&auml;n johtanut talvitie varustettiin 1640-luvulla kestikievarein. Kurhilassa olleesta merkitt&auml;v&auml;st&auml; risteyksest&auml; haarautuivat jo varhain Hollolan ja Lammin kautta Yliselle Viipurintielle vieneet tiet sek&auml; V&auml;&auml;ksyn ja Uraj&auml;rven kautta Ylisen Viipurintien ylemm&auml;lle linjaukselle sisemm&auml;n Salpaussel&auml;n suuntaisesti vienyt tie, joka yhdisti Lammin seudun rautakauden asutuksen P&auml;ij&auml;nteen it&auml;puolen asutukseen. Ajankohta, jolloin eri tiet muodostettiin yleisiksi maanteiksi on tuntematon, mutta ulottunee 1400-luvun j&auml;lkipuolelta 1500-luvun lopulle. Alueella oli my&ouml;s vanhastaan P&auml;ij&auml;nteen yli Sysm&auml;&auml;n vienyt ja P&auml;ij&auml;nteen molempia rantoja seuraillut talviteiden verkosto."
"766","467","fin","H&auml;meen ja Viipurin linnoja yhdist&auml;nyt Ylinen Viipurintie sis&auml;ltyy Jakob Teitin 1555&ndash;1556 luetteloon Suomen t&auml;rkeimmist&auml; yleisist&auml; teist&auml;. Tien alkuosa H&auml;meen linnasta Hauhon Etel&auml;isten, Tuuloksen ja Hollolan kautta Uuteenkyl&auml;&auml;n (r. Nyby) sis&auml;ltyy my&ouml;s Juhana-herttuan samanaikaiseen majapaikkaluetteloon. Hollolan Lahden kyl&auml;st&auml; it&auml;&auml;n tiest&auml; on ollut k&auml;yt&ouml;ss&auml; kaksi vaihtoehtoista reitti&auml;, joista toinen ylempi linjaus seurasi sisemp&auml;&auml; Salpausselk&auml;&auml; Vuolenkosken kautta Savitaipaleelle ja edelleen Lapvedelle. Alempi linjaus jatkoi ulomman Salpaussel&auml;n suuntaisesti Iittiin, Keltin lautalle ja Lapvedelle. Molemmat perustuvat jo pitk&auml;&auml;n k&auml;yt&ouml;ss&auml; olleisiin luontaisiin reitteihin. Teitin luettelon kuvaus noudattaa alempaa linjausta, mutta ylemm&auml;n Vuolenkosken silta kautta vieneen tien k&auml;ytt&ouml; oli vilkasta viel&auml; 1500-luvun lopulla, kunnes silta 1590-luvulla poltettiin ja korvattiin 1600-luvun alussa lautalla. Siltaa olivat yll&auml;pit&auml;neet H&auml;meen Hollolan ja Viipurin Lapveden kihlakunnat, mik&auml; viittaa keskiaikaiseen j&auml;rjestelyyn. Kustaa Vaasa m&auml;&auml;r&auml;si 1556 jomman kumman linjauksen h&auml;vitett&auml;v&auml;ksi, mutta hanke ei toteutunut. Alempi Keltin lautan kautta vienyt linjaus oli 1600-luvun alkupuolelta l&auml;htien selv&auml;sti p&auml;&auml;tie. Sen kautta kulki 1617 my&ouml;s kes&auml;tielle rinnakkainen talvitie. Lapvedell&auml; yhtyneet ylempi ja alempi linjaus jatkuivat ainakin kahtena rinnakkaisena maantien&auml; Viipurin Tienhaaraan ja Viipuriin. N&auml;ist&auml; l&auml;ntisempi Kauskilan ja Vaalimaan kautta vienyt tie sis&auml;ltyy Teitin luetteloon ja oli my&ouml;s osa Kauskilasta Taipaleen kuninkaankartanon ja Puumalan kautta Olavinlinnaa vienytt&auml; tiet&auml;, joka tulee t&auml;ydentym&auml;&auml;n Viabundus tietokantaan my&ouml;hemmin. It&auml;isempi Kasukkalan ja Viipurin pit&auml;j&auml;n Hanhijoen kautta vieneen linjauksen k&auml;ytt&ouml; vilkastui 1600-luvulla. Ylisen Viipurintien piiriin kuului my&ouml;s Lapveden markkinapaikalle viimeist&auml;&auml;n 1500-luvu1n alkupuolella vienyt tie. Ylinen Viipurintie on muodostettu eri osiltaan yleiseksi talonpoikien yhteisesti yll&auml;pit&auml;m&auml;ksi tieksi viimeist&auml;&auml;n 1400-luvun alussa, mutta mahdollisesti jo 1300-luvun puolimaissa."
"782","483","fin","H&auml;meen ja Viipurin linnoja yhdist&auml;nyt Ylinen Viipurintie sis&auml;ltyy Jakob Teitin 1555&ndash;1556 luetteloon Suomen t&auml;rkeimmist&auml; yleisist&auml; teist&auml;. Tien alkuosa H&auml;meen linnasta Hauhon Etel&auml;isten, Tuuloksen ja Hollolan kautta Uuteenkyl&auml;&auml;n (r. Nyby) sis&auml;ltyy my&ouml;s Juhana-herttuan samanaikaiseen majapaikkaluetteloon. Hollolan Lahden kyl&auml;st&auml; it&auml;&auml;n tiest&auml; on ollut k&auml;yt&ouml;ss&auml; kaksi vaihtoehtoista reitti&auml;, joista toinen ylempi linjaus seurasi sisemp&auml;&auml; Salpausselk&auml;&auml; Vuolenkosken kautta Savitaipaleelle ja edelleen Lapvedelle. Alempi linjaus jatkoi ulomman Salpaussel&auml;n suuntaisesti Iittiin, Keltin lautalle ja Lapvedelle. Molemmat perustuvat jo pitk&auml;&auml;n k&auml;yt&ouml;ss&auml; olleisiin luontaisiin reitteihin. Teitin luettelon kuvaus noudattaa alempaa linjausta, mutta ylemm&auml;n Vuolenkosken silta kautta vieneen tien k&auml;ytt&ouml; oli vilkasta viel&auml; 1500-luvun lopulla, kunnes silta 1590-luvulla poltettiin ja korvattiin 1600-luvun alussa lautalla. Siltaa olivat yll&auml;pit&auml;neet H&auml;meen Hollolan ja Viipurin Lapveden kihlakunnat, mik&auml; viittaa keskiaikaiseen j&auml;rjestelyyn. Kustaa Vaasa m&auml;&auml;r&auml;si 1556 jomman kumman linjauksen h&auml;vitett&auml;v&auml;ksi, mutta hanke ei toteutunut. Alempi Keltin lautan kautta vienyt linjaus oli 1600-luvun alkupuolelta l&auml;htien selv&auml;sti p&auml;&auml;tie. Sen kautta kulki 1617 my&ouml;s kes&auml;tielle rinnakkainen talvitie. Lapvedell&auml; yhtyneet ylempi ja alempi linjaus jatkuivat ainakin kahtena rinnakkaisena maantien&auml; Viipurin Tienhaaraan ja Viipuriin. N&auml;ist&auml; l&auml;ntisempi Kauskilan ja Vaalimaan kautta vienyt tie sis&auml;ltyy Teitin luetteloon ja oli my&ouml;s osa Kauskilasta Taipaleen kuninkaankartanon ja Puumalan kautta Olavinlinnaa vienytt&auml; tiet&auml;, joka tulee t&auml;ydentym&auml;&auml;n Viabundus tietokantaan my&ouml;hemmin. It&auml;isempi Kasukkalan ja Viipurin pit&auml;j&auml;n Hanhijoen kautta vieneen linjauksen k&auml;ytt&ouml; vilkastui 1600-luvulla. Ylisen Viipurintien piiriin kuului my&ouml;s Lapveden markkinapaikalle viimeist&auml;&auml;n 1500-luvu1n alkupuolella vienyt tie. Ylinen Viipurintie on muodostettu eri osiltaan yleiseksi talonpoikien yhteisesti yll&auml;pit&auml;m&auml;ksi tieksi viimeist&auml;&auml;n 1400-luvun alussa, mutta mahdollisesti jo 1300-luvun puolimaissa."
"750","444","fin","Ruotsin Grisslehamnista Ahvenanmaan yli Taivassaloon ja siit&auml; Vehmaan ja Myn&auml;m&auml;en kautta Turkuun vienyt reitti j&auml;rjestettiin 1638 postinkulkua varten ymp&auml;rivuotiseksi postitieksi, jolloin valtakunnanvouti Bernhardt Steen von Steenhousen perusti Ahvenanmaalle kuusi postitaloa Tukholmasta Turkuun kulkevalle reitille. Postia kuljettivat postitalonpojat. J&auml;rjestelm&auml; lakkautettiin Ahvenanmaalla 1845. Suureksi Postitieksi kutsuttu reitti koostui eriaikaisista osista, joista Ahvenanmaan p&auml;&auml;saarella ollut tie takautuu osin 1200-luvulle ja kuului 1380-luvulla perustetun Kastelholman linnan tieverkostoon. Mantereen puolella tie Taivassalon Sannaisista Vehmaan Vinkkil&auml;&auml;n takautunuu aikaisintaan 1400-luvun alkupuolelle mutta Vinkkil&auml;st&auml; Myn&auml;m&auml;elle mahdollisesti 1300-luvun viimeiselle nelj&auml;nnekselle. Vanhin osuus Myn&auml;m&auml;elt&auml; Turkuun lienee ollut yleisen&auml; tien&auml; viimeist&auml;&auml;n 1300-luvun j&auml;lkipuolelta l&auml;htien. My&ouml;hemmin Suureksi Postitieksi kutsutun reitin ymp&auml;rivuotinen k&auml;ytt&ouml; on tutkimusten perusteella vilkastunut jo 1500-luvulla ja sit&auml; k&auml;ytettiin viestiyhteyksiin jo 1507. Tien ja reitin sijoittumiseen sek&auml; laituripaikkoihin on 1800-luvulle saakka vaikuttanut maankohoaminen. "
"756","450","fin","Vuonna 1620 privilegiot saaneen Uudenkaarlepyyn kauppapiiri ulotettiin jo samana vuonna sis&auml;maassa N&auml;sij&auml;rven vesist&ouml;n pohjoisosiin. Samana vuonna m&auml;&auml;r&auml;ttiin rakennettavaksi yleinen tie Lapuanjoelta Ruovedelle, mutta Uudestakaarlepyyst&auml; Lapuan, Alavuden, Virtain ja Ruoveden kautta Orivedelle vienyt yleinen maantie toteutettiin eri osuuksina vasta 1600-luvun j&auml;lkipuolella, p&auml;&auml;osin 1680- ja 1690-luvuilla. Tien varrelle m&auml;&auml;r&auml;ttiin kuitenkin kievareita jo 1639. Uudenkaarlepyyn ja Alah&auml;rm&auml;n v&auml;lill&auml; k&auml;ytettiin viel&auml; 1640-luvulla kuljetuksiin Lapuanjokea ja sen suuntaista talvitiet&auml;. Tie oli keskiaikaisen Kyr&ouml;nkankaan kes&auml;- ja talvitien sek&auml; Ulvilan ja Korsholman linnan v&auml;lisen talvitien ja ratsupolun j&auml;lkeen merkitt&auml;vin uusi yhteys Sis&auml;-Suomesta Pohjanmaalle. Kes&auml;tiehen liittyi my&ouml;s sen suuntaisesti 1600-luvun alkupuolelta l&auml;htien tunnettu talvitie. N&auml;sij&auml;rven it&auml;puolella Oriveden Uudenkaarlepyyn tie syrj&auml;ytti 1500-luvun lopulta l&auml;htien Messukyl&auml;st&auml; Teiskon kautta Ruovedelle vieneen vanhemman paikallisen maantien. Alueen tieverkostoa tullaan t&auml;sment&auml;m&auml;&auml;n my&ouml;hemmiss&auml; p&auml;ivityksiss&auml;."
