"id","literatureid","nodesid","edgesid","pertainsto","pages","namesid"
"30","28","2148","\N","fairs","646-649, 661-664","\N"
"34","28","1828","\N","fairs","646-649, 661-664","\N"
"33103","1328","16149","\N","ferry","220","\N"
"38","28","5421","\N","fairs","646-649, 661-664","\N"
"40","28","6477","\N","fairs","646-649, 661-664","\N"
"42","28","7458","\N","fairs","646-649, 661-664","\N"
"44","28","8000","\N","fairs","646-649, 661-664","\N"
"33104","3922","14526","\N","ferry","525","\N"
"31249","3647","17727","\N","fairs","inv.nrs. 1528, 1563","\N"
"33031","3765","17645","\N","","42-43","\N"
"33032","1646","17598","\N","","160-161","\N"
"18236","1742","8827","\N","\N","292","\N"
"58","28","8701","\N","fairs","649-651, 661-663, 665","\N"
"60","6","3852","\N","tolls","18","\N"
"62","6","3888","\N","tolls","19-21","\N"
"33035","3914","12623","\N","harbour","35","\N"
"66","6","1611","\N","staple","20, 33","\N"
"68","6","517","\N","staple","29","\N"
"33036","3915","16951","\N","bridge","Alte Lahnbrücke mit Brückenturm, &#60;a href=&#34;https://denkxweb.denkmalpflege-hessen.de/53176/&#34;&#62;https://denkxweb.denkmalpflege-hessen.de/53176/&#60;/a&#62;","\N"
"33037","3915","16951","\N","tolls","Alte Lahnbrücke mit Brückenturm, &#60;a href=&#34;https://denkxweb.denkmalpflege-hessen.de/53176/&#34;&#62;https://denkxweb.denkmalpflege-hessen.de/53176/&#60;/a&#62;","\N"
"33038","3916","7751","\N","fairs","357","\N"
"76","6","2409","\N","staple","29","\N"
"33039","3916","1521","\N","staple","356","\N"
"33043","574","8583","\N","","&#60;a href=&#34;https://www.lagis-hessen.de/de/subjects/idrec/sn/ol/id/2279&#34;&#62;Wolfhagen, Landkreis Kassel&#60;/a&#62; (Stand: 26.2.2024)","\N"
"33121","2179","19486","\N","bridge","","\N"
"84","6","7806","\N","staple","29","\N"
"34093","820","19818","\N","bridge","63","\N"
"33045","2361","13881","\N","","48-53","\N"
"90","6","8875","\N","staple","30","\N"
"92","6","1052","\N","staple","31","\N"
"33046","2149","12767","\N","ferry","inv.nr. 221","\N"
"96","6","3500","\N","staple","32","\N"
"33049","2001","16189","\N","tolls","no. 2228","\N"
"33050","3917","11915","\N","fairs","F340 en F?","\N"
"104","6","5623","\N","fairs","34","\N"
"106","6","5623","\N","staple","34","\N"
"33051","2177","19302","\N","lock","16","\N"
"110","6","7321","\N","tolls","34","\N"
"112","6","3344","\N","staple","35","\N"
"33106","3928","15028","\N","","136-139","\N"
"33053","3919","\N","428","edge","17-18","\N"
"36644","3966","19784","\N","","2, 459-560","\N"
"120","6","268","\N","staple","63, 65-67","\N"
"33054","3920","19303","\N","lock","12-13","\N"
"124","6","8876","\N","tolls","64","\N"
"126","6","4816","\N","fairs","66-67","\N"
"128","6","4816","\N","staple","66-67","\N"
"33055","3920","19302","\N","lock","9-10","\N"
"33058","2209","12462","\N","harbour","3","\N"
"33056","3920","12462","\N","harbour","9","\N"
"33059","1865","19305","\N","lock","102, 106-108","\N"
"33069","3920","19305","\N","bridge","11","\N"
"33070","3920","19318","\N","bridge","11-12","\N"
"33071","1973","14896","\N","ferry","330-332","\N"
"33075","2389","12623","\N","tolls","121-123","\N"
"33076","3921","11905","\N","fairs","Tweede stuk nr. 334 sub 61","\N"
"33077","3921","16809","\N","fairs","Tweede stuk nr. 334 sub 61","\N"
"33105","3928","19400","\N","","136, 139","\N"
"33340","2285","12781","\N","tolls","inv.nr. 2290 f.8v/9","\N"
"33084","3123","19348","\N","tolls","","\N"
"33086","3923","14627","\N","fairs","25/26","\N"
"33087","2161","14627","\N","fairs","144","\N"
"33088","3147","8180","\N","fairs","328","\N"
"33089","552","2740","\N","","221-222","\N"
"33090","552","5631","\N","","341-343","\N"
"33091","3923","13915","\N","fairs","XXIX: 264-266","\N"
"33092","3923","1668","\N","tolls","347","\N"
"33093","3924","10331","\N","tolls","","\N"
"33094","2141","19373","\N","tolls","154/155","\N"
"33096","3925","19373","\N","tolls","inv.nr. 2067","\N"
"24941","2141","243","\N","tolls","153-155","\N"
"33112","1646","8866","\N","","400-401","\N"
"33098","3926","19378","\N","ferry","regest nos. 48, 58, inv. nos. 865, 878","\N"
"33100","3927","11958","\N","fairs","inv.nr. 645/regest nr. 84","\N"
"26887","2913","8866","\N","fairs","no. 135","\N"
"9622","942","5658","\N","\N","Oosterwolde (Oldebroek, Gl), Kerkdorp (Oldebroek, Gl)","\N"
"244","38","80","\N","\N","19","\N"
"33115","708","9792","\N","","88","\N"
"13710","1428","4701","\N","\N","113-114","\N"
"33116","3619","15379","\N","ferry","827","\N"
"33117","4","\N","429","edge","334","\N"
"254","38","89","\N","\N","20","\N"
"33118","3931","\N","429","edge","","\N"
"5146","652","3305","\N","\N","315-316","\N"
"33120","1856","19476","\N","bridge","371","\N"
"33125","3933","14910","\N","harbour","105-108","\N"
"33126","2109","15435","\N","bridge","155","\N"
"33128","1006","9991","\N","harbour","22","\N"
"33133","2415","15428","\N","ferry","","\N"
"33134","2415","15430","\N","ferry","","\N"
"33135","1800","3687","\N","","140","\N"
"33137","2283","2065","\N","","30-31","\N"
"33138","2283","2990","\N","","45-46","\N"
"33139","920","2065","\N","tolls","286-287","\N"
"33141","1544","12029","\N","lock","Tafel 8.5","\N"
"33142","1544","12030","\N","lock","Tafel 8.5","\N"
"290","48","79","\N","\N","56","\N"
"292","48","75","\N","\N","55","\N"
"33144","3934","1246","\N","","Bd. II, 664","\N"
"296","38","101","\N","\N","20","\N"
"33099","3926","12785","\N","tolls","inv. no. 1357","\N"
"33085","3033","10800","\N","ferry","inv. no. 152","\N"
"33108","2365","15132","\N","tolls","","\N"
"33113","1776","8866","\N","staple","40-41","\N"
"18890","3765","8352","\N","\N","275","\N"
"33033","3765","4587","\N","","155","\N"
"33040","3916","268","\N","fairs","355","\N"
"33044","1650","8583","\N","","528","\N"
"33047","2173","12767","\N","ferry","","\N"
"8288","700","5460","\N","fairs","322-323","\N"
"33060","2241","19305","\N","lock","221-226","\N"
"33072","2361","14896","\N","ferry","46-50","\N"
"33079","3922","16187","\N","tolls","265","\N"
"33083","3079","19348","\N","tolls","11","\N"
"578","38","179","\N","\N","52","\N"
"33095","3924","19373","\N","tolls","31/32 and map on 27.","\N"
"33102","2123","15433","\N","tolls","57","\N"
"33341","920","7669","\N","fairs","337-338","\N"
"33119","3932","3305","\N","tolls","1642","\N"
"33122","2179","14888","\N","bridge","","\N"
"33127","1856","15435","\N","bridge","369","\N"
"33129","1006","11442","\N","harbour","22","\N"
"33136","1796","8393","\N","","1, no. 149","\N"
"33140","920","2065","\N","","286-287","\N"
"33143","1800","413","\N","","23","\N"
"33145","1796","195","\N","","I, no. 469, II, no. 1110","\N"
"34094","820","19819","\N","bridge","36","\N"
"25503","4003","925","\N","tolls","154","\N"
"584","38","180","\N","\N","28","\N"
"35356","3861","19959","\N","","174","\N"
"35358","3861","19960","\N","","160","\N"
"35361","3861","19963","\N","","375","\N"
"396","4","110","\N","\N","p., 744","\N"
"35362","3861","19964","\N","","159","\N"
"35364","3861","19967","\N","","note 369","\N"
"35365","3861","19968","\N","","160, note 369.","\N"
"35368","3861","19971","\N","","note 369","\N"
"406","64","114","\N","\N","p., 27","\N"
"35370","3861","19973","\N","","note 369","\N"
"35372","3861","19975","\N","","175","\N"
"35373","3241","12018","\N","tolls","inv. no. 5012","\N"
"35375","2345","14932","\N","bridge","386","\N"
"35376","942","7145","\N","","Simpelveld (Simpelveld, Lb)","\N"
"35378","3867","19924","\N","","132–133","\N"
"36645","3979","19784","\N","","50, 161, 509","\N"
"428","38","120","\N","\N","p.,23","\N"
"500","38","132","\N","\N","p.,24","\N"
"514","38","144","\N","\N","p., 25","\N"
"554","66","173","\N","\N","p. 44","\N"
"576","38","178","\N","\N","p. 27","\N"
"614","66","184","\N","\N","p. 30","\N"
"18222","1742","7933","\N","\N","253","\N"
"33041","3916","12603","\N","harbour","357","\N"
"33048","2133","12767","\N","ferry","","\N"
"33057","2035","12464","\N","tolls","&#60;a href=&#34;https://resources.huygens.knaw.nl/registershollandsegrafelijkheid/oorkonde/NH_300&#34;&#62;NH 300&#60;/a&#62;","\N"
"626","74","193","\N","\N","p. 189 f.","\N"
"628","38","197","\N","\N","p. 29","\N"
"634","74","200","\N","\N","p. 383","\N"
"33061","2209","19305","\N","lock","3","\N"
"33073","2361","14897","\N","ferry","46-50","\N"
"33080","3922","19348","\N","tolls","265","\N"
"33109","2123","15132","\N","tolls","83-107","\N"
"33114","1776","1038","\N","bridge","62","\N"
"13312","1380","5460","\N","fairs","47-48, 70","\N"
"33123","2179","19485","\N","bridge","","\N"
"33130","1006","11441","\N","harbour","22","\N"
"33146","1796","5403","\N","","II, no. 1110","\N"
"33342","3949","7669","\N","fairs","19","\N"
"34095","820","19820","\N","bridge","63-64","\N"
"34097","4003","8280","\N","staple","153-154","\N"
"34098","4003","2060","\N","tolls","153","\N"
"34099","4003","8807","\N","tolls","152","\N"
"34101","4003","19822","\N","tolls","153n4","\N"
"34103","4003","\N","321","edge","148-149","\N"
"34104","4003","6334","\N","tolls","151","\N"
"34105","4003","\N","435","edge","149-151","\N"
"34106","3998","19831","\N","","101","\N"
"840","38","301","\N","\N","38","\N"
"35357","3964","19959","\N","","85","\N"
"35359","3979","19960","\N","","247","\N"
"35363","3861","19965","\N","","159","\N"
"35366","3861","19969","\N","","159, 160, note 369","\N"
"35369","3861","19972","\N","","173, note 369","\N"
"35371","3861","19974","\N","","374","\N"
"35374","1538","12018","\N","harbour","88, 93-94","\N"
"35377","1646","\N","\N","names","101","30369"
"35379","3974","19924","\N","","523","\N"
"36650","3966","19795","\N","","vol. 2, 455","\N"
"36651","3979","19802","\N","","49–50","\N"
"36660","4222","\N","440","edge","","\N"
"36661","4224","20372","\N","bridge","17","\N"
"36663","3319","\N","440","edge","11–20, 30–38, 86–88","\N"
"36664","4008","\N","440","edge","41-42","\N"
"36646","3861","19795","\N","","104, 190, 230, 232, 382","\N"
"802","74","249","\N","\N","p. 27","\N"
"812","38","265","\N","\N","p. 35","\N"
"814","74","265","\N","\N","p. 29","\N"
"820","38","273","\N","\N","p. 35","\N"
"824","38","285","\N","\N","p. 37","\N"
"844","38","306","\N","\N","p. 39","\N"
"858","38","322","\N","\N","p. 40","\N"
"860","38","332","\N","\N","p. 41","\N"
"876","38","338","\N","\N","p. 41","\N"
"910","38","346","\N","\N","p. 42f.","\N"
"33034","3765","17841","\N","","191","\N"
"33042","3916","17611","\N","staple","356","\N"
"33062","1985","19305","\N","lock","inv. no. 104","\N"
"33074","1973","14897","\N","ferry","330-332","\N"
"36647","3974","19795","\N","","nr. 1508","\N"
"33110","3929","15132","\N","tolls","","\N"
"33124","1830","12452","\N","harbour","4","\N"
"33131","1006","6766","\N","harbour","22","\N"
"33147","1796","230","\N","","I, no. 377","\N"
"33149","1544","12034","\N","lock","Tafel 8.5","\N"
"33150","1842","13749","\N","harbour","407-411","\N"
"33151","4","16254","\N","ferry","208","\N"
"34096","820","10271","\N","harbour","153","\N"
"33154","3935","9055","\N","","I, no. 408","\N"
"33155","2283","19513","\N","","62-63","\N"
"33156","3934","3451","\N","","Bd. 5, 164-166","\N"
"33157","3935","8285","\N","","I, no. 54","\N"
"33161","3935","13966","\N","","Bd. 5 Abt. 2, no. 3047","\N"
"33162","3935","4528","\N","","Bd. 5 Abt. 2, no. 3286","\N"
"33163","3935","4791","\N","","Bd. 5 Abt. 1, no. 3014","\N"
"34100","4003","\N","\N","names","152","29806"
"34102","4003","\N","434","edge","153","\N"
"33166","3935","4237","\N","","Bd. 2 Abt. 2, no. 1132, Bd. 5 Abt. 1, no. 2880","\N"
"1004","164","257","\N","\N","p. 8","\N"
"33167","1796","8070","\N","","no. 9187","\N"
"33168","3813","18212","\N","","44","\N"
"1010","164","277","\N","\N","p. 9","\N"
"1012","164","329","\N","\N","p. 10","\N"
"33169","1796","2987","\N","","no. 1844","\N"
"33170","3935","3621","\N","","no. 145","\N"
"33171","3935","6263","\N","","no. 777","\N"
"1022","38","1175","\N","\N","p. 108","\N"
"33172","3813","18220","\N","","44","\N"
"33173","3813","18219","\N","","44","\N"
"33174","3813","18221","\N","","44","\N"
"33175","3813","18225","\N","","44","\N"
"33176","3813","18226","\N","","44-47","\N"
"33177","3813","18227","\N","","44","\N"
"36652","3867","19802","\N","","458-459","\N"
"33180","3813","18243","\N","","44","\N"
"33183","3813","18247","\N","","44","\N"
"33185","3813","18248","\N","","44","\N"
"33186","3813","18251","\N","","44","\N"
"33189","3813","19512","\N","","42, 44 &#38; 89.","\N"
"33190","3813","19507","\N","","42, 44 &#38; 89.","\N"
"33191","3813","19508","\N","","42, 44 &#38; 89.","\N"
"33148","3813","19511","\N","","42, 44 &#38; 89","\N"
"33194","1550","11820","\N","harbour","56","\N"
"33202","3937","3250","\N","","","\N"
"33205","3937","3250","\N","bridge","9-10","\N"
"33207","3938","19515","\N","bridge","","\N"
"33208","1796","7460","\N","","no. 5485","\N"
"33209","1796","2271","\N","","no. 1809","\N"
"33210","1796","1893","\N","","no. 5464","\N"
"33213","1796","8664","\N","","no. 8216","\N"
"33214","1796","5896","\N","","no. 5561","\N"
"33215","942","19518","\N","","Leiderdorp (Leiderdorp, ZH)","\N"
"36662","4224","20373","\N","bridge","17","\N"
"1098","38","975","\N","\N","91","\N"
"33221","3939","19528","\N","bridge","93-94","\N"
"33222","3939","19530","\N","bridge","93-94","\N"
"33224","3939","19535","\N","bridge","94-95","\N"
"33225","3939","19537","\N","bridge","94-95","\N"
"33226","3940","19541","\N","ferry","","\N"
"33227","3940","13713","\N","ferry","","\N"
"33228","3941","19541","\N","ferry","","\N"
"33230","942","19545","\N","","Druten (Druten, Gl)","\N"
"33231","216","12785","\N","tolls","Tiel","\N"
"13022","1346","11726","\N","\N","consulted 15 July 2020","\N"
"33232","3942","11510","\N","","37-38","\N"
"32369","2241","10786","\N","harbour","253-254, 339n187","\N"
"33234","2105","15054","\N","harbour","239","\N"
"33236","3131","19552","\N","","845","\N"
"33238","942","19554","\N","harbour","Broekerhaven (Stede Broec, NH)","\N"
"33239","3944","16915","\N","ferry","53","\N"
"33240","3945","3898","\N","","245","\N"
"33241","1800","3898","\N","","72","\N"
"33242","3945","6094","\N","","278","\N"
"33243","3945","7309","\N","","285","\N"
"33259","3946","5897","\N","","253","\N"
"33267","3946","2134","\N","","429","\N"
"33268","1800","979","\N","","29","\N"
"33271","3945","6996","\N","","54","\N"
"33272","1800","8285","\N","","157","\N"
"33277","3947","6471","\N","","146n8","\N"
"33286","3946","8563","\N","","81","\N"
"33287","3947","1642","\N","","160n11","\N"
"33288","3947","8805","\N","","203","\N"
"33292","3947","4031","\N","","68-69","\N"
"33296","3945","2382","\N","","221","\N"
"33297","3945","7665","\N","","212","\N"
"33298","3946","8183","\N","","139","\N"
"33299","3946","7444","\N","","153n10","\N"
"33300","3946","5022","\N","","158","\N"
"33301","3946","1168","\N","","169","\N"
"33304","3946","8575","\N","","193-198","\N"
"33305","3291","11812","\N","harbour","","\N"
"33308","1796","5224","\N","tolls","no. 9553","\N"
"33313","3946","2024","\N","fairs","319-321","\N"
"33316","1800","7766","\N","","146","\N"
"33319","3947","8347","\N","","238-240","\N"
"33320","3934","6404","\N","","Bd. 1, 348-351","\N"
"33321","3934","7543","\N","","391-395","\N"
"33322","3948","6947","\N","fairs","32","\N"
"33063","2285","19305","\N","lock","inv. nos. 4924-4927","\N"
"33111","3930","15132","\N","tolls","","\N"
"33132","1694","12545","\N","lock","82-83","\N"
"33152","2283","16254","\N","ferry","305-306","\N"
"33158","3935","8548","\N","","I, no. 54","\N"
"33178","3813","18240","\N","","44","\N"
"33181","3813","18244","\N","","44-46","\N"
"33184","3813","18249","\N","","44","\N"
"33187","3813","18250","\N","","44","\N"
"33192","3813","19509","\N","","42, 44 &#38; 89.","\N"
"33195","1550","12118","\N","lock","56","\N"
"33203","3937","3250","\N","lock","14-16","\N"
"33206","1800","19514","\N","","163","\N"
"33211","1796","9442","\N","ferry","no. 5256","\N"
"33217","3143","19519","\N","bridge","9-10, regest no. 21","\N"
"33223","3939","19533","\N","bridge","94","\N"
"33229","3941","13713","\N","ferry","","\N"
"27689","3085","12785","\N","tolls","","\N"
"33233","3939","10786","\N","harbour","107-108","\N"
"33237","3131","19551","\N","","854","\N"
"33235","3131","15054","\N","harbour","688","\N"
"1302","38","1232","\N","\N","p. 260","\N"
"33244","3945","8196","\N","","272","\N"
"33260","1800","1169","\N","","65","\N"
"33269","3945","979","\N","","52","\N"
"33273","3945","8285","\N","","N218","\N"
"33278","3947","2545","\N","","137","\N"
"33284","3475","15076","\N","harbour","58-59","\N"
"36648","4024","19795","\N","","55–56, 374","\N"
"33289","3947","4966","\N","","167","\N"
"33293","1800","7342","\N","","136","\N"
"1322","38","1247","\N","\N","p. 112","\N"
"33302","3946","1496","\N","","135","\N"
"33307","1414","11812","\N","harbour","51","\N"
"33309","3945","5224","\N","tolls","N6","\N"
"33314","3946","2024","\N","","317-324","\N"
"33317","3946","7766","\N","","31-33","\N"
"33323","3948","6947","\N","tolls","36","\N"
"33343","3949","19599","\N","bridge","18","\N"
"33344","3949","19599","\N","tolls","18","\N"
"33345","3934","4181","\N","","Bd. 1, 454-456","\N"
"33350","2105","14546","\N","bridge","70, 214, 238","\N"
"33351","3950","12477","\N","ferry","inv.nr. 45/regest nr. 7","\N"
"33355","2105","19611","\N","ferry","240","\N"
"33356","1796","16928","\N","tolls","no. 1654","\N"
"33358","3934","16928","\N","bridge","Bd. 5, 85","\N"
"33360","3934","258","\N","tolls","Bd. 5, 85","\N"
"1358","38","1666","\N","\N","p. 143","\N"
"33432","974","19662","\N","fairs","55","\N"
"33433","3627","3135","\N","","832","\N"
"33364","3951","19621","\N","fairs","322-325","\N"
"33366","3951","19621","\N","","331, 322-325","\N"
"33369","3315","19623","\N","bridge","528-530","\N"
"33367","3954","19621","\N","","200, 278-279, 285-292","\N"
"33374","3951","19621","\N","tolls","322","\N"
"33375","3951","19624","\N","fairs","320-324","\N"
"33383","1796","19616","\N","bridge","no. 595","\N"
"1384","74","1671","\N","\N","p. 134","\N"
"33386","3957","1509","\N","fairs","43-44n168","\N"
"33387","3934","1755","\N","","Bd. 3, 192-199","\N"
"34107","3861","19831","\N","","103, 273-276","\N"
"9542","3627","11543","\N","\N","240, 740","\N"
"1400","38","1689","\N","\N","p. 483 f.","\N"
"33389","3627","11540","\N","","81, 266","\N"
"33390","3627","10206","\N","","79","\N"
"33391","3627","2183","\N","","818","\N"
"33394","3627","10543","\N","","860-861","\N"
"33396","3627","12055","\N","","903","\N"
"33397","3627","10109","\N","","795","\N"
"33400","3627","12499","\N","","848","\N"
"11166","3627","5262","\N","\N","862","\N"
"33404","3627","4683","\N","","853","\N"
"7104","852","3411","\N","tolls","126-128","\N"
"33407","852","19638","\N","tolls","210, 880-881","\N"
"33409","3813","19641","\N","","44","\N"
"33410","3813","19642","\N","","44-47","\N"
"33411","3813","19644","\N","","44","\N"
"33413","3813","19646","\N","","44 &#38; 47","\N"
"33414","852","12427","\N","tolls","239","\N"
"33417","852","19645","\N","tolls","210","\N"
"33420","3627","4956","\N","","426","\N"
"33421","652","6505","\N","fairs","351","\N"
"33423","3627","19640","\N","","772","\N"
"33427","3627","19638","\N","","711-712","\N"
"33430","3627","19660","\N","","16","\N"
"33431","974","6505","\N","","","\N"
"4134","582","6419","\N","\N","92, 181","\N"
"33443","3627","6419","\N","","876","\N"
"6902","846","1172","\N","\N","19","\N"
"1462","4","1696","\N","\N","p. 439","\N"
"33450","3958","4237","\N","","85","\N"
"33451","3958","6183","\N","","132-133","\N"
"33452","3958","5821","\N","","119-120","\N"
"18848","1742","3943","\N","\N","134","\N"
"14756","1478","5740","\N","\N","1018-1022","\N"
"29191","1911","10795","\N","fairs","87","\N"
"33453","1682","13111","\N","ferry","101","\N"
"26069","2599","16622","\N","tolls","8, 16","\N"
"1482","60","544","\N","\N","p. 29","\N"
"33458","3627","6731","\N","fairs","883","\N"
"33461","3867","19663","\N","","508–510","\N"
"35360","3979","19961","\N","","247","\N"
"33460","3699","16865","\N","fairs","inv.nr. 66.12","\N"
"35367","3861","19970","\N","","160.","\N"
"33415","852","19647","\N","tolls","210, 692","\N"
"1504","164","116","\N","\N","p. 4","\N"
"33064","1646","19305","\N","lock","314","\N"
"33159","3935","4300","\N","","I, no. 54","\N"
"33188","3936","3708","\N","","","\N"
"33193","3813","19510","\N","","42, 44 &#38; 89","\N"
"33196","1550","12117","\N","lock","56","\N"
"33204","3937","3250","\N","tolls","16-17","\N"
"33212","1796","5744","\N","","no. 1650","\N"
"33218","3143","19519","\N","ferry","9-10, regest no. 21","\N"
"33346","3934","19600","\N","bridge","Bd. 1, 454","\N"
"24189","2505","12785","\N","tolls","297, inv. no. 2495","\N"
"33245","1800","8196","\N","","155","\N"
"33261","3946","1169","\N","","224","\N"
"33270","3945","10266","\N","","N229n6","\N"
"33274","3945","2181","\N","","232","\N"
"33279","3947","2578","\N","","139n2","\N"
"33285","3131","15076","\N","harbour","933","\N"
"33294","3945","7342","\N","","87-89, 111-112","\N"
"33303","3946","7813","\N","","118","\N"
"33310","3945","5224","\N","","N3-9","\N"
"33315","3946","2051","\N","","9-13","\N"
"33318","3946","736","\N","","42","\N"
"33290","3947","7485","\N","","115-119","\N"
"33324","3948","6947","\N","","29-40","\N"
"33352","2295","12477","\N","ferry","inv.nr. 822","\N"
"33354","658","15031","\N","","","\N"
"33357","3934","16928","\N","tolls","Bd. 5, 85","\N"
"33359","1796","16928","\N","bridge","no. 1654","\N"
"33361","1796","258","\N","tolls","no. 1853, 1854","\N"
"33365","3952","19621","\N","fairs","44-47","\N"
"33368","3955","19621","\N","","18-29","\N"
"33370","3951","19623","\N","bridge","331","\N"
"34108","4004","19831","\N","","206","\N"
"33376","3952","19624","\N","fairs","44-47","\N"
"33384","3934","19616","\N","bridge","Bd. 5, 85","\N"
"10256","3627","11582","\N","\N","266, 458","\N"
"11936","3627","9881","\N","\N","213","\N"
"5798","540","10040","\N","\N","321-322","\N"
"8034","3627","10979","\N","\N","894","\N"
"33401","652","8752","\N","fairs","749","\N"
"33405","3627","7249","\N","","889","\N"
"33408","852","19639","\N","tolls","210, 880-881","\N"
"33412","3861","19644","\N","","230 &#38; 382","\N"
"16292","586","12427","\N","\N","260-261","\N"
"33418","852","12425","\N","tolls","210","\N"
"33422","3627","6505","\N","","556","\N"
"33424","852","19643","\N","tolls","210","\N"
"33428","3627","19645","\N","","655","\N"
"33434","3627","541","\N","","798","\N"
"33444","1554","12062","\N","bridge","164-165","\N"
"33454","2569","13111","\N","ferry","36-38","\N"
"33455","942","16636","\N","","Teteringen (Breda, NB)","\N"
"33459","3627","6731","\N","","883","\N"
"35380","3975","19924","\N","","2, 116","\N"
"33416","852","19636","\N","tolls","210, 692","\N"
"36649","3979","19795","\N","","460, 486–487","\N"
"7422","852","4780","\N","tolls","252-255, 844","\N"
"36653","3871","19802","\N","","ID 1000022293 (Porvoo, Gammelgård), 1000003250 and1000006570 (Saksalan markkinapaikka)","\N"
"1678","164","1232","\N","\N","p. 29","\N"
"1758","60","8938","\N","\N","p. 67","\N"
"33065","2177","19305","\N","lock","16-17, 35","\N"
"33347","3949","19600","\N","tolls","18","\N"
"33362","3934","1385","\N","tolls","Bd. 5, 85","\N"
"33160","3935","3625","\N","","Bd. 2 Abt. 1, no. 633, Bd. 5 Abt. 1, no. 3014","\N"
"33197","1550","12116","\N","lock","56","\N"
"33219","1830","13790","\N","tolls","4","\N"
"33246","3945","4114","\N","","259","\N"
"33262","1800","2226","\N","","50","\N"
"33275","3947","5446","\N","","193n10","\N"
"33280","3947","3759","\N","","139n2","\N"
"33291","3947","8788","\N","","65","\N"
"33295","3945","6671","\N","","136","\N"
"33311","1796","2024","\N","tolls","no. 9553","\N"
"33325","920","13720","\N","tolls","307","\N"
"33327","3934","3902","\N","","Bd. 1, 404","\N"
"33328","3934","547","\N","","Bd. 1, 324","\N"
"33329","3934","6566","\N","","Bd. 1, 319-320","\N"
"33331","3934","2248","\N","","Bd. 1, 499-503","\N"
"33333","3934","7669","\N","","Bd. 1, 411-412","\N"
"33334","3934","5908","\N","","Bd. 1, 431","\N"
"33335","2283","3625","\N","","214","\N"
"33336","2283","4010","\N","","53-54","\N"
"33338","2283","7810","\N","","305","\N"
"33339","2105","19575","\N","bridge","228","\N"
"34109","4005","19831","\N","","40","\N"
"33377","3953","19624","\N","fairs","345","\N"
"33385","3934","4723","\N","","Bd. 5, 84-93","\N"
"9160","3627","11524","\N","\N","266, 311","\N"
"33392","3627","4780","\N","","855","\N"
"33395","3627","10040","\N","","856","\N"
"13964","1456","4510","\N","\N","48-49","\N"
"33402","652","8752","\N","","749","\N"
"33406","3627","17453","\N","","867","\N"
"33419","852","19640","\N","tolls","210","\N"
"33425","3627","19643","\N","","509","\N"
"33429","3627","19657","\N","","55","\N"
"33435","3627","6540","\N","","879","\N"
"33445","846","12062","\N","bridge","19","\N"
"26397","942","16663","\N","\N","Heeze (Heeze-Leende, NB)","\N"
"33463","3952","19664","\N","fairs","113–122, Tafl. VI","\N"
"7420","852","2014","\N","tolls","252-255, 842-844","\N"
"33510","3962","19682","\N","","14-15","\N"
"33475","3960","19665","\N","","29- 31, 55-58, 94-95, 215-218","\N"
"33483","852","12441","\N","tolls","824-826","\N"
"33484","852","19666","\N","bridge","825","\N"
"33485","3787","18135","\N","","53-54, 66-71, 156-163","\N"
"33486","3960","18135","\N","","29- 31, 55-58, 94-95, 210-227","\N"
"33492","3627","11538","\N","","749-750","\N"
"33493","1646","19669","\N","harbour","241","\N"
"33495","3765","17574","\N","","190","\N"
"33496","3958","1265","\N","","83","\N"
"5534","74","8350","\N","\N","p. 464","\N"
"33497","3958","13967","\N","","45-46","\N"
"33498","1782","19671","\N","lock","Plassendale &#60;a href=&#34;https://id.erfgoed.net/themas/5408&#34;&#62;https://id.erfgoed.net/themas/5408&#60;/a&#62;","\N"
"33500","1782","19673","\N","lock","Plassendale &#60;a href=&#34;https://id.erfgoed.net/themas/5408&#34;&#62;https://id.erfgoed.net/themas/5408&#60;/a&#62;","\N"
"33501","3958","3566","\N","","69-70","\N"
"33502","3958","5080","\N","","95-96","\N"
"33503","3958","2171","\N","","50-51","\N"
"33504","4","14403","\N","bridge","173","\N"
"33505","4","14401","\N","bridge","173","\N"
"33506","1782","\N","430","edge","Plassendale &#60;a href=&#34;https://id.erfgoed.net/themas/5408&#34;&#62;https://id.erfgoed.net/themas/5408&#60;/a&#62;","\N"
"33507","1782","\N","431","edge","Plassendale &#60;a href=&#34;https://id.erfgoed.net/themas/5408&#34;&#62;https://id.erfgoed.net/themas/5408&#60;/a&#62;","\N"
"33508","1782","\N","432","edge","Plassendale &#60;a href=&#34;https://id.erfgoed.net/themas/5408&#34;&#62;https://id.erfgoed.net/themas/5408&#60;/a&#62;","\N"
"33509","1782","19677","\N","bridge","Scheepsdalelaan &#60;a href=&#34;https://id.erfgoed.net/themas/7060&#34;&#62;https://id.erfgoed.net/themas/7060&#60;/a&#62;","\N"
"34110","4004","19833","\N","","206","\N"
"33699","586","\N","\N","names","449","29538"
"33525","1514","11847","\N","ferry","23","\N"
"33531","3965","19683","\N","","300-304?","\N"
"33536","3871","19684","\N","","ID 1000002064","\N"
"7286","852","10611","\N","tolls","236-238, 998","\N"
"36654","3975","19802","\N","","2, 127-128","\N"
"33540","852","11567","\N","tolls","842-843","\N"
"33541","3627","19687","\N","","342, 556-557","\N"
"33542","3627","19685","\N","","311-312","\N"
"10042","3627","11567","\N","\N","605","\N"
"33544","3958","\N","\N","names","176","\N"
"33545","3958","\N","\N","names","176","29472"
"33547","3958","\N","\N","names","176","29468"
"33647","3967","19683","\N","","100-109","\N"
"33651","3935","\N","\N","names","I no. 408","10482"
"33543","3935","\N","\N","names","V no. 2742","3951"
"33702","586","4956","\N","","281-282","\N"
"33701","586","\N","\N","names","281","29539"
"1988","60","1429","\N","\N","p. 104","\N"
"33703","586","10067","\N","","9","\N"
"33705","540","12054","\N","","87","\N"
"33706","3967","19698","\N","","33-34","\N"
"33710","3871","19701","\N","","ID 1000006101, 564010044, 1000006102","\N"
"33714","3871","18126","\N","","ID 1000040813 (Liminka church), 1000034326 (Oulu church), 564010044 (Kastelli), 1000006101 (Linnansaari), 1000006102 (Oulu town area).","\N"
"33467","3961","19664","\N","","23–24, 47-48","\N"
"33066","1686","19305","\N","lock","33","\N"
"33198","1550","12115","\N","lock","56","\N"
"33220","1830","13790","\N","bridge","4","\N"
"33247","1800","4114","\N","","77","\N"
"33263","3945","2226","\N","","N151","\N"
"33276","3947","7936","\N","","79n7","\N"
"33281","3947","2055","\N","","159","\N"
"33312","3946","2024","\N","tolls","319","\N"
"33326","3934","13720","\N","","Bd. 1, 398-400","\N"
"33330","3934","9034","\N","","Bd. 1, 320","\N"
"33332","3934","8028","\N","","Bd. 1, 416-417","\N"
"33337","2283","13722","\N","","119","\N"
"33348","920","4181","\N","fairs","300-301","\N"
"33363","1796","1385","\N","tolls","no. 1853, 1854","\N"
"33378","3956","19624","\N","fairs","vol. 4, nr. 150, 179","\N"
"33393","3627","6443","\N","","877","\N"
"33398","3627","3973","\N","","796","\N"
"6146","760","8752","\N","fairs","178","\N"
"33426","3627","19639","\N","","256","\N"
"33436","3627","558","\N","","798","\N"
"33446","3627","10069","\N","","495","\N"
"33456","942","16703","\N","","Huijbergen (Woensdrecht, NB)","\N"
"36655","3977","19802","\N","","393-397","\N"
"2120","60","35","\N","\N","p. 106","\N"
"9524","852","10979","\N","tolls","824-826","\N"
"33487","3961","18135","\N",""," 23–24","\N"
"33494","1646","19670","\N","harbour","241","\N"
"33499","1782","19671","\N","","Plassendale &#60;a href=&#34;https://id.erfgoed.net/themas/5408&#34;&#62;https://id.erfgoed.net/themas/5408&#60;/a&#62;","\N"
"33511","3871","19682","\N","","ID 1000023441","\N"
"33518","3964","19683","\N","","155, 158–159","\N"
"33526","3695","11847","\N","ferry","219-221","\N"
"33532","3966","19683","\N","","vol. II, 357–358","\N"
"33537","3966","19684","\N","","vol. II, 357–358","\N"
"33546","3958","\N","\N","names","176","29473"
"33548","3958","\N","\N","names","176","29470"
"33648","3967","19683","\N","fairs","100-109","\N"
"33652","3958","\N","\N","names","70","29440"
"33468","3952","19664","\N","","113–122, Tafl. VI","\N"
"33700","586","19638","\N","","449","\N"
"33704","586","19685","\N","","213-214","\N"
"33707","3871","19698","\N","","ID 564010044","\N"
"2160","60","1790","\N","\N","p. 123","\N"
"33711","3967","19701","\N","","33-34","\N"
"33476","3961","19665","\N","","23–24, 47-48","\N"
"34114","4004","19832","\N","","46, 206","\N"
"34111","3861","19833","\N","","106, 273-276","\N"
"35381","4024","19924","\N","","54-55, 64, 83, 311","\N"
"33715","3956","18126","\N","","2, nr. 78–80 (29.9.1531), 4, nr. 187 (3.1.1605), 195 (8.4.1605), 200 (5.6.1605), 209 (12.4.1606), 210 (27.4.1606), 246 (27.6.1608), 285 (26.9.1610), 6, nr. 31 (Juli 1621), 48 (6.3.1622).","\N"
"33535","3965","19682","\N","fairs","300-304?","\N"
"33551","3958","\N","\N","names","176","29475"
"33464","3956","19664","\N","fairs","2, nr. 78–80, Åbo (29.9.1531), 4, nr. 246 (27.6.1608), 6, nr. 48 (6.3.1622), 177 (15.2.1627).","\N"
"36666","3321","\N","440","edge","151-157","\N"
"2328","60","2009","\N","\N","p. 131","\N"
"2330","60","2036","\N","\N","p. 133","\N"
"33067","1935","19305","\N","lock","475","\N"
"33199","1550","12114","\N","lock","56","\N"
"33248","1800","2283","\N","","53","\N"
"33264","1800","2161","\N","","49","\N"
"33282","3131","15950","\N","","933","\N"
"33349","4","16928","\N","bridge","199","\N"
"33373","3954","19623","\N","bridge","278-279","\N"
"33379","3954","19624","\N","","190-196, 255-256, 277","\N"
"33399","3627","17452","\N","","886","\N"
"33403","38","8752","\N","","699","\N"
"33437","3627","6563","\N","","881","\N"
"33447","1542","12026","\N","bridge","55-57","\N"
"33457","942","16751","\N","","Nispen (Roosendaal, NB)","\N"
"33465","3871","19664","\N","fairs","ID 1000011801","\N"
"33469","3867","19664","\N","","508–510","\N"
"33477","3952","19665","\N","","113–114, 121–122, Tafl. V","\N"
"13694","1426","11538","\N","\N","79-82","\N"
"33488","3953","18135","\N","","362","\N"
"33512","3871","19682","\N","","ID 1000031779","\N"
"33519","3964","19683","\N","fairs","155, 158–159","\N"
"33527","1456","11847","\N","ferry","13","\N"
"33533","3965","19682","\N","","300-304?","\N"
"33538","3965","19684","\N","","300-304?","\N"
"33549","3958","\N","\N","names","176","29471"
"33649","3967","19682","\N","","100-109","\N"
"33653","3958","\N","\N","names","70","29441"
"33708","3968","19698","\N","","48–63","\N"
"33712","3968","19701","\N","","48-63","\N"
"33716","3787","18126","\N","","66-70","\N"
"34112","4005","19833","\N","","40","\N"
"34115","3998","19832","\N","","101","\N"
"35382","4071","19924","\N","","","\N"
"36656","3966","19802","\N","","vol. 2, 452–459","\N"
"36667","3964","\N","440","edge","89, 125–126","\N"
"33068","3920","19305","\N","lock","6-8","\N"
"33200","1550","12113","\N","lock","56","\N"
"33249","3946","2283","\N","","466","\N"
"33265","3945","2161","\N","","14","\N"
"33380","3951","19624","\N","","320-325","\N"
"33438","3627","7441","\N","","892","\N"
"33448","38","10547","\N","","665","\N"
"33466","3960","19664","\N","","29- 31, 55-58, 94-95, 215-218","\N"
"33478","3871","19665","\N","","ID 1000011507","\N"
"33513","3952","19682","\N","fairs","121–123","\N"
"34113","4006","19833","\N","","284","\N"
"2630","60","4475","\N","\N","p. 222 - 225","\N"
"33528","3695","11848","\N","bridge","218-223","\N"
"33550","3958","\N","\N","names","176","29474"
"33650","3967","19682","\N","fairs","100-109","\N"
"33654","3935","\N","\N","names","I no. 408","23173"
"35383","3952","19925","\N","fairs","36-37, 43","\N"
"36657","3980","19802","\N","","190–194","\N"
"2646","60","4881","\N","\N","p. 236 - 239","\N"
"33709","3969","19698","\N","","37-48","\N"
"33713","3956","19701","\N","","4, nr. 187 (3.1.1605)","\N"
"33717","3970","18126","\N","","40-70","\N"
"33534","3966","19682","\N","","vol. II, 357–358","\N"
"2658","60","5250","\N","\N","p. 245 - 246","\N"
"2660","38","5250","\N","\N","p. 432","\N"
"34116","3861","19832","\N","","107, 273-276","\N"
"36668","3974","\N","440","edge","nr. 1711","\N"
"33470","3956","19664","\N","","2, nr. 78–80 (29.9.1531), 4, nr. 246 (27.6.1608), 6, nr. 48 (6.3.1622), 177 (15.2.1627).","\N"
"35389","3960","18135","\N","fairs","55-58, 210-227","\N"
"35391","3956","18140","\N","fairs","6, nr. 96 (6.4.1624).","\N"
"2682","60","5869","\N","\N","p. 293 - 295","\N"
"2684","60","6188","\N","\N","p. 297 - 298","\N"
"35392","4061","19979","\N","","53-74","\N"
"35397","4073","19966","\N","","","\N"
"35398","4073","19976","\N","","468","\N"
"33724","3956","18126","\N","fairs","4, nr. 210 (27.4.1606), 5, nr. 89, 92 and 95 (8.2.1616), 6, nr. 31 (Juli 1621), nr. 48 (6.3.1622), nr. 177 (15.2.1627)","\N"
"33489","3956","18135","\N","","2, nr. 78–80 (29.9.1531), 4, 246 (27.6.1608), 5, nr. 196 (12.6.1620), nr. 206 (7.9.1620) ,6, nr. 11 (12.5.1621), 6, nr. 48 (6.3.1622), 177 (15.2.1627).","\N"
"35390","3956","18131","\N","fairs","4, nr. 217 (2.10.1606), nr. 295 (30.1.1611), 5. nr. 85 (7.2.1616), nr. 89, 92 and 95 (8.2.1616), 6, nr. 96 (6.4.1624)","\N"
"2752","60","6987","\N","\N","p. 329 - 332","\N"
"2778","60","8005","\N","\N","p. 362 - 366","\N"
"2792","60","8240","\N","\N","p. 370 - 371","\N"
"2794","38","8240","\N","\N","p. 660","\N"
"2826","60","8773","\N","\N","p. 399- 400","\N"
"2862","60","5727","\N","\N","p. 283 - 285","\N"
"33201","1550","3250","\N","lock","56","\N"
"2870","48","6705","\N","\N","p. 278 - 279","\N"
"33250","1800","4471","\N","","85","\N"
"33266","3946","4600","\N","","376","\N"
"33381","3952","19624","\N","","44-47","\N"
"33439","3627","3612","\N","","837-838","\N"
"2882","214","273","\N","\N","p. 138 ","\N"
"33449","3627","10547","\N","","733","\N"
"2886","214","375","\N","\N","p. 139","\N"
"33471","3871","19664","\N","","ID 1000011801","\N"
"33490","3871","18135","\N","","ID 1000007468","\N"
"33514","3953","19682","\N","fairs","351","\N"
"33521","3952","19683","\N","fairs","121–123","\N"
"33529","4","11848","\N","bridge","336","\N"
"33655","3935","\N","\N","names","Bd. 2 Abt. 1, no. 633","10750"
"36658","3998","19801","\N","bridge","65-68","\N"
"33718","3960","18126","\N","","29-31, 55-58, 94-95, 215-218","\N"
"34117","4005","19832","\N","","40","\N"
"35384","3871","19925","\N","fairs","ID 1000001614","\N"
"33479","3956","19665","\N","","2, nr. 78–80 (29.9.1531), 4, nr. 246 (27.6.1608), 6, nr. 48 (6.3.1622), 177 (15.2.1627).","\N"
"35393","3867","19979","\N","","106–115.","\N"
"35399","3974","19976","\N","","3368","\N"
"36669","4222","\N","441","edge","","\N"
"36690","4222","\N","444","edge","","\N"
"3132","214","917","\N","\N","p. 151","\N"
"33251","3946","4471","\N","","306","\N"
"33382","3953","19624","\N","","345","\N"
"4226","584","1031","\N","\N","186","\N"
"33472","3871","19664","\N","","ID 1000014855","\N"
"33480","3952","19665","\N","fairs","113–114, 121–122, Tafl. V","\N"
"33491","3873","18135","\N","","ID 200673","\N"
"33515","3871","19682","\N","fairs","ID 1000011507","\N"
"33522","3953","19683","\N","fairs","351","\N"
"33530","3697","11848","\N","bridge","35-38","\N"
"33552","3958","\N","\N","names","176","29476"
"33656","3935","\N","\N","names","II no. 929","27382"
"33719","3961","18126","\N","","23–24","\N"
"34118","4007","19832","\N","","nr. 583","\N"
"35385","4072","19925","\N","fairs","ID 123","\N"
"35394","4059","19979","\N","","100–114, 155–166, 194–197","\N"
"35400","4073","19978","\N","","468","\N"
"36659","3979","19801","\N","bridge","228","\N"
"36670","4009","\N","441","edge","51-54","\N"
"36691","4036","\N","444","edge","65-69","\N"
"3208","214","2036","\N","\N","p. 174","\N"
"3354","214","2778","\N","\N","p. 182","\N"
"33252","3946","8057","\N","","441","\N"
"33440","3627","1031","\N","","805","\N"
"33473","3871","19664","\N","","ID 241010037","\N"
"33516","3871","19683","\N","","ID 1000002064","\N"
"35386","3867","19925","\N","","132–133","\N"
"33553","3958","8055","\N","","176-177","\N"
"33657","3958","\N","\N","names","45","27381"
"33720","3952","18126","\N","","25–27","\N"
"34120","4008","19831","\N","","43-44, 97","\N"
"34121","3974","19836","\N","","nr. 3528","\N"
"34128","4009","\N","\N","names","60","29833"
"3448","214","3240","\N","\N","p. 194","\N"
"3452","214","3249","\N","\N","p. 195","\N"
"34129","4009","\N","\N","names","60","29834"
"34136","3871","19836","\N","","ID 1000012821","\N"
"34137","3974","\N","\N","names","nr. 3528","29835"
"34138","3871","19838","\N","","ID 1000006132. 1000001935, 1000013035","\N"
"34139","3871","19839","\N","","ID 1000006132. 1000001935, 1000013035","\N"
"33481","3956","19665","\N","fairs","2, nr. 78–80 (29.9.1531), 4, nr. 246 (27.6.1608), 6, nr. 48 (6.3.1622), 177 (15.2.1627).","\N"
"35395","3871","19979","\N","","ID 529500001 (Naantalin vanha asemakaava-alue)","\N"
"35401","3974","19978","\N","","2056","\N"
"36671","3319","\N","441","edge","17","\N"
"36692","4008","\N","444","edge","50","\N"
"3670","214","4213","\N","\N","p. 201","\N"
"33253","3946","6950","\N","","437","\N"
"33474","3871","19663","\N","","ID 241010037","\N"
"3706","214","4475","\N","\N","p. 206-207","\N"
"33482","3871","19665","\N","fairs","ID 1000011507","\N"
"33524","3964","19682","\N","fairs","155, 158–159","\N"
"3712","214","4678","\N","\N","p. 209 - 210","\N"
"3714","214","4881","\N","\N","p. 211-212","\N"
"33554","3958","\N","\N","names","151","29477"
"33658","3935","\N","\N","names","V no. 2956","27383"
"33721","3953","18126","\N","","363","\N"
"10808","540","10021","\N","\N","464-466","\N"
"34122","4008","19836","\N","","43-44, 97","\N"
"35387","3871","19925","\N","","ID 000014841 (kirkko), 1000001612 (Pyhäjoki), 1000001614 (Näse)","\N"
"34140","4013","19839","\N","","33-34","\N"
"35396","3873","19979","\N","","ID 200490 (Naantalin kirkko)","\N"
"35402","4073","19977","\N","","468","\N"
"36672","4219","\N","441","edge","191","\N"
"36693","4009","\N","444","edge","75-77","\N"
"3748","214","2888","\N","\N","p. 189","\N"
"3758","214","3","\N","\N","p. 219","\N"
"3774","214","6188","\N","\N","p. 229-230","\N"
"3776","214","6195","\N","\N","p. 230-231","\N"
"3778","38","6195","\N","\N","p. 495","\N"
"3792","214","8005","\N","\N","p. 249-250","\N"
"3800","214","8336","\N","\N","p. 256-257","\N"
"3802","214","8447","\N","\N","p. 258-259","\N"
"33254","3946","3171","\N","","276","\N"
"33441","3627","10021","\N","","897","\N"
"33555","3958","\N","\N","names","151","29478"
"33659","3958","\N","\N","names","45","27380"
"33722","3952","18126","\N","fairs","25-27","\N"
"33725","3956","18126","\N","tolls","4, nr. 210 (27.4.1606)","\N"
"33726","3952","18142","\N","fairs","16-21","\N"
"33734","3967","18126","\N","tolls","47-48","\N"
"33738","3952","19703","\N","fairs","27, 103–109, Tafl. III","\N"
"33750","3952","18133","\N","fairs","27, 103–109","\N"
"33759","3952","19704","\N","fairs","27, 103–109","\N"
"33766","770","1740","\N","tolls","282","\N"
"33767","852","1740","\N","tolls","208-209, 654-656","\N"
"33768","852","6275","\N","tolls","206-208, 468-469, 625-626","\N"
"33769","3627","1740","\N","","148-149","\N"
"33770","3627","8752","\N","","908-909","\N"
"33774","540","4683","\N","","286-287","\N"
"33775","428","19707","\N","","274","\N"
"33778","3627","12444","\N","","689","\N"
"33779","852","4971","\N","tolls","260, 524, 592","\N"
"33780","852","12444","\N","tolls","260, 524, 592","\N"
"33781","3952","19713","\N","fairs","90–97, 11–16, 101–103","\N"
"33788","3952","18134","\N","fairs","90–97, 11–16, 101","\N"
"33794","3972","18134","\N",""," 224, 227","\N"
"33795","3871","19733","\N","","ID 481500001","\N"
"33797","3871","19735","\N","","ID 753010020","\N"
"33798","3974","19713","\N","","nr. 544","\N"
"33799","3956","\N","\N","names"," 4, nr. 295","29611"
"33812","3974","18131","\N","fairs","1082","\N"
"33816","3952","18140","\N","fairs","97–101","\N"
"33825","3975","19732","\N","","vol. 1, 114-115, vol. 2, 126-127, 143","\N"
"33831","6","8280","\N","staple","29","\N"
"33832","38","\N","\N","names","81","2908"
"33835","852","19738","\N","tolls","784-785","\N"
"6496","586","10318","\N","\N","387-391","\N"
"8808","994","1377","\N","fairs","17, 30, 77-78","\N"
"33838","852","\N","\N","names","809","29636"
"33839","3935","2409","\N","tolls","II, No. 1024","\N"
"33926","3988","19751","\N","","75-76","\N"
"33843","3979","19739","\N","","67-78, 347-348","\N"
"33841","3978","19740","\N","harbour","236, 241","\N"
"33840","3978","13928","\N","harbour","235-238, 241","\N"
"33857","3983","2409","\N","fairs","154, 194-195","\N"
"33858","922","186","\N","fairs","81","\N"
"33859","852","19744","\N","tolls","809-810","\N"
"33862","1296","2399","\N","","30071","\N"
"33931","3964","\N","\N","names","86","29674"
"7812","852","186","\N","tolls","290-292, 390-396, 583-585, 780-783","\N"
"33866","3974","\N","\N","names","1037","29656"
"33851","3974","19742","\N","","nr. 1037","\N"
"33869","3871","18119","\N","","ID 1000006161 (Vanha Porvoo), 1000014861 (Porvoon tuomiokirkko)","\N"
"33880","852","\N","\N","names","783","29659"
"33892","852","12434","\N","tolls","290, 396-399, 584-585, 781-783","\N"
"6910","848","10533","\N","tolls","453-454","\N"
"33895","3987","186","\N","tolls","","\N"
"33894","848","186","\N","tolls","","\N"
"33896","3627","12434","\N","","599-600","\N"
"33897","852","12428","\N","tolls","290, 396-400, 585-587, 781-783","\N"
"36673","4008","\N","441","edge","41","\N"
"33905","3988","19749","\N","","76-77","\N"
"36694","4222","\N","445","edge","","\N"
"33923","3995","18119","\N","fairs","Sikfiske, Finland (Vilkuna, Kustaa), 14, 239–241","\N"
"33924","3995","18119","\N","fairs","Sildfiske, Finland (Vilkuna, Kustaa), 15, 253–257","\N"
"33933","3988","19755","\N","","73-74","\N"
"33952","852","\N","\N","names","908","29676"
"33956","852","\N","\N","names","909","29678"
"33959","852","14272","\N","fairs","911","\N"
"33961","1993","4858","\N","fairs","Bd. 1, 625-626","\N"
"33962","1993","5629","\N","fairs","Bd. 1, 626","\N"
"33963","3953","18135","\N","fairs","362","\N"
"33863","3979","19735","\N","","67-78","\N"
"33796","3973","19734","\N","","ID Su 12.23 &#38; Su 12.1.","\N"
"33966","2873","10860","\N","ferry","inv.nr. 85.846","\N"
"33968","3996","\N","433","edge","no. 151","\N"
"33969","4","\N","\N","names","574","29696"
"33971","3997","11921","\N","tolls","116 vv","\N"
"33972","3997","12464","\N","tolls","116 vv.","\N"
"33976","2801","12759","\N","tolls","inv.nrs. 2332-2339","\N"
"33975","2801","12464","\N","tolls","inv.nrs. 2329-2331 en 2340","\N"
"33981","3952","19779","\N","","90–97, 11–16, 101, Tafl. II.","\N"
"33988","3953","18293","\N","fairs","356","\N"
"33998","3953","19783","\N","fairs","356","\N"
"35388","3966","19925","\N","","2, 405-406","\N"
"34017","3867","19791","\N","","464-465","\N"
"34029","3990","19789","\N","fairs","XXXII","\N"
"34045","3999","10645","\N","fairs","190","\N"
"34046","4000","7461","\N","tolls","31-32","\N"
"34047","4000","7461","\N","","","\N"
"33255","3946","2947","\N","","263","\N"
"33442","3627","1680","\N","","814","\N"
"33556","3958","\N","\N","names","151","29479"
"33660","3958","\N","\N","names","45","29436"
"33723","3953","18126","\N","fairs","363","\N"
"33727","3953","18142","\N","fairs","346","\N"
"33735","3960","18126","\N","tolls","29-31","\N"
"33739","3871","19703","\N","fairs","ID 1000011505","\N"
"33751","3953","18133","\N","fairs","348","\N"
"33760","3952","19704","\N","","27, 103–109","\N"
"33771","540","10075","\N","tolls","521","\N"
"33776","428","19708","\N","harbour","274","\N"
"11318","3627","4971","\N","\N","427, 514","\N"
"33782","3953","19713","\N","fairs","350","\N"
"33789","3953","18134","\N","fairs","356","\N"
"33800","3956","\N","\N","names","4, nr. 217","29612"
"33813","3972","18131","\N","fairs","224, 227","\N"
"33817","3953","18140","\N","fairs","353","\N"
"33826","3976","19732","\N","","351-353","\N"
"33833","1300","848","\N","","95","\N"
"33836","3627","19738","\N","","26","\N"
"5330","652","1377","\N","\N","453-454","\N"
"33844","3867","19739","\N","","458-459","\N"
"34123","4009","19836","\N","","59-61","\N"
"33860","1296","19744","\N","","&#60;a href=&#34;https://hov.isgv.de/30257&#34;&#62;Zwochau (1)&#60;/a&#62;","\N"
"33864","3975","19735","\N","","127-128, 138","\N"
"33867","3982","19742","\N","","nr. 2","\N"
"33842","3974","19739","\N","","nr. 352, 1413","\N"
"33870","3980","18119","\N","","172–176, 210–220, 243–244, 266–268, 274–313","\N"
"33881","1296","\N","\N","names","1122","1187"
"33893","852","\N","\N","names","783","29667"
"33898","3627","12428","\N","","398","\N"
"36674","3964","\N","441","edge","89, 125-126","\N"
"33906","3988","\N","\N","names","76-77","29670"
"33908","3861","19750","\N","","175","\N"
"33925","3988","19752","\N","","75-76","\N"
"33927","3964","19751","\N","","87","\N"
"33932","3988","19754","\N","","73-74","\N"
"33934","3964","\N","\N","names","86","29675"
"33953","652","10765","\N","fairs","583-584","\N"
"33957","852","\N","\N","names","909n54","29679"
"33960","852","\N","\N","names","911","29683"
"33965","3169","11921","\N","harbour","inv.nr. 448.2222","\N"
"33967","3169","3300","\N","","inv.nr. 105.243","\N"
"33970","4","\N","\N","names","574","29698"
"33973","3997","12802","\N","tolls","116 vv.","\N"
"33977","1762","12464","\N","tolls","inv.nr. 333","\N"
"33980","3953","19779","\N","","356","\N"
"33982","3972","19779","\N","","224, 227","\N"
"33989","3952","18293","\N","fairs","90–97, 11–16, 101","\N"
"33999","3953","19783","\N","","356","\N"
"34004","3998","19790","\N","bridge","74","\N"
"34018","3979","19791","\N","","347–348","\N"
"34030","3990","19791","\N","fairs","XXXII","\N"
"34131","4012","19837","\N","","252","\N"
"34048","4000","17176","\N","harbour","28-30, 88-89","\N"
"34049","4","\N","\N","names","546","29754"
"34141","4011","19839","\N","","211","\N"
"35403","3974","19977","\N","","2483","\N"
"36695","4009","\N","445","edge","64-67","\N"
"4428","608","8864","\N","\N","p. 142f.","\N"
"4430","608","273","\N","\N","p. 28","\N"
"4432","608","794","\N","\N","p. 134","\N"
"4436","610","3050","\N","\N","\N","\N"
"4478","610","124","\N","\N","\N","\N"
"4484","610","1928","\N","\N","\N","\N"
"4490","610","5581","\N","\N","\N","\N"
"4498","610","1734","\N","\N","\N","\N"
"4502","610","616","\N","\N","\N","\N"
"4506","610","1448","\N","\N","\N","\N"
"33256","1800","4036","\N","","75","\N"
"33557","3958","\N","\N","names","151","29480"
"33661","3958","\N","\N","names","45","29437"
"36675","3315","\N","441","edge","503-504","\N"
"33728","3960","18142","\N","fairs","55-58","\N"
"33736","3960","19665","\N","tolls","29-31","\N"
"4570","610","3620","\N","\N","\N","\N"
"33740","3960","19703","\N","fairs","29-31","\N"
"4574","610","1913","\N","\N","\N","\N"
"33752","3871","18133","\N","fairs","ID 1000007469 (town area), 1000011505 (Kalajoki Plassi)","\N"
"4578","610","6827","\N","\N","\N","\N"
"4582","610","2093","\N","\N","\N","\N"
"4584","610","3103","\N","\N","\N","\N"
"33761","3871","19704","\N","","ID 1000010003 (Tervaholma), 1000014880 (Karleby church).","\N"
"4588","610","7383","\N","\N","\N","\N"
"4590","610","4709","\N","\N","\N","\N"
"33772","540","8862","\N","tolls","521","\N"
"36696","3964","\N","445","edge","89","\N"
"4596","610","6063","\N","\N","\N","\N"
"4598","610","1789","\N","\N","\N","\N"
"33783","3867","19713","\N","","520","\N"
"33790","3953","18134","\N","","356","\N"
"4604","610","2769","\N","\N","\N","\N"
"4606","610","4835","\N","\N","\N","\N"
"4608","612","542","\N","\N","\N","\N"
"4610","610","1725","\N","\N","\N","\N"
"4612","610","409","\N","\N","\N","\N"
"4614","610","1366","\N","\N","\N","\N"
"4616","610","4454","\N","\N","\N","\N"
"4618","610","2174","\N","\N","\N","\N"
"4620","610","122","\N","\N","\N","\N"
"4622","610","4245","\N","\N","\N","\N"
"4624","610","8631","\N","\N","\N","\N"
"33801","3867","18131","\N","","512-513","\N"
"33814","3952","18131","\N","fairs","22, 90–97, 11–16, 97–101","\N"
"33818","3952","18140","\N","","97–101","\N"
"33827","3871","19732","\N","","ID 499500009 (Korsholma)","\N"
"33834","1296","848","\N","","&#60;a href=&#34;https://hov.isgv.de/Borna_(2)&#34;&#62;Borna (2)&#60;/a&#62;","\N"
"33837","3627","10318","\N","","596","\N"
"12952","1296","1377","\N","\N"," &#60;a href=&#34;https://hov.isgv.de/30032&#34;&#62;Delitzsch&#60;/a&#62;","\N"
"33845","3871","19739","\N","","ID 1000006162 (Iso Linnanmäki), 1000006161 (Vanha Porvoo), 1000003250 &#38;1000006570 (Saksalan markkinapaikka)","\N"
"33853","3871","19742","\N","","ID 613010066, 613400001","\N"
"33861","1302","19744","\N","","679","\N"
"33865","3977","19735","\N","","183-185","\N"
"33868","3982","\N","\N","names","nr. 2","29657"
"33871","3984","18119","\N","","13–15, 53–61","\N"
"33882","1296","\N","\N","names","1122","29660"
"33899","3627","19745","\N","","757","\N"
"33909","3989","18119","\N","fairs","Voudintilit, Yleisiä asiakirjoja, 217a:32–33","\N"
"33928","3964","\N","\N","names","86","29673"
"33935","3952","19741","\N","fairs","65","\N"
"33954","852","\N","\N","names","909","29677"
"33958","852","\N","\N","names","910","29681"
"33974","3997","12759","\N","tolls","116 vv.","\N"
"33978","1762","12759","\N","tolls","inv.nrs. 334/5.","\N"
"33983","3871","19779","\N","","ID 1000011503 (Herrholmen), 1000014858 (Vöyri church)","\N"
"33990","3952","18293","\N","","90–97, 11–16, 101","\N"
"34000","3952","19783","\N","fairs","90–97, 11–16, 101","\N"
"33784","3967","19713","\N","","47-48, 86","\N"
"34005","3956","19789","\N","fairs","Privilegier 2, nr. 228:6 (12.6.1553); Privilegier 3, nr. 305 (13.10.1584); Privilegier 4, nr. 144 (13.1.1602); Privilegier 4, nr. 231-232 (3.7.1607)","\N"
"34019","3871","19791","\N","","ID 1000014860 (Pyhtään kirkko)","\N"
"34031","3989","19791","\N","fairs","Voudintilit, Yleisiä asiakirjoja, 217a:32–33","\N"
"34050","4","\N","\N","names","546","29758"
"34051","4","\N","\N","names","547","29760"
"34052","4","10316","\N","bridge","190","\N"
"34055","4","\N","\N","names","547","29777"
"34057","38","\N","\N","names","220","7548"
"34058","38","\N","\N","names","517","17176"
"34064","4","14330","\N","ferry","543","\N"
"34066","852","5397","\N","tolls","934","\N"
"34068","3871","19786","\N","","ID 1000006099 (Vironniemen asemakaava-alue)","\N"
"34074","4001","19786","\N","fairs"," 442–445","\N"
"34075","3990","19786","\N","fairs","XXXI-XXXII","\N"
"34076","3867","18124","\N","","484–485","\N"
"34079","4002","18124","\N","","passim","\N"
"34088","3979","18124","\N","fairs","346–349","\N"
"4752","610","4623","\N","\N","\N","\N"
"4754","610","5567","\N","\N","\N","\N"
"4758","610","1423","\N","\N","\N","\N"
"4760","610","7103","\N","\N","\N","\N"
"4762","610","4757","\N","\N","\N","\N"
"4764","610","3346","\N","\N","\N","\N"
"4766","610","2482","\N","\N","\N","\N"
"4768","610","8354","\N","\N","\N","\N"
"4770","610","1404","\N","\N","\N","\N"
"4772","610","6704","\N","\N","\N","\N"
"4774","610","767","\N","\N","\N","\N"
"4776","610","4213","\N","\N","\N","\N"
"4778","610","8490","\N","\N","\N","\N"
"4780","610","2491","\N","\N","\N","\N"
"34091","3974","18124","\N","","nr. 1492","\N"
"34092","3989","18124","\N","fairs","Voudintilit, Yleisiä asiakirjoja, 217a:32–33","\N"
"34132","4011","19837","\N","","211-213","\N"
"4790","610","5207","\N","\N","\N","\N"
"4792","610","819","\N","\N","\N","\N"
"4794","610","757","\N","\N","\N","\N"
"4796","610","863","\N","\N","\N","\N"
"4798","610","3915","\N","\N","\N","\N"
"4800","610","6883","\N","\N","\N","\N"
"4806","610","8550","\N","\N","\N","\N"
"4810","610","3147","\N","\N","\N","\N"
"4816","610","7227","\N","\N","\N","\N"
"4820","610","7928","\N","\N","\N","\N"
"4822","610","8304","\N","\N","\N","\N"
"4824","610","334","\N","\N","\N","\N"
"4828","610","2392","\N","\N","\N","\N"
"33257","3946","4036","\N","","286","\N"
"33558","3958","\N","\N","names","151","29481"
"33662","3958","\N","\N","names","45","29438"
"36676","3321","\N","441","edge","152-153","\N"
"33737","3967","19665","\N","tolls","47-48","\N"
"4868","634","375","\N","\N","p. 38f.","\N"
"4870","632","6188","\N","\N","p. 138f.","\N"
"33741","3967","19703","\N","fairs","47-48","\N"
"33753","3867","18133","\N","","504–505","\N"
"33762","3956","19704","\N","fairs","4, nr. 285 (26.9.1610)","\N"
"33773","540","\N","\N","names","286","26166"
"33791","3952","18134","\N",""," 90–97, 11–16, 101","\N"
"33802","3966","18131","\N","","vol. II, 321, 345-356","\N"
"33815","3953","18131","\N","fairs","356, 353","\N"
"33819","3953","18140","\N","","353","\N"
"34133","4010","19837","\N","","32","\N"
"7804","852","848","\N","tolls","289-290, 380-389, 547-552, 606-610, 790-791","\N"
"33846","3975","19739","\N","","2, 127-128","\N"
"33854","3979","19742","\N","","67-78","\N"
"33883","1296","\N","\N","names","1122","29661"
"33900","852","\N","\N","names","783","29668"
"33910","3953","18119","\N","fairs","345–346","\N"
"33929","3988","19753","\N","","73","\N"
"33936","3953","19741","\N","fairs","345–346","\N"
"7652","852","10767","\N","tolls","271, 355-356, 699-701, 908-909","\N"
"33984","3953","19779","\N","fairs","356","\N"
"4926","632","5158","\N","\N","p. 110","\N"
"33991","3953","18293","\N","","356","\N"
"34001","3952","19783","\N","","90–97, 11–16, 101","\N"
"34006","3953","19789","\N","fairs","345–346","\N"
"34020","3956","19791","\N","fairs","Privilegier 2, nr. 228:6 (12.6.1553); Privilegier 3, nr. 181 (30.8.1576), nr. 305 (13.10.1584); Privilegier 4, nr. 144 (13.1.1602), nr. 231-232 (3.7.1607)","\N"
"34032","3989","19789","\N","fairs","Voudintilit, Yleisiä asiakirjoja, 217a:32–33","\N"
"34053","1570","10316","\N","bridge","40, 46-47, 68, 81-82","\N"
"34056","4","\N","\N","names","548","19466"
"34059","38","\N","\N","names","517","17177"
"34065","852","14330","\N","ferry","272","\N"
"34067","852","\N","\N","names","935","29783"
"34069","3867","19786","\N","","484–485","\N"
"34072","3952","19786","\N","fairs","3, 64-65, 201–206","\N"
"34077","3979","18124","\N","","86-124","\N"
"34080","3871","18124","\N","","ID 1000001691 (Forsby, Vanhakaupunki), 1000006099 (Vironniemen asemakaava-alue)","\N"
"34089","3985","18124","\N","fairs","290–292","\N"
"34142","4010","19839","\N","","32","\N"
"33872","3956","18119","\N","","2, nr. 183 (3.12.1546), 4, nr. 144 (13.1.1602), 6, nr. 35 (7.7.1621), 66 (November 1622), 182 (10.4.1627)","\N"
"35404","4073","19980","\N","","468","\N"
"35407","4073","19971","\N","","468","\N"
"35409","4074","\N","\N","names","2","18933"
"35411","4074","7230","\N","fairs","6","\N"
"35412","4075","5092","\N","","","\N"
"35413","4075","19987","\N","bridge","Tafel 4","\N"
"35414","4075","19988","\N","bridge","Tafel 4","\N"
"35415","3319","19989","\N","","67-69","\N"
"35417","4008","19990","\N","","41","\N"
"36697","3321","\N","445","edge","160-161","\N"
"33828","3967","19732","\N","","33-34, 64, 86","\N"
"33729","3956","18142","\N","fairs","4, nr. 285 (26.9.1610), 5. nr. 89, 92 and 95 (8.2.1616)","\N"
"34125","4010","19836","\N","","32, 40","\N"
"5092","632","4202","\N","\N","p. 5f.","\N"
"5098","634","523","\N","\N","p. 51f.","\N"
"5102","634","2502","\N","\N","p. 209","\N"
"5140","632","5595","\N","\N","p. 82f.","\N"
"33258","3946","157","\N","","248","\N"
"33559","3958","\N","\N","names","151","29482"
"33663","3958","\N","\N","names","45","29439"
"33730","3971","18142","\N","","&#60;b&#62;??-??&#60;/b&#62;","\N"
"33754","3871","18133","\N","","ID 1000007469 (town area), 1000010003 (Tervaholma), 1000014880 (Karleby church)","\N"
"33763","3867","19704","\N","","504–505","\N"
"33785","3960","19713","\N","","29–31, 46–48, 55-58","\N"
"33792","3787","18134","\N","","66-70","\N"
"33803","3967","18131","\N","","33-34","\N"
"33829","3977","19732","\N","","155","\N"
"33847","3977","19739","\N","","393-397","\N"
"33855","3977","19742","\N","","185-186","\N"
"33873","3867","18119","\N","","458-459","\N"
"33884","1296","\N","\N","names","1122","1188"
"33901","848","7785","\N","tolls","453n4","\N"
"33911","3952","18119","\N","fairs","3–4, 29–30, 33, 38–67, 306–213","\N"
"33930","3984","18119","\N","tolls","Mäntylä 1994, 32","\N"
"33937","3956","19741","\N","fairs","Privilegier 3, nr. 305–306 (13. &#38; 14.10.1584), 4, nr. 38:6 (30.6.1594), nr. 144 (13.1.1602)","\N"
"33955","1594","17566","\N","bridge","317","\N"
"33820","3974","18140","\N","","nr. 242, 544, 1082","\N"
"33985","3952","19779","\N","fairs","90–97, 11–16, 101, Tafl. II.","\N"
"33992","3867","18293","\N","fairs","498–499","\N"
"34002","3871","19783","\N","","ID 1000041279","\N"
"34007","3952","19789","\N","fairs","3–4, 65","\N"
"34021","3953","19791","\N","fairs","345–346","\N"
"34033","3867","19785","\N","","470-473","\N"
"34054","1570","12045","\N","harbour","57, 73, 143-144","\N"
"34060","38","\N","\N","names","517","17178"
"34070","3979","19786","\N","","86-124","\N"
"34073","3953","19786","\N","fairs","349","\N"
"34078","3985","18124","\N","","36-41, 339–347","\N"
"34126","4011","19836","\N","","211-213","\N"
"34134","4008","19837","\N","","43-44, 97","\N"
"34143","4008","19839","\N","","43-44, 97","\N"
"36677","4222","\N","443","edge","","\N"
"33742","3956","19703","\N","fairs","4, nr. 285 (26.9.1610); 6, nr. 31 (7.1621), 48 (6.3.1622); &#60;b&#62;5, nr. ???&#60;/b&#62;","\N"
"36698","3315","\N","445","edge","504-505","\N"
"5236","634","2793","\N","\N","212-213","\N"
"35405","3964","19980","\N","","267","\N"
"35408","3974","19971","\N","","5899","\N"
"35410","4074","\N","\N","names","3","18937"
"35416","3964","19989","\N","","125","\N"
"35418","3319","19990","\N","","67","\N"
"34081","3956","18124","\N","fairs","2, nr. 228:6 (12.6.1553), 3, nr. 305–306 (13. &#38; 14.10.1584), 4, nr 38:6 (30.6.1594), nr. 144 (13.1.1602), nr. 231 (3.7.1607), 5, nr. 59 (20.5.1614), nr. 90 (8.2.1616), 6, nr. 66 (November 1622), nr. 138 (7.2.1626), nr. 182 (10.4.1627)","\N"
"5380","678","2981","\N","\N","p. 51-52","\N"
"5390","682","5715","\N","\N","p. 172","\N"
"5392","38","5715","\N","\N","p. 93","\N"
"5394","682","4761","\N","\N","p. 146","\N"
"5396","682","8498","\N","\N","p. 245","\N"
"5398","682","3068","\N","\N","p. 102","\N"
"5402","682","869","\N","\N","p. 39","\N"
"5404","682","2507","\N","\N","p. 116","\N"
"5406","682","5905","\N","\N","p. 178","\N"
"5410","682","1460","\N","\N","p. 56","\N"
"5412","682","6520","\N","\N","p. 188-189","\N"
"5414","682","7656","\N","\N","p. 217","\N"
"5416","682","5185","\N","\N","p. 158","\N"
"5418","682","7975","\N","\N","p. 228","\N"
"5420","682","3410","\N","\N","p. 116","\N"
"5422","682","7680","\N","\N","p. 130","\N"
"5438","682","9770","\N","\N","p. 64","\N"
"5440","682","9207","\N","\N","p. 240","\N"
"5444","682","9773","\N","\N","p. 238","\N"
"5446","682","9772","\N","\N","p. 187","\N"
"5448","682","9771","\N","\N","p. 225","\N"
"5462","682","782","\N","\N","p. 38","\N"
"5464","682","8240","\N","\N","p. 234","\N"
"33560","3958","7056","\N","","151-152","\N"
"5468","682","1116","\N","\N","p. 44","\N"
"5470","682","7337","\N","\N","p. 209","\N"
"5472","682","8670","\N","\N","p. 249","\N"
"5474","682","1621","\N","\N","p. 129","\N"
"5476","682","9595","\N","\N","p. 66","\N"
"5478","682","9777","\N","\N","p. 42","\N"
"33664","3958","\N","\N","names","83","29433"
"33731","3967","18142","\N","","47-48","\N"
"5484","682","9596","\N","\N","p. 245-246","\N"
"35406","4073","19752","\N","","468","\N"
"33755","3952","18133","\N","","27, 103–109","\N"
"5492","682","9784","\N","\N","p. 160-161","\N"
"5494","682","9785","\N","\N","p. 37","\N"
"33764","3960","19704","\N","fairs","29-31","\N"
"33786","3787","19713","\N","","66-70","\N"
"33793","3871","18134","\N","","ID 1000007481","\N"
"33804","3787","18131","\N","","66-70","\N"
"33821","3867","18140","\N","","516-517","\N"
"5512","74","2865","\N","\N","p. 209","\N"
"33830","3977","19698","\N","","155-156","\N"
"33848","3980","19739","\N","","152-181, 300-301","\N"
"33856","3975","19742","\N","","2, 127-128, 138","\N"
"5520","74","5597","\N","\N","p. 346","\N"
"33874","3979","18119","\N","","74–76, 65, 123, 455-461, 486-489","\N"
"33885","1296","\N","\N","names","1122","29662"
"5526","74","4494","\N","\N","p. 297","\N"
"5530","74","3238","\N","\N","p. 252","\N"
"5532","74","3012","\N","\N","p. 225","\N"
"5536","74","5741","\N","\N","p. 354","\N"
"5538","74","2943","\N","\N","p. 215","\N"
"33902","852","19745","\N","tolls","290, 396-399, 586-586, 781-783","\N"
"33912","3980","18119","\N","fairs","300–301, 305–310","\N"
"5544","74","6901","\N","\N","p. 397","\N"
"33938","3990","19741","\N","fairs","XXXI","\N"
"5896","652","7877","\N","\N","715-716","\N"
"33986","3972","19779","\N","fairs","224, 227","\N"
"33993","3867","18293","\N","","498–499","\N"
"5554","74","6804","\N","\N","p. 391","\N"
"34008","3980","19789","\N","fairs","300–301","\N"
"5560","74","5743","\N","\N","p. 355","\N"
"5562","74","8369","\N","\N","p. 355","\N"
"5564","74","8329","\N","\N","p. 463","\N"
"5566","74","3045","\N","\N","p. 232","\N"
"5568","74","4851","\N","\N","p. 311","\N"
"5570","74","3139","\N","\N","p. 241","\N"
"5572","74","3063","\N","\N","p. 236","\N"
"5574","74","8495","\N","\N","p. 480","\N"
"5576","74","5102","\N","\N","p. 331","\N"
"5578","74","5516","\N","\N","p. 55","\N"
"5580","74","8064","\N","\N","p. 448f.","\N"
"5582","74","5351","\N","\N","p. 54f.","\N"
"34022","3952","19791","\N","fairs","3, 38–65, 206–213","\N"
"5586","74","8142","\N","\N","p. 451","\N"
"5588","74","7892","\N","\N","p. 435","\N"
"34034","3979","19785","\N","","455–461, 483–489, 490–496","\N"
"34061","38","\N","\N","names","517","17179"
"34082","3952","18124","\N","fairs","3, 64-65, 201–206","\N"
"34127","4012","19836","\N","","252","\N"
"34135","4009","19837","\N","","59-61","\N"
"34144","4014","19840","\N","","321-324, 643, 646-648","\N"
"34147","4014","19841","\N","bridge","653","\N"
"34154","3867","19835","\N","","540","\N"
"34160","3989","19794","\N","fairs","Voudintilit, Yleisiä asiakirjoja, 217a:32–33","\N"
"34167","3998","19843","\N","bridge","98-101","\N"
"34169","3964","19843","\N","bridge","225","\N"
"34172","3998","19793","\N","bridge","98-101","\N"
"6986","852","1737","\N","tolls","62n111, 119-120, 177-190, 507-516, 648-653, 830-831","\N"
"34185","3871","19844","\N","bridge","ID 1000009669 (Sutela), 1000037932 (Isonsillan paikka), 1000002073 (Kyminlinna)","\N"
"34206","4","\N","436","edge","580-581","\N"
"34210","4","10061","\N","bridge","581","\N"
"34211","3871","19847","\N","","ID 000007240 (Vanha Kyminkartano)","\N"
"34213","3966","19854","\N","","2, 374-375","\N"
"34215","3966","19855","\N","","2, 373-374","\N"
"5634","74","7559","\N","\N","p. 430","\N"
"28175","3171","10860","\N","tolls","Bijlage 3.","\N"
"34224","4025","8938","\N","","","\N"
"34225","3627","137","\N","","19","\N"
"5642","38","6633","\N","\N","p. 530","\N"
"5644","74","6633","\N","\N","p. 383f.","\N"
"5648","74","2956","\N","\N","p. 216","\N"
"34226","3627","12210","\N","","270","\N"
"34237","3627","19858","\N","","87, 173","\N"
"34238","4026","10566","\N","","II, no. 38","\N"
"34243","852","\N","\N","names","830","5374"
"34250","3627","11128","\N","","104-105","\N"
"34251","3627","577","\N","","60","\N"
"9906","852","9474","\N","tolls","962-969","\N"
"34262","3627","5239","\N","","449","\N"
"34263","2935","12729","\N","bridge","182","\N"
"12206","3627","10560","\N","\N","615","\N"
"34265","3627","10563","\N","","19","\N"
"34281","3627","12891","\N","","199","\N"
"34285","3998","19860","\N","","90-93","\N"
"34289","586","17087","\N","ferry","279","\N"
"34290","3627","10559","\N","tolls","424","\N"
"34292","3952","19864","\N","fairs","36–39","\N"
"5508","4074","7230","\N","\N","581","\N"
"15094","1490","2632","\N","\N","338-340","\N"
"34297","3627","1445","\N","","121","\N"
"5502","74","7230","\N","\N","411","\N"
"5746","682","9856","\N","\N","p. 26","\N"
"33561","3958","\N","\N","names","158","19380"
"33665","3958","\N","\N","names","83","3950"
"33732","3967","18142","\N","tolls","47-48","\N"
"33744","3960","19703","\N","","29-31","\N"
"33756","3953","18133","\N","","348","\N"
"33765","3967","19704","\N","fairs","47-48","\N"
"33787","3871","19713","\N","","ID 1000014857","\N"
"33822","3966","18140","\N","","vol. II, 346","\N"
"33849","3981","2409","\N","tolls","35-36, 56","\N"
"33875","3970","18119","\N","","40-70","\N"
"33886","1296","\N","\N","names","1122","1189"
"33913","3984","18119","\N","fairs","14–15, 31–32, 58, 111–113","\N"
"33939","3992","19741","\N","fairs","nr. 14050224001 (1405)","\N"
"33987","3871","19779","\N","fairs","ID 1000011503 (Herrholmen), 1000014858 (Vöyri church)","\N"
"33994","3972","18293","\N","fairs","224, 227","\N"
"34009","3984","19789","\N","fairs","14–15, 31–32, 111–112","\N"
"34023","3980","19791","\N","fairs","300–301","\N"
"34035","3871","19785","\N","","ID 1000014862 (Sipoon kirkko), 753010020 (Sibbesborg)","\N"
"34062","38","\N","\N","names","517","29781"
"34083","3953","18124","\N","fairs","349","\N"
"34145","3966","19834","\N","","II, 493, 501-503","\N"
"34148","4016","19841","\N","bridge","42-44","\N"
"34155","4019","19835","\N","","31","\N"
"34161","3980","19794","\N","fairs","300–301","\N"
"34170","3964","19843","\N","bridge","225","\N"
"34173","3861","19793","\N","bridge","99, 106, 273-276","\N"
"34168","3861","19843","\N","bridge","99, 106, 273-276","\N"
"34186","3998","19844","\N","bridge","98-101","\N"
"34207","4003","\N","436","edge","149-151","\N"
"34212","3966","19847","\N","","2, 460-463","\N"
"34214","3973","19854","\N","","ID Sa 8.1.","\N"
"34216","3973","19855","\N","","ID Fi 9.20 &#38; Fi 12.1.","\N"
"34227","3627","17048","\N","","115","\N"
"34239","3627","10246","\N","","705","\N"
"34244","852","\N","\N","names","830","29852"
"34252","38","\N","\N","names","58","2239"
"34261","852","\N","\N","names","968","29859"
"34264","3950","12729","\N","bridge","inv.nr. 51b","\N"
"34266","38","\N","\N","names","539","17670"
"34282","3627","4781","\N","","409","\N"
"34286","3861","19860","\N","","135–136, 240, 103–106","\N"
"34291","3627","10559","\N","","424","\N"
"34293","3952","19864","\N","","36–39","\N"
"34296","3627","4361","\N","","380","\N"
"34298","3998","19796","\N","","90-93","\N"
"35419","3964","19990","\N","","89, 126","\N"
"33805","3956","18131","\N","","4, nr. 217 (2.10.1606), nr. 295 (30.1.1611), 5. nr. 85 (7.2.1616), nr. 89, 92 and 95 (8.2.1616), 6, nr. 96 (6.4.1624)","\N"
"36678","3964","\N","443","edge","86-87","\N"
"36699","3967","\N","445","edge","67-75","\N"
"5868","728","4544","\N","\N","p. 617","\N"
"5870","730","2813","\N","\N","p. 406","\N"
"5878","730","1115","\N","\N","p. 140","\N"
"5880","728","7842","\N","\N","p. 1003","\N"
"5904","728","6725","\N","\N","p. 866","\N"
"5906","730","3679","\N","\N","p. 543","\N"
"5908","38","3679","\N","\N","p. 245","\N"
"5926","730","2083","\N","\N","p. 338f.","\N"
"5932","730","2960","\N","\N","p. 441","\N"
"5934","730","3226","\N","\N","p. 478","\N"
"5936","730","3540","\N","\N","p. 535","\N"
"5940","730","273","\N","\N","p. 33f.","\N"
"5944","728","8080","\N","\N","p. 993","\N"
"5946","728","7701","\N","\N","p. 993","\N"
"5948","730","9872","\N","\N","p. 235f.","\N"
"6014","730","102","\N","\N","p. 10","\N"
"6016","728","4388","\N","\N","p. 603","\N"
"6018","730","610","\N","\N","p. 85","\N"
"6020","728","7966","\N","\N","p. 1022","\N"
"6022","730","2099","\N","\N","p. 345","\N"
"6024","730","2952","\N","\N","p. 440","\N"
"6026","728","4274","\N","\N","p. 591","\N"
"6070","38","8033","\N","\N","643","\N"
"6072","728","8033","\N","\N","1042","\N"
"6054","730","1801","\N","\N","291","\N"
"6050","730","8984","\N","\N","564","\N"
"6064","730","2744","\N","\N","390","\N"
"33562","3958","\N","\N","names","157","29483"
"33666","3958","\N","\N","names","83","3949"
"33733","3960","18142","\N","tolls","30-31","\N"
"33745","3967","19703","\N","tolls","47-48","\N"
"34146","4015","19834","\N","","283-287","\N"
"36679","3988","\N","443","edge","191-195","\N"
"33806","3871","18131","\N","","ID 499500009 (Korsholma), 100001167 (Vanha Vaasa)","\N"
"33823","3871","18140","\N","","ID 1000007475 (Kristiinankaupunki), 1000014856 (Närpiön kirkko)","\N"
"33850","3981","2409","\N","","","\N"
"33876","3787","18119","\N",""," 66-70","\N"
"33887","1296","\N","\N","names","1122","1190"
"6074","728","7694","\N","\N","p. 993","\N"
"6076","730","425","\N","\N","p. 67","\N"
"33914","3979","18119","\N","fairs","347–348","\N"
"33940","3993","19741","\N","fairs","nr. 19326 (1419), 19602 (1421)","\N"
"33995","3972","18293","\N","","224, 227","\N"
"34010","3979","19789","\N","fairs","455–461, 483–489, 490–496","\N"
"34024","3984","19791","\N","fairs","14–15, 31–32, 111–112","\N"
"34036","3956","19785","\N","fairs","3, nr. 181 (30.8.1576), nr. 305:3–306 (13. &#38; 14.10.1584)","\N"
"34063","852","19804","\N","ferry","272","\N"
"34084","4001","18124","\N","fairs","442–445","\N"
"34149","4017","19841","\N","bridge","44","\N"
"34156","3998","19842","\N","bridge","98-101","\N"
"34162","3869","19794","\N","fairs","506-513","\N"
"34171","3989","19843","\N","bridge","Voudintilit, Yleisiä asiakirjoja, 215k:260","\N"
"34174","3964","19793","\N","bridge","225","\N"
"34187","3861","19844","\N","bridge","99, 106, 273-276","\N"
"34208","4","\N","437","edge","581","\N"
"34217","4024","19855","\N","","307","\N"
"34228","3627","1151","\N","","100","\N"
"34240","3627","11131","\N","","300","\N"
"34245","38","\N","\N","names","148","5372"
"34253","38","\N","\N","names","58","2240"
"34267","38","\N","\N","names","539","17671"
"34283","3627","12597","\N","","444","\N"
"34287","3974","19860","\N","","nr. 1251","\N"
"34294","3871","19864","\N","","ID 000004294, 1000027136","\N"
"34299","3861","19796","\N","","42–43, 103–106, 135–136, 240","\N"
"36700","4141","\N","445","edge","138-141","\N"
"35420","3319","19991","\N","","69","\N"
"35422","4008","19993","\N","","52","\N"
"35424","3315","19995","\N","","table 56 (544-547)","\N"
"35425","3321","19996","\N","","151","\N"
"35426","3315","19997","\N","","table 56 (544-547)","\N"
"35421","4076","19992","\N","","103-104, 175","\N"
"33757","3956","18133","\N","fairs","5, nr. 203 (7.9.1620), 6, nr. 31 (Juli 1621), nr. 48 (6.3.1622)","\N"
"6152","728","7528","\N","\N","980","\N"
"6154","730","2820","\N","\N","409","\N"
"6156","728","4318","\N","\N","597","\N"
"6158","730","567","\N","\N","79","\N"
"6162","730","1867","\N","\N","303-307","\N"
"6176","730","2847","\N","\N","424","\N"
"6178","730","3329","\N","\N","508","\N"
"6184","730","1379","\N","\N","215-225","\N"
"6186","728","7965","\N","\N","1021","\N"
"6208","728","5732","\N","\N","789-793","\N"
"6210","730","9787","\N","\N","244","\N"
"6212","728","9594","\N","\N","526-533","\N"
"6214","730","9785","\N","\N","102-107","\N"
"6216","728","9784","\N","\N","690","\N"
"6218","728","794","\N","\N","1052","\N"
"6220","728","8864","\N","\N","1165- 1171","\N"
"6264","650","10263","\N","\N","\N","\N"
"6266","776","10263","\N","\N","\N","\N"
"6268","606","10263","\N","\N","\N","\N"
"6276","730","2036","\N","\N","330- 336","\N"
"6278","730","1691","\N","\N","265","\N"
"6286","650","10265","\N","\N","\N","\N"
"6288","776","10265","\N","\N","\N","\N"
"6290","606","10265","\N","\N","\N","\N"
"33563","3958","\N","\N","names","157","29484"
"33667","3958","\N","\N","names","83","29435"
"34150","4018","19841","\N","bridge","SE/RA/420571/02/1/0048:00001, Geometrisch description öfver the byar som ähre innom 2 mijhl kring Wijborg afmätte (Erik Nilsson Aspegren, 1655)","\N"
"33758","3787","18133","\N","","66-70","\N"
"33807","3952","18131","\N","","22, 90–97, 11–16, 101","\N"
"6340","784","5763","\N","\N","364","\N"
"33824","3787","18140","\N","","66-70","\N"
"33877","3985","18119","\N","","339–347","\N"
"33888","1296","\N","\N","names","1122","29663"
"33941","3991","19741","\N","fairs","passim","\N"
"33915","3985","18119","\N","fairs","291–292","\N"
"33996","3871","18293","\N","fairs","152500006","\N"
"34011","3869","19789","\N","fairs","506, 513","\N"
"34025","3979","19791","\N","fairs","347–348","\N"
"34037","3989","19785","\N","fairs","Voudintilit, Yleisiä asiakirjoja, 217a:32–33","\N"
"6362","784","387","\N","\N","47","\N"
"6364","784","711","\N","\N","72","\N"
"6366","784","5694","\N","\N","362","\N"
"34085","3990","18124","\N","fairs","XXXI-XXXII.","\N"
"6372","784","8236","\N","\N","520","\N"
"6374","38","8236","\N","\N","660","\N"
"6376","38","6830","\N","\N","547","\N"
"6378","784","1821","\N","\N","148","\N"
"34163","3995","19794","\N","fairs","Vilkuna, Kustaa, Sikfiske, Finland. KLNM 14, 239–241","\N"
"34175","3989","19793","\N","bridge","Voudintilit, Yleisiä asiakirjoja, 215k:260","\N"
"34157","3861","19842","\N","bridge","99, 106, 273-276","\N"
"34188","4022","19844","\N","bridge","279","\N"
"6388","784","2469","\N","\N","186","\N"
"34209","4003","\N","438","edge","150-151","\N"
"34218","4024","19847","\N","","65, 147, 374","\N"
"16352","586","12439","\N","\N","418-419","\N"
"34241","782","11655","\N","bridge","42","\N"
"34246","38","\N","\N","names","148","29853"
"6400","784","4246","\N","\N","297","\N"
"6402","784","2046","\N","\N","170","\N"
"34254","38","\N","\N","names","58","29855"
"34268","38","\N","\N","names","539","17672"
"6408","784","431","\N","\N","50","\N"
"34284","3627","3591","\N","","325","\N"
"6412","784","919","\N","\N","82","\N"
"34288","4028","19860","\N","","117, 274–275, 322, 508–509","\N"
"34295","782","17056","\N","bridge","42","\N"
"6418","784","6064","\N","\N","378","\N"
"6420","784","575","\N","\N","65","\N"
"6422","784","8174","\N","\N","516","\N"
"6424","784","6246","\N","\N","385","\N"
"34300","3952","19865","\N","fairs","36–39","\N"
"34305","3988","19865","\N","","197-201","\N"
"34307","3952","19866","\N","fairs","36–39","\N"
"34317","2139","19868","\N","bridge","78-79","\N"
"34314","2139","10860","\N","tolls","77-78","\N"
"34320","3627","12043","\N","","299","\N"
"34330","852","19869","\N","tolls","890-894","\N"
"26719","2839","11846","\N","fairs","119-122","\N"
"34338","1554","12042","\N","bridge","33","\N"
"35423","3315","19994","\N","","table 56 (544-547)","\N"
"34342","3627","2601","\N","","231","\N"
"34346","586","12520","\N","","442-443","\N"
"34347","652","\N","\N","names","713","26736"
"34355","652","\N","\N","names","715","20303"
"34366","2313","14673","\N","harbour","inv.nrs. 774/775","\N"
"34369","2283","14420","\N","tolls","154","\N"
"34370","2283","19874","\N","tolls","154","\N"
"34371","3935","19874","\N","tolls","Bd. 4:1, nos. 1986, 2000","\N"
"34372","3935","\N","\N","names","Bd. 4:1, no. 2000","29883"
"5550","694","2601","\N","tolls","113","\N"
"34377","852","\N","\N","names","984","29885"
"9166","852","2601","\N","tolls","45, 62n111, 834, 890-894","\N"
"34381","3875","19855","\N","","116-117","\N"
"34382","3627","\N","\N","names","44","12079"
"34387","3627","12424","\N","","231","\N"
"34389","852","\N","\N","names","873","29888"
"34399","3627","7261","\N","","631","\N"
"34400","4034","11898","\N","harbour","inv.nr. 220","\N"
"34401","4035","18135","\N","",", 296–298","\N"
"6498","650","10332","\N","\N","\N","\N"
"6500","776","10332","\N","\N","\N","\N"
"6502","606","10332","\N","\N","\N","\N"
"33743","3956","19703","\N","","4, nr. 285 (26.9.1610); 6, nr. 31 (7.1621), nr. 48 (6.3.1622); &#60;b&#62;5, nr. ???&#60;/b&#62;","\N"
"6506","650","10335","\N","\N","\N","\N"
"6508","776","10335","\N","\N","\N","\N"
"6510","606","10335","\N","\N","\N","\N"
"6516","650","10352","\N","\N","\N","\N"
"6518","776","10352","\N","\N","\N","\N"
"6520","606","10352","\N","\N","\N","\N"
"6528","650","10341","\N","\N","\N","\N"
"6530","776","10341","\N","\N","\N","\N"
"6532","606","10341","\N","\N","\N","\N"
"6534","650","10350","\N","\N","\N","\N"
"6536","776","10350","\N","\N","\N","\N"
"6538","606","10350","\N","\N","\N","\N"
"6540","650","10343","\N","\N","\N","\N"
"6542","776","10343","\N","\N","\N","\N"
"6544","606","10343","\N","\N","\N","\N"
"6552","650","10395","\N","\N","\N","\N"
"6554","776","10395","\N","\N","\N","\N"
"6556","606","10395","\N","\N","\N","\N"
"6560","784","2782","\N","\N","217","\N"
"6562","784","3210","\N","\N","246","\N"
"6568","784","6843","\N","\N","418","\N"
"6570","784","3668","\N","\N","272","\N"
"6574","784","745","\N","\N","75","\N"
"6582","650","10400","\N","\N","\N","\N"
"6584","776","10400","\N","\N","\N","\N"
"6586","606","10400","\N","\N","\N","\N"
"6596","784","1268","\N","\N","114","\N"
"6604","784","5249","\N","\N","342","\N"
"6610","784","3688","\N","\N","272","\N"
"6616","784","8823","\N","\N","538","\N"
"6618","784","2802","\N","\N","227-230","\N"
"6620","38","5113","\N","\N","422","\N"
"6622","64","5113","\N","\N","283","\N"
"6624","64","7638","\N","\N","377","\N"
"6626","38","7638","\N","\N","626","\N"
"6628","64","8192","\N","\N","414","\N"
"6630","38","8192","\N","\N","670","\N"
"6632","64","7863","\N","\N","386","\N"
"33564","3958","\N","\N","names","157","29485"
"6636","64","8572","\N","\N","439","\N"
"6638","64","5587","\N","\N","297","\N"
"6640","64","7496","\N","\N","365","\N"
"33668","3935","\N","\N","names","Bd. 3 Abt. 1, no. 1409","26259"
"6644","64","485","\N","\N","51","\N"
"33808","3953","18131","\N","","365","\N"
"33889","1296","\N","\N","names","1122","29664"
"33916","3871","18119","\N","fairs","ID 1000006161 (Vanha Porvoo), ID 1000003250 (Saksala)","\N"
"33942","3979","19741","\N","","347–348","\N"
"33997","3871","18293","\N","","152500006","\N"
"34012","3995","19789","\N","fairs","Vilkuna, Kustaa, Sikfiske, Finland. KLNM 14, 239–241","\N"
"34026","3871","19791","\N","fairs","ID 1000019888 (Haasianniemi)","\N"
"34038","3990","19785","\N","fairs","XXXII","\N"
"34086","3980","18124","\N","fairs","300–301, 305–310","\N"
"34151","4018","19831","\N","","SE/RA/420571/02/1/0048:00001, Geometrisch description öfver the byar som ähre innom 2 mijhl kring Wijborg afmätte (Erik Nilsson Aspegren, 1655)","\N"
"34158","3964","19842","\N","bridge","225","\N"
"34164","3995","19794","\N","fairs","Vilkuna, Kustaa, Sildfiske, Finland. KLNM 15, 253–257","\N"
"34176","4020","19793","\N","bridge","122","\N"
"33878","3861","19746","\N","bridge","138, 273-276, 294-295","\N"
"34189","4021","19844","\N","bridge","519","\N"
"34219","3867","19734","\N","","414","\N"
"34229","3627","12439","\N","","641-642","\N"
"34242","4027","17611","\N","fairs","appendix","\N"
"34247","38","\N","\N","names","148","5375"
"34255","38","\N","\N","names","58","29856"
"34269","38","\N","\N","names","539","17669"
"34301","3952","19865","\N","","36–39","\N"
"34306","4029","19865","\N","","22-24","\N"
"34308","4030","19866","\N","fairs","250","\N"
"34315","2313","10860","\N","tolls","inv.nr. 925","\N"
"34318","2313","19868","\N","bridge","inv.nr. 925","\N"
"34321","38","\N","\N","names","414","14169"
"34331","3627","19869","\N","","276","\N"
"34339","3627","10205","\N","","674","\N"
"35427","4077","19997","\N","","309-310, 327","\N"
"34343","3627","\N","\N","names","23","29875"
"34348","652","\N","\N","names","713","26735"
"34356","652","\N","\N","names","715","20304"
"34367","2283","13947","\N","","309-311","\N"
"34373","3935","\N","\N","names","Bd. 4:1, no. 1986","29884"
"34375","2015","14392","\N","harbour","140-141","\N"
"34376","704","2601","\N","tolls","19","\N"
"34378","694","19875","\N","tolls","113","\N"
"34383","3627","\N","\N","names","44","12080"
"34388","3627","1658","\N","","136-137","\N"
"34390","852","\N","\N","names","875","29889"
"11826","3627","2319","\N","\N","213","\N"
"33747","3967","19703","\N","","47-48, 86","\N"
"34402","3956","18134","\N","","5, nr. 202 (7.9.1620), 6, nr. 60 (28.5.1622), nr. 96 (6.4.1624), nr. 133 (10.6.1625)","\N"
"36680","4009","\N","443","edge","56-59","\N"
"36701","4008","\N","445","edge","48-49","\N"
"6818","650","10504","\N","\N","\N","\N"
"6820","606","10504","\N","\N","\N","\N"
"6834","64","5714","\N","\N","63","\N"
"6836","650","10522","\N","\N","\N","\N"
"6838","828","10522","\N","\N","\N","\N"
"6840","606","10522","\N","\N","\N","\N"
"6852","650","10334","\N","\N","\N","\N"
"6854","776","10334","\N","\N","\N","\N"
"6856","606","10334","\N","\N","\N","\N"
"6858","650","10397","\N","\N","\N","\N"
"6860","776","10397","\N","\N","\N","\N"
"6862","606","10397","\N","\N","\N","\N"
"6880","164","4439","\N","\N","83","\N"
"6882","38","4439","\N","\N","363","\N"
"6888","38","7634","\N","\N","613","\N"
"6894","38","3285","\N","\N","283","\N"
"6896","38","6398","\N","\N","514","\N"
"6914","164","7929","\N","\N","130","\N"
"6916","64","3658","\N","\N","230","\N"
"6918","64","6730","\N","\N","335","\N"
"6920","164","121","\N","\N","5","\N"
"6922","38","2418","\N","\N","219","\N"
"6924","164","2968","\N","\N","62","\N"
"6926","38","1799","\N","\N","156","\N"
"33565","3958","7394","\N","","157-158","\N"
"6930","164","4905","\N","\N","93","\N"
"6932","38","5255","\N","\N","432","\N"
"6934","164","5255","\N","\N","98","\N"
"6936","38","8377","\N","\N","675","\N"
"6938","164","8377","\N","\N","142","\N"
"6940","38","5568","\N","\N","464","\N"
"6942","164","5568","\N","\N","101","\N"
"33669","3958","\N","\N","names","119","26260"
"6946","64","5395","\N","\N","292","\N"
"33748","3960","19703","\N","tolls","29-31","\N"
"33809","3975","18131","\N","","vol. 1, 114-115, vol. 2, 126-127, 143","\N"
"34152","4018","19833","\N","","SE/RA/420571/02/1/0048:00001, Geometrisch description öfver the byar som ähre innom 2 mijhl kring Wijborg afmätte (Erik Nilsson Aspegren, 1655)","\N"
"34159","3989","19842","\N","bridge","Voudintilit, Yleisiä asiakirjoja, 215k, 260","\N"
"34165","3867","19794","\N","","464-465","\N"
"33879","3986","19746","\N","bridge","map 3a (1652), 3b (1696)","\N"
"33890","1296","\N","\N","names","1122","29665"
"33917","3861","19751","\N","","175","\N"
"33943","3988","19756","\N","","73","\N"
"34013","3995","19789","\N","fairs","Vilkuna, Kustaa, Sildfiske, Finland. KLNM 15, 253–257","\N"
"34027","3995","19791","\N","fairs","Vilkuna, Kustaa, Sikfiske, Finland. KLNM 14, 239–241","\N"
"34039","3953","19785","\N","fairs","349","\N"
"34087","3984","18124","\N","fairs","300–301, 305–310","\N"
"34177","4021","19793","\N","bridge"," 519","\N"
"34190","3964","19844","\N","bridge","225","\N"
"34220","3977","19734","\N","","149-152","\N"
"34230","3950","11846","\N","fairs","inv.nr. 51b","\N"
"34248","38","\N","\N","names","148","5373"
"34256","3327","10134","\N","bridge","33","\N"
"34270","38","6711","\N","","539","\N"
"34302","3871","19865","\N","","ID 73010021 (Rikalan Linnamäki) 73010022, (Rikalanmäki), 1000014830 (Halikon kirkko)","\N"
"34309","4031","19866","\N","fairs","419, 426–429","\N"
"34403","3956","19779","\N","fairs","Privilegier 6, nr. 60 (28.5.1622), 96 (6.4.1624).","\N"
"34319","3627","14781","\N","","617","\N"
"34322","38","\N","\N","names","414","14170"
"34332","852","\N","\N","names","894","29873"
"34344","3627","\N","\N","names","23","29876"
"34349","652","\N","\N","names","713","26737"
"34357","652","\N","\N","names","715","20305"
"34368","2283","\N","\N","names","153","1214"
"34379","3627","19875","\N","","728","\N"
"34384","3627","\N","\N","names","44","29887"
"36681","4008","\N","443","edge","42","\N"
"35428","3869","19998","\N","","173-174, 181","\N"
"35430","4079","19999","\N","","79","\N"
"35431","4008","19999","\N","","46","\N"
"36702","4222","\N","446","edge","","\N"
"35440","4080","20002","\N","bridge","SR22.1.05","\N"
"34391","3974","19873","\N","","nr. 506, 1446, 1635","\N"
"7062","650","9555","\N","\N","\N","\N"
"7064","650","9558","\N","\N","\N","\N"
"7066","606","9558","\N","\N","\N","\N"
"7086","650","9559","\N","\N","\N","\N"
"7118","650","9561","\N","\N","\N","\N"
"7120","606","9561","\N","\N","\N","\N"
"7122","638","9561","\N","\N","\N","\N"
"7124","164","8171","\N","\N","136","\N"
"7126","64","6567","\N","\N","328","\N"
"7128","164","6806","\N","\N","116","\N"
"7134","164","5471","\N","\N","100","\N"
"7138","64","4820","\N","\N","265","\N"
"7142","164","4820","\N","\N","90","\N"
"7144","650","8010","\N","\N","\N","\N"
"7146","64","3059","\N","\N","199","\N"
"7148","64","6440","\N","\N","322","\N"
"7152","164","2969","\N","\N","62","\N"
"7158","650","9560","\N","\N","\N","\N"
"7160","606","9560","\N","\N","\N","\N"
"7162","590","9560","\N","\N","\N","\N"
"7164","590","9557","\N","\N","\N","\N"
"7166","650","9557","\N","\N","\N","\N"
"7168","64","8167","\N","\N","412","\N"
"7172","64","101","\N","\N","22","\N"
"7176","38","7084","\N","\N","576","\N"
"7188","64","7084","\N","\N","352","\N"
"7194","64","7995","\N","\N","396","\N"
"7198","650","9609","\N","\N","\N","\N"
"7202","650","9610","\N","\N","\N","\N"
"7206","650","9665","\N","\N","\N","\N"
"33566","3958","\N","\N","names","29","29486"
"7216","164","5768","\N","\N","104","\N"
"33670","3958","\N","\N","names","119","26263"
"33749","3871","19703","\N","","ID 1000011505","\N"
"33810","3976","18131","\N","","351-353","\N"
"33891","1296","\N","\N","names","1122","29666"
"33944","3980","19741","\N","","300–301","\N"
"34014","3867","19789","\N","","450-451","\N"
"34028","3995","19791","\N","fairs","Vilkuna, Kustaa, Sildfiske, Finland. KLNM 15, 253–257","\N"
"33918","3990","18119","\N","fairs","XXXI-XXXII","\N"
"34040","3980","19785","\N","fairs","300-301","\N"
"34153","4018","19832","\N","","SE/RA/420571/02/1/0048:00001, Geometrisch description öfver the byar som ähre innom 2 mijhl kring Wijborg afmätte (Erik Nilsson Aspegren, 1655)","\N"
"35429","4078","19998","\N","","143","\N"
"34166","3979","19794","\N","","347–348","\N"
"34178","3998","19792","\N","bridge","98-101","\N"
"34191","3989","19844","\N","bridge","Voudintilit, Yleisiä asiakirjoja, 215k:260","\N"
"34221","3975","19734","\N","","2, 141-142","\N"
"7260","864","10177","\N","\N","82","\N"
"34231","3950","12729","\N","fairs","inv.nr. 51b","\N"
"7264","650","8902","\N","\N","\N","\N"
"2172","38","1737","\N","\N","148-149","\N"
"34257","780","10134","\N","bridge","32","\N"
"34271","3627","6711","\N","","47-48","\N"
"34303","3873","19865","\N","","ID 200443","\N"
"34310","3952","19866","\N","","36–39","\N"
"34323","38","\N","\N","names","414","14171"
"34333","3627","19870","\N","","168","\N"
"34345","3627","9979","\N","","23","\N"
"34350","652","\N","\N","names","713","26738"
"34358","652","\N","\N","names","715","29881"
"34380","3627","\N","\N","names","728","29886"
"34385","3627","4249","\N","","44","\N"
"34392","3861","19873","\N","","322","\N"
"34404","3956","19783","\N","fairs","Privilegier 6, nr. 60 (28.5.1622)","\N"
"35432","3315","19999","\N","","table 56 (544-547)","\N"
"35441","3861","20002","\N","","104, 160","\N"
"36682","4222","\N","442","edge","","\N"
"36703","4222","\N","447","edge","","\N"
"7318","650","274","\N","\N","\N","\N"
"7442","864","418","\N","\N","81","\N"
"7444","864","4652","\N","\N","81","\N"
"7448","864","9013","\N","\N","25","\N"
"7450","864","5702","\N","\N","25","\N"
"7452","864","1154","\N","\N","107","\N"
"7454","864","7321","\N","\N","107","\N"
"7468","650","10146","\N","\N","\N","\N"
"7470","718","10146","\N","\N","\N","\N"
"7472","606","10146","\N","\N","\N","\N"
"7476","650","9607","\N","\N","\N","\N"
"7478","650","9608","\N","\N","\N","\N"
"7480","650","7981","\N","\N","\N","\N"
"7482","650","3881","\N","\N","\N","\N"
"7484","658","3881","\N","\N","\N","\N"
"7486","606","3881","\N","\N","\N","\N"
"7488","650","9840","\N","\N","\N","\N"
"33567","3958","\N","\N","names","29","29487"
"33671","3958","\N","\N","names","119","26262"
"33811","3960","18131","\N","","56","\N"
"15810","1296","222","\N","\N","1122","\N"
"33919","3991","18119","\N","fairs","passim","\N"
"33945","3871","19741","\N","","ID 1000006570, 1000003250","\N"
"34015","3979","19789","\N","","455–461, 483–489, 490–496","\N"
"34041","3952","19785","\N","fairs","3, 64","\N"
"34179","3861","19792","\N","bridge","99, 106, 273-276","\N"
"7514","650","7750","\N","\N","\N","\N"
"34192","3871","19848","\N","bridge","ID 1000037829 (Kantinsillan jäännökset), 1000007239 (Skanssi), 1000002073 (Kyminlinna)","\N"
"34222","3976","19734","\N","","313-320","\N"
"34232","852","\N","\N","names","793","29846"
"34249","3627","1737","\N","","146-147","\N"
"34258","4026","12225","\N","","I, no. 4","\N"
"34272","4","10141","\N","bridge","351","\N"
"34304","3867","19865","\N","","54–55","\N"
"34311","4030","19866","\N","","250","\N"
"34324","38","\N","\N","names","414","29867"
"34334","852","\N","\N","names","894","29874"
"34351","652","\N","\N","names","713","29877"
"34359","920","\N","\N","names","300","26107"
"29711","3391","4249","\N","tolls","83-84, 113-116","\N"
"34393","3988","19873","\N","","58","\N"
"36683","3974","\N","442","edge","nr. 5518","\N"
"34406","4036","19881","\N","bridge","44","\N"
"34407","4038","19881","\N","bridge","144","\N"
"34408","4036","19880","\N","bridge","44","\N"
"34421","428","9184","\N","harbour","123","\N"
"34425","4041","\N","\N","names","349","29893"
"34436","1430","\N","\N","names","378-379","6951"
"34440","3627","4972","\N","","426","\N"
"34441","3627","6890","\N","","594-595","\N"
"34442","3315","19877","\N","bridge","532","\N"
"34446","3315","18300","\N","bridge","521–528","\N"
"34448","3315","18289","\N","bridge","520–521","\N"
"34450","3321","18289","\N","bridge","158","\N"
"34547","4046","227","\N","","225-229","\N"
"34614","4041","\N","\N","names","227","30012"
"34619","4041","\N","\N","names","128","30015"
"34620","4041","\N","\N","names","128","30016"
"34645","3867","19883","\N","","224–225","\N"
"36704","3859","\N","447","edge","15","\N"
"34655","3974","19884","\N","","nr. 671","\N"
"34660","3867","18120","\N","","266–269","\N"
"7588","650","10713","\N","\N","176","\N"
"7590","606","10713","\N","\N","\N","\N"
"7592","650","10656","\N","\N","156","\N"
"7594","606","10656","\N","\N","\N","\N"
"7596","650","10663","\N","\N","\N","\N"
"7598","606","10663","\N","\N","\N","\N"
"7600","650","10655","\N","\N","\N","\N"
"7602","606","10655","\N","\N","\N","\N"
"7604","650","10657","\N","\N","\N","\N"
"7606","606","10657","\N","\N","\N","\N"
"7608","650","10688","\N","\N","\N","\N"
"7610","606","10688","\N","\N","\N","\N"
"7612","650","10698","\N","\N","\N","\N"
"7614","606","10698","\N","\N","\N","\N"
"7616","650","10702","\N","\N","183","\N"
"7618","606","10702","\N","\N","\N","\N"
"34663","3974","18120","\N","","nr. 541, 518, 528, 543, 568, 648, 670, 689, 724-725, 727.","\N"
"34666","3961","18120","\N","fairs","15","\N"
"35433","3321","19999","\N","","160","\N"
"7626","650","10715","\N","\N","154","\N"
"7628","606","10715","\N","\N","\N","\N"
"34673","4047","18120","\N","","192–198","\N"
"34674","3956","18120","\N","","2, nr. 213 (12.6.1550).","\N"
"34686","3321","18125","\N","","178-193","\N"
"34688","3953","19888","\N","fairs","345","\N"
"34696","4047","18262","\N","","187, 192–198, 201–202","\N"
"34700","3627","10532","\N","","101","\N"
"6944","852","10541","\N","tolls","105-106, 122-123, 221-222, 659-660","\N"
"34708","3321","18264","\N","","269-276, 284-287","\N"
"34709","4049","19890","\N","","142","\N"
"34710","4049","19891","\N","","142","\N"
"34711","4050","19892","\N","","234","\N"
"7658","650","10771","\N","\N","187","\N"
"7660","606","10771","\N","\N","\N","\N"
"34713","4050","19894","\N","","234","\N"
"34716","4050","19897","\N","","234","\N"
"34717","4050","19898","\N","","234","\N"
"7672","650","10774","\N","\N","\N","\N"
"7674","606","10774","\N","\N","\N","\N"
"7676","650","10777","\N","\N","\N","\N"
"7678","606","10777","\N","\N","\N","\N"
"7680","650","10780","\N","\N","165","\N"
"7682","606","10780","\N","\N","\N","\N"
"7684","650","10779","\N","\N","172","\N"
"7686","606","10779","\N","\N","\N","\N"
"7688","650","10778","\N","\N","182","\N"
"7690","606","10778","\N","\N","\N","\N"
"34718","4050","19899","\N","","233-234","\N"
"34721","4050","19903","\N","","228","\N"
"34724","4041","\N","\N","names","356","30043"
"34752","4052","19907","\N","","402","\N"
"34753","4041","\N","\N","names","171","9466"
"34779","4041","\N","\N","names","219","30084"
"34780","4041","\N","\N","names","219","30085"
"34787","4041","\N","\N","names","323","19744"
"34916","3961","19911","\N","","43-47","\N"
"34756","4041","\N","\N","names","171","30071"
"34939","3961","19908","\N","","37–38","\N"
"34943","3974","18299","\N","","1037","\N"
"34948","3952","18292","\N","fairs","41–44, 50–51","\N"
"34954","4041","\N","\N","names","255","10912"
"34984","1911","1813","\N","fairs","79n78","\N"
"34985","942","\N","\N","names","Enschede (Enschede, O)","5673"
"35017","4041","\N","\N","names","245","14563"
"35035","4041","\N","\N","names","51","607"
"35093","4041","\N","\N","names","300","30278"
"33568","3958","\N","\N","names","29","29488"
"33672","3958","\N","\N","names","119","26261"
"33920","3992","18119","\N","fairs","nr. 14050224001 (1405)","\N"
"33946","3952","19741","\N","","65","\N"
"34016","3871","19789","\N","","ID 1000014822 (Pernajan kirkko)","\N"
"34042","3979","19785","\N","fairs","455–461, 483–489, 490–496","\N"
"34180","4020","19792","\N","bridge","122","\N"
"34193","3998","19848","\N","bridge","98-101","\N"
"34223","3966","19734","\N","","2, 369-373","\N"
"34233","852","\N","\N","names","792","29847"
"34259","1644","17050","\N","bridge","50","\N"
"34273","756","10141","\N","bridge","20","\N"
"34312","4031","19866","\N","","419, 426–429","\N"
"34325","38","\N","\N","names","414","29868"
"34335","852","19870","\N","tolls","890-894","\N"
"34352","652","\N","\N","names","713","29878"
"34360","920","\N","\N","names","300","26109"
"34386","3627","7651","\N","","49","\N"
"34394","4009","19873","\N","","6","\N"
"34409","4039","19880","\N","bridge","46","\N"
"34422","460","9184","\N","harbour","246","\N"
"34426","4041","\N","\N","names","349","29894"
"34437","3627","2206","\N","","202","\N"
"34443","4042","19877","\N","bridge","92–102","\N"
"34447","3321","18300","\N","bridge","438","\N"
"34449","4045","18300","\N","bridge","","\N"
"34451","4046","13808","\N","","212-215","\N"
"34548","4046","\N","\N","names","226","1202"
"34615","4041","\N","\N","names","227","12954"
"34621","4041","\N","\N","names","128","30017"
"34646","3975","19883","\N","","2,142","\N"
"34651","3966","19883","\N","","2, 418–440","\N"
"34656","4043","19884","\N","","27-47, 48-82","\N"
"34661","3869","18120","\N","","167-176","\N"
"34664","3871","18120","\N","","ID 886010002 (Ulvila), 886010004 (Liikistö)","\N"
"34667","3953","18120","\N","fairs","345","\N"
"35434","3319","19999","\N","","72","\N"
"34687","3321","18120","\N","","Suvanto 1973, 178–193","\N"
"34689","3952","19888","\N","fairs","44–47","\N"
"34697","4043","18262","\N","","58-66, 78-82","\N"
"12716","3627","10541","\N","\N","246-247","\N"
"34702","852","\N","\N","names","105","30038"
"34712","4050","19893","\N","","234","\N"
"34714","4050","19895","\N","","234","\N"
"34719","4050","19900","\N","","234","\N"
"34722","4050","19904","\N","","234","\N"
"34725","4041","\N","\N","names","356","30044"
"7866","650","72","\N","\N","\N","\N"
"34754","4041","\N","\N","names","171","30069"
"34781","4041","\N","\N","names","219","30086"
"34788","4041","\N","\N","names","323","30090"
"34917","3867","19911","\N","","246-251","\N"
"35442","4022","20002","\N","","282","\N"
"34944","4043","18299","\N","","47-50, 58-66, 78-82","\N"
"34949","3952","18292","\N","","41–44, 50–51","\N"
"34955","4041","\N","\N","names","255","10918"
"34986","942","1813","\N","","Enschede (Enschede, O)","\N"
"35018","4041","\N","\N","names","245","30230"
"35036","4041","\N","\N","names","51","30241"
"35094","4041","\N","\N","names","300","27917"
"35102","4041","\N","\N","names","122","7500"
"34925","4058","18121","\N","fairs","123–125,  141","\N"
"36684","3319","\N","442","edge","19-43","\N"
"36705","3315","\N","447","edge","503","\N"
"33569","3958","\N","\N","names","29","29489"
"33673","3958","\N","\N","names","120","26257"
"33921","3993","18119","\N","fairs","nr. 19326 (1419), SDHK 19602 (1421)","\N"
"16168","652","12409","\N","\N","273-274","\N"
"34043","3995","19785","\N","fairs","Vilkuna, Kustaa, Sikfiske, Finland. KLNM 14, 239–241","\N"
"34181","4021","19792","\N","bridge","519","\N"
"34194","3861","19848","\N","bridge","99, 106, 273-276","\N"
"34234","700","12211","\N","bridge","226","\N"
"34260","38","\N","\N","names","54","4422"
"34274","3627","7949","\N","","710","\N"
"34313","3871","19866","\N","","ID 734010043 (Uskelan emäkirkko), 1000014992 (Salon pyhän Annan kappeli)","\N"
"34326","38","\N","\N","names","414","29869"
"34336","3627","19871","\N","","437","\N"
"34353","652","\N","\N","names","713","29879"
"34361","920","\N","\N","names","300","26110"
"34395","4032","19873","\N","","I, 64-66","\N"
"34410","4040","19880","\N","bridge","399-400","\N"
"34423","1488","9184","\N","harbour","20-21","\N"
"34427","4041","\N","\N","names","349","29895"
"13734","1430","6437","\N","\N","392-393","\N"
"34444","4043","19877","\N","bridge","55","\N"
"34452","4046","\N","\N","names","213","27398"
"34549","4046","\N","\N","names","226","1200"
"34616","4041","\N","\N","names","228","30013"
"34622","4041","\N","\N","names","128","30018"
"34647","3976","19883","\N","","320–323","\N"
"34652","4042","19883","\N","","","\N"
"34657","3321","19884","\N","","332","\N"
"34665","3873","18120","\N","","ID 200537","\N"
"34668","3952","18120","\N","fairs","44–47","\N"
"34662","3961","18120","\N","","10-11, 19-21, 24-26","\N"
"34677","3953","18125","\N","fairs","345","\N"
"34690","3956","19888","\N","fairs","4, nr. 150 (8.7.1602) ja 179 (1.8.1604)","\N"
"34698","3974","18262","\N","","1037","\N"
"34701","852","\N","\N","names","95","30037"
"10036","852","11565","\N","tolls","105-106, 122-123, 223-224, 657-658","\N"
"34715","4050","19896","\N","","233","\N"
"34720","4050","19901","\N","","234","\N"
"34723","4051","19905","\N","","284","\N"
"34726","4041","\N","\N","names","356","30045"
"34755","4041","\N","\N","names","171","30070"
"34782","4041","\N","\N","names","219","30087"
"34789","4041","\N","\N","names","323","30091"
"34918","3966","19911","\N","","2, 415-416","\N"
"34926","3952","18121","\N","fairs","4, 52","\N"
"34941","3321","19908","\N","","287-289","\N"
"34945","3321","18299","\N","","332-224","\N"
"34950","3953","18292","\N","fairs","357","\N"
"34956","4041","\N","\N","names","255","10911"
"34987","942","\N","\N","names","Enschede (Enschede, O)","5674"
"35019","4041","\N","\N","names","245","14564"
"35037","4041","\N","\N","names","51","30242"
"35095","4041","\N","\N","names","300","27918"
"35103","4041","\N","\N","names","122","7501"
"35443","4079","20006","\N","","79","\N"
"35459","4083","20010","\N","","531","\N"
"35462","4082","20010","\N","","158-159","\N"
"35463","4083","20011","\N","","531","\N"
"35465","3967","20012","\N","","64, 86","\N"
"35481","4082","20017","\N","","158-159","\N"
"35496","3967","20022","\N","","86","\N"
"35435","3967","19999","\N","","64, 67, 86","\N"
"35474","3967","20016","\N","","64, 86","\N"
"35483","3967","20018","\N","","64, 86","\N"
"36685","3998","\N","442","edge","","\N"
"35505","3967","18134","\N","","86","\N"
"35506","3967","20027","\N","","86","\N"
"35510","4088","20030","\N","","743","\N"
"35511","4088","20031","\N","","743","\N"
"35512","3967","20032","\N","","86","\N"
"35513","4089","20033","\N","","427","\N"
"35514","3967","20034","\N","","115","\N"
"35519","4089","20037","\N","","427","\N"
"35523","4091","20039","\N","","603","\N"
"35525","4092","20040","\N","","172","\N"
"35529","3967","20042","\N","","118","\N"
"27897","3123","4829","\N","tolls","","\N"
"35535","2345","14931","\N","bridge","386","\N"
"29677","3305","4698","\N","fairs","","\N"
"35537","3469","20046","\N","bridge","12","\N"
"35538","4015","19833","\N","","276","\N"
"35539","4015","19840","\N","","278–279","\N"
"35558","3974","\N","\N","names","619","30394"
"35570","3956","\N","\N","names","nr. 4, 215","30396"
"35574","4097","20007","\N","","46, 51-52","\N"
"35560","3956","20044","\N","fairs","2, nr. 138 (7.8.1542), 4, 43 (9.7.1594), 6, 178 (16.2.1627).","\N"
"35577","3974","\N","\N","names","1054","30397"
"35587","1622","12103","\N","bridge","63","\N"
"35591","2445","4698","\N","tolls","inv. no. 2498","\N"
"35599","3974","\N","\N","names","1453","30400"
"35600","3765","13079","\N","","142","\N"
"8206","920","258","\N","\N","133-134","\N"
"8210","920","448","\N","\N","142-143","\N"
"8212","920","1321","\N","\N","152","\N"
"8214","920","1385","\N","\N","153","\N"
"8216","920","2106","\N","\N","167","\N"
"8218","920","2409","\N","\N","173-175","\N"
"8222","920","2431","\N","\N","178","\N"
"8224","920","4558","\N","\N","200","\N"
"8226","920","5844","\N","\N","209","\N"
"8230","920","6407","\N","\N","221","\N"
"8232","920","7461","\N","\N","244-245","\N"
"8234","920","7810","\N","\N","254","\N"
"8236","920","7885","\N","\N","256","\N"
"8240","920","8590","\N","\N","262","\N"
"33570","3958","\N","\N","names","29","29490"
"33674","3958","\N","\N","names","120","29518"
"33922","3869","18119","\N","fairs","506, 513","\N"
"33947","3953","19741","\N","","345–346","\N"
"34044","3995","19785","\N","fairs","Vilkuna, Kustaa, Sildfiske, Finland. KLNM 15, 253–257","\N"
"34182","3964","19792","\N","bridge","225","\N"
"34195","4021","19848","\N","bridge","519","\N"
"34235","4026","12211","\N","bridge","I, no. 4","\N"
"34275","852","\N","\N","names","120n75","29860"
"34327","3627","5092","\N","","436","\N"
"34337","3627","19872","\N","","463","\N"
"34354","652","\N","\N","names","713","29880"
"34362","920","\N","\N","names","300","26112"
"34396","4033","19873","\N","","112","\N"
"34411","3861","19867","\N","bridge","103–106","\N"
"34424","1606","12087","\N","bridge","101-102","\N"
"34428","4041","\N","\N","names","349","29896"
"34438","720","2124","\N","","188","\N"
"34445","4044","19877","\N","bridge","774-775","\N"
"34453","4046","\N","\N","names","213","27399"
"34550","4046","\N","\N","names","226","29967"
"34617","4041","\N","\N","names","228","30014"
"34623","4041","\N","\N","names","128","30019"
"34653","3871","19883","\N","","ID 271010039 (Isoluoto), 1000051997 (Kokemäenkartanon myöhempi tontti)","\N"
"34658","3871","19884","\N","","ID 271010037 (Linnaluoto), 1000051994 (Forsby)","\N"
"34669","3956","18120","\N","fairs","4, nr. 150 (8.7.1602), 179 (1.8.1604)","\N"
"34678","3952","18125","\N","fairs","44–47","\N"
"34691","3974","19888","\N","","nr. 538, 1424","\N"
"34699","3966","18262","\N","","2, 432-433","\N"
"34703","852","\N","\N","names","123n89","30039"
"34727","4041","\N","\N","names","356","30046"
"34783","4041","\N","\N","names","219","30088"
"34790","4041","\N","\N","names","323","19738"
"34919","4053","19911","\N","","","\N"
"34942","3871","19908","\N","","ID 1000023029","\N"
"34946","3977","18299","\N","","180-183, 220-228","\N"
"8428","38","6449","\N","\N","519","\N"
"8430","340","459","\N","\N","25","\N"
"34951","3953","18292","\N","","357","\N"
"34957","4041","\N","\N","names","255","10917"
"34988","942","\N","\N","names","Enschede (Enschede, O)","30210"
"35020","4041","\N","\N","names","245","30231"
"35038","4041","\N","\N","names","51","30243"
"35096","4041","\N","\N","names","300","27916"
"35104","4041","\N","\N","names","122","7502"
"35436","3319","20000","\N","","72","\N"
"35444","3967","20006","\N","","66","\N"
"35460","4081","20010","\N","","357","\N"
"35464","4081","20011","\N","","348, 357","\N"
"35466","4084","20012","\N","","146","\N"
"35475","4082","20016","\N","","158-159","\N"
"35484","4082","20018","\N","","158-159","\N"
"35497","4081","20022","\N","","460","\N"
"35482","3967","20017","\N","","64, 86&#13;&#10;","\N"
"35503","3967","20024","\N","","86","\N"
"35507","4088","20027","\N","","742","\N"
"36686","3979","\N","442","edge","225–242","\N"
"35520","4090","20037","\N","","229","\N"
"36706","3967","\N","447","edge","63–67, 77–94","\N"
"35526","4093","20040","\N","","232-233","\N"
"35530","4093","20042","\N","","232-233","\N"
"35536","3395","4698","\N","tolls","","\N"
"35540","3974","\N","\N","names","1453","30392"
"35559","3974","\N","\N","names","313","30395"
"35561","4023","20044","\N","fairs","264","\N"
"35571","3956","20049","\N","fairs","4, 215 (11.9.1606)","\N"
"8520","38","11043","\N","\N","32","\N"
"35575","4097","20008","\N","","46, 51-52","\N"
"8524","340","11027","\N","\N","291-292","\N"
"8528","340","11026","\N","\N","124","\N"
"35578","3974","\N","\N","names","443","30398"
"35588","2703","12103","\N","bridge","61","\N"
"35592","3049","4698","\N","tolls","447, 461","\N"
"35601","3765","\N","\N","names","142","30401"
"35621","3956","18141","\N","fairs","2, nr. 138 (7.8.1542), 4, 43 (9.7.1594)","\N"
"34648","3869","19883","\N","","195–202, 306","\N"
"34927","3956","18121","\N","fairs","4, nr. 227 (4.5.1607), 5, nr. 85 (7.2.1616), 6, nr. 95 (6.4.1624)","\N"
"8548","340","11044","\N","\N","27","\N"
"8550","340","11020","\N","\N","319-320","\N"
"8552","340","11050","\N","\N","5","\N"
"8556","340","11045","\N","\N","245","\N"
"8558","340","11046","\N","\N","385","\N"
"8574","340","11054","\N","\N","39","\N"
"8576","38","10691","\N","\N","209","\N"
"8578","38","11047","\N","\N","53","\N"
"8580","340","11047","\N","\N","26","\N"
"8582","162","98","\N","\N","25","\N"
"8584","162","101","\N","\N","27","\N"
"8586","162","178","\N","\N","29","\N"
"8638","920","9687","\N","\N","361-363","\N"
"8640","920","923","\N","\N","367","\N"
"8642","920","9997","\N","\N","368","\N"
"8644","920","1775","\N","\N","372-373","\N"
"8646","920","2128","\N","\N","383","\N"
"8648","920","2895","\N","\N","403-405","\N"
"8650","920","3614","\N","\N","411-412","\N"
"8652","920","5294","\N","\N","429-430","\N"
"8654","920","5468","\N","\N","432","\N"
"8656","920","6102","\N","\N","437-348","\N"
"8660","920","7003","\N","\N","448-449","\N"
"8662","920","7942","\N","\N","451-452","\N"
"8664","920","8174","\N","\N","452-453","\N"
"8666","920","8236","\N","\N","454","\N"
"8668","920","10676","\N","\N","368-369","\N"
"8670","920","10668","\N","\N","373-375","\N"
"8672","920","10689","\N","\N","382-383","\N"
"8674","920","10691","\N","\N","384-386","\N"
"8676","920","10692","\N","\N","414-415","\N"
"8678","920","10693","\N","\N","424","\N"
"8680","920","10690","\N","\N","450-451","\N"
"8682","920","561","\N","\N","366","\N"
"8684","920","1676","\N","\N","371-372","\N"
"8686","920","1962","\N","\N","375-381","\N"
"8688","920","2777","\N","\N","387-403","\N"
"8690","920","2911","\N","\N","405-406","\N"
"8692","920","3280","\N","\N","406-407","\N"
"8694","920","3344","\N","\N","408-410","\N"
"8696","920","3646","\N","\N","412-414","\N"
"8698","920","4278","\N","\N","416-417","\N"
"8700","920","4604","\N","\N","417-424","\N"
"8702","920","4858","\N","\N","427-428","\N"
"8704","920","5026","\N","\N","428-429","\N"
"8706","920","5310","\N","\N","430-432","\N"
"8708","920","5622","\N","\N","432-433","\N"
"8710","920","5632","\N","\N","434-435","\N"
"8712","920","5984","\N","\N","435-437","\N"
"8714","920","6277","\N","\N","438-440","\N"
"8716","920","6364","\N","\N","442-445","\N"
"8718","920","6880","\N","\N","445-448","\N"
"8720","920","7061","\N","\N","449-450","\N"
"8722","920","10645","\N","\N","457-459","\N"
"33571","3958","\N","\N","names","29","29491"
"33675","3968","19684","\N","","76-97","\N"
"16170","586","12409","\N","\N","45-47","\N"
"34183","3989","19792","\N","bridge","Voudintilit, Yleisiä asiakirjoja, 215k:260","\N"
"34196","3964","19848","\N","bridge","225","\N"
"34236","4026","\N","\N","names","I, no. 4","29851"
"34276","852","1328","\N","tolls","668","\N"
"34328","852","\N","\N","names","894","29871"
"34363","920","\N","\N","names","337","26106"
"34397","3875","19873","\N","","126","\N"
"34412","3998","19867","\N","bridge","90–93&#13;&#10;&#13;&#10;","\N"
"34429","4041","\N","\N","names","349","29897"
"34439","4","11529","\N","ferry","315","\N"
"34454","4046","\N","\N","names","213","29903"
"34551","4046","\N","\N","names","226","29968"
"34618","4041","4583","\N","","227-228","\N"
"34624","4041","2724","\N","","128","\N"
"34649","4043","19883","\N","","51–58","\N"
"34654","4047","19883","\N","","187-189","\N"
"34659","3977","19884","\N","","152-154","\N"
"34670","3966","18120","\N","","2, 431-432","\N"
"34704","852","\N","\N","names","223","30040"
"34728","4041","\N","\N","names","356","30047"
"34757","4041","\N","\N","names","171","30072"
"34784","4041","\N","\N","names","219","12498"
"34791","4041","\N","\N","names","323","19737"
"34920","3871","19911","\N","","ID 1000014807","\N"
"34928","3953","18121","\N","fairs","357","\N"
"34947","3871","18299","\N","","ID 51010006","\N"
"34952","3867","18292","\N",""," 58-59","\N"
"34958","4041","\N","\N","names","255","30189"
"34989","942","\N","\N","names","Enschede (Enschede, O)","5675"
"35021","4041","\N","\N","names","245","30232"
"35039","4041","\N","\N","names","51","30244"
"35097","4041","\N","\N","names","300","30279"
"35105","4041","\N","\N","names","122","7498"
"36687","4009","\N","442","edge","48–50","\N"
"35437","3319","20001","\N","","72","\N"
"35445","4008","20007","\N","","46","\N"
"35461","4084","20010","\N","","146","\N"
"35467","4076","20012","\N","","102","\N"
"35476","4083","20016","\N","","531","\N"
"35485","4081","20018","\N","","648","\N"
"35498","4087","20022","\N","","674","\N"
"35504","3967","20026","\N","","86","\N"
"35508","4088","20028","\N","","743","\N"
"35516","3967","18133","\N","","86","\N"
"35521","3967","20038","\N","","86, 115","\N"
"35527","4092","20039","\N","","172","\N"
"35531","4092","20042","\N","","171-172","\N"
"35541","3974","\N","\N","names","313","30393"
"35562","4005","20044","\N","fairs","163–164","\N"
"35572","4023","20049","\N","fairs","4, 215 (11.9.1606)","\N"
"35576","4097","20009","\N","","46, 51-52","\N"
"35579","3956","19930","\N","fairs","2, nr. 138 (7.8.1542), 4, 43 (9.7.1594)","\N"
"35589","3305","12103","\N","bridge","15-26","\N"
"35593","1444","4698","\N","tolls","65","\N"
"35602","3765","\N","\N","names","142","30402"
"35622","4023","18141","\N","fairs","264","\N"
"34692","3869","19888","\N","","9, 168, 176-181, 313-315, 329, 333-335, 385, 513-514, 522-524","\N"
"36707","4141","\N","447","edge","141–144","\N"
"34679","3956","18125","\N","fairs","Privilegier 4, nr. 150 (8.7.1602), nr. 179 (1.8.1604), 5. nr. 89 and 92 (8.2.1616), 6, nr. 127 (14.4.1627)","\N"
"33572","3958","603","\N","","29-30","\N"
"33676","3935","\N","\N","names","Bd. 3 Abt. 1, no. 1409","26253"
"33948","3989","19741","\N","fairs","Voudintilit, 217a:32–33","\N"
"34184","4021","19843","\N","bridge","Mattila, Veikko, Kymin historia, I, (Kouvola, 1960), 519.","\N"
"34197","3989","19848","\N","bridge","Voudintilit, Yleisiä asiakirjoja, 215k:260","\N"
"34277","852","2608","\N","tolls","668","\N"
"34329","852","\N","\N","names","894","29872"
"34364","920","\N","\N","names","337","29882"
"34413","3998","19845","\N","bridge","92","\N"
"34430","4041","\N","\N","names","349","29898"
"34455","4046","\N","\N","names","213","29904"
"34552","4046","\N","\N","names","230","14644"
"34625","4041","\N","\N","names","264","30020"
"35438","3315","20001","\N","","table 56 (544-547)","\N"
"34680","3787","18125","\N","","66-68","\N"
"34705","852","\N","\N","names","223","30041"
"34729","4041","\N","\N","names","356","30048"
"34758","4041","\N","\N","names","171","30073"
"34785","4041","\N","\N","names","219","30089"
"34792","4041","\N","\N","names","323","19739"
"34921","3873","19911","\N","","203934","\N"
"34929","3961","18121","\N","fairs","36-37","\N"
"34953","3871","18292","\N","","ID 1000014865 (Kalannin kirkko)","\N"
"34959","4041","\N","\N","names","255","10915"
"34990","942","\N","\N","names","Enschede (Enschede, O)","5676"
"35022","4041","\N","\N","names","245","14565"
"35040","4041","\N","\N","names","51","30245"
"35098","4041","\N","\N","names","300","30280"
"35106","4041","\N","\N","names","122","30282"
"35446","3321","20007","\N","","160","\N"
"35468","4083","20012","\N","","531","\N"
"35477","4084","20016","\N","","146","\N"
"35486","4085","20018","\N","","204","\N"
"35499","3967","20010","\N","","64, 86","\N"
"35509","4088","19713","\N","","743","\N"
"35517","3967","20035","\N","","86","\N"
"35522","4091","20038","\N","","603-604","\N"
"35528","4093","19703","\N","","233","\N"
"35532","4093","20043","\N","","233","\N"
"36688","4008","\N","442","edge","39–41","\N"
"35542","4086","20047","\N","","299-300, 318-319","\N"
"35563","3952","20044","\N","fairs","32, 62–64, 72–75, 83–85","\N"
"35573","4016","20049","\N","fairs","147, 204–205","\N"
"35580","4023","19930","\N","fairs","264","\N"
"35590","2003","12103","\N","bridge","17","\N"
"35594","2267","4698","\N","tolls","I no. 50","\N"
"35603","3765","\N","\N","names","142","30403"
"35623","3952","18141","\N","fairs","32, 62–64, 74–75, 83–85","\N"
"34693","3321","19888","\N","","145, 157-158, 180, 232-243, 269, 373.","\N"
"36708","4008","\N","447","edge","45–48, 51–53, 61","\N"
"33573","3958","\N","\N","names","142","17152"
"33677","3935","\N","\N","names","VI no. 3891","26254"
"33949","3627","12409","\N","","59","\N"
"34003","3861","19790","\N","bridge","138, 273-276.","\N"
"34198","3998","19846","\N","bridge","98-101","\N"
"34278","852","10246","\N","tolls","667","\N"
"12088","920","1035","\N","\N","278","\N"
"34365","2739","16816","\N","lock","70-71","\N"
"34414","3861","19845","\N","bridge","103–106, 135–136","\N"
"34431","4041","\N","\N","names","349","29899"
"34456","4046","\N","\N","names","213","29905"
"34553","4046","\N","\N","names","230","29969"
"34626","4041","\N","\N","names","264","23580"
"34681","4048","18125","\N","","276-282","\N"
"34694","3956","19888","\N",""," 4, 179 (1.8.1604)","\N"
"34706","852","\N","\N","names","223","30042"
"34730","4041","\N","\N","names","356","30049"
"34759","4041","\N","\N","names","171","30074"
"34786","4041","4365","\N","","218-219","\N"
"34793","4041","\N","\N","names","323","30092"
"34922","4054","19911","\N","","109, 123-125","\N"
"34930","3974","18121","\N","","nr. 2457, 2557, 3155, 3654, 4951, 5047, 5603, 6384","\N"
"34960","4041","\N","\N","names","255","10916"
"34991","942","\N","\N","names","Enschede (Enschede, O)","5677"
"35023","4041","\N","\N","names","245","30233"
"35041","4041","\N","\N","names","51","608"
"35099","4041","\N","\N","names","300","30281"
"35107","4041","\N","\N","names","122","7499"
"35469","4082","20012","\N","","158-159","\N"
"35478","4085","20016","\N","","204","\N"
"35487","3967","\N","\N","names","64","30383"
"35439","3967","20001","\N","","64, 86","\N"
"35447","3967","20007","\N","","64, 86","\N"
"35500","3967","20023","\N","","86, 114","\N"
"35518","4089","20036","\N","","427","\N"
"35533","3967","20045","\N","","118","\N"
"35543","4076","20047","\N","","200","\N"
"35564","3972","20044","\N","fairs","227","\N"
"35581","3952","19930","\N","fairs","32, 62–64, 74–75, 83–85","\N"
"35595","2473","4698","\N","tolls","inv. nos. 406, 407","\N"
"35604","3765","\N","\N","names","142","30404"
"35624","4005","18141","\N","fairs","163–167","\N"
"36689","3964","\N","442","edge","84–86","\N"
"36709","4009","\N","447","edge","78–83","\N"
"33574","3958","\N","\N","names","142","17153"
"33678","3958","\N","\N","names","132","26255"
"33950","3627","19757","\N","","752","\N"
"34199","3861","19846","\N","bridge","99, 106, 273-276","\N"
"34279","852","19861","\N","tolls","667","\N"
"34415","3313","17202","\N","ferry","10, 45, 48, 214, 250, 252, 260–261, 267–268, 584–586","\N"
"34432","4041","\N","\N","names","349","29900"
"34457","4046","4878","\N","","169-171","\N"
"34554","4046","\N","\N","names","230","14648"
"34627","4041","\N","\N","names","264","30021"
"34682","3871","18125","\N","","ID 1000007309","\N"
"34695","3871","19888","\N","","ID 1000015682","\N"
"34707","3627","12493","\N","","349-350","\N"
"34731","4041","\N","\N","names","356","30050"
"34760","4041","3237","\N","","171","\N"
"34794","4041","\N","\N","names","323","19741"
"34923","4057","19911","\N","","159-173","\N"
"34931","3961","18121","\N","","24-26, 35–39, 63","\N"
"34961","4041","\N","\N","names","255","30190"
"34992","942","\N","\N","names","Enschede (Enschede, O)","5678"
"35024","4041","\N","\N","names","245","30234"
"35042","4041","\N","\N","names","51","30246"
"35100","4041","14653","\N","","300-301","\N"
"35108","4041","\N","\N","names","122","30283"
"35448","4081","20007","\N","","357","\N"
"35470","4085","20013","\N","","204","\N"
"9540","864","7391","\N","\N","26","\N"
"35479","4076","20016","\N","","215","\N"
"35488","3967","20019","\N","","64, 86","\N"
"35501","4083","20023","\N","","534","\N"
"35534","4092","20045","\N","","171-172","\N"
"35544","4014","20041","\N","fairs","316–318, 643, 646–648","\N"
"35565","4014","20044","\N","fairs","316–318, 643, 646-648","\N"
"35582","4005","19930","\N","fairs","163–167","\N"
"35596","2475","4698","\N","tolls","inv. no. 2633","\N"
"35605","3765","\N","\N","names","142","30405"
"35625","4098","18141","\N","fairs","400–401","\N"
"35630","3974","19936","\N","","443, 780, 960","\N"
"35639","4092","20057","\N","","172","\N"
"35644","3967","20059","\N","","86, 115","\N"
"35648","3967","20060","\N","","115","\N"
"35651","4100","20061","\N","","248-249","\N"
"35653","3967","20062","\N","","118","\N"
"35656","3967","20063","\N","","86, 115","\N"
"35659","3967","20064","\N","","115","\N"
"35662","3967","20066","\N","","115","\N"
"35679","4083","20076","\N","","536","\N"
"35683","3967","20078","\N","","118","\N"
"35690","3765","\N","\N","names","252","30423"
"35706","3765","\N","\N","names","209","30434"
"35712","3079","527","\N","tolls","40","\N"
"35714","3123","3807","\N","tolls","","\N"
"35715","3123","8241","\N","tolls","","\N"
"35716","3123","2885","\N","tolls","","\N"
"35717","3765","\N","\N","names","262","30439"
"35720","3765","1980","\N","","224, 262","\N"
"35726","4105","20085","\N","","208-209","\N"
"35727","4083","20086","\N","","534, 536","\N"
"35729","3967","20087","\N","","118","\N"
"35732","4083","20088","\N","","536","\N"
"35735","4100","20090","\N","","248","\N"
"35750","4008","20099","\N","","48","\N"
"35756","4108","20101","\N","","513","\N"
"35759","3123","2966","\N","tolls","","\N"
"35761","3123","19950","\N","tolls","","\N"
"35763","1646","\N","\N","names","103","30453"
"35767","1706","20103","\N","tolls","31","\N"
"35768","2347","20103","\N","tolls","53, 57-58","\N"
"35832","4048","8009","\N","","255-263","\N"
"35770","4111","8009","\N","","51–55","\N"
"35775","942","\N","\N","names","Echt (Echt-Susteren, Lb)","24144"
"35783","4108","20104","\N","","511","\N"
"35784","3315","20105","\N","","543","\N"
"35786","4083","20106","\N","","535","\N"
"35791","4110","20110","\N","","112, 114-115","\N"
"35792","3967","20111","\N","","67","\N"
"35834","4122","8009","\N","","","\N"
"35808","3974","\N","\N","names","217","30457"
"35816","4023","19830","\N","","47-50","\N"
"35818","3979","8009","\N","","322, 484–485","\N"
"35807","4005","8009","\N","","16–19, 27–36, 328–332","\N"
"36710","4092","\N","447","edge","149–152","\N"
"35835","4123","20012","\N","","389","\N"
"35838","4124","20023","\N","","347","\N"
"35839","4125","20024","\N","","351-352","\N"
"35840","4126","20045","\N","","356-357","\N"
"35844","4112","18141","\N","","192–194","\N"
"35845","4112","19930","\N","","194–195","\N"
"35846","4112","18119","\N","","175–176","\N"
"35852","3789","18124","\N","","111–112","\N"
"35853","4083","18293","\N","","531","\N"
"35859","3789","18123","\N","","112–114&#13;&#10;","\N"
"35861","4083","20118","\N","","536&#13;&#10;","\N"
"35862","4127","20118","\N","","180, 184","\N"
"35866","4129","18131","\N","","236-237, 240","\N"
"35863","3789","18126","\N","","109–110, 114–115,","\N"
"35867","3321","20119","\N","","274","\N"
"35871","3319","20121","\N","","72","\N"
"35817","3974","\N","\N","names","nr. 1173","30459"
"9736","852","4337","\N","tolls","899 - 907","\N"
"33575","3958","\N","\N","names","142","17151"
"33679","3958","\N","\N","names","132","26256"
"33951","852","19757","\N","tolls","396, 584-585, 781-783","\N"
"34200","3989","19846","\N","bridge","Voudintilit, Yleisiä asiakirjoja, 215k:260","\N"
"34280","852","12891","\N","tolls","667-668, 845","\N"
"34416","3315","17202","\N","ferry","517–518","\N"
"34433","4041","\N","\N","names","349","29901"
"34458","4046","\N","\N","names","169","29906"
"34555","4046","\N","\N","names","230","14645"
"34628","4041","\N","\N","names","264","30022"
"34683","3956","18125","\N","","nr. 2, 266 (8.3.1558), 3, 45 (10.12.1564), 150 (8.7.1602), 179 (1.8.1604), 6, 127 (14.4.1625)","\N"
"34732","4041","\N","\N","names","356","21437"
"34761","4041","\N","\N","names","222","12631"
"34795","4041","\N","\N","names","323","19743"
"34932","3321","18121","\N","","289-294","\N"
"34962","4041","\N","\N","names","255","10913"
"34993","942","\N","\N","names","Enschede (Enschede, O)","30211"
"35025","4041","\N","\N","names","245","14566"
"35043","4041","\N","\N","names","51","30247"
"35109","4041","\N","\N","names","122","30284"
"35449","4008","20008","\N","","46","\N"
"35471","4083","20014","\N","","531","\N"
"35480","4086","20016","\N","","","\N"
"35489","4082","20019","\N","","158-159","\N"
"35545","4085","20047","\N","","204, note 37","\N"
"35566","3974","20044","\N","","313, 619","\N"
"35583","3974","19930","\N","","443, 1054","\N"
"35597","2517","4698","\N","tolls","80, 81, bijlage 5","\N"
"35606","3765","\N","\N","names","142","30406"
"35626","3974","18141","\N","","nr. 1453","\N"
"36711","3321","\N","447","edge","154–155, 160","\N"
"35640","3967","20057","\N","","86","\N"
"35645","4100","20059","\N","","248-249","\N"
"35649","4100","20060","\N","","248","\N"
"35652","4092","20061","\N","","172","\N"
"35654","4100","20062","\N","","248","\N"
"35657","4102","20063","\N","","650","\N"
"35660","4092","20064","\N","","175","\N"
"35663","4092","20066","\N","","172","\N"
"35680","4103","20076","\N","","224","\N"
"35684","4083","20078","\N","","538-539&#13;&#10;","\N"
"35691","3765","\N","\N","names","252","20121"
"35707","3765","\N","\N","names","209","30435"
"35713","3123","527","\N","tolls","","\N"
"35718","3765","\N","\N","names","262","30440"
"35721","3765","\N","\N","names","262","6237"
"35728","4105","20086","\N","","206-207","\N"
"35730","4083","20087","\N","","531, 536","\N"
"35733","4107","20088","\N","","148","\N"
"35736","4092","20090","\N","","172","\N"
"35751","3321","20099","\N","","160","\N"
"35757","3315","20101","\N","","543","\N"
"35760","3123","3002","\N","tolls","","\N"
"35762","3123","17734","\N","tolls","","\N"
"35764","3123","20102","\N","tolls","","\N"
"35769","2347","8263","\N","tolls","63","\N"
"35776","942","\N","\N","names","Echt (Echt-Susteren, Lb)","24148"
"35785","4108","20105","\N","","511, 513","\N"
"35787","3315","20109","\N","","543","\N"
"35793","4083","20111","\N","","534, 536","\N"
"35771","3789","8009","\N","","116–119, 132–133","\N"
"35809","3974","\N","\N","names","215","30458"
"35819","3961","8009","\N","","17–22","\N"
"35825","4023","8009","\N","fairs","264","\N"
"35833","3970","8009","\N","","40-90","\N"
"35836","4123","20014","\N","","389","\N"
"35841","4126","20055","\N","","356-357","\N"
"35847","4111","18119","\N","","56–59","\N"
"35854","4123","18293","\N","","389","\N"
"35860","4112","18123","\N","","176","\N"
"12090","920","1153","\N","\N","279","\N"
"35864","4112","18126","\N","","183–184","\N"
"35868","3869","20119","\N","","168","\N"
"35872","3319","17203","\N","","64, appendix 2","\N"
"35101","2189","14653","\N","bridge","268-269, 300-301","\N"
"9986","920","11563","\N","\N","440-442","\N"
"33576","3958","\N","\N","names","142","17154"
"33680","3958","\N","\N","names","132","29519"
"34201","3964","19846","\N","bridge","225","\N"
"34417","3317","17202","\N","ferry","29–131, 377, 380, 382","\N"
"34434","4041","\N","\N","names","349","29902"
"34459","4046","\N","\N","names","169","29907"
"34556","4046","5297","\N","","229-233","\N"
"34629","4041","\N","\N","names","264","30023"
"34684","4047","18125","\N","","192–198, 201–202","\N"
"34733","4041","\N","\N","names","356","30051"
"34762","4041","\N","\N","names","222","12632"
"34796","4041","\N","\N","names","323","30093"
"34933","3787","18121","\N","","19, 66–68, 142-143","\N"
"34963","4041","\N","\N","names","255","30191"
"34994","942","\N","\N","names","Enschede (Enschede, O)","5679"
"35026","4041","\N","\N","names","245","30235"
"35044","4041","\N","\N","names","51","609"
"35110","4041","\N","\N","names","122","30285"
"35450","3321","20008","\N","","160","\N"
"35472","4084","20014","\N","","146","\N"
"35490","4085","20019","\N","","204","\N"
"35546","3956","20041","\N","fairs","2, nr. 138 (7.8.1542), 4, 43 (9.7.1594)","\N"
"35567","4094","20044","\N","","111–114, 118–119, 123–126, 190–191","\N"
"35584","3867","19930","\N","","540–542","\N"
"35598","2353","13289","\N","harbour","","\N"
"35607","3765","\N","\N","names","142","30407"
"35627","3871","18141","\N","","ID 405010012 (Kappelinmäki), 1000007474 (Lappeenranta)","\N"
"35632","3979","19936","\N","","322, 484–485","\N"
"35641","3967","20058","\N","","86, 115","\N"
"35646","4092","20059","\N","","172, 174, 419","\N"
"35650","4092","20060","\N","","173","\N"
"35655","4092","20062","\N","","171-172","\N"
"35658","4092","20063","\N","","172","\N"
"35661","3967","20065","\N","","86, 115","\N"
"35664","3967","20067","\N","","115","\N"
"35681","4083","20077","\N","","534","\N"
"35685","4103","20078","\N","","224-225","\N"
"35692","3765","\N","\N","names","252","30424"
"35708","3765","\N","\N","names","209","30436"
"35719","3765","\N","\N","names","262","30441"
"35722","3765","\N","\N","names","262","6238"
"35731","4106","20087","\N","","277","\N"
"35734","4107","20089","\N","","148","\N"
"35737","4092","20091","\N","","172","\N"
"35752","3967","20099","\N","","69","\N"
"35758","4110","20101","\N","","115-116","\N"
"35765","1706","20102","\N","tolls","78","\N"
"36712","3964","\N","447","edge","89","\N"
"35777","942","\N","\N","names","Echt (Echt-Susteren, Lb)","24149"
"35788","3967","20109","\N","","118","\N"
"35794","4116","20111","\N","","257","\N"
"35810","3974","19830","\N","","214, 217, 252","\N"
"35820","4121","8009","\N","","","\N"
"35772","4112","8009","\N","","147–235, 186–190","\N"
"35826","3952","8009","\N","fairs","32, 62–64, 74–75, 83–85","\N"
"35837","4123","20016","\N","","389, 390","\N"
"35842","3971","20056","\N","","221","\N"
"35848","4083","20115","\N","","539","\N"
"35855","4083","20117","\N","","534","\N"
"35865","4128","18131","\N","","561-562","\N"
"35869","3321","20120","\N","","274","\N"
"35873","4076","17203","\N","","202","\N"
"10236","1070","83","\N","\N","\N","\N"
"10240","1070","423","\N","\N","\N","\N"
"10242","1070","659","\N","\N","\N","\N"
"33577","3958","\N","\N","names","142","17149"
"33681","3935","\N","\N","names","II no. 1132","23518"
"34202","3952","19846","\N","fairs","4, 32–66, 83–85","\N"
"34418","3319","17202","\N","ferry","44–49","\N"
"34435","4041","8339","\N","","349","\N"
"34460","4046","\N","\N","names","169","29908"
"34557","4046","\N","\N","names","38","29970"
"34630","4041","\N","\N","names","264","30024"
"34685","3966","18125","\N","","2, 432-433","\N"
"34734","4041","\N","\N","names","357","30052"
"34763","4041","\N","\N","names","222","30075"
"34797","4041","\N","\N","names","323","30094"
"34934","4048","18121","\N",""," 276-282","\N"
"34964","4041","\N","\N","names","255","30192"
"34995","4041","\N","\N","names","361","15859"
"35027","4041","\N","\N","names","245","14567"
"35045","4041","\N","\N","names","52","30248"
"35111","4041","\N","\N","names","123","30286"
"35473","4085","20015","\N","","204","\N"
"35451","3967","20008","\N","","64, 86","\N"
"35491","3967","20020","\N","","64, 86","\N"
"36713","4222","\N","448","edge","","\N"
"35585","3979","19930","\N","","322, 348","\N"
"35608","3765","\N","\N","names","142","30408"
"35628","4015","18141","\N","","248–252, 290–294","\N"
"35633","3871","19936","\N","","ID 1000007997 (sakasti)","\N"
"35642","4092","20058","\N","","172","\N"
"35647","4101","20059","\N","","190-191","\N"
"35665","4092","20067","\N","","172","\N"
"35682","4103","20077","\N","","224","\N"
"35686","4083","20079","\N","","536","\N"
"35693","3765","16187","\N","","252","\N"
"35709","3765","\N","\N","names","209","30437"
"35723","3765","\N","\N","names","262","6239"
"35738","4100","20092","\N","","248","\N"
"35753","3315","20099","\N","","table 56 (544-547)","\N"
"35766","1706","17734","\N","tolls","44","\N"
"35773","4113","8009","\N","","","\N"
"35778","942","\N","\N","names","Echt (Echt-Susteren, Lb)","24145"
"35789","4083","20109","\N","","531","\N"
"35795","4117","20111","\N","","96","\N"
"36731","3974","\N","451","edge","nr. 2947","\N"
"35821","4023","8009","\N","","50–66","\N"
"35827","4005","8009","\N","fairs","163–167","\N"
"35843","3971","20057","\N","","221","\N"
"35849","4116","20115","\N","","258","\N"
"35856","4112","19786","\N","","171–174","\N"
"35870","3869","20120","\N","","168","\N"
"35874","3869","17200","\N","","231","\N"
"35875","3321","20122","\N","","274","\N"
"10424","1070","3101","\N","\N","\N","\N"
"10426","1070","2658","\N","\N","\N","\N"
"10428","1070","858","\N","\N","\N","\N"
"10430","1070","7989","\N","\N","\N","\N"
"10432","1070","10176","\N","\N","\N","\N"
"10434","1070","8642","\N","\N","\N","\N"
"10436","1070","7038","\N","\N","\N","\N"
"10438","1070","1678","\N","\N","\N","\N"
"10440","1070","8084","\N","\N","\N","\N"
"10442","1070","5401","\N","\N","\N","\N"
"10444","1070","6509","\N","\N","\N","\N"
"10446","1070","3640","\N","\N","\N","\N"
"10448","1070","4801","\N","\N","\N","\N"
"10450","1070","4823","\N","\N","\N","\N"
"10452","1070","7042","\N","\N","\N","\N"
"35877","3319","19888","\N","","64-65, 67, 78, 82-85","\N"
"35881","3315","20123","\N","","table 56 (544 –547)","\N"
"35882","3319","20123","\N","","appendix 2","\N"
"35884","2449","16186","\N","ferry","19","\N"
"35885","4112","18140","\N","","180–182","\N"
"10470","1070","6458","\N","\N","\N","\N"
"10472","1070","3236","\N","\N","\N","\N"
"10474","1070","3132","\N","\N","\N","\N"
"10476","1070","7016","\N","\N","\N","\N"
"10478","1070","1028","\N","\N","\N","\N"
"10480","1070","9414","\N","\N","\N","\N"
"10482","1070","10164","\N","\N","\N","\N"
"35887","4112","18135","\N","","154","\N"
"10486","1070","1667","\N","\N","\N","\N"
"10488","1070","8356","\N","\N","\N","\N"
"10490","1070","453","\N","\N","\N","\N"
"10492","1070","3391","\N","\N","\N","\N"
"10494","1070","3129","\N","\N","\N","\N"
"10496","1070","831","\N","\N","\N","\N"
"10498","1070","3595","\N","\N","\N","\N"
"10500","1070","1313","\N","\N","\N","\N"
"10502","1070","1314","\N","\N","\N","\N"
"10504","1070","7426","\N","\N","\N","\N"
"10506","1070","6420","\N","\N","\N","\N"
"10510","1070","3689","\N","\N","\N","\N"
"10512","1070","4870","\N","\N","\N","\N"
"10514","1070","8518","\N","\N","\N","\N"
"35889","4112","19713","\N","","182–183","\N"
"35890","4112","18142","\N","","177-180","\N"
"35891","3789","18125","\N","","169–170","\N"
"35502","3967","19779","\N","","86, 92","\N"
"10526","1070","10175","\N","\N","\N","\N"
"10528","1070","7554","\N","\N","\N","\N"
"35892","4111","18120","\N","","55–54","\N"
"10532","1070","2166","\N","\N","\N","\N"
"10534","1070","781","\N","\N","\N","\N"
"10536","1070","5628","\N","\N","\N","\N"
"10538","1070","7894","\N","\N","\N","\N"
"10540","1070","1563","\N","\N","\N","\N"
"10542","1070","765","\N","\N","\N","\N"
"35893","4130","18120","\N","","","\N"
"35896","4112","18132","\N","","168–169","\N"
"35888","4112","18134","\N","","153–154, 185","\N"
"10566","1070","3143","\N","\N","\N","\N"
"10568","1070","3169","\N","\N","\N","\N"
"10570","1070","7521","\N","\N","\N","\N"
"10572","1070","3231","\N","\N","\N","\N"
"10574","1070","8629","\N","\N","\N","\N"
"10576","1070","5209","\N","\N","\N","\N"
"10578","1070","8420","\N","\N","\N","\N"
"10580","1070","6801","\N","\N","\N","\N"
"10582","1070","4235","\N","\N","\N","\N"
"10586","1070","770","\N","\N","\N","\N"
"10590","162","257","\N","\N","32","\N"
"10594","162","298","\N","\N","34","\N"
"10596","162","338","\N","\N","36","\N"
"10598","162","402","\N","\N","38","\N"
"10602","162","516","\N","\N","43","\N"
"10604","162","628","\N","\N","46","\N"
"10606","162","10897","\N","\N","47","\N"
"10608","162","652","\N","\N","49","\N"
"10610","162","671","\N","\N","56","\N"
"33578","3958","\N","\N","names","142","17150"
"10614","162","728","\N","\N","58","\N"
"10616","162","753","\N","\N","60","\N"
"10618","162","755","\N","\N","63","\N"
"33682","3935","\N","\N","names","Bd. 5 Abt. 1, no. 2880","23519"
"10624","162","10936","\N","\N","69","\N"
"10626","162","834","\N","\N","73","\N"
"10628","162","839","\N","\N","74","\N"
"10630","162","917","\N","\N","78","\N"
"10632","162","948","\N","\N","81","\N"
"10634","162","999","\N","\N","83","\N"
"10636","162","1125","\N","\N","87","\N"
"34203","3956","19846","\N","fairs","4, nr. 129 (12.4.1600), 215 (11.9.1606)","\N"
"34419","3321","17202","\N","ferry","184–187","\N"
"34461","4046","\N","\N","names","169","29909"
"34558","4046","1325","\N","","38","\N"
"34631","4041","\N","\N","names","264","30025"
"34735","4041","\N","\N","names","357","30053"
"34764","4041","\N","\N","names","222","30076"
"34798","4041","\N","\N","names","323","19745"
"34965","4041","\N","\N","names","255","30193"
"34996","4041","\N","\N","names","361","30212"
"35028","4041","\N","\N","names","245","30236"
"35046","4041","628","\N","","51-52","\N"
"35112","4041","2418","\N","","122-123","\N"
"35452","4082","20008","\N","","158-159","\N"
"35492","4082","20020","\N","","158-159","\N"
"35548","4023","20041","\N","fairs","264","\N"
"35569","4096","20044","\N","","57–58","\N"
"35586","3871","19930","\N","","ID 1000014826 (kirkko), 1000003532 (Vehkalahden kaupunki ja Haminan linnoitus)","\N"
"35609","3765","\N","\N","names","142","30409"
"35629","4099","18141","\N","","196–200","\N"
"35634","3967","20055","\N","","115, 118","\N"
"35643","4100","20058","\N","","248","\N"
"35666","3967","20068","\N","","115","\N"
"35687","4104","20079","\N","","228, 235, 239","\N"
"35694","3922","20080","\N","ferry","265-266","\N"
"35710","3765","\N","\N","names","209","30438"
"28581","3241","7957","\N","tolls","inv. nos. 50, 8271","\N"
"35739","4092","20092","\N","","172","\N"
"35754","4108","20099","\N","","513","\N"
"35774","4114","8009","\N","","30–32","\N"
"35779","942","\N","\N","names","Echt (Echt-Susteren, Lb)","24147"
"35790","4115","20109","\N","","225","\N"
"35796","4118","20111","\N","","245","\N"
"35812","4005","19830","\N","","13–16","\N"
"35822","3867","8009","\N","","544–551","\N"
"35828","3787","8009","\N","fairs","66–70","\N"
"35850","4083","20116","\N","","534","\N"
"35857","4083","18162","\N","","534-535","\N"
"35876","3319","20122","\N","","appendix 2","\N"
"35878","3315","19888","\N","","table 56 (544 –547)","\N"
"35883","3869","20123","\N","","9","\N"
"35886","3789","18131","\N","","110, 115–116","\N"
"33979","3974","19779","\N","","nr. 761, 3769","\N"
"35895","4111","18121","\N","","42, 60–62","\N"
"35897","4111","18122","\N","","43, 61–62","\N"
"34935","3956","18121","\N","","2, nr. 45 (30.9.1527), nr. 94 (22.10.1533), nr. 181 (14.8.1546), nr. 213 (12.6.1550), nr. 259 (12.3.1557), nr. 276 (22.6.1558), 4, nr. 30 (3.5.1594), nr. 227 (4.5.1607), 5, nr. 85 (7.2.1616), nr. 89 and 92 (8.2.1616), 6, nr. 95 (6.4.1624)","\N"
"36714","3964","\N","448","edge","87-88","\N"
"36734","4141","\N","453","edge","158–159","\N"
"36732","4059","\N","451","edge","159-160","\N"
"10746","162","1136","\N","\N","88","\N"
"10752","162","1175","\N","\N","93","\N"
"10754","162","1239","\N","\N","96","\N"
"10758","162","1370","\N","\N","100","\N"
"10762","162","1406","\N","\N","101","\N"
"10776","162","1576","\N","\N","118","\N"
"10810","162","1615","\N","\N","122","\N"
"10814","162","1846","\N","\N","130","\N"
"10818","162","2012","\N","\N","136","\N"
"10822","162","2176","\N","\N","143","\N"
"10842","162","2180","\N","\N","145","\N"
"33579","3958","\N","\N","names","142","29492"
"33683","3958","\N","\N","names","85","29520"
"34204","4005","19846","\N","fairs","164","\N"
"34420","3323","17202","\N","ferry","1610–1620","\N"
"34462","3974","18290","\N","","996, 2895","\N"
"34559","4046","\N","\N","names","276","29971"
"34632","4041","10312","\N","","264","\N"
"34736","4041","\N","\N","names","357","30054"
"34765","4041","\N","\N","names","222","12633"
"34799","4041","\N","\N","names","323","19748"
"34936","3867","18121","\N","","246–251, 252–255","\N"
"34966","4041","\N","\N","names","255","30194"
"34997","4041","\N","\N","names","361","15860"
"35029","4041","\N","\N","names","245","30237"
"35047","4041","\N","\N","names","234","9517"
"35113","4041","\N","\N","names","150","30287"
"35117","4041","\N","\N","names","32","1106"
"35130","4041","\N","\N","names","62","1100"
"35184","3505","\N","\N","names","1265","28214"
"35185","3505","\N","\N","names","1274","30336"
"35188","3315","19621","\N","","545","\N"
"35189","3867","18291","\N","","102–103","\N"
"35196","3952","18132","\N","fairs","41–44, 50–51","\N"
"35197","3953","18132","\N","fairs","357","\N"
"35204","3952","18122","\N","fairs","49–51, 41","\N"
"35217","3974","\N","\N","names","2265","30343"
"35218","3974","19733","\N","","1074, 2265, 2355, 2396","\N"
"35225","3956","18124","\N","tolls","6, nr. 66 (November 1622)","\N"
"10954","1098","11617","\N","\N","41","\N"
"35226","3956","19929","\N","fairs","Privilegier 4, nr. 38:6 (30.6.1594)","\N"
"35232","3952","19926","\N","fairs","56, 183–187","\N"
"5074","652","2417","\N","\N","307-308","\N"
"35238","3627","8611","\N","","767","\N"
"35239","3627","930","\N","","83","\N"
"35242","3627","3303","\N","","307","\N"
"35243","3627","623","\N","","65","\N"
"17604","586","12408","\N","\N","16-17","\N"
"35245","3627","12429","\N","","404","\N"
"35246","4066","19932","\N","bridge","I, no. 160","\N"
"10976","1110","11620","\N","\N","\N","\N"
"36715","3965","\N","448","edge","463-466","\N"
"35248","3627","12416","\N","","223-224","\N"
"35250","3627","5683","\N","","498","\N"
"11224","3627","3677","\N","\N","333","\N"
"35258","3627","\N","\N","names","87","24514"
"35268","3627","6661","\N","","573-574","\N"
"35269","766","6781","\N","","23","\N"
"35274","3627","10224","\N","","154","\N"
"35275","3627","10223","\N","","110","\N"
"10996","1114","11623","\N","\N","91","\N"
"35276","3627","7682","\N","","675","\N"
"35278","3627","5970","\N","tolls","511","\N"
"35282","3627","301","\N","","31-32","\N"
"35283","3627","17177","\N","","119","\N"
"12142","3627","6994","\N","\N","610","\N"
"35291","3974","19927","\N","fairs","nr. 905","\N"
"35296","3867","19927","\N",""," 444-445.","\N"
"35303","3953","19927","\N","fairs","346","\N"
"35305","3953","18123","\N","fairs","346","\N"
"35317","320","9003","\N","harbour","15-19, 36-40","\N"
"35319","3861","19933","\N","","167","\N"
"35328","3861","19937","\N","","167, 173-174","\N"
"35453","4082","20001","\N","","158-159","\N"
"35335","3861","19939","\N","","160","\N"
"35336","4022","19939","\N","","282-283","\N"
"35337","4070","5311","\N","","12","\N"
"30941","3601","13290","\N","harbour","150, 153, 157, 168","\N"
"35342","3601","19948","\N","harbour","153, 168","\N"
"35344","3601","19951","\N","harbour","153, 157, 168","\N"
"35345","3861","19953","\N","","160","\N"
"35350","3861","19955","\N","","104, 160","\N"
"35355","3861","19957","\N","","186","\N"
"35493","4081","20020","\N","","647","\N"
"11050","162","2453","\N","\N","150","\N"
"11052","162","2708","\N","\N","152","\N"
"11054","162","2737","\N","\N","154","\N"
"11056","38","2708","\N","\N","229","\N"
"35549","3972","20041","\N","fairs","224–227","\N"
"35610","3765","\N","\N","names","142","30410"
"35635","4092","20055","\N","","171-172","\N"
"11064","162","2767","\N","\N","159","\N"
"35667","4102","20068","\N","","648","\N"
"35695","942","\N","\N","names","Geulle (Meerssen, Lb)","19270"
"35711","3765","17584","\N","","209","\N"
"35724","3123","7957","\N","tolls","","\N"
"35740","4100","20093","\N","","1991","\N"
"35755","4108","20100","\N","","513","\N"
"11080","162","2768","\N","\N","160","\N"
"11082","162","2774","\N","\N","161","\N"
"35780","942","\N","\N","names","Echt (Echt-Susteren, Lb)","30455"
"35797","3967","20110","\N","","69-70","\N"
"35813","4119","19830","\N","","80–82","\N"
"11090","162","2781","\N","\N","164","\N"
"36733","4223","\N","451","edge","116–118","\N"
"35829","4048","8009","\N","fairs","276-282","\N"
"35851","4083","19646","\N","","531","\N"
"35879","3988","19888","\N","","139-141","\N"
"35858","4105","19783","\N","","206","\N"
"35688","4083","19783","\N","","532-534, 536","\N"
"35898","3789","18122","\N","","118–120","\N"
"36735","3965","\N","453","edge","463–466","\N"
"11108","162","2822","\N","\N","172","\N"
"11124","162","8924","\N","\N","175","\N"
"33580","3958","\N","\N","names","142","29493"
"33684","3935","\N","\N","names","I no. 307","21165"
"34205","4023","19846","\N","fairs","264–265","\N"
"34463","4046","3065","\N","","100-101","\N"
"34560","4046","\N","\N","names","276","29972"
"34633","4041","\N","\N","names","301","30026"
"34737","4041","\N","\N","names","357","30055"
"34766","4041","\N","\N","names","222","30077"
"34800","4041","\N","\N","names","323","30095"
"34937","4054","18121","\N","","43–45, 110–113.","\N"
"34967","4041","\N","\N","names","255","30195"
"34998","4041","\N","\N","names","361","30213"
"35030","4041","\N","\N","names","245","30238"
"35048","4041","\N","\N","names","234","30249"
"35114","4041","\N","\N","names","151","30288"
"35118","4041","\N","\N","names","32","30290"
"35131","4041","\N","\N","names","62","1101"
"35186","3505","\N","\N","names","1274","30337"
"35190","3871","18291","\N","","ID 1000014834 (kirkko)","\N"
"35198","3956","18132","\N","fairs","6, nr. 85 (23.9.1623), 130 (12.5.1625)","\N"
"35205","3953","18122","\N","fairs","323, 357","\N"
"35219","3867","19733","\N","","98","\N"
"35227","3952","19929","\N","fairs","3, 56, 184–185","\N"
"35233","4064","19926","\N","fairs","83","\N"
"13718","1428","8546","\N","\N","172-173","\N"
"35244","3627","12408","\N","","28","\N"
"35247","4066","\N","\N","names","I, no. 160","30346"
"17610","586","12416","\N","\N","167-170","\N"
"35249","870","12073","\N","bridge","","\N"
"35251","768","16253","\N","bridge","102","\N"
"35259","3627","14758","\N","","769-770","\N"
"35270","3627","6781","\N","","579","\N"
"35277","3627","7529","\N","","658-659","\N"
"35279","3627","5970","\N","","511","\N"
"35284","3627","10303","\N","","664","\N"
"35289","3627","8226","\N","","727-728","\N"
"35292","3952","19927","\N","fairs","54–56","\N"
"35297","3871","19927","\N","","ID 1000014821","\N"
"35304","3953","19928","\N","fairs","346","\N"
"35306","3952","18123","\N","fairs","54–56","\N"
"35318","1408","9003","\N","harbour","191-192, 199-200","\N"
"35320","3964","19933","\N","","127","\N"
"35329","3964","19937","\N","","127","\N"
"35333","3861","19794","\N","","160, 167","\N"
"35338","4070","4705","\N","tolls","7","\N"
"35343","3601","19949","\N","harbour","153, 157, 168","\N"
"35351","4022","19955","\N","","282","\N"
"35454","4082","19999","\N","","158-159","\N"
"35494","4081","20021","\N","","674","\N"
"35550","3952","20041","\N","fairs","32, 62–64, 71–75, 83–85","\N"
"35611","3765","\N","\N","names","142","30411"
"35636","3967","20056","\N","","115","\N"
"35668","4092","20068","\N","","172","\N"
"35689","4103","19783","\N","","277","\N"
"35696","942","\N","\N","names","Geulle (Meerssen, Lb)","30426"
"35725","3079","20084","\N","bridge","42","\N"
"35741","4092","20093","\N","","153, 171","\N"
"35781","942","\N","\N","names","Echt (Echt-Susteren, Lb)","24146"
"35798","4083","20112","\N","","536","\N"
"35814","4120","19830","\N","","251","\N"
"35830","4005","8009","\N","tolls","167–169","\N"
"35880","3964","19888","\N","","89","\N"
"35899","4112","18122","\N","","167–168","\N"
"35346","4022","19953","\N","","282-284, 286-287","\N"
"36716","4156","\N","448","edge","98-99","\N"
"36736","4008","\N","453","edge","69–70","\N"
"11456","162","2974","\N","\N","177","\N"
"12092","920","1509","\N","\N","283","\N"
"33581","3958","6407","\N","","142-143","\N"
"33685","3935","\N","\N","names","I no. 375","21166"
"11466","162","2978","\N","\N","179","\N"
"11476","162","2984","\N","\N","183","\N"
"34464","3323","18290","\N","","1211-1212","\N"
"11484","162","3000","\N","\N","185","\N"
"34561","4046","\N","\N","names","276","29973"
"34634","4041","\N","\N","names","301","30027"
"34738","4041","\N","\N","names","357","30056"
"34767","4041","\N","\N","names","222","30078"
"34801","4041","\N","\N","names","323","19740"
"34938","3871","18121","\N","","ID 684500001 (Vanha Rauma), ID 1000014882 (kaupunginkirkko), ID 1000014807 (fransiskaanikirkko), ID 1000023029 (Unaja)","\N"
"34968","4041","\N","\N","names","255","30196"
"11504","162","3046","\N","\N","186","\N"
"11510","162","3074","\N","\N","188","\N"
"11512","162","3240","\N","\N","189","\N"
"34999","4041","\N","\N","names","361","15858"
"35031","4041","\N","\N","names","245","30239"
"35049","4041","\N","\N","names","234","30250"
"11520","162","3208","\N","\N","197","\N"
"35115","4041","\N","\N","names","151","30289"
"35119","4041","\N","\N","names","32","1107"
"35132","4041","\N","\N","names","62","1102"
"11528","162","3228","\N","\N","199","\N"
"35187","2415","15427","\N","ferry","","\N"
"35191","3952","18291","\N","fairs","41–44, 50–51","\N"
"35199","4048","18132","\N","","276-282","\N"
"35206","3961","18122","\N","fairs","15","\N"
"11564","162","3285","\N","\N","200","\N"
"35220","3875","19733","\N","","105–106","\N"
"35228","4063","19929","\N","fairs","286–287","\N"
"35234","4065","19926","\N","fairs","422–426","\N"
"35240","3627","1770","\N","","152","\N"
"11234","3627","7005","\N","\N","610","\N"
"35260","3731","17955","\N","bridge","202","\N"
"11578","162","3339","\N","\N","202","\N"
"11580","162","3497","\N","\N","206","\N"
"11582","162","3514","\N","\N","209","\N"
"11584","162","3773","\N","\N","210","\N"
"11586","162","4186","\N","\N","211","\N"
"35271","778","17493","\N","bridge","419n41","\N"
"11590","162","4203","\N","\N","213","\N"
"35280","3627","12438","\N","","640-641","\N"
"35285","3627","10302","\N","","195","\N"
"11596","162","4353","\N","\N","215","\N"
"35290","3627","4850","\N","","417","\N"
"11600","162","4365","\N","\N","218","\N"
"35293","4067","19927","\N","fairs",", 170–171","\N"
"35298","3952","19928","\N","fairs","54-56, 185","\N"
"35307","4064","18123","\N","fairs","82–85, 205–208","\N"
"30187","3469","4680","\N","fairs","21","\N"
"35321","3964","19830","\N","","127","\N"
"35330","3861","19835","\N","","159-160, 173-174","\N"
"11614","162","4419","\N","\N","221","\N"
"35334","3964","19794","\N","","127","\N"
"35339","4070","4705","\N","fairs","7","\N"
"35347","3861","19954","\N","","160","\N"
"11622","162","4501","\N","\N","222","\N"
"11624","162","4502","\N","\N","224","\N"
"11626","162","4628","\N","\N","228","\N"
"35352","3861","19789","\N","","160","\N"
"11630","162","4632","\N","\N","230","\N"
"11632","162","4654","\N","\N","235","\N"
"11634","162","4786","\N","\N","238","\N"
"11636","162","4821","\N","\N","240","\N"
"35455","4082","20007","\N","","158-159","\N"
"35495","4082","19732","\N","","158-159","\N"
"35551","4005","20041","\N","fairs","165–166","\N"
"35612","3765","\N","\N","names","194","30412"
"35637","4092","20056","\N","","172","\N"
"35669","3967","20069","\N","","115","\N"
"35697","942","\N","\N","names","Geulle (Meerssen, Lb)","30427"
"35742","4092","20094","\N","","172","\N"
"35782","942","\N","\N","names","Echt (Echt-Susteren, Lb)","24143"
"35799","4118","20112","\N","","245","\N"
"35815","4016","19830","\N","","12–25","\N"
"35831","3953","8009","\N","fairs","366","\N"
"36717","4008","\N","448","edge","49","\N"
"35902","4008","19883","\N","","41","\N"
"35904","3321","20124","\N","","272-273","\N"
"35911","3988","18264","\N","","137-139","\N"
"35913","3869","20127","\N","","168, 370-372","\N"
"35915","3319","18276","\N","","67, 78, 84","\N"
"35917","4008","20128","\N","","41","\N"
"35922","3319","20130","\N","","appendix 2","\N"
"35927","4131","20131","\N","","239, 313","\N"
"35931","3319","20133","\N","","64, appendix 2.","\N"
"35935","4008","20134","\N","","41","\N"
"35938","4133","20135","\N","","261","\N"
"35940","4133","20137","\N","","261","\N"
"35942","3107","20107","\N","tolls","no. 1703","\N"
"35946","1706","20139","\N","tolls","91","\N"
"35949","2715","20145","\N","tolls","58","\N"
"35950","4134","\N","439","edge","52","\N"
"35954","3315","20146","\N","","table 56 (544 –547)","\N"
"35956","3315","20148","\N","","table 56 (544 –547)","\N"
"35960","4078","20150","\N","","144","\N"
"11722","162","4899","\N","\N","244","\N"
"11724","162","5113","\N","\N","251","\N"
"35962","4135","20149","\N","","407, 411","\N"
"35963","4135","20151","\N","","407","\N"
"11730","162","5190","\N","\N","263","\N"
"11732","162","3279","\N","\N","265","\N"
"11766","162","5365","\N","\N","268","\N"
"11772","162","5381","\N","\N","270","\N"
"11778","162","5534","\N","\N","271","\N"
"11782","162","5568","\N","\N","273","\N"
"33582","3958","\N","\N","names","95","29442"
"33686","3958","\N","\N","names","158","29522"
"34465","4046","\N","\N","names","100","29910"
"34562","4046","8135","\N","","276-277","\N"
"34635","4041","\N","\N","names","301","30028"
"34739","4041","\N","\N","names","357","30057"
"34768","4041","\N","\N","names","222","30079"
"34802","4041","\N","\N","names","323","30096"
"34969","4041","5568","\N","","255-256","\N"
"35000","4041","\N","\N","names","361","30214"
"35032","4041","\N","\N","names","246","30240"
"35050","4041","\N","\N","names","234","30251"
"35116","4041","3136","\N","","150-151","\N"
"35120","4041","\N","\N","names","32","30291"
"35133","4041","\N","\N","names","62","1103"
"35192","3953","18291","\N","fairs","357","\N"
"35200","3787","18132","\N","","66–68, 142-143","\N"
"35221","3977","19733","\N","","308-309","\N"
"35229","4064","19929","\N","fairs","83–84","\N"
"35235","3871","19926","\N","fairs","ID 1000012236 (Stocksudden), 1000014824 (Tenholan kirkko)","\N"
"35241","3627","5368","\N","","467","\N"
"35252","3627","12443","\N","","670","\N"
"11840","162","5587","\N","\N","274","\N"
"35261","3627","14757","\N","","135","\N"
"35272","766","17493","\N","bridge","20","\N"
"35281","3627","713","\N","","73-74","\N"
"11848","162","5635","\N","\N","279","\N"
"35286","3627","10107","\N","","494","\N"
"11852","162","5642","\N","\N","279","\N"
"35294","4064","19927","\N","fairs","82–85, 205–208","\N"
"35299","4064","19928","\N","fairs","82–85, 205–208","\N"
"35308","3956","18123","\N","fairs","6, nr. 173 (14.2.1627)","\N"
"30911","3613","4680","\N","fairs","appendix","\N"
"11862","162","5801","\N","\N","281","\N"
"11864","38","5801","\N","\N","479","\N"
"35322","3861","19934","\N","","167, 174","\N"
"11868","162","5863","\N","\N","287","\N"
"35331","3964","19835","\N","","127","\N"
"11872","162","5901","\N","\N","289","\N"
"11876","162","6113","\N","\N","293","\N"
"35207","4059","18122","\N","fairs","39–43, 100–114, 155–166, 194–197","\N"
"35340","4070","4705","\N","","4-14, 20","\N"
"11886","162","11184","\N","\N","294","\N"
"35348","4022","19954","\N","","282","\N"
"35353","4022","19789","\N","","282","\N"
"11892","162","6297","\N","\N","295","\N"
"11894","38","6297","\N","\N","504","\N"
"35456","3967","20009","\N","","64, 86","\N"
"35552","3974","20041","\N","","nr. 313, 1453","\N"
"11902","162","6390","\N","\N","299","\N"
"11904","162","6398","\N","\N","300","\N"
"35613","3765","\N","\N","names","194","30413"
"11912","162","6633","\N","\N","305","\N"
"11914","162","6709","\N","\N","309","\N"
"11916","162","6710","\N","\N","311","\N"
"11918","162","8926","\N","\N","313","\N"
"35638","3867","19936","\N","","552-553","\N"
"35670","4092","20069","\N","","172","\N"
"35698","942","\N","\N","names","Geulle (Meerssen, Lb)","30428"
"35743","4092","19682","\N","","171-172","\N"
"35800","3967","20113","\N","","67","\N"
"35903","3319","19883","\N","","67, 82","\N"
"35905","3319","20124","\N","","64-65, appendix 2","\N"
"11938","162","7015","\N","\N","319","\N"
"35912","4076","18264","\N","","63, 133","\N"
"35914","4078","20127","\N","","143","\N"
"35916","3315","18276","\N","","table 56 (544 –547)","\N"
"11946","38","7015","\N","\N","569","\N"
"11950","162","7020","\N","\N","323","\N"
"11952","162","7084","\N","\N","325","\N"
"11954","162","7115","\N","\N","326","\N"
"35918","3319","20128","\N","","67, 70, appendix 2","\N"
"35923","3315","20130","\N","","table 56 (544 –547)","\N"
"35928","3319","20131","\N","","appendix 2","\N"
"35932","3321","20133","\N","","153","\N"
"11966","162","7230","\N","\N","330","\N"
"11968","162","7323","\N","\N","340","\N"
"11970","162","7397","\N","\N","342","\N"
"11972","162","7634","\N","\N","343","\N"
"11974","162","7638","\N","\N","345","\N"
"11976","162","7919","\N","\N","346","\N"
"11978","162","8090","\N","\N","356","\N"
"11980","162","8170","\N","\N","358","\N"
"11982","162","8185","\N","\N","362","\N"
"35936","3319","20134","\N","","67, 69, 70","\N"
"35939","4133","20136","\N","","261","\N"
"35941","4133","20138","\N","","261","\N"
"35943","2449","20107","\N","tolls","4","\N"
"35947","2347","20139","\N","tolls","58","\N"
"35951","4134","20145","\N","harbour","52","\N"
"35955","3315","20147","\N","","table 56 (544 –547)","\N"
"35957","3964","\N","\N","names","88","30471"
"35961","4135","20150","\N","","407, 411","\N"
"35964","4076","20152","\N","","220-222","\N"
"35901","4112","18118","\N","","163–167","\N"
"36718","4009","\N","448","edge","61-63","\N"
"36737","4092","\N","453","edge","154–155","\N"
"12050","162","8192","\N","\N","365","\N"
"12052","162","8208","\N","\N","368","\N"
"12054","162","8326","\N","\N","373","\N"
"12056","162","8329","\N","\N","374","\N"
"12058","162","8333","\N","\N","376","\N"
"12060","162","8342","\N","\N","379","\N"
"12062","162","8367","\N","\N","383","\N"
"12064","162","8375","\N","\N","384","\N"
"12066","162","8404","\N","\N","388","\N"
"12068","162","8487","\N","\N","391","\N"
"12070","162","8512","\N","\N","393","\N"
"12072","650","11654","\N","\N","\N","\N"
"12074","1264","11654","\N","\N","43-69","\N"
"12076","606","11654","\N","\N","\N","\N"
"33583","3958","\N","\N","names","95","29443"
"33687","3958","\N","\N","names","158","29523"
"34466","3871","18290","\N","","ID 1000012402, 1000012403","\N"
"34563","4046","\N","\N","names","201","29974"
"12086","920","792","\N","\N","277","\N"
"34636","4041","\N","\N","names","301","30029"
"34740","4041","\N","\N","names","357","30058"
"34769","4041","\N","\N","names","223","30080"
"34803","4041","\N","\N","names","323","30097"
"34970","4041","\N","\N","names","236","30197"
"35001","4041","\N","\N","names","361","30215"
"35033","4041","\N","\N","names","246","14562"
"35051","4041","\N","\N","names","234","30252"
"35121","4041","\N","\N","names","32","30292"
"35134","4041","\N","\N","names","62","30301"
"35193","3956","18291","\N","fairs","6, nr. 85 (23.9.1623), 130 (12.5.1625)","\N"
"36719","4222","\N","449","edge","","\N"
"35208","3974","18122","\N","fairs","5174, 2901, 2917","\N"
"35222","4059","19733","\N","","54–63","\N"
"35230","3867","19929","\N","","432–433","\N"
"35236","3871","19926","\N","","ID 1000012236 (Stocksudden), 1000014824 (Tenholan kirkko)","\N"
"35253","3627","6599","\N","","566-567","\N"
"7432","3627","10617","\N","\N","375-376","\N"
"16242","652","12420","\N","\N","308-309","\N"
"35287","3627","10304","\N","","446","\N"
"35295","3956","19927","\N","fairs","6, nr. 173 (14.2.1627)","\N"
"35300","3956","19928","\N","fairs","6, nr. 173 (14.2.1627)","\N"
"35309","4064","18123","\N","tolls","208–218","\N"
"30563","3543","4680","\N","staple","no. 488","\N"
"35323","3964","19934","\N","","127","\N"
"35341","4070","7520","\N","","15, 23, Tafel 4.1","\N"
"35349","4022","18243","\N","","282","\N"
"35354","3861","19956","\N","","186, 190","\N"
"35457","4081","20009","\N","","357","\N"
"36738","3974","\N","454","edge","nr. 1424","\N"
"35614","3765","\N","\N","names","194","30414"
"35671","3967","20070","\N","","115","\N"
"35699","942","\N","\N","names","Geulle (Meerssen, Lb)","30429"
"35744","4092","20095","\N","","171-172","\N"
"35801","4083","20113","\N","","534","\N"
"34650","3321","19883","\N","","155, 335–339","\N"
"35906","3869","20124","\N","","168-169, 173","\N"
"35919","3321","20128","\N","","155-156","\N"
"35924","4076","20130","\N","","173, 191, 200-201, 217-218, 228, 238, 247-248","\N"
"35929","4076","20131","\N","","133, 198","\N"
"35933","3315","20133","\N","","542, table 56 (544 –547)","\N"
"35937","4133","20134","\N","","243, 260-261","\N"
"35944","1706","20107","\N","tolls","90","\N"
"35948","2449","13270","\N","ferry","19","\N"
"35952","4134","20081","\N","ferry","52","\N"
"35958","3964","20148","\N","","88","\N"
"35965","4076","20153","\N","","102","\N"
"35967","3319","20154","\N","","64-65, 70","\N"
"35984","3964","19621","\N","","126","\N"
"35986","3315","20159","\N","","table 56 (544 –547)","\N"
"35995","3315","20166","\N","","542, table 56 (544 –547)","\N"
"35996","3974","18138","\N","","nr. 1738","\N"
"36000","4139","18138","\N","","421–438, 487–499","\N"
"36003","4140","\N","\N","names","200","30477"
"36011","4140","\N","\N","names","201","30484"
"12212","148","2978","\N","\N","128","\N"
"36017","3952","20096","\N","fairs","121–123","\N"
"12216","148","1807","\N","\N","94","\N"
"1316","38","1239","\N","\N","111","\N"
"36049","4140","\N","\N","names","91","30513"
"36079","2189","\N","\N","names","478","30540"
"36081","2189","9233","\N","ferry","266","\N"
"36084","2189","20168","\N","bridge","266-267","\N"
"36085","2189","14653","\N","ferry","268","\N"
"36086","2189","10015","\N","bridge","267-268, 271-272","\N"
"36103","4142","13290","\N","tolls","no. 933","\N"
"36104","2515","7165","\N","tolls","46","\N"
"36105","4009","20169","\N","","58","\N"
"36111","4010","20170","\N","","40","\N"
"36113","4010","20171","\N","","38-39","\N"
"36136","4146","20184","\N","","99","\N"
"36137","4009","20185","\N","","58","\N"
"36170","4147","20191","\N","","256","\N"
"36138","4153","20185","\N","","471, 473","\N"
"36155","942","\N","\N","names","Neeritter (Leudal, Lb)","30559"
"36172","4156","20191","\N","","15, 22","\N"
"36173","4156","20192","\N","","97, 101, 102","\N"
"36176","4156","20193","\N","","96-97, 100-102","\N"
"36181","852","20195","\N","bridge","801","\N"
"36182","852","16174","\N","tolls","714-715","\N"
"36186","852","5591","\N","fairs","991","\N"
"14514","1474","8513","\N","tolls","202","\N"
"8886","852","11437","\N","tolls","282, 999-1003","\N"
"36191","852","12517","\N","tolls","753-754, 1005","\N"
"7632","852","10763","\N","tolls","283, 368, 755-756, 1005","\N"
"36195","3974","20204","\N","","nr. 3628","\N"
"36199","4094","20204","\N","","125–127&#13;&#10;","\N"
"33584","3958","\N","\N","names","95","29444"
"33688","3958","\N","\N","names","158","21168"
"34467","4046","\N","\N","names","100","29911"
"34564","4046","\N","\N","names","201","29975"
"34637","4041","\N","\N","names","301","30030"
"34741","4041","\N","\N","names","357","30059"
"34770","4041","\N","\N","names","223","30081"
"34804","4041","\N","\N","names","323","19746"
"34971","4041","\N","\N","names","236","30198"
"35002","4041","\N","\N","names","361","30216"
"35034","4041","5255","\N","","245-246","\N"
"35052","4041","\N","\N","names","234","30253"
"35122","4041","\N","\N","names","32","30293"
"35135","4041","\N","\N","names","62","30302"
"35194","3972","18291","\N","fairs","225","\N"
"35202","3873","18132","\N","","ID 200539 (Uudenkaupungin vanha kirkko)","\N"
"35209","4060","18122","\N","","","\N"
"12380","920","2051","\N","\N","286","\N"
"35223","4062","19733","\N","","16-18","\N"
"12384","920","2248","\N","\N","288","\N"
"35231","3871","19929","\N","","ID 1000014818","\N"
"35237","3867","19926","\N","","480-481","\N"
"35254","768","11559","\N","bridge","100","\N"
"35262","3627","14756","\N","","387","\N"
"35273","3627","12420","\N","","229-230","\N"
"35288","3627","12524","\N","","777-778","\N"
"35301","3871","19928","\N","","ID 1000018238 (Karjalohjan Pappila)","\N"
"35324","3861","19935","\N","","167, 174, 186, 191","\N"
"35458","4082","20009","\N","","158-159","\N"
"35615","3765","\N","\N","names","194","30415"
"35554","4015","20041","\N","","278–279, 290-291","\N"
"35672","4092","20071","\N","","172","\N"
"35700","942","\N","\N","names","Geulle (Meerssen, Lb)","30430"
"12424","920","2362","\N","\N","290-291","\N"
"12426","920","2423","\N","\N","292-293","\N"
"12428","920","2705","\N","\N","294-295","\N"
"12430","920","2743","\N","\N","296-297","\N"
"12432","920","4017","\N","\N","298","\N"
"12434","920","4079","\N","\N","299","\N"
"12436","920","4181","\N","\N","300-301","\N"
"12438","920","4621","\N","\N","303","\N"
"12440","920","4723","\N","\N","304","\N"
"12446","920","5224","\N","\N","308-209","\N"
"12448","920","5227","\N","\N","309-310","\N"
"35802","4116","20113","\N","","257","\N"
"35907","3315","20124","\N","","table 56 (544 –547)","\N"
"35920","3319","20129","\N","","appendix 2","\N"
"12456","920","5280","\N","\N","311","\N"
"35925","4131","20130","\N","","239, 241, 312-313","\N"
"35930","4131","20132","\N","","239","\N"
"12464","920","5314","\N","\N","312","\N"
"12466","920","5831","\N","\N","314-315","\N"
"12468","920","5968","\N","\N","317-318","\N"
"12470","920","6404","\N","\N","319-320","\N"
"12472","920","6457","\N","\N","322","\N"
"35945","3121","20107","\N","tolls","39-40","\N"
"35953","4134","20080","\N","ferry","52","\N"
"35959","4078","20149","\N","","144","\N"
"35966","3871","20153","\N","","1000012404","\N"
"35968","3321","20154","\N","","155, 158, 275","\N"
"35985","3321","19621","\N","","159","\N"
"35987","3315","20160","\N","","table 56 (544 –547)","\N"
"35997","3867","18138","\N","","282, 292, 296–297, 354–355","\N"
"36001","3952","18138","\N","fairs","29, 66–67","\N"
"36004","4140","3167","\N","","200-201","\N"
"36012","4140","\N","\N","names","201","30485"
"36018","3953","20096","\N","fairs","351","\N"
"35745","4092","20096","\N","","172","\N"
"36022","4140","\N","\N","names","91","1978"
"36050","4140","\N","\N","names","91","30514"
"36080","2189","1878","\N","","478","\N"
"36082","2189","9233","\N","bridge","266","\N"
"36087","2189","10015","\N","harbour","17, 69-83","\N"
"36106","4010","19838","\N","","40","\N"
"36112","4144","20170","\N","","414","\N"
"36114","4144","20171","\N","","413-414","\N"
"36139","4153","20186","\N","","471, 473","\N"
"36156","942","\N","\N","names","Neeritter (Leudal, Lb)","30560"
"36171","4155","20191","\N","","211, 383","\N"
"36174","4152","20192","\N","","383","\N"
"36177","4152","20193","\N","","383","\N"
"7816","852","5972","\N","tolls","294, 714-717, 952-956","\N"
"36187","852","20197","\N","bridge","738","\N"
"36189","1474","11438","\N","bridge","202","\N"
"36202","3977","18139","\N","","189–190","\N"
"7778","852","4798","\N","tolls","283, 285, 368, 753-754, 1003-1004","\N"
"36192","852","\N","\N","names","1005","30567"
"36196","3871","20204","\N","","3628","\N"
"36200","4016","20204","\N","","113–114","\N"
"35310","3956","18123","\N","","2, nr. 184 (15.12.1546), nr. 213 (12.6.1550), 5, nr. 57 (7.5.1614, nr. 96 (4.3.1616), 6, nr. 173 (14.2.1627)","\N"
"35934","4131","20133","\N","","238-239","\N"
"36720","4009","\N","449","edge","64–67, 122–123","\N"
"36739","3321","\N","454","edge","157–158","\N"
"33585","3958","\N","\N","names","95","29445"
"33689","3958","\N","\N","names","158","21169"
"34468","3867","18290","\N","","220-221","\N"
"34565","4046","\N","\N","names","201","29976"
"34638","4041","\N","\N","names","301","30031"
"34742","4041","\N","\N","names","357","30060"
"34771","4041","\N","\N","names","223","30082"
"34805","4041","\N","\N","names","323","30098"
"34972","4041","\N","\N","names","236","30199"
"35003","4041","\N","\N","names","361","30217"
"35053","4041","\N","\N","names","234","30254"
"35123","4041","\N","\N","names","32","30294"
"35136","4041","\N","\N","names","62","30303"
"35195","3974","18291","\N","fairs","nr. 1517","\N"
"35203","3995","18132","\N","","Vilkuna, Kustaa, Vackafinnar, KLNM 19, 396-398.","\N"
"35210","3956","18122","\N","fairs","2, nr. 78–80, (29.9.1531)","\N"
"35255","768","12004","\N","bridge","100","\N"
"35263","3627","\N","\N","names","375","30347"
"35302","4068","19928","\N","","80","\N"
"35325","3964","19935","\N","","127","\N"
"35224","3871","19924","\N","","ID 000014841 (kirkko), 1000001612 (Pyhäjoki), 1000001614 (Näse)","\N"
"35555","4094","20041","\N","","111–114, 118–119, 123–126","\N"
"35616","3765","13559","\N","","194-195","\N"
"35673","3967","20072","\N","","115","\N"
"35701","942","\N","\N","names","Geulle (Meerssen, Lb)","30431"
"35746","3315","20097","\N","","table 56 (544-547)","\N"
"35803","4115","20113","\N","","225","\N"
"35908","3321","20125","\N","","272-273","\N"
"35921","3315","20129","\N","","table 56 (544 –547)","\N"
"36721","3964","\N","449","edge","89","\N"
"35926","4132","20130","\N","","","\N"
"35969","3869","20154","\N","","168","\N"
"35988","4009","20161","\N","","64","\N"
"35998","4112","18138","\N","","174-175","\N"
"36002","3953","18138","\N","fairs","362","\N"
"36005","4140","\N","\N","names","200","30478"
"36013","4140","\N","\N","names","201","30486"
"36019","3965","20096","\N","","463-465","\N"
"36023","4140","\N","\N","names","91","30490"
"36051","4140","\N","\N","names","91","30515"
"36083","4","9233","\N","ferry","395","\N"
"36088","1488","10015","\N","harbour","17-30, 20, Abb. 10","\N"
"36107","216","13270","\N","harbour","","\N"
"36115","4146","20171","\N","","99","\N"
"36140","942","\N","\N","names","Stevensweert (Maasgouw, Lb)","28901"
"36157","942","\N","\N","names","Neeritter (Leudal, Lb)","30561"
"36175","4143","20192","\N","","103","\N"
"36178","4144","20193","\N","","414","\N"
"36183","852","5970","\N","tolls","107n25, 951-952","\N"
"36188","852","20197","\N","tolls","738","\N"
"36190","852","11438","\N","ferry","749-751","\N"
"12684","80","10934","\N","\N","92","\N"
"12686","80","7397","\N","\N","332","\N"
"36193","852","20198","\N","tolls","756, 1005","\N"
"36197","3977","20204","\N","","189–190","\N"
"36201","3965","20204","\N","","&#60;b&#62;kohdat Olavinlinnan rakentaminen ja Savo omaksi linnalääniksi, sivunumerot&#60;/b&#62;","\N"
"36203","3871","18139","\N","","ID 1000007473 (Savonlinna), 1000019735 (Olavinlinna)","\N"
"35311","4064","18123","\N","","15–26, 29–55, 68–74, 220, 288, 290","\N"
"36740","4009","\N","454","edge","64–65","\N"
"33586","3958","\N","\N","names","95","29446"
"33690","3958","\N","\N","names","159","21170"
"34469","4046","\N","\N","names","100","29912"
"34566","4046","6135","\N","","200-202","\N"
"34639","4041","\N","\N","names","301","30032"
"34743","4041","\N","\N","names","357","30061"
"34772","4041","4439","\N","","222-223","\N"
"34806","4041","\N","\N","names","323","30099"
"34973","4041","\N","\N","names","236","30200"
"35004","4041","\N","\N","names","361","30218"
"35054","4041","\N","\N","names","234","30255"
"35124","4041","\N","\N","names","32","30295"
"35137","4041","\N","\N","names","63","30304"
"35256","3627","12426","\N","","350-351","\N"
"35264","3627","\N","\N","names","326","30348"
"35312","3966","18123","\N","","2, 440–446","\N"
"35326","3861","19936","\N","","159-160","\N"
"35617","3765","\N","\N","names","195","15575"
"35674","3967","18135","\N","","115","\N"
"35702","942","\N","\N","names","Geulle (Meerssen, Lb)","30432"
"35747","4108","20097","\N","","501, 507, 511","\N"
"35804","3967","20114","\N","","114","\N"
"35909","3319","20125","\N","","64-67","\N"
"35970","4078","20154","\N","","144","\N"
"35989","4137","20161","\N","","507","\N"
"35999","3871","18138","\N","","ID 1000007472 (Hämeenlinnan vanha asemakaava-alue), 1000006748 (Hämeen linna)","\N"
"36006","4140","\N","\N","names","200","30479"
"36014","4140","\N","\N","names","201","30487"
"36722","3321","\N","449","edge","160-161","\N"
"36020","4141","20096","\N","","158–159","\N"
"36024","4140","\N","\N","names","91","30491"
"36052","4140","\N","\N","names","91","30516"
"36089","1292","10015","\N","harbour","75","\N"
"36108","4143","19838","\N","","103","\N"
"36116","4144","20172","\N","","414","\N"
"36141","942","\N","\N","names","Stevensweert (Maasgouw, Lb)","28902"
"36158","942","\N","\N","names","Neeritter (Leudal, Lb)","30562"
"36179","3964","\N","\N","names","88","30566"
"36184","852","14323","\N","ferry","733-735","\N"
"36194","852","\N","\N","names","1005","30568"
"36198","3976","20204","\N","","189–190","\N"
"36204","4157","18139","\N","","","\N"
"35556","4014","20048","\N","","320, 321-324, 646-648","\N"
"36741","4032","\N","454","edge","vol. I, 296","\N"
"12862","650","11709","\N","\N","\N","\N"
"12864","606","11709","\N","\N","\N","\N"
"12866","1264","11709","\N","\N","\N","\N"
"12868","1328","11709","\N","\N","\N","\N"
"12892","920","6928","\N","\N","327","\N"
"12894","920","6989","\N","\N","327","\N"
"12896","920","7018","\N","\N","329-330","\N"
"12900","920","7411","\N","\N","334","\N"
"12902","920","7485","\N","\N","335","\N"
"12904","920","7543","\N","\N","336","\N"
"12906","920","7669","\N","\N","337-338","\N"
"12908","920","7671","\N","\N","339","\N"
"12910","650","11712","\N","\N","\N","\N"
"12912","606","11712","\N","\N","\N","\N"
"12914","1264","11712","\N","\N","\N","\N"
"12916","650","11710","\N","\N","\N","\N"
"12918","606","11710","\N","\N","\N","\N"
"12920","1264","11710","\N","\N","\N","\N"
"12922","920","8191","\N","\N","340-341","\N"
"12924","920","8193","\N","\N","342","\N"
"12926","920","8347","\N","\N","343","\N"
"12928","920","8516","\N","\N","347","\N"
"12938","650","11715","\N","\N","\N","\N"
"12940","606","11715","\N","\N","\N","\N"
"12942","1264","11715","\N","\N","\N","\N"
"12944","650","11716","\N","\N","\N","\N"
"12946","606","11716","\N","\N","\N","\N"
"33587","3958","\N","\N","names","95","29447"
"33691","3958","\N","\N","names","159","29524"
"34470","4046","\N","\N","names","100","29913"
"34567","4046","\N","\N","names","166","29977"
"34640","4041","\N","\N","names","301","30033"
"34744","4041","\N","\N","names","357","30062"
"34773","4041","\N","\N","names","218","12499"
"34807","4041","\N","\N","names","323","30100"
"34974","4041","\N","\N","names","236","30201"
"35005","4041","\N","\N","names","361","30219"
"35055","4041","\N","\N","names","234","30256"
"35125","4041","\N","\N","names","32","30296"
"35138","4041","\N","\N","names","63","30305"
"35212","3867","18122","\N","","106–115.","\N"
"35257","3627","2135","\N","","190-191","\N"
"35265","3627","14721","\N","","326-327","\N"
"35313","3970","18123","\N","","42–43","\N"
"35327","3861","19930","\N","","159-160","\N"
"35557","4015","20048","\N","","278–279","\N"
"35618","3765","\N","\N","names","195","15576"
"35675","4092","18135","\N","","172","\N"
"35703","942","\N","\N","names","Geulle (Meerssen, Lb)","30433"
"35748","4109","20097","\N","","226","\N"
"35805","4083","20114","\N","","534","\N"
"35910","3869","20125","\N","","168-169, 173","\N"
"35971","3315","20154","\N","","table 56 (544 –547)","\N"
"35990","4137","20162","\N","","507","\N"
"36007","4140","\N","\N","names","201","30480"
"36015","4140","\N","\N","names","201","30488"
"36021","4008","20096","\N","","61-70, 69–70","\N"
"36025","4140","\N","\N","names","91","30492"
"36053","4140","\N","\N","names","91","30517"
"36090","4041","\N","\N","names","286","27919"
"36109","4144","19838","\N","","103","\N"
"36117","4144","20173","\N","","414","\N"
"36142","942","\N","\N","names","Stevensweert (Maasgouw, Lb)","28900"
"36159","942","\N","\N","names","Neeritter (Leudal, Lb)","30563"
"36180","4147","20194","\N","","255","\N"
"36723","3315","\N","449","edge","504–505","\N"
"36742","4220","\N","454","edge","235, 240–242","\N"
"13110","650","11753","\N","\N","\N","\N"
"13112","606","11753","\N","\N","\N","\N"
"13114","718","11753","\N","\N","\N","\N"
"13116","650","2735","\N","\N","\N","\N"
"36185","852","5591","\N","tolls","420-422, 738-739, 990-992","\N"
"36205","4112","18139","\N","","190–192","\N"
"13122","650","68","\N","\N","\N","\N"
"13124","606","68","\N","\N","\N","\N"
"13126","590","68","\N","\N","\N","\N"
"13130","650","9479","\N","\N","\N","\N"
"13218","80","10897","\N","\N","51","\N"
"13220","80","2999","\N","\N","187","\N"
"13222","80","10927","\N","\N","165","\N"
"13224","80","10936","\N","\N","59","\N"
"13226","80","8185","\N","\N","359","\N"
"13228","80","3130","\N","\N","196","\N"
"13230","80","5709","\N","\N","281","\N"
"13232","80","5863","\N","\N","292","\N"
"13240","80","6834","\N","\N","321","\N"
"13244","80","2804","\N","\N","169","\N"
"13248","80","5381","\N","\N","267","\N"
"13250","80","917","\N","\N","68","\N"
"13252","80","3172","\N","\N","201","\N"
"33588","3958","\N","\N","names","95","29448"
"33692","3958","\N","\N","names","159","29525"
"34471","3315","18290","\N","bridge","518-519","\N"
"34568","4046","\N","\N","names","166","29978"
"34641","4041","\N","\N","names","301","30034"
"34745","4041","8363","\N","","356-358","\N"
"34774","4041","\N","\N","names","218","12505"
"34808","4041","\N","\N","names","323","30101"
"34975","4041","\N","\N","names","236","30202"
"35006","4041","\N","\N","names","361","30220"
"35056","4041","\N","\N","names","234","30257"
"35126","4041","\N","\N","names","33","1108"
"35139","4041","834","\N","","62-63","\N"
"35213","4061","18122","\N","","","\N"
"35266","3627","11494","\N","","526-527","\N"
"35314","4048","18123","\N","","260","\N"
"35619","3765","\N","\N","names","195","30416"
"35676","4092","20073","\N","","172","\N"
"13342","650","9544","\N","\N","\N","\N"
"13344","650","9540","\N","\N","\N","\N"
"13346","650","9545","\N","\N","\N","\N"
"35704","942","19348","\N","","Geulle (Meerssen, Lb)","\N"
"35749","4109","20098","\N","","226-227","\N"
"35806","4116","20114","\N","","257","\N"
"35972","4135","20155","\N","","411","\N"
"35991","4137","20163","\N","","507","\N"
"36008","4140","\N","\N","names","201","30481"
"36016","4140","\N","\N","names","201","30489"
"13362","828","10504","\N","\N","\N","\N"
"36026","4140","\N","\N","names","91","1979"
"36054","4140","\N","\N","names","91","30518"
"36091","4041","\N","\N","names","286","27920"
"36110","4145","19838","\N","","125","\N"
"36118","4147","20173","\N","","255","\N"
"36143","942","\N","\N","names","Stevensweert (Maasgouw, Lb)","30552"
"36160","942","17001","\N","","Neeritter (Leudal, Lb)","\N"
"36206","3952","18139","\N","fairs","85-86","\N"
"36208","3974","\N","\N","names","252","30569"
"36218","4156","20205","\N","","102, 104, 111, 115","\N"
"36220","4156","20207","\N","","14, 22, 101-102","\N"
"36222","4156","20208","\N","","96-102","\N"
"36224","4156","20210","\N","","97","\N"
"36225","4162","2528","\N","","256-257","\N"
"36230","4162","6207","\N","","339-340","\N"
"36233","4162","\N","\N","names","44","27625"
"36236","4162","\N","\N","names","465","30578"
"36273","4156","20222","\N","","87, 96, 101, 102, 103","\N"
"36277","4156","20226","\N","","97","\N"
"36278","4156","18139","\N","","101, 103","\N"
"36279","4164","20227","\N","","118, 125","\N"
"36280","4164","20228","\N","","125","\N"
"36281","4012","20229","\N","","250","\N"
"36282","4014","20230","\N","","320, 328","\N"
"36283","4014","20231","\N","","660, 664","\N"
"36285","4165","20233","\N","","434, 435, 438","\N"
"36286","852","2528","\N","tolls","60, 593-594","\N"
"36289","4014","19834","\N","","318, 661","\N"
"36291","4014","20235","\N","","331","\N"
"36293","4014","20237","\N","","331","\N"
"36294","4014","20238","\N","","331","\N"
"36295","4014","20239","\N","","660-662","\N"
"36297","4166","20241","\N","","247","\N"
"36299","4095","20243","\N","","411","\N"
"35568","4095","20044","\N",""," 263–264, 410, 412","\N"
"36301","4095","20244","\N","","413","\N"
"36724","3967","\N","449","edge","67–75","\N"
"36307","3867","19890","\N","","304","\N"
"36312","3956","19809","\N","fairs","3, nr. 305 (13.10.1584), nr. 306 (14.10.1584), 4, nr. 38:6 (30.6.1594)","\N"
"36317","4112","18121","\N","","170, 228","\N"
"34405","3956","19713","\N","fairs","5. nr. 89 and 92 (8.2.1616), nr. 137 (4.2.1618), 6, nr. 60 (28.5.1622), nr. 133 (10.6.1625)","\N"
"36318","4112","18131","\N","","185–186","\N"
"36319","3956","18134","\N","fairs","5, nr. 202 (7.9.1620), 6, nr. 60 (28.5.1622), nr. 96 (6.4.1624), nr. 133 (10.6.1625)","\N"
"36320","852","20250","\N","tolls","591","\N"
"36321","852","20251","\N","tolls","592","\N"
"36322","852","20252","\N","tolls","592","\N"
"36329","852","\N","\N","names","788","30603"
"36744","3315","\N","440","edge","503-504","\N"
"36349","852","20259","\N","tolls","127, 242, 612-613","\N"
"7084","852","1150","\N","tolls","224-229, 618-619, 795","\N"
"36352","4167","20256","\N","bridge","143","\N"
"36353","852","1166","\N","tolls","257, 621","\N"
"36355","4095","20262","\N","","410","\N"
"36358","4095","20265","\N","","264, 410, 413","\N"
"36364","4010","20269","\N","","37","\N"
"36375","4012","20275","\N","","251, 260","\N"
"36392","4151","20282","\N","","246","\N"
"36393","3956","\N","\N","names","5, nr. 206 (7.9.1620)","30620"
"36394","3956","\N","\N","names","4, nr. 210 (27.4.1606)","30621"
"36396","4112","20284","\N","","177–180","\N"
"36397","3974","\N","\N","names","nr. 528, 543","30626"
"36401","3974","19998","\N","","nr. 264, 518","\N"
"36402","3867","19998","\N","","266-267","\N"
"36405","3974","\N","\N","names","nr. 2457","30632"
"36407","3956","\N","\N","names","5, nr. 122 (19.4.1617)","30635"
"36411","990","11374","\N","ferry","24, 58","\N"
"33539","852","19687","\N","tolls","238n469, 743-744","\N"
"36412","942","\N","\N","names","Den Dungen (Sint-Michielsgestel, NB)","30641"
"36418","3956","\N","\N","names","5, nr. 59 (20.5.1614)","30646"
"36420","3956","\N","\N","names","2, nr. 213 (12.6.1550)","30648"
"36745","4008","\N","461","edge","55–56","\N"
"36771","4008","\N","467","edge","42–44","\N"
"33589","3958","\N","\N","names","95","29449"
"33693","3958","\N","\N","names","159","29526"
"34472","4046","\N","\N","names","3","29914"
"34569","4046","\N","\N","names","166","29979"
"34642","4041","\N","\N","names","301","30035"
"34746","4041","\N","\N","names","271","30063"
"34775","4041","\N","\N","names","218","12501"
"34809","4041","\N","\N","names","323","19747"
"34976","4041","\N","\N","names","236","30203"
"13618","650","10526","\N","\N","\N","\N"
"13620","606","10526","\N","\N","\N","\N"
"13622","828","10526","\N","\N","\N","\N"
"13624","650","10536","\N","\N","\N","\N"
"13626","606","10536","\N","\N","\N","\N"
"13628","828","10536","\N","\N","\N","\N"
"13630","650","11835","\N","\N","\N","\N"
"13632","606","11835","\N","\N","\N","\N"
"13634","828","11835","\N","\N","\N","\N"
"13636","650","10539","\N","\N","\N","\N"
"13638","606","10539","\N","\N","\N","\N"
"13640","828","10539","\N","\N","\N","\N"
"13642","650","10540","\N","\N","\N","\N"
"13644","606","10540","\N","\N","\N","\N"
"13646","828","10540","\N","\N","\N","\N"
"13648","650","10545","\N","\N","\N","\N"
"13650","606","10545","\N","\N","\N","\N"
"13652","828","10545","\N","\N","\N","\N"
"13654","650","10546","\N","\N","\N","\N"
"13656","606","10546","\N","\N","\N","\N"
"13658","828","10546","\N","\N","\N","\N"
"35007","4041","\N","\N","names","361","30221"
"35057","4041","4905","\N","","234","\N"
"35127","4041","\N","\N","names","33","30297"
"35140","4041","\N","\N","names","312","1713"
"35214","4053","18121","\N","","","\N"
"35267","3627","10699","\N","","519","\N"
"35315","3871","18123","\N","","ID 1000007477 (vanha asemakaava-alue), 1000007478 (Slottsbacken)","\N"
"35620","3765","\N","\N","names","195","30417"
"35677","4092","20074","\N","","172","\N"
"35705","3922","20081","\N","ferry","265-266","\N"
"35973","3964","\N","\N","names","88","30474"
"35992","4137","20164","\N","","507","\N"
"36009","4140","\N","\N","names","201","30482"
"36027","4140","\N","\N","names","91","30493"
"36055","4140","\N","\N","names","91","30519"
"36092","4041","\N","\N","names","286","30541"
"36119","4148","7230","\N","fairs","16","\N"
"36144","942","\N","\N","names","Stevensweert (Maasgouw, Lb)","30553"
"36161","2703","17001","\N","","98","\N"
"36207","3953","18139","\N","fairs","356","\N"
"36209","3974","19878","\N","","252","\N"
"36219","4144","20206","\N","","414","\N"
"36221","4161","20207","\N","","302","\N"
"36223","4156","20209","\N","","87, 96, 98-99","\N"
"36226","4162","\N","\N","names","256","30571"
"36231","4162","\N","\N","names","340","30575"
"36234","4162","14265","\N","","44-47","\N"
"36237","4162","\N","\N","names","465","30579"
"36274","4156","20223","\N","","101","\N"
"35553","4014","20041","\N","","316–318, 320-324, 643, 646-648.","\N"
"36284","4014","20232","\N","","660, 664-665. ","\N"
"36287","852","13798","\N","tolls","593-594","\N"
"36290","4014","20234","\N","","331","\N"
"36292","4014","20236","\N","","331","\N"
"36296","4014","20240","\N","","329, 643, 646, 661","\N"
"36298","4095","20242","\N","","412","\N"
"36300","4166","20044","\N","","247","\N"
"36302","4095","20245","\N","","413","\N"
"36308","3985","19890","\N","","291–292","\N"
"36313","3952","19809","\N","fairs","201–206","\N"
"36323","852","20253","\N","tolls","592","\N"
"36330","852","\N","\N","names","788","30604"
"36345","852","17518","\N","tolls","614","\N"
"36350","852","5201","\N","tolls","618-619, 795","\N"
"36354","852","20261","\N","tolls","621","\N"
"36356","4095","20263","\N","","265","\N"
"36359","4016","20265","\N","","44","\N"
"36365","3964","20269","\N","","86","\N"
"36376","4168","20275","\N","","155, 191","\N"
"36395","3956","\N","\N","names","5, nr. 89 and 95 (8.2.1616)","30622"
"36398","3974","\N","\N","names","nr. 648","30627"
"36403","3974","\N","\N","names","nr. 264","30631"
"36406","3956","\N","\N","names","2, nr. 213 (12.6.1550)","30634"
"35201","3956","18132","\N","","2, nr. 78-80 (29.9.1531), 5, nr. 104 (17.5.1616), nr. 122 (19.4.1617), nr. 153 (18.7.1619), 6, nr. 85 (23.9.1623), 130 (12.5.1625)","\N"
"36413","942","\N","\N","names","Den Dungen (Sint-Michielsgestel, NB)","30642"
"36419","3956","\N","\N","names","nr. 90 (8.2.1616)","30647"
"34071","3956","19786","\N","fairs","2, nr. 228:6 (12.6.1553), 3, nr. 305–306 (13. &#38; 14.10.1584), 4, nr 38:6 (30.6.1594), nr. 144 (13.1.1602), nr. 231 (3.7.1607), 5, nr. 59 (20.5.1614), nr. 90 (8.2.1616), 6, nr. 66 (November 1622), nr. 138 (7.2.1626), nr. 182 (10.4.1627)","\N"
"36421","3956","\N","\N","names","2, nr. 228:6 (12.6.1553)","30649"
"36725","4141","\N","449","edge","138–141","\N"
"36746","4009","\N","461","edge","84","\N"
"36772","3964","\N","467","edge","86, 127","\N"
"36789","3964","\N","471","edge","88–89, 126","\N"
"33590","3958","\N","\N","names","50","29450"
"33694","3958","\N","\N","names","159","29527"
"34473","3321","18290","\N","bridge","158","\N"
"34570","4046","\N","\N","names","166","29980"
"34643","4041","\N","\N","names","301","30036"
"34747","4041","\N","\N","names","271","30064"
"34776","4041","\N","\N","names","218","12502"
"34810","4041","\N","\N","names","323","30102"
"34977","4041","\N","\N","names","236","30204"
"35008","4041","\N","\N","names","361","30222"
"2206","162","1799","\N","\N","124-125","\N"
"35128","4041","\N","\N","names","33","30298"
"35141","4041","\N","\N","names","312","30306"
"34924","4054","18121","\N","fairs","178","\N"
"35678","4092","20075","\N","","172","\N"
"35974","3964","\N","\N","names","126","30475"
"35993","3315","20165","\N","","table 56 (544 –547)","\N"
"36010","4140","\N","\N","names","201","30483"
"36028","4140","\N","\N","names","91","30494"
"36056","4140","\N","\N","names","91","30520"
"36093","4041","\N","\N","names","286","30542"
"36120","3964","\N","\N","names","127","30551"
"36145","4153","20187","\N","","471, 473","\N"
"36162","942","8872","\N","","Haelen (Leudal, Lb)","\N"
"36210","3871","19878","\N","","ID 165010040 (Hakoistenlinna), 1000006748 (Hämeen linna)","\N"
"36227","4162","\N","\N","names","256","30572"
"36232","4162","\N","\N","names","340","30576"
"36235","4162","\N","\N","names","465","30577"
"36238","4162","\N","\N","names","465","30580"
"13930","920","255","\N","\N","473-474","\N"
"13932","920","457","\N","\N","477","\N"
"13934","920","455","\N","\N","478","\N"
"13936","920","494","\N","\N","478","\N"
"13938","920","500","\N","\N","480","\N"
"13940","920","579","\N","\N","484","\N"
"13942","920","7281","\N","\N","497","\N"
"13944","920","580","\N","\N","500","\N"
"36275","4156","20224","\N","","87, 96","\N"
"36288","852","4677","\N","tolls","595-596","\N"
"36303","4095","20246","\N","","412","\N"
"36309","3988","19890","\N","","130–131","\N"
"36314","3867","19809","\N","","440–443","\N"
"13962","920","597","\N","\N","503","\N"
"15252","1510","705","\N","tolls","273-274","\N"
"13966","920","612","\N","\N","504","\N"
"13968","920","720","\N","\N","506","\N"
"36331","852","\N","\N","names","789","30605"
"36346","738","17518","\N","bridge","6-7, 37-38, 127-129","\N"
"36351","852","\N","\N","names","795","30613"
"36357","4095","20264","\N","","265","\N"
"36360","4014","20266","\N","","320, 646-648, 663","\N"
"36366","4012","20270","\N","","249, 251","\N"
"36377","4015","20275","\N","","280","\N"
"36399","3974","\N","\N","names","nr. 689","30628"
"36404","3871","19998","\N","","ID 886010004 (Liikistö)","\N"
"36408","3974","\N","\N","names","nr. 2901","30636"
"35316","4069","18123","\N","","vol, I, 42","\N"
"13998","920","368","\N","\N","508","\N"
"14000","920","937","\N","\N","509","\N"
"14002","920","1051","\N","\N","513","\N"
"14004","920","1159","\N","\N","515","\N"
"14006","920","1251","\N","\N","517-518","\N"
"14008","920","1260","\N","\N","519-520","\N"
"14010","920","1588","\N","\N","524-525","\N"
"14012","920","1306","\N","\N","521-522","\N"
"36414","942","\N","\N","names","Den Dungen (Sint-Michielsgestel, NB)","30643"
"36422","3813","19785","\N","","44","\N"
"14020","920","1665","\N","\N","526","\N"
"14022","920","1923","\N","\N","528","\N"
"36424","3974","18119","\N","","nr. 1732","\N"
"14026","920","1977","\N","\N","531","\N"
"36427","3956","\N","\N","names","5, nr. 91 (8.2.1616)","30654"
"14032","920","2004","\N","\N","538","\N"
"35824","3956","8009","\N","fairs","2, nr. 138 (7.8.1542), 4, 43 (9.7.1594), 129 (12.4.1600), 215 (11.9.1606), 5, nr. 91 (8.2.1616), nr. 85 (7.2.1616), nr. 87 (7.2.1616), 6, nr. 4 (24.2.1621), nr. 178 (16.2.1627)","\N"
"35823","3956","8009","\N","","2, nr. 138 (7.8.1542), 4, 43 (9.7.1594), 129 (12.4.1600), 215 (11.9.1606), 5, nr. 91 (8.2.1616), nr. 85 (7.2.1616), nr. 87 (7.2.1616), 6, nr. 4 (24.2.1621), nr. 178 (16.2.1627)","\N"
"14038","920","2015","\N","\N","540","\N"
"36428","4065","20308","\N","","157, 159","\N"
"36431","4169","19970","\N","","185-186","\N"
"14044","920","2034","\N","\N","541-542","\N"
"36433","4065","20310","\N","","156","\N"
"14048","920","2052","\N","\N","542-543","\N"
"36437","4171","19967","\N","","162","\N"
"36438","4172","19927","\N","","168","\N"
"36439","4172","20311","\N","","167-168","\N"
"36440","4172","20312","\N","","167","\N"
"36452","4174","19964","\N","","188","\N"
"36453","3964","\N","\N","names","85","30660"
"36456","4174","20318","\N","","191","\N"
"36458","4176","19962","\N","","164","\N"
"36464","4178","18119","\N","","261","\N"
"36465","4178","20320","\N","","261","\N"
"36467","4176","19960","\N","","164","\N"
"36470","4","14660","\N","ferry","494","\N"
"36475","4179","20321","\N","","150","\N"
"36476","4179","20322","\N","","150, 263, 264","\N"
"36478","4028","19864","\N","","276, 279-280","\N"
"36479","4180","18213","\N","","365","\N"
"36484","4183","19866","\N","","29","\N"
"36486","4185","20323","\N","","233-234","\N"
"36488","3988","20323","\N","","73, 77","\N"
"36496","4188","19753","\N","","372","\N"
"14092","920","2057","\N","\N","544-545","\N"
"14094","920","2388","\N","\N","549-550","\N"
"36497","4040","20326","\N","","405","\N"
"36499","4189","18122","\N","","63","\N"
"36500","4190","19977","\N","","252, 287, 288, 289","\N"
"36501","4191","20327","\N","","226","\N"
"36502","4191","20328","\N","","227","\N"
"14096","920","2671","\N","\N","551-552","\N"
"33591","3958","\N","\N","names","50","29451"
"14100","920","2873","\N","\N","553","\N"
"33695","3958","\N","\N","names","159","29528"
"14104","920","3455","\N","\N","555-556","\N"
"34474","4046","\N","\N","names","3","29915"
"34571","4046","\N","\N","names","166","29981"
"14110","920","4044","\N","\N","564-565","\N"
"34644","4041","11482","\N","","301-303","\N"
"14114","920","4168","\N","\N","566-567","\N"
"14116","920","4178","\N","\N","569","\N"
"34748","4041","\N","\N","names","271","30065"
"34777","4041","\N","\N","names","219","30083"
"14122","920","4303","\N","\N","576-577","\N"
"14124","920","4433","\N","\N","581","\N"
"14126","920","4495","\N","\N","582","\N"
"14128","920","4625","\N","\N","583-584","\N"
"14130","920","4598","\N","\N","586-587","\N"
"14132","920","4686","\N","\N","589","\N"
"34811","4041","\N","\N","names","323","30103"
"34978","4041","\N","\N","names","236","30205"
"14138","920","4903","\N","\N","591-592","\N"
"35009","4041","\N","\N","names","361","30223"
"14142","920","4975","\N","\N","595","\N"
"14144","920","5008","\N","\N","596","\N"
"14148","920","2891","\N","\N","522","\N"
"35058","4041","\N","\N","names","95","3249"
"14152","920","2054","\N","\N","543-544","\N"
"35129","4041","180","\N","","32-33","\N"
"35142","4041","\N","\N","names","312","30307"
"35215","3871","18122","\N","","ID 529500001 (Naantalin vanha asemakaava-alue)","\N"
"35975","3321","20156","\N","","155","\N"
"35994","4138","20165","\N","","42","\N"
"36029","4140","\N","\N","names","91","30495"
"36057","4140","\N","\N","names","91","30521"
"36094","4041","\N","\N","names","286","30543"
"36121","4149","7230","\N","fairs","538","\N"
"36146","942","\N","\N","names","Stevensweert (Maasgouw, Lb)","30554"
"36163","942","\N","\N","names","Haelen (Leudal, Lb)","22475"
"36211","4158","19878","\N","","167, 236–237, 231","\N"
"36228","4162","\N","\N","names","256","30573"
"36239","4162","\N","\N","names","465","30581"
"36276","4156","20225","\N","","97, 103","\N"
"36304","4095","20247","\N","","411, 412","\N"
"36310","3952","19890","\N","fairs","65-67","\N"
"36315","3871","19809","\N","","ID 1000022593 (Luoma/Bobäck)","\N"
"5278","652","705","\N","\N","434-435","\N"
"36332","38","\N","\N","names","71","30606"
"36347","3437","17518","\N","bridge","36-47","\N"
"36361","3964","\N","\N","names","86","30616"
"36367","3964","\N","\N","names","86","30618"
"36378","4012","20276","\N","","251","\N"
"36400","3956","\N","\N","names","2, nr. 213 (12.6.1550)","30630"
"36409","3956","\N","\N","names","2, nr. 213 (12.6.1550)","30637"
"36415","942","\N","\N","names","Den Dungen (Sint-Michielsgestel, NB)","30644"
"36423","3861","19785","\N","","186, 230, 382","\N"
"36425","3974","\N","\N","names","nr. 1732","30652"
"36429","4065","20309","\N","","156","\N"
"36432","4065","19970","\N","","156-158","\N"
"36434","4169","19969","\N","","192","\N"
"36441","4067","20312","\N","","169","\N"
"36454","4174","20317","\N","","189","\N"
"36459","3979","19962","\N","","247","\N"
"36466","4178","19956","\N","","261","\N"
"36469","3963","19682","\N","","242-243","\N"
"36471","2973","14660","\N","ferry","82-83","\N"
"36477","3871","20322","\N","","Piikkiön kirkko","\N"
"36480","4180","19972","\N","","365","\N"
"36485","4184","19866","\N","","43-44","\N"
"36487","4186","20323","\N","","392","\N"
"36489","3964","20323","\N","","87","\N"
"36498","4036","20326","\N","","60","\N"
"14254","920","3925","\N","\N","563","\N"
"14258","920","8908","\N","\N","579","\N"
"14260","920","4599","\N","\N","589","\N"
"14262","920","4914","\N","\N","594","\N"
"14264","920","4432","\N","\N","579-580","\N"
"14268","920","4626","\N","\N","585","\N"
"14270","920","4774","\N","\N","591","\N"
"36503","4036","20328","\N","","60","\N"
"14274","920","5106","\N","\N","599","\N"
"14276","920","5160","\N","\N","600","\N"
"14278","920","5230","\N","\N","601","\N"
"14280","920","5297","\N","\N","603","\N"
"14282","920","5387","\N","\N","605-606","\N"
"14284","920","5574","\N","\N","606-607","\N"
"14286","920","5679","\N","\N","608","\N"
"36504","4036","20329","\N","","60","\N"
"36457","4176","19784","\N","","164","\N"
"36726","4008","\N","449","edge","48–49, 81","\N"
"36747","4221","\N","461","edge","107–108","\N"
"36773","4010","\N","467","edge","70–72","\N"
"36790","4008","\N","471","edge","44–45","\N"
"14336","920","5872","\N","\N","610","\N"
"14338","920","5887","\N","\N","611-612","\N"
"14340","920","5917","\N","\N","613-614","\N"
"14342","920","6104","\N","\N","619-621","\N"
"14344","920","6122","\N","\N","623","\N"
"14346","920","6271","\N","\N","626","\N"
"14354","920","6373","\N","\N","628","\N"
"14358","920","6668","\N","\N","631","\N"
"33592","3958","\N","\N","names","50","29452"
"14364","920","6947","\N","\N","632-633","\N"
"14366","920","7026","\N","\N","636-637","\N"
"33696","3958","7461","\N","","158-163","\N"
"34475","4046","\N","\N","names","3","29916"
"34572","4046","4740","\N","","166-167","\N"
"14374","920","7241","\N","\N","640-641","\N"
"14376","148","8045","\N","\N","284","\N"
"14378","920","7271","\N","\N","645-646","\N"
"34749","4041","\N","\N","names","271","30066"
"14384","920","7312","\N","\N","648","\N"
"14386","148","7955","\N","\N","280","\N"
"34778","4041","\N","\N","names","219","12504"
"14390","920","7463","\N","\N","651","\N"
"34812","4041","\N","\N","names","323","30104"
"14394","148","8259","\N","\N","294","\N"
"34979","4041","\N","\N","names","236","30206"
"14400","160","6198","\N","\N","169","\N"
"14402","66","5190","\N","\N","361","\N"
"14404","66","3279","\N","\N","265","\N"
"14406","66","5118","\N","\N","356","\N"
"14410","920","7645","\N","\N","655-656","\N"
"14412","920","7674","\N","\N","658","\N"
"14414","920","7811","\N","\N","663-664","\N"
"14416","920","8008","\N","\N","667","\N"
"14418","66","2727","\N","\N","205","\N"
"14420","66","7545","\N","\N","434","\N"
"14422","920","8016","\N","\N","667-668","\N"
"14424","66","2936","\N","\N","223","\N"
"14426","920","8021","\N","\N","669","\N"
"14428","920","8335","\N","\N","671","\N"
"14430","66","4480","\N","\N","312","\N"
"14432","920","8467","\N","\N","672","\N"
"14434","920","8515","\N","\N","673","\N"
"14436","66","8614","\N","\N","506","\N"
"14438","920","8527","\N","\N","674","\N"
"14440","66","905","\N","\N","76","\N"
"14442","920","8630","\N","\N","676-677","\N"
"14444","66","8337","\N","\N","480","\N"
"14446","66","5527","\N","\N","368","\N"
"14448","920","8745","\N","\N","680","\N"
"14450","66","8850","\N","\N","513","\N"
"35010","4041","\N","\N","names","362","30224"
"14454","66","4821","\N","\N","332","\N"
"14456","66","8487","\N","\N","499","\N"
"14458","66","5371","\N","\N","363","\N"
"14460","66","4167","\N","\N","286","\N"
"14462","66","8508","\N","\N","502","\N"
"14464","66","5643","\N","\N","380","\N"
"14466","66","5534","\N","\N","326f.","\N"
"14468","66","5365","\N","\N","326f.","\N"
"14470","66","999","\N","\N","81f","\N"
"14472","66","1869","\N","\N","156","\N"
"14474","66","4899","\N","\N","343f","\N"
"35059","4041","\N","\N","names","95","30258"
"35143","4041","\N","\N","names","312","30308"
"14480","920","8784","\N","\N","680","\N"
"14482","920","3823","\N","\N","683","\N"
"14484","920","8844","\N","\N","685","\N"
"35216","3873","18122","\N","","ID 200490 (Naantalin kirkko)","\N"
"35976","3315","20156","\N","","table 56 (544 –547)","\N"
"36030","4140","\N","\N","names","91","30496"
"36058","4140","\N","\N","names","91","30522"
"36095","4041","\N","\N","names","286","30544"
"36122","4010","20174","\N","","39","\N"
"36147","942","\N","\N","names","Stevensweert (Maasgouw, Lb)","30555"
"36164","942","\N","\N","names","Haelen (Leudal, Lb)","22476"
"36212","4159","19878","\N","","","\N"
"36229","4162","\N","\N","names","256","30574"
"36240","4162","\N","\N","names","465","30582"
"36305","4095","20248","\N","","410","\N"
"36311","3956","19890","\N","fairs","5, nr. 59 (20.5.1614), nr. 90 (8.2.1616)","\N"
"36316","3873","19809","\N","","ID 200416 (Kirkkonummen kirkko)","\N"
"36324","38","705","\N","","71","\N"
"36333","38","\N","\N","names","71","30607"
"36348","852","20256","\N","bridge","241","\N"
"36362","3964","20268","\N","","86","\N"
"36368","4010","20271","\N","","38, 40","\N"
"36379","4012","20277","\N","","251","\N"
"36410","3956","\N","\N","names","2, nr. 184 (15.12.1546)","30638"
"36416","942","\N","\N","names","Den Dungen (Sint-Michielsgestel, NB)","30645"
"36426","3956","\N","\N","names","2, nr. 183 (3.12.1546), nr. 213 (12.6.1550)","30653"
"36430","3964","20309","\N","","85","\N"
"36435","4170","19969","\N","","115","\N"
"36442","4067","20313","\N","","169","\N"
"36455","3964","20317","\N","","85","\N"
"36460","4176","20319","\N","","164","\N"
"36472","2973","13065","\N","ferry","82-84","\N"
"36481","4181","19972","\N","","198","\N"
"36490","4186","19748","\N","","392","\N"
"36505","4036","18212","\N","","60","\N"
"36748","3979","\N","461","edge","235–236","\N"
"36774","4009","\N","467","edge","59–61","\N"
"36791","4009","\N","471","edge","63–65","\N"
"33593","3958","\N","\N","names","50","29453"
"33697","3293","17176","\N","harbour","","\N"
"34476","4046","\N","\N","names","3","29917"
"34573","4046","\N","\N","names","66","29982"
"34750","4041","6294","\N","","271-272","\N"
"34813","4041","\N","\N","names","323","30105"
"34980","4041","\N","\N","names","236","30207"
"35011","4041","\N","\N","names","362","30225"
"35060","4041","\N","\N","names","95","3250"
"35144","4041","\N","\N","names","312","30309"
"35977","3315","20157","\N","","table 56 (544 –547)","\N"
"36031","4140","\N","\N","names","91","30497"
"36059","4140","\N","\N","names","91","30523"
"36096","4041","\N","\N","names","286","30545"
"36123","4147","20174","\N","","415","\N"
"36148","942","\N","\N","names","Stevensweert (Maasgouw, Lb)","30556"
"36165","942","\N","\N","names","Haelen (Leudal, Lb)","30564"
"36213","3975","19878","\N","","vol. 1, 89–92, vol. 2, 115, 129, 131.","\N"
"36241","4162","14266","\N","","465-469","\N"
"36306","4095","20249","\N","","410, 411-413","\N"
"36325","38","\N","\N","names","71","30602"
"36334","38","8579","\N","","71","\N"
"36363","4010","20268","\N","","37","\N"
"36369","4010","20272","\N","","40","\N"
"36380","4010","20278","\N","","40","\N"
"36417","942","20306","\N","","Den Dungen (Sint-Michielsgestel, NB)","\N"
"14682","650","3946","\N","\N","\N","\N"
"14684","606","3946","\N","\N","\N","\N"
"14686","1264","3946","\N","\N","\N","\N"
"36728","3315","\N","450","edge","508–509","\N"
"36436","4171","19968","\N","","159","\N"
"36443","4172","20313","\N","","167, 169","\N"
"36461","3979","20319","\N","","247","\N"
"36473","3147","13065","\N","ferry","149","\N"
"36482","3964","19972","\N","","85","\N"
"36491","4186","19749","\N","","253, 392","\N"
"36506","4192","18212","\N","","118","\N"
"36749","4008","\N","462","edge","55","\N"
"36775","4015","\N","467","edge","278","\N"
"36792","3321","\N","471","edge","158–160","\N"
"14856","920","127","\N","\N","21","\N"
"14858","920","132","\N","\N","22","\N"
"14860","920","445","\N","\N","25-26","\N"
"14862","920","446","\N","\N","26","\N"
"14864","920","690","\N","\N","27","\N"
"33594","3958","\N","\N","names","50","29454"
"14870","920","941","\N","\N","31-32","\N"
"14872","920","1214","\N","\N","33","\N"
"33698","2283","14428","\N","ferry","148","\N"
"34477","4046","412","\N","","3-4","\N"
"14878","920","1333","\N","\N","34","\N"
"34574","4046","\N","\N","names","66","29983"
"34751","4052","19906","\N","","397","\N"
"34814","4041","\N","\N","names","323","30106"
"34981","4041","\N","\N","names","236","30208"
"35012","4041","\N","\N","names","362","30226"
"35061","4041","\N","\N","names","95","30259"
"35145","4041","\N","\N","names","312","30310"
"35978","3319","20157","\N","","70","\N"
"36032","4140","\N","\N","names","91","30498"
"14902","920","1411","\N","\N","39","\N"
"36060","4140","\N","\N","names","92","30524"
"36097","4041","\N","\N","names","286","30546"
"14908","920","1512","\N","\N","40","\N"
"14910","920","1750","\N","\N","42","\N"
"36124","4147","20175","\N","","415","\N"
"36149","4154","20187","\N","","423-425","\N"
"36166","4153","20184","\N","","473","\N"
"14918","920","1955","\N","\N","49","\N"
"36214","3977","19878","\N","","62–64, 94–97","\N"
"36242","4162","6311","\N","","353-357","\N"
"14924","920","1991","\N","\N","50","\N"
"36326","38","\N","\N","names","71","2525"
"36335","852","20254","\N","tolls","602-603","\N"
"36370","4012","20272","\N","","251","\N"
"36381","4147","20278","\N","","255","\N"
"36444","4001","20313","\N","","475-476","\N"
"36462","4177","19957","\N","","97","\N"
"36474","2457","13065","\N","ferry","nos. 251, 621, 1839","\N"
"36483","4182","19866","\N","","183-185","\N"
"36492","3871","20323","\N","","Liedon kirkko","\N"
"36507","4038","20330","\N","","59","\N"
"36521","4195","20334","\N","","448-449, 451-452","\N"
"36524","3313","20121","\N","","268","\N"
"36525","3313","20122","\N","","267","\N"
"36526","4196","20336","\N","","231","\N"
"36527","4196","20337","\N","","231","\N"
"36529","3315","20338","\N","","table 56 (544 –547)","\N"
"36531","4197","20340","\N","","373-374","\N"
"36532","4198","20341","\N","","16","\N"
"36535","3952","19857","\N","","201–206","\N"
"36537","3861","19857","\N","","104-105, 136-137","\N"
"36541","3998","19856","\N","","96–98","\N"
"36543","4202","18123","\N","","27","\N"
"36545","3974","19931","\N","","nr. 873","\N"
"14976","920","2017","\N","\N","51","\N"
"14978","920","2098","\N","\N","53","\N"
"14980","920","2167","\N","\N","54","\N"
"14982","920","2202","\N","\N","55","\N"
"14984","920","2265","\N","\N","56","\N"
"14986","920","2710","\N","\N","58","\N"
"14990","920","2909","\N","\N","59","\N"
"36556","3871","19873","\N","","ID 853500004","\N"
"36729","4008","\N","450","edge","62–64","\N"
"14996","920","2921","\N","\N","61","\N"
"14998","920","3124","\N","\N","64","\N"
"36555","4111","18118","\N","","21, 36–38, 46–51","\N"
"35900","3789","18118","\N","","116","\N"
"36579","3961","18118","\N","","27–28","\N"
"15008","920","3325","\N","\N","65-66","\N"
"15010","920","3434","\N","\N","67","\N"
"36580","4213","18118","\N","","","\N"
"36583","4215","18118","\N","","","\N"
"36591","3974","\N","\N","names","977","30342"
"36750","4009","\N","462","edge","83","\N"
"36776","4012","\N","467","edge","249–251.","\N"
"36793","3315","\N","471","edge","503, 506","\N"
"36602","3321","19976","\N","","152, 382–383","\N"
"15030","920","3911","\N","\N","68","\N"
"36603","4223","19976","\N","","116–118","\N"
"26575","2295","4329","\N","fairs","inv.no. 11 f.47r no. 54","\N"
"36605","4150","20346","\N","","249","\N"
"36607","4008","20348","\N","bridge","61","\N"
"36609","4092","20349","\N","bridge","150","\N"
"36611","4092","20350","\N","bridge","150","\N"
"36617","4092","20353","\N","ferry","151","\N"
"36619","4092","20354","\N","ferry","151","\N"
"36623","4150","20356","\N","","250","\N"
"15058","920","4054","\N","\N","73-74","\N"
"15064","920","4190","\N","\N","75-76","\N"
"36625","3964","\N","\N","names","86","30665"
"15068","920","4427","\N","\N","77","\N"
"36631","4150","20361","\N","","322","\N"
"15072","920","10031","\N","\N","78","\N"
"36606","4150","20347","\N","","250-252, 322","\N"
"36633","4040","20363","\N","","405","\N"
"36635","3315","20365","\N","","table 56 (544 –547)","\N"
"36636","4087","20366","\N","","674","\N"
"36637","4224","2712","\N","","8-9","\N"
"36640","2201","12925","\N","harbour","162","\N"
"36643","4224","20370","\N","bridge","17","\N"
"33595","3958","\N","\N","names","51","29456"
"34478","4046","\N","\N","names","148","29918"
"34575","4046","\N","\N","names","66","29984"
"34815","4041","\N","\N","names","323","30107"
"34982","4041","\N","\N","names","236","30209"
"35013","4041","\N","\N","names","362","30227"
"15130","920","4586","\N","\N","79","\N"
"15132","920","4754","\N","\N","80-81","\N"
"15136","920","4837","\N","\N","84","\N"
"15138","920","5010","\N","\N","86","\N"
"35062","4041","\N","\N","names","95","30260"
"35146","4041","\N","\N","names","312","1712"
"35979","3321","20157","\N","","155","\N"
"36033","4140","\N","\N","names","91","30499"
"36061","4140","\N","\N","names","92","30525"
"15152","920","5093","\N","\N","87","\N"
"15154","920","5193","\N","\N","87","\N"
"15156","920","5454","\N","\N","90","\N"
"15158","920","5733","\N","\N","91","\N"
"15160","920","5849","\N","\N","92-93","\N"
"15162","920","6109","\N","\N","95","\N"
"36098","4041","\N","\N","names","286","30547"
"36125","4147","20176","\N","","255","\N"
"36150","942","\N","\N","names","Stevensweert (Maasgouw, Lb)","30557"
"36167","4147","20189","\N","","257","\N"
"36215","3976","19878","\N","","323–329","\N"
"36243","4162","\N","\N","names","354","30583"
"36327","38","\N","\N","names","71","2526"
"36336","852","705","\N","fairs","788","\N"
"36371","4010","20273","\N","","40","\N"
"36382","4144","20278","\N","","414","\N"
"36445","4173","20313","\N","","52, 161","\N"
"36463","4177","19785","\N","","97","\N"
"36493","4187","19751","\N","","59","\N"
"36508","4192","20330","\N","","118","\N"
"36522","4195","19994","\N","","449-451","\N"
"36528","4196","19990","\N","","232","\N"
"36530","4009","20339","\N","","58","\N"
"36533","4199","20341","\N","","159-160","\N"
"36536","3998","19857","\N","","97","\N"
"36538","3974","19857","\N","","nr. 3527","\N"
"36542","3861","19856","\N","","104–105, 136","\N"
"36544","4203","18123","\N","","","\N"
"36546","3871","19931","\N","","ID 835500006 (Raaseporin linna), 100001190 (Slottsmalmen), 1000008321 (Raseborg, Kungsgården), 1000011510 (Snappertuna Bastuåkern), 220010088 (Junkarsborg), 1000014819 (Karjaan kirkko)","\N"
"36557","3974","\N","\N","names","nr. 259","29341"
"36559","3952","18118","\N","fairs","5–10","\N"
"36581","3867","18118","\N","","180–211","\N"
"36584","4216","18118","\N","","","\N"
"36592","3974","19876","\N","","nr. 252","\N"
"36730","4141","\N","450","edge","149–154","\N"
"26565","2779","4329","\N","fairs","inv.nos. 15, 1108, 1131-1132, 1136, 1977, inv.nos. 629 f.13, 1136x","\N"
"36608","3967","20348","\N","bridge","80","\N"
"36610","3967","20349","\N","bridge","80","\N"
"36612","3967","20350","\N","bridge","80","\N"
"36618","3967","20353","\N","ferry","78","\N"
"36620","3967","20354","\N","ferry","80","\N"
"36624","4150","20357","\N","","250","\N"
"36626","4010","20358","\N","","38","\N"
"36632","4150","20362","\N","","323","\N"
"36634","4219","20364","\N","","197","\N"
"36638","2177","4330","\N","lock","20-22, 29-31","\N"
"15256","920","6111","\N","\N","96","\N"
"15258","920","6267","\N","\N","97","\N"
"36641","4224","12925","\N","harbour","11","\N"
"15262","920","6418","\N","\N","100","\N"
"36751","3979","\N","462","edge","234–238","\N"
"36777","4225","\N","467","edge","82–83","\N"
"36794","3319","\N","472","edge","11–20, 86–88","\N"
"15280","920","6660","\N","\N","104","\N"
"15282","920","6855","\N","\N","105","\N"
"15288","920","7509","\N","\N","108","\N"
"15322","920","7722","\N","\N","111","\N"
"15324","920","7739","\N","\N","112","\N"
"15330","920","8253","\N","\N","114","\N"
"15332","920","8615","\N","\N","116","\N"
"33596","3958","\N","\N","names","51","29455"
"34479","4046","\N","\N","names","148","12722"
"34576","4046","\N","\N","names","66","29985"
"15354","920","2688","\N","\N","57","\N"
"34816","4041","\N","\N","names","323","30108"
"34983","4041","4906","\N","","236-237","\N"
"15360","920","4688","\N","\N","79","\N"
"15362","920","5425","\N","\N","89","\N"
"35014","4041","\N","\N","names","362","30228"
"35063","4041","\N","\N","names","95","3251"
"35147","4041","\N","\N","names","312","1718"
"15374","920","5935","\N","\N","94","\N"
"15376","920","6241","\N","\N","97","\N"
"15378","920","6394","\N","\N","99","\N"
"15380","920","7606","\N","\N","109","\N"
"15382","920","8829","\N","\N","119","\N"
"35980","3964","20157","\N","","88, 126","\N"
"36034","4140","\N","\N","names","91","30500"
"36062","4140","\N","\N","names","92","1980"
"36099","4041","\N","\N","names","286","30548"
"36126","4150","20176","\N","","325-326","\N"
"36151","942","\N","\N","names","Stevensweert (Maasgouw, Lb)","30558"
"36168","4147","20190","\N","","257","\N"
"36216","4160","19878","\N","","301–320","\N"
"36244","4162","\N","\N","names","354","30584"
"36328","38","\N","\N","names","71","2524"
"36337","852","\N","\N","names","788","30608"
"36372","4012","20273","\N","","251","\N"
"36383","4147","20279","\N","","255","\N"
"36446","4173","19966","\N","","52","\N"
"36494","4188","20324","\N","","372","\N"
"36509","4192","20331","\N","","118","\N"
"36523","4195","20335","\N","","451, 453, 455","\N"
"36534","4198","20342","\N","","16","\N"
"36539","4001","19857","\N","","467–468","\N"
"36547","3867","19931","\N","","436–437","\N"
"36560","3953","18118","\N","fairs","368","\N"
"36582","4214","18118","\N","","","\N"
"36752","4221","\N","462","edge","106–107","\N"
"36593","4218","19876","\N","","","\N"
"36613","3967","20351","\N","bridge","80","\N"
"36621","4092","20355","\N","ferry","152","\N"
"36627","3964","20358","\N","","86","\N"
"36639","2201","4330","\N","lock","158-159","\N"
"36642","4224","20367","\N","harbour","17","\N"
"36778","4008","\N","468","edge","42–44","\N"
"36795","4008","\N","472","edge","53, 41–42","\N"
"33597","3958","\N","\N","names","51","29457"
"34480","4046","4472","\N","","148-151","\N"
"34577","4046","2107","\N","","66","\N"
"34817","4041","\N","\N","names","323","30109"
"35015","4041","\N","\N","names","362","30229"
"35064","4041","\N","\N","names","95","30261"
"35148","4041","\N","\N","names","312","30311"
"35981","3315","20158","\N","","table 56 (544 –547)","\N"
"36035","4140","\N","\N","names","91","30501"
"36063","4140","1239","\N","","91-94","\N"
"36100","4041","\N","\N","names","286","30549"
"36127","4150","20177","\N","","250","\N"
"36152","942","16997","\N","","Stevensweert (Maasgouw, Lb)","\N"
"36169","2003","13289","\N","harbour","50","\N"
"36217","3979","19878","\N","","301–320","\N"
"36245","4162","\N","\N","names","354","30585"
"36338","852","\N","\N","names","789","30609"
"36373","4010","20274","\N","","40","\N"
"36384","4144","20279","\N","","414","\N"
"36447","4001","19966","\N","","473-475","\N"
"36495","4188","20325","\N","","372","\N"
"36510","4036","20332","\N","","60","\N"
"36540","4172","19857","\N","","191","\N"
"36548","4204","19931","\N","","","\N"
"36561","4032","18118","\N","fairs","vol. I, 297, 372–374","\N"
"36586","3974","18118","\N","","nr. 259, 286, 292, 317","\N"
"36594","3977","19876","\N","","91–93","\N"
"36614","4092","20351","\N","bridge","150","\N"
"36622","3967","20355","\N","ferry","80","\N"
"36628","3964","\N","\N","names","86","30666"
"36753","3964","\N","463","edge","88–89, 126","\N"
"36779","3964","\N","468","edge","86, 127","\N"
"36796","3321","\N","472","edge","151–157","\N"
"33598","3958","\N","\N","names","39","4669"
"34481","4046","\N","\N","names","235","29919"
"34578","4046","\N","\N","names","5","29986"
"34818","4041","\N","\N","names","323","30110"
"35016","4041","8377","\N","","361-362","\N"
"35065","4041","\N","\N","names","95","30262"
"35149","4041","\N","\N","names","312","30312"
"35982","3321","20158","\N","","159","\N"
"36036","4140","\N","\N","names","91","30502"
"36064","4140","\N","\N","names","100","30526"
"36101","4041","\N","\N","names","286","30550"
"36128","4151","20177","\N","","246","\N"
"36153","4153","20188","\N","","471","\N"
"36246","4162","\N","\N","names","354","30586"
"36339","852","\N","\N","names","789","30610"
"36374","4012","20274","\N","","251","\N"
"36385","4152","20280","\N","","387","\N"
"36448","4173","20314","\N","","52","\N"
"36511","4036","20333","\N","","60","\N"
"36549","4202","19931","\N","","","\N"
"36562","4205","18118","\N","fairs","188","\N"
"36595","3975","19876","\N","","2, 113–128","\N"
"36615","4092","20352","\N","ferry","151","\N"
"36629","4010","20359","\N","","38","\N"
"36754","4008","\N","463","edge","44–45","\N"
"36780","4010","\N","468","edge","70–72","\N"
"36797","4008","\N","473","edge","55","\N"
"33599","3958","\N","\N","names","39","4668"
"34482","4046","\N","\N","names","235","29920"
"34579","4046","\N","\N","names","5","29987"
"34819","4041","\N","\N","names","324","30111"
"35066","4041","\N","\N","names","95","3252"
"35150","4041","\N","\N","names","312","30313"
"35983","4136","20158","\N","","467","\N"
"36037","4140","\N","\N","names","91","30503"
"36065","4140","\N","\N","names","100","30527"
"36102","4041","14654","\N","","286-287","\N"
"36129","4151","20178","\N","","246","\N"
"36154","4154","20188","\N","","423-425","\N"
"36247","4162","\N","\N","names","354","30587"
"36340","852","\N","\N","names","788","3225"
"36386","4152","20281","\N","","387-388","\N"
"36449","4001","20314","\N","","473-475","\N"
"36512","4193","20333","\N","","228","\N"
"36550","4203","19931","\N","","","\N"
"36563","4206","18118","\N","fairs","68, 70–73","\N"
"36588","4048","18118","\N","","282–283","\N"
"36596","3976","19876","\N","","2009, 301–313","\N"
"36616","3967","20352","\N","ferry","80","\N"
"36630","4150","20360","\N","","250","\N"
"36755","4009","\N","463","edge","63–65","\N"
"36781","4009","\N","468","edge","59–61","\N"
"36798","4009","\N","473","edge","108","\N"
"33600","3958","\N","\N","names","39","29494"
"34483","4046","\N","\N","names","235","29921"
"34580","4046","\N","\N","names","5","29988"
"34820","4041","\N","\N","names","324","19742"
"35067","4041","\N","\N","names","95","30263"
"35151","4041","\N","\N","names","312","30314"
"36038","4140","\N","\N","names","91","30504"
"36066","4140","\N","\N","names","100","30528"
"36130","4147","20179","\N","","256","\N"
"36248","4162","\N","\N","names","354","16934"
"36341","852","\N","\N","names","788","30611"
"36387","4150","20281","\N","","249","\N"
"36450","4174","20315","\N","","191","\N"
"36513","3313","20000","\N","","268","\N"
"36551","3975","19931","\N","","2, 131–138","\N"
"36564","4207","18118","\N","fairs","134","\N"
"36589","4217","18118","\N","","257–262","\N"
"36597","3966","19876","\N","","2, 384–394","\N"
"36756","3321","\N","463","edge","158–160","\N"
"36782","4225","\N","468","edge","82–83","\N"
"36799","3979","\N","473","edge","234–236","\N"
"33601","3958","\N","\N","names","39","29495"
"34484","4046","6929","\N","","235-236","\N"
"34581","4046","\N","\N","names","5","29989"
"34821","4041","\N","\N","names","324","30112"
"35068","4041","\N","\N","names","96","30264"
"35152","4041","\N","\N","names","312","30315"
"36039","4140","\N","\N","names","91","1982"
"36067","4140","\N","\N","names","100","30529"
"36131","4151","20180","\N","","79","\N"
"36249","4156","20211","\N","","97","\N"
"36342","852","\N","\N","names","788","30612"
"36388","4147","20281","\N","","256","\N"
"36451","4175","20316","\N","","175","\N"
"36514","3313","20001","\N","","267-268","\N"
"36552","3977","19931","\N","","165–160","\N"
"36565","3974","18118","\N","fairs","nr. 2130, 3035, 1062","\N"
"36590","3787","18118","\N",""," 70–71","\N"
"36757","3315","\N","463","edge","503","\N"
"36783","4015","\N","468","edge","278","\N"
"36800","4221","\N","473","edge","105–106.","\N"
"33602","3958","\N","\N","names","39","29496"
"34485","4046","\N","\N","names","97","29922"
"34582","4046","\N","\N","names","5","29990"
"34822","4041","\N","\N","names","324","19749"
"35069","4041","\N","\N","names","96","30265"
"35153","4041","\N","\N","names","312","1716"
"36040","4140","\N","\N","names","91","30505"
"36068","4140","\N","\N","names","100","30530"
"36132","4147","20181","\N","","256","\N"
"36250","586","3303","\N","","210-211","\N"
"36343","852","20255","\N","tolls","603, 786-788","\N"
"36389","4147","19836","\N","","255","\N"
"36515","3313","19999","\N","","268","\N"
"36553","3961","19931","\N","","21–22","\N"
"36758","3954","\N","463","edge","277–278","\N"
"36784","4012","\N","468","edge","249–251.","\N"
"36801","4222","\N","474","edge","RKY INSPIRE","\N"
"36819","4095","\N","479","edge","262–263, 425","\N"
"36825","4095","\N","481","edge","262–263, 266, 423–425","\N"
"36824","4095","\N","480","edge","264-265, 425","\N"
"33603","3958","\N","\N","names","39","29497"
"34486","4046","\N","\N","names","97","29923"
"34583","4046","\N","\N","names","5","29991"
"34823","4041","7634","\N","","323-324","\N"
"35070","4041","\N","\N","names","96","30266"
"35154","4041","\N","\N","names","312","30316"
"36041","4140","\N","\N","names","91","1983"
"36069","4140","\N","\N","names","100","30531"
"36133","4152","20181","\N","","387-388","\N"
"36251","586","12417","\N","bridge","169","\N"
"36390","4143","19836","\N","","103","\N"
"36516","4037","20093","\N","","554","\N"
"36554","3966","19931","\N","","II, 444-445","\N"
"36567","4208","18118","\N","fairs","318","\N"
"36759","4009","\N","464","edge","110–111","\N"
"36785","4008","\N","469","edge","59–61","\N"
"36802","3964","\N","474","edge","86–87","\N"
"36820","4008","\N","479","edge","64","\N"
"36826","4008","\N","481","edge","64","\N"
"17276","650","10041","\N","\N","\N","\N"
"17278","606","10041","\N","\N","\N","\N"
"17280","718","10041","\N","\N","\N","\N"
"33604","3958","1498","\N","","39","\N"
"34487","4046","\N","\N","names","97","29924"
"34584","4046","441","\N","","5-6","\N"
"34824","4041","\N","\N","names","68","23731"
"35071","4041","\N","\N","names","96","30267"
"35155","4041","\N","\N","names","312","1715"
"36042","4140","\N","\N","names","91","30506"
"36070","4140","\N","\N","names","101","30532"
"36134","4152","20182","\N","","387","\N"
"36252","652","12417","\N","tolls","305-307","\N"
"36391","4144","19836","\N","","414","\N"
"36517","4037","19682","\N","","554","\N"
"36568","3995","18118","\N","fairs","vol. 8, Maliniemi, Aarno, &#60;q&#62;Kalendarium II (Finland)&#60;/q&#62;, 130","\N"
"36760","3321","\N","464","edge","159–160","\N"
"36786","4009","\N","469","edge","34","\N"
"36803","3988","\N","474","edge","191–195","\N"
"36821","4009","\N","479","edge","70–71, 89–90","\N"
"36827","4009","\N","481","edge","70–71, 89–90","\N"
"17488","650","9683","\N","\N","\N","\N"
"33605","3935","\N","\N","names","Bd. 1 no. 514","17258"
"34488","4046","\N","\N","names","97","29925"
"34585","4046","\N","\N","names","28","29992"
"34825","4041","\N","\N","names","68","23732"
"35072","4041","1799","\N","","95-96","\N"
"35156","4041","\N","\N","names","312","1717"
"36043","4140","\N","\N","names","91","30507"
"36071","4140","\N","\N","names","101","30533"
"36135","4150","20183","\N","","249-250","\N"
"36253","4156","20212","\N","","102","\N"
"36518","4037","20095","\N","","554","\N"
"36569","3956","18118","\N","tolls","3, nr. 180 (10.8.1576), 4. nr. 26 (25.3.1594)","\N"
"36761","3964","\N","465","edge","88–89, 126","\N"
"36787","4008","\N","470","edge","59–61","\N"
"36804","4009","\N","474","edge","56–59","\N"
"36822","4094","\N","479","edge","303","\N"
"36828","4094","\N","481","edge","303","\N"
"33606","3958","\N","\N","names","40","29498"
"17790","920","175","\N","\N","133","\N"
"34489","4046","\N","\N","names","97","29926"
"34586","4046","\N","\N","names","28","29993"
"34826","4041","\N","\N","names","68","23733"
"35073","4041","\N","\N","names","146","8935"
"35157","4041","\N","\N","names","312","30317"
"17802","1738","10144","\N","\N","166","\N"
"17808","1738","3946","\N","\N","166","\N"
"17810","1738","10536","\N","\N","166","\N"
"17814","1738","10335","\N","\N","166","\N"
"17820","1738","10343","\N","\N","166","\N"
"17828","1738","10041","\N","\N","166","\N"
"36044","4140","\N","\N","names","91","30508"
"17832","1738","12981","\N","\N","168","\N"
"17834","1738","3881","\N","\N","168","\N"
"36072","4140","\N","\N","names","101","30534"
"36254","38","12416","\N","","218","\N"
"36519","4037","20096","\N","","554","\N"
"36570","4205","18118","\N","tolls","78–85","\N"
"36762","4008","\N","465","edge","44–45","\N"
"36788","4009","\N","470","edge","34","\N"
"36805","4008","\N","474","edge","42.","\N"
"36823","4016","\N","479","edge","46, 121","\N"
"36829","4016","\N","481","edge","46, 121","\N"
"17912","266","10923","\N","\N","224","\N"
"17914","574","1369","\N","\N","Deisel, Landkreis Kassel","\N"
"17916","266","7801","\N","\N","416","\N"
"17918","574","7329","\N","\N","Stammen, Landkreis Kassel","\N"
"17920","574","3256","\N","\N","Hümme, Landkreis Kassel","\N"
"17922","266","3092","\N","\N","245","\N"
"17944","266","2401","\N","\N","199","\N"
"17946","574","1138","\N","\N","Burguffeln, Landkreis Kassel ","\N"
"17948","266","3312","\N","\N","270","\N"
"17950","574","5372","\N","\N","&#60;a href=&#34;https://www.lagis-hessen.de/de/subjects/gsrec/current/1/sn/ol?q=Niedervellmar&#34;&#62;Niedervellmar, Landkreis Kassel&#60;/a&#62; (Stand: 18.03.2021)","\N"
"17952","574","5558","\N","\N","&#60;a href=&#34;https://www.lagis-hessen.de/de/subjects/gsrec/current/1/sn/ol?q=Obervellmar&#34;&#62;Obervellmar, Landkreis Kassel&#60;/a&#62; (Stand: 18.03.2021)","\N"
"17954","574","3489","\N","\N","&#60;a href=&#34;https://www.lagis-hessen.de/de/subjects/gsrec/current/1/sn/ol?q=Calden&#34;&#62;Calden, Landkreis Kassel&#60;/a&#62; (Stand: 05.01.2021)","\N"
"17956","1746","3538","\N","\N","98-99","\N"
"17958","574","5556","\N","\N","Westuffeln, Landkreis Kassel","\N"
"17960","574","5535","\N","\N","Obermeiser, Landkreis Kassel","\N"
"17962","574","4844","\N","\N","&#60;a href=&#34;https://www.lagis-hessen.de/de/subjects/gsrec/current/1/sn/ol?q=meimbressen&#34;&#62;Meimbressen, Landkreis Kassel&#60;/a&#62; (Stand: 05.01.2021)","\N"
"17964","1746","456","\N","\N","8-9","\N"
"17966","1746","517","\N","\N","18-21","\N"
"17968","1746","1413","\N","\N","36-38","\N"
"17970","1746","1552","\N","\N","157","\N"
"17972","1746","1581","\N","\N","48-49","\N"
"17974","1746","1902","\N","\N","51-52","\N"
"17978","1746","2020","\N","\N","65-67","\N"
"17980","1746","2281","\N","\N","69","\N"
"17982","1746","2406","\N","\N","70","\N"
"17984","1746","2407","\N","\N","79-81","\N"
"17986","1746","2789","\N","\N","85-86","\N"
"17988","1746","3392","\N","\N","92-93","\N"
"17990","1746","3500","\N","\N","95-96","\N"
"17992","1746","3958","\N","\N","104-105","\N"
"17994","1746","3976","\N","\N","109-110","\N"
"18008","574","1698","\N","\N","&#60;a href=&#34;https://www.lagis-hessen.de/de/subjects/gsrec/current/1/sn/ol?q=Ehrsten&#34;&#62;Ehrsten, Landkreis Kassel&#60;/a&#62; (Stand: 05.01.2021)","\N"
"18010","574","2056","\N","\N","&#60;a href=&#34;https://www.lagis-hessen.de/de/subjects/gsrec/current/1/sn/ol?q=f%C3%BCrstenwald&#34;&#62;Fürstenwald, Landkreis Kassel&#60;/a&#62; (Stand: 05.01.2021)","\N"
"18012","574","8267","\N","\N","&#60;a href=&#34;https://www.lagis-hessen.de/de/subjects/gsrec/current/1/sn/ol?q=weimar&#34;&#62;Weimar, Landkreis Kassel&#60;/a&#62; (Stand: 18.03.2021)","\N"
"18014","266","8062","\N","\N","427","\N"
"33607","3958","\N","\N","names","40","29499"
"18018","574","8017","\N","\N","Viesebeck, Landkreis Kassel","\N"
"18020","266","306","\N","\N","53","\N"
"34490","4046","\N","\N","names","97","29927"
"34587","4046","\N","\N","names","28","29994"
"18026","266","4875","\N","\N","332","\N"
"18028","574","7864","\N","\N","Twiste, Landkreis Waldeck-Frankenberg","\N"
"18030","574","87","\N","\N","Adorf, Landkreis Waldeck-Frankenberg","\N"
"18032","574","1958","\N","\N","Flechtdorf, Landkreis Waldeck-Frankenberg","\N"
"18034","574","136","\N","\N","Alleringhausen, Landkreis Waldeck-Frankenberg","\N"
"34827","4041","\N","\N","names","68","30113"
"35074","4041","\N","\N","names","146","8936"
"18040","1746","3880","\N","\N","116-121","\N"
"18042","1746","4279","\N","\N","140-142","\N"
"18044","1746","4775","\N","\N","150-151","\N"
"18046","1746","4804","\N","\N","153-154","\N"
"18048","1746","5161","\N","\N","156-157","\N"
"18050","1746","5317","\N","\N","161-163","\N"
"18052","1746","5964","\N","\N","174-175","\N"
"18054","1746","6039","\N","\N","180-181","\N"
"18056","1746","6110","\N","\N","183","\N"
"18058","1746","6185","\N","\N","187-189","\N"
"18060","1746","6312","\N","\N","196-197","\N"
"18062","266","3951","\N","\N","297","\N"
"34494","4046","\N","\N","names","223","29930"
"18064","574","1446","\N","\N","Dingeringhausen, Landkreis Waldeck-Frankenberg","\N"
"18066","574","587","\N","\N","Berndorf, Landkreis Waldeck-Frankenberg","\N"
"18068","1746","6315","\N","\N","199","\N"
"18070","574","5334","\N","\N","Nieder-Ense, Landkreis Waldeck-Frankenberg","\N"
"18072","1746","8875","\N","\N","202-204","\N"
"18076","574","3317","\N","\N","Immighausen, Landkreis Waldeck-Frankenberg","\N"
"18078","574","4848","\N","\N","Meineringhausen, Landkreis Waldeck-Frankenberg","\N"
"18080","574","3206","\N","\N","Höringhausen, Landkreis Waldeck-Frankenberg","\N"
"18082","266","8583","\N","\N","469","\N"
"18084","574","2917","\N","\N","&#60;a href=&#34;https://www.lagis-hessen.de/de/subjects/gsrec/current/1/sn/ol?q=Heiligenrode&#34;&#62;Heiligenrode, Landkreis Kassel&#60;/a&#62; (Stand: 18.03.2021)","\N"
"18086","574","7087","\N","\N","Burg Sensenstein, Gemeinde Nieste","\N"
"18088","574","5413","\N","\N","Nieste, Landkreis Kassel","\N"
"18090","574","5377","\N","\N","Niederzwehren, Stadt Kassel","\N"
"18092","574","5464","\N","\N","Nordshausen, Stadt Kassel","\N"
"18094","574","1762","\N","\N","Elgershausen, Landkreis Kassel","\N"
"18096","574","3187","\N","\N","Hoof, Landkreis Kassel","\N"
"18098","574","964","\N","\N","Breitenbach, Landkreis Kassel","\N"
"18100","574","4793","\N","\N","Martinhagen, Landkreis Kassel","\N"
"18102","574","6388","\N","\N","Rhadern, Landkreis Waldeck-Frankenberg","\N"
"18104","266","6675","\N","\N","381","\N"
"18106","574","6974","\N","\N","Schreufa, Landkreis Waldeck-Frankenberg","\N"
"18108","574","1019","\N","\N","Bromskirchen, Landkreis Waldeck-Frankenberg","\N"
"18110","574","3328","\N","\N","Ippinghausen, Landkreis Kassel","\N"
"18112","266","5166","\N","\N","338","\N"
"18114","574","189","\N","\N","Altendorf, Landkreis Kassel","\N"
"18116","266","8849","\N","\N","476","\N"
"18118","266","2037","\N","\N","169","\N"
"18120","574","8328","\N","\N","Werkel, Schwalm-Eder-Kreis","\N"
"18122","266","2674","\N","\N","212","\N"
"18124","574","2674","\N","\N","Gudensberg, Schwalm-Eder-Kreis","\N"
"18126","1746","6859","\N","\N","211-213","\N"
"18128","1746","6872","\N","\N","217","\N"
"18130","574","608","\N","\N","Besse (Oberbesse), Schwalm-Eder-Kreis","\N"
"18132","1746","6887","\N","\N","221-223","\N"
"18134","574","2606","\N","\N","Großenritte, Landkreis Kassel","\N"
"18136","574","179","\N","\N","Altenbauna, Landkreis Kassel","\N"
"18138","1746","6889","\N","\N","225-226","\N"
"18140","1746","6915","\N","\N","331-332","\N"
"18142","1746","7413","\N","\N","250-260","\N"
"18144","920","7442","\N","\N","242-243","\N"
"35158","4041","\N","\N","names","312","30318"
"36045","4140","\N","\N","names","91","30509"
"18150","1746","7643","\N","\N","301-303","\N"
"18152","1746","7858","\N","\N","311","\N"
"18154","1746","8576","\N","\N","318-319","\N"
"18156","1746","8597","\N","\N","321-323","\N"
"18158","1746","8709","\N","\N","328","\N"
"36073","4140","\N","\N","names","101","30535"
"36255","4156","20213","\N","","96, 101","\N"
"36763","4009","\N","465","edge","63–65","\N"
"36806","3973","\N","444","edge","ID 4.1, Ku 3.5 and 3.2, Su 26.1","\N"
"36830","3964","\N","482","edge","88–89, 126","\N"
"36571","4209","18118","\N","tolls","37–48","\N"
"33608","3958","1557","\N","","40","\N"
"34491","4046","3010","\N","","97-99","\N"
"34588","4046","1087","\N","","27-29","\N"
"34828","4041","\N","\N","names","68","30114"
"35075","4041","\N","\N","names","146","8937"
"35159","4041","\N","\N","names","312","30319"
"36046","4140","\N","\N","names","91","30510"
"36074","4140","\N","\N","names","101","30536"
"36256","2513","\N","\N","names","285","30588"
"36572","4210","18118","\N","tolls","54–60","\N"
"36764","3321","\N","465","edge","158–160","\N"
"36807","3988","\N","476","edge"," 87–88, 154–158, 194","\N"
"36831","4008","\N","482","edge","44–45","\N"
"18304","266","247","\N","\N","50","\N"
"18306","266","366","\N","\N","55","\N"
"18308","266","482","\N","\N","59","\N"
"18310","266","647","\N","\N","65","\N"
"18312","266","1152","\N","\N","77","\N"
"18314","266","1165","\N","\N","79","\N"
"18316","266","1857","\N","\N","109","\N"
"18318","266","1985","\N","\N","119","\N"
"18320","266","1987","\N","\N","122","\N"
"18322","266","8881","\N","\N","155","\N"
"18324","266","3081","\N","\N","156","\N"
"18326","266","6467","\N","\N","161","\N"
"18328","266","2019","\N","\N","163","\N"
"18332","266","2048","\N","\N","174","\N"
"18334","266","2151","\N","\N","182","\N"
"18336","266","2194","\N","\N","191","\N"
"18338","266","2597","\N","\N","207","\N"
"18340","266","2648","\N","\N","209","\N"
"18342","266","2731","\N","\N","214","\N"
"33609","3958","\N","\N","names","167","23208"
"34492","4046","\N","\N","names","223","29928"
"34589","4046","\N","\N","names","299","29995"
"34829","4041","\N","\N","names","68","30115"
"35076","4041","\N","\N","names","146","30268"
"35160","4041","\N","\N","names","312","30320"
"36047","4140","\N","\N","names","91","30511"
"36075","4140","\N","\N","names","101","30537"
"36257","2513","\N","\N","names","285","30589"
"36573","4211","18118","\N","tolls","","\N"
"36765","3315","\N","465","edge","503","\N"
"36808","4008","\N","476","edge","78","\N"
"36832","4009","\N","482","edge","63–65","\N"
"33610","3935","\N","\N","names","Bd. I no. 27","23206"
"34493","4046","\N","\N","names","223","29929"
"34590","4046","\N","\N","names","299","22035"
"34830","4041","\N","\N","names","68","30116"
"35077","4041","\N","\N","names","146","30269"
"35161","4041","\N","\N","names","132","30321"
"36048","4140","\N","\N","names","91","30512"
"36076","4140","\N","\N","names","101","30538"
"36258","2513","\N","\N","names","285","30590"
"36574","3970","18118","\N","","42–57","\N"
"36766","3954","\N","465","edge","277–278","\N"
"36809","3964","\N","477","edge","88–89, 126","\N"
"36833","3321","\N","482","edge","158–160","\N"
"33611","3958","\N","\N","names","167","23210"
"34591","4046","\N","\N","names","299","29996"
"34831","4041","\N","\N","names","68","30117"
"35078","4041","\N","\N","names","146","30270"
"35162","4041","\N","\N","names","312","30322"
"36077","4140","\N","\N","names","101","30539"
"36259","2513","\N","\N","names","285","30591"
"36575","3871","18118","\N","","ID 853500004 (Vanha asemakaava-alue), 1000039354 (Tuomiokirkko), 1000019681 (Turun linna), 853010001 (Koroistennniemi)","\N"
"36767","4008","\N","466","edge","42–44","\N"
"36810","4008","\N","477","edge","44–45","\N"
"36834","3315","\N","482","edge","503, 506","\N"
"19020","266","2749","\N","\N","216","\N"
"19022","266","2791","\N","\N","218","\N"
"19024","266","2970","\N","\N","228","\N"
"19026","266","2996","\N","\N","233","\N"
"19028","266","4418","\N","\N","239","\N"
"19030","266","3078","\N","\N","242","\N"
"19112","266","3093","\N","\N","251","\N"
"19116","266","3179","\N","\N","254","\N"
"19124","266","3180","\N","\N","258","\N"
"19126","266","3267","\N","\N","262","\N"
"19128","266","3268","\N","\N","266","\N"
"19130","266","3676","\N","\N","290","\N"
"19132","266","3924","\N","\N","294","\N"
"19134","266","4453","\N","\N","314","\N"
"19136","266","4746","\N","\N","323","\N"
"19138","266","12236","\N","\N","329","\N"
"19140","266","5162","\N","\N","336","\N"
"19162","266","6547","\N","\N","370","\N"
"19172","266","6701","\N","\N","383","\N"
"19174","266","6891","\N","\N","386","\N"
"19176","266","6993","\N","\N","390","\N"
"19178","266","7071","\N","\N","396","\N"
"19184","266","7267","\N","\N","403","\N"
"19186","266","7286","\N","\N","407","\N"
"19188","266","7374","\N","\N","410","\N"
"19190","266","7396","\N","\N","412","\N"
"19218","266","7809","\N","\N","418","\N"
"19220","266","7938","\N","\N","421","\N"
"19222","266","8023","\N","\N","426","\N"
"19224","266","8144","\N","\N","431","\N"
"19226","266","8176","\N","\N","433","\N"
"19228","266","8374","\N","\N","438","\N"
"19230","266","8379","\N","\N","441","\N"
"19232","266","8428","\N","\N","448","\N"
"33612","3958","\N","\N","names","167","23215"
"19236","266","8783","\N","\N","472","\N"
"19238","574","85","\N","\N","&#60;a href=&#34;https://www.lagis-hessen.de/de/subjects/gsrec/current/1/sn/ol?q=Adelshausen&#34;&#62;Adelshausen, Schwalm-Eder-Kreis&#60;/a&#62;(Stand: 18.03.2021)","\N"
"19240","1650","85","\N","\N","2","\N"
"19242","1650","2917","\N","\N","217","\N"
"19244","1650","5372","\N","\N","481","\N"
"19246","1650","5558","\N","\N","480","\N"
"19248","1650","8267","\N","\N","501","\N"
"19250","1650","2056","\N","\N","155","\N"
"19252","1650","1698","\N","\N","104 u. 250","\N"
"19254","1650","4844","\N","\N","324","\N"
"19256","1650","3489","\N","\N","267","\N"
"19258","574","129","\N","\N","&#60;a href=&#34;https://www.lagis-hessen.de/de/subjects/gsrec/current/6/sn/ol?q=Allendorf+&#34;&#62;Allendorf, Lahn-Dill-Kreis&#60;/a&#62; (Stand: 18.03.2021)","\N"
"19260","574","177","\N","\N","&#60;a href=&#34;https://www.lagis-hessen.de/de/subjects/gsrec/current/2/sn/ol?q=Altefeld&#34;&#62;Altefeld, Werra-Meißner-Kreis&#60;/a&#62; (Stand: 18.03.2021)","\N"
"19262","1650","177","\N","\N","12","\N"
"19264","574","205","\N","\N","&#60;a href=&#34;https://www.lagis-hessen.de/de/subjects/gsrec/current/1/sn/ol?q=Altenvers&#34;&#62;Altenvers, Landkreis Marburg-Biedenkopf&#60;/a&#62; (Stand: 18.03.2021)","\N"
"19266","1650","205","\N","\N","310","\N"
"19268","574","223","\N","\N","&#60;a href=&#34;https://www.lagis-hessen.de/de/subjects/gsrec/current/1/sn/ol?q=Altmorschen&#34;&#62; Altmorschen, Schwalm-Eder-Kreis &#60;/a&#62; (Stand: 18.03.2021)","\N"
"19270","1650","223","\N","\N","336","\N"
"19272","574","256","\N","\N","&#60;a href=&#34;https://www.lagis-hessen.de/de/subjects/gsrec/current/1/sn/ol?q=ANgenrod&#34;&#62;Angenrod, Vogelsbergkreis &#60;/a&#62; (Stand: 18.03.2021)","\N"
"19274","574","270","\N","\N","&#60;a href=&#34;https://www.lagis-hessen.de/de/subjects/gsrec/current/1/sn/ol?q=Anzefahr&#34;&#62; Anzefahr, Landkreis Marburg-Biedenkopf &#60;/a&#62; (Stand: 18.03.2021)","\N"
"19276","1650","270","\N","\N","17","\N"
"34495","4046","6634","\N","","223-225","\N"
"34592","4046","\N","\N","names","299","22036"
"19282","1778","250","\N","\N","16-18, 31","\N"
"34832","4041","\N","\N","names","68","30118"
"35079","4041","\N","\N","names","146","8938"
"35163","4041","\N","\N","names","132","30323"
"36078","4140","1340","\N","","100-101","\N"
"36260","4156","20214","\N","","97, 101","\N"
"19294","574","291","\N","\N","&#60;a href=&#34;https://www.lagis-hessen.de/de/subjects/gsrec/current/1/sn/ol?q=Argenstein&#34;&#62;Argenstein, Landkreis Marburg-Biedenkopf &#60;/a&#62; (Stand: 18.03.2021)","\N"
"19296","574","297","\N","\N","&#60;a href=&#34;https://www.lagis-hessen.de/de/subjects/gsrec/current/1/sn/ol?q=Arnsbach&#34;&#62;Arnsbach, Schwalm-Eder-Kreis&#60;/a&#62; (Stand: 18.03.2021)","\N"
"36576","4205","18118","\N","","26, 167–198","\N"
"19300","574","63","\N","\N","&#60;a href=&#34;https://www.lagis-hessen.de/de/subjects/gsrec/current/1/sn/ol?q=Arnstein&#34;&#62;Burg Arnstein, Werra-Meißner-Kreis&#60;/a&#62; (Stand: 18.03.2021)","\N"
"19302","574","315","\N","\N","&#60;a href=&#34;https://www.lagis-hessen.de/de/subjects/gsrec/current/1/sn/ol?q=Asbach&#34;&#62;Asbach, Landkreis Hersfeld-Rotenburg&#60;/a&#62; (Stand: 18.03.2021)","\N"
"19304","574","467","\N","\N","&#60;a href=&#34;https://www.lagis-hessen.de/de/subjects/gsrec/current/1/sn/ol?q=Bauerbach&#34;&#62;Bauerbach, Landkreis Marburg-Biedenkopf&#60;/a&#62; (Stand: 18.03.2021)","\N"
"19306","574","522","\N","\N","&#60;a href=&#34;https://www.lagis-hessen.de/de/subjects/gsrec/current/3/sn/ol?q=Bellnhausen&#34;&#62;Bellnhausen (Lahn), Landkreis Marburg-Biedenkopf&#60;/a&#62; (Stand: 18.03.2021)","\N"
"19308","574","602","\N","\N","&#60;a href=&#34;https://www.lagis-hessen.de/de/subjects/gsrec/current/1/sn/ol?q=Berstadt&#34;&#62;Berstadt, Wetteraukreis&#60;/a&#62; (Stand: 18.03.2021)","\N"
"19310","574","621","\N","\N","&#60;a href=&#34;https://www.lagis-hessen.de/de/subjects/gsrec/current/1/sn/ol?q=Betziesdorf&#34;&#62;Betziesdorf, Landkreis Marburg-Biedenkopf&#60;/a&#62; (Stand: 18.03.2021)","\N"
"19312","574","642","\N","\N","&#60;a href=&#34;https://www.lagis-hessen.de/de/subjects/gsrec/current/1/sn/ol?q=Bicken&#34;&#62;Bicken, Lahn-Dill-Kreis&#60;/a&#62; (Stand: 18.03.2021)","\N"
"36768","3964","\N","466","edge","86","\N"
"36811","4009","\N","477","edge","63–65","\N"
"36835","4008","\N","483","edge","42–44","\N"
"19320","574","643","\N","\N","&#60;a href=&#34;https://www.lagis-hessen.de/de/subjects/gsrec/current/3/sn/ol?q=Bieber&#34;&#62;Bieber, Stadt Offenbach am Main&#60;/a&#62; (Stand: 18.03.2021)","\N"
"19322","574","687","\N","\N","&#60;a href=&#34;https://www.lagis-hessen.de/de/subjects/gsrec/current/1/sn/ol?q=Bischhausen+%28Wehre%29&#34;&#62;Bischhausen, Werra-Meißner-Kreis&#60;/a&#62; (Stand:18.03.2021)","\N"
"19324","1650","687","\N","\N","49","\N"
"19326","574","688","\N","\N","&#60;a href=&#34;https://www.lagis-hessen.de/de/subjects/gsrec/current/1/sn/ol?q=Bischoffen&#34;&#62;Bischoffen, Lahn-Dill-Kreis&#60;/a&#62; (Stand:18.03.2021)","\N"
"19344","574","689","\N","\N","&#60;a href=&#34;https://www.lagis-hessen.de/de/subjects/gsrec/current/1/sn/ol?q=Bischofferode&#34;&#60;Bischofferode, Schwalm-Eder-Kreis&#60;/a&#62; (Stand: 18.03.2021)","\N"
"19346","1650","689","\N","\N","50","\N"
"19348","574","709","\N","\N","&#60;a href=&#34;https://www.lagis-hessen.de/de/subjects/gsrec/current/1/sn/ol?q=Blankenbach&#34; &#62;Blankenbach, Werra-Meißner-Kreis &#60;/a&#62; (Stand: 18.03.2021)","\N"
"19350","1650","709","\N","\N","51","\N"
"33613","3958","\N","\N","names","167","29500"
"34496","4046","\N","\N","names","186","29931"
"34593","4046","\N","\N","names","299","22033"
"34833","4041","\N","\N","names","68","30119"
"35080","4041","\N","\N","names","146","30271"
"35164","4041","\N","\N","names","132","30324"
"36261","2513","\N","\N","names","285","30592"
"36577","4212","18118","\N","","","\N"
"36769","4009","\N","466","edge","91","\N"
"36812","3321","\N","477","edge","158–160","\N"
"36836","3964","\N","483","edge","86, 127","\N"
"19424","574","816","\N","\N","&#60;a href=&#34;https://www.lagis-hessen.de/de/subjects/gsrec/current/1/sn/ol?q=Bonames&#34;&#62;Bonames, Stadt Frankfurt am Main &#60;/a&#62;(Stand: 09.04.2021)","\N"
"19426","574","938","\N","\N","&#60;a href=&#34;https://www.lagis-hessen.de/de/subjects/gsrec/current/1/sn/ol?q=Brauerschwend&#34;&#62;Brauerschwend, Vogelsbergkreis &#60;/a&#62; (Stand: 09.04.2021)","\N"
"19428","574","962","\N","\N","&#60;a href=&#34;https://www.lagis-hessen.de/de/subjects/gsrec/current/1/sn/ol?q=Breitau&#34;&#60;Breitau, Werra-Meißner-Kreis &#60;/a&#62; (Stand: 09.04.2021)","\N"
"19432","574","963","\N","\N","&#60;a href=&#34;https://www.lagis-hessen.de/de/subjects/gsrec/current/2/sn/ol?q=Breitenbach+am+Herzberg&#34;&#62; Breitenbach am Herzberg, Landkreis Hersfeld-Rotenburg&#60;/a&#62; (Stand: 09.04.2021) ","\N"
"19434","574","1044","\N","\N","&#60;a href=&#34;https://www.lagis-hessen.de/de/subjects/gsrec/current/2/sn/ol?q=Brungershausen&#34;&#62;Brungershausen, Landkreis Marburg-Biedenkopf &#60;/a&#62; (Stand: 09.04.2021)","\N"
"19436","574","1070","\N","\N","&#60;a href=&#34;https://www.lagis-hessen.de/de/subjects/gsrec/current/2/sn/ol?q=Buchenau&#34;&#62;Buchenau, Landkreis Marburg-Biedenkopf&#60;/a&#62; (Stand: 09.04.2021)","\N"
"19440","574","8877","\N","\N","&#60;a href=&#34;https://www.lagis-hessen.de/de/subjects/gsrec/current/2/sn/ol?q=Burgholzhausen&#34;&#62;Burgholzhausen vor der Höhe, Hochtaunuskreis &#60;/a&#62; (Stand: 08.04.2021)","\N"
"19442","574","1420","\N","\N","&#60;a href=&#34;https://www.lagis-hessen.de/de/subjects/gsrec/current/1/sn/ol?q=Diedenshausen&#34;&#62;Diedenshausen, Landkreis Marburg-Biedenkopf &#60;/a&#62; (Stand: 09.04.2021)","\N"
"19444","574","1443","\N","\N","&#60;a href=&#34;https://www.lagis-hessen.de/de/subjects/gsrec/current/1/sn/ol?q=Dilschhausen&#34; &#62;Dilschhausen, Landkreis Marburg-Biedenkopf &#60;/a&#62; (Stand: 09.04.2021)","\N"
"19446","574","1439","\N","\N","&#60;a href=&#34;https://www.lagis-hessen.de/de/subjects/gsrec/current/1/sn/ol?q=Dietkirchen&#34; &#62;Dietkirchen, Landkreis Limburg-Weilburg &#60;/a&#62; (Stand: 09.04.2021)","\N"
"19448","1650","1531","\N","\N","94","\N"
"19450","574","1531","\N","\N","&#60;a href=&#34;https://www.lagis-hessen.de/de/subjects/gsrec/current/1/sn/ol?q=D%C3%B6rnhagen&#34; &#62;Dörnhagen, Landkreis Kassel &#60;/a&#62; (Stand: 09.04.2021)","\N"
"19452","1650","1533","\N","\N","95","\N"
"19454","574","1533","\N","\N","&#60;a href=&#34;https://www.lagis-hessen.de/de/subjects/gsrec/current/1/sn/ol?q=D%C3%B6rnigheim&#34;&#62;Dörnigheim,Main-Kinzig-Kreis &#60;/a&#62; (Stand: 09.04.2021)","\N"
"19456","1650","9466","\N","\N","97","\N"
"19460","574","1579","\N","\N","&#60;a href=&#34;https://www.lagis-hessen.de/de/subjects/gsrec/current/1/sn/ol?q=Driedorf&#34; &#62;Driedorf, Lahn-Dill-Kreis &#60;/a&#62; (Stand: 09.04.2021)","\N"
"19462","574","1673","\N","\N","&#60;a href=&#34;https://www.lagis-hessen.de/de/subjects/gsrec/current/1/sn/ol?q=Eckelshausen&#34;&#62;Eckelshausen, Landkreis Marburg-Biedenkopf &#60;/a&#62; (Stand: 09.04.2021)","\N"
"19464","574","1718","\N","\N","&#60;a href=&#34;https://www.lagis-hessen.de/de/subjects/gsrec/current/2/sn/ol?q=Eifa&#34;&#62;Eifa, Vogelsbergkreis &#60;/a&#62; (Stand: 09.04.2021)","\N"
"19466","1650","1759","\N","\N","112f.","\N"
"19468","574","1759","\N","\N","&#60;a href=&#34;https://www.lagis-hessen.de/de/subjects/gsrec/current/1/sn/ol?q=Elfershausen&#34;&#62;Elfershausen; Schwalm-Eder-Kreis &#60;/a&#62; (Stand: 09.04.2021)","\N"
"19470","574","1776","\N","\N","&#60;a href=&#34;https://www.lagis-hessen.de/de/subjects/gsrec/current/1/sn/ol?q=Elnhausen&#34;&#62;Elnhausen, Landkreis Marburg-Biedenkopf &#60;/a&#62; (Stand: 09.04.2021)","\N"
"19472","574","1829","\N","\N","&#60;a href=&#34;https://www.lagis-hessen.de/de/subjects/gsrec/current/1/sn/ol?q=Erksdorf&#34;&#62;Erksdorf, Landkreis Marburg-Biedenkopf &#60;/a&#62; (Stand: 09.04.2021)","\N"
"19474","574","1834","\N","\N","&#60;a href=&#34;https://www.lagis-hessen.de/de/subjects/gsrec/current/1/sn/ol?q=Ermenrod&#34;&#62;Ermenrod, Vogelsbergkreis &#60;/a&#62; (Stand: 09.04.2021)","\N"
"19476","574","1839","\N","\N","&#60;a href=&#34;https://www.lagis-hessen.de/de/subjects/gsrec/current/1/sn/ol?q=Ernsthausen&#34;&#62;Ernsthausen, Landkreis Waldeck-Frankenberg &#60;/a&#62; (Stand: 09.04.2021)","\N"
"19478","1650","1839","\N","\N","128","\N"
"19480","574","1849","\N","\N","&#60;a href=&#34;https://www.lagis-hessen.de/de/subjects/gsrec/current/1/sn/ol?q=Esch&#34;&#62;Esch, Rheingau-Taunus-Kreis &#60;/a&#62; (Stand: 09.04.2021)","\N"
"19482","1650","1855","\N","\N","130","\N"
"19484","574","1855","\N","\N","&#60;a href=&#34;https://www.lagis-hessen.de/de/subjects/gsrec/current/1/sn/ol?q=Eschenstruth&#34;&#62;Eschenstruth, Landkreis Kassel &#60;/a&#62; (Stand: 09.04.2021)","\N"
"19486","1650","1881","\N","\N","133","\N"
"19488","574","1881","\N","\N","&#60;a href=&#34;https://www.lagis-hessen.de/de/subjects/gsrec/current/1/sn/ol?q=Eubach&#34;&#62;Eubach, Schwalm-Eder-Kreis &#60;/a&#62; (Stand: 09.04.2021)","\N"
"19490","574","9268","\N","\N","&#60;a href=&#34;https://www.lagis-hessen.de/de/subjects/gsrec/current/1/sn/ol?q=Fahre&#34;&#62;Fahre, Schwalm-Eder-Kreis &#60;/a&#62; (Stand: 09.04.2021)","\N"
"19492","1650","2018","\N","\N","148 u. 543","\N"
"19494","574","2018","\N","\N","&#60;a href=&#34;https://www.lagis-hessen.de/de/subjects/gsrec/current/1/sn/ol?q=Frieda&#34;&#62;Frieda, Werra-Meißner-Kreis &#60;/a&#62; (Stand: 09.04.2021)","\N"
"33614","3958","\N","\N","names","167","23214"
"34497","4046","5276","\N","","186","\N"
"34594","4046","8660","\N","","299-301","\N"
"34834","4041","\N","\N","names","68","30120"
"35081","4041","2968","\N","","146-147","\N"
"35165","4041","1136","\N","","312-313","\N"
"36262","2513","\N","\N","names","285","30593"
"36770","4015","\N","466","edge","278","\N"
"36813","3315","\N","477","edge","503, 506","\N"
"36837","4010","\N","483","edge","70–72","\N"
"36578","3956","18118","\N","","3, nr. 80 (8.6.1569), 4, nr. 233 (10.7.1607), 5, nr. 44 (10.2.1614), nr. 55 (2.5.1614), nr. 89 and 94 (8.2.1616), nr. 128 (12.10.1617)","\N"
"19574","574","2021","\N","\N","&#60;ahref=&#34;https://www.lagis-hessen.de/de/subjects/gsrec/current/1/sn/ol?q=Friedensdorf&#34;&#62;Friedensdorf, Landkreis Marburg-Biedenkopf &#60;/a&#62; (Stand: 21.04.2021)","\N"
"19576","1650","2023","\N","\N","148","\N"
"19578","574","2023","\N","\N","&#60;ahref&#34;https://www.lagis-hessen.de/de/subjects/gsrec/current/2/sn/ol?q=Friedewald&#34;&#62;Friedewald, Landkreis Hersfeld-Rotenburg &#60;/a&#62; (Stand: 21.04.2021)","\N"
"19580","574","2041","\N","\N","&#60;ahref=&#34;https://www.lagis-hessen.de/de/subjects/gsrec/current/3/sn/ol?q=Fronhausen&#34; &#62;Fronhausen, Landkreis Marburg-Biedenkopf &#60;/a&#62; (Stand: 21.04.2021)","\N"
"19584","574","2207","\N","\N","&#60;ahref=&#34;https://www.lagis-hessen.de/de/subjects/gsrec/current/1/sn/ol?q=Gisselberg&#34; &#62;Gisselberg, Landkreis Marburg-Biedenkopf &#60;/a&#62; (Stand: 21.04.2021)","\N"
"19586","574","2340","\N","\N","&#60;ahref=&#34;https://www.lagis-hessen.de/de/subjects/gsrec/current/1/sn/ol?q=Go%C3%9Ffelden&#34; &#62;Goßfelden, Landkreis Marburg-Biedenkopf &#60;/a&#62; (Stand: 21.04.2021)","\N"
"19588","574","2349","\N","\N","&#60;ahref=&#34;https://www.lagis-hessen.de/de/subjects/gsrec/current/1/sn/ol?q=G%C3%B6ttingen+%28Hessen%29&#34; &#62;Göttingen, Landkreis Marburg-Biedenkopf &#60;/a&#62; (Stand: 21.04.2021)","\N"
"19590","574","2400","\N","\N","&#60;ahref=&#34;https://www.lagis-hessen.de/de/subjects/gsrec/current/2/sn/ol?q=Grebenau&#34; &#62;Grebenau, Vogelsbergkreis &#60;/a&#62; (Stand: 21.04.2021)","\N"
"19592","574","2408","\N","\N","&#60;ahref=&#34;https://www.lagis-hessen.de/de/subjects/gsrec/current/1/sn/ol?q=Greifenstein&#34; &#62;Greifenstein, Lahn-Dill-Kreis &#60;/a&#62; (Stand: 21.04.2021)","\N"
"19596","1650","2604","\N","\N","312","\N"
"19598","574","2604","\N","\N","&#60;ahref=&#34;https://www.lagis-hessen.de/de/subjects/gsrec/current/1/sn/ol?q=Gro%C3%9Fenl%C3%BCder&#34; &#62;Großenlüder, Landkreis Fulda &#60;/a&#62; (Stand: 21.04.2021)","\N"
"19600","1650","2609","\N","\N","465","\N"
"19602","574","2609","\N","\N","&#60;ahref=&#34;https://www.lagis-hessen.de/de/subjects/gsrec/current/1/sn/ol?q=Gro%C3%9Fentaft&#34; &#62;Großentaft, Landkreis Fulda &#60;/a&#62; (Stand: 21.04.2021)","\N"
"19604","574","2626","\N","\N","&#60;ahref=&#34;https://www.lagis-hessen.de/de/subjects/gsrec/current/1/sn/ol?q=Gro%C3%9Frechtenbach&#34; &#62;Großrechtenbach, Lahn-Dill-Kreis &#60;/a&#62; (Stand: 21.04.2021)","\N"
"19606","574","2726","\N","\N","&#60;ahref=&#34;https://www.lagis-hessen.de/de/subjects/gsrec/current/1/sn/ol?q=Hachborn&#34; &#62;Hachborn, Landkreis Marburg-Biedenkopf &#60;/a&#62; (Stand: 21.04.2021)","\N"
"19608","1650","2819","\N","\N","203","\N"
"19610","574","2819","\N","\N","&#60;ahref=&#34;https://www.lagis-hessen.de/de/subjects/gsrec/current/1/sn/ol?q=Harmuthsachsen&#34; &#62;Harmuthsachsen, Werra-Meißner-Kreis &#60;/a&#62; (Stand: 21.04.2021)","\N"
"19612","1650","2851","\N","\N","206","\N"
"19614","574","2851","\N","\N","&#60;ahref=&#34;https://www.lagis-hessen.de/de/subjects/gsrec/current/1/sn/ol?q=Hasselbach&#34; &#62;Hasselbach, Werra-Meißner-Kreis &#60;/a&#62; (Stand: 21.04.2021)","\N"
"19616","574","2863","\N","\N","&#60;ahref=&#34;https://www.lagis-hessen.de/de/subjects/gsrec/current/1/sn/ol?q=Hattersheim&#34; &#62;Hattersheim, Main-Taunus-Kreis &#60;/a&#62; (Stand: 21.04.2021)","\N"
"19618","1650","2922","\N","\N","218","\N"
"19620","574","2922","\N","\N","&#60;ahref=&#34;https://www.lagis-hessen.de/de/subjects/gsrec/current/1/sn/ol?q=Heimboldshausen&#34; &#62;Heimboldshausen, Landkreis Hersfeld-Rotenburg &#60;/a&#62; (Stand: 21.04.2021)","\N"
"19622","1650","2948","\N","\N","223","\N"
"19624","574","2948","\N","\N","&#60;ahref=&#34;https://www.lagis-hessen.de/de/subjects/gsrec/current/1/sn/ol?q=Helsa&#34; &#62;Helsa, Landkreis Kassel &#60;/a&#62; (Stand: 21.04.2021)","\N"
"19626","574","2971","\N","\N","&#60;a href=&#34;https://www.lagis-hessen.de/de/subjects/gsrec/current/3/sn/ol?q=Herbornseelbach&#34;&#62;Seelbach, Lahn-Dill-Kreis &#60;/a&#62; (Stand: 21.04.2021)","\N"
"19628","574","3016","\N","\N","&#60;a href=&#34;https://www.lagis-hessen.de/de/subjects/gsrec/current/6/sn/ol?q=Herzhausen&#34; &#62;Herzhausen, Landkreis Marburg-Biedenkopf &#60;/a&#62; (Stand: 21.04.2021)","\N"
"19630","1650","3030","\N","\N","234","\N"
"19632","574","3030","\N","\N","&#60;a href=&#34;https://www.lagis-hessen.de/de/subjects/gsrec/current/1/sn/ol?q=Hetzerode&#34; &#62;Hetzerode, Werra-Meißner-Kreis &#60;/a&#62; (Stand: 21.04.2021)","\N"
"19634","1650","3105","\N","\N","241","\N"
"19636","574","3105","\N","\N","&#60;a href=&#34;https://www.lagis-hessen.de/de/subjects/gsrec/current/1/sn/ol?q=Hoheneiche&#34; &#62;Hoheneiche, Werra-Meißner-Kreis &#60;/a&#62; (Stand: 21.04.2021)","\N"
"19638","1650","3181","\N","\N","240","\N"
"33615","3958","\N","\N","names","167","23207"
"19642","574","3200","\N","\N","&#60;a href=&#34;https://www.lagis-hessen.de/de/subjects/gsrec/current/1/sn/ol?q=H%C3%B6rbach&#34; &#62;Hörbach, Lahn-Dill-Kreis &#60;/a&#62; (Stand: 21.04.2021)","\N"
"19644","574","3321","\N","\N","&#60;a href=&#34;https://www.lagis-hessen.de/de/subjects/gsrec/current/1/sn/ol?q=Inheiden&#34; &#62;Inheiden, Landkreis Gießen &#60;/a&#62; (Stand: 21.04.2021)","\N"
"19646","574","3582","\N","\N","&#60;a href=&#34;https://www.lagis-hessen.de/de/subjects/gsrec/current/1/sn/ol?q=Kastel&#34; &#62;Kastel, Stadt Wiesbaden &#60;/a&#62; (Stand: 21.04.2021)","\N"
"19648","574","3666","\N","\N","&#60;a href=&#34;https://www.lagis-hessen.de/de/subjects/gsrec/current/1/sn/ol?q=Kirch-G%C3%B6ns&#34; &#62;Kirch-Göns, Wetteraukreis &#60;/a&#62; (Stand: 21.04.2021)","\N"
"19652","574","3670","\N","\N","&#60;a href=&#34;https://www.lagis-hessen.de/de/subjects/gsrec/current/4/sn/ol?q=Kirchberg&#34; &#62;Kirchberg, Landkreis Gießen &#60;/a&#62; (Stand: 21.04.2021)","\N"
"19654","1650","3678","\N","\N","205","\N"
"19656","574","3678","\N","\N","&#60;a href=&#34;https://www.lagis-hessen.de/de/subjects/gsrec/current/1/sn/ol?q=Kirchhasel&#34; &#62;Kirchhasel, Landkreis Fulda &#60;/a&#62; (Stand: 21.04.2021)","\N"
"21837","1856","14475","\N","\N","369","\N"
"19658","574","3693","\N","\N","&#60;a href=&#34;https://www.lagis-hessen.de/de/subjects/gsrec/current/1/sn/ol?q=Kirtorf&#34; &#62;Kirtorf, Vogelsbergkreis &#60;/a&#62; (Stand: 21.04.2021)","\N"
"19660","574","3734","\N","\N","&#60;a href=&#34;https://www.lagis-hessen.de/de/subjects/idrec/sn/ol/id/531005090&#34; &#62;Kleinlinden, Landkreis Gießen &#60;/a&#62; (Stand: 21.04.2021)","\N"
"19662","574","3767","\N","\N","&#60;a href=&#34;https://www.lagis-hessen.de/de/subjects/gsrec/current/1/sn/ol?q=Kleinalmerode&#34; &#62;Kleinalmerode, Werra-Meißner-Kreis &#60;/a&#62; (Stand: 21.04.2021)","\N"
"19664","574","3775","\N","\N","&#60;a href=&#34;https://www.lagis-hessen.de/de/subjects/gsrec/current/1/sn/ol?q=Kleinenglis&#34; &#62;Kleinenglis, Schwalm-Eder-Kreis &#60;/a&#62; (Stand: 21.04.2021)","\N"
"34498","4046","\N","\N","names","185","29932"
"19668","574","3776","\N","\N","&#60;a href=&#34;https://www.lagis-hessen.de/de/subjects/gsrec/current/1/sn/ol?q=Kleinensee&#34; &#62;Kleinensee, Landkreis Hersfeld-Rotenburg &#60;/a&#62; (Stand: 21.04.2021)","\N"
"19670","574","3785","\N","\N","&#60;a href=&#34;https://www.lagis-hessen.de/de/subjects/gsrec/current/1/sn/ol?q=Kleinseelheim&#34; &#62;Kleinseelheim, Landkreis Marburg-Biedenkopf &#60;/a&#62; (Stand: 21.04.2021)","\N"
"19672","574","3822","\N","\N","&#60;a href=&#34;https://www.lagis-hessen.de/de/subjects/gsrec/current/2/sn/ol?q=Kloppenheim&#34; &#62;Kloppenheim, Wetteraukreis &#60;/a&#62; (Stand: 21.04.2021)","\N"
"19674","1650","4034","\N","\N","287f.","\N"
"19676","574","4034","\N","\N","&#60;a href=&#34;https://www.lagis-hessen.de/de/subjects/gsrec/current/1/sn/ol?q=Krauthausen&#34; &#62;Krauthausen, Werra-Meißner-Kreis &#60;/a&#62; (Stand: 21.04.2021)","\N"
"19678","574","4117","\N","\N","&#60;a href=&#34;https://www.lagis-hessen.de/de/subjects/gsrec/current/1/sn/ol?q=K%C3%BCchen&#34; &#62;Küchen, Werra-Meißner-Kreis &#60;/a&#62; (Stand: 21.04.2021)","\N"
"19680","574","4226","\N","\N","&#60;a href=&#34;https://www.lagis-hessen.de/de/subjects/gsrec/current/1/sn/ol?q=Lang-G%C3%B6ns&#34; &#62;Lang-Göns, Landkreis Gießen &#60;/a&#62; (Stand: 21.04.2021)","\N"
"19682","1650","4250","\N","\N","440","\N"
"19684","574","4250","\N","\N","&#60;a href=&#34;https://www.lagis-hessen.de/de/subjects/gsrec/current/1/sn/ol?q=Langenselbold&#34; &#62;Langenselbold, Main-Kinzig_Kreis &#60;/a&#62; (Stand: 21.04.2021)","\N"
"19686","574","4251","\N","\N","&#60;a href=&#34;https://www.lagis-hessen.de/de/subjects/gsrec/current/1/sn/ol?q=Langenstein&#34; &#62;Langenstein, Landkreis Marburg-Biedenkopf &#60;/a&#62; (Stand: 21.04.2021)","\N"
"19688","574","4322","\N","\N","&#60;a href=&#34;https://www.lagis-hessen.de/de/subjects/gsrec/current/1/sn/ol?q=Lehrbach&#34; &#62;Lehrbach, Vogelsbergkreis &#60;/a&#62; (Stand: 21.04.2021)","\N"
"19690","1650","4334","\N","\N","298","\N"
"19692","574","4334","\N","\N","&#60;a href=&#34;https://www.lagis-hessen.de/de/subjects/gsrec/current/1/sn/ol?q=Leimsfeld&#34; &#62;Leimsfeld, Schwalm-Eder-Kreis &#60;/a&#62; (Stand: 21.04.2021)","\N"
"19694","574","4398","\N","\N","&#60;a href=&#34;https://www.lagis-hessen.de/de/subjects/gsrec/current/1/sn/ol?q=Leusel&#34; &#62;Leusel, Vogelsbergkreis &#60;/a&#62; (Stand: 21.04.2021)","\N"
"19696","574","4474","\N","\N","&#60;a href=&#34;https://www.lagis-hessen.de/de/subjects/gsrec/current/2/sn/ol?q=Lingelbach&#34; &#62;Lingelbach, Vogelsbergkreis &#60;/a&#62; (Stand: 21.04.2021)","\N"
"19698","574","4559","\N","\N","&#60;a href=&#34;https://www.lagis-hessen.de/de/subjects/gsrec/current/2/sn/ol?q=Lollar&#34; &#62;Lollar, Landkreis Gießen &#60;/a&#62; (Stand: 21.04.2021)","\N"
"19700","1650","4741","\N","\N","109 u. 318","\N"
"19702","574","4741","\N","\N","&#60;a href=&#34;https://www.lagis-hessen.de/de/subjects/gsrec/current/1/sn/ol?q=Mansbach&#34; &#62;Mansbach, Landkreis Hersfeld-Rotenburg &#60;/a&#62; (Stand: 21.04.2021)","\N"
"19704","574","4856","\N","\N","&#60;a href=&#34;https://www.lagis-hessen.de/de/subjects/gsrec/current/1/sn/ol?q=Melbach&#34; &#62;Melbach, Wetteraukreis &#60;/a&#62; (Stand: 21.04.2021)","\N"
"19706","574","5031","\N","\N","&#60;a href=&#34;https://www.lagis-hessen.de/de/subjects/gsrec/current/1/sn/ol?q=Momberg&#34; &#62;Momberg, Landkreis Marburg-Biedenkopf &#60;/a&#62; (Stand: 21.04.2021)","\N"
"19708","1650","5054","\N","\N","333","\N"
"19710","574","5054","\N","\N","&#60;a href=&#34;https://www.lagis-hessen.de/de/subjects/gsrec/current/2/sn/ol?q=M%C3%B6rshausen&#34; &#62;Mörshausen (Spangenberg), Schwalm-Eder-Kreis &#60;/a&#62; (Stand: 21.04.2021)","\N"
"34595","4046","\N","\N","names","188","29997"
"19714","574","5114","\N","\N","&#60;a href=&#34;https://www.lagis-hessen.de/de/subjects/gsrec/current/5/sn/ol?q=M%C3%BCnster&#34; &#62;Münster, Landkreis Gießen &#60;/a&#62; (Stand: 21.04.2021)","\N"
"19716","1650","5206","\N","\N","346","\N"
"19718","574","5206","\N","\N","&#60;a href=&#34;https://www.lagis-hessen.de/de/subjects/gsrec/current/1/sn/ol?q=Netra&#34; &#62;Netra, Werra-Meißner-Kreis &#60;/a&#62; (Stand: 22.04.2021)","\N"
"19720","574","5273","\N","\N","&#60;a href=&#34;https://www.lagis-hessen.de/de/subjects/gsrec/current/3/sn/ol?q=Neuhof&#34; &#62;Neuhof, Rheingau-Taunus-Kreis &#60;/a&#62; (Stand:22.04.2021)","\N"
"19722","1650","5278","\N","\N","348f.","\N"
"34835","4041","\N","\N","names","68","30121"
"36263","2513","\N","\N","names","286","30594"
"35166","4041","\N","\N","names","168","6281"
"36814","3964","\N","478","edge","88–89, 126","\N"
"36838","4009","\N","483","edge","59–61","\N"
"19724","574","5278","\N","\N","&#60;a href=&#34;https://www.lagis-hessen.de/de/subjects/gsrec/current/1/sn/ol?q=Neuhof&#34; &#62;Neuhof, Landkreis Fulda &#60;/a&#62; (Stand: 22.04.2021)","\N"
"19726","574","5329","\N","\N","&#60;a href=&#34;https://www.lagis-hessen.de/de/subjects/gsrec/current/1/sn/ol?q=Nied&#34; &#62;Nied, Stadt Frankfurt am Main &#60;/a&#62; (Stand: 22.04.2021)","\N"
"19728","574","5335","\N","\N","&#60;a href=&#34;https://www.lagis-hessen.de/de/subjects/gsrec/current/1/sn/ol?q=Nieder+Erlenbach&#34; &#62;Nieder-Erlenbach, Stadt Frankfurt am Main &#60;/a&#62; (Stand: 22.04.2021)","\N"
"19730","574","5344","\N","\N","&#60;a href=&#34;https://www.lagis-hessen.de/de/subjects/gsrec/current/1/sn/ol?q=Nieder+Roden&#34; &#62;Nieder-Roden, Landkreis Offenbach &#60;/a&#62; (Stand: 22.04.2021)","\N"
"19732","574","5345","\N","\N","&#60;a href=&#34;https://www.lagis-hessen.de/de/subjects/gsrec/current/1/sn/ol?q=Nieder+Weisel&#34; &#62;Nieder-Weisel, Wetteraukreis &#60;/a&#62; (Stand: 22.04.2021)","\N"
"19734","574","5346","\N","\N","&#60;a href=&#34;https://www.lagis-hessen.de/de/subjects/gsrec/current/1/sn/ol?q=Nieder+W%C3%B6llstadt&#34; &#62;Nieder-Wöllstadt, Wetteraukreis &#60;/a&#62; (Stand: 22.04.2021)","\N"
"19736","574","5330","\N","\N","&#60;a href=&#34;https://www.lagis-hessen.de/de/subjects/gsrec/current/1/sn/ol?q=Nieder+Breidenbach&#34; &#62;Nieder-Breidenbach, Vogelsbergkreis &#60;/a&#62; (Stand: 22.04.2021)","\N"
"19738","1650","5348","\N","\N","23","\N"
"19740","574","5348","\N","\N","&#60;a href=&#34;https://www.lagis-hessen.de/de/subjects/gsrec/current/2/sn/ol?q=Niederaula&#34; &#62;Niederaula, Landkreis Hersfeld-Rotenburg &#60;/a&#62; (Stand: 22.04.2021)","\N"
"19742","574","5350","\N","\N","&#60;a href=&#34;https://www.lagis-hessen.de/de/subjects/gsrec/current/1/sn/ol?q=Niederbeisheim&#34; &#62;Niederbeisheim, Schwalm-Eder-Kreis &#60;/a&#62; (Stand: 22.04.2021)","\N"
"19744","574","5352","\N","\N","&#60;a href=&#34;https://www.lagis-hessen.de/de/subjects/gsrec/current/1/sn/ol?q=Niederbrechen&#34; &#62;Niederbrechen, Landkreis Limburg-Weilburg &#60;/a&#62; (Stand: 22.04.2021)","\N"
"19746","574","5355","\N","\N","&#60;a href=&#34;https://www.lagis-hessen.de/de/subjects/gsrec/current/1/sn/ol?q=Niedereisenhausen&#34; &#62;Niedereisenhausen, Landkreis Marburg-Biedenkopf &#60;/a&#62; (Stand: 22.04.2021)","\N"
"19748","574","5359","\N","\N","&#60;a href=&#34;https://www.lagis-hessen.de/de/subjects/gsrec/current/1/sn/ol?q=Niederh%C3%B6rlen&#34; &#62;Niederhörlen, Landkreis Marburg-Biedenkopf &#60;/a&#62; (Stand: 22.04.2021)","\N"
"19750","1650","5360","\N","\N","263","\N"
"19752","574","5360","\N","\N","&#60;a href=&#34;https://www.lagis-hessen.de/de/subjects/gsrec/current/1/sn/ol?q=Niederjossa&#34; &#62;Niederjossa, Landkreis Hersfeld-Rotenburg &#60;/a&#62; (Stand: 22.04.2021)","\N"
"19754","1650","5361","\N","\N","274","\N"
"19756","574","5361","\N","\N","&#60;a href=&#34;https://www.lagis-hessen.de/de/subjects/gsrec/current/1/sn/ol?q=Niederkaufungen&#34; &#62;Niederkaufungen, Landkreis Kassel &#60;/a&#62; (Stand: 22.04.2021)","\N"
"19758","574","5362","\N","\N","&#60;a href=&#34;https://www.lagis-hessen.de/de/subjects/gsrec/current/1/sn/ol?q=Niederkleen&#34; &#62;Niederkleen, Landkreis Gießen &#60;/a&#62; (Stand: 22.04.2021)","\N"
"33616","3958","\N","\N","names","167","29501"
"34499","4046","\N","\N","names","185","29933"
"19764","574","5363","\N","\N","&#60;a href=&#34;https://www.lagis-hessen.de/de/subjects/gsrec/current/1/sn/ol?q=Niederklein&#34; &#62;Niederklein, Landkreis Marburg-Biedenkopf &#60;/a&#62; (Stand: 22.04.2021)","\N"
"34596","4046","\N","\N","names","188","29998"
"34836","4041","\N","\N","names","68","30122"
"19770","574","5370","\N","\N","&#60;a href=&#34;https://www.lagis-hessen.de/de/subjects/gsrec/current/1/sn/ol?q=Niederselters&#34; &#62;Niederselters, Landkreis Limburg-Weilburg &#60;/a&#62; (Stand: 22.04.2021)","\N"
"19772","574","5373","\N","\N","&#60;a href=&#34;https://www.lagis-hessen.de/de/subjects/gsrec/current/1/sn/ol?q=Niederwalgern&#34; &#62;Niederwalgern, Landkreis Marburg-Biedenkopf &#60;/a&#62; (Stand: 22.04.2021)","\N"
"19774","574","5374","\N","\N","&#60;a href=&#34;https://www.lagis-hessen.de/de/subjects/gsrec/current/1/sn/ol?q=Niederweidbach&#34; &#62;Niederweidbach, Lahn-Dill-Kreis &#60;/a&#62; (Stand: 22.04.2021)","\N"
"19776","574","5375","\N","\N","&#60;a href=&#34;https://www.lagis-hessen.de/de/subjects/gsrec/current/1/sn/ol?q=Niederweimar&#34; &#62;Niederweimar, Landkreis Marburg-Biedenkopf &#60;/a&#62; (Stand: 22.04.2021)","\N"
"19778","574","5499","\N","\N","&#60;a href=&#34;https://www.lagis-hessen.de/de/subjects/gsrec/current/1/sn/ol?q=Ober+Erlenbach&#34; &#62;Ober-Erlenbach, Hochtaunuskreis &#60;/a&#62; (Stand: 22.04.2021)","\N"
"19780","574","5505","\N","\N","&#60;a href=&#34;https://www.lagis-hessen.de/de/subjects/gsrec/current/1/sn/ol?q=Ober+Rosbach&#34; &#62;Ober-Rosbach, Wetteraukreis &#60;/a&#62; (Stand: 22.04.2021)","\N"
"19782","574","5510","\N","\N","&#60;a href=&#34;https://www.lagis-hessen.de/de/subjects/gsrec/current/1/sn/ol?q=Ober+W%C3%B6llstadt&#34; &#62;Ober-Wöllstadt, Wetteraukreis &#60;/a&#62; (Stand: 22.04.2021)","\N"
"19784","574","5501","\N","\N","&#60;a href=&#34;https://www.lagis-hessen.de/de/subjects/gsrec/current/1/sn/ol?q=Ober+Gleen&#34; &#62;Ober-Gleen, Vogelsbergkreis &#60;/a&#62; (Stand: 22.04.2021)","\N"
"19786","574","5515","\N","\N","&#60;a href=&#34;https://www.lagis-hessen.de/de/subjects/gsrec/current/1/sn/ol?q=Oberbeisheim&#34; &#62;Oberbeisheim, Schwalm-Eder-Kreis &#60;/a&#62; (Stand: 22.04.2021)","\N"
"19788","574","5524","\N","\N","&#60;a href=&#34;https://www.lagis-hessen.de/de/subjects/gsrec/current/1/sn/ol?q=Oberh%C3%B6rlen&#34; &#62;Oberhörlen, Landkreis Marburg-Biedenkopf &#60;/a&#62; (Stand: 22.04.2021)","\N"
"19790","1650","5525","\N","\N","263","\N"
"19792","574","5525","\N","\N","&#60;a href=&#34;https://www.lagis-hessen.de/de/subjects/gsrec/current/1/sn/ol?q=Oberjossa&#34; &#62;Oberjossa, Landkreis Hersfeld-Rotenburg &#60;/a&#62; (Stand: 22.04.2021)","\N"
"19794","1650","5526","\N","\N","274","\N"
"19796","574","5526","\N","\N","&#60;a href=&#34;https://www.lagis-hessen.de/de/subjects/gsrec/current/1/sn/ol?q=Oberkaufungen&#34; &#62;Oberkaufungen, Landkreis Kassel &#60;/a&#62; (Stand: 22.04.2021)","\N"
"19798","574","5545","\N","\N","&#60;a href=&#34;https://www.lagis-hessen.de/de/subjects/gsrec/current/1/sn/ol?q=Oberrad&#34; &#62;Oberrad, Stadt Frankfurt am Main &#60;/a&#62; (Stand: 22.04.2021)","\N"
"19800","574","5570","\N","\N","&#60;a href=&#34;https://www.lagis-hessen.de/de/subjects/gsrec/current/4/sn/ol?q=Odenhausen&#34; &#62;Odenhausen, Landkreis Gießen &#60;/a&#62; (Stand: 22.04.2021)","\N"
"19802","1650","5737","\N","\N","363","\N"
"19804","574","5737","\N","\N","&#60;a href=&#34;https://www.lagis-hessen.de/de/subjects/gsrec/current/3/sn/ol?q=Ostheim&#34; &#62;Ostheim, Schwalm-Eder-Kreis &#60;/a&#62; (Stand: 22.04.2021)","\N"
"19806","574","5738","\N","\N","&#60;a href=&#34;https://www.lagis-hessen.de/de/subjects/gsrec/current/4/sn/ol?q=Ostheim&#34; &#62;Ostheim, Wetteraukreis &#60;/a&#62; (Stand: 22.04.2021)","\N"
"35083","4041","\N","\N","names","25","960"
"35167","4041","\N","\N","names","168","6282"
"36264","2513","\N","\N","names","286","30595"
"19808","574","5909","\N","\N","&#60;a href=&#34;https://www.lagis-hessen.de/de/subjects/gsrec/current/1/sn/ol?q=Petterweil&#34; &#62;Petterweil, Wetteraukreis &#60;/a&#62; (Stand: 22.04.2021)","\N"
"19810","574","6017","\N","\N","&#60;a href=&#34;https://www.lagis-hessen.de/de/subjects/gsrec/current/1/sn/ol?q=Pohl+G%C3%B6ns&#34; &#62;Pohl-Göns, Wetteraukreis &#60;/a&#62; (Stand: 22.04.2021)","\N"
"33617","3958","\N","\N","names","167","23213"
"34500","4046","5244","\N","","185","\N"
"34597","4046","\N","\N","names","188","29999"
"19820","1650","6264","\N","\N","374","\N"
"19822","574","6264","\N","\N","&#60;a href=&#34;https://www.lagis-hessen.de/de/subjects/gsrec/current/1/sn/ol?q=Rasdorf&#34; &#62;Rasdorf, Landkreis Fulda &#60;/a&#62; (Stand: 22.04.2021)","\N"
"19824","1650","6337","\N","\N","416","\N"
"19826","574","6337","\N","\N","&#60;a href=&#34;https://www.lagis-hessen.de/de/subjects/gsrec/current/1/sn/ol?q=Reichensachsen&#34; &#62;Reichensachsen, Werra-Meißner-Kreis &#60;/a&#62; (Stand: 22.04.2021)","\N"
"19828","1650","6369","\N","\N","384","\N"
"19830","574","6369","\N","\N","&#60;a href=&#34;https://www.lagis-hessen.de/de/subjects/gsrec/current/1/sn/ol?q=Rennertehausen&#34; &#62;Rennertehausen, Landkreis Waldeck-Frankenberg &#60;/a&#62; (Stand: 22.04.2021)","\N"
"19832","1650","6405","\N","\N","386","\N"
"19834","574","6405","\N","\N","&#60;a href=&#34;https://www.lagis-hessen.de/de/subjects/gsrec/current/1/sn/ol?q=Richelsdorf&#34; &#62;Richelsdorf, Landkreis Hersfeld-Rotenburg &#60;/a&#62; (Stand: 22.04.2021)","\N"
"21839","2105","14475","\N","\N","76","\N"
"21841","2105","13975","\N","\N","76","\N"
"19836","574","6410","\N","\N","&#60;a href=&#34;https://www.lagis-hessen.de/de/subjects/gsrec/current/1/sn/ol?q=Riederh%C3%B6fe&#34; &#62;Riederhof, Stadt Frankfurt am Main &#60;/a&#62; (Stand: 22.04.2021)","\N"
"19838","1650","6452","\N","\N","391","\N"
"19840","574","6452","\N","\N","&#60;a href=&#34;https://www.lagis-hessen.de/de/subjects/gsrec/current/1/sn/ol?q=Rittmannshausen&#34; &#62;Rittmannshausen, Werra-Meißner-Kreis &#60;/a&#62; (Stand: 22.04.2021)","\N"
"19842","574","6501","\N","\N","&#60;a href=&#34;https://www.lagis-hessen.de/de/subjects/gsrec/current/1/sn/ol?q=Rollshausen&#34; &#62;Rollshausen, Landkreis Marburg-Biedenkopf &#60;/a&#62; (Stand: 22.04.2021)","\N"
"19844","574","6508","\N","\N","&#60;a href=&#34;https://www.lagis-hessen.de/de/subjects/gsrec/current/1/sn/ol?q=Romrod&#34; &#62;Romrod, Vogelsbergkreis &#60;/a&#62; (Stand: 22.04.2021)","\N"
"19846","574","6537","\N","\N","&#60;a href=&#34;https://www.lagis-hessen.de/de/subjects/gsrec/current/8/sn/ol?q=Ro%C3%9Fbach&#34; &#62;Roßbach, Lahn-Dill-Kreis &#60;/a&#62; (Stand: 22.04.2021)","\N"
"19848","574","6550","\N","\N","&#60;a href=&#34;https://www.lagis-hessen.de/de/subjects/idrec/sn/ol/id/532007070&#34; &#62;Roth, Lahn-Dill-Kreis &#60;/a&#62; (Stand: 22.04.2021)","\N"
"19850","574","6620","\N","\N","&#60;a href=&#34;https://www.lagis-hessen.de/de/subjects/gsrec/current/1/sn/ol?q=Ruppertenrod&#34; &#62;Ruppertenrod, Vogelsbergkreis &#60;/a&#62; (Stand: 22.04.2021)","\N"
"34837","4041","10573","\N","","68-69","\N"
"19854","1650","10080","\N","\N","435f.","\N"
"19856","574","10080","\N","\N","&#60;a href=&#34;https://www.lagis-hessen.de/de/subjects/gsrec/current/1/sn/ol?q=Schwebda&#34; &#62;Schwebda, Werra-Meißner-Kreis &#60;/a&#62; (Stand: 22.04.2021)","\N"
"19858","1650","8796","\N","\N","537","\N"
"19860","574","8796","\N","\N","&#60;a href=&#34;https://www.lagis-hessen.de/de/subjects/gsrec/current/1/sn/ol?q=Zimmersrode&#34; &#62;Zimmersrode, Schwalm-Eder-Kreis &#60;/a&#62; (Stand: 22.04.2021)","\N"
"19862","574","7142","\N","\N","&#60;a href=&#34;https://www.lagis-hessen.de/de/subjects/gsrec/current/1/sn/ol?q=Simmersbach&#34; &#62;Simmersbach, Lahn-Dill-Kreis &#60;/a&#62; (Stand: 22.04.2021)","\N"
"35084","4041","\N","\N","names","25","30273"
"19866","574","7147","\N","\N","&#60;a href=&#34;https://www.lagis-hessen.de/de/subjects/idrec/sn/ol/id/53401501007&#34; &#62;Ober-Simtshausen, Landkreis Marburg-Biedenkopf &#60;/a&#62; (Stand: 22.04.2021)","\N"
"19868","574","7148","\N","\N","&#60;a href=&#34;https://www.lagis-hessen.de/de/subjects/gsrec/current/1/sn/ol?q=Sinn&#34; &#62;Sinn, Lahn-Dill-Kreis &#60;/a&#62; (Stand: 22.04.2021)","\N"
"19870","574","7296","\N","\N","&#60;a href=&#34;https://www.lagis-hessen.de/de/subjects/gsrec/current/1/sn/ol?q=Speckswinkel&#34; &#62;Speckswinkel, Landkreis Marburg-Biedenkopf &#60;/a&#62; (Stand: 22.04.2021)","\N"
"19872","574","7353","\N","\N","&#60;a href=&#34;https://www.lagis-hessen.de/de/subjects/gsrec/current/2/sn/ol?q=Staufenberg&#34; &#62;Staufenberg, Landkreis Gießen &#60;/a&#62; (Stand: 22.04.2021)","\N"
"19874","574","7377","\N","\N","&#60;a href=&#34;https://www.lagis-hessen.de/de/subjects/gsrec/current/1/sn/ol?q=Steinbach+am+Taunus&#34; &#62;Steinbach (Taunus), Hochtaunuskreis &#60;/a&#62; (Stand: 22.04.2021)","\N"
"19876","574","7412","\N","\N","&#60;a href=&#34;https://www.lagis-hessen.de/de/subjects/gsrec/current/1/sn/ol?q=Sterzhausen&#34; &#62;Sterzhausen, Landkreis Marburg-Biedenkopf &#60;/a&#62; (Stand: 22.04.2021)","\N"
"19878","574","7887","\N","\N","&#60;a href=&#34;https://www.lagis-hessen.de/de/subjects/gsrec/current/3/sn/ol?q=Udenhausen&#34; &#62;Udenhausen, Vogelsbergkreis &#60;/a&#62; (Stand: 22.04.2021)","\N"
"19880","1650","7909","\N","\N","476","\N"
"19882","574","7909","\N","\N","&#60;a href=&#34;https://www.lagis-hessen.de/de/subjects/gsrec/current/1/sn/ol?q=Ulfen&#34; &#62;Ulfen, Werra-Meißner-Kreis &#60;/a&#62; (Stand: 22.04.2021)","\N"
"19884","574","7943","\N","\N","&#60;a href=&#34;https://www.lagis-hessen.de/de/subjects/gsrec/current/1/sn/ol?q=Utphe&#34; &#62;Utphe, Landkreis Gießen &#60;/a&#62; (Stand: 22.04.2021)","\N"
"19886","574","8134","\N","\N","&#60;a href=&#34;https://www.lagis-hessen.de/de/subjects/gsrec/current/1/sn/ol?q=Walburg&#34; &#62;Walburg, Werra-Meißner-Kreis &#60;/a&#62; (Stand: 22.04.2021)","\N"
"19888","574","8153","\N","\N","&#60;a href=&#34;https://www.lagis-hessen.de/de/subjects/gsrec/current/2/sn/ol?q=Wallau&#34; &#62;Wallau (Lahn), Landkreis Marburg-Biedenkopf &#60;/a&#62; (Stand: 22.04.2021)","\N"
"19890","574","8257","\N","\N","&#60;a href=&#34;https://www.lagis-hessen.de/de/subjects/gsrec/current/2/sn/ol?q=Wehrda&#34; &#62;Wehrda, Landkreis Marburg-Biedenkopf &#60;/a&#62; (Stand: 22.04.2021)","\N"
"19892","574","8260","\N","\N","&#60;a href=&#34;https://www.lagis-hessen.de/de/subjects/gsrec/current/2/sn/ol?q=Wehrshausen&#34; &#62;Wehrshausen, Landkreis Marburg-Biedenkopf &#60;/a&#62; (Stand: 22.04.2021)","\N"
"19894","1650","8284","\N","\N","503","\N"
"19896","574","8284","\N","\N","&#60;a href=&#34;https://www.lagis-hessen.de/de/subjects/gsrec/current/1/sn/ol?q=Weiterode&#34; &#62;Weiterode, Landkreis Hersfeld-Rotenburg &#60;/a&#62; (Stand: 22.04.2021)","\N"
"19898","574","8652","\N","\N","&#60;a href=&#34;https://www.lagis-hessen.de/de/subjects/gsrec/current/1/sn/ol?q=W%C3%BCrges&#34; &#62;Würges, Landkreis Limburg-Weilburg &#60;/a&#62; (Stand: 22.04.2021)","\N"
"19900","1650","8288","\N","\N","504-505","\N"
"35168","4041","\N","\N","names","168","6283"
"36265","2513","\N","\N","names","286","30596"
"36815","4008","\N","478","edge","44–45","\N"
"19902","574","8288","\N","\N","&#60;a href=&#34;https://www.lagis-hessen.de/de/subjects/gsrec/current/1/sn/ol?q=Welferode&#34; &#62;Welferode, Schwalm-Eder-Kreis &#60;/a&#62; (Stand: 22.04.2021)","\N"
"19904","574","8327","\N","\N","&#60;a href=&#34;https://www.lagis-hessen.de/de/subjects/gsrec/current/1/sn/ol?q=Werdorf&#34; &#62;Werdorf, Lahn-Dill-Kreis &#60;/a&#62; (Stand: 22.04.2021)","\N"
"19906","574","12261","\N","\N","&#60;a href=&#34;https://www.lagis-hessen.de/de/subjects/gsrec/current/1/sn/ol?q=Wommen&#34; &#62;Wommen, Werra-Meißner-Kreis &#60;/a&#62; (Stand: 22.04.2021)","\N"
"19908","1650","12261","\N","\N","531","\N"
"19910","574","8376","\N","\N","&#60;a href=&#34;https://www.lagis-hessen.de/de/subjects/gsrec/current/1/sn/ol?q=Wetterfeld&#34; &#62;Wetterfeld, Landkreis Gießen &#60;/a&#62; (Stand: 22.04.2021)","\N"
"33618","3958","\N","\N","names","167","23212"
"19914","1650","8385","\N","\N","513","\N"
"19916","574","8385","\N","\N","&#60;a href=&#34;https://www.lagis-hessen.de/de/subjects/gsrec/current/1/sn/ol?q=Wichmannshausen&#34; &#62;Wichmannshausen, Werra-Meißner-Kreis &#60;/a&#62; (Stand: 22.04.2021)","\N"
"19918","1650","8388","\N","\N","513","\N"
"19920","574","8388","\N","\N","&#60;a href=&#34;https://www.lagis-hessen.de/de/subjects/gsrec/current/1/sn/ol?q=Wichte&#34; &#62;Wichte, Schwalm-Eder-Kreis &#60;/a&#62; (Stand: 22.04.2021)","\N"
"19922","574","8510","\N","\N","&#60;a href=&#34;https://www.lagis-hessen.de/de/subjects/gsrec/current/1/sn/ol?q=Wittelsberg&#34; &#62;Wittelsberg, Landkreis Marburg-Biedenkopf &#60;/a&#62; (Stand: 22.04.2021)","\N"
"19924","574","8395","\N","\N","&#60;a href=&#34;https://www.lagis-hessen.de/de/subjects/gsrec/current/1/sn/ol?q=Wicker&#34; &#62;Wicker, Main-Taunus-Kreis &#60;/a&#62; (Stand: 22.04.2021)","\N"
"19926","574","8432","\N","\N","&#60;a href=&#34;https://www.lagis-hessen.de/de/subjects/gsrec/current/1/sn/ol?q=Wieseck&#34; &#62;Wieseck; Landkreis Gießen &#60;/a&#62; (Stand: 22.04.2021)","\N"
"19928","1650","8433","\N","\N","516","\N"
"19930","574","8433","\N","\N","&#60;a href=&#34;https://www.lagis-hessen.de/de/subjects/gsrec/current/1/sn/ol?q=Wiesenfeld&#34; &#62;Wiesenfeld, Landkreis Waldeck-Frankenberg &#60;/a&#62; (Stand: 22.04.2021)","\N"
"19932","1650","8457","\N","\N","519","\N"
"19934","574","8457","\N","\N","&#60;a href=&#34;https://www.lagis-hessen.de/de/subjects/gsrec/current/1/sn/ol?q=Willingshausen&#34; &#62;Willingshausen, Schwalm-Eder-Kreis &#60;/a&#62; (Stand: 23.04.2021)","\N"
"19936","574","8474","\N","\N","&#60;a href=&#34;https://www.lagis-hessen.de/de/subjects/gsrec/current/2/sn/ol?q=Windhausen&#34; &#62;Windhausen, Vogelsbergkreis &#60;/a&#62; (Stand: 23.04.2021)","\N"
"34501","4046","\N","\N","names","264","29934"
"34598","4046","\N","\N","names","188","30000"
"34838","4041","\N","\N","names","177","6364"
"35085","4041","\N","\N","names","25","30274"
"35169","4041","\N","\N","names","168","6284"
"36266","4163","20214","\N","","Sairila","\N"
"36816","3321","\N","478","edge","63–65","\N"
"36839","4225","\N","483","edge","82–83","\N"
"33619","3958","\N","\N","names","167","23211"
"34502","4046","\N","\N","names","264","29935"
"34599","4046","19886","\N","","187-189","\N"
"34839","4041","\N","\N","names","177","6365"
"35086","4041","\N","\N","names","25","961"
"35170","4041","\N","\N","names","168","6285"
"36267","2513","20198","\N","","285-286","\N"
"36817","4009","\N","478","edge"," 63–65","\N"
"36840","4015","\N","483","edge","278","\N"
"20206","606","13815","\N","\N","\N","\N"
"20413","920","4377","\N","\N","557-578","\N"
"33620","3958","\N","\N","names","167","23209"
"34503","4046","\N","\N","names","264","29936"
"34600","4046","\N","\N","names","127","30001"
"34840","4041","\N","\N","names","177","30123"
"35087","4041","\N","\N","names","25","30275"
"35171","4041","\N","\N","names","168","30325"
"36268","4156","20215","\N","","102","\N"
"36818","3315","\N","478","edge","503, 506","\N"
"36841","4012","\N","483","edge","249–251.","\N"
"20473","1891","9558","\N","\N","\N","\N"
"20475","1893","9561","\N","\N","\N","\N"
"20479","1897","3881","\N","\N","\N","\N"
"20481","1899","10142","\N","\N","\N","\N"
"20491","1903","10146","\N","\N","\N","\N"
"20493","1905","10181","\N","\N","\N","\N"
"33621","3958","\N","\N","names","168","29502"
"34504","4046","\N","\N","names","265","29937"
"34601","4046","\N","\N","names","127","30002"
"34841","4041","\N","\N","names","177","6366"
"35088","4041","\N","\N","names","25","962"
"35172","4041","\N","\N","names","168","30326"
"36269","4156","20216","\N","","102","\N"
"36842","4153","\N","484","edge","455","\N"
"20945","1856","12995","\N","\N","370","\N"
"20947","1856","13978","\N","\N","370","\N"
"20949","1856","13979","\N","\N","370","\N"
"20951","1856","10758","\N","\N","371","\N"
"20953","1856","11620","\N","\N","371","\N"
"20955","1856","13980","\N","\N","371","\N"
"33622","3958","\N","\N","names","168","29503"
"34505","4046","\N","\N","names","265","29938"
"34602","4046","\N","\N","names","127","30003"
"34842","4041","\N","\N","names","177","30124"
"35089","4041","\N","\N","names","25","30276"
"35173","4041","\N","\N","names","168","30327"
"36270","4156","20217","\N","","102","\N"
"36843","3315","\N","484","edge","510","\N"
"21039","650","14001","\N","\N","\N","\N"
"21041","606","14001","\N","\N","\N","\N"
"21043","1975","8902","\N","\N","\N","\N"
"21047","1977","274","\N","\N","\N","\N"
"21049","1979","10332","\N","\N","\N","\N"
"21061","1856","14003","\N","\N","377","\N"
"21063","1856","14004","\N","\N","378","\N"
"21065","1856","14005","\N","\N","378","\N"
"21071","1856","14009","\N","\N","379","\N"
"21073","1856","14010","\N","\N","380","\N"
"21077","1856","14012","\N","\N","380","\N"
"21091","1856","13981","\N","\N","371 &#38; 376","\N"
"21093","1856","13975","\N","\N","369","\N"
"21097","1856","14013","\N","\N","380","\N"
"21099","1856","14019","\N","\N","372","\N"
"21157","1989","9840","\N","\N","\N","\N"
"21159","1989","274","\N","\N","\N","\N"
"33623","3958","7810","\N","","167-168","\N"
"34506","4046","\N","\N","names","265","29939"
"34603","4046","\N","\N","names","127","30004"
"34843","4041","\N","\N","names","177","30125"
"35090","4041","\N","\N","names","25","30277"
"35174","4041","\N","\N","names","168","30328"
"36271","4156","20220","\N","","85, 96","\N"
"36844","4008","\N","484","edge","58–59","\N"
"21393","2025","10265","\N","\N","\N","\N"
"21395","2027","10263","\N","\N","\N","\N"
"21397","2029","10263","\N","\N","\N","\N"
"21459","2051","68","\N","\N","\N","\N"
"21461","2053","9610","\N","\N","\N","\N"
"21463","2055","10540","\N","\N","\N","\N"
"21551","2069","10536","\N","\N","\N","\N"
"21555","2071","11753","\N","\N","\N","\N"
"33624","3958","\N","\N","names","152","29504"
"34507","4046","7664","\N","","264-265","\N"
"34604","4046","19887","\N","","126-127","\N"
"34844","4041","\N","\N","names","177","6367"
"35091","4041","121","\N","","25","\N"
"35175","4041","\N","\N","names","168","30329"
"36272","4156","20221","\N","","96, 101. ","\N"
"36845","4009","\N","484","edge","58.","\N"
"21655","2081","72","\N","\N","\N","\N"
"21657","2083","72","\N","\N","\N","\N"
"21659","2085","72","\N","\N","\N","\N"
"21725","2095","10529","\N","\N","\N","\N"
"21783","1856","14468","\N","\N","371","\N"
"21789","2097","8010","\N","\N","\N","\N"
"21793","2101","10539","\N","\N","\N","\N"
"21795","2103","10539","\N","\N","\N","\N"
"21799","2105","11623","\N","\N","69 &#38; 71","\N"
"21801","2107","11623","\N","\N","48","\N"
"21813","2105","14472","\N","\N","238","\N"
"21833","2105","14478","\N","\N","240","\N"
"21835","1856","14476","\N","\N","369","\N"
"21843","2109","13976","\N","\N","155","\N"
"21845","2109","14476","\N","\N","155","\N"
"21847","1856","13977","\N","\N","369","\N"
"21849","2111","13973","\N","\N","409-410","\N"
"21851","1856","13973","\N","\N","369","\N"
"21853","2111","13977","\N","\N","409-410","\N"
"21855","2107","13980","\N","\N","42","\N"
"33625","3958","\N","\N","names","152","29505"
"34508","4046","\N","\N","names","157","29940"
"34605","4046","\N","\N","names","261","30005"
"34845","4041","\N","\N","names","177","30126"
"35092","2189","14651","\N","bridge","268, 503n526","\N"
"35176","4041","\N","\N","names","168","30330"
"36846","3315","\N","485","edge","510","\N"
"21945","2121","12984","\N","\N","16, 24, 26, 29","\N"
"21949","2123","12984","\N","tolls","48, 53","\N"
"22067","2129","9545","\N","\N","\N","\N"
"22069","1738","14512","\N","\N","168","\N"
"22085","650","14529","\N","\N","155","\N"
"22087","650","14531","\N","\N","184-185","\N"
"22089","650","14532","\N","\N","153-154","\N"
"22091","650","14533","\N","\N","152","\N"
"22093","650","14534","\N","\N","164-165","\N"
"22097","650","14536","\N","\N","163","\N"
"22101","650","14539","\N","\N","183","\N"
"22103","606","14539","\N","\N","68, 100, 365","\N"
"22105","650","14540","\N","\N","175","\N"
"22107","650","14541","\N","\N","153","\N"
"22119","650","14543","\N","\N","151","\N"
"22129","2107","14547","\N","\N","45","\N"
"22131","2105","14547","\N","\N","73, 220","\N"
"33626","3958","\N","\N","names","152","29506"
"34509","4046","\N","\N","names","157","29941"
"34606","4046","\N","\N","names","261","30006"
"34846","4041","\N","\N","names","177","30127"
"35177","4041","3228","\N","","168","\N"
"36847","4153","\N","485","edge","455","\N"
"33627","3958","7122","\N","","152","\N"
"34510","4046","\N","\N","names","157","29942"
"34607","4046","\N","\N","names","261","30007"
"34847","4041","\N","\N","names","177","30128"
"35178","4041","\N","\N","names","200","30331"
"36848","4008","\N","485","edge","510","\N"
"33628","3958","\N","\N","names","46","27524"
"34511","4046","\N","\N","names","157","29943"
"34608","4046","7448","\N","","261","\N"
"34848","4041","\N","\N","names","177","30129"
"35179","4041","\N","\N","names","200","30332"
"36849","4009","\N","485","edge","58","\N"
"33629","3958","\N","\N","names","46","27525"
"34512","4046","\N","\N","names","157","29944"
"34609","4046","\N","\N","names","206","30008"
"34849","4041","\N","\N","names","177","30130"
"35180","4041","\N","\N","names","200","30333"
"36850","4141","\N","486","edge","158","\N"
"36899","3964","\N","497","edge","88–89","\N"
"36906","3964","19930","\N","","127","\N"
"36907","4151","20410","\N","","247","\N"
"36910","4226","\N","491","edge"," 57-80","\N"
"34398","3974","\N","\N","names","nr. 1446","29890"
"36911","1654","12252","\N","bridge","316-317","\N"
"36913","616","9548","\N","harbour","76-78","\N"
"36914","4227","19882","\N","","386–388.","\N"
"36918","4008","\N","502","edge","42–44","\N"
"36923","3813","19795","\N","","44","\N"
"36924","3315","20533","\N","","table 56 (544 –547)","\N"
"36927","428","\N","503","edge","482-483","\N"
"36928","1957","14211","\N","ferry","151","\N"
"36929","3173","12626","\N","ferry","6-7","\N"
"36937","2035","20535","\N","ferry","&#60;a href=&#34;https://resources.huygens.knaw.nl/registershollandsegrafelijkheid/oorkonde/ZH_442&#34;&#62;ZH 442&#60;/a&#62;","\N"
"36941","2023","14147","\N","ferry","","\N"
"36944","3998","\N","501","edge","42–43","\N"
"36946","3944","16915","\N","bridge","53","\N"
"27385","2149","16915","\N","fairs","inv. no. 218, f.41-43v","\N"
"36947","3871","19961","\N","","ID 1000001739 (Mårtensby, Lillas)","\N"
"36948","2035","\N","\N","names","ZH 485","30674"
"36954","4009","\N","480","edge","119","\N"
"36955","4009","\N","446","edge","88–89","\N"
"36959","4229","268","\N","fairs","126-127, n25","\N"
"36960","3765","268","\N","","30","\N"
"36962","942","20542","\N","bridge","Oosterhoogebrug (Groningen, Gr)","\N"
"33630","3958","\N","\N","names","46","27519"
"34513","4046","\N","\N","names","157","29945"
"34610","4046","\N","\N","names","206","30009"
"34850","4041","\N","\N","names","177","30131"
"35181","4041","\N","\N","names","200","30334"
"36851","4092","\N","486","edge","152–154","\N"
"36900","4008","\N","497","edge","42","\N"
"36908","3964","20410","\N","","127","\N"
"36912","4","12252","\N","bridge","449","\N"
"36915","4143","19882","\N","","100–101","\N"
"36919","3964","\N","502","edge","86","\N"
"36925","4136","20533","\N","","467","\N"
"36930","942","12626","\N","ferry","Kralingse Veer (Rotterdam, ZH)","\N"
"36938","3173","20535","\N","ferry","6-7","\N"
"36942","2361","14147","\N","ferry","","\N"
"36945","4228","\N","501","edge","17–18","\N"
"27069","2035","16915","\N","fairs","&#60;a href=&#34;https://resources.huygens.knaw.nl/registershollandsegrafelijkheid/oorkonde/WI_277&#34;&#62;WI 277&#60;/a&#62;","\N"
"36949","942","\N","\N","names","Rijsoord (Ridderkerk, ZH)","30675"
"36956","4008","\N","446","edge","61–62","\N"
"36961","3283","268","\N","","","\N"
"36963","942","\N","\N","names","Oosterhoogebrug (Groningen, Gr)","30679"
"33631","3958","\N","\N","names","46","27526"
"34514","4046","\N","\N","names","157","29946"
"34611","4046","\N","\N","names","206","30010"
"34851","4041","\N","\N","names","177","30132"
"35182","4041","\N","\N","names","200","30335"
"36852","4141","\N","487","edge","158","\N"
"36901","3964","\N","498","edge","88–89","\N"
"36909","3967","20410","\N","","85","\N"
"36916","4152","19882","\N","","381-382","\N"
"36920","4009","\N","502","edge","86","\N"
"36926","3321","20533","\N","","159","\N"
"36931","1991","12626","\N","ferry","no. 430","\N"
"36939","1991","20535","\N","ferry","no. 430","\N"
"36943","2361","20536","\N","ferry","54-55","\N"
"36950","942","\N","\N","names","Rijsoord (Ridderkerk, ZH)","30676"
"36957","3967","\N","446","edge","100–103","\N"
"36964","942","\N","\N","names","Oosterhoogebrug (Groningen, Gr)","30680"
"33632","3958","13942","\N","","46-47, 102-103","\N"
"34515","4046","4591","\N","","156-158","\N"
"34612","4046","\N","\N","names","206","30011"
"34852","4041","\N","\N","names","177","30133"
"35183","4041","4201","\N","","200-201","\N"
"36853","4092","\N","487","edge","152–154","\N"
"36902","4008","\N","498","edge","42","\N"
"36917","4152","19879","\N","","382–383","\N"
"36921","4015","\N","502","edge","278-279","\N"
"36940","942","20535","\N","ferry","Kralingse Veer (Rotterdam, ZH)","\N"
"36951","942","\N","\N","names","Rijsoord (Ridderkerk, ZH)","30677"
"36958","4141","\N","446","edge","146-147","\N"
"36965","4230","20542","\N","bridge","no. 367","\N"
"33633","3958","\N","\N","names","103","27520"
"34516","4046","\N","\N","names","69","29947"
"34613","4046","6240","\N","","206-207","\N"
"34853","4041","3285","\N","","177","\N"
"36854","4008","\N","487","edge","69","\N"
"36903","4008","\N","499","edge","57, 59–60","\N"
"36922","4014","\N","502","edge","321-324, 643, 646-648","\N"
"36952","942","16915","\N","","Rijsoord (Ridderkerk, ZH)","\N"
"36966","4230","\N","\N","names","no. 367","30681"
"33634","3958","\N","\N","names","102","29507"
"34517","4046","\N","\N","names","69","29948"
"34854","4041","\N","\N","names","196","30134"
"36855","4008","\N","488","edge","61–62;","\N"
"36904","4009","\N","499","edge","61, 116","\N"
"36953","2035","16915","\N","","&#60;a href=&#34;https://resources.huygens.knaw.nl/registershollandsegrafelijkheid/oorkonde/ZH_485&#34;&#62;ZH 485&#60;/a&#62;","\N"
"36967","4231","20542","\N","bridge","","\N"
"33635","3958","\N","\N","names","102","27521"
"34518","4046","\N","\N","names","69","29949"
"34855","4041","\N","\N","names","196","30135"
"36856","3967","\N","488","edge","100–103","\N"
"36905","3964","\N","499","edge","88","\N"
"33636","3958","\N","\N","names","102","27522"
"34519","4046","\N","\N","names","69","29950"
"34856","4041","\N","\N","names","197","30136"
"36857","3963","\N","488","edge","242–243","\N"
"36936","2035","12626","\N","ferry","&#60;a href=&#34;https://resources.huygens.knaw.nl/registershollandsegrafelijkheid/oorkonde/ZH_442&#34;&#62;ZH 442&#60;/a&#62;","\N"
"25037","2551","1417","\N","tolls","\N","\N"
"33637","3958","\N","\N","names","102","27523"
"34520","4046","\N","\N","names","69","29951"
"34857","4041","\N","\N","names","197","30137"
"36858","4092","\N","488","edge","152–154","\N"
"33638","3958","\N","\N","names","102","29508"
"34521","4046","\N","\N","names","69","29952"
"34858","4041","\N","\N","names","197","30138"
"36859","4141","\N","488","edge","145–148","\N"
"33639","3958","\N","\N","names","102","29509"
"34522","4046","\N","\N","names","69","29953"
"34859","4041","\N","\N","names","197","30139"
"36860","3964","\N","488","edge","154–160","\N"
"33640","3958","\N","\N","names","102","29510"
"34523","4046","\N","\N","names","69","29954"
"34860","4041","\N","\N","names","197","30140"
"36861","4008","\N","489","edge","61–62","\N"
"33641","3958","\N","\N","names","102","29511"
"34524","4046","\N","\N","names","69","29955"
"34861","4041","\N","\N","names","197","30141"
"36862","3967","\N","489","edge","100–103","\N"
"33642","3958","\N","\N","names","102","29512"
"34525","4046","2707","\N","","69-71","\N"
"34862","4041","\N","\N","names","197","30142"
"36863","3963","\N","489","edge","242–243","\N"
"33643","3958","\N","\N","names","102","29513"
"34526","4046","\N","\N","names","25","29956"
"34863","4041","\N","\N","names","197","30143"
"36864","4092","\N","489","edge","152–154","\N"
"33644","3958","\N","\N","names","102","29514"
"34527","4046","\N","\N","names","25","29957"
"34864","4041","\N","\N","names","197","30144"
"36865","4141","\N","489","edge","145–148","\N"
"33645","3958","\N","\N","names","102","29515"
"34528","4046","1067","\N","","25-26","\N"
"34865","4041","\N","\N","names","197","30145"
"36866","4008","\N","490","edge","61–62, 69–70","\N"
"33646","3958","\N","\N","names","102","29516"
"34529","4046","2388","\N","","82-85","\N"
"34866","4041","\N","\N","names","197","30146"
"36867","3967","\N","490","edge","100–103","\N"
"34530","4046","\N","\N","names","83","7407"
"34867","4041","\N","\N","names","197","30147"
"36868","3963","\N","490","edge","242–243","\N"
"34531","4046","\N","\N","names","83","29958"
"34868","4041","\N","\N","names","197","30148"
"36869","4092","\N","490","edge","152–154","\N"
"34532","4046","\N","\N","names","83","7408"
"34869","4041","\N","\N","names","197","30149"
"36870","3964","\N","490","edge","154–160","\N"
"34533","4046","\N","\N","names","83","7405"
"34870","4041","\N","\N","names","197","30150"
"36871","4141","\N","490","edge","145–148, 158–159","\N"
"34534","4046","\N","\N","names","83","7409"
"34871","4041","\N","\N","names","197","30151"
"36872","3965","\N","490","edge","463–466","\N"
"34535","4046","\N","\N","names","83","7404"
"34872","4041","\N","\N","names","197","30152"
"36873","4009","\N","491","edge","64-67","\N"
"34536","4046","\N","\N","names","83","29959"
"34873","4041","\N","\N","names","197","30153"
"36874","3964","\N","491","edge","89","\N"
"34537","4046","\N","\N","names","83","7406"
"34874","4041","4194","\N","","196-197","\N"
"36875","3321","\N","491","edge","160–161","\N"
"34538","4046","\N","\N","names","294","29960"
"34875","4041","\N","\N","names","111","6457"
"36876","3315","\N","491","edge","504–505","\N"
"29983","3441","15252","\N","\N","464","\N"
"29985","3441","15258","\N","\N","410","\N"
"29989","3441","15248","\N","\N","377","\N"
"29993","3441","15256","\N","\N","441","\N"
"30003","3441","15260","\N","\N","417","\N"
"30005","3441","15262","\N","\N","419","\N"
"30007","3441","15263","\N","\N","361-362","\N"
"30009","3441","15264","\N","\N","362","\N"
"30011","3441","15281","\N","\N","378-380","\N"
"30013","3441","15253","\N","\N","397-398","\N"
"30015","3441","15287","\N","\N","426","\N"
"30017","3441","15261","\N","\N","391","\N"
"30019","3441","15279","\N","\N","429","\N"
"30021","3441","15280","\N","\N","201","\N"
"30023","3441","15250","\N","\N","221","\N"
"30025","3441","15241","\N","\N","213","\N"
"30027","3441","15424","\N","\N","509","\N"
"30029","3441","15249","\N","\N","496","\N"
"30031","3441","15245","\N","\N","499","\N"
"30033","3441","15251","\N","\N","499","\N"
"30035","3441","15278","\N","\N","796","\N"
"30037","3441","15233","\N","\N","804","\N"
"30039","3441","14939","\N","\N","809","\N"
"30051","3443","15277","\N","\N","789","\N"
"30053","3445","15277","\N","\N","789","\N"
"30055","3445","14940","\N","\N","809","\N"
"30057","3443","15240","\N","\N","774","\N"
"30059","3441","15425","\N","\N","219","\N"
"30061","3443","15276","\N","\N","779","\N"
"30063","3443","15242","\N","\N","784","\N"
"30065","3443","15244","\N","\N","765","\N"
"30067","3443","15243","\N","\N","766","\N"
"30069","3443","15275","\N","\N","745","\N"
"30071","3443","15238","\N","\N","753","\N"
"30073","3443","15239","\N","\N","761","\N"
"30075","3443","15234","\N","\N","726","\N"
"30077","3443","14936","\N","\N","686","\N"
"30079","3443","14935","\N","\N","694","\N"
"30081","3443","15237","\N","\N","820","\N"
"30083","3441","15282","\N","\N","264","\N"
"30085","3443","15228","\N","\N","869","\N"
"30087","3443","15229","\N","\N","838","\N"
"30089","3443","15230","\N","\N","895","\N"
"30091","3443","15231","\N","\N","895","\N"
"30093","3443","15235","\N","\N","834","\N"
"30095","3443","14934","\N","\N","905","\N"
"30097","3441","15255","\N","\N","282","\N"
"30099","3441","15283","\N","\N","284","\N"
"30103","3441","15284","\N","\N","272","\N"
"30105","3443","15286","\N","\N","881","\N"
"30107","3443","15285","\N","\N","884","\N"
"30109","3443","15232","\N","\N","875","\N"
"30111","3443","15274","\N","\N","704","\N"
"30113","3443","15273","\N","\N","950","\N"
"30115","3443","14937","\N","\N","937","\N"
"30117","3443","15223","\N","\N","957","\N"
"30119","3443","15224","\N","\N","961","\N"
"30121","3443","15431","\N","\N","976","\N"
"30123","3443","15225","\N","\N","976","\N"
"30125","3443","15221","\N","\N","984","\N"
"30127","3443","15272","\N","\N","988","\N"
"30129","3443","15222","\N","\N","995","\N"
"34539","4046","\N","\N","names","294","29961"
"30133","2367","15017","\N","\N","757","\N"
"30135","2367","15016","\N","\N","781","\N"
"30137","2367","15018","\N","\N","731","\N"
"30139","2367","15003","\N","\N","828","\N"
"30141","2367","15020","\N","\N","837","\N"
"30143","2367","15005","\N","\N","810","\N"
"30145","2367","15019","\N","\N","904","\N"
"30147","2367","15008","\N","\N","911","\N"
"30149","2367","15007","\N","\N","889","\N"
"30151","2367","15009","\N","\N","899","\N"
"30153","2367","15030","\N","\N","888","\N"
"30155","2367","15006","\N","\N","859","\N"
"30157","2367","15004","\N","\N","839","\N"
"30159","2367","15034","\N","\N","747","\N"
"30161","2367","15002","\N","\N","747","\N"
"34876","4041","\N","\N","names","111","6458"
"36877","3967","\N","491","edge","67–75","\N"
"30211","3475","15043","\N","\N","352","\N"
"30213","2367","15033","\N","\N","292","\N"
"30215","3475","15041","\N","\N","365","\N"
"30217","3475","15042","\N","\N","359","\N"
"30219","3163","15298","\N","\N","362","\N"
"30221","3163","15297","\N","\N","362","\N"
"30241","3163","15296","\N","\N","358","\N"
"30245","3167","15199","\N","\N","591","\N"
"30247","3167","15200","\N","\N","696","\N"
"30251","3167","15191","\N","\N","582","\N"
"30257","3167","15418","\N","\N","552","\N"
"30263","3133","15201","\N","\N","877","\N"
"30265","3167","15202","\N","\N","630","\N"
"30269","3167","15207","\N","\N","671-679","\N"
"30271","3163","15288","\N","\N","233","\N"
"30295","3131","15077","\N","\N","882","\N"
"30301","3131","15078","\N","\N","910","\N"
"30311","3475","15079","\N","\N","247-248","\N"
"30315","3505","6798","\N","\N","1016","\N"
"30317","3505","8140","\N","\N","1017","\N"
"30319","3505","813","\N","\N","1017","\N"
"30321","3505","2132","\N","\N","1008","\N"
"30327","3505","3813","\N","\N","991-992","\N"
"30329","3505","1815","\N","\N","930","\N"
"30333","3505","7744","\N","\N","1198-1199","\N"
"30335","3505","3438","\N","\N","905-906","\N"
"30343","3505","5455","\N","\N","908","\N"
"30347","3505","6415","\N","\N","899","\N"
"30351","3505","9515","\N","\N","903","\N"
"30355","3505","3185","\N","\N","871","\N"
"30357","3505","2942","\N","\N","867-868","\N"
"30361","3505","4863","\N","\N","912","\N"
"30363","3163","97","\N","\N","361-264","\N"
"30369","3163","5336","\N","\N","362","\N"
"30375","3505","3239","\N","\N","876","\N"
"30377","3505","5731","\N","\N","876","\N"
"30379","3505","772","\N","\N","889","\N"
"30381","3505","5452","\N","\N","889-895","\N"
"30385","3163","1842","\N","\N","188","\N"
"30389","3163","707","\N","\N","188","\N"
"30391","3163","1919","\N","\N","172","\N"
"30393","3163","7871","\N","\N","172","\N"
"34540","4046","2584","\N","","294-295","\N"
"30399","3163","133","\N","\N","167","\N"
"34877","4041","\N","\N","names","111","30154"
"36878","4141","\N","491","edge","138–141","\N"
"34541","4046","\N","\N","names","311","29962"
"34878","4041","\N","\N","names","111","30155"
"36879","4008","\N","491","edge","48–49","\N"
"30765","3167","7246","\N","\N","611","\N"
"30767","3167","950","\N","\N","689","\N"
"30769","3167","1567","\N","\N","695","\N"
"30771","3167","8542","\N","\N","569","\N"
"30773","3167","6455","\N","\N","555","\N"
"30775","3133","4664","\N","\N","631","\N"
"30777","3133","3178","\N","\N","1049","\N"
"30779","3167","7283","\N","\N","560","\N"
"30781","3167","304","\N","\N","564","\N"
"30783","3167","3140","\N","\N","564","\N"
"30785","3155","8073","\N","\N","1236","\N"
"30787","3155","7331","\N","\N","1229","\N"
"30789","3155","5645","\N","\N","1246","\N"
"30791","3155","7172","\N","\N","1228","\N"
"30793","3505","15300","\N","\N","948","\N"
"30795","3505","15301","\N","\N","1186","\N"
"30797","3505","15214","\N","\N","1222","\N"
"30799","3505","15217","\N","\N","1231","\N"
"30801","3505","15218","\N","\N","1244","\N"
"30803","3505","15216","\N","\N","1253","\N"
"30805","3505","15219","\N","\N","1265","\N"
"30807","3505","15215","\N","\N","1274","\N"
"30809","3505","15220","\N","\N","1300","\N"
"30811","3163","5785","\N","\N","255","\N"
"30813","3163","3409","\N","\N","258","\N"
"30815","3163","15269","\N","\N","286","\N"
"30817","3163","15266","\N","\N","370","\N"
"30819","3131","15052","\N","\N","872","\N"
"30821","3131","15048","\N","\N","809","\N"
"30823","3131","15072","\N","\N","829","\N"
"34542","4046","\N","\N","names","311","29963"
"34879","4041","\N","\N","names","111","30156"
"36880","4220","\N","491","edge","233–244.","\N"
"31023","3131","15103","\N","\N","758-759","\N"
"31027","3619","15389","\N","\N","856","\N"
"31031","3619","15390","\N","\N","946","\N"
"31033","3505","15299","\N","\N","937","\N"
"31035","3619","15394","\N","\N","804","\N"
"31037","3619","15398","\N","\N","913","\N"
"31039","3619","15395","\N","\N","817","\N"
"31041","3619","15393","\N","\N","889","\N"
"31043","3619","15388","\N","\N","850","\N"
"31045","3619","15391","\N","\N","966","\N"
"31047","3619","15317","\N","\N","1029","\N"
"31049","3619","15392","\N","\N","973","\N"
"31051","3619","15338","\N","\N","835","\N"
"31053","3619","15337","\N","\N","824","\N"
"31055","3619","15336","\N","\N","827","\N"
"31057","3619","15380","\N","ferry","827","\N"
"31059","3619","15339","\N","\N","833","\N"
"31061","3619","15382","\N","\N","776","\N"
"31063","3619","15381","\N","\N","784","\N"
"31065","3619","15378","\N","\N","762","\N"
"31067","3619","15377","\N","\N","761","\N"
"31069","3619","15376","\N","\N","758","\N"
"31071","3619","15375","\N","\N","772","\N"
"31073","3619","15319","\N","\N","709","\N"
"31075","3619","15318","\N","\N","698","\N"
"34543","4046","\N","\N","names","311","29964"
"34880","4041","\N","\N","names","111","30157"
"36881","3321","\N","492","edge","152, 374–385","\N"
"31251","3475","15083","\N","\N","282","\N"
"31253","3475","15089","\N","\N","290","\N"
"31255","3441","15087","\N","\N","446","\N"
"31257","3475","15088","\N","\N","317","\N"
"31259","3475","15086","\N","\N","331","\N"
"31261","3475","15085","\N","\N","312","\N"
"31263","3475","15082","\N","\N","308","\N"
"31265","3475","15051","\N","\N","262","\N"
"34544","4046","\N","\N","names","311","29965"
"34881","4041","\N","\N","names","111","30158"
"36882","4219","\N","492","edge","191–192","\N"
"34545","4046","\N","\N","names","311","29966"
"34882","4041","\N","\N","names","111","30159"
"36883","4009","\N","492","edge","102","\N"
"34546","4046","8766","\N","","311-312","\N"
"34883","4041","\N","\N","names","112","30160"
"36884","4029","\N","492","edge","78","\N"
"34884","4041","\N","\N","names","112","30161"
"36885","3321","\N","493","edge","152, 374–385","\N"
"34885","4041","\N","\N","names","112","30162"
"36886","4219","\N","493","edge","191–192","\N"
"34886","4041","\N","\N","names","112","30163"
"36887","4009","\N","493","edge","102","\N"
"34887","4041","\N","\N","names","112","6459"
"36888","4029","\N","493","edge","78","\N"
"36","28","2250","\N","fairs","646-649, 661-664","\N"
"46","28","8879","\N","fairs","649-651, 661-664","\N"
"48","28","8878","\N","fairs","649-651, 661-664","\N"
"50","28","1783","\N","fairs","649-651, 661-664","\N"
"52","28","2396","\N","fairs","649-651, 661-664","\N"
"54","28","5430","\N","fairs","649-651, 661-665","\N"
"56","28","7714","\N","fairs","649-651, 661-665","\N"
"64","6","3888","\N","staple","19-21, 97-101, 143-146, 192-193, 220","\N"
"70","6","981","\N","staple","29, 89-92, 171, 226-227","\N"
"72","6","1988","\N","staple","29, 85, 89-92, 171-172, 204-206","\N"
"74","6","2002","\N","staple","29, 96","\N"
"78","6","4220","\N","staple","29, 89, 171","\N"
"80","6","4342","\N","staple","29, 94","\N"
"82","6","5574","\N","staple","29, 84","\N"
"88","6","5949","\N","staple","30, 94-95, 166","\N"
"94","6","6425","\N","staple","31, 82-83","\N"
"98","6","6092","\N","staple","32, 126-129","\N"
"102","6","1521","\N","staple","33-34, 38, 47-48, 63, 65, 140-141","\N"
"108","6","7321","\N","staple","34, 71-72, 162","\N"
"114","6","1036","\N","staple","37, 46-63, 137","\N"
"116","6","565","\N","staple","54","\N"
"122","6","8876","\N","staple","64, 137-139","\N"
"130","6","2159","\N","staple","67-68, 142-143","\N"
"132","6","7413","\N","staple","29, 74-77, 92, 169-170, 203-206","\N"
"136","32","8884","\N","\N","333-335","\N"
"138","32","7322","\N","\N","329-333","\N"
"140","32","3026","\N","\N","335-336","\N"
"142","34","8884","\N","\N","274","\N"
"144","34","7322","\N","\N","274","\N"
"148","36","18","\N","staple","109, 112","\N"
"150","30","18","\N","staple","80","\N"
"154","4","7268","\N","\N","309","\N"
"168","30","8884","\N","fairs","88","\N"
"170","38","65","\N","\N","17","\N"
"172","36","8890","\N","\N","114-115","\N"
"176","36","8891","\N","\N","114-115","\N"
"178","36","4868","\N","\N","114-115","\N"
"180","36","8892","\N","\N","114-115","\N"
"182","36","8893","\N","\N","114-115","\N"
"184","36","8894","\N","\N","114-115","\N"
"186","36","3580","\N","tolls","114-115","\N"
"190","40","8892","\N","\N","171","\N"
"192","40","8890","\N","\N","171","\N"
"194","40","4868","\N","\N","171","\N"
"196","40","8891","\N","\N","171","\N"
"198","40","8893","\N","\N","171","\N"
"200","40","8894","\N","\N","171","\N"
"204","42","18","\N","staple","202-226","\N"
"206","44","8884","\N","\N","1-5","\N"
"210","46","18","\N","\N","\N","\N"
"212","46","18","\N","staple","\N","\N"
"214","42","3580","\N","staple","208","\N"
"216","46","2778","\N","staple","32","\N"
"218","46","4958","\N","staple","33","\N"
"220","6","4604","\N","staple","69-70, 167-168, 202-203","\N"
"222","6","2777","\N","tolls","70","\N"
"224","6","2777","\N","staple","70-72, 159-162, 196-198, 224","\N"
"226","6","973","\N","staple","72-73, 155-157, 195, 223-224","\N"
"228","6","7461","\N","staple","74","\N"
"230","6","6545","\N","staple","74","\N"
"232","6","8505","\N","staple","74","\N"
"234","6","2106","\N","staple","75-76","\N"
"236","6","7413","\N","tolls","75","\N"
"246","6","1750","\N","staple","77-78","\N"
"248","38","366","\N","\N","45","\N"
"250","38","403","\N","\N","48","\N"
"252","38","402","\N","\N","47","\N"
"258","6","1333","\N","staple","78-79, 172","\N"
"260","6","4015","\N","staple","79-80, 87, 174","\N"
"262","6","7696","\N","staple","79-82, 172-174","\N"
"264","6","6034","\N","staple","83","\N"
"268","6","2234","\N","staple","85, 90-91","\N"
"270","6","6074","\N","staple","87, 174","\N"
"272","6","2242","\N","staple","87","\N"
"274","6","8205","\N","staple","87","\N"
"276","6","3491","\N","staple","87","\N"
"278","6","4612","\N","staple","87-88","\N"
"280","6","8461","\N","staple","87-88, 178","\N"
"282","6","4349","\N","staple","88-89, 174","\N"
"284","6","4168","\N","staple","89","\N"
"286","6","2407","\N","\N","75","\N"
"288","38","413","\N","\N","48","\N"
"294","38","98","\N","\N","20","\N"
"302","50","8897","\N","\N","443","\N"
"304","50","8898","\N","\N","443","\N"
"306","52","7322","\N","\N","\N","\N"
"308","54","7322","\N","\N","\N","\N"
"310","56","8899","\N","\N","1, 45-46, 58","\N"
"312","34","8899","\N","\N","275","\N"
"314","56","8899","\N","fairs","47-49","\N"
"316","58","3026","\N","tolls","44-45","\N"
"318","60","8899","\N","\N","260-265","\N"
"320","60","3026","\N","\N","190-194","\N"
"322","58","3026","\N","fairs","25-26","\N"
"324","58","3026","\N","\N","\N","\N"
"326","30","8885","\N","tolls","75","\N"
"328","58","8885","\N","tolls","45","\N"
"330","58","8900","\N","tolls","45","\N"
"332","60","8884","\N","fairs","303","\N"
"334","60","8884","\N","\N","301-308","\N"
"336","38","418","\N","\N","48","\N"
"338","38","426","\N","\N","48-49","\N"
"340","38","429","\N","\N","49","\N"
"342","6","1570","\N","staple","95-96, 166","\N"
"344","6","8513","\N","staple","95","\N"
"346","6","5949","\N","\N","94","\N"
"348","6","4705","\N","staple","92-94, 136, 165-166, 198-199, 224-226","\N"
"350","6","4716","\N","staple","104-105, 146-148, 189-190, 220","\N"
"352","6","3852","\N","staple","105","\N"
"354","6","4955","\N","staple","106, 150-151, 223","\N"
"356","6","3696","\N","staple","107","\N"
"358","6","8807","\N","staple","125-126","\N"
"360","6","5427","\N","staple","127","\N"
"362","38","440","\N","\N","49","\N"
"364","38","442","\N","\N","50","\N"
"366","6","2313","\N","staple","129","\N"
"368","6","2602","\N","staple","130","\N"
"370","6","4625","\N","staple","130","\N"
"372","38","448","\N","\N","50","\N"
"374","6","928","\N","staple","132 n 3","\N"
"376","48","454","\N","\N","82","\N"
"378","6","579","\N","tolls","30","\N"
"380","6","7281","\N","staple","132 n 3","\N"
"382","62","103","\N","\N","8","\N"
"388","6","4337","\N","staple","133-136, 199-202","\N"
"390","62","105","\N","\N","6","\N"
"392","38","106","\N","\N","21","\N"
"394","38","464","\N","\N","51","\N"
"398","38","473","\N","\N","52","\N"
"400","38","476","\N","\N","52","\N"
"402","38","112","\N","\N","23","\N"
"404","38","479","\N","\N","52","\N"
"408","28","8000","\N","staple","647","\N"
"410","6","8000","\N","staple","140","\N"
"412","28","8000","\N","\N","647","\N"
"414","28","6477","\N","staple","648","\N"
"416","6","6477","\N","staple","140","\N"
"418","6","250","\N","staple","141","\N"
"420","38","115","\N","\N","23","\N"
"424","38","482","\N","\N","52-53","\N"
"426","38","485","\N","\N","53","\N"
"430","38","494","\N","\N","54","\N"
"432","38","500","\N","\N","54","\N"
"434","38","503","\N","\N","54","\N"
"436","6","1790","\N","staple","152-155, 194-195, 228","\N"
"438","38","517","\N","\N","55","\N"
"440","6","2456","\N","staple","152-154","\N"
"442","38","523","\N","\N","55","\N"
"444","6","4958","\N","staple","156, 195, 223-224","\N"
"446","38","526","\N","\N","55-56","\N"
"448","6","18","\N","staple","157-159","\N"
"450","6","3580","\N","staple","158","\N"
"452","38","544","\N","\N","56","\N"
"454","38","122","\N","\N","24","\N"
"456","38","124","\N","\N","24","\N"
"458","38","563","\N","\N","58","\N"
"460","38","568","\N","\N","214","\N"
"464","66","130","\N","\N","26","\N"
"466","38","577","\N","\N","58","\N"
"470","38","580","\N","\N","59","\N"
"474","6","4653","\N","staple","162-165","\N"
"478","6","6226","\N","staple","174","\N"
"480","6","7612","\N","staple","174","\N"
"482","6","3911","\N","staple","174-178, 207-210","\N"
"484","6","7722","\N","staple","176-177","\N"
"486","6","7722","\N","\N","176-177","\N"
"488","6","4871","\N","staple","177-178","\N"
"490","6","4000","\N","staple","178","\N"
"492","6","1537","\N","staple","179","\N"
"494","38","594","\N","\N","61","\N"
"496","38","598","\N","\N","61","\N"
"498","48","376","\N","\N","78","\N"
"502","68","379","\N","\N","14","\N"
"504","62","411","\N","\N","29","\N"
"506","68","414","\N","\N","15","\N"
"508","38","140","\N","\N","25","\N"
"510","70","11","\N","\N","37-38","\N"
"512","68","450","\N","\N","19-20","\N"
"516","38","147","\N","\N","26","\N"
"518","72","451","\N","\N","43","\N"
"520","6","1826","\N","staple","134-135, 200","\N"
"522","64","492","\N","\N","52f.","\N"
"524","6","8901","\N","staple","138-139","\N"
"528","38","162","\N","\N","465","\N"
"530","48","512","\N","\N","85-86","\N"
"532","6","258","\N","staple","206","\N"
"534","74","516","\N","\N","45","\N"
"536","74","539","\N","\N","48f.","\N"
"540","4","2999","\N","\N","330","\N"
"542","38","170","\N","\N","688","\N"
"544","4","2053","\N","tolls","330","\N"
"546","4","8913","\N","\N","330","\N"
"548","76","2999","\N","\N","74","\N"
"552","30","2999","\N","\N","82","\N"
"558","80","3240","\N","\N","205-206","\N"
"562","82","8913","\N","\N","\N","\N"
"564","80","886","\N","\N","65","\N"
"566","4","8914","\N","\N","440","\N"
"568","82","8914","\N","\N","\N","\N"
"570","84","3240","\N","\N","396-408","\N"
"572","38","3240","\N","\N","280","\N"
"580","86","886","\N","\N","626-628","\N"
"588","88","3240","\N","fairs","224-225","\N"
"590","90","3240","\N","fairs","431, 436","\N"
"594","88","8915","\N","\N","49-51","\N"
"596","78","8915","\N","\N","157","\N"
"598","84","8915","\N","\N","160-161","\N"
"600","84","8915","\N","tolls","160 n. 30","\N"
"602","62","578","\N","\N","43","\N"
"604","74","605","\N","\N","63-64","\N"
"610","74","624","\N","\N","65f.","\N"
"616","38","626","\N","\N","62","\N"
"618","96","629","\N","\N","36-37","\N"
"620","38","186","\N","\N","28","\N"
"622","38","188","\N","\N","108","\N"
"640","72","210","\N","\N","30","\N"
"642","38","647","\N","\N","65","\N"
"644","38","648","\N","\N","65","\N"
"646","38","652","\N","\N","65f.","\N"
"648","76","58","\N","\N","119","\N"
"650","38","671","\N","\N","67","\N"
"654","118","617","\N","\N","34-35","\N"
"658","48","677","\N","\N","96","\N"
"660","38","679","\N","\N","68","\N"
"662","38","670","\N","\N","67","\N"
"664","38","7973","\N","\N","650","\N"
"666","60","7973","\N","\N","360","\N"
"668","70","56","\N","\N","53-54","\N"
"672","122","7973","\N","fairs","65","\N"
"674","122","7973","\N","\N","\N","\N"
"680","124","7973","\N","\N","\N","\N"
"682","126","2999","\N","tolls","\N","\N"
"686","126","8916","\N","tolls","\N","\N"
"690","96","4280","\N","\N","140-141","\N"
"694","126","3175","\N","tolls","\N","\N"
"696","96","3175","\N","\N","119-122","\N"
"698","38","3175","\N","\N","273","\N"
"702","72","8917","\N","\N","60-61","\N"
"704","134","8917","\N","tolls","53-54","\N"
"706","136","8917","\N","tolls","66","\N"
"708","136","8917","\N","fairs","46, 52","\N"
"710","136","8917","\N","\N","21-73","\N"
"712","60","3175","\N","tolls","204","\N"
"714","138","3175","\N","tolls","113","\N"
"716","60","3175","\N","fairs","203","\N"
"718","96","7837","\N","\N","199-200","\N"
"720","96","4638","\N","\N","150-151","\N"
"722","96","5188","\N","\N","161-162","\N"
"724","96","242","\N","\N","27-29","\N"
"726","96","7324","\N","\N","191-192","\N"
"728","140","7324","\N","\N","75-77","\N"
"730","140","3175","\N","\N","65-69","\N"
"732","140","1856","\N","tolls","78","\N"
"734","140","1856","\N","\N","78-80","\N"
"736","96","1856","\N","\N","81-82","\N"
"738","76","1856","\N","tolls","104","\N"
"740","76","4484","\N","tolls","104","\N"
"742","96","4484","\N","\N","145-146","\N"
"744","96","8394","\N","\N","218-219","\N"
"746","142","8394","\N","\N","37","\N"
"748","76","8394","\N","tolls","104","\N"
"750","120","58","\N","\N","Nr. 478/B3","\N"
"752","144","58","\N","\N","117","\N"
"754","146","7973","\N","fairs","127-133","\N"
"760","140","771","\N","\N","70-74","\N"
"762","126","771","\N","tolls","\N","\N"
"764","76","771","\N","tolls","104","\N"
"766","38","690","\N","\N","69","\N"
"768","148","691","\N","\N","54","\N"
"770","38","695","\N","\N","70","\N"
"772","38","698","\N","\N","71","\N"
"774","62","702","\N","\N","48","\N"
"776","96","8920","\N","\N","173-174","\N"
"778","142","8920","\N","\N","32-34","\N"
"780","126","8920","\N","tolls","\N","\N"
"782","30","771","\N","\N","83","\N"
"786","150","771","\N","tolls","89-90","\N"
"790","62","235","\N","\N","12","\N"
"792","126","8921","\N","tolls","\N","\N"
"794","126","8922","\N","tolls","\N","\N"
"796","38","241","\N","\N","32","\N"
"798","96","245","\N","\N","29","\N"
"800","4","247","\N","\N","343","\N"
"804","38","253","\N","\N","33","\N"
"806","38","255","\N","\N","33","\N"
"808","72","5","\N","\N","32","\N"
"810","38","261","\N","\N","34","\N"
"816","38","710","\N","\N","72-73","\N"
"818","48","718","\N","\N","99","\N"
"822","38","728","\N","\N","74","\N"
"828","38","295","\N","\N","37-38","\N"
"830","38","753","\N","\N","75f.","\N"
"832","38","755","\N","\N","76","\N"
"834","74","758","\N","\N","78f.","\N"
"836","66","298","\N","\N","38-39","\N"
"838","38","757","\N","\N","76","\N"
"842","62","305","\N","\N","23","\N"
"846","62","307","\N","\N","25","\N"
"848","118","769","\N","\N","39","\N"
"852","152","2778","\N","staple","34","\N"
"856","38","317","\N","\N","40","\N"
"862","38","777","\N","\N","46","\N"
"864","38","778","\N","\N","77","\N"
"866","96","778","\N","\N","40f.","\N"
"870","38","784","\N","\N","77f.","\N"
"872","66","331","\N","\N","43","\N"
"874","38","792","\N","\N","78","\N"
"878","38","817","\N","\N","79","\N"
"880","38","826","\N","\N","80","\N"
"882","38","830","\N","\N","80","\N"
"884","74","832","\N","\N","82","\N"
"886","38","839","\N","\N","81","\N"
"888","38","848","\N","\N","81","\N"
"890","66","860","\N","\N","73","\N"
"892","156","861","\N","\N","37-38","\N"
"894","48","862","\N","\N","101","\N"
"896","62","864","\N","\N","61","\N"
"902","126","8885","\N","tolls","\N","\N"
"906","126","8045","\N","tolls","\N","\N"
"912","38","8924","\N","\N","490","\N"
"916","38","8045","\N","\N","644","\N"
"918","38","351","\N","\N","43-44","\N"
"920","126","5901","\N","tolls","\N","\N"
"922","38","5901","\N","tolls","483","\N"
"924","38","5901","\N","\N","483","\N"
"930","30","4958","\N","\N","84","\N"
"932","38","4958","\N","\N","406","\N"
"934","38","8925","\N","\N","603","\N"
"936","126","8925","\N","tolls","\N","\N"
"938","126","8926","\N","tolls","\N","\N"
"942","38","5398","\N","\N","449","\N"
"946","126","8927","\N","tolls","\N","\N"
"948","38","1159","\N","\N","107","\N"
"950","38","1160","\N","\N","107","\N"
"952","126","8928","\N","tolls","\N","\N"
"954","126","8929","\N","tolls","\N","\N"
"956","72","1163","\N","\N","223","\N"
"958","38","1164","\N","\N","464","\N"
"960","38","1165","\N","\N","108","\N"
"962","38","1166","\N","\N","132","\N"
"964","126","8930","\N","tolls","\N","\N"
"966","158","8930","\N","tolls","28-29, 35-37, 101-135","\N"
"968","62","892","\N","\N","64-65","\N"
"970","70","6","\N","\N","71","\N"
"972","160","910","\N","\N","52","\N"
"976","60","2778","\N","\N","164-169","\N"
"980","38","917","\N","\N","84","\N"
"982","38","922","\N","\N","84","\N"
"984","162","4958","\N","\N","247-251","\N"
"986","38","923","\N","\N","85","\N"
"988","162","8045","\N","tolls","354","\N"
"990","162","8045","\N","\N","353-355","\N"
"992","38","928","\N","\N","85","\N"
"994","38","942","\N","\N","87","\N"
"996","38","948","\N","\N","87","\N"
"998","66","952","\N","\N","77-78","\N"
"1000","70","18","\N","\N","286-288","\N"
"1006","164","150","\N","\N","5","\N"
"1008","166","237","\N","\N","30","\N"
"1014","164","349","\N","\N","11","\N"
"1016","164","485","\N","\N","13","\N"
"1020","164","496","\N","\N","13","\N"
"1024","38","1177","\N","\N","108","\N"
"1026","168","8921","\N","tolls","19, 26","\N"
"1028","170","8928","\N","tolls","\N","\N"
"1030","172","1429","\N","\N","\N","\N"
"1036","174","5901","\N","tolls","\N","\N"
"1038","176","8935","\N","\N","117","\N"
"1044","176","3175","\N","\N","121","\N"
"1046","176","8931","\N","\N","122","\N"
"1050","176","8936","\N","\N","123","\N"
"1054","176","4958","\N","\N","125-126","\N"
"1056","176","8937","\N","\N","125","\N"
"1058","176","8938","\N","\N","127","\N"
"1064","178","8938","\N","\N","346-349","\N"
"1068","180","8938","\N","\N","206","\N"
"1070","60","973","\N","\N","51-67","\N"
"1072","164","763","\N","\N","20","\N"
"1074","164","834","\N","\N","22","\N"
"1076","164","887","\N","\N","23","\N"
"1078","182","1002","\N","\N","61","\N"
"1080","182","1894","\N","\N","91","\N"
"1082","182","2379","\N","\N","99","\N"
"1084","182","464","\N","\N","51-52","\N"
"1086","182","5253","\N","\N","161","\N"
"1088","182","6921","\N","\N","192","\N"
"1090","182","7535","\N","\N","209-210","\N"
"1092","164","908","\N","\N","23","\N"
"1094","124","8045","\N","tolls","47","\N"
"1096","74","974","\N","\N","86","\N"
"1100","66","976","\N","\N","78f.","\N"
"1102","66","977","\N","\N","79f.","\N"
"1104","38","1190","\N","\N","109","\N"
"1108","38","999","\N","\N","93","\N"
"1110","38","989","\N","\N","92","\N"
"1112","38","993","\N","\N","92","\N"
"1114","38","994","\N","\N","92","\N"
"1116","38","1017","\N","\N","94","\N"
"1118","38","1018","\N","\N","94","\N"
"1120","66","1026","\N","\N","85","\N"
"1122","182","420","\N","\N","48","\N"
"1124","182","3672","\N","\N","132-133","\N"
"1126","74","1039","\N","\N","93","\N"
"1128","4","7881","\N","\N","390","\N"
"1130","182","1695","\N","\N","84-85","\N"
"1132","118","1043","\N","\N","43-44","\N"
"1134","182","5053","\N","\N","158","\N"
"1136","182","7865","\N","\N","214-215","\N"
"1138","72","1047","\N","\N","68","\N"
"1140","72","1048","\N","\N","68-69","\N"
"1142","182","2551","\N","\N","182","\N"
"1144","38","7881","\N","\N","629","\N"
"1146","182","440","\N","\N","49","\N"
"1148","182","3960","\N","\N","69","\N"
"1150","182","3357","\N","\N","80","\N"
"1152","182","1429","\N","\N","73-76","\N"
"1154","182","4350","\N","\N","144","\N"
"1156","182","4352","\N","\N","144","\N"
"1158","182","1140","\N","\N","66-67","\N"
"1160","182","2915","\N","\N","112","\N"
"1162","38","1069","\N","\N","99","\N"
"1164","182","6627","\N","\N","184","\N"
"1166","182","7965","\N","\N","217","\N"
"1168","48","1079","\N","\N","100","\N"
"1170","38","1082","\N","\N","99","\N"
"1172","38","717","\N","\N","73","\N"
"1174","4","717","\N","tolls","192","\N"
"1178","96","2766","\N","\N","100","\N"
"1180","96","4041","\N","\N","136-137","\N"
"1182","96","2752","\N","\N","111-112","\N"
"1184","184","2778","\N","\N","57-64, 83-94, 172-179","\N"
"1186","38","7268","\N","\N","586-586","\N"
"1188","186","7268","\N","\N","\N","\N"
"1190","38","1951","\N","\N","262","\N"
"1192","188","288","\N","\N","57, 63","\N"
"1194","190","1082","\N","\N","41-43","\N"
"1196","192","8937","\N","\N","29","\N"
"1198","192","4958","\N","fairs","42-44","\N"
"1200","192","4958","\N","\N","7-39","\N"
"1202","194","4958","\N","staple","\N","\N"
"1204","196","8900","\N","tolls","44","\N"
"1206","196","3026","\N","tolls","44","\N"
"1212","198","8885","\N","tolls","\N","\N"
"1214","196","8885","\N","tolls","\N","\N"
"1216","198","3026","\N","tolls","\N","\N"
"1218","4","17","\N","\N","306-307","\N"
"1220","154","17","\N","\N","38","\N"
"1222","154","8931","\N","\N","38","\N"
"1226","154","8447","\N","tolls","38","\N"
"1228","154","2067","\N","tolls","38","\N"
"1232","38","4958","\N","tolls","406","\N"
"1234","60","4958","\N","tolls","251","\N"
"1236","154","35","\N","\N","45","\N"
"1238","70","35","\N","\N","104-105","\N"
"1240","38","5623","\N","\N","469","\N"
"1242","154","5623","\N","\N","45","\N"
"1244","38","1379","\N","\N","119","\N"
"1246","154","1379","\N","\N","45","\N"
"1248","154","8447","\N","\N","45","\N"
"1250","38","8447","\N","\N","680","\N"
"1252","154","4958","\N","tolls","46","\N"
"1254","154","2795","\N","\N","45","\N"
"1256","154","8649","\N","\N","45","\N"
"1260","200","8938","\N","\N","48-49","\N"
"1262","202","18","\N","staple","\N","\N"
"1264","38","4218","\N","\N","344","\N"
"1266","38","8005","\N","\N","639-640","\N"
"1268","4","2067","\N","tolls","260","\N"
"1270","158","8942","\N","tolls","35-37","\N"
"1274","72","45","\N","\N","71","\N"
"1276","164","1097","\N","\N","27","\N"
"1278","70","15","\N","\N","79","\N"
"1280","164","1108","\N","\N","27-28","\N"
"1282","164","1111","\N","\N","28","\N"
"1284","38","1116","\N","\N","100","\N"
"1286","38","1123","\N","\N","101","\N"
"1288","38","1125","\N","\N","99","\N"
"1290","38","1127","\N","\N","102","\N"
"1292","38","1131","\N","\N","102","\N"
"1294","48","1132","\N","\N","357","\N"
"1298","38","1152","\N","\N","105","\N"
"1300","38","1154","\N","\N","106","\N"
"1304","38","1305","\N","\N","275","\N"
"1306","118","1233","\N","\N","48","\N"
"1308","38","1306","\N","\N","115","\N"
"1310","38","1236","\N","\N","110","\N"
"1312","38","1323","\N","\N","116","\N"
"1314","38","1238","\N","\N","111","\N"
"1318","156","1329","\N","\N","47","\N"
"1320","38","1330","\N","\N","116","\N"
"1324","38","1249","\N","\N","112","\N"
"1326","38","1234","\N","\N","110","\N"
"1328","38","1250","\N","\N","112","\N"
"1330","38","1251","\N","\N","112","\N"
"1332","38","1341","\N","\N","117","\N"
"1334","48","1255","\N","\N","113","\N"
"1336","38","1256","\N","\N","113","\N"
"1338","38","1258","\N","\N","113","\N"
"1340","38","1661","\N","\N","141","\N"
"1342","38","1370","\N","\N","119","\N"
"1344","96","1378","\N","\N","60-61","\N"
"1346","38","1665","\N","\N","142","\N"
"1348","38","1385","\N","\N","120","\N"
"1350","118","1394","\N","\N","52","\N"
"1352","38","1401","\N","\N","121","\N"
"1354","38","1406","\N","\N","121","\N"
"1356","204","8926","\N","tolls","269","\N"
"1360","76","7324","\N","tolls","13","\N"
"1362","206","7324","\N","tolls","200-201","\N"
"1364","206","8394","\N","tolls","200-201","\N"
"1366","206","4484","\N","tolls","200-201","\N"
"1368","206","2053","\N","tolls","200-201","\N"
"1370","76","245","\N","tolls","100","\N"
"1372","206","245","\N","tolls","200-201","\N"
"1374","4","245","\N","tolls","290n28","\N"
"1376","72","1669","\N","\N","109","\N"
"1378","76","1378","\N","tolls","80","\N"
"1380","206","1378","\N","tolls","200-201","\N"
"1382","206","3175","\N","tolls","200-203","\N"
"1386","70","1426","\N","\N","97","\N"
"1388","38","1434","\N","\N","54","\N"
"1390","64","1437","\N","\N","102-103","\N"
"1392","38","1676","\N","\N","143-144","\N"
"1394","38","1441","\N","\N","126","\N"
"1398","208","8943","\N","\N","34-35","\N"
"1402","208","8944","\N","\N","35","\N"
"1404","212","4275","\N","tolls","16","\N"
"1406","214","8925","\N","\N","243-244","\N"
"1408","216","2807","\N","\N","Plaatsnaam: Harderwijk (consulted 26 June 2019)","\N"
"1410","216","142","\N","\N","Plaatsnaam: Almelo (consulted 26 June 2019)","\N"
"1412","218","8925","\N","fairs","291","\N"
"1414","216","244","\N","\N","Plaatsnaam: Amersfoort (consulted 26 June 2019)","\N"
"1418","216","250","\N","\N","Plaatsnaam: Amsterdam (consulted 27 June 2019)","\N"
"1420","216","280","\N","\N","Plaatsnaam: Appingedam (consulted 27 June 2019)","\N"
"1422","216","296","\N","\N","Plaatsnaam: Arnhem (consulted 27 June 2019)","\N"
"1424","216","330","\N","\N","Plaatsnaam: Assen (consulted 27 June 2019)","\N"
"1428","216","362","\N","\N","Plaatsnaam: Baarn (consulted 27 June 2019)","\N"
"1430","216","565","\N","\N","Plaatsnaam: Bergen op Zoom (consulted 27 June 2019)","\N"
"1432","216","727","\N","\N","Plaatsnaam: Blokzijl (consulted 27 June 2019)","\N"
"1434","216","809","\N","\N","Plaatsnaam: Bolsward (consulted 27 June 2019)","\N"
"1436","216","829","\N","\N","Plaatsnaam: Borculo (consulted 27 June 2019)","\N"
"1438","216","949","\N","\N","Plaatsnaam: Breda (consulted 27 June 2019)","\N"
"1440","216","991","\N","\N","Plaatsnaam: Brielle (consulted 27 June 2019)","\N"
"1442","220","4958","\N","fairs","9","\N"
"1444","222","8885","\N","tolls","10","\N"
"1446","222","8885","\N","\N","\N","\N"
"1448","224","8922","\N","tolls","62","\N"
"1452","224","867","\N","\N","23","\N"
"1454","224","1007","\N","\N","23","\N"
"1456","224","4275","\N","\N","23","\N"
"1458","226","8943","\N","\N","82, 88-90","\N"
"1460","226","8944","\N","\N","90-91","\N"
"1464","38","1455","\N","\N","128","\N"
"1466","62","1458","\N","\N","101-102","\N"
"1468","60","80","\N","\N","17","\N"
"1470","60","122","\N","\N","18","\N"
"1472","38","1467","\N","\N","128","\N"
"1474","38","1468","\N","\N","128-129","\N"
"1476","60","351","\N","\N","24","\N"
"1478","164","1488","\N","\N","33","\N"
"1480","62","1489","\N","\N","103","\N"
"1484","64","1494","\N","\N","105","\N"
"1486","60","717","\N","tolls","32","\N"
"1488","60","757","\N","\N","33","\N"
"1490","38","1509","\N","\N","129","\N"
"1492","38","1350","\N","\N","118","\N"
"1494","60","922","\N","\N","39","\N"
"1496","60","940","\N","\N","41","\N"
"1498","158","1177","\N","tolls","1-2, 6-7, 12-18, 26-28, 35-36, 44-71, 95-99","\N"
"1500","158","6379","\N","tolls","7, 27-28, 95-99","\N"
"1502","164","1522","\N","\N","33","\N"
"1506","38","1526","\N","\N","134","\N"
"1508","158","1863","\N","tolls","8, 19-21, 72-85","\N"
"1512","38","1529","\N","\N","134","\N"
"1516","158","8955","\N","\N","8","\N"
"1518","66","1532","\N","\N","114","\N"
"1520","158","8956","\N","\N","8, 23, 32-33","\N"
"1522","158","8957","\N","\N","8","\N"
"1526","158","8958","\N","\N","8","\N"
"1528","154","4260","\N","tolls","49","\N"
"1530","158","4260","\N","tolls","9, 35","\N"
"1532","4","4260","\N","tolls","268","\N"
"1536","158","8959","\N","\N","8","\N"
"1538","38","1538","\N","\N","135","\N"
"1540","158","8960","\N","\N","11","\N"
"1542","158","8962","\N","\N","11","\N"
"1544","158","8963","\N","\N","11","\N"
"1546","48","1540","\N","\N","127-128","\N"
"1548","68","1541","\N","\N","38","\N"
"1550","38","1542","\N","\N","135","\N"
"1552","164","1543","\N","\N","34","\N"
"1556","162","1545","\N","\N","108","\N"
"1558","158","8965","\N","\N","15","\N"
"1560","158","8966","\N","\N","15","\N"
"1562","158","8967","\N","\N","15","\N"
"1564","158","1177","\N","staple","12, 26, 41","\N"
"1566","62","8968","\N","\N","301-302","\N"
"1570","158","8969","\N","\N","19","\N"
"1572","62","8970","\N","\N","318","\N"
"1576","158","8485","\N","tolls","19, 100","\N"
"1578","158","8971","\N","tolls","19, 27-28, 100","\N"
"1580","158","5307","\N","tolls","8, 19-21","\N"
"1582","158","1863","\N","\N","23, 31-32","\N"
"1584","158","1131","\N","tolls","23","\N"
"1586","158","8972","\N","\N","23, 31-32, 39","\N"
"1588","228","8966","\N","\N","232","\N"
"1590","228","8967","\N","\N","232","\N"
"1592","228","8965","\N","\N","232","\N"
"1594","228","942","\N","tolls","631-632","\N"
"1596","228","942","\N","fairs","636","\N"
"1598","230","942","\N","fairs","336, 345, n. 54","\N"
"1600","232","942","\N","fairs","113-114","\N"
"1602","234","942","\N","fairs","514-528","\N"
"1604","236","4260","\N","tolls","328","\N"
"1606","230","1177","\N","fairs","336, n. 55","\N"
"1608","230","122","\N","fairs","336, n. 53","\N"
"1610","230","50","\N","fairs","336n56","\N"
"1612","230","0","\N","fairs","336-337, n. 57","\N"
"1616","230","2765","\N","fairs","337, 343","\N"
"1618","230","2795","\N","fairs","337, n. 61","\N"
"1620","230","3050","\N","fairs","337n62, 343-344","\N"
"1622","230","4653","\N","fairs","337, n. 63","\N"
"1624","238","4653","\N","fairs","78-79","\N"
"1626","230","4705","\N","fairs","337, 342-343, n. 64, 87","\N"
"1628","230","1","\N","fairs","337, n. 65","\N"
"1630","230","6712","\N","fairs","337","\N"
"1632","230","7894","\N","fairs","337","\N"
"1634","230","8336","\N","fairs","338","\N"
"1636","230","2337","\N","fairs","339, 348n119","\N"
"1638","230","7405","\N","fairs","339","\N"
"1640","230","1610","\N","fairs","339","\N"
"1642","230","6195","\N","fairs","339","\N"
"1644","230","322","\N","fairs","339","\N"
"1646","230","4337","\N","fairs","341-345","\N"
"1648","240","942","\N","fairs","418","\N"
"1650","230","1826","\N","fairs","345, n 109","\N"
"1652","242","1826","\N","fairs","203-206","\N"
"1654","230","1987","\N","fairs","335","\N"
"1656","244","973","\N","fairs","237-238","\N"
"1658","244","8447","\N","tolls","238","\N"
"1660","244","8447","\N","fairs","238","\N"
"1662","244","5623","\N","tolls","239","\N"
"1664","246","5623","\N","\N","31-36","\N"
"1666","38","1568","\N","\N","137","\N"
"1668","64","1568","\N","\N","109-110","\N"
"1670","38","1570","\N","\N","137","\N"
"1672","162","1568","\N","\N","117","\N"
"1674","38","1576","\N","\N","138","\N"
"1676","80","1576","\N","\N","113f.","\N"
"1680","38","1585","\N","\N","138","\N"
"1682","162","1585","\N","\N","121","\N"
"1684","72","1590","\N","\N","100-101","\N"
"1686","74","1593","\N","\N","127f.","\N"
"1688","244","1790","\N","tolls","251","\N"
"1690","244","1790","\N","fairs","251-252","\N"
"1692","38","212","\N","\N","243","\N"
"1694","38","8974","\N","\N","243","\N"
"1696","244","8974","\N","fairs","241-242","\N"
"1698","244","2036","\N","fairs","240-241","\N"
"1700","162","1542","\N","\N","106","\N"
"1702","248","2795","\N","fairs","85","\N"
"1704","248","2795","\N","\N","\N","\N"
"1706","250","2795","\N","\N","\N","\N"
"1708","230","2777","\N","fairs","338, n. 71","\N"
"1710","252","2777","\N","fairs","218-219","\N"
"1712","254","2777","\N","fairs","13-24, 35-36, 57-58","\N"
"1714","256","122","\N","fairs","261","\N"
"1716","258","616","\N","\N","89","\N"
"1720","258","1734","\N","\N","322","\N"
"1722","258","7928","\N","\N","322, 326","\N"
"1724","260","50","\N","fairs","247-248","\N"
"1726","260","43","\N","\N","201","\N"
"1728","4","43","\N","\N","291","\N"
"1730","260","8975","\N","\N","202","\N"
"1732","4","8975","\N","\N","330","\N"
"1736","260","44","\N","\N","35","\N"
"1738","76","44","\N","tolls","93","\N"
"1740","72","4777","\N","\N","258","\N"
"1742","260","4777","\N","\N","36","\N"
"1744","72","44","\N","\N","357","\N"
"1746","262","4777","\N","\N","497-498","\N"
"1748","72","1341","\N","\N","86-87","\N"
"1750","264","0","\N","tolls","423-436","\N"
"1752","264","21","\N","\N","375-377","\N"
"1754","264","8977","\N","\N","377","\N"
"1756","60","942","\N","\N","42-43","\N"
"1760","266","147","\N","\N","\N","\N"
"1762","264","7","\N","tolls","350","\N"
"1764","76","5","\N","tolls","110","\N"
"1766","76","0","\N","tolls","110","\N"
"1768","72","3","\N","\N","278-279","\N"
"1770","76","8","\N","\N","88","\N"
"1772","264","3","\N","tolls","350, n. 21","\N"
"1774","76","3","\N","tolls","88","\N"
"1776","76","3","\N","\N","88","\N"
"1778","258","4757","\N","\N","322, 336","\N"
"1780","4","4757","\N","tolls","293","\N"
"1782","4","767","\N","tolls","293","\N"
"1784","4","4213","\N","tolls","293","\N"
"1786","258","3346","\N","\N","89, 322","\N"
"1788","258","4623","\N","\N","46, 88, 121","\N"
"1790","258","5567","\N","\N","47","\N"
"1792","1088","767","\N","\N","55","\N"
"1794","258","7417","\N","\N","69, 88","\N"
"1796","270","4337","\N","fairs","21-22","\N"
"1798","272","4337","\N","fairs","\N","\N"
"1800","234","4337","\N","\N","390-394","\N"
"1802","234","4337","\N","fairs","394-429","\N"
"1804","234","1987","\N","\N","73","\N"
"1806","234","1987","\N","fairs","77-105, 129-135","\N"
"1808","274","31","\N","\N","38-39","\N"
"1810","276","31","\N","\N","34-35","\N"
"1812","274","52","\N","\N","36","\N"
"1814","276","52","\N","\N","30-32","\N"
"1816","278","46","\N","\N","150","\N"
"1818","76","8978","\N","\N","26","\N"
"1820","76","7400","\N","\N","25","\N"
"1822","280","1","\N","tolls","\N","\N"
"1824","72","1","\N","\N","281-282","\N"
"1826","282","1","\N","fairs","15-16","\N"
"1828","284","8447","\N","fairs","188-190","\N"
"1830","284","8447","\N","tolls","193-196","\N"
"1832","284","8447","\N","\N","71-129","\N"
"1834","286","1379","\N","tolls","17","\N"
"1836","288","1379","\N","fairs","6-7","\N"
"1838","290","1379","\N","\N","\N","\N"
"1840","244","5623","\N","fairs","239-240","\N"
"1842","292","5623","\N","tolls","70-75","\N"
"1844","294","5623","\N","tolls","383","\N"
"1846","292","5623","\N","fairs","48-49, 75","\N"
"1848","294","5623","\N","fairs","383","\N"
"1850","296","5623","\N","fairs","Teil 6, 117-118","\N"
"1856","300","1987","\N","fairs","102-107","\N"
"1858","302","1987","\N","fairs","\N","\N"
"1860","304","8980","\N","\N","196-198","\N"
"1864","304","8981","\N","\N","198","\N"
"1866","306","8823","\N","tolls","348-350","\N"
"1868","308","8982","\N","tolls","302-304","\N"
"1870","308","4653","\N","fairs","398-404","\N"
"1872","70","0","\N","\N","167","\N"
"1874","70","7","\N","\N","411","\N"
"1876","72","46","\N","\N","303","\N"
"1878","72","9","\N","\N","302-302","\N"
"1880","70","10","\N","\N","179-180","\N"
"1882","4","21","\N","\N","308","\N"
"1884","70","25","\N","\N","189","\N"
"1886","310","50","\N","\N","73-83","\N"
"1888","312","8447","\N","\N","8-9","\N"
"1890","312","5623","\N","\N","9-11","\N"
"1892","312","7973","\N","\N","11","\N"
"1894","312","2036","\N","\N","11","\N"
"1896","312","1236","\N","\N","11-13","\N"
"1898","38","8984","\N","\N","110","\N"
"1900","312","1379","\N","\N","13","\N"
"1902","244","4475","\N","fairs","242","\N"
"1904","244","628","\N","\N","242","\N"
"1906","38","1599","\N","\N","137","\N"
"1908","60","975","\N","\N","75-76","\N"
"1910","60","1082","\N","\N","78","\N"
"1912","60","1131","\N","\N","80","\N"
"1914","244","5704","\N","fairs","244-245","\N"
"1916","244","4860","\N","\N","245","\N"
"1920","244","6188","\N","fairs","245","\N"
"1922","244","1323","\N","fairs","245-246","\N"
"1924","72","1609","\N","\N","101","\N"
"1926","38","1610","\N","\N","136","\N"
"1928","70","1610","\N","\N","110","\N"
"1930","244","7973","\N","fairs","246-247","\N"
"1932","60","1154","\N","\N","81","\N"
"1934","38","1611","\N","\N","139","\N"
"1936","4","2840","\N","tolls","366","\N"
"1938","244","2840","\N","tolls","247","\N"
"1942","164","1615","\N","\N","37","\N"
"1944","38","1615","\N","\N","137","\N"
"1946","244","2840","\N","fairs","247-248","\N"
"1948","68","1618","\N","\N","41","\N"
"1950","60","1177","\N","\N","84","\N"
"1952","244","4881","\N","\N","248","\N"
"1954","244","4881","\N","fairs","248-249","\N"
"1956","60","1234","\N","\N","88","\N"
"1958","60","1236","\N","\N","91","\N"
"1960","314","8974","\N","fairs","146","\N"
"1962","38","8990","\N","\N","243","\N"
"1964","314","4216","\N","fairs","145-146","\N"
"1966","244","4216","\N","fairs","249","\N"
"1968","60","1330","\N","\N","96","\N"
"1970","244","2880","\N","fairs","249","\N"
"1972","314","2880","\N","fairs","146-147","\N"
"1974","60","1341","\N","\N","99","\N"
"1976","244","6398","\N","\N","250","\N"
"1978","244","6987","\N","\N","250","\N"
"1980","60","1379","\N","\N","100","\N"
"1982","244","8991","\N","\N","250","\N"
"1986","244","5461","\N","\N","250","\N"
"1990","316","6987","\N","\N","96","\N"
"1992","316","8991","\N","\N","96","\N"
"1994","316","8992","\N","\N","96","\N"
"1996","314","2840","\N","\N","133-136","\N"
"1998","314","2840","\N","fairs","336","\N"
"2000","314","4881","\N","fairs","137","\N"
"2002","314","4881","\N","\N","136-139","\N"
"2004","244","8993","\N","\N","229","\N"
"2006","314","8994","\N","\N","138","\N"
"2008","314","8995","\N","\N","139","\N"
"2010","314","7973","\N","\N","139-145","\N"
"2012","4","8997","\N","\N","366","\N"
"2014","244","8998","\N","\N","229","\N"
"2016","244","2036","\N","\N","240","\N"
"2020","176","9001","\N","\N","125-126","\N"
"2022","126","8933","\N","tolls","\N","\N"
"2024","176","8933","\N","\N","118-120","\N"
"2026","46","8933","\N","\N","\N","\N"
"2028","118","1622","\N","\N","54-55","\N"
"2030","176","8923","\N","\N","122","\N"
"2032","30","8923","\N","\N","83","\N"
"2034","154","8923","\N","tolls","46","\N"
"2036","126","8923","\N","tolls","\N","\N"
"2038","64","1626","\N","\N","113","\N"
"2040","164","1628","\N","\N","37","\N"
"2042","38","1633","\N","\N","137f.","\N"
"2044","38","1639","\N","\N","138","\N"
"2046","244","280","\N","fairs","251","\N"
"2048","318","1643","\N","\N","112-113","\N"
"2050","244","4309","\N","fairs","252","\N"
"2052","244","351","\N","fairs","253-254","\N"
"2054","244","5453","\N","\N","254","\N"
"2056","244","2177","\N","fairs","245","\N"
"2058","244","259","\N","fairs","245","\N"
"36889","3974","\N","494","edge","nr. 1424","\N"
"2062","320","6379","\N","tolls","42","\N"
"2064","320","8971","\N","tolls","42","\N"
"2066","320","8965","\N","\N","46-47","\N"
"2068","320","8966","\N","\N","47","\N"
"2070","320","1177","\N","tolls","48","\N"
"2074","320","3694","\N","\N","22-23","\N"
"2076","320","5735","\N","\N","24-25","\N"
"2078","320","6965","\N","\N","25-26","\N"
"2080","320","7551","\N","\N","27","\N"
"2082","320","188","\N","\N","31-33","\N"
"2086","320","9005","\N","\N","71-74","\N"
"2088","320","9006","\N","\N","72","\N"
"2090","322","8012","\N","\N","65, 85","\N"
"2092","320","5616","\N","\N","72-73","\N"
"2094","322","9007","\N","\N","28","\N"
"2096","322","5616","\N","\N","28, 63-64, 71","\N"
"2098","320","9008","\N","\N","72","\N"
"2100","320","9009","\N","\N","78","\N"
"2102","320","9010","\N","\N","78","\N"
"2104","48","9010","\N","\N","123","\N"
"2106","324","9010","\N","\N","41","\N"
"2108","320","9011","\N","\N","79","\N"
"2110","316","9011","\N","\N","71-72","\N"
"2112","326","8941","\N","\N","52, 167, 174, 211","\N"
"2114","326","973","\N","\N","22-52","\N"
"2116","4","975","\N","tolls","254","\N"
"2118","326","975","\N","tolls","49, 142, 146","\N"
"2122","4","1126","\N","\N","254","\N"
"2124","326","9012","\N","tolls","87","\N"
"2126","326","9012","\N","\N","87","\N"
"2128","4","9012","\N","\N","254","\N"
"2130","326","1130","\N","\N","87","\N"
"2132","60","1610","\N","\N","108","\N"
"2134","328","975","\N","\N","257","\N"
"2136","330","2861","\N","\N","361","\N"
"2138","74","1709","\N","\N","141f.","\N"
"2140","118","1711","\N","\N","62","\N"
"2142","330","2951","\N","\N","377","\N"
"2144","318","1713","\N","\N","115","\N"
"2146","332","973","\N","fairs","21-25","\N"
"2148","38","1789","\N","\N","155-156","\N"
"2150","60","1789","\N","\N","121","\N"
"2152","318","1717","\N","\N","117-118","\N"
"2154","72","1722","\N","\N","115","\N"
"2156","48","1723","\N","\N","135","\N"
"2158","62","1724","\N","\N","127","\N"
"2162","38","1790","\N","\N","156","\N"
"2164","96","1726","\N","\N","76-77","\N"
"2166","72","50","\N","\N","116-117","\N"
"2168","60","1856","\N","\N","126","\N"
"2170","68","1736","\N","\N","44-45","\N"
"36890","3321","\N","494","edge","157–158","\N"
"2174","38","1741","\N","\N","152","\N"
"2176","38","1750","\N","\N","153","\N"
"2178","74","1761","\N","\N","148f.","\N"
"2180","66","1763","\N","\N","135","\N"
"2182","64","1772","\N","\N","126","\N"
"2184","38","1775","\N","\N","154","\N"
"2186","38","1777","\N","\N","154","\N"
"2188","334","9014","\N","\N","234","\N"
"2190","76","9015","\N","\N","126","\N"
"2192","334","9015","\N","\N","231-233","\N"
"2194","164","1780","\N","\N","41","\N"
"2196","38","1786","\N","\N","154","\N"
"2198","62","1788","\N","\N","130","\N"
"2200","38","1791","\N","\N","156","\N"
"2202","62","1797","\N","\N","138","\N"
"2204","38","1798","\N","\N","156","\N"
"2208","230","2778","\N","fairs","337, n. 60","\N"
"2210","38","1801","\N","\N","159","\N"
"2212","38","1805","\N","\N","159","\N"
"2214","62","1806","\N","\N","142","\N"
"2216","162","1807","\N","\N","126-127","\N"
"2218","184","2778","\N","fairs","124","\N"
"2220","66","1810","\N","\N","144","\N"
"2222","64","1812","\N","\N","130f. ","\N"
"2224","166","1816","\N","\N","157","\N"
"2226","336","975","\N","tolls","21-22","\N"
"2228","336","975","\N","\N","17-19, 27-28","\N"
"2230","336","975","\N","fairs","41-42","\N"
"2232","338","9010","\N","\N","35-41","\N"
"2234","338","4459","\N","tolls","30-32","\N"
"2236","338","9023","\N","tolls","30-32","\N"
"2238","338","4459","\N","\N","22-24","\N"
"2240","322","8403","\N","\N","86-87","\N"
"2242","340","8403","\N","\N","487-488","\N"
"2244","342","3313","\N","\N","18","\N"
"2246","342","8403","\N","\N","18","\N"
"2248","342","8235","\N","\N","18","\N"
"2250","322","8235","\N","\N","33, 86, 92, 97","\N"
"2252","342","8605","\N","\N","18","\N"
"2254","322","8605","\N","\N","93, 95","\N"
"2256","342","8012","\N","\N","2","\N"
"2260","344","76","\N","\N","1f.","\N"
"2262","344","8880","\N","\N","3","\N"
"2264","344","125","\N","\N","10f.","\N"
"2266","344","143","\N","\N","13","\N"
"2268","344","138","\N","\N","15","\N"
"2270","344","248","\N","\N","16","\N"
"2272","344","264","\N","\N","20","\N"
"2274","344","287","\N","\N","23-24","\N"
"2276","344","309","\N","\N","30","\N"
"2278","344","342","\N","\N","34-35","\N"
"2280","344","156","\N","\N","124","\N"
"2282","344","1714","\N","\N","60f.","\N"
"2284","344","1803","\N","\N","65","\N"
"2286","346","9024","\N","tolls","20","\N"
"2288","346","718","\N","tolls","20","\N"
"2290","346","4459","\N","tolls","20","\N"
"2292","346","9023","\N","tolls","20","\N"
"2294","346","6965","\N","tolls","20","\N"
"2296","346","9025","\N","tolls","20","\N"
"2298","4","9025","\N","tolls","319","\N"
"2300","346","9026","\N","tolls","20","\N"
"2302","346","7684","\N","tolls","20","\N"
"2304","4","7684","\N","tolls","305","\N"
"2306","348","2036","\N","fairs","52-53","\N"
"2308","348","2036","\N","\N","50-52, 58-60","\N"
"2310","350","2036","\N","fairs","79-81","\N"
"2312","350","2036","\N","\N","73-75","\N"
"2314","350","2036","\N","tolls","81","\N"
"2316","352","1691","\N","\N","662","\N"
"2318","352","3540","\N","\N","670","\N"
"2320","352","7701","\N","\N","685","\N"
"2322","352","8080","\N","\N","685","\N"
"2324","60","1911","\N","\N","129","\N"
"2326","60","1912","\N","\N","130","\N"
"2332","60","2049","\N","\N","135","\N"
"2334","344","313","\N","\N","29","\N"
"2336","38","2084","\N","\N","196","\N"
"2338","60","2084","\N","\N","138","\N"
"2340","60","2199","\N","\N","142","\N"
"2342","60","0","\N","\N","144","\N"
"2344","60","2337","\N","\N","152","\N"
"2346","354","9027","\N","\N","A-K, 121","\N"
"2348","324","2759","\N","\N","40","\N"
"2350","400","4202","\N","\N","895-897","\N"
"2352","400","4202","\N","fairs","897","\N"
"2354","244","4202","\N","fairs","243","\N"
"2356","38","1826","\N","\N","160","\N"
"2358","38","1828","\N","\N","161","\N"
"2362","60","2795","\N","\N","169-177","\N"
"2364","38","1831","\N","\N","162","\N"
"2366","60","2802","\N","\N","177-180","\N"
"2370","358","4309","\N","fairs","28","\N"
"2372","358","4309","\N","\N","25, 30, 54","\N"
"2374","360","1836","\N","\N","154","\N"
"2376","360","1830","\N","\N","153f.","\N"
"2378","38","1838","\N","\N","162","\N"
"2380","60","2834","\N","\N","181-183","\N"
"2382","60","2840","\N","\N","183-184","\N"
"2384","362","4309","\N","\N","39-40","\N"
"2386","364","4309","\N","\N","9-24","\N"
"2388","366","2840","\N","\N","98, 110, 113-118","\N"
"2390","38","1846","\N","\N","163","\N"
"2392","74","1846","\N","\N","162","\N"
"2394","38","1851","\N","\N","166","\N"
"2396","358","4310","\N","\N","26","\N"
"2398","368","4310","\N","\N","66-67","\N"
"2400","38","1857","\N","\N","166","\N"
"2402","364","4310","\N","\N","13-14","\N"
"2404","38","1858","\N","\N","166","\N"
"2406","38","1865","\N","\N","167","\N"
"2408","38","1866","\N","\N","168","\N"
"2410","66","1868","\N","\N","153","\N"
"2412","370","6188","\N","\N","71-75","\N"
"2414","372","6188","\N","fairs","182","\N"
"2416","374","4352","\N","\N","\N","\N"
"2418","376","4352","\N","\N","37","\N"
"2420","378","4881","\N","\N","75-77","\N"
"2422","378","4881","\N","fairs","68-70","\N"
"2424","380","8994","\N","\N","105-106","\N"
"2426","380","8995","\N","\N","105-106","\N"
"2428","380","4881","\N","fairs","118","\N"
"2430","382","4881","\N","fairs","247","\N"
"2432","384","1429","\N","fairs","46, 48-49","\N"
"2434","384","4352","\N","fairs","46-47","\N"
"2436","384","9038","\N","\N","47","\N"
"2438","386","1429","\N","fairs","226-228","\N"
"2440","386","9038","\N","\N","68-73","\N"
"2442","386","9038","\N","fairs","72, 227","\N"
"2444","388","4475","\N","\N","\N","\N"
"2446","390","4475","\N","\N","37-38","\N"
"2448","392","4475","\N","fairs","48","\N"
"2450","392","9040","\N","\N","48","\N"
"2452","394","1024","\N","\N","19","\N"
"2454","394","6392","\N","\N","67","\N"
"2456","394","318","\N","\N","23","\N"
"2458","394","1538","\N","\N","23","\N"
"2460","394","2880","\N","\N","39","\N"
"2462","394","1399","\N","\N","48","\N"
"2464","394","8136","\N","\N","48","\N"
"2466","394","7556","\N","\N","36","\N"
"2468","394","5530","\N","\N","54","\N"
"2470","394","4216","\N","\N","26","\N"
"2472","394","212","\N","\N","37-38","\N"
"2474","394","8974","\N","\N","38","\N"
"2476","394","8371","\N","\N","12","\N"
"2478","394","4881","\N","\N","62-63","\N"
"2480","394","2572","\N","\N","74","\N"
"2482","394","3710","\N","\N","48","\N"
"2484","394","2840","\N","\N","61","\N"
"2486","394","2493","\N","\N","31","\N"
"2488","394","3714","\N","\N","31","\N"
"2490","394","6607","\N","\N","69-70","\N"
"2492","394","3722","\N","\N","11","\N"
"2494","394","2505","\N","\N","11","\N"
"2496","394","1317","\N","\N","36","\N"
"2498","394","2127","\N","\N","32","\N"
"2500","394","7636","\N","\N","56","\N"
"2502","394","657","\N","\N","15","\N"
"2504","394","478","\N","\N","79-80","\N"
"2506","394","6833","\N","\N","24","\N"
"2508","394","374","\N","\N","36","\N"
"2510","394","4364","\N","\N","67","\N"
"2512","394","7700","\N","\N","77","\N"
"2514","394","2009","\N","\N","31","\N"
"2516","394","5539","\N","\N","29-30","\N"
"2518","394","3014","\N","\N","30","\N"
"2520","394","1749","\N","\N","14","\N"
"2522","394","4382","\N","\N","55","\N"
"2524","394","1798","\N","\N","20","\N"
"2526","60","2945","\N","\N","186-189","\N"
"2528","38","2945","\N","\N","255","\N"
"2530","156","2945","\N","\N","70","\N"
"2532","60","3009","\N","\N","190","\N"
"2534","38","3009","\N","\N","262","\N"
"2536","60","3050","\N","\N","195-200","\N"
"2538","60","3213","\N","\N","205-207","\N"
"2540","62","1886","\N","\N","150","\N"
"2542","48","1888","\N","\N","145-146","\N"
"2544","344","1895","\N","\N","74f.","\N"
"2546","344","1898","\N","\N","75","\N"
"2548","38","1906","\N","\N","170","\N"
"2550","38","1902","\N","\N","169","\N"
"2552","396","5461","\N","\N","42-53","\N"
"2554","38","1896","\N","\N","169","\N"
"2556","396","5461","\N","tolls","52","\N"
"2558","398","280","\N","\N","123-125","\N"
"2560","398","280","\N","fairs","128","\N"
"2562","400","1621","\N","\N","344-346","\N"
"2564","330","9012","\N","\N","149","\N"
"2566","330","1126","\N","\N","149","\N"
"2568","330","1130","\N","\N","150","\N"
"2570","402","9013","\N","\N","539","\N"
"2572","402","8938","\N","\N","916","\N"
"2574","402","2381","\N","\N","322","\N"
"2576","402","5702","\N","\N","647","\N"
"2578","402","8154","\N","\N","945","\N"
"2580","402","9092","\N","\N","860-861, 951","\N"
"2582","4","9092","\N","tolls","365","\N"
"2584","326","1379","\N","tolls","123","\N"
"2586","326","9092","\N","tolls","123","\N"
"2588","402","9092","\N","tolls","860-861","\N"
"2590","330","3245","\N","\N","411","\N"
"2592","330","9093","\N","\N","411","\N"
"2594","330","9094","\N","\N","464","\N"
"2596","4","9094","\N","tolls","388","\N"
"2598","330","9094","\N","tolls","464","\N"
"2600","330","281","\N","\N","36","\N"
"2602","402","4712","\N","\N","563","\N"
"2604","402","8941","\N","tolls","969","\N"
"2606","402","8941","\N","\N","969","\N"
"2608","154","8941","\N","tolls","38","\N"
"2610","404","2861","\N","\N","11-14","\N"
"2612","406","9012","\N","\N","246-248","\N"
"2614","406","9012","\N","tolls","248-249","\N"
"2616","406","1126","\N","\N","246-247","\N"
"2618","48","3213","\N","\N","200","\N"
"2620","60","8927","\N","\N","207-209","\N"
"2622","60","3921","\N","\N","214-216","\N"
"2624","38","3921","\N","\N","324","\N"
"2626","60","4309","\N","\N","218-220","\N"
"2628","60","4324","\N","\N","220-221","\N"
"2632","60","4550","\N","\N","225-226","\N"
"2634","38","4550","\N","\N","370","\N"
"2636","38","4622","\N","\N","376","\N"
"2638","60","4622","\N","\N","227-228","\N"
"2640","60","4653","\N","\N","229-234","\N"
"2642","38","4653","\N","\N","377","\N"
"2644","60","4860","\N","\N","234-236","\N"
"2648","72","47","\N","\N","267","\N"
"2650","60","47","\N","\N","239-240","\N"
"2652","38","47","\N","\N","413","\N"
"2654","60","18","\N","\N","240-243","\N"
"2656","38","18","\N","\N","242","\N"
"2662","62","5307","\N","\N","337-339","\N"
"2664","38","5307","\N","\N","442","\N"
"2666","60","5307","\N","\N","247-248","\N"
"2668","60","5398","\N","\N","248-250","\N"
"2670","60","5453","\N","\N","250-252","\N"
"2672","60","5461","\N","\N","256 - 257","\N"
"2674","60","5623","\N","\N","265-278","\N"
"2676","60","5704","\N","\N","278 - 283","\N"
"2678","60","5734","\N","\N","285-288","\N"
"2680","60","5855","\N","\N","291-293","\N"
"2686","344","1922","\N","\N","76","\N"
"2688","38","1923","\N","\N","172-173","\N"
"2690","60","6379","\N","\N","299-301","\N"
"2692","66","1927","\N","\N","162","\N"
"2694","60","6546","\N","\N","312-314","\N"
"2696","38","1947","\N","\N","173","\N"
"2698","156","1959","\N","\N","60","\N"
"2700","38","1962","\N","\N","174","\N"
"2702","38","1965","\N","\N","175","\N"
"2704","38","1967","\N","\N","175","\N"
"2706","38","1973","\N","\N","176","\N"
"2708","38","1985","\N","\N","177","\N"
"2710","38","1988","\N","\N","178","\N"
"2712","38","1987","\N","\N","179","\N"
"2714","162","1999","\N","\N","132f.","\N"
"2716","64","1999","\N","\N","142","\N"
"2718","38","2002","\N","\N","180","\N"
"2720","38","2004","\N","\N","181","\N"
"2722","38","2012","\N","\N","183","\N"
"2724","38","2024","\N","\N","185","\N"
"2726","38","2031","\N","\N","186","\N"
"2728","62","2032","\N","\N","156-157","\N"
"2730","38","2037","\N","\N","187","\N"
"2732","38","2038","\N","\N","187","\N"
"2734","64","2044","\N","\N","148","\N"
"2736","164","2045","\N","\N","48","\N"
"2738","38","2048","\N","\N","190","\N"
"2740","96","2053","\N","\N","89","\N"
"2742","60","6704","\N","\N","318-319","\N"
"2744","60","6774","\N","\N","323-324","\N"
"2746","60","6954","\N","\N","325-328","\N"
"2748","60","6965","\N","\N","328-329","\N"
"2750","38","2065","\N","\N","193","\N"
"2754","60","7060","\N","\N","332-334","\N"
"2756","62","2072","\N","\N","160","\N"
"2758","60","7248","\N","\N","334-336","\N"
"2760","60","7314","\N","\N","337-338","\N"
"2762","60","7321","\N","\N","338-342","\N"
"2764","60","7322","\N","\N","342-344","\N"
"2766","60","7324","\N","\N","344-346","\N"
"2768","60","7535","\N","\N","346-347","\N"
"2770","60","7894","\N","\N","348-354","\N"
"2772","38","7894","\N","\N","631","\N"
"2774","38","2083","\N","\N","194","\N"
"2776","38","2086","\N","\N","194","\N"
"2780","38","2094","\N","\N","195","\N"
"2782","38","2099","\N","\N","196","\N"
"2784","60","8012","\N","\N","366-367","\N"
"2786","38","2106","\N","\N","196","\N"
"2788","60","8036","\N","\N","367-369","\N"
"2790","60","8166","\N","\N","369-370","\N"
"2796","38","2128","\N","\N","198","\N"
"2798","318","2133","\N","\N","150","\N"
"2800","72","2137","\N","\N","150-151","\N"
"2802","38","2142","\N","\N","198","\N"
"2804","60","8486","\N","\N","383-384","\N"
"2806","38","8486","\N","\N","683","\N"
"2808","38","8523","\N","\N","685-686","\N"
"2810","60","8523","\N","\N","384-385","\N"
"2812","70","51","\N","\N","149-150","\N"
"2814","38","2146","\N","\N","199","\N"
"2816","38","2148","\N","\N","199","\N"
"2818","60","8580","\N","\N","387-394","\N"
"2820","38","8580","\N","\N","688","\N"
"2822","60","8649","\N","\N","396-398","\N"
"2824","60","8665","\N","\N","398-399","\N"
"2828","408","5704","\N","fairs","59-61","\N"
"2830","70","55","\N","\N","152-153","\N"
"2832","38","2151","\N","\N","200","\N"
"2834","38","2160","\N","\N","201","\N"
"2836","38","2164","\N","\N","201-202","\N"
"2838","344","1942","\N","\N","82","\N"
"2840","38","2175","\N","\N","204","\N"
"2842","74","2176","\N","\N","189","\N"
"2844","164","2180","\N","\N","51","\N"
"2846","60","8757","\N","\N","88-89","\N"
"2848","38","8757","\N","\N","110","\N"
"2850","306","6374","\N","\N","329-331","\N"
"2852","306","2841","\N","\N","326-329, 331","\N"
"2854","38","8361","\N","\N","200","\N"
"2856","38","3675","\N","\N","200","\N"
"2858","214","89","\N","\N","135","\N"
"2860","214","8971","\N","\N","135-136","\N"
"2864","306","5822","\N","\N","330-331","\N"
"2866","410","8823","\N","tolls","10-11, 95-96","\N"
"2868","60","6705","\N","\N","320-322","\N"
"2874","410","8983","\N","tolls","25-27","\N"
"2876","214","122","\N","\N","136","\N"
"2878","214","259","\N","\N","137-138","\N"
"2880","412","8523","\N","\N","7-12","\N"
"2884","214","351","\N","\N","138-139","\N"
"2888","414","5616","\N","\N","88-101","\N"
"2890","214","418","\N","\N","139-140","\N"
"2892","214","420","\N","\N","140","\N"
"2894","416","418","\N","\N","73-74","\N"
"2896","214","710","\N","\N","144","\N"
"2898","416","4278","\N","\N","75-76, 85","\N"
"2900","416","9181","\N","\N","75-76","\N"
"2902","416","4653","\N","\N","76-78","\N"
"2904","418","1790","\N","tolls","10-16, 22, 73-74","\N"
"2906","418","1790","\N","staple","10-16, 21-22, 63-66, 74-90, 170-190","\N"
"2908","418","351","\N","tolls","32-37","\N"
"2910","418","351","\N","fairs","32-37","\N"
"2912","418","9182","\N","\N","69-70","\N"
"2914","420","1790","\N","staple","25-66, 334-367, 470-473","\N"
"2916","420","1790","\N","tolls","467-469","\N"
"2918","422","464","\N","\N","247","\N"
"2920","422","1002","\N","tolls","195","\N"
"2922","422","8928","\N","tolls","195","\N"
"2924","422","8929","\N","tolls","195","\N"
"2926","422","8927","\N","tolls","195","\N"
"2932","422","8925","\N","tolls","195","\N"
"2934","422","464","\N","tolls","195","\N"
"2936","422","1695","\N","tolls","195","\N"
"2938","422","8941","\N","tolls","195","\N"
"2942","424","8941","\N","tolls","51","\N"
"2944","424","1002","\N","tolls","51","\N"
"2946","424","464","\N","tolls","51","\N"
"2948","424","8927","\N","tolls","52-53","\N"
"2950","424","8925","\N","tolls","52, 54","\N"
"2954","424","8928","\N","tolls","51, 53","\N"
"2956","424","8929","\N","tolls","52-53","\N"
"2958","426","8929","\N","\N","479","\N"
"2962","426","9038","\N","\N","472","\N"
"2964","424","4312","\N","tolls","54","\N"
"2966","426","8928","\N","\N","152","\N"
"2968","38","3739","\N","\N","428","\N"
"2970","62","8390","\N","\N","483-484","\N"
"2972","62","2354","\N","\N","174","\N"
"2974","62","5457","\N","\N","172","\N"
"2976","62","4460","\N","\N","294-295","\N"
"36891","4009","\N","494","edge","64–65","\N"
"2982","428","8990","\N","\N","123-124","\N"
"2984","428","9182","\N","\N","126","\N"
"2986","428","4309","\N","\N","129","\N"
"2992","430","6987","\N","\N","7-8, 16-18","\N"
"2994","430","6987","\N","fairs","8-10, 29-30","\N"
"2996","430","5461","\N","\N","12, 22-23","\N"
"2998","430","5250","\N","\N","12, 18-22","\N"
"3000","430","5250","\N","tolls","19-21","\N"
"3002","430","6987","\N","tolls","30","\N"
"3004","432","9186","\N","\N","38-39","\N"
"3006","70","2185","\N","\N","159-160","\N"
"3008","434","9187","\N","\N","258","\N"
"3010","316","9187","\N","\N","96","\N"
"3012","38","2185","\N","\N","205","\N"
"3014","66","2191","\N","\N","179","\N"
"3016","38","2194","\N","\N","206","\N"
"3018","38","2199","\N","\N","206","\N"
"3020","70","16","\N","\N","161","\N"
"3022","48","2210","\N","\N","165","\N"
"3024","436","5704","\N","fairs","178-179","\N"
"3026","436","5704","\N","tolls","61-62","\N"
"3028","438","5704","\N","\N","37-39, 68-79","\N"
"3030","436","5158","\N","\N","131","\N"
"3032","436","9188","\N","\N","131","\N"
"3034","438","5158","\N","\N","94","\N"
"3036","438","9188","\N","\N","94","\N"
"3038","436","2860","\N","\N","131","\N"
"3040","440","5453","\N","\N","45-50, 55","\N"
"3042","440","280","\N","\N","50-51","\N"
"3044","440","1790","\N","\N","52-55","\N"
"3046","440","4761","\N","\N","44-45","\N"
"3048","442","4761","\N","\N","9-20, 29-30","\N"
"3050","442","9207","\N","\N","9-17, 19-20","\N"
"3052","444","9207","\N","\N","68","\N"
"3054","446","6618","\N","\N","308","\N"
"3056","446","9215","\N","\N","308","\N"
"3058","446","9216","\N","\N","308","\N"
"3060","446","8961","\N","\N","308","\N"
"3062","446","9217","\N","\N","309","\N"
"3064","446","2227","\N","\N","309","\N"
"3066","446","9004","\N","\N","309","\N"
"3068","4","9218","\N","\N","272","\N"
"3070","4","9219","\N","\N","272","\N"
"3072","448","9218","\N","\N","158","\N"
"3074","448","9219","\N","\N","160","\N"
"3076","448","9220","\N","\N","160","\N"
"3078","450","0","\N","fairs","318","\N"
"3080","60","8757","\N","fairs","88","\N"
"3082","72","49","\N","\N","156","\N"
"3084","62","2222","\N","\N","169-170","\N"
"3086","38","2250","\N","\N","210","\N"
"3088","148","2257","\N","\N","110-111","\N"
"3090","344","2268","\N","\N","89","\N"
"3092","38","2272","\N","\N","211","\N"
"3094","452","8005","\N","fairs","144-148","\N"
"3096","360","2274","\N","\N","187f.","\N"
"3098","452","7321","\N","fairs","150-153","\N"
"3100","38","2293","\N","\N","212","\N"
"3102","452","1154","\N","fairs","155-156","\N"
"3104","452","8773","\N","fairs","157","\N"
"3106","160","652","\N","\N","38-48","\N"
"3108","454","5766","\N","fairs","165-166","\N"
"3112","454","8036","\N","fairs","166","\N"
"3114","214","717","\N","\N","144-145","\N"
"3116","214","770","\N","\N","147","\N"
"3122","38","2313","\N","\N","212","\N"
"3124","38","4220","\N","\N","344-345","\N"
"3126","456","8916","\N","tolls","\N","\N"
"3128","38","2347","\N","\N","213","\N"
"3130","38","0","\N","\N","214","\N"
"3134","38","2350","\N","\N","214","\N"
"3136","214","973","\N","\N","152-153","\N"
"3138","38","2362","\N","\N","215","\N"
"3140","324","8580","\N","\N","91-94","\N"
"3142","458","8580","\N","\N","\N","\N"
"3144","324","6705","\N","\N","95-98","\N"
"3146","324","3213","\N","\N","99-102","\N"
"36892","3869","\N","494","edge","457–458.","\N"
"3150","38","2374","\N","\N","215","\N"
"3152","38","2384","\N","\N","215-216","\N"
"3154","460","8991","\N","\N","246","\N"
"3158","460","8993","\N","\N","247","\N"
"3160","460","9238","\N","\N","251-252","\N"
"3162","36","9238","\N","\N","93-161, 111-112","\N"
"3164","428","9239","\N","\N","153","\N"
"3166","36","9239","\N","\N","93-161, 113","\N"
"3168","38","2388","\N","\N","216","\N"
"3170","460","9011","\N","\N","250","\N"
"3172","214","1154","\N","\N","156-157","\N"
"3174","62","2391","\N","\N","175","\N"
"3176","360","2395","\N","\N","193","\N"
"3178","72","2402","\N","\N","159","\N"
"3180","38","2404","\N","\N","217","\N"
"3182","38","2409","\N","\N","217-218","\N"
"3184","214","1725","\N","\N","167","\N"
"3186","164","2418","\N","\N","52","\N"
"3188","162","2418","\N","\N","149","\N"
"3190","38","2420","\N","\N","219","\N"
"3192","38","2423","\N","\N","219","\N"
"3194","60","1","\N","\N","258-260","\N"
"3196","38","2430","\N","\N","220","\N"
"3198","38","2431","\N","\N","220","\N"
"3200","214","1856","\N","\N","171-172","\N"
"3202","360","2436","\N","\N","200f.","\N"
"3204","64","2437","\N","\N","173","\N"
"3206","1088","6063","\N","\N","75, 127","\N"
"3210","38","2453","\N","\N","221","\N"
"3212","462","9243","\N","\N","23, n. 139","\N"
"3214","462","6756","\N","\N","50-52","\N"
"3216","462","9111","\N","\N","22, n. 126","\N"
"3218","226","3709","\N","\N","82, 91","\N"
"3220","464","2199","\N","tolls","85","\N"
"3222","464","4847","\N","\N","148","\N"
"3224","464","6403","\N","\N","181","\N"
"3226","464","3335","\N","\N","114-115","\N"
"3228","464","1161","\N","\N","53-54","\N"
"3230","464","134","\N","\N","25","\N"
"3232","70","30","\N","\N","169-170","\N"
"3234","66","2454","\N","\N","195f.","\N"
"3236","464","5077","\N","tolls","157","\N"
"3238","464","5077","\N","\N","157","\N"
"3240","464","1419","\N","\N","64","\N"
"3242","464","8465","\N","\N","244","\N"
"3244","464","2081","\N","\N","81","\N"
"3246","464","3586","\N","\N","124","\N"
"3248","464","8349","\N","\N","237","\N"
"3250","464","5593","\N","\N","163","\N"
"3252","464","2540","\N","\N","164","\N"
"3254","464","7310","\N","\N","200","\N"
"3256","464","2794","\N","\N","102-103","\N"
"3258","164","2476","\N","\N","28","\N"
"3260","464","7372","\N","\N","202-203","\N"
"3262","464","7012","\N","\N","192","\N"
"3264","48","2479","\N","\N","115","\N"
"3266","48","2480","\N","\N","120","\N"
"3268","464","7428","\N","\N","206","\N"
"3270","464","8523","\N","tolls","247","\N"
"3272","464","8523","\N","\N","246-248","\N"
"3274","464","7525","\N","\N","208","\N"
"3276","464","4386","\N","\N","139","\N"
"3278","464","7709","\N","\N","211","\N"
"3280","464","104","\N","\N","21","\N"
"3282","464","1262","\N","\N","55-56","\N"
"3284","464","5840","\N","\N","174","\N"
"3286","464","1018","\N","\N","48","\N"
"3288","360","2499","\N","\N","192","\N"
"3290","360","2508","\N","\N","249","\N"
"3292","344","2514","\N","\N","254","\N"
"3294","466","8485","\N","tolls","99","\N"
"3296","464","1018","\N","tolls","48","\N"
"3298","466","1018","\N","tolls","99","\N"
"3300","466","3829","\N","tolls","99","\N"
"3302","466","2199","\N","tolls","99-100","\N"
"3304","466","7248","\N","tolls","99, 119, 135","\N"
"3306","4","770","\N","tolls","231, 235","\N"
"3308","466","770","\N","tolls","99","\N"
"3310","4","9251","\N","\N","235","\N"
"3312","466","8982","\N","tolls","106","\N"
"3314","468","7894","\N","fairs","354-361","\N"
"3316","468","7894","\N","tolls","119, 143, 201, 311","\N"
"3318","60","7894","\N","tolls","348-354","\N"
"3320","470","5628","\N","\N","16-25","\N"
"3322","470","7894","\N","\N","26-32","\N"
"3324","60","5628","\N","\N","384-354","\N"
"3326","470","7894","\N","tolls","18","\N"
"3328","182","9038","\N","\N","185-186","\N"
"3330","472","3213","\N","fairs","138-140","\N"
"3332","472","3213","\N","\N","7-14, 132-137","\N"
"3334","474","1327","\N","\N","44-45","\N"
"3336","474","1330","\N","\N","46-47","\N"
"3338","118","2519","\N","\N","94","\N"
"3340","68","2209","\N","\N","64","\N"
"3342","214","2209","\N","\N","177","\N"
"3344","214","2337","\N","\N","177-178","\N"
"3348","164","2547","\N","\N","109","\N"
"3350","214","2758","\N","\N","181-182","\N"
"3352","38","2556","\N","\N","557","\N"
"3356","344","2557","\N","\N","152f.","\N"
"3358","214","2840","\N","\N","187","\N"
"3360","48","2573","\N","\N","315","\N"
"3362","48","4421","\N","\N","152-155","\N"
"3364","48","4301","\N","\N","220","\N"
"3366","48","5730","\N","\N","228-229","\N"
"3368","48","8364","\N","\N","229-230","\N"
"3370","476","1330","\N","fairs","26","\N"
"3372","474","9286","\N","\N","43-44","\N"
"3374","474","6444","\N","\N","159","\N"
"3376","474","7742","\N","\N","187","\N"
"3378","474","2353","\N","\N","70-71","\N"
"3380","474","6117","\N","\N","149","\N"
"3382","474","6896","\N","\N","169","\N"
"3384","474","8765","\N","\N","205","\N"
"3386","474","7725","\N","\N","186","\N"
"3388","474","6300","\N","\N","156","\N"
"3390","474","6790","\N","\N","166","\N"
"3392","474","7775","\N","\N","188","\N"
"3394","474","3368","\N","\N","86","\N"
"3396","474","5963","\N","\N","143-144","\N"
"3398","474","2363","\N","\N","72","\N"
"3400","474","4660","\N","\N","124","\N"
"3402","474","4622","\N","\N","122-123","\N"
"3404","474","884","\N","\N","32","\N"
"3406","474","4603","\N","\N","121","\N"
"3408","474","3164","\N","\N","85","\N"
"3410","474","3555","\N","\N","91","\N"
"3412","474","2105","\N","\N","59","\N"
"3414","474","9287","\N","\N","84","\N"
"3416","60","9287","\N","\N","200-202","\N"
"3418","460","9287","\N","\N","252","\N"
"3920","354","9216","\N","\N","469","\N"
"3420","466","9287","\N","tolls","117, 139, 142, 152, 157, 182, 184","\N"
"3422","60","9287","\N","tolls","200-202","\N"
"3424","474","9288","\N","\N","169-170","\N"
"3426","466","9288","\N","tolls","99, 108, 139, 142, 152, 157, 182, 184","\N"
"3428","460","9288","\N","\N","252","\N"
"3430","60","9288","\N","\N","324","\N"
"3432","176","9290","\N","\N","118-120","\N"
"3434","176","9291","\N","\N","118-120","\N"
"3436","214","2945","\N","\N","190","\N"
"3440","214","3024","\N","\N","191","\N"
"3442","214","3050","\N","\N","191-192","\N"
"3444","214","3175","\N","\N","192-193","\N"
"3454","4","9318","\N","\N","270","\N"
"3456","4","8096","\N","\N","791","\N"
"3458","4","9332","\N","\N","770","\N"
"3460","76","9333","\N","\N","15","\N"
"3462","62","7952","\N","\N","446","\N"
"3464","62","4861","\N","\N","326","\N"
"3466","62","1000","\N","\N","70-71","\N"
"3468","62","4242","\N","\N","275-276","\N"
"3470","62","3288","\N","\N","229","\N"
"3472","6","3909","\N","staple","29","\N"
"3474","354","6618","\N","\N","494-495 (no. 1741)","\N"
"3476","422","2067","\N","tolls","195-196","\N"
"3478","226","9321","\N","\N","90","\N"
"3480","208","9321","\N","\N","35","\N"
"3482","38","2602","\N","\N","223","\N"
"3484","490","8580","\N","fairs","27-28","\N"
"3486","38","2625","\N","\N","224","\N"
"3488","38","2623","\N","\N","224","\N"
"3490","492","9334","\N","tolls","57, 60, 132 graph 5.1","\N"
"3492","494","2210","\N","\N","\N","\N"
"3494","496","6705","\N","\N","54-78","\N"
"3496","428","9336","\N","\N","242-243","\N"
"3498","60","9337","\N","\N","30","\N"
"3502","428","9338","\N","\N","245","\N"
"3504","498","9339","\N","\N","9","\N"
"3506","428","9339","\N","\N","243-244","\N"
"3508","500","1911","\N","fairs","14-15","\N"
"3510","502","2049","\N","fairs","8","\N"
"3512","502","2049","\N","tolls","6-9","\N"
"3514","502","2049","\N","\N","5-10","\N"
"3516","504","1610","\N","fairs","99","\N"
"3518","504","1610","\N","\N","10, 12","\N"
"3520","506","2573","\N","\N","22","\N"
"3522","506","2759","\N","\N","24","\N"
"3524","506","1540","\N","\N","130","\N"
"3526","506","1132","\N","\N","152","\N"
"3528","506","6864","\N","\N","144","\N"
"3530","506","5612","\N","\N","138","\N"
"3532","506","8258","\N","\N","150","\N"
"3534","506","3213","\N","\N","142","\N"
"3536","506","79","\N","\N","118","\N"
"3538","506","862","\N","\N","126","\N"
"3540","506","3694","\N","\N","66","\N"
"3542","506","4459","\N","\N","28","\N"
"3544","506","8303","\N","\N","32","\N"
"3546","506","2480","\N","\N","54","\N"
"3548","506","8526","\N","\N","80","\N"
"3550","506","6360","\N","\N","72","\N"
"3552","506","7083","\N","\N","76","\N"
"3554","506","6463","\N","\N","74","\N"
"3556","506","2479","\N","\N","154","\N"
"3558","506","6965","\N","\N","166","\N"
"3560","506","1723","\N","\N","164","\N"
"3562","506","1888","\N","\N","200","\N"
"3564","506","5553","\N","\N","212","\N"
"3566","506","3233","\N","\N","208","\N"
"3568","506","3750","\N","\N","46","\N"
"3570","506","1255","\N","\N","34","\N"
"3572","506","75","\N","\N","36","\N"
"3574","506","8364","\N","\N","100","\N"
"3576","506","376","\N","\N","82","\N"
"3578","506","677","\N","\N","84","\N"
"3580","216","2862","\N","\N","Plaatsnaam: Hattem (consulted 26 June 2019).","\N"
"3582","216","1753","\N","\N","Plaatsnaam: Elburg (consulted 26 June 2019).","\N"
"3584","216","5424","\N","\N","Plaatsnaam: Nijkerk (consulted 26 June 2019).","\N"
"3586","216","8114","\N","\N","Plaatsnaam: Wageningen (consulted 26 June 2019).","\N"
"3588","216","2396","\N","\N","Plaatsnaam: Grave (consulted 26 June 2019)","\N"
"3592","36","9344","\N","\N","111-115","\N"
"3594","4","9346","\N","\N","309","\N"
"3596","512","9318","\N","\N","80-81, 162-163, 261, 308","\N"
"3598","512","5398","\N","fairs","148","\N"
"3600","514","80","\N","\N","35-39","\N"
"3602","516","464","\N","tolls","152-155","\N"
"3604","518","2861","\N","\N","24-25","\N"
"3606","518","2951","\N","\N","25","\N"
"3608","518","281","\N","\N","1","\N"
"3610","518","4712","\N","\N","42","\N"
"3612","518","8154","\N","\N","65","\N"
"3614","518","5702","\N","\N","47","\N"
"3616","518","2381","\N","\N","19-20","\N"
"3618","518","1126","\N","\N","14","\N"
"3620","518","9012","\N","tolls","14","\N"
"3622","518","1130","\N","\N","14","\N"
"3624","518","9013","\N","\N","39-40","\N"
"3626","518","8941","\N","tolls","70-71","\N"
"3628","518","8941","\N","\N","70-71","\N"
"3630","518","9094","\N","\N","34","\N"
"3632","518","9092","\N","\N","68","\N"
"3634","518","9093","\N","\N","29, 31","\N"
"3636","518","3245","\N","\N","29-30","\N"
"3642","520","464","\N","tolls","42","\N"
"3646","514","7926","\N","\N","35","\N"
"3648","514","378","\N","\N","35, 37","\N"
"3650","514","872","\N","\N","35","\N"
"3656","522","5766","\N","fairs","233","\N"
"3662","522","5767","\N","\N","22-23","\N"
"3664","522","5766","\N","\N","24-34, 45","\N"
"3666","524","6546","\N","\N","15-33","\N"
"3668","214","4203","\N","\N","200-201","\N"
"3672","214","4231","\N","\N","201","\N"
"3674","214","4260","\N","\N","201-202","\N"
"3676","526","8005","\N","fairs","33, 50","\N"
"3678","526","9354","\N","\N","1-2","\N"
"3680","526","9354","\N","tolls","51-52","\N"
"3682","526","8005","\N","\N","9-11, 31-45, 54","\N"
"3684","520","2067","\N","tolls","201","\N"
"3686","528","2067","\N","tolls","44","\N"
"3688","214","4309","\N","\N","203-204","\N"
"3690","530","8927","\N","tolls","248","\N"
"3692","532","973","\N","tolls","67-70","\N"
"3694","532","9355","\N","tolls","69","\N"
"3696","214","4353","\N","\N","205","\N"
"3698","326","973","\N","tolls","297","\N"
"3700","534","973","\N","tolls","\N","\N"
"3702","536","973","\N","tolls","\N","\N"
"3704","538","973","\N","tolls","\N","\N"
"3708","214","4566","\N","\N","207","\N"
"3710","214","4653","\N","\N","209","\N"
"3716","214","47","\N","\N","212-213","\N"
"3720","214","18","\N","\N","213-214","\N"
"3722","532","4260","\N","tolls","71-72","\N"
"3724","532","4260","\N","\N","71","\N"
"3726","532","9012","\N","tolls","72","\N"
"3728","532","5632","\N","tolls","74-75","\N"
"3732","4","5632","\N","tolls","137, 139","\N"
"3734","532","8447","\N","tolls","75","\N"
"3736","532","2777","\N","tolls","76","\N"
"3738","4","623","\N","tolls","332","\N"
"3740","4","1257","\N","\N","334","\N"
"3744","4","3973","\N","\N","336","\N"
"3746","4","1847","\N","\N","251","\N"
"3750","216","1484","\N","\N","Plaatsnaam: Doesburg (consulted 26 June 2019).","\N"
"3752","216","8853","\N","\N","Plaatsnaam: Zutphen (consulted 26 June 2019).","\N"
"3754","216","4533","\N","\N","Plaatsnaam: Lochem (consulted 26 June 2019).","\N"
"3756","216","1020","\N","\N","Plaatsnaam: Bronkhorst (consulted 26 June 2019).","\N"
"3760","214","5623","\N","\N","220-221","\N"
"3762","214","5704","\N","\N","222-223","\N"
"3764","214","5734","\N","\N","223-224","\N"
"3766","214","5735","\N","\N","224","\N"
"3768","74","3074","\N","\N","239","\N"
"3770","214","5901","\N","\N","228","\N"
"3772","214","8920","\N","\N","228-229","\N"
"3780","214","7060","\N","\N","239-240","\N"
"3782","214","7248","\N","\N","240","\N"
"3784","214","7321","\N","\N","241","\N"
"3786","214","7324","\N","\N","242","\N"
"3788","214","7894","\N","\N","247","\N"
"3790","214","7973","\N","\N","248-249","\N"
"3794","214","8045","\N","\N","251-252","\N"
"3796","214","8079","\N","\N","252-253","\N"
"3798","214","8185","\N","\N","255","\N"
"3804","214","8580","\N","\N","261","\N"
"3806","216","2449","\N","\N","Plaatsnaam: Groenlo (consulted 26 June 2019).","\N"
"3808","216","4182","\N","\N","Plaatsnaam: Keppel (consulted 26 June 2019).","\N"
"3810","216","1485","\N","\N","Plaatsnaam: Doetinchem (consulted 26 June 2019).","\N"
"3812","216","8774","\N","\N","Plaatsnaam: Zevenaar (consulted 26 June 2019)","\N"
"3814","216","64","\N","\N","Plaatsnaam: &#39;s-Heerenberg (consulted 26 June 2019).","\N"
"3816","540","1127","\N","\N","59-61","\N"
"3818","542","9400","\N","\N","169","\N"
"3820","540","2040","\N","\N","300","\N"
"3824","540","6934","\N","\N","422","\N"
"3828","4","9402","\N","\N","342","\N"
"3830","540","1160","\N","\N","65-67","\N"
"3832","540","9404","\N","\N","31-32","\N"
"3834","62","2938","\N","\N","199","\N"
"3836","62","4854","\N","\N","324","\N"
"3838","62","8308","\N","\N","475","\N"
"3840","62","6512","\N","\N","384","\N"
"3842","62","8310","\N","\N","476","\N"
"3844","62","8638","\N","\N","490","\N"
"3846","62","4187","\N","\N","269","\N"
"3848","62","6380","\N","\N","376","\N"
"3850","62","7427","\N","\N","428","\N"
"3852","62","7063","\N","\N","406","\N"
"3854","544","9425","\N","tolls","223 f.; 251","\N"
"3856","546","9425","\N","tolls","18","\N"
"3858","548","9425","\N","tolls","19-10-2019","\N"
"3860","4","9268","\N","\N","346","\N"
"3862","540","3990","\N","\N","253-255","\N"
"3864","540","6218","\N","\N","383","\N"
"3868","540","8181","\N","\N","481 - 483.","\N"
"3870","540","7051","\N","\N","435-437","\N"
"3872","540","1688","\N","\N","99f.","\N"
"3874","62","4324","\N","\N","282","\N"
"3876","62","5769","\N","\N","356","\N"
"3878","62","7896","\N","\N","444","\N"
"3880","62","7135","\N","\N","409","\N"
"3882","118","8054","\N","\N","155-156","\N"
"3884","62","4357","\N","\N","284","\N"
"3886","62","3685","\N","\N","251f.","\N"
"3888","62","5319","\N","\N","13","\N"
"3890","62","7404","\N","\N","425","\N"
"3892","62","6253","\N","\N","367","\N"
"3894","118","7130","\N","\N","135-136","\N"
"3896","118","7972","\N","\N","153-154","\N"
"3898","118","2833","\N","\N","79","\N"
"3900","118","8299","\N","\N","166","\N"
"3902","38","8299","\N","\N","669","\N"
"3904","118","8302","\N","\N","168","\N"
"3906","118","8496","\N","\N","172","\N"
"3908","118","6424","\N","\N","123","\N"
"3910","118","3732","\N","\N","95-96","\N"
"3912","118","660","\N","\N","36","\N"
"3914","118","3112","\N","\N","82","\N"
"3916","354","8961","\N","\N","440","\N"
"3918","550","8961","\N","\N","98-99","\N"
"3922","96","6810","\N","\N","187","\N"
"3924","96","3170","\N","\N","119","\N"
"3926","38","6","\N","\N","83","\N"
"3928","540","203","\N","\N","443-444","\N"
"3930","96","7968","\N","\N","206","\N"
"3932","96","4846","\N","\N","155","\N"
"3934","70","41","\N","\N","208-209","\N"
"3936","540","7352","\N","\N","443-446","\N"
"3938","70","40","\N","\N","251-252","\N"
"3940","96","4894","\N","\N","156","\N"
"3866","540","4222","\N","\N","263-264","\N"
"3944","96","8085","\N","\N","208","\N"
"3946","96","4717","\N","\N","153","\N"
"3948","68","5734","\N","\N","119","\N"
"3950","70","32","\N","\N","368-369","\N"
"3952","70","33","\N","\N","426-427","\N"
"3954","540","8197","\N","\N","483f.","\N"
"3956","540","6723","\N","\N","408-409","\N"
"3958","70","34","\N","\N","402-403","\N"
"3960","70","12","\N","\N","173-174","\N"
"3962","540","3029","\N","\N","211-213.","\N"
"3964","70","13","\N","\N","219-220","\N"
"3966","540","2622","\N","\N","160f.","\N"
"3968","540","4333","\N","\N","271f.","\N"
"3970","70","14","\N","\N","401-402","\N"
"3972","70","36","\N","\N","416-417","\N"
"3974","68","4272","\N","\N","97","\N"
"3976","70","37","\N","\N","356-357","\N"
"3978","70","38","\N","\N","405-406","\N"
"3980","70","29","\N","\N","425-426","\N"
"3982","552","5766","\N","tolls","200-201","\N"
"3984","554","9261","\N","\N","400","\N"
"3986","556","7321","\N","staple","103-106","\N"
"3988","556","9450","\N","tolls","103-104","\N"
"3990","556","7321","\N","tolls","100, 103","\N"
"3992","558","2777","\N","tolls","29-33","\N"
"3994","322","2337","\N","\N","60-61","\N"
"3996","540","4742","\N","\N","316 - 319.","\N"
"3998","68","5406","\N","\N","114","\N"
"4000","68","8644","\N","\N","185","\N"
"34888","4041","\N","\N","names","112","30164"
"4002","68","2864","\N","\N","70","\N"
"4004","68","6816","\N","\N","146","\N"
"4006","68","5725","\N","\N","118","\N"
"4008","68","7673","\N","\N","162","\N"
"4010","68","5497","\N","\N","115-116","\N"
"4012","68","5275","\N","\N","112","\N"
"4014","68","8151","\N","\N","170","\N"
"4016","560","2777","\N","tolls","\N","\N"
"4018","562","2777","\N","tolls","\N","\N"
"4020","322","2834","\N","\N","53","\N"
"4022","322","940","\N","\N","56","\N"
"4024","322","8757","\N","\N","57","\N"
"4026","322","1234","\N","\N","57-58","\N"
"4028","322","3009","\N","\N","62","\N"
"4030","322","4231","\N","\N","63","\N"
"4032","322","8151","\N","\N","65","\N"
"4034","70","27","\N","\N","271-274","\N"
"4036","72","2785","\N","\N","172","\N"
"4038","38","3593","\N","\N","305","\N"
"4040","72","3593","\N","\N","103-104, 226","\N"
"4042","70","26","\N","\N","230-233","\N"
"4044","38","4456","\N","\N","305","\N"
"4046","72","4456","\N","\N","244","\N"
"4048","70","24","\N","\N","276-277","\N"
"4050","72","8402","\N","\N","409","\N"
"4052","72","3309","\N","\N","216","\N"
"4054","72","3150","\N","\N","198","\N"
"4056","72","3087","\N","\N","195","\N"
"4058","72","7432","\N","\N","355","\N"
"4060","214","2953","\N","\N","190","\N"
"4062","72","7531","\N","\N","631","\N"
"4064","72","3314","\N","\N","217","\N"
"4066","70","23","\N","\N","348-352","\N"
"4068","72","7035","\N","\N","341","\N"
"4070","72","48","\N","\N","371","\N"
"4072","72","8317","\N","\N","403","\N"
"4074","72","4702","\N","\N","255","\N"
"4076","70","53","\N","\N","250-251","\N"
"4078","72","2084","\N","\N","145","\N"
"4080","70","4959","\N","\N","283-284","\N"
"4082","70","5541","\N","\N","303-304","\N"
"4086","564","9451","\N","\N","136-137","\N"
"4088","564","273","\N","\N","138","\N"
"4090","564","273","\N","tolls","139-140","\N"
"4092","564","273","\N","fairs","140","\N"
"4094","340","273","\N","tolls","16-17","\N"
"4096","340","7419","\N","\N","444","\N"
"4102","214","8920","\N","tolls","228-229","\N"
"4104","30","9456","\N","\N","84-85","\N"
"4106","36","9460","\N","\N","111-112","\N"
"4108","50","9460","\N","\N","373-374","\N"
"4110","50","9461","\N","\N","373-374","\N"
"4112","36","9461","\N","\N","111-112","\N"
"4114","566","3029","\N","\N","17.","\N"
"4116","568","5461","\N","tolls","60, 99-100","\N"
"4118","76","7060","\N","tolls","18","\N"
"4120","570","2040","\N","\N","167-173","\N"
"4122","572","186","\N","fairs","120","\N"
"4124","574","4332","\N","\N","Leimbach, Schwalm-Eder-Kreis (accessed 26-10-2019)","\N"
"4126","1300","2399","\N","\N","353.","\N"
"4128","1300","6216","\N","\N","245.","\N"
"4130","1300","2512","\N","\N","494.","\N"
"4132","1300","3899","\N","\N","509.","\N"
"4236","594","137","\N","\N","no. 581","\N"
"4140","540","5547","\N","\N","544","\N"
"4142","582","5547","\N","\N","96, 181","\N"
"4144","584","1680","\N","\N","186","\N"
"4146","584","876","\N","\N","186.","\N"
"4150","586","5633","\N","\N","327-328","\N"
"4152","4","9473","\N","\N","349","\N"
"4154","72","7037","\N","\N","342","\N"
"4156","72","5627","\N","\N","293","\N"
"4158","520","8927","\N","\N","298-302","\N"
"4160","520","2850","\N","\N","236","\N"
"4162","520","2848","\N","\N","234","\N"
"4164","426","9320","\N","\N","468","\N"
"4166","520","3163","\N","\N","279","\N"
"4168","426","5398","\N","\N","426-427","\N"
"4170","426","4355","\N","\N","377","\N"
"4172","426","4483","\N","\N","384","\N"
"4174","426","7109","\N","\N","489","\N"
"4176","426","7535","\N","\N","517","\N"
"4178","520","420","\N","\N","32-33","\N"
"4184","590","9479","\N","\N","\N","\N"
"4186","544","9481","\N","tolls","235","\N"
"4188","584","3657","\N","\N","186.","\N"
"4190","586","3657","\N","\N","233.","\N"
"4192","586","8274","\N","\N","487-489.","\N"
"4194","520","3960","\N","\N","114","\N"
"4196","520","1429","\N","\N","129f.","\N"
"4198","426","4352","\N","\N","375","\N"
"4200","426","4350","\N","\N","374","\N"
"4202","426","4218","\N","\N","361","\N"
"4204","426","4312","\N","\N","368","\N"
"4206","586","2858","\N","\N","185-186","\N"
"4208","584","4972","\N","\N","187","\N"
"4210","520","464","\N","\N","42","\N"
"4212","582","4972","\N","\N","120, 182","\N"
"4214","426","6921","\N","\N","481","\N"
"4216","586","4972","\N","\N","282-283","\N"
"4218","520","1695","\N","\N","164","\N"
"4220","426","5053","\N","\N","414","\N"
"4222","520","440","\N","\N","35","\N"
"4224","520","2379","\N","\N","210","\N"
"34889","4041","\N","\N","names","112","30165"
"4228","592","382","\N","\N","Nr. 1053, S. 201.","\N"
"4230","586","7261","\N","\N","402-408","\N"
"4232","584","482","\N","\N","186.","\N"
"4234","586","6890","\N","\N","385-387.","\N"
"4238","584","4249","\N","\N","188","\N"
"4240","586","4249","\N","\N","33-36","\N"
"4136","540","6731","\N","\N","409-410","\N"
"4138","582","6731","\N","\N","120, 181","\N"
"4242","586","4249","\N","fairs","35","\N"
"4248","586","5092","\N","\N","286-295.","\N"
"4250","520","2915","\N","\N","251","\N"
"4252","426","6627","\N","\N","471","\N"
"4254","520","3226","\N","\N","295","\N"
"4256","586","5092","\N","tolls","290","\N"
"4258","520","2067","\N","\N","201-202","\N"
"4260","550","942","\N","\N","91-92","\N"
"4262","550","2227","\N","\N","96","\N"
"4264","520","1891","\N","\N","186","\N"
"4266","354","9217","\N","\N","690","\N"
"4268","354","8300","\N","\N","689-690","\N"
"4274","48","5612","\N","\N","259","\N"
"4276","354","8059","\N","\N","653-654","\N"
"4278","354","8302","\N","\N","692-693","\N"
"4280","214","442","\N","\N","141","\N"
"4282","214","4353","\N","tolls","205","\N"
"4286","38","584","\N","\N","60","\N"
"4288","4","7478","\N","\N","134","\N"
"4290","6","9454","\N","\N","162-165","\N"
"4292","60","9539","\N","\N","243","\N"
"4294","590","9540","\N","\N","\N","\N"
"4300","48","8526","\N","\N","364","\N"
"4302","48","7684","\N","\N","320","\N"
"4304","48","3311","\N","\N","205","\N"
"4306","48","4459","\N","\N","230","\N"
"4308","48","8303","\N","\N","349-350","\N"
"4310","48","2759","\N","\N","172-173","\N"
"4314","48","6360","\N","\N","263","\N"
"4316","48","7083","\N","\N","298","\N"
"4318","48","6463","\N","\N","273","\N"
"4320","48","9026","\N","\N","362","\N"
"4322","48","3694","\N","\N","212","\N"
"4324","48","4527","\N","\N","236-237","\N"
"4326","48","6433","\N","\N","270-271","\N"
"4328","38","376","\N","\N","46","\N"
"4330","602","8274","\N","\N","134f.","\N"
"4332","582","4333","\N","\N","130, 184.","\N"
"4334","604","9543","\N","\N","\N","\N"
"4336","48","6864","\N","\N","285-286","\N"
"4338","38","4431","\N","\N","362","\N"
"4340","606","9540","\N","\N","\N","\N"
"4342","156","170","\N","\N","231","\N"
"4344","156","7533","\N","\N","221","\N"
"4346","156","5052","\N","\N","208","\N"
"4348","156","4323","\N","\N","95","\N"
"4350","156","7551","\N","\N","154-155","\N"
"4352","156","7550","\N","\N","153","\N"
"4354","354","9215","\N","\N","489-490","\N"
"4356","550","1014","\N","\N","107-108","\N"
"4358","156","4852","\N","\N","103-104","\N"
"4360","156","8130","\N","\N","168","\N"
"4362","354","7420","\N","\N","598-599","\N"
"4364","354","9024","\N","\N","618","\N"
"4366","156","7997","\N","\N","164","\N"
"4368","156","8083","\N","\N","226","\N"
"4370","156","7998","\N","\N","224","\N"
"4372","590","9544","\N","\N","\N","\N"
"4374","156","8539","\N","\N","177-178","\N"
"4376","354","3755","\N","\N","602-603","\N"
"4378","550","4869","\N","\N","97-98","\N"
"4380","354","3750","\N","\N","557-558","\N"
"4382","354","9004","\N","\N","558","\N"
"4384","318","4206","\N","\N","246","\N"
"4388","540","112","\N","staple","4","\N"
"4390","214","5381","\N","\N","216-217","\N"
"4392","540","112","\N","\N","2-4","\N"
"4394","318","8475","\N","\N","405","\N"
"4396","318","1488","\N","\N","101-102","\N"
"4398","318","5901","\N","\N","320","\N"
"4402","318","801","\N","\N","68-69","\N"
"4404","606","9544","\N","\N","\N","\N"
"6652","60","10421","\N","\N","314","\N"
"4406","318","8924","\N","\N","178-179","\N"
"4408","318","2732","\N","\N","162","\N"
"4410","318","5331","\N","\N","93-94","\N"
"4412","318","8340","\N","\N","398-399","\N"
"4414","318","6323","\N","\N","330-331","\N"
"4416","318","5210","\N","\N","299-300","\N"
"4418","608","721","\N","\N","34-35","\N"
"4420","590","9545","\N","\N","\N","\N"
"4422","606","9545","\N","\N","\N","\N"
"4424","608","2872","\N","\N","78-79","\N"
"4426","606","9479","\N","\N","\N","\N"
"4434","360","3610","\N","\N","105, 277","\N"
"4440","614","2151","\N","fairs","27f.","\N"
"4442","614","7374","\N","fairs","28.","\N"
"4444","614","3267","\N","fairs","30.","\N"
"4446","614","2151","\N","tolls","30.","\N"
"4448","610","2837","\N","\N","\N","\N"
"4450","38","4597","\N","\N","375","\N"
"4452","318","4597","\N","\N","263-264","\N"
"4454","318","714","\N","\N","63-64","\N"
"4456","318","3174","\N","\N","210-211","\N"
"4458","38","6774","\N","\N","542","\N"
"4460","610","6774","\N","\N","\N","\N"
"4462","38","6113","\N","\N","492","\N"
"4464","318","6113","\N","\N","321","\N"
"4466","612","2467","\N","\N","\N","\N"
"4468","610","2931","\N","\N","\N","\N"
"4470","612","89","\N","\N","\N","\N"
"4472","612","6319","\N","\N","\N","\N"
"4474","612","2427","\N","\N","\N","\N"
"4476","610","4647","\N","\N","\N","\N"
"4480","612","6343","\N","\N","\N","\N"
"4482","612","8256","\N","\N","\N","\N"
"4486","612","1951","\N","\N","\N","\N"
"4488","612","90","\N","\N","\N","\N"
"4494","612","3026","\N","\N","\N","\N"
"4496","612","6087","\N","\N","\N","\N"
"4500","612","7920","\N","\N","\N","\N"
"4504","612","2729","\N","\N","\N","\N"
"4508","612","3137","\N","\N","\N","\N"
"4512","616","9549","\N","\N","85","\N"
"5388","682","5453","\N","\N","165","\N"
"4516","616","1330","\N","\N","85-86","\N"
"4518","616","9287","\N","\N","84-86","\N"
"4520","428","1330","\N","tolls","232","\N"
"4522","60","1330","\N","tolls","97","\N"
"4526","590","9555","\N","\N","\N","\N"
"4528","606","9555","\N","\N","\N","\N"
"4536","606","9557","\N","\N","\N","\N"
"4538","590","9558","\N","\N","\N","\N"
"4540","590","9559","\N","\N","\N","\N"
"4542","606","9559","\N","\N","\N","\N"
"4544","612","507","\N","\N","\N","\N"
"4546","612","1247","\N","\N","\N","\N"
"4548","612","4750","\N","\N","\N","\N"
"4550","612","8158","\N","\N","\N","\N"
"4552","612","1007","\N","\N","\N","\N"
"4554","612","867","\N","\N","\N","\N"
"4556","612","4275","\N","\N","\N","\N"
"4558","612","2742","\N","\N","\N","\N"
"4560","612","7705","\N","\N","\N","\N"
"4562","612","8900","\N","\N","\N","\N"
"4564","612","8294","\N","\N","\N","\N"
"4566","618","8235","\N","\N","202-203","\N"
"4568","618","3415","\N","\N","106-107","\N"
"4572","618","8605","\N","\N","213-214","\N"
"4576","618","2481","\N","\N","48","\N"
"4580","38","6827","\N","\N","547","\N"
"4586","618","4431","\N","\N","126","\N"
"4592","618","3313","\N","\N","101-102","\N"
"4594","618","8403","\N","\N","207","\N"
"4600","618","5616","\N","\N","153-154","\N"
"4602","618","335","\N","\N","24-25","\N"
"4626","1088","5318","\N","\N","39, 48, 129-130","\N"
"4630","620","4705","\N","\N","\N","\N"
"4632","258","9576","\N","\N","321","\N"
"4634","618","669","\N","\N","31-32","\N"
"4636","618","7060","\N","\N","182","\N"
"4638","618","2988","\N","\N","91","\N"
"4640","618","3302","\N","\N","99","\N"
"4642","616","4622","\N","\N","73-89, 85","\N"
"4644","428","4622","\N","tolls","232","\N"
"4646","622","4622","\N","fairs","42","\N"
"4648","622","4622","\N","tolls","42-43","\N"
"4650","622","562","\N","tolls","169-171","\N"
"4652","4","562","\N","tolls","231","\N"
"4654","60","4622","\N","fairs","227","\N"
"4656","624","112","\N","tolls","34, 89, 149","\N"
"4658","624","1160","\N","tolls","90, 149","\N"
"4662","624","2040","\N","tolls","91, 149-150","\N"
"4664","624","4705","\N","tolls","17-18, 35, 93-96, 150-158, 183","\N"
"4666","624","8513","\N","tolls","147","\N"
"4668","624","8513","\N","staple","147-148","\N"
"4678","624","8600","\N","tolls","158-159","\N"
"4684","624","2160","\N","tolls","160","\N"
"4688","624","6718","\N","tolls","164","\N"
"4690","624","7601","\N","tolls","35-36, 96-97, 162-163, 187-188","\N"
"4692","624","295","\N","tolls","97-98, 164","\N"
"4694","624","8322","\N","tolls","164-166","\N"
"4696","40","9589","\N","\N","171 n. 43","\N"
"4698","36","9588","\N","\N","111-112","\N"
"4700","36","9589","\N","\N","111-112","\N"
"4702","50","9588","\N","\N","373-374","\N"
"4704","38","9591","\N","\N","585","\N"
"4706","186","9591","\N","\N","\N","\N"
"4708","626","4705","\N","tolls","133","\N"
"4710","60","9594","\N","\N","209","\N"
"4712","440","9594","\N","\N","56","\N"
"4714","626","5311","\N","tolls","136.","\N"
"4716","244","9594","\N","fairs","255","\N"
"4718","60","9595","\N","\N","127","\N"
"4720","440","9595","\N","\N","56","\N"
"4722","244","9595","\N","fairs","255","\N"
"4724","626","7601","\N","fairs","143f.","\N"
"4726","626","7601","\N","staple","143f.","\N"
"4728","626","7405","\N","fairs","143-144","\N"
"4730","626","7405","\N","staple","143-144","\N"
"4732","60","9596","\N","\N","385","\N"
"4734","440","9596","\N","\N","56","\N"
"4736","244","9596","\N","\N","255","\N"
"4738","626","5579","\N","tolls","147.","\N"
"4740","626","2760","\N","tolls","147.","\N"
"4742","626","9597","\N","tolls","147.","\N"
"4744","626","8600","\N","tolls","147","\N"
"4746","626","8181","\N","tolls","147.","\N"
"4748","626","1160","\N","tolls","147","\N"
"4782","618","4678","\N","\N","131","\N"
"4784","618","5318","\N","\N","199","\N"
"4786","618","2834","\N","\N","84-87","\N"
"4788","38","2834","\N","\N","244","\N"
"4802","68","8831","\N","\N","189","\N"
"4804","618","8757","\N","\N","217","\N"
"4808","618","1234","\N","\N","44","\N"
"4812","618","5107","\N","\N","140","\N"
"4814","628","3159","\N","tolls","22, 37, 67","\N"
"4826","618","7354","\N","\N","184-185","\N"
"4830","630","7322","\N","\N","548-549","\N"
"4832","630","8899","\N","\N","389-395","\N"
"4834","632","5704","\N","\N","92-93","\N"
"4836","630","1082","\N","\N","103-109","\N"
"4838","634","2860","\N","\N","223","\N"
"4840","632","7978","\N","\N","246-247","\N"
"4842","318","3774","\N","\N","236","\N"
"4844","632","8157","\N","\N","267-268","\N"
"4846","630","7382","\N","\N","558","\N"
"4848","634","922","\N","\N","86-87","\N"
"4850","630","4644","\N","\N","341-342","\N"
"4852","630","288","\N","\N","45f.","\N"
"4854","630","5717","\N","\N","403-404","\N"
"4856","630","8884","\N","\N","453","\N"
"4858","634","123","\N","\N","5-6","\N"
"4860","630","8885","\N","\N","189f.","\N"
"4862","632","8606","\N","\N","311-312","\N"
"4864","636","9334","\N","tolls","inv. no. 698","\N"
"4866","634","598","\N","\N","59-60","\N"
"4872","634","259","\N","\N","16-17","\N"
"4874","634","987","\N","\N","91-92","\N"
"4876","632","7688","\N","\N","231-232","\N"
"4878","38","1793","\N","\N","155","\N"
"4880","606","9607","\N","\N","\N","\N"
"4882","638","9607","\N","\N","\N","\N"
"4884","638","9608","\N","\N","\N","\N"
"4886","606","9608","\N","\N","\N","\N"
"4888","638","9609","\N","\N","\N","\N"
"4890","606","9609","\N","\N","\N","\N"
"4892","638","9610","\N","\N","\N","\N"
"4894","606","9610","\N","\N","\N","\N"
"4896","638","72","\N","\N","\N","\N"
"4898","606","72","\N","\N","\N","\N"
"4900","640","4705","\N","fairs","29.","\N"
"4902","60","9613","\N","\N","354","\N"
"4904","38","9613","\N","\N","635","\N"
"4906","60","9616","\N","\N","180","\N"
"4908","642","1826","\N","\N","98.","\N"
"4914","644","2758","\N","\N","\N","\N"
"4916","632","7898","\N","\N","239","\N"
"4918","632","4897","\N","\N","48-49","\N"
"4920","632","6992","\N","\N","189-191","\N"
"4922","634","2049","\N","\N","166-167","\N"
"4924","632","5251","\N","\N","66-67","\N"
"4928","632","9188","\N","\N","228","\N"
"4930","646","4705","\N","\N","\N","\N"
"4932","634","2941","\N","\N","231-232","\N"
"4934","634","2836","\N","\N","219","\N"
"4936","632","5141","\N","\N","59-60","\N"
"4938","638","8010","\N","\N","\N","\N"
"4940","606","8010","\N","\N","\N","\N"
"4942","648","8010","\N","\N","\N","\N"
"4948","156","4700","\N","\N","100","\N"
"4950","422","9653","\N","tolls","196","\N"
"4952","126","9653","\N","tolls","\N","\N"
"4954","424","9654","\N","tolls","52","\N"
"4956","422","9654","\N","tolls","195","\N"
"4958","126","9654","\N","tolls","\N","\N"
"4960","4","563","\N","\N","261-262","\N"
"4962","30","9660","\N","\N","82","\N"
"4964","176","9660","\N","\N","121","\N"
"4966","30","9661","\N","\N","84","\N"
"4968","176","9661","\N","\N","124","\N"
"4970","606","9665","\N","\N","\N","\N"
"4972","638","9666","\N","\N","\N","\N"
"4974","606","9666","\N","\N","\N","\N"
"4976","650","9666","\N","\N","\N","\N"
"4978","652","186","\N","\N","264-265","\N"
"4980","656","8197","\N","\N","I, 101.","\N"
"4982","656","2559","\N","\N","I, 99","\N"
"4984","656","6794","\N","\N","I, 102","\N"
"4986","652","350","\N","\N","272","\N"
"4988","630","9397","\N","\N","587","\N"
"4990","630","9398","\N","\N","573","\N"
"4992","630","3739","\N","\N","286","\N"
"4994","630","9677","\N","\N","185","\N"
"4996","38","9677","\N","\N","428","\N"
"4998","606","9683","\N","\N","\N","\N"
"5000","658","9683","\N","\N","\N","\N"
"5002","658","7981","\N","\N","\N","\N"
"5004","606","7981","\N","\N","\N","\N"
"5008","660","4705","\N","\N","302.","\N"
"5010","662","7981","\N","\N","\N","\N"
"5012","664","8185","\N","\N","92-99, 117","\N"
"5014","666","8185","\N","\N","206-217, 253","\N"
"5016","664","8185","\N","fairs","113-114","\N"
"5018","666","8185","\N","fairs","260-261","\N"
"5020","668","9595","\N","fairs","59","\N"
"5022","668","9596","\N","fairs","144-145","\N"
"5024","244","9596","\N","fairs","255","\N"
"5026","670","9594","\N","fairs","96-97","\N"
"5028","658","8902","\N","\N","\N","\N"
"5030","606","8902","\N","\N","\N","\N"
"5032","672","2735","\N","\N","\N","\N"
"5034","658","2735","\N","\N","\N","\N"
"5036","606","2735","\N","\N","\N","\N"
"5038","652","577","\N","\N","275","\N"
"5042","652","1150","\N","\N","279","\N"
"5044","652","1166","\N","\N","281-282","\N"
"5046","652","1257","\N","\N","283","\N"
"5048","652","1529","\N","\N","284","\N"
"5052","674","9702","\N","tolls","102.","\N"
"5054","674","8197","\N","tolls","101f.","\N"
"5056","652","1658","\N","\N","285","\N"
"5058","652","1737","\N","\N","286","\N"
"5060","652","1740","\N","\N","290-291","\N"
"5062","652","2135","\N","\N","295","\N"
"5064","652","2164","\N","\N","296-297","\N"
"5066","652","2341","\N","\N","300","\N"
"5068","652","2347","\N","\N","301","\N"
"5070","652","2375","\N","\N","304","\N"
"5072","196","9711","\N","\N","44","\N"
"5076","652","3048","\N","\N","311","\N"
"5078","540","9714","\N","\N","65-67","\N"
"5080","676","8137","\N","\N","119.","\N"
"5082","540","5397","\N","\N","350-351","\N"
"5084","676","86","\N","\N","119-120","\N"
"5086","676","586","\N","\N","\N","\N"
"5088","658","274","\N","\N","\N","\N"
"5090","606","274","\N","\N","\N","\N"
"5096","634","1809","\N","\N","149-150","\N"
"5106","632","8643","\N","\N","316","\N"
"5110","634","1088","\N","\N","99-100","\N"
"5114","634","1866","\N","\N","155-156","\N"
"5116","632","8525","\N","\N","307-308","\N"
"5120","632","6205","\N","\N","143-144","\N"
"5124","634","3202","\N","\N","254-255","\N"
"5128","634","1304","\N","\N","108-109","\N"
"5040","652","713","\N","\N","277-278","\N"
"5130","632","5729","\N","\N","123-124","\N"
"5134","634","1580","\N","\N","131-132","\N"
"5136","634","3146","\N","\N","258-259","\N"
"5144","38","3305","\N","\N","285","\N"
"5170","652","6505","\N","\N","350-351","\N"
"5148","38","3411","\N","\N","294","\N"
"5150","652","3411","\N","\N","316","\N"
"5152","38","3474","\N","\N","299","\N"
"5154","652","3474","\N","\N","320","\N"
"5156","652","4234","\N","\N","326","\N"
"5158","652","4526","\N","\N","330-331","\N"
"5160","652","4850","\N","\N","334","\N"
"5162","38","4850","\N","\N","396","\N"
"5164","652","5531","\N","\N","342","\N"
"5166","652","5683","\N","\N","345","\N"
"5168","652","5970","\N","\N","347","\N"
"5172","652","6599","\N","\N","353f.","\N"
"5174","652","6658","\N","\N","355-356","\N"
"5176","652","6661","\N","\N","356-357","\N"
"5178","634","3286","\N","\N","286-287","\N"
"5182","634","2215","\N","\N","188-189","\N"
"5186","634","2214","\N","\N","185-186","\N"
"5188","652","6711","\N","\N","359-360","\N"
"5190","652","6803","\N","\N","360-361","\N"
"5192","652","6878","\N","\N","361-362","\N"
"5196","540","9729","\N","\N","149-151.","\N"
"5198","652","7261","\N","\N","365-366","\N"
"5200","540","2736","\N","\N","166-168.","\N"
"5202","652","7682","\N","\N","378-379","\N"
"5204","652","7949","\N","\N","383-384","\N"
"5206","652","8226","\N","\N","386","\N"
"5208","652","148","\N","\N","411-412","\N"
"5210","540","3934","\N","\N","250.","\N"
"5212","634","703","\N","\N","67-68","\N"
"5216","634","2177","\N","\N","182-183","\N"
"5220","540","2184","\N","\N","177-191","\N"
"5222","540","2765","\N","\N","177-191","\N"
"5224","632","8309","\N","\N","285","\N"
"5228","634","1554","\N","\N","126","\N"
"5230","632","4860","\N","\N","39-40","\N"
"5234","632","6413","\N","\N","152-153","\N"
"5240","634","3056","\N","\N","244-245","\N"
"5242","634","1455","\N","\N","118-119","\N"
"5244","632","6555","\N","\N","160-161","\N"
"5246","632","6991","\N","\N","191-193","\N"
"5250","632","8292","\N","\N","284-285","\N"
"5254","634","3273","\N","\N","282-283","\N"
"5256","652","261","\N","\N","413-414","\N"
"5258","652","285","\N","\N","414f.","\N"
"5260","652","295","\N","\N","416","\N"
"5262","678","188","\N","\N","16-17","\N"
"5264","678","1177","\N","\N","11-14","\N"
"5266","652","322","\N","\N","419-422","\N"
"5268","652","9404","\N","\N","424-425","\N"
"5270","652","519","\N","\N","426-427","\N"
"5272","678","8360","\N","\N","98-100","\N"
"5274","652","536","\N","\N","428f.","\N"
"5276","652","698","\N","\N","433f.","\N"
"36893","4219","\N","495","edge","191–192","\N"
"5280","678","756","\N","\N","28-29","\N"
"5282","678","2485","\N","\N","37","\N"
"5284","678","1006","\N","\N","32-33","\N"
"5286","678","4258","\N","\N","64-65","\N"
"5288","678","5404","\N","\N","71","\N"
"5290","678","194","\N","\N","17-18","\N"
"5292","678","889","\N","\N","31","\N"
"5294","678","2104","\N","\N","43-44","\N"
"5296","540","9792","\N","\N","221-222","\N"
"5298","678","2725","\N","\N","45-46","\N"
"5300","678","1853","\N","\N","40-41","\N"
"5302","678","1315","\N","\N","34-35","\N"
"5304","678","6291","\N","\N","82","\N"
"5306","678","8604","\N","\N","106-107","\N"
"5308","678","8485","\N","\N","104-105","\N"
"5310","678","7391","\N","\N","89-90","\N"
"5312","678","8155","\N","\N","94","\N"
"5314","678","9420","\N","\N","24-25","\N"
"5316","678","563","\N","\N","26-27","\N"
"5318","678","5078","\N","\N","68-69","\N"
"5320","652","961","\N","\N","439","\N"
"5322","652","1081","\N","\N","440-442","\N"
"5324","652","1127","\N","\N","442-447.","\N"
"5326","652","1250","\N","\N","451-452","\N"
"5328","652","1334","\N","\N","452-453","\N"
"5338","38","1445","\N","\N","126-127","\N"
"5332","652","1397","\N","\N","455f.","\N"
"5334","652","1401","\N","\N","457-459","\N"
"5340","652","1511","\N","\N","461","\N"
"5342","652","1599","\N","\N","463-464","\N"
"5344","652","1672","\N","\N","464-466.","\N"
"5346","652","1686","\N","\N","466f.","\N"
"5348","652","1721","\N","\N","468-471.","\N"
"5350","652","1741","\N","\N","472-475.","\N"
"5352","652","1770","\N","\N","475-476","\N"
"5354","652","1786","\N","\N","477f.","\N"
"5356","652","1837","\N","\N","485-487.","\N"
"5358","652","2014","\N","\N","487-488","\N"
"5360","652","2094","\N","\N","488-491","\N"
"5362","540","8792","\N","\N","530.","\N"
"5364","4","9839","\N","\N","327-328","\N"
"5366","658","9840","\N","\N","\N","\N"
"5368","606","9840","\N","\N","\N","\N"
"5370","680","9840","\N","\N","\N","\N"
"5372","606","1962","\N","\N","\N","\N"
"5374","606","9842","\N","\N","\N","\N"
"5376","658","7750","\N","\N","\N","\N"
"5378","606","7750","\N","\N","\N","\N"
"5336","652","1445","\N","\N","459-460","\N"
"5194","652","6890","\N","\N","363-364","\N"
"34890","4041","\N","\N","names","112","30166"
"5400","682","1790","\N","\N","64","\N"
"5408","682","5631","\N","\N","169","\N"
"5424","684","2184","\N","\N","\N","\N"
"5428","686","2765","\N","\N","\N","\N"
"5430","684","2765","\N","tolls","101, 104, 107, 112","\N"
"5432","686","2765","\N","fairs","103","\N"
"5434","686","9845","\N","\N","105","\N"
"5442","682","9790","\N","\N","192","\N"
"5450","682","4309","\N","\N","140","\N"
"5452","682","4541","\N","\N","142","\N"
"5454","682","5467","\N","\N","166","\N"
"5456","682","7419","\N","\N","210","\N"
"5458","682","1403","\N","\N","55","\N"
"5460","682","4310","\N","\N","140","\N"
"5466","540","8245","\N","\N","485f.","\N"
"5480","682","9778","\N","\N","188","\N"
"5482","682","351","\N","\N","26","\N"
"5486","682","9594","\N","\N","117","\N"
"5488","682","9780","\N","\N","74","\N"
"5490","682","9781","\N","\N","147","\N"
"5498","652","2124","\N","\N","491-492","\N"
"5500","652","2129","\N","\N","493-494","\N"
"5504","652","2325","\N","\N","501f.","\N"
"5506","652","2374","\N","\N","504-505","\N"
"5510","652","2457","\N","\N","507f.","\N"
"5514","690","9864","\N","\N","11f.","\N"
"5516","540","6195","\N","\N","374-380.","\N"
"5518","690","9866","\N","\N","21-22","\N"
"5522","74","3669","\N","\N","460","\N"
"5524","74","3665","\N","\N","120","\N"
"5528","586","2611","\N","\N","177","\N"
"5540","74","4502","\N","\N","299","\N"
"5542","74","8065","\N","\N","447","\N"
"5546","692","5092","\N","\N","\N","\N"
"5548","694","2417","\N","tolls","113.","\N"
"36894","4009","\N","495","edge","64–65","\N"
"5584","74","8208","\N","\N","454","\N"
"5590","492","11149","\N","tolls","63, 192/193 tabel 8.1/8.2","\N"
"5594","4","8262","\N","\N","642","\N"
"5596","4","3382","\N","\N","641","\N"
"5598","4","4006","\N","\N","641","\N"
"5602","702","6676","\N","tolls","50.","\N"
"5604","652","2694","\N","\N","512-514.","\N"
"5606","652","2736","\N","\N","516f.","\N"
"5608","652","2758","\N","\N","517-528","\N"
"5610","38","2760","\N","\N","238","\N"
"5612","652","2760","\N","\N","528f.","\N"
"5614","652","2765","\N","\N","529-530","\N"
"5616","652","59","\N","\N","539f.","\N"
"5618","38","59","\N","\N","251","\N"
"5620","652","3008","\N","\N","544f.","\N"
"5622","652","3029","\N","\N","546","\N"
"5624","652","9792","\N","\N","552","\N"
"5626","652","3413","\N","\N","553-556","\N"
"5628","652","3422","\N","\N","556f.","\N"
"5632","652","3616","\N","\N","559-562","\N"
"5636","652","3657","\N","\N","562","\N"
"5638","652","3829","\N","\N","564-565","\N"
"5640","74","3497","\N","\N","272-273","\N"
"5650","642","9978","\N","\N","\N","\N"
"5652","704","9978","\N","tolls","18","\N"
"5656","38","4353","\N","\N","357","\N"
"5660","166","4353","\N","\N","316-317","\N"
"5662","38","6710","\N","\N","539","\N"
"5664","166","6710","\N","\N","417-418","\N"
"5666","166","916","\N","\N","90","\N"
"5668","704","9980","\N","tolls","\N","\N"
"5670","166","4203","\N","\N","307","\N"
"5672","652","3934","\N","\N","567f.","\N"
"5674","652","3973","\N","\N","568-569","\N"
"5676","38","3990","\N","\N","328","\N"
"5678","652","3990","\N","\N","569f.","\N"
"5682","652","4249","\N","\N","575-576","\N"
"5684","652","4277","\N","\N","578-581.","\N"
"5686","652","4333","\N","\N","581f.","\N"
"5688","650","1962","\N","\N","\N","\N"
"5690","606","6880","\N","\N","\N","\N"
"5694","706","8792","\N","\N","\N","\N"
"5696","708","9864","\N","tolls","83f.","\N"
"5728","710","541","\N","\N","12-13","\N"
"5700","582","4891","\N","\N","151, 187.","\N"
"5702","540","4891","\N","\N","322 - 327.","\N"
"5704","166","1406","\N","\N","119-120","\N"
"5706","4","8002","\N","\N","368","\N"
"5558","698","5092","\N","fairs","126","\N"
"5716","540","6563","\N","\N","397","\N"
"5720","710","7167","\N","\N","91","\N"
"5722","540","7441","\N","\N","453-455","\N"
"5724","710","8159","\N","\N","105-107","\N"
"5726","166","2912","\N","\N","212","\N"
"5730","652","4532","\N","\N","587f.","\N"
"5732","652","4525","\N","\N","588-589","\N"
"5736","166","6868","\N","\N","425-426","\N"
"5738","38","6868","\N","\N","551-552","\N"
"5740","166","3208","\N","\N","249-250","\N"
"5742","166","4845","\N","\N","351-352","\N"
"5744","166","728","\N","\N","82","\N"
"5748","712","302","\N","\N","\N","\N"
"5750","652","4988","\N","\N","609-610","\N"
"5752","38","5092","\N","\N","414","\N"
"5754","38","5165","\N","\N","426","\N"
"5756","38","5397","\N","\N","448-449","\N"
"5592","700","5460","\N","\N","319-385","\N"
"5630","652","3612","\N","\N","558-559","\N"
"5710","710","1031","\N","\N","20","\N"
"5712","710","6419","\N","\N","53","\N"
"5734","652","4683","\N","\N","590-591","\N"
"5718","710","6731","\N","\N","59-60","\N"
"5680","652","4222","\N","\N","573-574","\N"
"5552","696","5092","\N","fairs","39","\N"
"34891","4041","2045","\N","","111-112","\N"
"5758","38","5460","\N","\N","452","\N"
"5760","652","5579","\N","\N","628f.","\N"
"5762","652","5688","\N","\N","630f.","\N"
"5764","652","5724","\N","\N","635f.","\N"
"5766","652","6108","\N","\N","642-643","\N"
"5768","652","6200","\N","\N","646-647","\N"
"5770","652","6218","\N","\N","649","\N"
"5774","714","8014","\N","\N","42, 168","\N"
"5776","714","1782","\N","\N","42, 172-173","\N"
"5778","714","5489","\N","\N","43, 176-179, 196","\N"
"5780","714","10030","\N","\N","158, 218-219","\N"
"5782","716","10030","\N","\N","57","\N"
"5784","650","10035","\N","\N","\N","\N"
"5786","606","10035","\N","\N","\N","\N"
"5788","718","10035","\N","\N","\N","\N"
"5790","586","10036","\N","\N","29-31","\N"
"5792","720","10036","\N","\N","23","\N"
"5794","720","10039","\N","\N","20","\N"
"5962","652","1242","\N","\N","39-40","\N"
"5800","540","5165","\N","\N","341-345","\N"
"5802","722","5165","\N","fairs","\N","\N"
"5804","652","6541","\N","\N","653-655","\N"
"5806","682","9855","\N","\N","27","\N"
"5808","38","6712","\N","\N","539","\N"
"5810","652","6712","\N","\N","656-658.","\N"
"5812","38","9854","\N","\N","261","\N"
"5814","682","9854","\N","\N","100","\N"
"5816","652","6718","\N","\N","659-660","\N"
"5818","682","9859","\N","\N","69-70","\N"
"5820","652","6723","\N","\N","661-662","\N"
"5822","540","2014","\N","\N","125-127","\N"
"5824","38","6731","\N","\N","540","\N"
"5826","652","6799","\N","\N","664f.","\N"
"5828","38","9788","\N","\N","676","\N"
"5830","652","6860","\N","\N","667f.","\N"
"5832","652","6881","\N","\N","669-670","\N"
"5834","652","6885","\N","\N","672","\N"
"5836","724","1150","\N","\N","282","\N"
"5840","652","6934","\N","\N","674-675","\N"
"5842","652","2556","\N","\N","677","\N"
"5844","38","7049","\N","\N","572","\N"
"5846","652","7049","\N","\N","685f.","\N"
"5848","652","7051","\N","\N","687","\N"
"5850","724","3973","\N","\N","290.","\N"
"5852","38","7352","\N","\N","596","\N"
"5854","540","8272","\N","\N","487 - 490.","\N"
"5856","540","8752","\N","\N","519-523","\N"
"5858","540","10075","\N","\N","521","\N"
"5860","726","10075","\N","\N","58","\N"
"5862","38","7405","\N","\N","600","\N"
"5864","652","7405","\N","\N","692-696","\N"
"5866","652","7529","\N","\N","698f.","\N"
"5872","652","7601","\N","\N","701","\N"
"5874","652","7651","\N","\N","702-703","\N"
"5876","652","7760","\N","\N","709-713","\N"
"5882","728","8188","\N","\N","1074","\N"
"5884","728","4516","\N","\N","615","\N"
"5886","728","6727","\N","\N","868","\N"
"5888","732","1782","\N","\N","17, 24, 100","\N"
"5890","732","8014","\N","\N","17, 108","\N"
"5892","732","5489","\N","\N","15-18, 24, 72","\N"
"5894","734","1753","\N","\N","122-123","\N"
"6030","4","5970","\N","tolls","353","\N"
"5898","652","8181","\N","\N","718-720.","\N"
"5900","38","8272","\N","\N","667","\N"
"5902","652","8322","\N","\N","728-729","\N"
"5910","652","8513","\N","\N","736-738","\N"
"5912","730","1447","\N","\N","226","\N"
"5914","652","8600","\N","\N","740-742","\N"
"5916","38","8611","\N","\N","356","\N"
"5918","652","8690","\N","\N","745-746","\N"
"5922","730","2722","\N","\N","386","\N"
"5924","652","8763","\N","\N","753-754","\N"
"5928","652","8789","\N","\N","757-760","\N"
"5930","652","8830","\N","\N","760f.","\N"
"5938","730","442","\N","\N","70","\N"
"5942","730","2872","\N","\N","484","\N"
"5950","652","476","\N","\N","21-26","\N"
"5952","652","568","\N","\N","26","\N"
"5954","652","695","\N","\N","27-29","\N"
"5956","652","848","\N","\N","29-31","\N"
"5958","652","924","\N","\N","31","\N"
"5960","38","924","\N","\N","85","\N"
"5964","586","10107","\N","\N","324-327","\N"
"5966","652","1301","\N","\N","42-43","\N"
"5968","652","1487","\N","\N","46f.","\N"
"5972","736","2760","\N","tolls","234.","\N"
"5974","652","1570","\N","\N","47-61","\N"
"5976","652","1995","\N","\N","75f.","\N"
"5978","652","2002","\N","\N","76-80","\N"
"5980","738","3411","\N","fairs","20-21","\N"
"5982","652","2146","\N","\N","84f.","\N"
"5984","738","3411","\N","\N","\N","\N"
"5986","652","2350","\N","\N","90f.","\N"
"5988","652","2430","\N","\N","91-92","\N"
"5990","740","4810","\N","\N","107","\N"
"5992","652","2602","\N","\N","95-97","\N"
"5994","38","2826","\N","\N","244","\N"
"5996","652","2826","\N","\N","102-103","\N"
"5998","38","2900","\N","\N","249f.","\N"
"6000","652","2900","\N","\N","103","\N"
"6002","38","3515","\N","\N","301","\N"
"6004","652","3515","\N","\N","109-111","\N"
"6006","38","3914","\N","\N","323","\N"
"6008","652","3914","\N","\N","115f.","\N"
"6010","652","4282","\N","\N","118f.","\N"
"6012","652","4339","\N","\N","129-130","\N"
"5796","582","10040","\N","\N","183","\N"
"36895","4032","\N","495","edge","vol. I, 296","\N"
"5838","724","10069","\N","\N","283","\N"
"5970","540","10109","\N","\N","42","\N"
"6032","744","11149","\N","tolls","474","\N"
"6034","746","11149","\N","tolls","189","\N"
"6036","38","4424","\N","\N","362","\N"
"6038","652","4424","\N","\N","134","\N"
"6040","748","11149","\N","tolls","22 and ref. 57","\N"
"6042","652","4523","\N","\N","136f.","\N"
"6044","38","4523","\N","\N","369","\N"
"6046","652","4753","\N","\N","143f.","\N"
"6048","38","4753","\N","\N","388","\N"
"6052","730","1236","\N","\N","178-179","\N"
"6056","652","4779","\N","\N","148f.","\N"
"6058","38","4779","\N","\N","390","\N"
"6060","652","4827","\N","\N","149-150","\N"
"6062","38","4827","\N","\N","394","\N"
"6066","652","4853","\N","\N","150-153","\N"
"6068","38","4853","\N","\N","397","\N"
"6078","728","8621","\N","\N","1153","\N"
"6080","730","3165","\N","\N","471","\N"
"6082","750","10123","\N","\N","22.","\N"
"6084","750","10122","\N","\N","22.","\N"
"6086","750","10124","\N","\N","22.","\N"
"6088","750","10125","\N","\N","22.","\N"
"6090","750","9260","\N","\N","23.","\N"
"6092","750","10082","\N","\N","24.","\N"
"6094","750","10081","\N","\N","24","\N"
"6096","750","9342","\N","\N","24.","\N"
"6098","750","10079","\N","\N","23.","\N"
"6100","750","10136","\N","\N","23.","\N"
"6272","652","5582","\N","\N","171-172","\N"
"6104","746","10133","\N","tolls","189","\N"
"6106","752","10133","\N","tolls","49","\N"
"6108","718","10144","\N","\N","\N","\N"
"6110","650","10144","\N","\N","\N","\N"
"6112","606","10144","\N","\N","\N","\N"
"6114","718","10142","\N","\N","\N","\N"
"6116","606","10142","\N","\N","\N","\N"
"6118","650","10142","\N","\N","\N","\N"
"6120","718","10180","\N","\N","\N","\N"
"6122","606","10180","\N","\N","\N","\N"
"6124","650","10180","\N","\N","\N","\N"
"6126","650","10181","\N","\N","\N","\N"
"6128","718","10181","\N","\N","\N","\N"
"6130","606","10181","\N","\N","\N","\N"
"36896","4009","\N","496","edge","58","\N"
"6134","586","6661","\N","\N","369-377","\N"
"6136","758","5312","\N","\N","134.","\N"
"6138","636","10133","\N","tolls","              description of inv. no 809","\N"
"6144","760","10075","\N","\N","173","\N"
"6174","764","1737","\N","fairs","46","\N"
"6148","728","7973","\N","\N","1023-1036","\N"
"6150","728","4550","\N","\N","619-627","\N"
"6160","730","1323","\N","\N","195-200","\N"
"6164","728","8079","\N","\N","1049-1051","\N"
"6166","762","2014","\N","\N","99","\N"
"6170","700","6661","\N","tolls","468-469","\N"
"6172","652","5127","\N","\N","157f.","\N"
"6180","652","5470","\N","\N","166-167","\N"
"6182","38","5470","\N","\N","455","\N"
"6188","652","5533","\N","\N","169f.","\N"
"6190","766","5531","\N","\N","20.","\N"
"6198","768","10210","\N","\N","93.","\N"
"6200","768","6599","\N","\N","\N","\N"
"6202","768","2375","\N","\N","102","\N"
"6222","770","3442","\N","\N","278","\N"
"6224","772","973","\N","tolls","III:431","\N"
"6226","774","973","\N","tolls","\N","\N"
"6168","762","10205","\N","\N","99-100","\N"
"6232","770","10223","\N","\N","284.","\N"
"6234","770","1996","\N","\N","289","\N"
"6236","770","3305","\N","\N","291.","\N"
"6238","770","238","\N","\N","292.","\N"
"6240","606","10233","\N","\N","\N","\N"
"6242","650","10233","\N","\N","179","\N"
"6244","776","10233","\N","\N","\N","\N"
"6252","766","5312","\N","tolls","23.","\N"
"6254","778","5312","\N","tolls","419.","\N"
"6260","780","10246","\N","\N","33.","\N"
"6274","38","5582","\N","\N","464","\N"
"6280","652","5692","\N","\N","176f.","\N"
"6282","38","5692","\N","\N","472","\N"
"6284","652","5745","\N","\N","178f.","\N"
"6294","652","5867","\N","\N","180f.","\N"
"6296","38","5867","\N","\N","481","\N"
"6298","652","5877","\N","\N","181f.","\N"
"6300","38","5877","\N","\N","482","\N"
"6302","652","5949","\N","\N","182-183","\N"
"6304","38","5949","\N","\N","487","\N"
"6306","428","9879","\N","\N","349","\N"
"6308","784","9687","\N","\N","31-32","\N"
"6310","428","2747","\N","\N","348-349","\N"
"6312","428","10270","\N","\N","349","\N"
"6314","786","2747","\N","\N","16, 28","\N"
"6318","786","10269","\N","\N","27-28","\N"
"6320","428","10269","\N","\N","348-349","\N"
"6322","786","10270","\N","\N","27","\N"
"6324","786","9879","\N","\N","27","\N"
"6328","786","10274","\N","\N","29, 32-33","\N"
"6330","786","10273","\N","\N","29, 32-33","\N"
"6332","428","10273","\N","\N","348","\N"
"6334","786","10275","\N","\N","31","\N"
"6336","786","10276","\N","\N","31","\N"
"6338","786","10277","\N","\N","31-32","\N"
"6342","786","10278","\N","\N","32","\N"
"6344","788","10107","\N","\N","6.","\N"
"6346","4","9647","\N","\N","127-128","\N"
"6348","4","5800","\N","\N","137","\N"
"6350","632","5704","\N","tolls","95","\N"
"6352","634","2177","\N","fairs","182","\N"
"6354","634","3273","\N","tolls","282","\N"
"34893","942","\N","\N","names","Glanerbrug (Enschede, O)","22806"
"6230","770","10224","\N","\N","286-287","\N"
"6356","632","4860","\N","fairs","40","\N"
"6358","244","4860","\N","fairs","245","\N"
"6360","632","6188","\N","tolls","138","\N"
"6368","652","5972","\N","\N","186-189","\N"
"6370","38","5972","\N","\N","488","\N"
"6380","586","10302","\N","\N","131-134","\N"
"6382","586","10304","\N","\N","428","\N"
"6384","652","6215","\N","\N","194f.","\N"
"6386","38","6215","\N","\N","497","\N"
"6390","586","10303","\N","\N","428-430","\N"
"6392","652","6331","\N","\N","196f.","\N"
"6394","38","6331","\N","\N","507","\N"
"6404","652","6544","\N","\N","202","\N"
"6406","38","6544","\N","\N","526","\N"
"6410","652","6787","\N","\N","203-204","\N"
"6414","790","922","\N","tolls","229","\N"
"6416","634","922","\N","tolls","221","\N"
"6426","550","1418","\N","\N","470","\N"
"6428","74","9806","\N","\N","108-109","\N"
"36897","4219","\N","496","edge","191–192","\N"
"6432","728","9784","\N","tolls","691","\N"
"6434","792","922","\N","tolls","29-32, 54-55, 60","\N"
"6436","4","10282","\N","\N","141, 144","\N"
"6438","4","7425","\N","\N","151","\N"
"6440","4","1677","\N","\N","148","\N"
"6442","4","4156","\N","\N","152","\N"
"6444","794","5306","\N","\N","44","\N"
"34894","942","\N","\N","names","Glanerbrug (Enschede, O)","22807"
"6448","794","5239","\N","\N","53.","\N"
"6454","4","9705","\N","\N","160-161","\N"
"6456","796","8274","\N","tolls","47.","\N"
"6458","796","1672","\N","tolls","42","\N"
"6460","4","7942","\N","\N","161","\N"
"6462","4","10323","\N","\N","161","\N"
"6464","796","6676","\N","tolls","48.","\N"
"6466","4","10324","\N","\N","165","\N"
"6468","4","10327","\N","\N","166","\N"
"6470","4","10328","\N","\N","166","\N"
"6472","798","8853","\N","\N","1, 7","\N"
"6474","800","8853","\N","\N","87, 91","\N"
"6476","28","8853","\N","fairs","654-657, 661-666","\N"
"6478","802","8853","\N","\N","14","\N"
"6480","802","8853","\N","tolls","11","\N"
"6482","804","8853","\N","\N","16-17","\N"
"6486","808","8853","\N","\N","59-62","\N"
"6490","806","10331","\N","tolls","\N","\N"
"6492","810","10331","\N","tolls","46","\N"
"6494","812","10331","\N","tolls","\N","\N"
"6504","586","623","\N","\N","48-49","\N"
"6512","4","5971","\N","tolls","223","\N"
"6514","4","10351","\N","tolls","223.","\N"
"6546","586","3287","\N","\N","208-210","\N"
"6548","540","6861","\N","\N","414-415","\N"
"6550","4","7281","\N","tolls","224.","\N"
"6564","4","10398","\N","\N","523","\N"
"6566","652","7480","\N","\N","217","\N"
"6572","652","7626","\N","\N","218f.","\N"
"6576","652","8271","\N","\N","229f.","\N"
"6578","784","561","\N","\N","61-62","\N"
"6580","652","8594","\N","\N","234f.","\N"
"6588","652","8655","\N","\N","236f.","\N"
"6590","652","8807","\N","\N","238-241","\N"
"6592","38","8807","\N","\N","702","\N"
"6594","652","8816","\N","\N","241-242","\N"
"6598","652","8835","\N","\N","242f.","\N"
"6600","652","8860","\N","\N","243-244","\N"
"6602","38","8860","\N","\N","706","\N"
"6606","652","8862","\N","\N","244-249","\N"
"6608","38","8862","\N","\N","707","\N"
"6612","4","640","\N","tolls","558","\N"
"6634","64","2814","\N","\N","186","\N"
"6642","64","4444","\N","\N","252-253","\N"
"6646","68","10425","\N","\N","146","\N"
"6648","322","10425","\N","\N","31, 82-83","\N"
"6650","322","8831","\N","\N","66","\N"
"6654","68","10421","\N","\N","11","\N"
"6656","322","10421","\N","\N","55","\N"
"6658","60","10424","\N","\N","217-218","\N"
"6660","322","10424","\N","\N","54","\N"
"6662","306","10433","\N","tolls","348-350","\N"
"6664","410","10433","\N","tolls","10-11, 95-96","\N"
"6666","784","10433","\N","tolls","142, 287, 538","\N"
"6668","784","10433","\N","\N","142, 287, 538","\N"
"6670","784","8823","\N","tolls","538","\N"
"6672","784","3195","\N","\N","538","\N"
"6674","784","10435","\N","\N","142","\N"
"6676","814","4202","\N","\N","\N","\N"
"6678","38","6829","\N","\N","548","\N"
"6680","60","10441","\N","\N","161","\N"
"6682","38","10441","\N","\N","221","\N"
"6684","38","6707","\N","\N","538","\N"
"6686","38","2953","\N","\N","538","\N"
"6688","76","10459","\N","\N","28","\N"
"6690","816","8763","\N","fairs","193, 315f.","\N"
"6692","816","10398","\N","\N","194","\N"
"6694","816","10460","\N","\N","194.","\N"
"6698","816","9714","\N","\N","194","\N"
"6700","816","10462","\N","\N","310","\N"
"6704","760","4337","\N","fairs","178","\N"
"6706","540","10468","\N","\N","443","\N"
"6708","818","10468","\N","\N","378-379","\N"
"6710","540","710","\N","\N","46-47","\N"
"6712","818","10425","\N","\N","360","\N"
"6716","820","2501","\N","\N","133","\N"
"6718","820","2000","\N","\N","111","\N"
"6720","820","3720","\N","\N","194","\N"
"6396","652","6416","\N","\N","197-198","\N"
"6398","38","6416","\N","\N","517-518","\N"
"6452","794","6781","\N","\N","52-53","\N"
"6722","820","8351","\N","\N","380","\N"
"6724","820","6892","\N","\N","303-304","\N"
"6726","820","10328","\N","\N","57","\N"
"6728","820","7781","\N","\N","350-351","\N"
"6730","822","10477","\N","\N","\N","\N"
"6734","824","10478","\N","\N","consulted 21-2-2020","\N"
"6736","826","927","\N","\N","82, 88, 104-106","\N"
"6738","826","9647","\N","\N","82-83, 88-89","\N"
"6740","4","6892","\N","\N","169","\N"
"6742","826","7478","\N","\N","85, 88-89, 102, 107","\N"
"6744","826","5800","\N","\N","102","\N"
"6746","826","6892","\N","\N","103","\N"
"6748","826","8351","\N","\N","106-107","\N"
"6750","826","2000","\N","\N","83-84","\N"
"6752","826","6931","\N","\N","102, 110-111","\N"
"6754","826","10487","\N","\N","82, 102, 111","\N"
"6756","826","4046","\N","\N","111-112","\N"
"6758","826","7800","\N","\N","82, 102","\N"
"6760","826","10488","\N","\N","82","\N"
"6762","820","4604","\N","\N","24, 322-324","\N"
"6764","786","7370","\N","\N","59, 60, 65","\N"
"6766","786","10494","\N","\N","60","\N"
"6768","786","7534","\N","\N","60","\N"
"6770","786","10495","\N","\N","60","\N"
"6772","786","10496","\N","\N","60","\N"
"6774","786","2046","\N","\N","60, 65","\N"
"6776","786","5200","\N","\N","63","\N"
"6778","814","5286","\N","\N","\N","\N"
"6782","400","5286","\N","\N","1083-1087","\N"
"6784","4","2046","\N","\N","140","\N"
"6786","4","10497","\N","\N","140","\N"
"6788","4","10498","\N","\N","138","\N"
"6790","4","10499","\N","\N","163-164","\N"
"6792","814","4652","\N","\N","\N","\N"
"6794","400","4652","\N","\N","938-947","\N"
"6796","814","4823","\N","\N","\N","\N"
"6798","400","4823","\N","\N","1044-1050","\N"
"6800","814","1667","\N","\N","\N","\N"
"6802","400","1667","\N","\N","351-360","\N"
"6804","814","5628","\N","\N","\N","\N"
"6806","400","5628","\N","\N","1136-1140","\N"
"6812","400","1140","\N","\N","272-277","\N"
"6814","814","1140","\N","\N","\N","\N"
"6826","400","5727","\N","\N","1231-1237","\N"
"6828","814","5727","\N","\N","\N","\N"
"6830","814","8447","\N","\N","\N","\N"
"6832","400","8447","\N","\N","1535-1546","\N"
"6844","814","8166","\N","\N","\N","\N"
"6846","400","8166","\N","\N","1487-1493","\N"
"6864","814","8151","\N","\N","\N","\N"
"6872","814","3410","\N","\N","\N","\N"
"6874","400","3410","\N","\N","864-867","\N"
"6884","400","7680","\N","\N","1411-1414","\N"
"6886","814","7680","\N","\N","\N","\N"
"6890","400","8670","\N","\N","344-346","\N"
"6900","846","10072","\N","\N","19","\N"
"6906","846","10532","\N","fairs","23","\N"
"6988","852","4781","\N","tolls","119-120, 650-652, 917","\N"
"6928","586","10538","\N","\N","401f.","\N"
"6948","540","10543","\N","\N","345-347","\N"
"6952","814","8434","\N","\N","\N","\N"
"6954","400","8434","\N","\N","1529-1535","\N"
"6956","814","2008","\N","\N","\N","\N"
"6958","400","2008","\N","\N","423-430","\N"
"6960","814","6987","\N","\N","\N","\N"
"6962","400","6987","\N","\N","1360-1362","\N"
"6964","814","598","\N","\N","\N","\N"
"6972","814","3286","\N","\N","\N","\N"
"6974","400","3286","\N","\N","835-849","\N"
"6976","852","1996","\N","tolls","841","\N"
"6978","814","4213","\N","\N","\N","\N"
"6980","400","4213","\N","\N","901-908","\N"
"6982","814","2105","\N","\N","\N","\N"
"6984","400","2105","\N","\N","461-463","\N"
"6990","400","8605","\N","\N","1555-1581","\N"
"6992","814","8605","\N","\N","\N","\N"
"6994","852","1257","\N","fairs","807-808","\N"
"6996","814","8402","\N","\N","\N","\N"
"6998","400","8402","\N","\N","1512-1518","\N"
"7000","814","1048","\N","\N","\N","\N"
"7002","400","1048","\N","\N","259-264","\N"
"7004","852","6676","\N","tolls","121f.; 970-972.","\N"
"7006","814","8235","\N","\N","\N","\N"
"7008","400","8235","\N","\N","1495-1497","\N"
"7010","814","8773","\N","\N","\N","\N"
"7012","400","8773","\N","\N","1593-1600","\N"
"7014","814","4881","\N","\N","\N","\N"
"7016","400","598","\N","\N","72-79","\N"
"7034","344","7743","\N","\N","600","\N"
"7036","344","6695","\N","\N","528","\N"
"7038","344","5911","\N","\N","450","\N"
"7040","344","7263","\N","\N","559","\N"
"7042","344","3865","\N","\N","239","\N"
"7044","344","5047","\N","\N","358","\N"
"7046","344","2603","\N","\N","358","\N"
"7048","344","4131","\N","\N","267","\N"
"7050","344","8325","\N","\N","665","\N"
"7052","344","3571","\N","\N","193","\N"
"7054","344","4298","\N","\N","294","\N"
"7056","344","5613","\N","\N","404","\N"
"7058","854","2765","\N","fairs","330","\N"
"7060","344","3504","\N","\N","171","\N"
"6904","846","1172","\N","tolls","19","\N"
"6912","850","186","\N","fairs","233","\N"
"6950","852","1257","\N","tolls","109-110, 119-120, 190-197, 518-522, 631-633, 807-808","\N"
"6908","586","10532","\N","\N","66-67","\N"
"34895","942","\N","\N","names","Glanerbrug (Enschede, O)","30169"
"6970","852","7529","\N","tolls","981-982","\N"
"6968","852","10303","\N","tolls","115-116, 212-214, 983","\N"
"7068","344","7270","\N","\N","555","\N"
"7070","344","5889","\N","\N","444-446","\N"
"7072","854","5165","\N","fairs","339","\N"
"7074","38","6954","\N","\N","558-559","\N"
"7076","344","4296","\N","\N","293","\N"
"7078","344","8050","\N","\N","630","\N"
"7080","38","8166","\N","\N","655-656","\N"
"7082","344","5835","\N","\N","430","\N"
"36898","3315","\N","496","edge","506.","\N"
"7088","344","2801","\N","\N","101f.","\N"
"7090","852","10547","\N","tolls","124-125, 229-236, 993","\N"
"7092","814","2888","\N","\N","\N","\N"
"7094","400","2888","\N","\N","1593-1600","\N"
"7096","344","4543","\N","\N","316","\N"
"7098","344","3633","\N","\N","220","\N"
"7100","344","7072","\N","\N","544","\N"
"7102","344","4885","\N","\N","350","\N"
"7110","852","10560","\N","tolls","119, 178","\N"
"7106","344","7233","\N","\N","555","\N"
"7112","586","10559","\N","\N","279-280","\N"
"7114","586","10563","\N","\N","1.","\N"
"7116","720","10566","\N","\N","317.","\N"
"7130","854","4337","\N","fairs","339","\N"
"7132","784","9688","\N","\N","130","\N"
"7136","436","10568","\N","\N","130-131","\N"
"7140","436","5141","\N","\N","130-131","\N"
"7150","586","4850","\N","\N","269-277","\N"
"7154","586","4781","\N","\N","268.","\N"
"7156","634","10568","\N","\N","243","\N"
"7170","856","4850","\N","fairs","\N","\N"
"7174","632","10577","\N","\N","209","\N"
"7178","164","4365","\N","\N","82","\N"
"7180","164","10573","\N","\N","25","\N"
"7182","164","3237","\N","\N","67","\N"
"7186","164","10312","\N","\N","103","\N"
"7190","64","116","\N","\N","28","\N"
"7192","64","3336","\N","\N","220, 383-384.","\N"
"7196","470","10578","\N","\N","18","\N"
"7208","720","10585","\N","\N","215","\N"
"7210","344","1764","\N","\N","62","\N"
"7212","344","6417","\N","\N","502","\N"
"7214","344","5802","\N","\N","417","\N"
"7218","344","8216","\N","\N","654","\N"
"7220","344","4138","\N","\N","268","\N"
"7222","858","7425","\N","\N","494-495","\N"
"7224","860","1677","\N","\N","354-355","\N"
"7226","860","4156","\N","\N","312-313","\N"
"7228","858","5173","\N","\N","174","\N"
"7230","860","10283","\N","\N","532-533","\N"
"7232","860","2799","\N","\N","455","\N"
"7234","344","3611","\N","\N","210","\N"
"7236","344","6611","\N","\N","517","\N"
"7238","344","4209","\N","\N","286","\N"
"7246","862","1253","\N","\N","43","\N"
"7248","862","1870","\N","\N","64-67","\N"
"7250","862","1870","\N","fairs","67","\N"
"7252","344","3433","\N","\N","151","\N"
"7254","344","6740","\N","\N","137","\N"
"7256","344","2812","\N","\N","104","\N"
"7258","344","2723","\N","\N","94","\N"
"7262","344","6387","\N","\N","498-500","\N"
"7266","866","1852","\N","\N","136","\N"
"7268","866","9406","\N","\N","48n226","\N"
"7270","866","8315","\N","\N","135","\N"
"7272","866","4081","\N","\N","136","\N"
"7274","866","1342","\N","\N","135","\N"
"7276","866","7007","\N","\N","138","\N"
"7278","866","444","\N","\N","134","\N"
"7280","866","6982","\N","\N","135","\N"
"7282","38","7007","\N","\N","567","\N"
"7284","38","8315","\N","\N","670","\N"
"7108","852","10559","\N","tolls","119, 631-632","\N"
"7288","866","1989","\N","\N","143, 297-298, 375","\N"
"7290","866","2128","\N","\N","140-141","\N"
"7292","866","6083","\N","\N","375","\N"
"7294","866","4667","\N","\N","375","\N"
"7296","866","6913","\N","\N","138","\N"
"7302","786","9409","\N","\N","32","\N"
"7304","866","9409","\N","\N","48n227","\N"
"7306","720","10612","\N","\N","45.","\N"
"7308","586","10612","\N","\N","60","\N"
"7310","866","2659","\N","\N","21n57","\N"
"7312","866","4278","\N","\N","136","\N"
"7314","38","4278","\N","\N","352","\N"
"7316","866","1069","\N","\N","138","\N"
"7320","866","4247","\N","\N","375","\N"
"7322","866","607","\N","\N","138","\N"
"7324","866","6768","\N","\N","375","\N"
"7326","866","7105","\N","\N","138","\N"
"7328","866","6522","\N","\N","375","\N"
"7330","866","3211","\N","\N","138","\N"
"7332","866","8602","\N","\N","135","\N"
"7334","866","967","\N","\N","137","\N"
"7336","866","161","\N","\N","179-180","\N"
"7338","866","873","\N","\N","134","\N"
"7340","866","3989","\N","\N","375","\N"
"7342","866","4121","\N","\N","141","\N"
"7344","866","5493","\N","\N","375","\N"
"7346","866","6454","\N","\N","375","\N"
"7348","866","5820","\N","\N","375","\N"
"7350","866","9879","\N","\N","51","\N"
"7352","866","10614","\N","\N","51n252","\N"
"7354","428","10614","\N","\N","349","\N"
"7356","786","10614","\N","\N","27","\N"
"7358","866","4261","\N","\N","375","\N"
"7360","866","4455","\N","\N","375","\N"
"7204","852","3048","\N","tolls","210, 880-881","\N"
"7200","852","10582","\N","tolls","201n351, 209-210","\N"
"7300","852","10612","\N","tolls","238-244, 794","\N"
"7298","852","8491","\N","tolls","239, 242","\N"
"7244","852","5523","\N","tolls","211-212, 935-937","\N"
"34892","942","\N","\N","names","Glanerbrug (Enschede, O)","30168"
"7362","866","6724","\N","\N","375","\N"
"7364","866","6930","\N","\N","137, 307-308","\N"
"7366","866","4189","\N","\N","375","\N"
"7368","38","6724","\N","\N","540","\N"
"7370","38","5493","\N","\N","540","\N"
"7372","866","3585","\N","\N","135","\N"
"7374","866","723","\N","\N","135","\N"
"7376","866","4092","\N","\N","375","\N"
"7378","866","3476","\N","\N","135","\N"
"7380","866","2592","\N","\N","177, 374","\N"
"7382","866","3149","\N","\N","138","\N"
"7384","38","2592","\N","\N","58-59","\N"
"7386","866","504","\N","\N","135","\N"
"7388","866","4770","\N","\N","143, 375","\N"
"7390","866","118","\N","\N","137","\N"
"7392","866","6906","\N","\N","375","\N"
"7394","866","6697","\N","\N","375","\N"
"7396","866","3695","\N","\N","375","\N"
"7398","866","3757","\N","\N","120, 375","\N"
"7404","866","6735","\N","\N","57n7","\N"
"7406","866","6277","\N","\N","136","\N"
"7408","866","1730","\N","\N","136","\N"
"7410","38","6277","\N","\N","502","\N"
"7412","866","6011","\N","\N","375","\N"
"7414","866","2558","\N","\N","119-120, 375","\N"
"7416","866","2501","\N","\N","374","\N"
"7418","866","2780","\N","\N","137","\N"
"34896","4041","\N","\N","names","136","30170"
"7572","3627","10633","\N","\N","692","\N"
"7424","852","1672","\N","tolls","252-253, 824-826","\N"
"7426","852","10615","\N","tolls","255 - 258; 986","\N"
"7428","852","10616","\N","tolls","259","\N"
"7430","720","10616","\N","\N","163","\N"
"7638","852","1784","\N","tolls","283, 1003-1004","\N"
"7440","4","10624","\N","\N","126, 161","\N"
"7446","864","973","\N","\N","24","\N"
"7458","344","3406","\N","\N","143","\N"
"7460","344","5012","\N","\N","359","\N"
"7462","344","6245","\N","\N","479","\N"
"7464","344","7736","\N","\N","597-598","\N"
"7466","344","4162","\N","\N","277","\N"
"7474","870","3474","\N","\N","\N","\N"
"7490","344","3871","\N","\N","242","\N"
"7492","344","4522","\N","\N","314","\N"
"7494","344","6262","\N","\N","486","\N"
"7496","344","3609","\N","\N","208","\N"
"7498","344","4345","\N","\N","300","\N"
"7500","344","1765","\N","\N","62","\N"
"7502","344","5034","\N","\N","336","\N"
"7504","344","3576","\N","\N","194","\N"
"7506","344","7598","\N","\N","580","\N"
"7508","344","8133","\N","\N","639","\N"
"7510","344","6783","\N","\N","537","\N"
"7512","344","3968","\N","\N","258","\N"
"7518","344","113","\N","\N","9","\N"
"7520","344","2721","\N","\N","93","\N"
"7522","344","4129","\N","\N","266","\N"
"7524","344","8119","\N","\N","635","\N"
"7526","344","5941","\N","\N","457","\N"
"7528","344","7846","\N","\N","610","\N"
"7530","344","6456","\N","\N","506","\N"
"7532","344","8275","\N","\N","660","\N"
"7534","344","131","\N","\N","12","\N"
"7536","344","5857","\N","\N","437","\N"
"7538","344","5124","\N","\N","370","\N"
"7540","344","6165","\N","\N","470","\N"
"7542","344","7254","\N","\N","558","\N"
"7544","344","10258","\N","\N","18","\N"
"7546","344","4913","\N","\N","356","\N"
"7548","344","6744","\N","\N","152","\N"
"7550","344","6265","\N","\N","487","\N"
"7552","344","5884","\N","\N","443","\N"
"7554","344","6281","\N","\N","491","\N"
"7556","344","5614","\N","\N","404","\N"
"7558","344","3471","\N","\N","165","\N"
"7560","344","8540","\N","\N","680","\N"
"7562","344","8599","\N","\N","686","\N"
"7564","344","8225","\N","\N","655","\N"
"7566","344","1930","\N","\N","78","\N"
"7570","720","10628","\N","\N","119.","\N"
"7574","586","10699","\N","\N","342-343","\N"
"7576","344","7874","\N","\N","613","\N"
"7578","344","10256","\N","\N","284f.","\N"
"7580","344","5544","\N","\N","397-398","\N"
"7582","344","5931","\N","\N","456","\N"
"7584","344","7596","\N","\N","577","\N"
"7586","344","10255","\N","\N","287","\N"
"7620","344","1537","\N","\N","53-54","\N"
"7622","344","6489","\N","\N","508f.","\N"
"7624","344","8620","\N","\N","688","\N"
"7630","344","3412","\N","\N","144","\N"
"7636","852","3422","\N","tolls","271; 286; 987f.","\N"
"7642","852","1511","\N","tolls","271","\N"
"7646","852","519","\N","tolls","271","\N"
"7438","852","5683","\N","tolls","261, 527","\N"
"7434","852","10617","\N","tolls","258-260, 898, 962-969","\N"
"7668","852","10772","\N","tolls","272","\N"
"7670","4","2303","\N","\N","551","\N"
"7692","344","6238","\N","\N","494","\N"
"7694","344","7902","\N","\N","618","\N"
"7696","344","7594","\N","\N","573","\N"
"7436","852","2483","\N","tolls","260-261","\N"
"7568","852","10533","\N","tolls","290, 397-401, 584-585, 781-783","\N"
"7648","852","10765","\N","tolls","271-272, 288, 352-356, 699-703, 908-911","\N"
"7656","852","10769","\N","tolls","271, 699-701, 908-911","\N"
"7654","852","10768","\N","tolls","271, 704, 908-911","\N"
"7644","852","3008","\N","tolls","271, 287, 877-880","\N"
"7650","852","10766","\N","tolls","271, 704, 908-911","\N"
"7634","852","10764","\N","tolls","283, 368, 755-756, 1005","\N"
"7698","344","2677","\N","\N","92","\N"
"7700","344","6446","\N","\N","505","\N"
"7702","344","6666","\N","\N","521","\N"
"7704","344","6667","\N","\N","522","\N"
"7706","344","3562","\N","\N","182f.","\N"
"7708","344","5050","\N","\N","365","\N"
"7710","344","110","\N","\N","7","\N"
"7712","344","5804","\N","\N","421","\N"
"7714","344","3543","\N","\N","175","\N"
"7716","344","5432","\N","\N","386","\N"
"7718","216","10793","\N","\N","Plaatsnaam: Staverden (consulted 26 June 2019)","\N"
"7720","216","10794","\N","\N","Plaatsnaam: Bredevoort (consulted 26 June 2019)","\N"
"7722","216","10795","\N","\N","Plaatsnaam: Gendt (consulted 26 June 2019)","\N"
"7724","344","3157","\N","\N","121","\N"
"7726","344","7619","\N","\N","585","\N"
"7728","344","7530","\N","\N","567","\N"
"7730","344","4228","\N","\N","288","\N"
"7732","344","6434","\N","\N","504","\N"
"7734","216","5430","\N","\N","Plaatsnaam: Nijmegen (consulted 26 June 2019)","\N"
"7736","344","5487","\N","\N","393","\N"
"7738","344","7880","\N","\N","613","\N"
"7740","216","10796","\N","\N","Plaatsnaam: Batenburg (consulted 26 June 2019)","\N"
"7742","344","7287","\N","\N","565","\N"
"7744","344","5572","\N","\N","400f.","\N"
"7746","344","8186","\N","\N","651","\N"
"7748","216","8878","\N","\N","Plaatsnaam: Buren (consulted 26 June 2019)","\N"
"7750","344","3294","\N","\N","126-127","\N"
"7752","216","10797","\N","\N","Plaatsnaam: Culemborg (consulted 26 June 2019)","\N"
"7756","344","7592","\N","\N","573","\N"
"7758","344","6751","\N","\N","338-339","\N"
"7760","344","6497","\N","\N","509f.","\N"
"8000","908","2053","\N","\N","76","\N"
"7762","216","10798","\N","\N","Plaatsnaam: Asperen (consulted 26 June 2019)","\N"
"7764","216","8701","\N","\N","Plaatsnaam: Zaltbommel (consulted 26 June 2019)","\N"
"7766","216","10800","\N","\N","Plaatsnaam: Maasbommel (consulted 26 June 2019)","\N"
"7768","872","10800","\N","\N","283-287, 295-296","\N"
"7770","216","7714","\N","\N","Plaatsnaam: Tiel (consulted 26 June 2019)","\N"
"7772","852","7760","\N","tolls","280; 987 - 989","\N"
"7774","852","1721","\N","tolls","279f.; 827 - 830.","\N"
"7782","852","1599","\N","tolls","283; 820-822","\N"
"7792","442","9770","\N","\N","9-17, 19-20","\N"
"7794","440","9770","\N","\N","44-45","\N"
"7796","216","8000","\N","\N","Plaatsnaam: Venlo (consulted 26 June 2019)","\N"
"7798","216","6477","\N","\N","Plaatsnaam: Roermond (consulted 26 June 2019)","\N"
"7800","216","2157","\N","\N","Plaatsnaam: Gennep (consulted 26 June 2019)","\N"
"7802","216","4130","\N","\N","Plaatsnaam: Kuinre (consulted 26 June 2019)","\N"
"34897","4041","\N","\N","names","136","30171"
"7806","814","1621","\N","\N","\N","\N"
"7818","852","5972","\N","fairs","954, 956","\N"
"7814","852","8862","\N","tolls","292-293, 1017-1020","\N"
"7820","344","6755","\N","\N","343","\N"
"7824","344","96","\N","\N","5","\N"
"7826","344","6743","\N","\N","152","\N"
"7828","344","4166","\N","\N","278f.","\N"
"7830","4","2290","\N","tolls","560","\N"
"7832","4","3455","\N","tolls","555","\N"
"7834","216","5660","\N","\N","Plaatsnaam: Ootmarsum (consulted 26 June 2019)","\N"
"7836","244","8240","\N","fairs","252","\N"
"7838","216","5630","\N","\N","Plaatsnaam: Oldenzaal (consulted 26 June 2019)","\N"
"7840","216","1813","\N","\N","Plaatsnaam: Enschede (consulted 26 June 2019)","\N"
"7842","216","1372","\N","\N","Plaatsnaam: Delden (consulted 26 June 2019)","\N"
"7844","216","2297","\N","\N","Plaatsnaam: Goor (consulted 26 June 2019)","\N"
"7846","216","1428","\N","\N","Plaatsnaam: Diepenheim (consulted 26 June 2019)","\N"
"7848","216","6428","\N","\N","Plaatsnaam: Rijssen (consulted 26 June 2019)","\N"
"7850","874","1790","\N","staple","\N","\N"
"7852","876","1790","\N","staple","\N","\N"
"7854","4","10821","\N","\N","164","\N"
"7856","216","2383","\N","\N","Plaatsnaam: Gramsbergen (consulted 26 June 2019)","\N"
"7858","216","2805","\N","\N","Plaatsnaam: Hardenberg (consulted 26 June 2019)","\N"
"7860","216","5649","\N","\N","Plaatsnaam: Ommen (consulted 26 June 2019)","\N"
"7862","216","2854","\N","\N","Plaatsnaam: Hasselt (consulted 26 June 2019)","\N"
"7864","216","2377","\N","\N","Plaatsnaam: Grafhorst (consulted 26 June 2019)","\N"
"7868","852","4337","\N","fairs","300","\N"
"7870","316","1961","\N","\N","77","\N"
"7872","878","4361","\N","\N","12","\N"
"7874","216","8468","\N","\N","Plaatsnaam: Wilsum (consulted 26 June 2019)","\N"
"7876","216","8866","\N","\N","Plaatsnaam: Zwolle (consulted 26 June 2019)","\N"
"7878","216","1417","\N","\N","Plaatsnaam: Deventer (consulted 26 June 2019)","\N"
"7880","216","2156","\N","\N","Plaatsnaam: Genemuiden (consulted 26 June 2019)","\N"
"7882","216","3541","\N","\N","Plaatsnaam: Kampen (consulted 26 June 2019)","\N"
"7884","216","8063","\N","\N","Plaatsnaam: Vollenhove (consulted 26 June 2019)","\N"
"7886","880","8063","\N","\N","17, 31-34","\N"
"7888","746","10860","\N","tolls","189","\N"
"7890","882","10860","\N","tolls","\N","\N"
"7810","852","7785","\N","tolls","290, 396-399, 585-587, 781-783","\N"
"7808","852","222","\N","tolls","290, 396-399, 586-587, 781-783","\N"
"7780","852","3616","\N","tolls","283, 753-754, 1005","\N"
"7786","852","526","\N","tolls","285, 593-599","\N"
"7788","852","5387","\N","tolls","285, 593-594","\N"
"7790","852","6242","\N","tolls","285, 595-596","\N"
"7784","852","705","\N","tolls","284-285, 600-605, 786-789","\N"
"7892","884","10860","\N","tolls","1051 - 1058","\N"
"7894","886","6676","\N","\N","\N","\N"
"7896","394","9041","\N","\N","24","\N"
"7898","892","8994","\N","tolls","nr. 394","\N"
"7900","892","8995","\N","tolls","nr. 394","\N"
"7902","38","4566","\N","\N","371","\N"
"7904","38","6702","\N","\N","537","\N"
"7906","38","7893","\N","\N","630-631","\N"
"7908","4","6668","\N","tolls","561n290","\N"
"7916","898","8274","\N","fairs","213f","\N"
"7918","158","10890","\N","\N","19","\N"
"7922","134","10899","\N","tolls","62","\N"
"7924","126","10899","\N","tolls","\N","\N"
"7926","134","10899","\N","\N","62","\N"
"7928","134","10898","\N","\N","53","\N"
"7930","134","10897","\N","\N","51-53","\N"
"7932","72","9616","\N","\N","174-175","\N"
"7934","900","9616","\N","\N","89-94","\N"
"7936","902","9616","\N","fairs","7:22","\N"
"7938","38","9616","\N","\N","243","\N"
"7940","900","47","\N","\N","94-101","\N"
"7942","900","8","\N","\N","101","\N"
"7944","900","3","\N","tolls","102","\N"
"7946","900","3","\N","\N","101-105","\N"
"7948","38","1","\N","\N","454","\N"
"7950","900","10916","\N","\N","109","\N"
"7952","900","8978","\N","\N","109","\N"
"7954","900","1","\N","fairs","111","\N"
"7956","900","1","\N","\N","105-116","\N"
"7958","278","49","\N","\N","122-123","\N"
"7960","278","9616","\N","\N","126-127","\N"
"7962","278","3","\N","\N","128-131","\N"
"7964","904","10303","\N","tolls","31","\N"
"7966","278","10","\N","tolls","132","\N"
"7968","278","10","\N","\N","131-133","\N"
"7970","4","7783","\N","tolls","562","\N"
"7972","38","10897","\N","\N","63","\N"
"7974","134","8917","\N","\N","53-55","\N"
"7976","134","10923","\N","fairs","56","\N"
"7978","214","10923","\N","\N","189","\N"
"7980","134","10923","\N","\N","55-58","\N"
"7982","134","10924","\N","\N","53","\N"
"7984","30","8917","\N","\N","82","\N"
"7986","134","3240","\N","\N","58-61","\N"
"7988","906","4850","\N","tolls","197","\N"
"7990","134","10934","\N","\N","58-61","\N"
"7992","906","10935","\N","\N","198","\N"
"7994","134","4280","\N","\N","62","\N"
"7996","72","9613","\N","\N","377-378","\N"
"7998","134","9613","\N","\N","63-65","\N"
"8002","72","10894","\N","\N","337-338","\N"
"8004","574","8916","\N","\N","Gieselwerder, Landkreis Kassel (consulted at 26 March 2020)","\N"
"8006","908","8916","\N","\N","76-78","\N"
"8008","908","10924","\N","\N","78","\N"
"8010","574","10925","\N","\N","Lippoldsberg, Landkreis Kassel (consulted 26 March 2020)","\N"
"8012","60","10945","\N","\N","162","\N"
"8014","38","10945","\N","\N","228","\N"
"8016","68","10945","\N","\N","7-8","\N"
"8018","60","10947","\N","\N","216-217","\N"
"8020","60","10949","\N","\N","371","\N"
"8022","322","10950","\N","\N","64-65","\N"
"8024","60","10950","\N","\N","21","\N"
"8026","322","10951","\N","\N","51-52","\N"
"8028","60","10951","\N","\N","20","\N"
"8030","910","10318","\N","\N","18","\N"
"8032","912","1741","\N","tolls","400.","\N"
"34898","4041","\N","\N","names","136","30172"
"8036","720","10980","\N","\N","63","\N"
"8040","720","10982","\N","\N","236","\N"
"8042","720","10984","\N","\N","259","\N"
"8044","344","1173","\N","\N","196","\N"
"8046","344","4208","\N","\N","286","\N"
"8048","344","8132","\N","\N","637","\N"
"8050","344","8249","\N","\N","634","\N"
"8052","344","7168","\N","\N","691","\N"
"8054","344","8120","\N","\N","681","\N"
"8056","344","6752","\N","\N","338","\N"
"8058","344","3501","\N","\N","270","\N"
"8060","344","6760","\N","\N","449","\N"
"8062","344","111","\N","\N","8","\N"
"8064","344","4207","\N","\N","285","\N"
"8066","344","7761","\N","\N","604","\N"
"8068","344","7833","\N","\N","606f.","\N"
"8070","344","8204","\N","\N","652","\N"
"8072","62","10987","\N","\N","128-129","\N"
"8074","60","10987","\N","\N","118","\N"
"8076","62","10988","\N","\N","6-7","\N"
"8078","60","10989","\N","\N","185","\N"
"8080","70","10989","\N","\N","184-186","\N"
"8082","914","10997","\N","\N","40, 52, 53n110","\N"
"8084","344","3749","\N","\N","337-338","\N"
"8086","344","7888","\N","\N","615","\N"
"8088","344","6342","\N","\N","494","\N"
"8090","914","11004","\N","\N","47","\N"
"8092","914","11005","\N","\N","45","\N"
"8094","344","8346","\N","\N","668","\N"
"8096","344","5794","\N","\N","435","\N"
"8098","344","3253","\N","\N","123","\N"
"8100","344","6749","\N","\N","199","\N"
"8102","914","10351","\N","\N","52","\N"
"8104","344","5607","\N","\N","403","\N"
"8106","344","5806","\N","\N","424","\N"
"8108","344","10260","\N","\N","405","\N"
"8110","344","3642","\N","\N","224","\N"
"8112","344","8161","\N","\N","646","\N"
"8114","344","3472","\N","\N","165","\N"
"8116","344","4569","\N","\N","318f.","\N"
"8118","344","10261","\N","\N","601","\N"
"8120","344","2770","\N","\N","97","\N"
"8122","344","3866","\N","\N","239","\N"
"8124","344","7081","\N","\N","545","\N"
"8038","852","6731","\N","tolls","725, 973","\N"
"8126","60","11009","\N","\N","308","\N"
"8128","38","11009","\N","\N","521","\N"
"8130","344","8189","\N","\N","651","\N"
"8132","344","5799","\N","\N","416","\N"
"8134","344","6280","\N","\N","489f.","\N"
"8136","344","3639","\N","\N","222","\N"
"8138","344","6177","\N","\N","134","\N"
"8140","344","8194","\N","\N","651f.","\N"
"8142","344","6466","\N","\N","507","\N"
"8144","344","3426","\N","\N","147f.","\N"
"8146","916","11020","\N","fairs","175","\N"
"8148","918","11020","\N","fairs","111","\N"
"8150","214","11020","\N","\N","225","\N"
"8152","60","11020","\N","\N","288","\N"
"8154","214","11026","\N","\N","173","\N"
"8156","28","1484","\N","fairs","654-657, 661-666","\N"
"8158","28","2449","\N","fairs","655","\N"
"8160","28","8488","\N","fairs","655-656, 663, 665","\N"
"8162","28","1485","\N","fairs","654-657, 663, 665","\N"
"8164","340","11010","\N","\N","283-284","\N"
"8166","918","11043","\N","fairs","116","\N"
"8168","918","11044","\N","fairs","115","\N"
"8170","344","5653","\N","\N","407f.","\N"
"8172","344","7960","\N","\N","645","\N"
"8174","344","6164","\N","\N","469","\N"
"8176","344","3933","\N","\N","491","\N"
"8178","344","7138","\N","\N","549","\N"
"8180","344","7890","\N","\N","616","\N"
"8182","344","5153","\N","\N","375f.","\N"
"8184","344","3432","\N","\N","149","\N"
"8186","344","5300","\N","\N","384","\N"
"8188","344","3590","\N","\N","200","\N"
"8190","344","4556","\N","\N","317","\N"
"8192","454","11045","\N","fairs","155","\N"
"8194","454","11047","\N","fairs","156","\N"
"8196","454","11055","\N","fairs","161-162","\N"
"8198","918","11050","\N","fairs","113","\N"
"8200","214","11062","\N","\N","168","\N"
"8202","60","11062","\N","\N","120","\N"
"8208","922","4337","\N","staple","20","\N"
"8220","922","4337","\N","fairs","\N","\N"
"8228","922","5867","\N","fairs","73","\N"
"8238","922","1741","\N","fairs","74f.","\N"
"8242","922","2602","\N","fairs","76","\N"
"8244","922","848","\N","fairs","76","\N"
"8246","922","3455","\N","fairs","77","\N"
"8248","922","8655","\N","fairs","77","\N"
"8250","922","1401","\N","fairs","77f","\N"
"8252","922","3990","\N","fairs","78","\N"
"8254","922","705","\N","fairs","79","\N"
"8256","922","10767","\N","fairs","80","\N"
"8260","922","6200","\N","fairs","83-84","\N"
"8262","922","961","\N","fairs","83","\N"
"8264","922","8862","\N","fairs","84","\N"
"8266","922","7760","\N","fairs","84","\N"
"8268","922","3411","\N","fairs","84","\N"
"8270","922","2002","\N","fairs","97","\N"
"8272","28","11077","\N","fairs","646-649, 661-664","\N"
"8274","772","9092","\N","tolls","Bd. 2, no. 115","\N"
"8276","924","9092","\N","tolls","\N","\N"
"8278","926","8879","\N","\N","72","\N"
"8280","894","11081","\N","tolls","lv, xxxii-xxxiii: 1.2.7 and accounts nrs. E-K, M, 223","\N"
"8282","928","11081","\N","tolls","64-66","\N"
"8284","930","7714","\N","fairs","139","\N"
"8286","932","1783","\N","fairs","112-115","\N"
"34899","4041","\N","\N","names","136","30173"
"8290","936","1236","\N","tolls","71","\N"
"8292","938","5165","\N","fairs","\N","\N"
"8294","38","2049","\N","\N","188","\N"
"8296","28","296","\N","fairs","there 652-654, 661-666","\N"
"8298","940","1826","\N","tolls","\N","\N"
"8300","942","1520","\N","\N","Doornspijk","\N"
"8302","942","3043","\N","\N","Hierden","\N"
"8304","714","11093","\N","\N","182","\N"
"8306","942","11093","\N","\N","Hulshorst","\N"
"8308","942","4402","\N","\N","Leuvenum","\N"
"8310","944","1002","\N","tolls","\N","\N"
"8322","942","1833","\N","\N","Ermelo","\N"
"8324","942","2095","\N","\N","Garderen","\N"
"8326","942","7637","\N","\N","Telgt","\N"
"8328","942","1431","\N","\N","Diermen","\N"
"8330","942","5424","\N","\N","Nijkerk","\N"
"8332","942","5489","\N","\N","Nunspeet","\N"
"8334","942","3088","\N","\N","Hoevelaken","\N"
"8336","942","7662","\N","\N","Terschuur","\N"
"8338","942","8076","\N","\N","Voorthuizen","\N"
"8340","942","435","\N","\N","Barneveld","\N"
"8342","942","3945","\N","\N","Kootwijk","\N"
"8344","942","2322","\N","\N","Gortel","\N"
"8346","942","5411","\N","\N","Niersen","\N"
"8348","942","7948","\N","\N","Vaassen","\N"
"8350","942","8316","\N","\N","Wenum","\N"
"8352","942","1818","\N","\N","Epe","\N"
"8422","942","1308","\N","\N","Dalem","\N"
"8424","942","8095","\N","\N","Vuren","\N"
"8426","942","3005","\N","\N","Herwijnen","\N"
"8434","942","8103","\N","\N","Waardenburg","\N"
"8436","942","296","\N","\N","Arnhem","\N"
"8438","942","1753","\N","\N","Elburg","\N"
"8440","28","1753","\N","fairs","652-654, 661-666","\N"
"8442","28","2807","\N","fairs","652-654, 661-666","\N"
"8444","28","2862","\N","fairs","652-654, 661-666","\N"
"8446","942","8114","\N","\N","Wageningen","\N"
"8448","316","11119","\N","\N","73","\N"
"8458","38","7535","\N","\N","608","\N"
"8460","60","11153","\N","\N","347","\N"
"8462","38","11153","\N","\N","610","\N"
"8464","38","11154","\N","\N","93","\N"
"8466","214","11154","\N","\N","136","\N"
"8468","38","11155","\N","\N","93","\N"
"8258","922","4222","\N","fairs","80-81","\N"
"8478","950","5592","\N","\N","12","\N"
"8480","772","2187","\N","\N","I:68","\N"
"8482","772","4127","\N","\N","I:68","\N"
"8486","954","1771","\N","\N","1:132","\N"
"8488","956","8024","\N","\N","147, 150-151","\N"
"8490","958","5878","\N","\N","6-7","\N"
"8492","76","47","\N","tolls","93","\N"
"8494","586","10547","\N","\N","473-487","\N"
"8496","182","11153","\N","\N","211","\N"
"8498","182","11154","\N","\N","63","\N"
"8500","182","11155","\N","\N","217","\N"
"8502","4","7736","\N","\N","737","\N"
"8504","540","3973","\N","\N","251-253","\N"
"8512","76","9616","\N","tolls","91","\N"
"8518","76","10","\N","tolls","87","\N"
"8522","182","7109","\N","\N","197","\N"
"8530","182","8928","\N","\N","82","\N"
"8532","964","8928","\N","tolls","no. 1388","\N"
"8534","964","8929","\N","tolls","no. 1388","\N"
"8536","966","2067","\N","tolls","II:945","\N"
"8538","968","2067","\N","tolls","I:256","\N"
"8540","964","9654","\N","tolls","no. 1388","\N"
"8544","964","11215","\N","tolls","no. 1388","\N"
"8546","126","11215","\N","tolls","\N","\N"
"8554","340","11048","\N","\N","398","\N"
"8562","164","5901","\N","\N","71","\N"
"8564","964","5901","\N","tolls","no. 1388","\N"
"8566","964","8925","\N","tolls","no. 1388","\N"
"8568","38","11219","\N","\N","78","\N"
"8570","162","4597","\N","\N","226","\N"
"8572","244","4958","\N","fairs","244","\N"
"8588","4","11227","\N","\N","184","\N"
"8590","4","9455","\N","\N","192","\N"
"8594","586","1166","\N","\N","67-68","\N"
"8596","4","2782","\N","\N","229n6","\N"
"8598","4","3210","\N","\N","229n6","\N"
"8600","158","11265","\N","\N","19","\N"
"8602","814","8970","\N","\N","\N","\N"
"8604","400","8970","\N","\N","1036-1044","\N"
"8606","62","4240","\N","\N","275","\N"
"8608","4","3771","\N","\N","271","\N"
"8610","62","11270","\N","\N","163-164","\N"
"8612","60","11270","\N","\N","141","\N"
"8616","4","4622","\N","tolls","231","\N"
"8618","652","10107","\N","\N","343-344","\N"
"8620","700","10107","\N","\N","386-401","\N"
"8622","38","10699","\N","\N","491","\N"
"8624","652","10699","\N","\N","347","\N"
"8626","972","10699","\N","fairs","\N","\N"
"8628","974","6505","\N","fairs","\N","\N"
"8630","974","7005","\N","fairs","\N","\N"
"8632","62","2795","\N","\N","184-186","\N"
"8634","976","10699","\N","fairs","265","\N"
"8636","976","6878","\N","fairs","265-266","\N"
"8730","962","11296","\N","\N","24","\N"
"8732","652","10547","\N","\N","388-390","\N"
"8734","978","11321","\N","tolls","\N","\N"
"8736","980","11321","\N","tolls","\N","\N"
"8738","982","11321","\N","tolls","\N","\N"
"8742","4","1863","\N","tolls","268","\N"
"8744","4","4242","\N","tolls","268","\N"
"8746","814","8899","\N","\N","\N","\N"
"8748","400","8899","\N","\N","1109-1115","\N"
"8750","652","10547","\N","fairs","388-390","\N"
"8752","986","10547","\N","fairs","156","\N"
"8754","428","3973","\N","fairs","202","\N"
"8758","4","7417","\N","\N","274","\N"
"8760","610","2490","\N","\N","\N","\N"
"8762","610","7417","\N","\N","\N","\N"
"8764","4","11332","\N","\N","281","\N"
"8766","540","3934","\N","fairs","250","\N"
"8770","4","6063","\N","\N","282","\N"
"8772","214","6063","\N","tolls","168-169","\N"
"8774","4","6063","\N","tolls","283","\N"
"8776","540","148","\N","\N","7-8","\N"
"8778","4","4709","\N","tolls","283","\N"
"8780","676","9847","\N","\N","\N","\N"
"8782","540","6480","\N","\N","391-392","\N"
"8784","4","2953","\N","tolls","284","\N"
"8786","4","8943","\N","\N","284","\N"
"8790","988","11359","\N","\N","125","\N"
"8792","800","11149","\N","\N","267, 380-381","\N"
"8794","652","10039","\N","\N","417-419","\N"
"8796","990","519","\N","fairs","161","\N"
"8800","992","7405","\N","fairs","827","\N"
"8802","992","8322","\N","fairs","827","\N"
"8804","4","11376","\N","\N","291","\N"
"34900","4041","\N","\N","names","136","30174"
"8810","540","1401","\N","\N","77-82","\N"
"8812","540","10398","\N","\N","80","\N"
"8814","540","10462","\N","\N","80","\N"
"8816","996","10398","\N","tolls","43","\N"
"8818","996","1401","\N","staple","43.","\N"
"8820","996","1401","\N","fairs","68","\N"
"8822","652","1445","\N","fairs","460","\N"
"8824","306","1424","\N","\N","321","\N"
"8826","4","11399","\N","\N","248","\N"
"8828","998","1826","\N","fairs","135","\N"
"8832","540","1686","\N","\N","98f","\N"
"8834","540","1837","\N","\N","113f","\N"
"8836","4","11407","\N","\N","303","\N"
"8838","4","38","\N","\N","309","\N"
"8840","76","9346","\N","\N","53","\N"
"8842","4","9026","\N","\N","319","\N"
"8844","1000","11417","\N","\N","222f","\N"
"8846","652","2170","\N","\N","499","\N"
"8848","1002","2457","\N","\N","\N","\N"
"8850","344","3481","\N","\N","177","\N"
"8852","992","2094","\N","fairs","826","\N"
"8854","992","7601","\N","fairs","826f; 831","\N"
"8856","992","1164","\N","tolls","830","\N"
"8858","992","6271","\N","fairs","830","\N"
"8860","992","285","\N","fairs","827","\N"
"8862","992","698","\N","fairs","827","\N"
"8864","992","5724","\N","fairs","827","\N"
"8866","992","295","\N","fairs","827","\N"
"8868","992","7049","\N","fairs","827","\N"
"8870","992","3487","\N","fairs","827","\N"
"8872","4","11430","\N","\N","334","\N"
"8874","344","3347","\N","\N","375f.","\N"
"8878","312","1236","\N","fairs","36","\N"
"8880","852","11435","\N","tolls","280; 987 - 989","\N"
"8882","1004","11435","\N","tolls","49","\N"
"8884","1004","11436","\N","tolls","49","\N"
"8888","1004","11437","\N","tolls","49","\N"
"8900","1004","11439","\N","tolls","49","\N"
"8988","540","3612","\N","fairs","236-237","\N"
"8904","1004","10398","\N","tolls","49","\N"
"8906","996","1401","\N","tolls","43","\N"
"8908","1004","11440","\N","tolls","49","\N"
"8986","540","3612","\N","\N","236-237","\N"
"8992","652","10765","\N","\N","583-584","\N"
"8914","1004","11443","\N","tolls","49","\N"
"9038","652","10205","\N","\N","707-708","\N"
"8918","1004","11444","\N","tolls","49","\N"
"8920","1004","9401","\N","tolls","49","\N"
"8922","646","9542","\N","\N","\N","\N"
"8926","1004","11445","\N","tolls","49","\N"
"8928","1004","11446","\N","tolls","49","\N"
"8930","624","11446","\N","tolls","18-20, 35-36, 96-97, 162-163","\N"
"8932","1004","11447","\N","tolls","49","\N"
"8934","1004","8515","\N","tolls","49","\N"
"8936","1004","4142","\N","tolls","49","\N"
"8938","4","4365","\N","tolls","395","\N"
"8940","1010","5971","\N","tolls","108","\N"
"8942","1010","1686","\N","tolls","112","\N"
"8944","4","1040","\N","tolls","524","\N"
"8948","1010","1127","\N","tolls","112","\N"
"8950","1010","112","\N","tolls","112","\N"
"8952","1010","6200","\N","tolls","112","\N"
"8956","62","5855","\N","\N","359","\N"
"8958","38","5855","\N","\N","481","\N"
"8960","62","7710","\N","\N","438-439","\N"
"8962","62","8373","\N","\N","479-480","\N"
"8964","62","9580","\N","\N","466-467","\N"
"8966","62","7314","\N","\N","416-417","\N"
"8968","38","7314","\N","\N","589","\N"
"8970","1012","6878","\N","\N","59","\N"
"8972","1012","6658","\N","\N","59","\N"
"8974","1012","4526","\N","\N","59","\N"
"8976","1012","2164","\N","\N","\N","\N"
"8978","586","59","\N","tolls","189","\N"
"8980","700","9979","\N","\N","165 - 178","\N"
"8982","700","2601","\N","\N","165 - 178","\N"
"8984","652","59","\N","fairs","540","\N"
"8990","652","3612","\N","fairs","559","\N"
"8994","540","4525","\N","\N","284-285","\N"
"8996","652","4525","\N","fairs","589-590","\N"
"8998","540","4742","\N","fairs","318","\N"
"9000","652","4742","\N","fairs","605","\N"
"9002","652","4988","\N","fairs","610","\N"
"9004","720","5085","\N","\N","185","\N"
"9008","652","10543","\N","\N","621","\N"
"9010","652","5579","\N","fairs","629","\N"
"9012","540","5579","\N","fairs","352","\N"
"9014","652","11493","\N","\N","632-633","\N"
"9016","540","11493","\N","\N","354-356","\N"
"9018","540","11493","\N","fairs","355","\N"
"9020","652","11493","\N","fairs","632-633","\N"
"9022","540","5724","\N","\N","356f","\N"
"9024","540","5724","\N","fairs","357","\N"
"9028","540","6799","\N","\N","410f","\N"
"9030","1014","6934","\N","fairs","14","\N"
"9032","652","10538","\N","\N","689f","\N"
"9034","1016","10538","\N","fairs","19","\N"
"9036","1016","11495","\N","\N","35","\N"
"9040","652","8181","\N","fairs","718-719","\N"
"9042","344","5856","\N","\N","435f.","\N"
"9044","1018","8272","\N","fairs","101","\N"
"9046","652","8322","\N","fairs","728-729","\N"
"9048","4","11505","\N","\N","416","\N"
"9050","1020","11505","\N","\N","98-99","\N"
"9052","1020","11506","\N","\N","102","\N"
"9056","1024","8336","\N","fairs","nr. 249","\N"
"9058","1024","8336","\N","tolls","nr. 19.","\N"
"9060","540","8600","\N","tolls","516","\N"
"9062","652","8600","\N","fairs","740","\N"
"9064","540","8513","\N","\N","504-511","\N"
"9068","1026","8611","\N","\N","\N","\N"
"9072","1028","3646","\N","\N","353","\N"
"9074","1028","2059","\N","\N","109-110","\N"
"9076","1028","1774","\N","\N","85","\N"
"9078","1028","10846","\N","\N","405-406","\N"
"9080","1028","2788","\N","\N","132","\N"
"9082","1028","7519","\N","\N","371","\N"
"9086","4","11518","\N","\N","223","\N"
"9088","4","1624","\N","\N","223","\N"
"9094","4","2094","\N","tolls","280","\N"
"9096","4","8246","\N","tolls","280","\N"
"9098","474","6107","\N","\N","147","\N"
"9100","518","11054","\N","\N","6","\N"
"9102","330","11054","\N","\N","82","\N"
"9104","4","1","\N","tolls","288","\N"
"9106","1030","1","\N","tolls","136-144","\N"
"34901","4041","19909","\N","","136-137","\N"
"9070","1026","8611","\N","fairs","67, 72","\N"
"9026","652","11494","\N","\N","651-652","\N"
"9054","1022","7529","\N","fairs","164","\N"
"8890","852","11438","\N","tolls","282, 367, 749-751, 999-1003","\N"
"9108","1030","10916","\N","\N","142","\N"
"9110","630","11009","\N","\N","466","\N"
"9112","1032","11009","\N","fairs","151","\N"
"9114","630","11010","\N","\N","320, 531-532","\N"
"9116","646","11519","\N","\N","\N","\N"
"9120","340","9780","\N","\N","64, 154-155","\N"
"9122","4","5579","\N","tolls","249","\N"
"9124","4","5735","\N","tolls","302","\N"
"9126","4","7247","\N","tolls","237","\N"
"9128","540","10468","\N","tolls","443","\N"
"9130","682","11321","\N","\N","91","\N"
"9134","1034","5112","\N","\N","12, 16","\N"
"9136","340","5112","\N","\N","337","\N"
"9138","1034","3868","\N","\N","12","\N"
"9140","728","4566","\N","\N","627-629","\N"
"9144","340","8525","\N","\N","501","\N"
"9146","634","11219","\N","\N","75","\N"
"9148","632","8031","\N","\N","253-254","\N"
"9150","682","11520","\N","\N","168, 239","\N"
"9152","682","11521","\N","\N","238","\N"
"9154","682","11522","\N","\N","25","\N"
"9156","682","11523","\N","\N","90","\N"
"9158","634","5383","\N","\N","47","\N"
"9268","3627","2986","\N","\N","87, 277","\N"
"9164","852","4249","\N","tolls","890-894","\N"
"9284","852","1242","\N","tolls","801-803","\N"
"9168","1036","5632","\N","tolls","62-63","\N"
"9170","1036","4604","\N","tolls","\N","\N"
"9172","1038","4604","\N","tolls","7:428","\N"
"9174","340","8927","\N","\N","245-246","\N"
"9176","964","8927","\N","tolls","no. 1388","\N"
"9178","968","8927","\N","tolls","1:724","\N"
"9180","4","11528","\N","tolls","298","\N"
"9182","720","653","\N","\N","32","\N"
"9184","422","11154","\N","\N","247","\N"
"9186","4","1150","\N","tolls","335","\N"
"9188","4","62","\N","tolls","332","\N"
"9190","1040","11321","\N","\N","\N","\N"
"9192","796","10077","\N","\N","48","\N"
"9194","1042","3182","\N","\N","79","\N"
"9196","1042","3812","\N","\N","80","\N"
"9198","1042","8013","\N","\N","86","\N"
"9200","1042","1635","\N","\N","73","\N"
"9202","1042","1524","\N","\N","72","\N"
"9262","852","3177","\N","tolls","600-601, 786-789","\N"
"9206","1042","8480","\N","\N","88","\N"
"9208","1042","4874","\N","\N","82","\N"
"9210","1042","1636","\N","\N","73","\N"
"9212","1042","4043","\N","\N","81","\N"
"9214","1042","5719","\N","\N","82","\N"
"9216","1042","8359","\N","\N","88","\N"
"9218","1042","3671","\N","\N","68-69","\N"
"9220","1042","181","\N","\N","68","\N"
"9222","340","3249","\N","\N","236","\N"
"9224","1042","3249","\N","\N","79","\N"
"9226","1042","1710","\N","\N","73","\N"
"9228","1042","2733","\N","\N","78","\N"
"9230","1042","1863","\N","\N","76","\N"
"9232","340","8971","\N","\N","3-4","\N"
"9234","1042","6379","\N","\N","83","\N"
"9236","1042","7526","\N","\N","80","\N"
"9238","1044","1524","\N","\N","60-61","\N"
"9240","1044","4874","\N","\N","55","\N"
"9242","852","11443","\N","tolls","779-780","\N"
"9244","1042","1912","\N","\N","76","\N"
"9246","340","1912","\N","\N","148","\N"
"9270","3627","182","\N","\N","21, 87","\N"
"9256","852","586","\N","tolls","785-786, 992","\N"
"9258","852","9847","\N","tolls","785f","\N"
"9264","852","743","\N","tolls","790","\N"
"9266","852","2986","\N","tolls","792-793","\N"
"9272","852","1160","\N","tolls","796","\N"
"9282","852","1238","\N","tolls","800f","\N"
"9288","852","1250","\N","tolls","803-807","\N"
"9290","852","11439","\N","\N","807","\N"
"9292","1042","8971","\N","\N","63","\N"
"9294","852","1250","\N","staple","806","\N"
"9296","1046","8971","\N","\N","23, 32-35, 99-100","\N"
"9162","852","11524","\N","tolls","890-894","\N"
"9304","1046","8971","\N","tolls","30-31, 127-129","\N"
"9306","1046","11532","\N","tolls","127","\N"
"9308","852","1401","\N","tolls","810 - 814","\N"
"9310","852","11440","\N","tolls","810-814","\N"
"9312","852","1401","\N","staple","812","\N"
"9316","852","1570","\N","tolls","814 - 819.","\N"
"9320","1048","11062","\N","tolls","\N","\N"
"9322","340","11062","\N","\N","133","\N"
"9324","1050","11533","\N","\N","8:944","\N"
"9326","1052","1345","\N","\N","206","\N"
"9328","1052","3154","\N","\N","343","\N"
"9330","1052","2932","\N","\N","321","\N"
"9332","1052","7942","\N","\N","661","\N"
"9334","1054","7942","\N","\N","591","\N"
"9336","1052","4545","\N","\N","435","\N"
"9338","1052","1775","\N","\N","235-236","\N"
"9340","1054","1775","\N","\N","146","\N"
"9318","3627","2483","\N","\N","231","\N"
"9254","3627","2378","\N","\N","222","\N"
"9300","852","4222","\N","tolls","809-810","\N"
"9298","852","1377","\N","tolls","809-810","\N"
"9250","3627","10533","\N","\N","198-199","\N"
"9248","3627","7785","\N","\N","685-686","\N"
"34902","4041","\N","\N","names","292","30175"
"9260","852","961","\N","tolls","600-601, 786-789","\N"
"9278","852","8835","\N","tolls","797-798","\N"
"9274","852","1190","\N","tolls","622, 797-799","\N"
"9276","852","5582","\N","tolls","797-798","\N"
"9342","1052","1767","\N","\N","234","\N"
"9344","1052","7689","\N","\N","644","\N"
"9346","1052","2950","\N","\N","323","\N"
"9348","1052","4230","\N","\N","420","\N"
"9350","1052","2815","\N","\N","309","\N"
"9352","1052","7915","\N","\N","663","\N"
"9354","1052","3508","\N","\N","372","\N"
"9356","1052","3542","\N","\N","374","\N"
"9358","1052","5495","\N","\N","492","\N"
"9360","1052","10629","\N","\N","428","\N"
"9362","1052","923","\N","\N","176","\N"
"9364","1054","923","\N","\N","77","\N"
"9366","1052","3224","\N","\N","349","\N"
"9368","1054","3224","\N","\N","269","\N"
"9370","1054","7386","\N","\N","563","\N"
"9372","1052","7386","\N","\N","617-618","\N"
"9374","38","10692","\N","\N","329","\N"
"9376","1054","10692","\N","\N","331","\N"
"9378","1052","10692","\N","\N","406","\N"
"9380","1052","10691","\N","\N","273","\N"
"9382","1054","10691","\N","\N","209","\N"
"9384","1052","5115","\N","\N","469, 685","\N"
"9386","1054","5115","\N","\N","413","\N"
"9388","1052","3344","\N","\N","360","\N"
"9390","1054","3344","\N","\N","281","\N"
"9392","1054","3344","\N","staple","281","\N"
"9394","1052","3614","\N","\N","381","\N"
"9396","920","10821","\N","\N","411-412","\N"
"9398","1054","3614","\N","\N","304-305","\N"
"9400","340","9183","\N","\N","118-119","\N"
"9402","340","4260","\N","\N","282-283","\N"
"9404","1052","2918","\N","\N","320","\N"
"9406","1054","2918","\N","\N","253","\N"
"9408","428","11534","\N","\N","237","\N"
"9410","428","11536","\N","\N","237","\N"
"9412","1054","10645","\N","\N","622","\N"
"9414","1052","10645","\N","\N","699","\N"
"9416","1052","2734","\N","\N","300","\N"
"9418","1052","6829","\N","\N","572","\N"
"9420","1054","6829","\N","\N","520-521","\N"
"9422","1052","74","\N","\N","113","\N"
"9424","1052","9528","\N","\N","227, 381, 432","\N"
"9426","1054","9528","\N","\N","304","\N"
"9428","1054","9528","\N","tolls","304","\N"
"9430","1052","2654","\N","\N","293","\N"
"9432","1054","2654","\N","\N","221-222","\N"
"9434","1052","115","\N","\N","118","\N"
"9436","1054","115","\N","\N","24","\N"
"9438","1052","7639","\N","\N","641","\N"
"9440","1054","7639","\N","\N","578","\N"
"9442","1052","7721","\N","\N","646","\N"
"9444","1052","1380","\N","\N","208","\N"
"9446","1052","2965","\N","\N","325","\N"
"9448","1052","5459","\N","\N","488","\N"
"9450","38","2895","\N","\N","249","\N"
"9452","1052","2895","\N","\N","318","\N"
"9454","1054","2895","\N","\N","250-251","\N"
"9456","1052","5629","\N","\N","707","\N"
"9458","1054","5629","\N","\N","625","\N"
"9460","1056","2795","\N","tolls","40","\N"
"9462","902","5307","\N","tolls","7:270","\N"
"9464","1052","4858","\N","\N","455","\N"
"9466","1054","4858","\N","\N","398","\N"
"9468","38","4858","\N","\N","397","\N"
"9470","1052","10641","\N","\N","484","\N"
"9472","1052","1371","\N","\N","208","\N"
"9474","1052","1914","\N","\N","246","\N"
"9476","1052","4095","\N","\N","413","\N"
"9478","1052","6800","\N","\N","568","\N"
"9480","1052","3114","\N","\N","337-338","\N"
"9482","1052","2792","\N","\N","307","\N"
"9484","1054","2792","\N","\N","244","\N"
"9486","1054","2792","\N","tolls","244","\N"
"9488","4","2792","\N","tolls","126, 149","\N"
"9490","1052","2261","\N","\N","276","\N"
"9492","1052","5611","\N","\N","499","\N"
"9494","1052","6169","\N","\N","527","\N"
"9496","1052","6320","\N","\N","537","\N"
"9498","1052","7140","\N","\N","604","\N"
"9500","1052","3362","\N","\N","362","\N"
"9502","1052","3131","\N","\N","339","\N"
"9504","1054","3131","\N","\N","265-266","\N"
"9506","1052","6362","\N","\N","539","\N"
"9508","1052","430","\N","\N","140","\N"
"9510","1052","1001","\N","\N","181","\N"
"9512","1052","3425","\N","\N","365","\N"
"9514","1054","3425","\N","\N","287","\N"
"9516","1052","912","\N","\N","175","\N"
"9518","852","1672","\N","fairs","825","\N"
"9554","852","1737","\N","fairs","830-831","\N"
"9530","720","6590","\N","\N","241","\N"
"9532","852","6590","\N","tolls","824-826","\N"
"10286","1054","2351","\N","\N","211","\N"
"9534","1058","6585","\N","tolls","443","\N"
"9536","1058","7603","\N","tolls","443","\N"
"9538","4","6585","\N","tolls","314, 328","\N"
"9544","852","11543","\N","tolls","890-894","\N"
"9556","852","1826","\N","tolls","832 - 839","\N"
"9560","852","10543","\N","tolls","842-844","\N"
"9562","1052","6364","\N","\N","539","\N"
"9564","1054","6364","\N","\N","501","\N"
"9566","1052","7272","\N","\N","609","\N"
"9568","1052","11546","\N","\N","572","\N"
"9570","1052","6839","\N","\N","572","\N"
"9572","1052","920","\N","\N","175","\N"
"9574","1052","7686","\N","\N","644","\N"
"9576","1052","5468","\N","\N","491","\N"
"9578","1054","5468","\N","\N","442","\N"
"9558","852","1172","\N","tolls","842-844","\N"
"9546","3627","11544","\N","\N","904","\N"
"9522","3627","345","\N","\N","36","\N"
"9520","852","345","\N","tolls","824-826","\N"
"9526","652","11538","\N","\N","735-736","\N"
"9528","852","11538","\N","tolls","824-826","\N"
"34903","4041","\N","\N","names","292","30176"
"9580","1052","7724","\N","\N","646","\N"
"9582","1052","4073","\N","\N","409","\N"
"9584","1052","5294","\N","\N","478","\N"
"9586","1054","5294","\N","\N","429","\N"
"9588","1052","308","\N","\N","131","\N"
"9590","1052","1694","\N","\N","230","\N"
"9592","1052","1120","\N","\N","189","\N"
"9594","1052","424","\N","\N","139","\N"
"9596","1052","4831","\N","\N","453","\N"
"9598","1052","2598","\N","\N","287","\N"
"9600","1052","825","\N","\N","169","\N"
"9604","1060","8468","\N","\N","79","\N"
"9606","942","3299","\N","\N","IJsselmuiden","\N"
"9608","1060","3299","\N","\N","80-81","\N"
"9610","1060","8700","\N","\N","81-82","\N"
"9750","852","4683","\N","tolls","911-912","\N"
"9614","1060","3541","\N","\N","113","\N"
"9618","1062","10879","\N","\N","De IJsselbrug","\N"
"9620","942","8086","\N","\N","Voskuil","\N"
"9690","852","3305","\N","tolls","83, 883","\N"
"9624","942","5621","\N","\N","Oldebroek","\N"
"9626","1052","1716","\N","\N","231","\N"
"9628","1054","830","\N","\N","74","\N"
"9630","1052","1037","\N","\N","185","\N"
"9634","1052","2422","\N","\N","283","\N"
"9636","1052","2489","\N","\N","253","\N"
"9638","1052","9521","\N","\N","670","\N"
"9640","1052","5018","\N","\N","463","\N"
"9642","1052","6983","\N","\N","588","\N"
"9644","1052","2788","\N","\N","305","\N"
"9646","1052","1961","\N","\N","252","\N"
"9648","1052","2059","\N","\N","263","\N"
"9650","1052","1774","\N","\N","235","\N"
"9652","1052","10846","\N","\N","685","\N"
"9654","1052","3646","\N","\N","383","\N"
"9656","1054","3646","\N","\N","306","\N"
"9658","38","5018","\N","\N","409-410","\N"
"9660","38","3646","\N","\N","310","\N"
"9662","1052","7519","\N","\N","629","\N"
"9664","1052","722","\N","\N","158","\N"
"9666","1052","2179","\N","\N","270","\N"
"9668","852","2135","\N","tolls","845","\N"
"9670","852","2347","\N","tolls","853 - 856","\N"
"9672","852","2347","\N","fairs","856","\N"
"9674","852","2374","\N","tolls","856","\N"
"9676","852","2637","\N","tolls","856","\N"
"9678","852","11558","\N","tolls","857","\N"
"9680","852","2430","\N","fairs","858","\N"
"9682","852","2430","\N","tolls","857 - 861","\N"
"9684","852","2602","\N","tolls","861 - 872.","\N"
"9686","852","2760","\N","tolls","872","\N"
"9694","852","3914","\N","tolls","887","\N"
"9696","852","3990","\N","tolls","888 - 890","\N"
"9698","852","6131","\N","tolls","889","\N"
"9700","852","5953","\N","tolls","890","\N"
"9702","1052","10847","\N","\N","523","\N"
"9704","1052","854","\N","\N","171","\N"
"9706","1054","854","\N","\N","75","\N"
"9708","1052","10842","\N","\N","202","\N"
"9710","1052","6793","\N","\N","567","\N"
"9712","1052","5189","\N","\N","472","\N"
"9714","1052","1924","\N","\N","247","\N"
"9716","1052","6408","\N","\N","544","\N"
"9718","1052","3731","\N","\N","389","\N"
"9720","1052","2066","\N","\N","263","\N"
"9722","852","4277","\N","tolls","894 - 898","\N"
"9724","852","6799","\N","tolls","894","\N"
"9726","852","3148","\N","tolls","894-898","\N"
"9728","1052","7061","\N","\N","597","\N"
"9730","1054","7061","\N","\N","545","\N"
"9732","38","7061","\N","\N","573","\N"
"9734","1052","2825","\N","\N","310","\N"
"9738","852","7626","\N","tolls","899 - 907","\N"
"9740","852","4339","\N","tolls","907","\N"
"9744","852","3008","\N","fairs","911","\N"
"9688","852","9980","\N","tolls","683, 873-876","\N"
"9748","1052","6249","\N","\N","532","\N"
"9752","1052","6102","\N","\N","523","\N"
"9756","1054","6102","\N","\N","481","\N"
"9758","38","6102","\N","\N","491","\N"
"9760","852","4705","\N","tolls","913 - 916","\N"
"9762","1052","6828","\N","\N","571","\N"
"9764","1052","7803","\N","\N","656","\N"
"9766","1052","6272","\N","\N","534","\N"
"9768","1052","5984","\N","\N","519","\N"
"9774","852","4853","\N","tolls","919 - 922","\N"
"9776","852","4891","\N","tolls","922 - 924","\N"
"9778","1054","5984","\N","\N","472-473","\N"
"9780","38","5984","\N","\N","489","\N"
"9782","1052","1921","\N","\N","247","\N"
"9786","720","5523","\N","\N","206","\N"
"9788","852","5692","\N","tolls","937 - 939","\N"
"9790","852","1301","\N","tolls","937 - 939","\N"
"9792","1052","883","\N","\N","164","\N"
"9794","852","7480","\N","tolls","937 - 939","\N"
"9796","1052","909","\N","\N","174","\N"
"9798","1052","2856","\N","\N","313","\N"
"9800","1052","2217","\N","\N","271","\N"
"9802","1052","9522","\N","\N","565","\N"
"9804","1054","106","\N","\N","23","\N"
"9806","1052","106","\N","\N","117","\N"
"9808","1052","4156","\N","\N","199","\N"
"9810","1052","6019","\N","\N","521","\N"
"9812","1052","7425","\N","\N","622","\N"
"9814","852","5867","\N","tolls","940 - 943","\N"
"9816","852","8860","\N","tolls","940-943","\N"
"9818","852","11436","\N","tolls","432","\N"
"9820","1052","4046","\N","\N","407","\N"
"9784","852","5165","\N","tolls","927-933","\N"
"9742","852","7877","\N","tolls","288, 699-701, 908-911","\N"
"34904","4041","\N","\N","names","292","30177"
"9772","3627","4787","\N","\N","410","\N"
"9822","1052","7800","\N","\N","655","\N"
"9824","1052","7003","\N","\N","590","\N"
"9826","1052","6269","\N","\N","534","\N"
"9828","1052","2577","\N","\N","291","\N"
"9830","852","5949","\N","tolls","943 - 951","\N"
"9832","1052","2455","\N","\N","286","\N"
"9834","852","1487","\N","tolls","943 - 951","\N"
"9836","1052","225","\N","\N","336","\N"
"9838","852","5971","\N","tolls","951f","\N"
"9840","1052","10668","\N","\N","242","\N"
"9842","1054","10668","\N","\N","156-157","\N"
"9844","38","10668","\N","\N","166","\N"
"9846","1054","5310","\N","\N","430","\N"
"9848","852","5759","\N","tolls","956f","\N"
"9850","852","8277","\N","tolls","956f","\N"
"9852","1052","5310","\N","\N","478-479","\N"
"9854","1052","10710","\N","\N","550","\N"
"9856","1052","4886","\N","\N","456","\N"
"9858","1052","543","\N","\N","149","\N"
"9860","1052","4371","\N","\N","428","\N"
"9944","852","8513","\N","tolls","356-368, 746-757, 999-1003","\N"
"9864","768","7005","\N","tolls","102","\N"
"9866","768","6599","\N","tolls","115","\N"
"9868","852","6599","\N","tolls","961","\N"
"9870","766","2375","\N","tolls","23","\N"
"9872","852","2375","\N","tolls","523, 962, 968","\N"
"9874","852","6661","\N","tolls","962-969","\N"
"9876","1052","7162","\N","\N","605","\N"
"9880","1052","3435","\N","\N","366","\N"
"9884","720","3104","\N","\N","126","\N"
"9886","1052","5622","\N","\N","500","\N"
"9888","1054","5622","\N","\N","448","\N"
"9890","38","5622","\N","\N","469","\N"
"9892","1052","10693","\N","\N","439","\N"
"9894","38","10693","\N","\N","378","\N"
"9896","1054","10693","\N","\N","383","\N"
"9898","1052","10685","\N","\N","282","\N"
"9900","1052","4671","\N","\N","439","\N"
"9902","1052","2600","\N","\N","287","\N"
"9904","1052","2911","\N","\N","319","\N"
"9908","852","7293","\N","tolls","962 - 969","\N"
"9910","1054","2911","\N","\N","252","\N"
"9912","38","2911","\N","\N","251","\N"
"9914","4","2558","\N","\N","134","\N"
"9916","1052","10676","\N","\N","194","\N"
"9918","1054","10676","\N","\N","94","\N"
"9920","852","6787","\N","tolls","974","\N"
"9922","852","6860","\N","tolls","974f","\N"
"9930","720","7675","\N","\N","283","\N"
"9936","852","9702","\N","tolls","992","\N"
"9938","852","8274","\N","tolls","994 - 997","\N"
"9940","852","8647","\N","tolls","994-997","\N"
"9942","720","8647","\N","\N","321","\N"
"9946","852","8594","\N","tolls","1006 - 1008","\N"
"9948","852","8655","\N","tolls","1009 - 1014","\N"
"9958","720","11562","\N","\N","261","\N"
"9960","1052","8238","\N","\N","683","\N"
"9962","1052","7380","\N","\N","617","\N"
"9964","1052","7497","\N","\N","627-628","\N"
"9966","1052","5040","\N","\N","461","\N"
"9968","1052","1677","\N","\N","226","\N"
"9970","1052","2631","\N","\N","291","\N"
"9972","1052","10487","\N","\N","391","\N"
"9974","1052","6931","\N","\N","580","\N"
"9976","1052","2799","\N","\N","303","\N"
"9978","1054","2799","\N","\N","232","\N"
"9980","1052","7503","\N","\N","628","\N"
"9982","1052","11563","\N","\N","538","\N"
"9984","1054","11563","\N","\N","499","\N"
"9988","1054","5632","\N","\N","451","\N"
"9990","1052","5632","\N","\N","501","\N"
"9992","38","5632","\N","\N","469","\N"
"9994","1068","8274","\N","tolls","11","\N"
"9996","720","10542","\N","\N","110","\N"
"9998","1068","10542","\N","tolls","13","\N"
"10000","720","11564","\N","\N","206","\N"
"10002","1068","11564","\N","tolls","13","\N"
"10006","1052","10524","\N","\N","653","\N"
"10008","1052","4315","\N","\N","425","\N"
"10010","1052","4047","\N","\N","407","\N"
"10012","1052","3716","\N","\N","388","\N"
"10014","1052","6616","\N","\N","557","\N"
"10016","1052","3161","\N","\N","390, 393-394","\N"
"10018","1052","733","\N","\N","160","\N"
"10020","1052","5200","\N","\N","472","\N"
"10022","1052","1953","\N","\N","250","\N"
"10024","1052","1773","\N","\N","235","\N"
"10026","1052","5039","\N","\N","461","\N"
"10028","1052","426","\N","\N","139","\N"
"10030","1052","7726","\N","\N","647","\N"
"10032","1052","3141","\N","\N","341","\N"
"10034","720","11565","\N","\N","299","\N"
"10038","1054","426","\N","\N","48","\N"
"9882","852","3104","\N","tolls","962-969","\N"
"10048","340","288","\N","\N","18","\N"
"10050","1052","7336","\N","\N","614","\N"
"10052","1052","903","\N","\N","174","\N"
"10054","1052","9527","\N","\N","252","\N"
"10056","1052","7119","\N","\N","601","\N"
"10058","1052","4673","\N","\N","440","\N"
"10060","1052","6930","\N","\N","581","\N"
"10062","1052","6724","\N","\N","562","\N"
"10064","1052","4189","\N","\N","417","\N"
"10066","1052","3585","\N","\N","377","\N"
"10068","1052","723","\N","\N","159","\N"
"10070","1052","4092","\N","\N","412","\N"
"9924","852","10318","\N","tolls","975-977","\N"
"9928","852","7675","\N","tolls","984-985","\N"
"34905","4041","\N","\N","names","292","30178"
"9878","852","10699","\N","tolls","962-969","\N"
"10072","1054","4092","\N","\N","334","\N"
"10074","1054","4121","\N","\N","335","\N"
"10076","1052","4121","\N","\N","413-414","\N"
"10078","1052","927","\N","\N","176","\N"
"10080","1052","8351","\N","\N","688","\N"
"10082","1052","6892","\N","\N","577","\N"
"10084","1052","4119","\N","\N","414","\N"
"10086","1052","3350","\N","\N","361","\N"
"10088","1052","7781","\N","\N","654","\N"
"10090","1054","7781","\N","\N","588","\N"
"10092","1054","3720","\N","\N","316","\N"
"10094","1052","3720","\N","\N","388","\N"
"10096","1052","2501","\N","\N","288","\N"
"10098","1052","2558","\N","\N","290","\N"
"10100","1052","6011","\N","\N","520","\N"
"10102","1052","1730","\N","\N","231","\N"
"10104","1052","3476","\N","\N","369","\N"
"10106","1068","10543","\N","tolls","27","\N"
"10108","1052","2592","\N","\N","151","\N"
"10110","1052","3149","\N","\N","341","\N"
"10112","1052","504","\N","\N","145","\N"
"10114","1052","118","\N","\N","118","\N"
"10116","1052","6277","\N","\N","535","\N"
"10118","1054","6277","\N","\N","494","\N"
"10120","1052","8791","\N","\N","715-716","\N"
"10122","1052","3695","\N","\N","385-386","\N"
"10124","1052","6697","\N","\N","561","\N"
"10126","1052","6906","\N","\N","579","\N"
"10128","1052","4261","\N","\N","423","\N"
"10130","1052","2000","\N","\N","255","\N"
"10132","1052","4770","\N","\N","448, 517","\N"
"10134","1068","5546","\N","tolls","29","\N"
"10136","1054","4770","\N","\N","389","\N"
"10138","1052","5026","\N","\N","460","\N"
"10140","1052","161","\N","\N","124","\N"
"10142","1054","5026","\N","\N","406-407","\N"
"10144","38","5026","\N","\N","410","\N"
"10146","1052","5820","\N","\N","513","\N"
"10148","1052","5493","\N","\N","492","\N"
"10150","1052","6454","\N","\N","546","\N"
"10152","1052","873","\N","\N","172","\N"
"10154","1052","3989","\N","\N","400","\N"
"10156","1052","2780","\N","\N","305","\N"
"10158","1052","4455","\N","\N","431","\N"
"10160","1052","7818","\N","\N","657","\N"
"10162","1054","7818","\N","\N","590","\N"
"10164","4","7818","\N","tolls","142","\N"
"10166","4","4121","\N","tolls","189","\N"
"10172","1052","2385","\N","\N","281","\N"
"10174","1052","2607","\N","\N","287","\N"
"10176","1052","8529","\N","\N","706","\N"
"10178","1052","2229","\N","\N","272","\N"
"10180","1054","2229","\N","\N","208","\N"
"10182","1052","5755","\N","\N","509","\N"
"10184","720","11574","\N","\N","110","\N"
"10186","1052","9406","\N","\N","554","\N"
"10188","1052","1852","\N","\N","240","\N"
"10190","1052","2128","\N","\N","268","\N"
"10192","1054","2128","\N","\N","190","\N"
"10194","1052","6913","\N","\N","580","\N"
"10196","1052","4667","\N","\N","439","\N"
"10198","1052","6083","\N","\N","520","\N"
"10200","1052","6982","\N","\N","588","\N"
"10202","1052","444","\N","\N","143","\N"
"10204","1054","7007","\N","\N","542-543","\N"
"10206","1052","7007","\N","\N","590","\N"
"10208","1052","1342","\N","\N","206","\N"
"10210","1052","4081","\N","\N","409","\N"
"10212","1052","8315","\N","\N","688","\N"
"10214","1052","1069","\N","\N","187-188","\N"
"10216","1052","4247","\N","\N","421","\N"
"10218","1052","607","\N","\N","152","\N"
"10220","1052","6768","\N","\N","565","\N"
"10222","1052","967","\N","\N","179","\N"
"10224","1052","8602","\N","\N","709","\N"
"10226","1052","3211","\N","\N","347","\N"
"10228","1052","6522","\N","\N","552","\N"
"10230","1052","7105","\N","\N","600","\N"
"10232","1054","4278","\N","\N","355-356","\N"
"10234","1052","4278","\N","\N","424","\N"
"10238","1052","8472","\N","\N","700","\N"
"10246","1054","4455","\N","\N","366","\N"
"10248","4","7061","\N","tolls","148","\N"
"10250","1072","7061","\N","\N","158","\N"
"10252","1072","7818","\N","tolls","158-165","\N"
"34906","4041","\N","\N","names","292","30179"
"10258","4","6676","\N","tolls","323","\N"
"10260","1054","1676","\N","\N","133","\N"
"10262","1052","1676","\N","\N","225","\N"
"10264","1052","3166","\N","\N","346","\N"
"10266","1052","3153","\N","\N","343","\N"
"10268","1052","1862","\N","\N","241","\N"
"10270","1052","5552","\N","\N","598","\N"
"10272","1052","3358","\N","\N","362","\N"
"10274","1052","4080","\N","\N","410","\N"
"10276","1052","3712","\N","\N","204-205","\N"
"10278","1054","3712","\N","\N","110","\N"
"10280","1052","3275","\N","\N","352","\N"
"10282","1052","6979","\N","\N","585-586","\N"
"10284","1052","4659","\N","\N","439","\N"
"10288","1052","2351","\N","\N","279","\N"
"10290","1052","6880","\N","\N","575","\N"
"10292","1054","6880","\N","\N","526-527","\N"
"10294","1052","3291","\N","\N","357","\N"
"10296","1052","7406","\N","\N","620","\N"
"10298","1052","6900","\N","\N","634","\N"
"10300","1052","5603","\N","\N","497","\N"
"10302","1052","672","\N","\N","155","\N"
"10304","4","8641","\N","tolls","332-333","\N"
"10306","1052","3385","\N","\N","363","\N"
"10308","1052","3833","\N","\N","396","\N"
"10310","1052","5384","\N","\N","481","\N"
"10312","1052","2821","\N","\N","310","\N"
"10314","1052","7523","\N","\N","633","\N"
"10316","1052","7728","\N","\N","647","\N"
"10254","3627","3680","\N","\N","266, 333","\N"
"10318","1052","4304","\N","\N","425","\N"
"10320","1052","1804","\N","\N","237-238","\N"
"10322","1052","4672","\N","\N","439","\N"
"10324","1052","1539","\N","\N","214","\N"
"10326","1052","9997","\N","\N","179","\N"
"10328","1054","9997","\N","\N","80","\N"
"10330","1052","1565","\N","\N","220-221","\N"
"10332","1052","785","\N","\N","165","\N"
"10334","1054","3280","\N","\N","272","\N"
"10336","1052","4945","\N","\N","458","\N"
"10338","1052","5718","\N","\N","504-505","\N"
"10340","1052","3152","\N","\N","343","\N"
"10342","1054","3152","\N","\N","266","\N"
"10344","38","3280","\N","\N","281-282","\N"
"10346","1052","2549","\N","\N","290","\N"
"10348","1052","10690","\N","\N","649","\N"
"10350","1054","10690","\N","\N","582-583","\N"
"10352","1054","10848","\N","\N","582","\N"
"10354","1054","10689","\N","\N","187","\N"
"10356","1052","10689","\N","\N","266","\N"
"10358","1054","11585","\N","\N","181-182","\N"
"10360","920","11585","\N","\N","381","\N"
"10362","1052","11585","\N","\N","260","\N"
"10364","942","528","\N","\N","Bemmel","\N"
"10366","1074","7818","\N","\N","\N","\N"
"10368","1076","3646","\N","fairs","\N","\N"
"10370","1054","3646","\N","fairs","310","\N"
"10372","1028","3646","\N","fairs","159-160, 385-386","\N"
"10374","1052","2539","\N","\N","289","\N"
"10376","1052","3345","\N","\N","360","\N"
"10378","1052","5139","\N","\N","471","\N"
"10380","1052","7370","\N","\N","616","\N"
"10384","1052","10494","\N","\N","484","\N"
"10386","1052","7534","\N","\N","635","\N"
"10388","340","1951","\N","\N","149-150","\N"
"10390","814","1951","\N","\N","\N","\N"
"10392","400","1951","\N","\N","410-417","\N"
"10394","38","9539","\N","\N","417","\N"
"10396","612","9539","\N","\N","\N","\N"
"10398","4","89","\N","tolls","436","\N"
"10400","340","1247","\N","\N","102-103","\N"
"10402","38","2778","\N","\N","240","\N"
"10404","964","8923","\N","tolls","no. 1388","\N"
"10406","1078","2778","\N","fairs","I:22, p. 579, II:778","\N"
"10408","340","4750","\N","\N","318","\N"
"10410","400","4750","\N","\N","990-995","\N"
"10412","814","4750","\N","\N","\N","\N"
"10414","902","1872","\N","\N","1:19","\N"
"10416","1080","4037","\N","\N","24","\N"
"10418","1080","3754","\N","\N","24","\N"
"10420","1080","2566","\N","\N","24","\N"
"10422","1082","1742","\N","\N","\N","\N"
"10454","612","8921","\N","\N","\N","\N"
"10456","964","8921","\N","tolls","no. 1388","\N"
"10460","964","8922","\N","tolls","no. 1388","\N"
"10462","964","771","\N","tolls","no. 1388","\N"
"10464","612","2953","\N","\N","\N","\N"
"10466","612","6707","\N","\N","\N","\N"
"10468","610","1971","\N","\N","\N","\N"
"10484","340","10441","\N","\N","184-185","\N"
"10508","340","1378","\N","\N","108-109","\N"
"10516","1084","1378","\N","\N","100","\N"
"10518","1084","1378","\N","tolls","100","\N"
"10520","340","122","\N","\N","5-6","\N"
"10522","1084","11588","\N","\N","90-91","\N"
"10524","1084","122","\N","\N","90-93","\N"
"10530","1050","122","\N","fairs","8:432","\N"
"10544","1084","2084","\N","\N","93-97","\N"
"10546","1084","10945","\N","\N","97-98","\N"
"10548","1084","50","\N","\N","100-105","\N"
"10550","1084","2209","\N","\N","105","\N"
"10552","340","2209","\N","\N","169-171","\N"
"10554","1084","2402","\N","\N","106","\N"
"10556","1084","9333","\N","tolls","106","\N"
"10558","1084","4213","\N","\N","106","\N"
"10560","340","10947","\N","\N","285-286","\N"
"10562","1084","10947","\N","\N","107","\N"
"10564","1084","4678","\N","\N","107-108","\N"
"10584","1084","4777","\N","\N","108-109","\N"
"10588","1084","7060","\N","\N","109-124","\N"
"10592","1084","10949","\N","\N","124","\N"
"10612","1050","2795","\N","fairs","4:547, 553; 6, p. 715; 7:126","\N"
"10620","340","3050","\N","\N","228-232","\N"
"10622","38","3050","\N","\N","264","\N"
"10638","1050","3050","\N","fairs","8:698","\N"
"10640","38","3112","\N","\N","270","\N"
"10642","340","7383","\N","\N","439-440","\N"
"10644","340","3112","\N","\N","236","\N"
"10646","38","7972","\N","\N","638","\N"
"10648","340","7972","\N","\N","461","\N"
"10650","942","8203","\N","\N","Warnsveld","\N"
"10652","340","4678","\N","\N","315-316","\N"
"10654","340","6063","\N","\N","384","\N"
"10656","1086","8203","\N","\N","4-8","\N"
"10658","942","8195","\N","\N","Warken","\N"
"10660","942","2321","\N","\N","Gorssel","\N"
"10662","942","1823","\N","\N","Epse","\N"
"10664","942","2197","\N","\N","Gietelo","\N"
"10666","448","2795","\N","\N","96-100","\N"
"10668","448","4187","\N","\N","110-111","\N"
"10670","448","4242","\N","\N","112-113","\N"
"10672","448","4460","\N","\N","116","\N"
"10674","942","8075","\N","\N","Voorst","\N"
"10676","448","5855","\N","\N","127-129","\N"
"10678","448","6774","\N","\N","130-133","\N"
"10680","448","7063","\N","\N","133-134","\N"
"10682","340","1131","\N","\N","85","\N"
"10684","62","1131","\N","\N","77-78","\N"
"10686","38","5869","\N","\N","481","\N"
"10688","340","5869","\N","\N","377-378","\N"
"10690","340","4757","\N","\N","318-319","\N"
"10692","1088","6704","\N","\N","51-52","\N"
"10694","942","1566","\N","\N","Drempt","\N"
"10696","942","1766","\N","\N","Ellecom","\N"
"10698","942","1430","\N","\N","Dieren","\N"
"10700","942","1041","\N","\N","Brummen","\N"
"10702","942","7229","\N","\N","Laag-Soeren","\N"
"10704","942","7365","\N","\N","Steenderen","\N"
"10706","942","7738","\N","\N","Toldijk","\N"
"10708","942","359","\N","\N","Baak","\N"
"10710","942","8078","\N","\N","Vorden","\N"
"10712","942","3259","\N","\N","Hummelo","\N"
"10714","1088","757","\N","\N","52-54","\N"
"10716","1088","1725","\N","\N","57","\N"
"10718","1088","1789","\N","\N","58","\N"
"10720","1088","3050","\N","\N","59-60","\N"
"10722","1088","3147","\N","\N","62","\N"
"10724","1088","4835","\N","\N","63","\N"
"10726","1088","11591","\N","\N","63-64","\N"
"10728","340","11591","\N","\N","332","\N"
"10730","400","11591","\N","\N","698-705","\N"
"10732","814","11591","\N","\N","\N","\N"
"10734","610","10441","\N","\N","\N","\N"
"10736","1088","10441","\N","\N","65-66","\N"
"10738","1088","8550","\N","\N","93-94","\N"
"10740","340","8550","\N","\N","502-503","\N"
"10742","1088","7227","\N","\N","94","\N"
"10744","610","8507","\N","\N","\N","\N"
"10748","1084","8507","\N","\N","162-163","\N"
"10750","1084","9107","\N","\N","59","\N"
"10756","1084","2491","\N","\N","131-132","\N"
"10760","1084","245","\N","tolls","230","\N"
"10764","1084","8490","\N","\N","64","\N"
"10768","1068","11592","\N","\N","35f","\N"
"10770","814","2084","\N","\N","\N","\N"
"10772","400","2084","\N","\N","433-450","\N"
"10774","38","50","\N","\N","148","\N"
"10778","1084","1341","\N","\N","98-100","\N"
"10782","38","7324","\N","\N","593","\N"
"10784","340","629","\N","\N","46-47","\N"
"10786","400","242","\N","\N","8-20","\N"
"10788","814","242","\N","\N","\N","\N"
"10790","1068","9845","\N","\N","46","\N"
"10792","1068","5848","\N","tolls","46-47","\N"
"10794","1068","11603","\N","\N","50","\N"
"10800","4","11608","\N","\N","434","\N"
"10802","76","7400","\N","tolls","25","\N"
"10804","1068","5364","\N","tolls","54","\N"
"34907","4041","\N","\N","names","292","30180"
"10812","340","6","\N","\N","60","\N"
"10820","1090","0","\N","fairs","1:294","\N"
"10824","340","30","\N","\N","185-186","\N"
"10826","1092","30","\N","\N","48, 54-55, 90-92, 103-104","\N"
"10828","38","35","\N","\N","135","\N"
"10830","1092","35","\N","\N","81-82","\N"
"10832","1092","0","\N","\N","83-84","\N"
"10834","1092","36","\N","\N","67","\N"
"10838","340","26","\N","\N","262-263","\N"
"10840","340","10989","\N","\N","213","\N"
"10844","720","1693","\N","\N","64","\N"
"10846","720","7376","\N","\N","273","\N"
"10848","720","1045","\N","\N","43","\N"
"10850","720","6882","\N","\N","250","\N"
"10852","720","3070","\N","\N","124","\N"
"10854","720","1254","\N","\N","50","\N"
"10856","898","1254","\N","tolls","165","\N"
"10858","720","6462","\N","\N","234","\N"
"10860","720","3681","\N","\N","142","\N"
"10862","720","8492","\N","\N","316","\N"
"10864","70","4679","\N","\N","260-261","\N"
"10866","70","4225","\N","\N","244","\N"
"10868","70","61","\N","\N","294-295","\N"
"10872","720","3031","\N","\N","121","\N"
"10874","720","1731","\N","\N","66","\N"
"10876","720","8113","\N","\N","301","\N"
"10878","4","6747","\N","\N","522","\N"
"10880","540","2556","\N","tolls","421","\N"
"10882","1094","6201","\N","\N","803; §4 no. 9","\N"
"10884","618","2550","\N","\N","167","\N"
"10886","618","3746","\N","\N","167","\N"
"10888","618","2745","\N","\N","75","\N"
"10890","618","852","\N","\N","36-37","\N"
"10892","540","4343","\N","\N","272 -274","\N"
"10894","344","8609","\N","\N","686f.","\N"
"10896","360","396","\N","\N","51","\N"
"10898","360","6613","\N","\N","527f.","\N"
"10900","344","8115","\N","\N","633","\N"
"10902","344","2944","\N","\N","112","\N"
"10904","344","6166","\N","\N","470","\N"
"10906","344","6689","\N","\N","526f.","\N"
"10908","344","7679","\N","\N","593","\N"
"10910","344","3306","\N","\N","130","\N"
"10912","344","6030","\N","\N","462","\N"
"10914","344","3692","\N","\N","231","\N"
"10916","344","7257","\N","\N","558","\N"
"10918","344","7916","\N","\N","616-617","\N"
"10922","344","5269","\N","\N","382f.","\N"
"10924","360","7082","\N","\N","581","\N"
"10926","344","8851","\N","\N","692","\N"
"10930","4","7393","\N","tolls","524","\N"
"10932","1100","1610","\N","\N","52-54","\N"
"10934","340","2185","\N","\N","166-167","\N"
"10936","540","8579","\N","\N","513-514","\N"
"10938","340","4456","\N","\N","297-298","\N"
"10942","4","4456","\N","tolls","289","\N"
"10946","340","3593","\N","\N","263-264","\N"
"10948","400","3593","\N","\N","869-874","\N"
"10950","814","3593","\N","\N","\N","\N"
"10956","540","2621","\N","\N","159-160","\N"
"10958","540","5265","\N","\N","347-348","\N"
"10960","540","7789","\N","\N","471","\N"
"10962","340","10424","\N","\N","27","\N"
"10964","540","3148","\N","\N","219","\N"
"10966","68","10424","\N","\N","8-9","\N"
"10968","582","1376","\N","\N","67","\N"
"10970","582","5140","\N","\N","92, 110, 187","\N"
"10972","1108","5140","\N","\N","314-318","\N"
"10974","1108","6538","\N","\N","304-306","\N"
"10978","1112","6195","\N","fairs","132; 150","\N"
"10980","540","2852","\N","\N","198-199","\N"
"10982","540","7421","\N","\N","452","\N"
"10984","720","7045","\N","\N","261","\N"
"10986","720","529","\N","\N","28","\N"
"10988","426","11153","\N","\N","522","\N"
"10990","426","8925","\N","\N","507-508","\N"
"10992","426","7881","\N","\N","530-531","\N"
"10994","426","11223","\N","\N","418","\N"
"10998","540","6818","\N","\N","411","\N"
"11002","540","1751","\N","\N","110-111","\N"
"11004","720","2858","\N","\N","112","\N"
"11006","1116","47","\N","tolls","125","\N"
"11008","1116","47","\N","\N","23-27, 50-53","\N"
"11010","1118","47","\N","fairs","36","\N"
"11012","1116","47","\N","fairs","54, 106","\N"
"11014","720","7977","\N","\N","298","\N"
"11016","720","8164","\N","\N","303","\N"
"11018","1120","931","\N","\N","63-64","\N"
"11020","720","7477","\N","\N","276","\N"
"11022","720","3674","\N","\N","141","\N"
"11024","720","10076","\N","\N","311","\N"
"11026","1120","2201","\N","\N","61","\N"
"11028","720","5554","\N","\N","210","\N"
"11030","340","2201","\N","\N","139-140","\N"
"11032","720","481","\N","\N","27","\N"
"11034","1120","7986","\N","\N","65-66","\N"
"11036","340","7893","\N","\N","393","\N"
"11038","1120","7893","\N","\N","68-69","\N"
"11040","1120","1791","\N","\N","71","\N"
"11042","340","1791","\N","\N","113-114","\N"
"11044","340","2008","\N","\N","125","\N"
"11046","1120","2008","\N","\N","73-75","\N"
"11058","720","11625","\N","\N","433; 435","\N"
"11060","720","7384","\N","\N","273","\N"
"11062","720","1409","\N","\N","54","\N"
"11066","720","8723","\N","\N","322","\N"
"11068","720","6326","\N","\N","228","\N"
"11070","720","246","\N","\N","17","\N"
"11072","720","6351","\N","\N","230","\N"
"11074","720","3483","\N","\N","136","\N"
"11076","720","3780","\N","\N","145","\N"
"11078","720","7245","\N","\N","266","\N"
"11084","258","11591","\N","\N","33, 87, 322","\N"
"11086","258","3050","\N","\N","\N","\N"
"11088","1122","4857","\N","\N","49-50","\N"
"11092","1122","5594","\N","\N","12-13","\N"
"11094","1122","10177","\N","\N","38","\N"
"11096","1122","618","\N","\N","36","\N"
"11098","1122","1432","\N","\N","26","\N"
"11100","1122","5626","\N","\N","39","\N"
"11102","1122","7228","\N","\N","32","\N"
"11104","1122","3283","\N","\N","30","\N"
"11106","1122","701","\N","\N","30","\N"
"11110","1122","8361","\N","\N","14","\N"
"11112","1122","3675","\N","\N","14","\N"
"11114","1122","6374","\N","\N","18","\N"
"11116","1122","418","\N","\N","62","\N"
"11118","1122","6564","\N","\N","66","\N"
"11120","1122","997","\N","\N","99","\N"
"11122","1122","4631","\N","\N","97","\N"
"11126","1122","5187","\N","\N","83","\N"
"11128","1122","717","\N","\N","72-73","\N"
"11130","1122","2108","\N","\N","76","\N"
"11132","1122","3572","\N","\N","76","\N"
"11134","1122","6217","\N","\N","76","\N"
"11136","1122","421","\N","\N","94","\N"
"11138","1122","3214","\N","\N","93","\N"
"11140","1122","1303","\N","\N","84","\N"
"11142","1122","5076","\N","\N","87","\N"
"11144","1122","5142","\N","\N","87","\N"
"11146","1122","958","\N","\N","108","\N"
"11148","1122","6044","\N","\N","108","\N"
"11150","1122","5407","\N","\N","108","\N"
"11152","1122","7970","\N","\N","93","\N"
"11154","1122","2200","\N","\N","94","\N"
"11156","1122","6813","\N","\N","94","\N"
"11158","1122","312","\N","\N","79-80","\N"
"11160","4","312","\N","\N","131","\N"
"11162","4","312","\N","tolls","131","\N"
"11164","1038","312","\N","tolls","1:7","\N"
"34908","4041","\N","\N","names","292","30181"
"11168","3627","2914","\N","\N","829","\N"
"11170","3627","4338","\N","\N","849","\N"
"11172","586","1166","\N","tolls","68","\N"
"11174","720","6464","\N","\N","235","\N"
"11176","1124","5187","\N","\N","15-18, 304-305","\N"
"11178","720","7415","\N","\N","275","\N"
"11180","1124","11628","\N","\N","18","\N"
"11182","4","4631","\N","\N","131-132","\N"
"11184","720","8858","\N","\N","327","\N"
"11186","720","4531","\N","\N","169","\N"
"11188","720","8491","\N","\N","316","\N"
"11190","720","2330","\N","\N","94","\N"
"11192","720","4810","\N","\N","176","\N"
"11194","394","8870","\N","\N","19","\N"
"11196","4","8870","\N","\N","378","\N"
"11198","720","6558","\N","\N","239","\N"
"11200","4","6436","\N","\N","378","\N"
"11202","720","6967","\N","\N","256","\N"
"11204","394","1791","\N","\N","37","\N"
"11206","344","8150","\N","\N","644f.","\N"
"11208","360","8150","\N","\N","676f.","\N"
"11210","720","2610","\N","\N","101","\N"
"11212","1126","6825","\N","\N","24-25","\N"
"11214","394","7986","\N","\N","46","\N"
"11216","720","8772","\N","\N","324","\N"
"11218","394","676","\N","\N","64","\N"
"11220","720","7903","\N","\N","291","\N"
"11222","720","1880","\N","\N","73","\N"
"11226","394","4552","\N","\N","60","\N"
"11228","394","931","\N","\N","76","\N"
"11230","360","399","\N","\N","55","\N"
"11232","394","2201","\N","\N","33","\N"
"11236","394","7893","\N","\N","71","\N"
"11238","394","3343","\N","\N","76","\N"
"11240","360","1142","\N","\N","96","\N"
"11242","720","300","\N","\N","19","\N"
"11244","720","9474","\N","\N","229","\N"
"11246","360","1422","\N","\N","112","\N"
"11248","340","1303","\N","\N","84-85","\N"
"11250","720","7293","\N","\N","269","\N"
"11252","1128","1378","\N","tolls","56","\N"
"11254","720","3442","\N","\N","135","\N"
"11256","1130","2792","\N","tolls","62-65, 197","\N"
"11258","1130","2792","\N","\N","\N","\N"
"11260","1130","9528","\N","tolls","197","\N"
"11262","1130","3114","\N","tolls","197","\N"
"11266","394","822","\N","\N","43","\N"
"11270","1134","822","\N","\N","no. 115","\N"
"11272","1132","1892","\N","\N","95","\N"
"11276","1138","8054","\N","\N","233","\N"
"11278","118","5869","\N","\N","117-118","\N"
"11282","1138","5869","\N","\N","178-179","\N"
"11284","1138","1622","\N","\N","70-71","\N"
"11286","1138","7130","\N","\N","206-208","\N"
"11290","1138","7972","\N","\N","229","\N"
"11292","1138","1394","\N","\N","67","\N"
"11296","1138","617","\N","\N","42","\N"
"11298","1138","769","\N","\N","52","\N"
"11302","1138","3732","\N","\N","134","\N"
"11304","1138","2519","\N","\N","101-102","\N"
"11306","1138","8302","\N","\N","247-248","\N"
"11308","1138","2833","\N","\N","116-117","\N"
"11310","1138","8496","\N","\N","252-253","\N"
"11312","1138","6424","\N","\N","188-189","\N"
"11314","1138","1711","\N","\N","79-80","\N"
"11316","720","6070","\N","\N","222","\N"
"34909","4041","\N","\N","names","292","30182"
"11320","720","943","\N","\N","40","\N"
"11322","720","4074","\N","\N","154","\N"
"11324","720","7635","\N","\N","282","\N"
"11326","720","6472","\N","\N","235","\N"
"11328","720","5600","\N","\N","212","\N"
"11330","720","5693","\N","\N","214","\N"
"11332","1148","5632","\N","tolls","268-273","\N"
"11334","1148","5632","\N","\N","188-222","\N"
"11336","1150","1921","\N","\N","181","\N"
"11338","1148","1921","\N","\N","316-317","\N"
"11342","1148","5984","\N","\N","277-306","\N"
"11344","1152","11634","\N","\N","167","\N"
"11346","1152","10284","\N","\N","159","\N"
"11348","1154","10284","\N","\N","\N","\N"
"11350","1152","1715","\N","\N","97","\N"
"11352","784","1715","\N","\N","138","\N"
"11354","1152","1253","\N","\N","86","\N"
"11356","1152","711","\N","\N","77","\N"
"11358","1152","9688","\N","\N","91","\N"
"11360","720","5295","\N","\N","196","\N"
"11362","1152","5694","\N","\N","192","\N"
"11364","1152","387","\N","\N","69-70","\N"
"11366","1152","9687","\N","\N","65-66","\N"
"11368","1152","5763","\N","\N","194","\N"
"11370","1152","1821","\N","\N","102","\N"
"11372","1152","2469","\N","\N","121","\N"
"11374","1152","2046","\N","\N","111","\N"
"11376","1152","4246","\N","\N","162","\N"
"11378","1152","6064","\N","\N","199","\N"
"11380","1152","431","\N","\N","70-71","\N"
"11382","1152","919","\N","\N","81","\N"
"11384","1152","575","\N","\N","73","\N"
"11386","1152","8174","\N","\N","242-243","\N"
"11388","1152","6246","\N","\N","201-202","\N"
"11390","1152","2782","\N","\N","127","\N"
"11392","1152","3210","\N","\N","140","\N"
"11394","1152","6843","\N","\N","216","\N"
"11396","1152","3668","\N","\N","151","\N"
"11398","1152","745","\N","\N","78","\N"
"11400","1152","561","\N","\N","72","\N"
"11402","1152","1268","\N","\N","87-88","\N"
"11404","1152","3688","\N","\N","151-152","\N"
"11406","1152","10433","\N","\N","98-99, 205, 252","\N"
"11408","1152","8823","\N","\N","252","\N"
"11410","1152","2802","\N","\N","128-129","\N"
"11412","1156","5632","\N","tolls","144-145, 149, 151, 153-154","\N"
"11414","1156","7818","\N","tolls","145-146","\N"
"11416","1156","7061","\N","tolls","146-147","\N"
"11418","1156","2777","\N","tolls","147-148","\N"
"11420","4","6364","\N","tolls","149, 156","\N"
"11422","1156","6364","\N","tolls","150, 152, 154, 156-158","\N"
"11424","4","5294","\N","tolls","125, 154","\N"
"11426","1158","5294","\N","tolls","137","\N"
"11428","1160","5294","\N","tolls","no. 9","\N"
"11430","1158","923","\N","tolls","137","\N"
"11432","1158","2351","\N","tolls","138-139","\N"
"11434","1148","1961","\N","\N","33-36","\N"
"11436","1148","3646","\N","\N","36-66","\N"
"11438","4","8824","\N","\N","531","\N"
"11440","720","4993","\N","\N","183","\N"
"11444","4","10782","\N","\N","532","\N"
"11446","360","8598","\N","\N","713f.","\N"
"11450","360","8552","\N","\N","711f.","\N"
"11452","360","8116","\N","\N","670","\N"
"11454","360","4378","\N","\N","340","\N"
"11458","360","5823","\N","\N","452","\N"
"11462","360","5807","\N","\N","449","\N"
"11482","360","8301","\N","\N","690f.","\N"
"11488","1180","1131","\N","\N","14-22","\N"
"11492","720","8834","\N","\N","326","\N"
"11494","720","6664","\N","\N","244","\N"
"11496","720","8747","\N","\N","322","\N"
"11498","720","4553","\N","\N","169","\N"
"11500","360","7440","\N","\N","618","\N"
"11502","1180","1131","\N","fairs","160-161","\N"
"11514","360","6515","\N","\N","520","\N"
"11516","1190","10441","\N","fairs","13-15","\N"
"11518","360","8355","\N","\N","694","\N"
"11522","360","6510","\N","\N","517-518","\N"
"11524","360","3227","\N","\N","225","\N"
"11526","4","222","\N","tolls","533","\N"
"11530","1192","4566","\N","\N","\N","\N"
"11532","360","5491","\N","\N","431","\N"
"11538","1196","4604","\N","tolls","\N","\N"
"11548","1206","8741","\N","\N","\N","\N"
"11566","38","3580","\N","\N","304-305","\N"
"11568","574","3580","\N","\N","Kassel, Stadt Kassel (Stand: 27.8.2019)","\N"
"11570","1222","3580","\N","\N","1-17","\N"
"11572","1222","9346","\N","\N","23, 39-40, Tafel 5","\N"
"11574","1222","9346","\N","tolls","39-40","\N"
"11576","36","11639","\N","\N","113","\N"
"11588","1224","9426","\N","\N","Bd. 3, p. 204","\N"
"11592","540","6096","\N","\N","371","\N"
"11594","1224","9427","\N","\N","Bd. 2, p. 24","\N"
"11598","1224","319","\N","\N","Bd. 2, 41-42","\N"
"11602","1224","5497","\N","\N","Bd. 4, p. 63","\N"
"11604","540","1784","\N","\N","111","\N"
"11606","266","3580","\N","\N","275-276","\N"
"11608","38","8528","\N","\N","687","\N"
"11610","266","8528","\N","\N","466","\N"
"11612","266","11640","\N","\N","466","\N"
"11616","266","7268","\N","\N","405","\N"
"11618","266","11641","\N","\N","405","\N"
"11620","266","9591","\N","\N","405","\N"
"11628","1226","4709","\N","tolls","6:44, 45","\N"
"11638","540","3133","\N","tolls","218","\N"
"11640","540","3133","\N","\N","218","\N"
"11642","540","2235","\N","\N","10","\N"
"11644","540","2325","\N","tolls","139","\N"
"11646","852","11642","\N","tolls","978 - 980","\N"
"11648","540","4532","\N","\N","282f","\N"
"11650","540","4988","\N","\N","331-333","\N"
"11652","540","7825","\N","\N","178; 188; 202; 259","\N"
"11654","38","5734","\N","\N","475","\N"
"11656","340","5734","\N","\N","370-371","\N"
"11658","540","6969","\N","\N","427","\N"
"11660","340","7354","\N","\N","437-438","\N"
"11662","4","494","\N","tolls","561n290","\N"
"11664","540","4083","\N","\N","259","\N"
"11678","4","4975","\N","tolls","564-565","\N"
"11680","4","4774","\N","tolls","564","\N"
"11686","540","5834","\N","\N","363","\N"
"11688","4","5160","\N","tolls","222","\N"
"11690","1240","2745","\N","\N","36","\N"
"11692","340","6433","\N","\N","394-395","\N"
"11694","814","6433","\N","\N","\N","\N"
"11696","400","6433","\N","\N","1314-1321","\N"
"11698","4","6433","\N","tolls","300-301","\N"
"11700","322","2769","\N","\N","25, 78","\N"
"11702","322","2769","\N","tolls","130","\N"
"11704","1088","9567","\N","\N","70, 101-102","\N"
"11706","540","2160","\N","fairs","134","\N"
"11708","4","2160","\N","tolls","223","\N"
"11710","540","5830","\N","fairs","363","\N"
"11712","540","5830","\N","\N","362-363","\N"
"11716","540","3835","\N","\N","364","\N"
"11718","540","8121","\N","\N","476","\N"
"11720","540","3487","\N","\N","231 - 233","\N"
"11726","540","5311","\N","\N","300","\N"
"11728","540","7520","\N","\N","297","\N"
"11734","540","2462","\N","\N","152","\N"
"11736","540","1847","\N","\N","114 - 116","\N"
"11738","540","5988","\N","\N","367-368","\N"
"11740","540","5894","\N","\N","364f","\N"
"11742","540","5676","\N","\N","353","\N"
"11744","540","3127","\N","\N","217-218","\N"
"11748","540","7918","\N","\N","473f","\N"
"11750","540","5724","\N","tolls","356","\N"
"11754","540","295","\N","tolls","21","\N"
"11756","540","295","\N","\N","20-22","\N"
"11758","1244","3280","\N","fairs","36","\N"
"11760","1244","3344","\N","fairs","37","\N"
"11762","540","3460","\N","\N","231","\N"
"11764","1244","8236","\N","fairs","37-39","\N"
"11768","540","1164","\N","\N","67-68","\N"
"11770","540","1702","\N","\N","100","\N"
"11774","1244","9705","\N","\N","49, 67-70","\N"
"11776","1244","711","\N","\N","49, 67-70","\N"
"11780","1244","975","\N","tolls","68","\N"
"11784","1244","6364","\N","tolls","58-59","\N"
"11786","1244","2351","\N","tolls","60-61","\N"
"11788","540","3232","\N","\N","216","\N"
"11790","1246","2351","\N","tolls","\N","\N"
"11792","720","8489","\N","\N","316","\N"
"11794","720","8254","\N","\N","305","\N"
"11796","1026","8611","\N","tolls","65, 84-85","\N"
"11798","720","3690","\N","\N","142","\N"
"11800","720","5366","\N","\N","199","\N"
"11802","720","3274","\N","\N","130","\N"
"11804","720","1720","\N","\N","66","\N"
"11806","720","1299","\N","\N","52","\N"
"11808","720","3183","\N","\N","128","\N"
"11810","720","6956","\N","\N","256","\N"
"11812","720","3142","\N","\N","127","\N"
"11814","720","5549","\N","\N","209","\N"
"11816","720","2675","\N","\N","106","\N"
"11818","720","8546","\N","\N","318","\N"
"11820","720","4067","\N","\N","154","\N"
"11822","1248","3344","\N","staple","36","\N"
"11824","1250","3344","\N","staple","76","\N"
"11828","540","6540","\N","\N","393","\N"
"11830","1252","2911","\N","tolls","28","\N"
"11832","1252","3344","\N","tolls","28, 74","\N"
"11834","1250","3344","\N","tolls","78","\N"
"11836","4","5026","\N","tolls","129","\N"
"12176","618","10949","\N","\N","208","\N"
"11838","1252","5026","\N","tolls","30","\N"
"11842","1252","6011","\N","tolls","30","\N"
"11844","1252","561","\N","tolls","30-31","\N"
"11846","540","8159","\N","\N","479-480","\N"
"11850","1252","10496","\N","tolls","31","\N"
"11854","1248","3344","\N","fairs","35","\N"
"11856","540","5726","\N","\N","358-359","\N"
"11858","1250","3344","\N","fairs","78","\N"
"11860","540","3212","\N","\N","220","\N"
"11866","540","6459","\N","\N","390-391","\N"
"11870","540","1915","\N","\N","118","\N"
"11874","540","1117","\N","\N","58f","\N"
"11878","540","1435","\N","\N","83f","\N"
"11882","1296","4462","\N","\N"," &#60;a href=&#34;https://hov.isgv.de/Lindenau_(3)&#34;&#62;Art. Lindenau (3)&#60;/a&#62;","\N"
"11888","540","7491","\N","\N","455","\N"
"11890","540","1837","\N","fairs","114","\N"
"11896","540","7792","\N","\N","8","\N"
"11898","540","3828","\N","\N","243-244","\N"
"11900","540","2935","\N","\N","206-207","\N"
"11910","340","4431","\N","\N","295-296","\N"
"11920","720","6676","\N","\N","244","\N"
"11922","720","6437","\N","\N","233","\N"
"11924","720","9880","\N","\N","18","\N"
"11928","720","382","\N","\N","25","\N"
"11930","720","7677","\N","\N","283","\N"
"11934","720","2613","\N","\N","101","\N"
"12024","782","1737","\N","\N","42-44","\N"
"11940","720","6329","\N","\N","228","\N"
"11942","720","2599","\N","\N","100","\N"
"11944","720","2605","\N","\N","101","\N"
"11948","720","7429","\N","\N","275","\N"
"11956","720","2087","\N","\N","83","\N"
"11958","586","7651","\N","\N","39-40","\N"
"11960","720","3797","\N","\N","148","\N"
"11962","540","2457","\N","\N","149 - 151","\N"
"11984","720","57","\N","\N","264","\N"
"11986","720","2143","\N","\N","86","\N"
"11988","720","4056","\N","\N","153","\N"
"11990","4","59","\N","tolls","332","\N"
"11992","720","6630","\N","\N","242","\N"
"11994","720","1139","\N","\N","45","\N"
"11996","720","8366","\N","\N","312","\N"
"11998","720","8477","\N","\N","316","\N"
"12000","720","4335","\N","\N","161","\N"
"12002","720","971","\N","\N","41","\N"
"12004","720","8641","\N","\N","320","\N"
"12006","720","4974","\N","\N","182","\N"
"12008","720","2633","\N","\N","104","\N"
"12010","720","4701","\N","\N","173","\N"
"12012","720","2699","\N","\N","106","\N"
"12014","720","3787","\N","\N","147","\N"
"12016","720","3025","\N","\N","121","\N"
"12018","720","3292","\N","\N","131","\N"
"12020","720","4366","\N","\N","162","\N"
"12022","4","4366","\N","\N","334","\N"
"12028","720","1950","\N","\N","75","\N"
"12030","720","1708","\N","\N","66","\N"
"12032","720","6924","\N","\N","254","\N"
"12034","720","3488","\N","\N","136","\N"
"12036","720","6782","\N","\N","246","\N"
"12040","720","324","\N","\N","21","\N"
"12042","720","7826","\N","\N","290","\N"
"12046","720","7857","\N","\N","290","\N"
"12048","720","2082","\N","\N","83","\N"
"12078","720","3631","\N","\N","140","\N"
"12082","720","400","\N","\N","26","\N"
"12084","720","582","\N","\N","29","\N"
"12094","720","5546","\N","\N","208","\N"
"12096","720","9363","\N","\N","385","\N"
"12098","3627","4510","\N","\N","850","\N"
"12100","720","7305","\N","\N","381","\N"
"12104","540","4779","\N","fairs","13","\N"
"12108","720","2632","\N","\N","104","\N"
"12114","720","1719","\N","\N","66","\N"
"12116","540","2643","\N","tolls","339","\N"
"12118","720","2643","\N","\N","105","\N"
"12120","720","1877","\N","\N","72","\N"
"12122","720","8141","\N","\N","301","\N"
"12124","720","2691","\N","\N","106","\N"
"12126","720","416","\N","\N","26","\N"
"12128","1148","1921","\N","tolls","314-315, 334","\N"
"12130","1156","1921","\N","tolls","146","\N"
"12132","1158","1921","\N","tolls","133-136","\N"
"12134","1268","1921","\N","tolls","\N","\N"
"12136","1268","1921","\N","\N","\N","\N"
"12138","1160","1921","\N","tolls","nos. 7, 8","\N"
"12140","1270","1921","\N","\N","105-107","\N"
"12144","360","7215","\N","\N","601f.","\N"
"12146","360","2650","\N","\N","204","\N"
"12148","720","7921","\N","\N","294","\N"
"12150","360","88","\N","\N","8","\N"
"12152","360","7006","\N","\N","568","\N"
"12154","360","6325","\N","\N","500f.","\N"
"12156","720","78","\N","\N","12","\N"
"12158","360","4755","\N","\N","375f.","\N"
"12160","720","2916","\N","\N","115","\N"
"12162","360","8502","\N","\N","709","\N"
"12164","360","7078","\N","\N","580","\N"
"12166","1272","6343","\N","\N","52","\N"
"12168","1274","11656","\N","\N","175-178","\N"
"12170","618","2337","\N","\N","67-69","\N"
"12172","618","9567","\N","\N","197-198","\N"
"12174","618","10947","\N","\N","119-120","\N"
"12102","3627","6172","\N","\N","873","\N"
"11926","3627","7167","\N","\N","889","\N"
"12080","3627","7770","\N","\N","684","\N"
"12112","3627","4363","\N","\N","380","\N"
"12110","3627","2144","\N","\N","193","\N"
"12044","3627","10969","\N","\N","624","\N"
"12038","3627","4817","\N","\N","414","\N"
"11932","3627","2692","\N","\N","245","\N"
"34910","4041","\N","\N","names","292","30183"
"12178","618","10951","\N","\N","22-23","\N"
"12180","618","10950","\N","\N","174","\N"
"12182","618","940","\N","\N","39","\N"
"12184","618","9007","\N","\N","154","\N"
"12186","1276","7060","\N","tolls","60, 417","\N"
"12188","1276","7060","\N","fairs","55, 419","\N"
"12190","4","2392","\N","tolls","300","\N"
"12192","720","5518","\N","\N","205","\N"
"12194","720","2973","\N","\N","118","\N"
"12196","4","577","\N","tolls","347","\N"
"12198","720","1328","\N","\N","52","\N"
"12202","720","1979","\N","\N","76","\N"
"12204","720","1517","\N","\N","58","\N"
"12208","4","7949","\N","tolls","351","\N"
"12210","1278","7427","\N","tolls","91-92","\N"
"12214","1280","1618","\N","\N","302-303","\N"
"12220","1280","50","\N","tolls","343","\N"
"12222","1280","43","\N","tolls","343","\N"
"12224","1280","2185","\N","tolls","344","\N"
"12226","1280","9333","\N","tolls","344","\N"
"12228","1280","9333","\N","\N","338","\N"
"12230","1280","9616","\N","tolls","344","\N"
"12232","1280","3009","\N","tolls","344","\N"
"12234","1280","7400","\N","tolls","345","\N"
"12236","1280","1163","\N","tolls","345","\N"
"12238","1280","3593","\N","tolls","345","\N"
"12242","1280","4456","\N","tolls","346","\N"
"12244","1280","1","\N","tolls","347","\N"
"12246","1280","5734","\N","tolls","347","\N"
"12252","1280","44","\N","tolls","347","\N"
"12254","1280","7531","\N","tolls","347","\N"
"12256","1280","8978","\N","\N","340, 388","\N"
"12258","1280","10916","\N","\N","340, 388","\N"
"12260","1280","11660","\N","\N","342","\N"
"12262","1284","2105","\N","\N","36-52","\N"
"12264","1284","9288","\N","\N","57-62","\N"
"12266","1284","9288","\N","tolls","62-64","\N"
"12268","4","4377","\N","tolls","194","\N"
"12270","624","4377","\N","tolls","36-37, 107, 168-169, 189","\N"
"12272","1284","4377","\N","tolls","63","\N"
"12274","1286","11026","\N","\N","95, 116, 127-128","\N"
"12276","1286","1502","\N","\N","198-199, 233","\N"
"12278","1288","3215","\N","\N","129n188, 158, 335-336","\N"
"12280","1286","5286","\N","\N","166, 228","\N"
"12282","1288","5286","\N","\N","285n12","\N"
"12284","1286","11028","\N","\N","88n160, 229","\N"
"12286","1286","11043","\N","\N","229","\N"
"12288","1288","11027","\N","\N","254-256","\N"
"12290","1280","8976","\N","\N","386","\N"
"12292","1280","8975","\N","\N","386","\N"
"12294","1280","43","\N","\N","387","\N"
"12296","1280","11662","\N","\N","386","\N"
"12298","1280","11663","\N","\N","388","\N"
"12300","1280","9427","\N","\N","389","\N"
"12302","474","562","\N","\N","27-28","\N"
"12304","474","7307","\N","\N","177","\N"
"12306","474","4911","\N","\N","131-132","\N"
"12312","1290","11029","\N","\N","538","\N"
"12314","1290","11043","\N","\N","529","\N"
"12316","1290","11028","\N","\N","530-531","\N"
"12318","1290","11044","\N","\N","527","\N"
"12322","1292","1542","\N","tolls","36, 46-49","\N"
"12324","1292","11664","\N","tolls","36","\N"
"12326","1292","11665","\N","\N","43","\N"
"12328","1292","2774","\N","tolls","36, 46","\N"
"12330","1292","11666","\N","tolls","37","\N"
"12334","1292","11667","\N","tolls","37","\N"
"12336","1292","6282","\N","tolls","37","\N"
"12338","1292","11669","\N","\N","40-43, 62-68","\N"
"12340","942","7875","\N","\N","Ubbergen","\N"
"12342","942","2450","\N","\N","Groesbeek","\N"
"12344","942","5046","\N","\N","Mook","\N"
"12346","942","4727","\N","\N","Malden","\N"
"12348","942","3034","\N","\N","Heumen","\N"
"12350","1294","3034","\N","\N","149","\N"
"12352","942","5778","\N","\N","Overasselt","\N"
"12354","942","5177","\N","\N","Nederasselt","\N"
"12356","942","4372","\N","\N","Lent","\N"
"12358","942","6376","\N","\N","Ressen","\N"
"12360","942","1783","\N","\N","Elst (Overbetuwe, Gl)","\N"
"12362","942","7197","\N","\N","Slijk-Ewijk","\N"
"12364","942","1754","\N","\N","Elden","\N"
"12366","942","9887","\N","\N","Huissen","\N"
"12368","942","9481","\N","\N","Angeren","\N"
"12370","942","3042","\N","\N","Hien","\N"
"12372","942","1518","\N","\N","Dodewaard","\N"
"12374","942","5566","\N","\N","Ochten","\N"
"12376","942","3301","\N","\N","IJzendoorn","\N"
"12378","322","8012","\N","tolls","85","\N"
"12382","322","10466","\N","tolls","85","\N"
"12386","216","7165","\N","\N","Plaatsnaam: Sittard (consulted 26 June 2019)","\N"
"12388","942","7165","\N","\N","Sittard","\N"
"12390","320","11672","\N","\N","71-74","\N"
"12394","322","9281","\N","\N","77-78","\N"
"12396","340","9281","\N","\N","25-26","\N"
"12398","544","11669","\N","tolls","254","\N"
"12400","1292","11669","\N","tolls","41-42","\N"
"12402","1296","226","\N","\N","&#60;a href=&#34;https://hov.isgv.de/Penig,_Alt-&#34;&#62;Penig, Alt- &#60;/a&#62;","\N"
"12404","48","5553","\N","\N","302-303","\N"
"12406","1298","11678","\N","\N","81-82","\N"
"12408","48","6965","\N","\N","289-290","\N"
"12410","48","4115","\N","\N","218-219","\N"
"12412","156","3921","\N","\N","88-89","\N"
"12414","340","3921","\N","\N","274-275","\N"
"12416","340","2945","\N","\N","219-220","\N"
"12442","1300","4462","\N","\N","601","\N"
"12200","3627","2608","\N","\N","232","\N"
"12450","1296","5858","\N","\N"," &#60;a href=&#34;https://hov.isgv.de/Paupitzsch&#34;&#62;Art. Paupitzsch&#60;/a&#62;","\N"
"12452","1296","5858","\N","\N"," &#60;a href=&#34;https://hov.isgv.de/Neuhaus&#34;&#62;Art. Neuhaus&#60;/a&#62;","\N"
"12454","1302","5858","\N","\N","158f.; ","\N"
"12458","1296","1884","\N","\N"," &#60;a href=&#34;https://hov.isgv.de/Eutritzsch&#34;&#62;Art.Eutritzsch&#60;/a&#62;","\N"
"12460","1300","1884","\N","\N","256-257","\N"
"12462","1304","462","\N","\N","7","\N"
"12474","1306","2571","\N","\N","41-42","\N"
"12476","1306","6546","\N","\N","37-38","\N"
"12478","1306","8312","\N","\N","49","\N"
"12480","1306","2957","\N","\N","47","\N"
"12482","956","108","\N","\N","132-133","\N"
"12488","1296","1245","\N","\N"," &#60;a href=&#34;https://hov.isgv.de/Connewitz_(1)&#34;&#62;Art. Connewitz (1)&#60;/a&#62;","\N"
"12490","1300","1245","\N","\N","151","\N"
"12492","1296","2118","\N","\N"," &#60;a href=&#34;https://hov.isgv.de/Gautzsch&#34;&#62;Art. Gautzsch&#60;/a&#62;","\N"
"12494","1300","2118","\N","\N","293-294","\N"
"12496","1296","1785","\N","\N"," &#60;a href=&#34;https://hov.isgv.de/Elstertrebnitz&#34;&#62;Art. Elstertrebnitz&#60;/a&#62;","\N"
"12498","1300","1785","\N","\N","518","\N"
"12500","1296","343","\N","\N"," &#60;a href=&#34;https://hov.isgv.de/Audigast&#34;&#62;Art. Audigast&#60;/a&#62;","\N"
"12502","1300","343","\N","\N","26","\N"
"12508","1296","4580","\N","\N"," &#60;a href=&#34;https://hov.isgv.de/Lößnig_(1)&#34;&#62;Art. Lößnig (1)&#60;/a&#62;","\N"
"12510","1300","4580","\N","\N","619","\N"
"12512","1296","1501","\N","\N"," &#60;a href=&#34;https://hov.isgv.de/Dölitz&#34;&#62;Art. Dölitz&#60;/a&#62;","\N"
"12514","1300","1501","\N","\N","202","\N"
"12516","1296","4776","\N","\N"," &#60;a href=&#34;https://hov.isgv.de/Markkleeberg&#34;&#62;Art. Kleeberg, Mark-&#60;/a&#62;","\N"
"12518","1300","4776","\N","\N","490","\N"
"12520","1296","1546","\N","\N"," &#60;a href=&#34;https://hov.isgv.de/Dösen&#34;&#62;Art. Dösen&#60;/a&#62;","\N"
"12522","1300","1546","\N","\N","209","\N"
"12524","1296","1259","\N","\N"," &#60;a href=&#34;https://hov.isgv.de/Cröbern&#34;&#62;Art. Cröbern&#60;/a&#62;","\N"
"12526","1300","1259","\N","\N","160","\N"
"12528","1296","4704","\N","\N"," &#60;a href=&#34;https://hov.isgv.de/Magdeborn&#34;&#62;Art. Magdeborn&#60;/a&#62;","\N"
"12530","1300","4704","\N","\N","6","\N"
"12532","1296","2645","\N","\N"," &#60;a href=&#34;https://hov.isgv.de/Gruna_(4)&#34;&#62;Art. Gruna (4)&#60;/a&#62;","\N"
"12534","1300","2645","\N","\N","366","\N"
"12536","1296","1860","\N","\N"," &#60;a href=&#34;https://hov.isgv.de/Espenhain&#34;&#62;Art. Espenhain&#60;/a&#62;","\N"
"12538","1300","1860","\N","\N","252","\N"
"12540","1296","1883","\N","\N"," &#60;a href=&#34;https://hov.isgv.de/Eula_(1)&#34;&#62;Art. Eula (1)&#60;/a&#62;","\N"
"12542","1300","1883","\N","\N","254","\N"
"12544","1296","738","\N","\N"," &#60;a href=&#34;https://hov.isgv.de/Blumroda&#34;&#62;Art. Blumroda&#60;/a&#62;","\N"
"12546","216","1375","\N","\N","Plaatsnaam: Delfzijl (consulted at 08 July 2020)","\N"
"12548","942","1375","\N","\N","Delfzijl","\N"
"12550","216","2456","\N","\N","Plaatsnaam: Groningen (consulted at 08 July 2020)","\N"
"12552","942","2456","\N","\N","Groningen","\N"
"12554","216","8484","\N","\N","Plaatsnaam: Winschoten (consulted at 08 July 2020)","\N"
"12556","942","8484","\N","\N","Winschoten","\N"
"12558","942","330","\N","\N","Assen","\N"
"12560","216","4880","\N","\N","Plaatsnaam: Meppel (consulted at 08 July 2020)","\N"
"12562","942","4880","\N","\N","Meppel","\N"
"12564","1308","2351","\N","tolls","\N","\N"
"12566","1310","2351","\N","tolls","nos. 2595-2622","\N"
"12568","216","1240","\N","\N","Plaatsnaam: Coevorden (consulted 08 July 2020)","\N"
"12570","942","1240","\N","\N","Coevorden","\N"
"12764","624","5949","\N","tolls","30-33, 80-86, 143","\N"
"12572","1296","7698","\N","\N"," &#60;a href=&#34;https://hov.isgv.de/Thräna_(1)&#34;&#62;Art. Thräna&#60;/a&#62;","\N"
"12574","1300","7698","\N","\N","504-505","\N"
"12576","1296","5063","\N","\N"," &#60;a href=&#34;https://hov.isgv.de/Mosel_(Mittel-,_Nieder-,_Ober-)&#34;&#62;Art. Mosel (Mittel-, Nieder-, Ober-)&#60;/a&#62;","\N"
"12578","1300","5063","\N","\N","57","\N"
"12580","1296","5548","\N","\N"," &#60;a href=&#34;https://hov.isgv.de/Oberrothenbach&#34;&#62;Art. Rothenbach, Ober-&#60;/a&#62;","\N"
"12582","1300","5548","\N","\N","312-313","\N"
"12584","1296","9470","\N","\N"," &#60;a href=&#34;https://hov.isgv.de/Pflug&#34;&#62;Art. Pflug&#60;/a&#62;","\N"
"12586","1300","9470","\N","\N","174","\N"
"12588","1296","2240","\N","\N"," &#60;a href=&#34;https://hov.isgv.de/Gnandstein&#34;&#62;Art. Gnandstein&#60;/a&#62;","\N"
"12590","1300","2240","\N","\N","318","\N"
"12592","1296","1066","\N","\N"," &#60;a href=&#34;https://hov.isgv.de/Bubendorf_(1)&#34;&#62;Art. Bubendorf (1)&#60;/a&#62;","\N"
"12594","1300","1066","\N","\N","121","\N"
"12596","1296","5285","\N","\N"," &#60;a href=&#34;https://hov.isgv.de/Neukirchen_(1)&#34;&#62;Art. Neukirchen (1)&#60;/a&#62;","\N"
"12598","1302","5285","\N","\N","103","\N"
"12600","1296","2042","\N","\N"," &#60;a href=&#34;https://hov.isgv.de/Fuchshain&#34;&#62;Art. Fuchshain&#60;/a&#62;","\N"
"12602","1300","2042","\N","\N","281f","\N"
"12604","1296","5168","\N","\N"," &#60;a href=&#34;https://hov.isgv.de/Naunhof_(1)&#34;&#62;Art. Naunhof (1)&#60;/a&#62;","\N"
"12606","1300","5168","\N","\N","82f","\N"
"12608","1296","4987","\N","\N"," &#60;a href=&#34;https://hov.isgv.de/Mockau&#34;&#62;Art. Mockau&#60;/a&#62;","\N"
"12610","1300","4987","\N","\N","46","\N"
"12612","1296","5973","\N","\N"," &#60;a href=&#34;https://hov.isgv.de/Plaußig&#34;&#62;Art. Plaußig&#60;/a&#62;","\N"
"12614","1300","5973","\N","\N","184","\N"
"12616","1296","4438","\N","\N"," &#60;a href=&#34;https://hov.isgv.de/Liemehna&#34;&#62;Art. Liemehna&#60;/a&#62;","\N"
"12618","1300","4438","\N","\N","598","\N"
"12620","1296","2303","\N","\N"," &#60;a href=&#34;https://hov.isgv.de/Gordemitz&#34;&#62;Art. Gordemitz&#60;/a&#62;","\N"
"12622","1300","2303","\N","\N","332","\N"
"12624","1296","3419","\N","\N"," &#60;a href=&#34;https://hov.isgv.de/Jesewitz&#34;&#62;Art. Jesewitz&#60;/a&#62;","\N"
"12626","1300","3419","\N","\N","455","\N"
"12628","1296","11478","\N","\N"," &#60;a href=&#34;https://hov.isgv.de/Wellaune&#34;&#62;Art. Wellaune&#60;/a&#62;","\N"
"12630","1300","11478","\N","\N","575","\N"
"12632","1296","4465","\N","\N"," &#60;a href=&#34;https://hov.isgv.de/Lindenhayn&#34;&#62;Art. Lindenhayn&#60;/a&#62;","\N"
"12634","1300","4465","\N","\N","601","\N"
"12636","1296","2279","\N","\N"," &#60;a href=&#34;https://hov.isgv.de/Gollmenz&#34;&#62;Art. Gollmenz&#60;/a&#62;","\N"
"12638","1300","2279","\N","\N","326","\N"
"12640","1296","4050","\N","\N"," &#60;a href=&#34;https://hov.isgv.de/Krensitz&#34;&#62;Art. Krensitz&#60;/a&#62;","\N"
"12642","1300","4050","\N","\N","535f","\N"
"12644","1296","3117","\N","\N"," &#60;a href=&#34;https://hov.isgv.de/Hohenossig&#34;&#62;Art. Ossig, Hohen-&#60;/a&#62;","\N"
"12646","1300","3117","\N","\N","142","\N"
"12648","1296","7047","\N","\N"," &#60;a href=&#34;https://hov.isgv.de/Seehausen_(2)&#34;&#62;Art. Seehausen (2)&#60;/a&#62;","\N"
"12650","1300","7047","\N","\N","401","\N"
"12652","1296","4466","\N","\N"," &#60;a href=&#34;https://hov.isgv.de/Lindenthal&#34;&#62;Art. Lindenthal&#60;/a&#62;","\N"
"12654","1300","4466","\N","\N","601","\N"
"12656","1296","6584","\N","\N"," &#60;a href=&#34;https://hov.isgv.de/Rückmarsdorf&#34;&#62;Art. Rückmarsdorf&#60;/a&#62;","\N"
"12658","1300","6584","\N","\N","320","\N"
"12660","1296","8128","\N","\N"," &#60;a href=&#34;https://hov.isgv.de/Wahren&#34;&#62;Art. Wahren&#60;/a&#62;","\N"
"12662","1300","8128","\N","\N","544","\N"
"12664","1296","4989","\N","\N"," &#60;a href=&#34;https://hov.isgv.de/Möckern&#34;&#62;Art. Möckern&#60;/a&#62;","\N"
"12666","1300","4989","\N","\N","46","\N"
"12668","1296","10473","\N","\N"," &#60;a href=&#34;https://hov.isgv.de/Gohlis_(2)&#34;&#62;Art. Gohlis (2)&#60;/a&#62;","\N"
"12670","1300","10473","\N","\N","321-322","\N"
"12672","1296","6925","\N","\N"," &#60;a href=&#34;https://hov.isgv.de/Schönau_(4)&#34;&#62;Art. Schönau (4)&#60;/a&#62;","\N"
"12674","1300","6925","\N","\N","377","\N"
"12676","720","10971","\N","\N","113","\N"
"12678","720","2611","\N","\N","101","\N"
"12680","720","6803","\N","\N","247","\N"
"12682","720","8138","\N","\N","301","\N"
"12688","216","1492","\N","\N","Plaatsnaam: Dokkum (consulted at 08 July 2020)","\N"
"12690","942","1492","\N","\N","Dokkum","\N"
"12692","904","10302","\N","tolls","31","\N"
"12694","360","4358","\N","\N","337f.","\N"
"12696","360","6284","\N","\N","499","\N"
"12700","360","6748","\N","\N","272","\N"
"12702","720","3502","\N","\N","136","\N"
"12704","344","3461","\N","\N","161","\N"
"12706","360","2877","\N","\N","211","\N"
"12708","720","10344","\N","\N","112","\N"
"12710","360","6699","\N","\N","540","\N"
"12712","720","1861","\N","\N","72","\N"
"12714","720","10078","\N","\N","238","\N"
"12698","1312","11679","\N","\N","9-12","\N"
"12718","720","6521","\N","\N","238","\N"
"12720","720","8105","\N","\N","300","\N"
"12722","720","8824","\N","\N","326","\N"
"12724","720","11150","\N","\N","35","\N"
"12726","720","11139","\N","\N","41","\N"
"12728","720","4866","\N","\N","178","\N"
"12730","720","10611","\N","\N","313","\N"
"12732","720","6908","\N","\N","253","\N"
"12734","720","8169","\N","\N","303","\N"
"12736","720","4745","\N","\N","173","\N"
"12738","720","7713","\N","\N","285","\N"
"12740","720","8519","\N","\N","317","\N"
"12742","720","9980","\N","\N","118","\N"
"12746","216","1983","\N","\N","Plaatsnaam: Franeker (consulted at 08 July 2020)","\N"
"12748","942","1983","\N","\N","Franeker","\N"
"12750","216","4314","\N","\N","Plaatsnaam: Leeuwarden (consulted at 08 July 2020)","\N"
"12752","942","4314","\N","\N","Leeuwarden","\N"
"12754","216","2816","\N","\N","Plaatsnaam: Harlingen (consulted at 08 July 2020)","\N"
"12756","942","2816","\N","\N","Harlingen","\N"
"12758","942","809","\N","\N","Bolsward","\N"
"12760","216","7220","\N","\N","Plaatsnaam: Sneek (consulted at 08 July 2020)","\N"
"12762","942","7220","\N","\N","Sneek","\N"
"12766","624","4853","\N","tolls","15-17, 33-34, 87","\N"
"12768","624","4278","\N","tolls","37, 43-47, 116-121, 172-173","\N"
"12770","624","5026","\N","tolls","46-47","\N"
"12772","624","9287","\N","tolls","37-41, 108-112","\N"
"12774","216","7203","\N","\N","Plaatsnaam: Sloten (consulted at 08 July 2020)","\N"
"12776","216","7356","\N","\N","Plaatsnaam: Staveren (consulted at 08 July 2020)","\N"
"12778","942","7356","\N","\N","Stavoren","\N"
"12780","216","3064","\N","\N","Plaatsnaam: Hindeloopen (consulted at 08 July 2020)","\N"
"12782","942","3064","\N","\N","Hindeloopen","\N"
"12784","360","66","\N","\N","2","\N"
"12786","360","7730","\N","\N","644","\N"
"12788","360","4082","\N","\N","303","\N"
"12790","360","6999","\N","\N","566","\N"
"12792","360","5212","\N","\N","30","\N"
"12794","360","4390","\N","\N","342","\N"
"12796","360","151","\N","\N","7","\N"
"12798","360","7098","\N","\N","587f.","\N"
"12800","360","4996","\N","\N","400","\N"
"12802","360","600","\N","\N","71f.","\N"
"12804","360","1926","\N","\N","166","\N"
"12806","360","7629","\N","\N","638","\N"
"12808","360","3482","\N","\N","253","\N"
"12810","216","8612","\N","\N","Plaatsnaam: Workum (consulted at 08 July 2020)","\N"
"12812","942","8612","\N","\N","Workum","\N"
"12814","216","6399","\N","\N","Plaatsnaam: Rhenen (consulted at 08 July 2020)","\N"
"12816","942","6399","\N","\N","Rhenen","\N"
"12818","1314","5430","\N","\N","21, 28","\N"
"12744","3627","2417","\N","\N","225-226","\N"
"12820","1314","11690","\N","\N","23, 26, 28","\N"
"12822","1314","11689","\N","\N","21, 28","\N"
"12824","1316","11689","\N","\N","349-350","\N"
"12826","1316","11690","\N","\N","342-343","\N"
"12828","624","717","\N","tolls","41-42, 112-114, 172","\N"
"12830","1318","11690","\N","\N","67, 94","\N"
"12832","1320","11690","\N","\N","215","\N"
"12834","1322","11690","\N","\N","260","\N"
"12836","624","792","\N","tolls","42-43, 114-116, 172","\N"
"12838","624","312","\N","tolls","23-24, 48, 116-122","\N"
"12840","1324","11689","\N","\N","667-668, 673, 694-695","\N"
"12842","624","9450","\N","tolls","59-68, 138-140, 191-192","\N"
"12844","624","7321","\N","tolls","59-68","\N"
"12846","1326","11701","\N","\N","Gemeente Grave","\N"
"12848","586","11707","\N","\N","430-431","\N"
"12850","720","11707","\N","\N","280","\N"
"12852","360","3876","\N","\N","292","\N"
"12854","360","6657","\N","\N","533","\N"
"12856","360","3587","\N","\N","271","\N"
"12858","360","7549","\N","\N","627","\N"
"12860","360","10222","\N","\N","336-337","\N"
"12870","360","126","\N","\N","15-16","\N"
"12872","360","7062","\N","\N","573f.","\N"
"12874","360","7795","\N","\N","648f.","\N"
"12876","360","3326","\N","\N","232","\N"
"12878","360","4045","\N","\N","300f.","\N"
"12880","942","1264","\N","\N","Cuijk","\N"
"12882","942","4922","\N","\N","Middelaar","\N"
"12884","942","2157","\N","\N","Gennep (Gennep, Lb)","\N"
"12886","942","2905","\N","\N","Heijen","\N"
"12888","942","91","\N","\N","Afferden (Bergen, Lb)","\N"
"12890","942","5657","\N","\N","Oosterbeek","\N"
"12898","920","7343","\N","\N","233","\N"
"12932","1290","11713","\N","\N","137","\N"
"12934","1330","11713","\N","\N","67","\N"
"12936","1332","11714","\N","\N","44-46","\N"
"12948","1334","1502","\N","\N","38-42","\N"
"12986","642","2601","\N","tolls","117","\N"
"12954","1300","1377","\N","\N","177","\N"
"12956","1296","4359","\N","\N"," &#60;a href=&#34;https://hov.isgv.de/Lemsel&#34;&#62;Art. Lemsel&#60;/a&#62;","\N"
"12958","1300","4359","\N","\N","580","\N"
"12960","1336","2945","\N","\N","30-37","\N"
"12962","1296","8405","\N","\N"," &#60;a href=&#34;https://hov.isgv.de/Kleinwiederitzsch&#34;&#62;Art. Wiederitzsch, Groß-&#60;/a&#62;","\N"
"12964","1300","8405","\N","\N","588f","\N"
"12966","1336","10414","\N","\N","86","\N"
"12968","1338","10414","\N","\N","22-23","\N"
"12970","1340","3921","\N","fairs","32-33, 102","\N"
"12972","1340","3921","\N","\N","53-56","\N"
"12974","618","11673","\N","\N","120-121","\N"
"12976","1342","5625","\N","\N","219","\N"
"12978","1342","791","\N","\N","193","\N"
"12980","1342","7360","\N","\N","227","\N"
"12982","1342","11719","\N","\N","192","\N"
"12984","336","11719","\N","fairs","42","\N"
"12988","586","2376","\N","\N","162-167","\N"
"12990","624","7760","\N","tolls","88, 147","\N"
"12992","1316","11722","\N","\N","342-343","\N"
"12994","1318","11722","\N","\N","94","\N"
"12996","1314","11722","\N","\N","28","\N"
"12998","1322","11722","\N","\N","260","\N"
"13002","624","8515","\N","tolls","99-100, 166-167","\N"
"13006","540","11723","\N","\N","368-369","\N"
"13008","624","9288","\N","tolls","100-107, 167-168, 188-189","\N"
"13010","4","1509","\N","tolls","185-186","\N"
"13012","624","1509","\N","tolls","36-37, 108, 169, 189","\N"
"13014","428","11724","\N","\N","201-202","\N"
"13016","624","6271","\N","tolls","98, 166","\N"
"13018","942","11726","\N","\N","Wijchen","\N"
"13020","360","7504","\N","\N","622","\N"
"12950","540","1377","\N","\N","73-75","\N"
"13024","360","5274","\N","\N","422","\N"
"13026","360","3072","\N","\N","218f.","\N"
"13028","360","3047","\N","\N","218","\N"
"13030","360","7897","\N","\N","656f.","\N"
"13032","360","7695","\N","\N","643","\N"
"13034","360","4370","\N","\N","339","\N"
"13036","624","2873","\N","tolls","98, 166","\N"
"13038","624","4142","\N","tolls","167","\N"
"13042","624","6712","\N","tolls","170-171","\N"
"13044","624","1330","\N","tolls","171","\N"
"13046","624","8983","\N","tolls","174-175","\N"
"13048","624","10433","\N","tolls","48-50, 126-129, 175","\N"
"13050","624","2128","\N","tolls","26-29, 130-131","\N"
"13052","624","8486","\N","tolls","112-113, 130","\N"
"13054","4","8486","\N","tolls","264","\N"
"13056","624","1154","\N","tolls","137-138","\N"
"13058","624","2777","\N","tolls","50-59, 131-137, 175-180, 191","\N"
"13060","1294","10565","\N","\N","203, 205","\N"
"13062","624","2802","\N","tolls","130","\N"
"13064","624","10824","\N","tolls","192-193","\N"
"13066","1348","10691","\N","staple","55-56","\N"
"13068","1350","10691","\N","staple","123","\N"
"13070","1352","5901","\N","\N","39-40","\N"
"13072","1352","8926","\N","\N","40","\N"
"13074","1352","9456","\N","\N","44","\N"
"13076","964","8926","\N","tolls","no. 1388","\N"
"13078","428","11734","\N","\N","202","\N"
"13080","428","11735","\N","\N","202","\N"
"13086","1356","11736","\N","tolls","144","\N"
"13088","360","320","\N","\N","37-38","\N"
"13090","360","7102","\N","\N","588-589","\N"
"13092","360","7069","\N","\N","577","\N"
"34911","4041","\N","\N","names","292","30184"
"13094","360","7262","\N","\N","603f.","\N"
"13096","360","3363","\N","\N","239-240","\N"
"13100","1356","10849","\N","\N","139-149","\N"
"13102","1356","11745","\N","\N","28, 62, 140","\N"
"13104","1356","6364","\N","\N","23-28, 51-53","\N"
"13106","1358","8345","\N","\N","77-97","\N"
"13108","1360","11752","\N","\N","32; 58","\N"
"13118","1360","1721","\N","fairs","74","\N"
"13120","942","280","\N","\N","Appingedam","\N"
"13128","1362","2758","\N","\N","89","\N"
"13132","1364","2758","\N","fairs","Bd. II, Nr. XXIV","\N"
"13136","1368","5579","\N","\N","66","\N"
"13138","1366","2185","\N","fairs","66-68","\N"
"13140","1368","5579","\N","fairs","115","\N"
"13142","1368","5579","\N","tolls","141","\N"
"13144","1370","928","\N","\N","135-145","\N"
"13146","1372","928","\N","\N","47-69","\N"
"13148","1372","5971","\N","\N","47-69","\N"
"13150","1372","928","\N","staple","56","\N"
"13152","1372","928","\N","fairs","56","\N"
"13154","1372","5971","\N","fairs","58","\N"
"13156","340","170","\N","\N","508","\N"
"13158","1370","5971","\N","\N","312-313","\N"
"13160","156","1911","\N","\N","195","\N"
"13162","340","1911","\N","\N","147-148","\N"
"13164","1370","6271","\N","\N","333-334","\N"
"13168","1372","6271","\N","\N","438-444","\N"
"13170","340","2199","\N","\N","167-168","\N"
"13172","1370","3766","\N","\N","206f","\N"
"13174","1370","7807","\N","\N","380-382","\N"
"13176","1372","7807","\N","\N","517-522","\N"
"13178","1372","7807","\N","fairs","519","\N"
"13180","1370","7281","\N","\N","97-102","\N"
"13182","1372","11757","\N","\N","629","\N"
"13184","1372","7281","\N","\N","627-632","\N"
"13186","1372","579","\N","tolls","581","\N"
"13188","1372","11758","\N","\N","589","\N"
"13190","1372","11759","\N","\N","589","\N"
"13192","1372","11006","\N","\N","Art. Berlin, 579 - 607","\N"
"13194","1372","579","\N","\N","579-607","\N"
"13196","1370","11760","\N","\N","25","\N"
"13198","1370","579","\N","\N","21-38","\N"
"13200","1370","11006","\N","\N","21 - 38","\N"
"13202","1370","2028","\N","\N","74","\N"
"13204","1370","664","\N","\N","74f","\N"
"13206","1370","3599","\N","\N","75","\N"
"13208","1370","4710","\N","\N","75","\N"
"13210","1370","7644","\N","\N","106-108","\N"
"13212","1370","1003","\N","\N","39f","\N"
"13214","1370","4760","\N","\N","79f","\N"
"13216","1370","6346","\N","\N","90","\N"
"13234","1370","8273","\N","\N","120 - 122","\N"
"13236","1370","7319","\N","\N","102","\N"
"13238","1370","11682","\N","\N","222-223","\N"
"13242","1370","683","\N","\N","128f","\N"
"13246","1370","7640","\N","\N","373-374","\N"
"13254","1372","7640","\N","fairs","502","\N"
"13256","1372","7640","\N","\N","500-504","\N"
"13258","1374","2830","\N","\N","\N","\N"
"13260","1374","8155","\N","\N","\N","\N"
"13262","340","8485","\N","\N","497","\N"
"13264","1374","8485","\N","\N","\N","\N"
"13266","1374","8604","\N","\N","\N","\N"
"13268","1374","8360","\N","\N","\N","\N"
"13270","1374","756","\N","\N","\N","\N"
"13272","1374","2485","\N","\N","\N","\N"
"13274","1374","1006","\N","\N","\N","\N"
"13276","1374","4258","\N","\N","\N","\N"
"13278","1374","5404","\N","\N","\N","\N"
"13280","1374","10151","\N","\N","\N","\N"
"13282","1374","9420","\N","\N","\N","\N"
"13284","1374","8549","\N","\N","\N","\N"
"13286","1374","2981","\N","\N","\N","\N"
"13288","1374","5078","\N","\N","\N","\N"
"13290","1374","10149","\N","\N","\N","\N"
"13292","1374","10174","\N","\N","\N","\N"
"13294","1374","6291","\N","\N","\N","\N"
"13296","1374","889","\N","\N","\N","\N"
"13298","1374","194","\N","\N","\N","\N"
"13300","1374","2725","\N","\N","\N","\N"
"13302","1374","1853","\N","\N","\N","\N"
"13304","1374","1315","\N","\N","\N","\N"
"13306","1376","11786","\N","tolls","\N","\N"
"13308","540","11786","\N","\N","204-205","\N"
"13310","1378","3657","\N","fairs","29","\N"
"13134","1366","1445","\N","fairs","66-68","\N"
"13314","428","11787","\N","\N","243-244","\N"
"13316","216","3298","\N","\N","Plaatsnaam: IJlst (consulted at 08 July 2020)","\N"
"13318","942","3298","\N","\N","IJlst","\N"
"13320","428","11789","\N","\N","243-244","\N"
"13322","624","11790","\N","tolls","122-126","\N"
"13330","340","9337","\N","\N","45-46","\N"
"13332","340","562","\N","\N","42-43","\N"
"13334","340","4622","\N","\N","306","\N"
"13336","1382","1187","\N","\N","327-328","\N"
"13338","340","9287","\N","\N","234-235","\N"
"13340","340","717","\N","\N","51-52","\N"
"13348","340","7307","\N","\N","430","\N"
"13350","340","7417","\N","\N","443","\N"
"13352","520","11155","\N","\N","85","\N"
"13354","520","11154","\N","tolls","84","\N"
"13356","520","11154","\N","\N","84","\N"
"13358","520","11220","\N","\N","127","\N"
"13360","520","11220","\N","tolls","127","\N"
"13364","1384","11797","\N","\N","328, 331-332","\N"
"13366","1384","2802","\N","\N","312-336","\N"
"13668","1424","4891","\N","fairs","88","\N"
"13372","464","5609","\N","\N","166-167","\N"
"13374","1290","11802","\N","tolls","510","\N"
"13376","1290","11802","\N","\N","510","\N"
"13378","1386","11033","\N","\N","39-49","\N"
"13380","4","11803","\N","\N","425","\N"
"34912","4041","\N","\N","names","292","30185"
"13382","1292","11803","\N","\N","82","\N"
"13386","244","8974","\N","tolls","229","\N"
"13388","314","8974","\N","tolls","17, 21","\N"
"13392","1388","4601","\N","\N","16","\N"
"13394","1388","5078","\N","\N","16","\N"
"13396","1388","618","\N","\N","16","\N"
"13398","1388","8361","\N","\N","15","\N"
"13400","1388","871","\N","\N","15","\N"
"13402","1388","3675","\N","\N","15","\N"
"13404","1390","1330","\N","fairs","138","\N"
"13406","1390","1330","\N","\N","138","\N"
"13408","1392","6444","\N","\N","297","\N"
"13410","1392","7742","\N","\N","479","\N"
"13412","1392","2353","\N","\N","263","\N"
"13414","1390","1327","\N","\N","134","\N"
"13416","1390","9286","\N","\N","131","\N"
"13418","1392","6117","\N","\N","256","\N"
"13420","1390","6896","\N","\N","354-355","\N"
"13422","1392","8765","\N","\N","603","\N"
"13424","1392","7725","\N","\N","475","\N"
"13426","1392","6300","\N","\N","282","\N"
"13428","1392","6790","\N","\N","343","\N"
"13430","1392","7775","\N","\N","487","\N"
"13432","1390","3368","\N","\N","327","\N"
"13434","1392","5963","\N","\N","239","\N"
"13436","1390","2363","\N","\N","265-266","\N"
"13438","1392","4660","\N","\N","88-89","\N"
"13440","1392","8665","\N","\N","586","\N"
"13442","1392","4603","\N","\N","67","\N"
"13444","1390","884","\N","\N","91","\N"
"13446","1390","562","\N","\N","62","\N"
"13448","1392","7307","\N","\N","434","\N"
"13450","1392","4911","\N","\N","113","\N"
"13452","1392","6107","\N","\N","249-250","\N"
"13454","1390","2105","\N","\N","214-217","\N"
"13456","1394","8926","\N","\N","152-153","\N"
"13458","1394","8924","\N","\N","172","\N"
"13460","1394","4597","\N","\N","80-81","\N"
"13464","1398","9181","\N","\N","6","\N"
"13466","1398","1509","\N","tolls","10","\N"
"13468","1400","1509","\N","tolls","\N","\N"
"13470","1400","717","\N","tolls","\N","\N"
"13472","1398","717","\N","tolls","10","\N"
"13474","1400","792","\N","tolls","113","\N"
"13492","1382","5648","\N","\N","100","\N"
"13494","1382","8362","\N","\N","86","\N"
"13496","1382","4016","\N","\N","151","\N"
"13498","1382","1659","\N","\N","93","\N"
"13502","1382","9684","\N","\N","149","\N"
"13504","1382","845","\N","\N","402f","\N"
"13506","1382","3847","\N","\N","98","\N"
"13508","1382","3276","\N","\N","296","\N"
"13512","1382","1364","\N","\N","403","\N"
"13514","1410","11650","\N","\N","27-28","\N"
"13516","1410","81","\N","\N","18","\N"
"13518","1410","559","\N","\N","20","\N"
"13520","1410","882","\N","\N","21","\N"
"13522","1410","966","\N","\N","21","\N"
"13524","1410","1490","\N","\N","28","\N"
"13526","1410","3713","\N","\N","30","\N"
"13528","1410","1854","\N","\N","30f","\N"
"13530","1410","1871","\N","\N","31f","\N"
"13532","1412","1611","\N","\N","154-155","\N"
"13534","1410","1874","\N","\N","33f","\N"
"13536","1414","1611","\N","\N","47-49","\N"
"13538","1410","3407","\N","\N","86f","\N"
"34913","4041","\N","\N","names","292","30186"
"13542","1410","3330","\N","\N","88f","\N"
"13546","1410","11813","\N","\N","104 - 119.","\N"
"13548","1416","6610","\N","\N","64-65","\N"
"13550","1416","6610","\N","tolls","64-65","\N"
"13552","1416","11217","\N","\N","66-67","\N"
"13554","1410","6086","\N","\N","139","\N"
"13556","1410","6192","\N","\N","139f","\N"
"13558","1410","6278","\N","\N","140f","\N"
"13560","1410","6568","\N","\N","142f","\N"
"13562","1410","6674","\N","\N","143","\N"
"13564","1410","7247","\N","\N","148f","\N"
"13566","1410","8245","\N","\N","178 - 188","\N"
"13568","1410","8246","\N","\N","188","\N"
"13570","544","6610","\N","tolls","323-325","\N"
"13572","1410","8417","\N","\N","192f","\N"
"13574","4","6774","\N","tolls","272","\N"
"13576","448","6774","\N","tolls","130","\N"
"13578","1226","6774","\N","tolls","6:647, 648, 866","\N"
"13580","1226","11819","\N","tolls","6:647, 648, 1212","\N"
"13582","1226","7314","\N","tolls","6:835","\N"
"13584","1226","8012","\N","tolls","1397","\N"
"13586","1226","6433","\N","tolls","5:550","\N"
"13588","1226","1131","\N","tolls","5:550","\N"
"13590","1226","4431","\N","tolls","5:550","\N"
"13592","726","3033","\N","\N","12-13","\N"
"13594","726","6126","\N","\N","27-28","\N"
"13596","726","8707","\N","\N","33","\N"
"13598","1418","10478","\N","\N","446-447","\N"
"13600","1418","1513","\N","\N","483-484","\N"
"13602","1418","1534","\N","\N","484","\N"
"13604","1418","2103","\N","\N","485","\N"
"13606","1418","3673","\N","\N","502f","\N"
"13608","1418","5049","\N","\N","529f","\N"
"13610","1420","3779","\N","\N","25-26","\N"
"13612","1422","11827","\N","\N","26 - 42","\N"
"13614","1422","10449","\N","\N","46 - 62","\N"
"13616","1422","7974","\N","\N","73-75","\N"
"13660","1424","1117","\N","\N","15","\N"
"13662","1424","5364","\N","\N","16-18","\N"
"13664","1424","1376","\N","\N","32f","\N"
"13666","1424","3148","\N","\N","60-62","\N"
"13670","1424","4891","\N","\N","87 - 201","\N"
"13672","1424","6799","\N","\N","220f","\N"
"13674","1424","6861","\N","\N","225-226","\N"
"13676","1424","8156","\N","\N","240f","\N"
"13678","1424","8833","\N","\N","245","\N"
"13684","1426","1672","\N","\N","28-32","\N"
"13686","1426","10542","\N","\N","42","\N"
"13690","1426","6676","\N","\N","69-72","\N"
"13738","1430","7713","\N","\N","394-395","\N"
"13696","1428","536","\N","\N","24 - 26","\N"
"13698","1428","1770","\N","\N","55-64","\N"
"13700","1428","2633","\N","\N","70f","\N"
"13702","1428","2692","\N","\N","74-76","\N"
"13704","1428","2699","\N","\N","76 - 78","\N"
"13706","1428","3025","\N","\N","81f","\N"
"13708","1428","3787","\N","\N","89f","\N"
"13688","1426","10040","\N","\N","53-64","\N"
"13714","1428","5549","\N","\N","146","\N"
"13716","1428","7245","\N","\N","156-157","\N"
"13720","1428","8641","\N","\N","178","\N"
"13722","1430","9880","\N","\N","369-370","\N"
"13724","1430","1693","\N","\N","375","\N"
"13726","1430","2206","\N","\N","378-379","\N"
"13728","1430","3681","\N","\N","383","\N"
"13730","1430","4745","\N","\N","385","\N"
"13732","1430","5085","\N","\N","387-391","\N"
"13736","1430","6908","\N","\N","394","\N"
"13740","1430","8164","\N","\N","396-397","\N"
"13742","1430","8169","\N","\N","397","\N"
"13746","1432","2457","\N","\N","69 - 84","\N"
"13748","1432","2457","\N","fairs","78f","\N"
"13750","1432","3742","\N","\N","183","\N"
"13752","1432","11493","\N","fairs","185-186","\N"
"13754","1432","11493","\N","\N","183-194","\N"
"13758","1434","1721","\N","\N","74 - 95","\N"
"13760","1302","7315","\N","\N","446","\N"
"13762","1296","7315","\N","\N"," &#60;a href=&#34;https://hov.isgv.de/Sprotta&#34;&#62;Art. Sprotta&#60;/a&#62;","\N"
"13764","1296","10772","\N","\N"," &#60;a href=&#34;https://hov.isgv.de/Wöllmen&#34;&#62;Art. Wöllmen&#60;/a&#62;","\N"
"13766","1302","10772","\N","\N","615","\N"
"13768","1436","11844","\N","\N","Liii, 212-215","\N"
"13770","1438","4653","\N","staple","\N","\N"
"13772","1436","2935","\N","\N","Liv-Lv","\N"
"13774","1440","6564","\N","\N","no. 48","\N"
"13776","1436","11845","\N","\N","LV, 218-226","\N"
"13778","1436","262","\N","\N","7","\N"
"13782","1436","302","\N","\N","8-18","\N"
"13784","1436","1802","\N","\N","37-38","\N"
"13786","1436","1837","\N","fairs","40","\N"
"13788","1436","4333","\N","fairs","97","\N"
"13790","1436","3828","\N","\N","102-116","\N"
"13792","1436","4742","\N","\N","147 - 164","\N"
"13794","1436","2622","\N","\N","180f","\N"
"13796","1436","6199","\N","\N","187-192","\N"
"13798","1436","7106","\N","\N","200f","\N"
"13800","1436","7150","\N","\N","204f","\N"
"13802","1436","6453","\N","\N","xvi","\N"
"13804","62","10154","\N","\N","359","\N"
"13806","1442","648","\N","\N","39","\N"
"13808","1442","1127","\N","\N","44-69","\N"
"13810","1442","4016","\N","\N","75f","\N"
"13812","1442","2235","\N","\N","86 - 88","\N"
"13814","1442","9684","\N","\N","112-113","\N"
"13816","1442","3133","\N","\N","114-116","\N"
"13818","1442","3296","\N","\N","116f","\N"
"13820","1442","4343","\N","\N","129 - 167","\N"
"13822","1442","4532","\N","\N","167 - 194","\N"
"13824","1442","4646","\N","\N","195f","\N"
"13826","1442","4988","\N","\N","198-209","\N"
"13828","1442","5048","\N","\N","209-210","\N"
"13830","1442","5180","\N","\N","210f","\N"
"13832","1442","5829","\N","\N","213f","\N"
"13834","1442","11723","\N","\N","218-220","\N"
"13836","1442","6969","\N","\N","231","\N"
"13838","1442","8121","\N","\N","240","\N"
"13840","1442","8787","\N","\N","249f","\N"
"13842","1442","8789","\N","\N","249 - 264","\N"
"13844","1444","5430","\N","staple","97, 110","\N"
"13846","1446","5430","\N","staple","consulted 14 August 2020","\N"
"13848","1442","576","\N","\N","273","\N"
"13850","1442","3460","\N","\N","276 - 278","\N"
"13852","1442","1396","\N","\N","286f","\N"
"13854","1442","1952","\N","\N","288 - 290","\N"
"13856","1442","2160","\N","fairs","292","\N"
"13858","1442","2635","\N","\N","297","\N"
"13860","216","10330","\N","\N","plaatsnaam: Wijk bij Duurstede (consulted 08 July 2020)","\N"
"13862","1448","10330","\N","\N","7","\N"
"13864","1442","3109","\N","\N","302 - 304","\N"
"13866","1442","3121","\N","\N","304-305","\N"
"13870","216","11846","\N","\N","plaatsnaam: Vianen (consulted at 08 July 2020)","\N"
"13872","942","11846","\N","\N","Vianen (Utrecht)","\N"
"13874","1442","3805","\N","\N","331-332","\N"
"13876","1442","9578","\N","\N","332-333","\N"
"13878","1442","5830","\N","\N","347-348","\N"
"13880","1442","5834","\N","\N","349 - 352","\N"
"13882","1442","6479","\N","\N","356 - 358","\N"
"13884","1442","6811","\N","\N","367f","\N"
"13886","1442","8018","\N","\N","387f","\N"
"13888","1442","8603","\N","\N","390","\N"
"13890","1442","8658","\N","\N","391 - 394","\N"
"13892","1442","8762","\N","\N","395","\N"
"13894","216","5045","\N","\N","plaatsnaam: Montfoort (consulted at 08 July 2020)","\N"
"13896","942","5045","\N","\N","Montfoort","\N"
"14182","1370","4581","\N","\N","268","\N"
"13682","1426","10109","\N","\N","10-12","\N"
"13692","1426","9363","\N","\N","77","\N"
"13680","1426","345","\N","\N","5-6","\N"
"13756","1434","1377","\N","\N","19-73","\N"
"13744","1430","8519","\N","\N","407-408","\N"
"34914","4041","\N","\N","names","292","30187"
"13712","1428","4974","\N","\N","115-117","\N"
"13898","216","3300","\N","\N","plaatsnaam: IJsselstein (consulted at 08 July 2020)","\N"
"13900","942","3300","\N","\N","IJsselstein","\N"
"13902","216","1118","\N","\N","plaatsnaam: Bunschoten (consulted at 08 July 2020)","\N"
"13904","942","1118","\N","\N","Bunschoten","\N"
"13906","1450","8406","\N","\N","242-244","\N"
"13908","1452","336","\N","\N","19 - 21","\N"
"13910","1452","601","\N","\N","21 - 24","\N"
"13912","1452","2824","\N","\N","46-50","\N"
"13914","1452","3198","\N","\N","52-53","\N"
"13916","1452","4713","\N","\N","80","\N"
"13918","1452","6818","\N","\N","129 - 131","\N"
"13920","1452","7453","\N","\N","133-141","\N"
"13922","1452","7491","\N","\N","141 - 144","\N"
"13924","1452","8261","\N","\N","148 - 150","\N"
"13926","1452","8792","\N","\N","157 - 160","\N"
"13928","1454","322","\N","\N","5","\N"
"14160","1370","4591","\N","\N","267-268","\N"
"13952","1456","10067","\N","\N","23-25","\N"
"13954","1456","5262","\N","\N","28-29","\N"
"13956","1456","2857","\N","\N","31","\N"
"34915","4041","19910","\N","","292-293","\N"
"13974","942","244","\N","\N","Amersfoort","\N"
"13976","216","8091","\N","\N","plaatsnaam: Vreeland (consulted at 08 July 2020)","\N"
"13978","942","8091","\N","\N","Vreeland","\N"
"13980","942","362","\N","\N","Baarn","\N"
"13982","1458","11850","\N","\N"," &#60;a href=&#34;https://warttuerme.de/warttuerme/sachsen-anhalt/steinholzwarte/&#34;&#62;entry Steinholzwarte&#60;/a&#62;, last modified Feb. 2019","\N"
"13984","1458","11851","\N","\N"," &#60;a href=&#34;https://warttuerme.de/warttuerme/sachsen-anhalt/seweckenwarte/&#34;&#62;entry Seweckenwarte&#60;/a&#62;, last modified Feb. 2019","\N"
"13986","1458","11852","\N","\N"," &#60;a href=&#34;https://warttuerme.de/warttuerme/sachsen-anhalt/neue-turmwarte/&#34;&#62;entry Neue Turmwarte&#60;/a&#62;, last modified Feb. 2019","\N"
"13988","1458","11853","\N","\N"," &#60;a href=&#34;https://warttuerme.de/warttuerme/sachsen-anhalt/horstbergwarte/&#34;&#62;entry Horstbergwarte&#60;/a&#62;, last modified Feb. 2019","\N"
"13990","1458","11854","\N","\N"," &#60;a href=&#34;https://warttuerme.de/warttuerme/sachsen-anhalt/austbergwarte/&#34;&#62;entry Austbergwarte&#60;/a&#62;, last modified Feb. 2019","\N"
"13992","1458","11855","\N","\N"," &#60;a href=&#34;https://warttuerme.de/warttuerme/sachsen-anhalt/sargstedter-warte/&#34;&#62;entry Sargstedter Warte&#60;/a&#62;, last modified Feb. 2019","\N"
"13994","1458","7491","\N","\N"," &#60;a href=&#34;https://warttuerme.de/warttuerme/sachsen-anhalt/schachturm-stroebeck/&#34;&#62;entry Schachturm Ströbeck&#60;/a&#62;, last modified Feb. 2019","\N"
"13996","1458","2906","\N","\N"," &#60;a href=&#34;https://warttuerme.de/warttuerme/sachsen-anhalt/heiketalwarte/&#34;&#62;entry Heiketalwarte&#60;/a&#62;, last modified Feb. 2019","\N"
"14014","1370","2026","\N","\N","1f","\N"
"14016","1370","227","\N","\N","5-6","\N"
"14018","1370","380","\N","\N","11","\N"
"14024","920","1947","\N","\N","529-530","\N"
"14028","216","5131","\N","\N","plaatsnaam: Naarden (consulted at 08 July 2020)","\N"
"14030","942","5131","\N","\N","Naarden","\N"
"14034","1370","494","\N","\N","14-15","\N"
"14036","1372","494","\N","fairs","28","\N"
"14040","1372","494","\N","\N","26-30","\N"
"14042","920","2024","\N","\N","285","\N"
"14046","1370","526","\N","\N","17-19","\N"
"14050","1372","526","\N","\N","36-40","\N"
"14052","1370","572","\N","\N","19f","\N"
"14054","1370","584","\N","\N","125-127","\N"
"14056","1370","1084","\N","\N","42","\N"
"14058","1370","1305","\N","\N","157f","\N"
"14060","1370","1392","\N","\N","161","\N"
"14062","1370","1475","\N","\N","161-162","\N"
"14064","1370","1553","\N","\N","163f","\N"
"14066","1370","1556","\N","\N","164","\N"
"14068","1370","1906","\N","\N","171","\N"
"14070","1370","2891","\N","\N","173","\N"
"14072","1370","2011","\N","\N","185f","\N"
"14074","1370","2057","\N","\N","193-194","\N"
"14076","1370","11856","\N","\N","194","\N"
"14078","216","5097","\N","\N","Plaatsnaam: Muiden (consulted at 08 July 2020)","\N"
"14080","942","5097","\N","\N","Muiden","\N"
"14082","1370","2107","\N","\N","195","\N"
"14084","1370","2286","\N","\N","199-200","\N"
"14086","1372","2286","\N","\N","209-212","\N"
"14088","1370","2290","\N","\N","200","\N"
"14090","1370","2591","\N","\N","205","\N"
"14098","1370","2754","\N","\N","215f","\N"
"14102","1370","2873","\N","\N","217-221","\N"
"14106","1370","3108","\N","\N","224-226","\N"
"14108","1370","2432","\N","\N","228-229","\N"
"14112","1370","3455","\N","\N","229-233","\N"
"14118","1372","3455","\N","fairs","253","\N"
"14120","1372","3455","\N","\N","251-256","\N"
"14134","1370","4145","\N","\N","248","\N"
"14136","1370","4440","\N","\N","264","\N"
"14140","1370","4461","\N","\N","266","\N"
"14150","920","1475","\N","\N","522-523","\N"
"14154","1370","4472","\N","\N","266-267","\N"
"14156","1370","4486","\N","\N","267","\N"
"14162","216","8243","\N","\N","plaatsnaam: Weesp (consulted at 08 July 2020)","\N"
"14164","942","8243","\N","\N","Weesp","\N"
"14166","216","2717","\N","\N","plaatsnaam: Haarlem (consulted at 08 July 2020)","\N"
"14168","942","2717","\N","\N","Haarlem","\N"
"14170","216","6173","\N","\N","plaatsnaam: Purmerend (consulted at 08 July 2020)","\N"
"14172","942","6173","\N","\N","Purmerend","\N"
"14174","216","3196","\N","\N","plaatsnaam: Hoorn (consulted at 08 July 2020)","\N"
"14176","942","3196","\N","\N","Hoorn","\N"
"14178","216","1811","\N","\N","plaatsnaam: Enkhuizen (consulted at 08 July 2020)","\N"
"14180","942","1811","\N","\N","Enkhuizen","\N"
"13970","3627","10530","\N","\N","879","\N"
"14186","818","2824","\N","\N","12","\N"
"14188","818","140","\N","\N","6-8","\N"
"14190","1432","2906","\N","\N","21","\N"
"14192","818","2906","\N","\N","159f","\N"
"14194","818","11855","\N","\N","336","\N"
"14196","818","11851","\N","\N","344","\N"
"14198","818","11852","\N","\N","263-264","\N"
"14200","818","11853","\N","\N","187-188","\N"
"14202","818","11854","\N","\N","36","\N"
"14204","216","11858","\N","\N","plaatsnaam: Monnickendam (consulted at 08 July 2020)","\N"
"14206","942","11858","\N","\N","Monnickendam","\N"
"14208","216","11859","\N","\N","plaatsnaam: Zaandam (consulted at 08 July 2020)","\N"
"14210","942","11859","\N","\N","Zaandam","\N"
"14212","216","11860","\N","\N","plaatsnaam: Beverwijk (consulted at 08 July 2020)","\N"
"14214","942","11860","\N","\N","Beverwijk","\N"
"14216","942","11860","\N","\N","Sint Aagtendorp","\N"
"14218","1462","2094","\N","\N","122","\N"
"14220","1462","3487","\N","\N","122","\N"
"14222","1462","7601","\N","\N","122","\N"
"14224","1462","5724","\N","\N","122","\N"
"14226","216","11861","\N","\N","plaatsnaam: Edam (consulted at 08 July 2020)","\N"
"14228","942","11861","\N","\N","Edam","\N"
"14230","1464","6860","\N","\N","84","\N"
"14232","1370","4626","\N","\N","271-273","\N"
"14234","1372","4626","\N","fairs","306","\N"
"14236","1372","4626","\N","\N","303-309","\N"
"14238","1370","4599","\N","\N","274-275","\N"
"14240","1370","4774","\N","\N","276-277","\N"
"14242","1370","4878","\N","\N","279-280","\N"
"14244","1370","4914","\N","\N","280-281","\N"
"14246","216","11862","\N","\N","plaatsnaam: Alkmaar (consulted at 08 July 2020)","\N"
"14248","942","11862","\N","\N","Alkmaar","\N"
"14250","216","11870","\N","\N","plaatsnaam: Medemblik (consulted at 08 July 2020)","\N"
"14252","942","11870","\N","\N","Medemblik","\N"
"14272","1370","4975","\N","\N","281f","\N"
"14288","1370","11874","\N","\N","287f","\N"
"14290","1370","5213","\N","\N","290-291","\N"
"14292","1370","5281","\N","\N","293","\N"
"14294","1370","5322","\N","\N","298-290","\N"
"14296","1370","5356","\N","\N","298","\N"
"14298","1370","5851","\N","\N","306","\N"
"14300","1370","5851","\N","tolls","306","\N"
"14302","1370","5356","\N","tolls","298","\N"
"14304","1370","5967","\N","\N","311f","\N"
"14306","1370","6104","\N","\N","320-325","\N"
"14308","1370","6122","\N","\N","327-328","\N"
"14314","1370","11875","\N","tolls","314","\N"
"14316","1370","11877","\N","\N","314","\N"
"14318","1370","11875","\N","\N","313-319","\N"
"14320","1370","6135","\N","\N","329","\N"
"14322","1370","6202","\N","\N","331","\N"
"14324","216","7654","\N","\N","plaatsnaam: Eembrugge (consulted 08 July 2020)","\N"
"14326","942","7654","\N","\N","Eembrugge","\N"
"14328","1466","7654","\N","\N","\N","\N"
"14334","1370","6243","\N","\N","332f","\N"
"14348","1370","6353","\N","\N","336","\N"
"14350","1370","6382","\N","\N","336f","\N"
"14352","1370","9496","\N","\N","340","\N"
"14356","1370","6668","\N","\N","344-345","\N"
"14360","1370","7010","\N","tolls","351","\N"
"14362","1370","7010","\N","\N","351-353","\N"
"14368","1370","7055","\N","\N","355-356","\N"
"14370","1370","7264","\N","\N","358","\N"
"14372","1370","7312","\N","\N","361-362","\N"
"14380","1370","7475","\N","\N","369f","\N"
"14388","1370","7642","\N","\N","374","\N"
"14392","1370","7674","\N","\N","376-377","\N"
"14396","1370","7782","\N","\N","378f","\N"
"14408","1370","7783","\N","\N","379-380","\N"
"14452","66","2768","\N","\N","211, 339","\N"
"14476","1468","11149","\N","\N","197","\N"
"14478","1468","11408","\N","\N","196-197","\N"
"14486","1370","8586","\N","\N","396","\N"
"14488","1370","8661","\N","\N","400","\N"
"14490","1370","3823","\N","\N","405-407","\N"
"14492","800","296","\N","staple","267","\N"
"14496","1472","10955","\N","\N","171","\N"
"14498","1472","11408","\N","\N","171","\N"
"14500","1472","296","\N","tolls","171","\N"
"14502","1472","490","\N","tolls","171","\N"
"14504","1472","272","\N","tolls","171","\N"
"14506","1472","296","\N","fairs","171-175","\N"
"14508","1474","5949","\N","tolls","200","\N"
"14512","1474","11437","\N","tolls","201","\N"
"14516","1474","11438","\N","tolls","202","\N"
"14520","1474","11435","\N","\N","203","\N"
"14522","1466","11882","\N","\N","(consulted 25 August 2020)","\N"
"14524","216","1796","\N","\N","Plaatsnaam: Eemnes (-Buitendijks) (consulted 26 June 2019)","\N"
"14526","1476","1796","\N","\N","(consulted 26 August 2020)","\N"
"14528","942","1796","\N","\N","Eemnes","\N"
"14530","942","1795","\N","\N","Eemnes","\N"
"14532","1476","1795","\N","\N","(consulted 26 August 2020)","\N"
"14534","216","1795","\N","\N","Plaatsnaam: Eemnes-Binnendijks(consulted 26 June 2019)","\N"
"14536","1372","2026","\N","tolls","LIV","\N"
"14538","1372","1904","\N","\N","LV","\N"
"14540","1372","2325","\N","\N","LVIf","\N"
"14542","1372","2290","\N","tolls","LVII","\N"
"14544","1372","2290","\N","\N","LVII","\N"
"14546","1372","2384","\N","tolls","LVII","\N"
"14548","1372","2384","\N","fairs","LVII","\N"
"14550","1372","2384","\N","\N","LVII","\N"
"14554","1372","5356","\N","fairs","LIX","\N"
"14556","1372","5356","\N","\N","LIX","\N"
"14558","1372","6668","\N","tolls","LX","\N"
"14330","1370","6207","\N","\N","331-332","\N"
"14560","1372","1906","\N","\N","143-146","\N"
"14562","1372","4975","\N","tolls","336","\N"
"14564","1372","4975","\N","fairs","338","\N"
"14566","1372","4975","\N","\N","Art. Mittenwalde, 336 - 340","\N"
"14568","1370","5160","\N","fairs","286","\N"
"14570","1372","5160","\N","fairs","359","\N"
"14572","1372","5281","\N","\N","360","\N"
"14574","1372","5160","\N","tolls","360","\N"
"14576","1372","5160","\N","\N","Art. Nauen, 357 - 362","\N"
"14578","1372","5387","\N","tolls","376","\N"
"14580","1372","5387","\N","\N","374-377","\N"
"14582","1372","11877","\N","\N","400","\N"
"14584","1372","11875","\N","tolls","406","\N"
"14586","1372","11875","\N","\N","400-414","\N"
"14588","1372","11755","\N","tolls","443","\N"
"14590","1372","6271","\N","tolls","443","\N"
"14592","1372","7783","\N","tolls","514-516","\N"
"14594","1372","7783","\N","\N","513-517","\N"
"14596","1372","8789","\N","fairs","571","\N"
"14598","1372","8789","\N","\N","Art. Ziesar, 569 - 574","\N"
"14600","1478","207","\N","\N","24 - 28","\N"
"14602","1478","295","\N","fairs","69","\N"
"14604","1478","295","\N","\N","67-75","\N"
"14606","1478","365","\N","\N","95 - 100","\N"
"14608","1478","470","\N","\N","128 - 131","\N"
"14610","1478","499","\N","\N","136 - 139","\N"
"14612","1478","503","\N","\N","143 - 152","\N"
"14614","1478","506","\N","\N","155-158","\N"
"14616","1478","535","\N","\N","173 - 177","\N"
"14618","1478","559","\N","\N","183 - 187","\N"
"14620","1478","604","\N","\N","197 - 201","\N"
"14622","1478","2468","\N","\N","205 - 208","\N"
"14624","1478","698","\N","\N","243 - 251","\N"
"14626","1478","11064","\N","\N","257-259","\N"
"14628","1478","764","\N","\N","266 - 269","\N"
"14630","1478","807","\N","\N","275 - 280","\N"
"14632","1478","812","\N","\N","281 - 284","\N"
"14634","1478","845","\N","\N","302","\N"
"14636","4","845","\N","\N","234","\N"
"14638","1478","870","\N","\N","305 - 309","\N"
"14640","1478","966","\N","\N","317-321","\N"
"14642","1478","11024","\N","\N","349-352","\N"
"14644","1478","373","\N","\N","365 - 368","\N"
"14646","1478","1103","\N","\N","368 - 372","\N"
"14648","1478","1114","\N","\N","375-379","\N"
"14650","1478","1145","\N","\N","400-402","\N"
"14652","1478","1222","\N","\N","430 - 433","\N"
"14654","1478","1307","\N","\N","456 - 459","\N"
"14656","1478","1364","\N","\N","489-492","\N"
"14658","1478","11650","\N","\N","492-493","\N"
"14660","216","11887","\N","\N","plaatsnaam: Schagen (consulted 08 July 2020)","\N"
"14662","942","11887","\N","\N","Schagen","\N"
"14664","216","11888","\N","\N","plaatsnaam: Winkel (consulted 08 July 2020)","\N"
"14666","942","11888","\N","\N","Winkel (Noord-Holland)","\N"
"14668","216","11889","\N","\N","plaatsnaam: Burghorn (consulted 08 July 2020)","\N"
"14670","216","11890","\N","\N","plaatsnaam: Texel (consulted 08 July 2020)","\N"
"14672","942","11890","\N","\N","Texel","\N"
"14674","216","11891","\N","\N","plaatsnaam: Wieringen (consulted 08 July 2020)","\N"
"14676","942","11891","\N","\N","Wieringen","\N"
"14678","216","11892","\N","\N","plaatsnaam: Noordwijk (consulted 08 July 2020)","\N"
"14680","942","11892","\N","\N","Noordwijk (Zuid-Holland)","\N"
"14688","1478","1395","\N","\N","500 - 503","\N"
"14690","1478","1434","\N","\N","517 - 522","\N"
"14692","1478","1727","\N","\N","593 - 598","\N"
"14694","1478","2486","\N","\N","609 - 613","\N"
"14696","1478","3713","\N","\N","628 - 631","\N"
"14698","1478","1847","\N","\N","631 - 640","\N"
"14700","1478","1848","\N","\N","640 - 646","\N"
"14702","1478","1871","\N","\N","649 - 653","\N"
"14704","1478","1874","\N","\N","653 - 657","\N"
"14706","1478","9506","\N","\N","660-661","\N"
"14708","1478","1952","\N","\N","681 - 684","\N"
"14710","1478","2094","\N","fairs","716","\N"
"14712","1478","2094","\N","\N","713-730","\N"
"14714","1478","2193","\N","\N","772-777","\N"
"14716","1478","2278","\N","\N","811 - 814","\N"
"14718","1478","2703","\N","\N","859-864","\N"
"14720","1478","2779","\N","\N","868 - 872","\N"
"14722","1478","2845","\N","\N","872-875","\N"
"14724","216","4329","\N","\N","plaatsnaam: Leiden (consulted 08 July 2020)","\N"
"14726","942","4329","\N","\N","Leiden","\N"
"14728","1478","2738","\N","\N","877 - 879","\N"
"14730","1478","2849","\N","\N","893 - 896","\N"
"14732","1478","3067","\N","tolls","949","\N"
"14734","1478","3067","\N","\N","948 - 953","\N"
"14736","1478","3220","\N","\N","957 - 961","\N"
"14738","216","2712","\N","\N","plaatsnaam: &#39;s-Gravenhage (consulted 08 July 2020)","\N"
"14740","942","2712","\N","\N","&#39;s-Gravenhage","\N"
"14742","216","1374","\N","\N","plaatsnaam: Delft (consulted 08 July 2020)","\N"
"14744","942","1374","\N","\N","Delft","\N"
"14746","1296","3173","\N","\N"," &#60;a href=&#34;https://hov.isgv.de/Holzhausen_(1)&#34;&#62;Art. Holzhausen (1)&#60;/a&#62;","\N"
"14748","1300","3173","\N","\N","438","\N"
"14750","1478","3276","\N","\N","1002-1006","\N"
"14752","1478","3290","\N","\N","1006-1013","\N"
"14754","1478","3310","\N","\N","1013-1018","\N"
"14758","1478","3330","\N","\N","1033 - 1036","\N"
"14760","1478","3380","\N","\N","1050 - 1055","\N"
"14762","1478","3405","\N","\N","1063 - 1068","\N"
"14764","1478","3407","\N","\N","1068 - 1071","\N"
"14766","1478","3440","\N","\N","1089 - 1093","\N"
"14768","216","4697","\N","\N","plaatsnaam: Maassluis (consulted 08 July 2020)","\N"
"14770","942","4697","\N","\N","Maassluis","\N"
"14772","1478","3487","\N","\N","1117 -1128","\N"
"14774","1478","3626","\N","\N","1168 - 1173","\N"
"14776","1478","3629","\N","\N","1173 - 1176","\N"
"14778","942","991","\N","\N","Brielle","\N"
"14780","1478","3829","\N","\N","1204-1212","\N"
"14782","216","8041","\N","\N","plaatsnam: Vlaardingen (consulted 08 July 2020)","\N"
"14784","942","8041","\N","\N","Vlaardingen","\N"
"14786","1478","11063","\N","\N","1212 - 1215","\N"
"14788","216","6840","\N","\N","plaatsnaam: Schiedam (consulted 08 July 2020)","\N"
"14790","942","6840","\N","\N","Schiedam","\N"
"14792","216","6562","\N","\N","plaatsnaam: Rotterdam (consulted 08 July 2020)","\N"
"14794","942","6562","\N","\N","Rotterdam","\N"
"14798","216","1521","\N","\N","plaatsnaam: Dordrecht (consulted 08 July 2020)","\N"
"14800","942","1521","\N","\N","Dordrecht","\N"
"14802","992","11894","\N","\N","804","\N"
"14806","992","7405","\N","staple","824","\N"
"14808","216","2305","\N","\N","plaatsnaam: Gorinchem (consulted 08 July 2020)","\N"
"14810","942","2305","\N","\N","Gorinchem","\N"
"14812","992","6712","\N","fairs","827","\N"
"14814","216","10884","\N","\N","plaatsnaam: Ammerstol (consulted 08 July 2020)","\N"
"14816","942","10884","\N","\N","Ammerstol","\N"
"14818","216","6963","\N","\N","plaatsnaam: Schoonhoven (consulted 08 July 2020)","\N"
"14820","942","6963","\N","\N","Schoonhoven","\N"
"14824","216","2352","\N","\N","plaatsnaam: Gouda (consulted 08 July 2020)","\N"
"14826","1865","2352","\N","\N","Gouda 116, 117","\N"
"14828","216","11895","\N","\N","plaatsnaam: Haastrecht (consulted 08 July 2020)","\N"
"14830","942","11895","\N","\N","Haastrecht","\N"
"14832","216","11896","\N","\N","plaatsnaam: &#39;s-Gravenzande (consulted 08 July 2020)","\N"
"14834","942","11896","\N","\N","&#39;s-Gravenzande","\N"
"14840","992","2094","\N","tolls","860","\N"
"14842","992","3487","\N","tolls","860","\N"
"14846","992","2779","\N","\N","909","\N"
"14848","992","7450","\N","\N","909","\N"
"14850","992","1307","\N","\N","909","\N"
"14852","992","207","\N","\N","909","\N"
"14866","1480","6824","\N","\N","1929 - 1931","\N"
"14868","1480","11052","\N","\N","1986-1987","\N"
"14874","1480","7763","\N","\N","2232-2237","\N"
"14876","1480","8127","\N","\N","2334 - 2338","\N"
"14880","1480","2534","\N","\N","1504 - 1509","\N"
"14882","1480","6836","\N","\N","1949 - 1954","\N"
"14884","1480","7450","\N","\N","2179 - 2183","\N"
"14886","1480","2563","\N","\N","2038 - 2047","\N"
"14888","1480","6933","\N","\N","1993-1996","\N"
"14890","1480","5021","\N","\N","1493 - 1498","\N"
"14892","1480","4904","\N","\N","1467 - 1471","\N"
"14894","1480","5965","\N","\N","1667 - 1671","\N"
"14896","1480","4640","\N","\N","1413 - 1416","\N"
"14898","1480","4473","\N","\N","1370 - 1374","\N"
"14900","1480","6951","\N","\N","2001-2007","\N"
"14904","1480","2655","\N","\N","2507 - 2510","\N"
"14906","1480","7600","\N","\N","2190 - 2193","\N"
"14912","1480","4865","\N","\N","1457 - 1460","\N"
"14914","1480","6492","\N","\N","1814 - 1818","\N"
"14916","1480","5248","\N","\N","1550 - 1553","\N"
"14920","1480","7918","\N","\N","2265 - 2271","\N"
"14922","1480","7247","\N","\N","2090 - 2094","\N"
"14926","1480","11813","\N","\N","1559 - 1563","\N"
"14928","1480","8417","\N","\N","2439 - 2442","\N"
"14930","1482","206","\N","\N","10 - 12","\N"
"14932","1482","1483","\N","\N","41-44","\N"
"14936","216","11897","\N","\N","plaatsnaam: Goedereede (consulted 08 July 2020)","\N"
"14938","942","11897","\N","\N","Goedereede","\N"
"14940","216","11898","\N","\N","plaatsnaam: Heenvliet (consulted 08 July 2020)","\N"
"14942","942","11898","\N","\N","Heenvliet","\N"
"14944","1482","1688","\N","\N","67f","\N"
"14946","1482","1936","\N","\N","70 - 72","\N"
"14948","216","11899","\N","\N","plaatsnaam: Geervliet (consulted 08 July 2020)","\N"
"14950","942","11899","\N","\N","Geervliet","\N"
"14952","1482","2736","\N","\N","77 - 97","\N"
"14954","1482","3742","\N","\N","115-116","\N"
"14956","216","11921","\N","\N","plaatsnaam: Delfshaven (consulted 08 July 2020)","\N"
"14958","942","11921","\N","\N","Delfshaven","\N"
"14960","1482","2542","\N","\N","119-122","\N"
"14962","1482","6359","\N","\N","124 - 126","\N"
"14964","1482","6875","\N","\N","132f","\N"
"14966","216","11904","\N","\N","plaatsnaam: Nieuwpoort (consulted 08 July 2020)","\N"
"14968","942","11904","\N","\N","Nieuwpoort (Zuid-Holland)","\N"
"14970","1482","8181","\N","fairs","157","\N"
"14972","1482","11584","\N","\N","169f","\N"
"14974","1482","8362","\N","\N","175 - 177","\N"
"14988","1486","2462","\N","\N","8-27","\N"
"14992","1486","429","\N","\N","36-42","\N"
"14994","1486","11064","\N","\N","43","\N"
"15000","1486","3847","\N","\N","46","\N"
"15002","216","11906","\N","\N","plaatsnaam: Leerdam (consulted 08 July 2020)","\N"
"15004","942","11906","\N","\N","Leerdam","\N"
"15006","1486","9597","\N","\N","50f","\N"
"14844","992","6712","\N","tolls","840-841, 861","\N"
"15016","1486","1659","\N","\N","52f","\N"
"15018","216","11922","\N","\N","plaatsnaam: Hagestein (consulted 08 July 2020)","\N"
"15020","942","11922","\N","\N","Hagestein","\N"
"15026","1486","1702","\N","\N","53 - 58","\N"
"15032","1486","1916","\N","\N","61-62","\N"
"15034","216","8903","\N","\N","plaatsnaam: Veere (consulted 08 July 2020)","\N"
"15036","942","8903","\N","\N","Veere","\N"
"15038","1486","3333","\N","\N","68","\N"
"15040","1486","5648","\N","\N","88 -90","\N"
"15042","1486","6480","\N","\N","91-97","\N"
"15044","216","8876","\N","\N","plaatsnaam: Middelburg (consulted 08 July 2020)","\N"
"16458","1690","11938","\N","\N","\N","\N"
"15046","942","8876","\N","\N","Middelburg (Zeeland)","\N"
"15048","1486","8600","\N","tolls","112-113","\N"
"15050","1486","8600","\N","\N","110-126","\N"
"15054","216","8901","\N","\N","plaatsnaam: Vlissingen (consulted 08 July 2020)","\N"
"15056","942","8901","\N","\N","Vlissingen","\N"
"15070","1492","6730","\N","\N","9","\N"
"15074","340","5631","\N","\N","363-364","\N"
"15076","1490","2143","\N","\N","57 - 60","\N"
"15080","1490","59","\N","fairs","100","\N"
"15082","1492","11934","\N","\N","14","\N"
"15084","1490","62","\N","\N","230-232","\N"
"15092","1490","57","\N","\N","324-328","\N"
"15098","1494","7807","\N","tolls","10-11","\N"
"15100","1494","579","\N","tolls","24","\N"
"15102","1494","11005","\N","tolls","29f","\N"
"15106","1494","11856","\N","tolls","29-30","\N"
"15108","216","11912","\N","\N","plaatsnaam: Westkapelle (consulted 08 July 2020)","\N"
"15110","942","11912","\N","\N","Westkapelle","\N"
"15112","216","11916","\N","\N","plaatsnaam: Brouwershaven (consulted 08 July 2020)","\N"
"15114","942","11916","\N","\N","Brouwershaven","\N"
"15116","216","11915","\N","\N","plaatsnaam: Zierikzee (consulted 08 July 2020)","\N"
"15118","942","11915","\N","\N","Zierikzee","\N"
"15120","216","11914","\N","\N","plaatsnaam: Sint Maartensdijk (consulted 08 July 2020)","\N"
"15122","216","11908","\N","\N","plaatsnaam: Tholen (consulted 08 July 2020)","\N"
"15124","942","11908","\N","\N","Tholen (Tholen, Zl)","\N"
"15126","216","11909","\N","\N","plaatsnaam: Reimerswaal (consulted 08 July 2020)","\N"
"15128","942","11909","\N","\N","Reimerswaal","\N"
"15140","216","11956","\N","\N","plaatsnaam: Kortgene (consulted 08 July 2020)","\N"
"15142","942","11956","\N","\N","Kortgene","\N"
"15144","216","11913","\N","\N","plaatsnaam: Goes (consulted 08 July 2020)","\N"
"15146","942","11913","\N","\N","Goes","\N"
"15148","216","11957","\N","\N","plaatsnaam: Domburg (consulted 08 July 2020)","\N"
"15150","942","11957","\N","\N","Domburg","\N"
"15164","216","11958","\N","\N","plaatsnaam: Arnemuiden (consulted 08 July 2020)","\N"
"15166","942","11958","\N","\N","Arnemuiden","\N"
"15168","216","11923","\N","\N","plaatsnaam: Sint Anna ter Muiden (consulted 08 July 2020)","\N"
"15170","216","7206","\N","\N","plaatsnaam: Sluis (consulted 08 July 2020)","\N"
"15172","942","7206","\N","\N","Sluis (Zeeland)","\N"
"15174","216","11671","\N","\N","plaatsnaam: Aardenburg (consulted 08 July 2020)","\N"
"15176","942","11671","\N","\N","Aardenburg (Zeeland)","\N"
"15178","216","11911","\N","\N","plaatsnaam: Oostburg (consulted 08 July 2020)","\N"
"15180","942","11911","\N","\N","Oostburg","\N"
"15182","1494","7010","\N","tolls","65","\N"
"15184","1494","8016","\N","tolls","65","\N"
"15186","1494","7674","\N","tolls","65","\N"
"15188","1494","4774","\N","tolls","65","\N"
"15194","1496","3112","\N","fairs","307-308","\N"
"15196","1496","3112","\N","\N","\N","\N"
"15200","1494","10351","\N","tolls","69","\N"
"15202","1494","5971","\N","tolls","69","\N"
"15204","216","11939","\N","\N","plaatsnaam: Philippine (consulted 08 July 2020)","\N"
"15206","942","11939","\N","\N","Philippine","\N"
"15208","1498","10158","\N","\N","accessed 8-9-2020","\N"
"15212","1502","10828","\N","\N","\N","\N"
"15214","1504","10830","\N","\N","accessed 8-9-2020","\N"
"15216","1506","10830","\N","\N","2","\N"
"15218","216","11938","\N","\N","plaatsnaam: Sas van Gent (consulted 08 July 2020)","\N"
"15220","942","11938","\N","\N","Sas van Gent","\N"
"15224","216","11936","\N","\N","plaatsnaam: Terneuzen (consulted 08 July 2020)","\N"
"15226","942","11936","\N","\N","Terneuzen","\N"
"15228","216","11937","\N","\N","plaatsnaam: Axel (consulted 08 July 2020)","\N"
"15230","942","11937","\N","\N","Axel","\N"
"15232","216","11910","\N","\N","300","\N"
"15234","942","11910","\N","\N","Hulst (Zeeland)","\N"
"15236","340","8486","\N","\N","497-498","\N"
"15238","340","10827","\N","\N","233-234","\N"
"15240","1508","7753","\N","\N","7","\N"
"15242","1494","4705","\N","staple","94-107","\N"
"15244","340","94","\N","\N","3","\N"
"15246","772","94","\N","\N","1:84","\N"
"15250","1510","1242","\N","tolls","\N","\N"
"15254","1510","8763","\N","fairs","275","\N"
"15260","1510","1467","\N","fairs","275","\N"
"15264","38","7321","\N","\N","592","\N"
"15266","942","565","\N","\N","Bergen op Zoom","\N"
"15268","942","949","\N","\N","Breda","\N"
"15270","340","7321","\N","\N","432-435","\N"
"15272","216","6517","\N","\N","plaatsnaam: Roosendaal (consulted 08 July 2020)","\N"
"15274","216","11974","\N","\N","plaatsnaam: Steenbergen (consulted 08 July 2020)","\N"
"15276","942","11974","\N","\N","Steenbergen (Steenbergen, NB)","\N"
"15284","216","11976","\N","\N","plaatsnaam: Willemstad (consulted 08 July 2020)","\N"
"15286","942","11976","\N","\N","Willemstad (Noord-Brabant)","\N"
"15290","216","11917","\N","\N","plaatsnaam: Zevenbergen (consulted 08 July 2020)","\N"
"15078","1490","2144","\N","\N","61-63","\N"
"15086","1490","4056","\N","\N","255-258","\N"
"15066","1490","1139","\N","\N","33-35","\N"
"15090","1490","6630","\N","\N","312-317","\N"
"15248","1510","10532","\N","fairs","264","\N"
"15096","1490","8366","\N","\N","363-364","\N"
"15292","942","11917","\N","\N","Zevenbergen (Noord-Brabant, Moerdijk)","\N"
"15294","216","11977","\N","\N","plaatsnaam: Klundert (consulted 08 July 2020)","\N"
"15296","942","11977","\N","\N","Klundert","\N"
"15298","216","11978","\N","\N","plaatsnaam: Oosterhout (consulted 08 July 2020)","\N"
"15300","942","11978","\N","\N","Oosterhout (Noord-Brabant)","\N"
"20154","920","13795","\N","\N","471","\N"
"15302","216","2126","\N","\N","plaatsnaam: Geertruidenberg (consulted 08 July 2020)","\N"
"15304","942","2126","\N","\N","Geertruidenberg","\N"
"15306","216","11979","\N","\N","plaatsnaam: Waalwijk (consulted 08 July 2020)","\N"
"15308","942","11979","\N","\N","Waalwijk","\N"
"15310","216","11905","\N","\N","Woudrichem","\N"
"15312","942","11905","\N","\N","Woudrichem","\N"
"15314","216","3017","\N","\N","plaatsnaam: &#39;s-Hertogenbosch (consulted 08 July 2020)","\N"
"15316","942","3017","\N","\N","&#39;s-Hertogenbosch","\N"
"15318","216","11980","\N","\N","plaatsnaam: Oss (consulted 08 July 2020)","\N"
"15320","942","11980","\N","\N","Oss","\N"
"15326","216","11981","\N","\N","plaatsnaam: Megen (consulted 08 July 2020)","\N"
"15328","942","11981","\N","\N","Megen","\N"
"15334","216","11983","\N","\N","plaatsnaam: Ravenstein (consulted 08 July 2020)","\N"
"15336","942","11983","\N","\N","Ravenstein","\N"
"15338","216","7719","\N","\N","plaatsnaam: Tilburg (consulted 08 July 2020)","\N"
"15340","942","7719","\N","\N","Tilburg","\N"
"15342","216","5615","\N","\N","plaatsnaam: Oisterwijk (consulted 08 July 2020)","\N"
"15344","942","5615","\N","\N","Oisterwijk","\N"
"15346","216","7152","\N","\N","plaatsnaam: Sint-Oedenrode (consulted 08 July 2020)","\N"
"15348","942","7152","\N","\N","Sint-Oedenrode","\N"
"15350","216","11918","\N","\N","plaatsnaam: Helmond (consulted 08 July 2020)","\N"
"15352","942","11918","\N","\N","Helmond","\N"
"15356","216","1728","\N","\N","plaatsnaam: Eindhoven (consulted 08 July 2020)","\N"
"15358","942","1728","\N","\N","Eindhoven","\N"
"15364","216","3634","\N","\N","plaatsnaam: Kessel (consulted 08 July 2020)","\N"
"15368","942","3634","\N","\N","Kessel (Limburg)","\N"
"15370","216","8242","\N","\N","plaatsnaam: Weert (consulted 08 July 2020)","\N"
"15372","942","8242","\N","\N","Weert (Limburg, Weert)","\N"
"15384","216","11984","\N","\N","plaatsnaam: Wessem (consulted 08 July 2020)","\N"
"15386","942","11984","\N","\N","Wessem","\N"
"15388","216","4479","\N","\N","plaatsnaam: Linne (consulted 08 July 2020)","\N"
"15390","942","4479","\N","\N","Linne","\N"
"15392","216","11077","\N","\N","plaatsnaam: Montfort (consulted 08 July 2020)","\N"
"15394","942","11077","\N","\N","Montfort","\N"
"15396","216","1668","\N","\N","plaatsnaam: Echt (consulted 08 July 2020)","\N"
"15398","942","1668","\N","\N","Echt","\N"
"15400","216","5421","\N","\N","plaatsnaam: Nieuwstadt (consulted 08 July 2020)","\N"
"15402","942","5421","\N","\N","Nieuwstadt","\N"
"15404","216","7555","\N","\N","plaatsnaam: Susteren (consulted 08 July 2020)","\N"
"15406","942","7555","\N","\N","Susteren","\N"
"15408","216","4698","\N","\N","plaatsnaam: Maastricht (consulted 08 July 2020)","\N"
"15410","942","4698","\N","\N","Maastricht","\N"
"15412","216","7957","\N","\N","plaatsnaam: Valkenburg (consulted 08 July 2020)","\N"
"15414","942","7957","\N","\N","Valkenburg (Limburg)","\N"
"15418","1472","11998","\N","\N","171","\N"
"15420","1512","9560","\N","\N","\N","\N"
"15422","822","6861","\N","tolls","2","\N"
"15426","216","11761","\N","\N","plaatsnaam: Berlikum (consulted 08 July 2020)","\N"
"15428","942","11761","\N","\N","Berlikum","\N"
"15430","942","10330","\N","\N","Dorestad","\N"
"15432","942","10330","\N","\N","Wijk bij Duurstede","\N"
"15434","1514","10612","\N","tolls","20","\N"
"15440","540","12015","\N","\N","9","\N"
"15442","1516","12015","\N","\N","140","\N"
"15444","1518","7390","\N","\N","20-22","\N"
"15446","1520","5592","\N","\N","13-14, 63, 65","\N"
"15448","1520","415","\N","\N","63-65","\N"
"15450","1522","4127","\N","\N","17","\N"
"15452","1522","2187","\N","\N","476","\N"
"15454","216","7944","\N","\N","plaatsnaam: Utrecht (consulted 08 July 2020)","\N"
"15456","942","7944","\N","\N","Utrecht","\N"
"15458","1524","579","\N","\N","\N","\N"
"15460","1524","11006","\N","\N","\N","\N"
"15462","1522","9022","\N","\N","485-486","\N"
"15464","1526","11056","\N","\N","37-40","\N"
"15466","1528","11056","\N","\N","104","\N"
"15468","1528","11055","\N","\N","90","\N"
"15470","1528","11057","\N","\N","82","\N"
"15472","1530","11053","\N","\N","30","\N"
"15474","216","11903","\N","\N","plaatsnaam: Woerden (consulted 08 July 2020)","\N"
"15476","942","11903","\N","\N","Woerden","\N"
"15478","1532","8691","\N","\N","94-97","\N"
"15480","1532","6917","\N","\N","94-106","\N"
"15482","1534","11889","\N","\N","(consulted 14 September 2020)","\N"
"15484","942","12017","\N","\N","Eijsden","\N"
"15486","1536","12017","\N","\N","62, 140, 143","\N"
"15488","1538","12017","\N","\N","19-21, 402-403, 405","\N"
"15492","1540","11922","\N","\N","244-246","\N"
"15494","1524","7281","\N","\N","152","\N"
"15496","1524","579","\N","staple","161","\N"
"15498","1494","11760","\N","tolls","29-30","\N"
"15500","1524","11759","\N","\N","166-167","\N"
"15502","1524","6668","\N","tolls","167","\N"
"15504","1524","579","\N","fairs","213","\N"
"15508","1544","692","\N","\N","Tafel 4","\N"
"15510","1544","12028","\N","\N","Tafel 4","\N"
"15512","1542","10547","\N","fairs","292","\N"
"15514","1546","6989","\N","\N","46","\N"
"15516","1546","1153","\N","\N","47","\N"
"15518","1546","7411","\N","\N","47-48","\N"
"15520","920","8505","\N","\N","344","\N"
"15522","1546","11825","\N","\N","49","\N"
"15524","1548","561","\N","\N","257","\N"
"15696","1554","10040","\N","\N","133-140","\N"
"15690","1554","12055","\N","\N","128-132","\N"
"15530","1544","11834","\N","\N","Tafel 8.5","\N"
"15532","1544","12031","\N","\N","Tafel 8.5","\N"
"15534","1544","11833","\N","\N","Tafel 8.5","\N"
"15536","1544","12032","\N","\N","Tafel 8.5","\N"
"15538","1544","12033","\N","\N","Tafel 8.5","\N"
"15678","1554","12054","\N","\N","112-113","\N"
"15542","1544","12035","\N","\N","Tafel 8.5","\N"
"15544","1544","12036","\N","\N","Tafel 8.5","\N"
"15546","1544","12037","\N","\N","Tafel 8.5","\N"
"15548","1544","12038","\N","\N","Tafel 8.5","\N"
"15550","1544","12039","\N","\N","Tafel 8.5","\N"
"15552","1544","12040","\N","\N","Tafel 8.5","\N"
"16186","586","12411","\N","\N","28-29","\N"
"15560","814","11053","\N","\N","\N","\N"
"15562","400","11053","\N","\N","1073-1083","\N"
"15564","1552","10092","\N","\N","12-18","\N"
"15566","1554","246","\N","\N","19","\N"
"15570","1554","12043","\N","\N","34","\N"
"15572","720","4895","\N","\N","179","\N"
"15574","1158","3646","\N","fairs","121-126","\N"
"15576","1556","3646","\N","fairs","59-64, 99","\N"
"15578","162","485","\N","\N","41","\N"
"15580","1558","12043","\N","\N","17","\N"
"15582","1560","10158","\N","\N","7-13","\N"
"15584","1562","10158","\N","\N","no. 433.VI.A","\N"
"15586","1562","10829","\N","\N","no. 565.I.A.8","\N"
"15590","1562","5522","\N","\N","no. 433.VI.A","\N"
"15592","1554","12044","\N","\N","38","\N"
"15594","1562","1890","\N","\N","no. 433","\N"
"15596","1562","4656","\N","\N","no. 351","\N"
"15598","1562","1592","\N","\N","no. 558","\N"
"15600","1562","3400","\N","\N","no. 351.F.11","\N"
"15602","1562","5254","\N","\N","no. 657","\N"
"15604","1562","7228","\N","\N","no. 372","\N"
"15606","1554","9980","\N","fairs","48","\N"
"15608","1562","6381","\N","\N","no. 116","\N"
"15610","1562","4601","\N","\N","no. 433","\N"
"15612","1562","10157","\N","\N","no. 181","\N"
"15614","1562","10155","\N","\N","no. 433","\N"
"15616","1562","10150","\N","\N","no. 433.II.J.6","\N"
"15618","1562","4645","\N","\N","no. 129","\N"
"15620","1562","10435","\N","\N","no. 433.VII.B.6","\N"
"15622","1562","10830","\N","\N","no. 433.VI.A","\N"
"15624","4","2817","\N","tolls","257n199","\N"
"15626","1554","2124","\N","\N","50","\N"
"15628","1554","7977","\N","\N","53","\N"
"15630","1562","871","\N","\N","no. 96","\N"
"15632","1564","8486","\N","\N","11-29","\N"
"15634","1554","10538","\N","fairs","56","\N"
"15636","1554","10538","\N","\N","56","\N"
"15638","1568","11637","\N","\N","190","\N"
"15640","36","11637","\N","\N","111-115","\N"
"15642","1566","9344","\N","\N","endpapers","\N"
"15644","1566","3580","\N","fairs","24","\N"
"15646","1570","6735","\N","\N","20, 27-28","\N"
"15648","1570","6277","\N","\N","17-26, 39-43","\N"
"15652","1570","10316","\N","tolls","82","\N"
"15656","1572","1486","\N","\N","12-13","\N"
"15658","1572","701","\N","\N","13","\N"
"15660","1574","1559","\N","\N","no. 871","\N"
"15662","1574","1005","\N","\N","no. 1084.XVIII.4.e","\N"
"15664","1576","5801","\N","fairs","339","\N"
"15666","1576","5801","\N","tolls","337-338, 346-348","\N"
"15668","1576","5801","\N","\N","12-52, 115-120, 240-260","\N"
"15670","1578","10668","\N","\N","18-36, 44-45","\N"
"15672","1554","11567","\N","\N","99","\N"
"15674","1554","10078","\N","\N","108 - 110","\N"
"15676","920","10668","\N","fairs","374","\N"
"15680","1580","5113","\N","\N","1-144","\N"
"15682","1554","11538","\N","\N","120","\N"
"15684","630","11810","\N","\N","629","\N"
"15686","394","11931","\N","\N","55","\N"
"15688","394","8124","\N","\N","77","\N"
"15692","682","11933","\N","\N","113","\N"
"15694","682","11934","\N","\N","244","\N"
"15698","540","12056","\N","\N","345-347","\N"
"15700","1554","12056","\N","\N","146","\N"
"15702","1554","1172","\N","\N","162-167","\N"
"15708","1582","12058","\N","\N","147-148","\N"
"15710","1582","12059","\N","\N","147-149","\N"
"15712","1582","12060","\N","\N","142-149, Tafel 15","\N"
"15714","1582","12020","\N","\N","149","\N"
"15716","4","12060","\N","\N","426","\N"
"15720","1582","12063","\N","\N","143","\N"
"15722","1582","5304","\N","\N","1-41","\N"
"15724","38","5304","\N","\N","440","\N"
"15726","1582","5304","\N","tolls","5-6, 152-174","\N"
"15728","1582","5304","\N","fairs","78","\N"
"15730","1584","2740","\N","\N","66-67","\N"
"15732","1586","4502","\N","fairs","211","\N"
"15734","1586","4502","\N","tolls","216","\N"
"15736","1588","9806","\N","\N","23-24","\N"
"15738","1588","4502","\N","\N","\N","\N"
"15740","4","3159","\N","tolls","446-447","\N"
"15742","1590","9980","\N","fairs","14","\N"
"15744","1590","9980","\N","tolls","23, 28","\N"
"15746","1590","9980","\N","\N","\N","\N"
"15750","768","3677","\N","tolls","102","\N"
"15752","1592","11916","\N","staple","232","\N"
"15754","1592","11916","\N","\N","\N","\N"
"15758","1594","500","\N","staple","318","\N"
"15760","1594","7782","\N","tolls","318","\N"
"15764","1596","8974","\N","tolls","Nr. 1","\N"
"15766","1598","8974","\N","tolls","133","\N"
"15768","1598","2493","\N","tolls","133","\N"
"15770","1600","2493","\N","tolls","1","\N"
"15772","1600","1538","\N","tolls","1, 25","\N"
"15774","1600","2880","\N","tolls","1, 25","\N"
"15776","1602","2880","\N","tolls","12, 17","\N"
"15778","1600","8136","\N","tolls","1, 25","\N"
"15780","1600","2840","\N","tolls","25","\N"
"15782","1604","2840","\N","tolls","98-123","\N"
"15784","1600","318","\N","tolls","25","\N"
"15786","1602","318","\N","tolls","4-14, 17","\N"
"15788","1602","11931","\N","tolls","17","\N"
"15790","1602","6392","\N","tolls","\N","\N"
"15792","1604","6392","\N","tolls","77-88","\N"
"15794","1606","6398","\N","\N","28-31","\N"
"15798","1606","6398","\N","fairs","64","\N"
"15802","1608","1403","\N","fairs","\N","\N"
"15804","1608","1403","\N","tolls","\N","\N"
"15806","1608","7419","\N","tolls","\N","\N"
"15808","1608","351","\N","tolls","\N","\N"
"15812","1302","222","\N","\N","54","\N"
"15814","1610","6392","\N","tolls","\N","\N"
"15816","1612","4310","\N","tolls","\N","\N"
"15818","1296","3113","\N","\N"," &#60;a href=&#34;https://hov.isgv.de/Hohenheida&#34;&#62;Art. Hohenheida&#60;/a&#62;","\N"
"15820","1300","3113","\N","\N","399","\N"
"15822","1296","12093","\N","\N"," &#60;a href=&#34;https://hov.isgv.de/Merkwitz_(3)&#34;&#62;Art. Merkwitz&#60;/a&#62;","\N"
"15824","1302","12093","\N","\N","29","\N"
"15826","1614","9780","\N","tolls","\N","\N"
"15828","1616","5453","\N","tolls","\N","\N"
"15830","1618","5453","\N","tolls","\N","\N"
"15832","1620","5453","\N","tolls","34, 64","\N"
"15834","1620","5453","\N","fairs","64-65","\N"
"15836","244","5453","\N","fairs","254","\N"
"15840","1624","11055","\N","\N","4-5","\N"
"15842","1626","4127","\N","\N","9","\N"
"15844","532","11046","\N","tolls","72","\N"
"15846","1628","7965","\N","\N","17-18","\N"
"15848","522","5766","\N","tolls","100-101","\N"
"15850","1630","5766","\N","tolls","\N","\N"
"15852","1632","5766","\N","tolls","\N","\N"
"15854","1634","11154","\N","tolls","\N","\N"
"15856","1636","7965","\N","tolls","\N","\N"
"15860","1638","12147","\N","\N","102-103, 125-126","\N"
"15862","518","12147","\N","\N","63-64","\N"
"15868","728","12147","\N","\N","1021","\N"
"15870","1632","4260","\N","tolls","\N","\N"
"15872","1640","8485","\N","tolls","\N","\N"
"15874","1640","2199","\N","tolls","\N","\N"
"15876","1640","562","\N","tolls","\N","\N"
"15878","1640","4622","\N","tolls","\N","\N"
"15880","1640","1330","\N","tolls","\N","\N"
"15882","1640","770","\N","tolls","\N","\N"
"15884","4","12176","\N","\N","469","\N"
"15886","4","12177","\N","\N","474","\N"
"15888","1642","7419","\N","tolls","\N","\N"
"15890","1642","9778","\N","tolls","\N","\N"
"15892","1642","4309","\N","tolls","\N","\N"
"15894","1642","11321","\N","tolls","\N","\N"
"15896","166","12186","\N","\N","308-309","\N"
"15898","814","12187","\N","\N","\N","\N"
"15900","400","12187","\N","\N","1059-1065","\N"
"15902","166","12193","\N","\N","257-258","\N"
"15904","964","8045","\N","tolls","no. 1388","\N"
"15906","162","12189","\N","\N","40","\N"
"15908","38","12189","\N","\N","49","\N"
"15910","166","12189","\N","\N","48","\N"
"15912","166","12188","\N","\N","87-88","\N"
"15914","988","11159","\N","\N","446","\N"
"15916","988","12195","\N","\N","164-165","\N"
"15918","988","12197","\N","\N","165-172, 270-271","\N"
"15920","988","12196","\N","\N","268-270","\N"
"15922","988","12198","\N","\N","272","\N"
"15924","988","12199","\N","\N","272","\N"
"15926","988","11160","\N","\N","272, 426","\N"
"15934","1582","6308","\N","tolls","160","\N"
"15936","942","6639","\N","\N","Ruurlo","\N"
"15938","1582","2429","\N","tolls","171-172","\N"
"15940","942","11123","\N","\N","Eibergen","\N"
"15942","720","12225","\N","\N","286","\N"
"15944","1644","12225","\N","\N","50","\N"
"15946","942","1389","\N","\N","Denekamp","\N"
"15948","1582","12229","\N","tolls","170-171","\N"
"15950","1582","12233","\N","tolls","171-172","\N"
"15952","942","4311","\N","\N","Leersum","\N"
"15954","942","521","\N","\N","Bellingwolde","\N"
"15956","942","8233","\N","\N","Wedde","\N"
"15958","942","6823","\N","\N","Scheemda","\N"
"15960","40","12235","\N","\N","171","\N"
"15962","36","12235","\N","\N","114-115","\N"
"15964","942","8839","\N","\N","Zuidbroek (Midden-Groningen, Gr)","\N"
"15966","942","5447","\N","\N","Noordbroek (Midden-Groningen, Gr)","\N"
"16188","652","12412","\N","\N","278f","\N"
"15972","942","7199","\N","\N","Slochteren (Midden-Groningen, Gr)","\N"
"15974","1648","8934","\N","\N","2","\N"
"15976","166","8934","\N","\N","487-488","\N"
"15978","942","5448","\N","\N","Noorddijk (Groningen, Gr)","\N"
"15980","574","6722","\N","\N","&#60;a href=&#34;https://www.lagis-hessen.de/de/subjects/idrec/sn/ol/id/2278&#34;&#62;Sandershausen, Landkreis Kassel&#60;/a&#62; (Stand: 2.7.2019)","\N"
"15982","1650","6722","\N","\N","419","\N"
"15984","574","613","\N","\N","&#60;a href=&#34;https://www.lagis-hessen.de/de/subjects/idrec/sn/ol/id/2441&#34;&#62;Bettenhausen, Stadt Kassel&#60;/a&#62; (Stand: 15.1.2020)","\N"
"15986","1650","613","\N","\N","42","\N"
"15988","942","7648","\N","\N","Ten Boer (Ten Boer, Gr)","\N"
"15990","942","2100","\N","\N","Garrelsweer (Loppersum, Gr)","\N"
"15992","942","4790","\N","\N","Marsum (Appingedam, Gr)","\N"
"15994","1652","4062","\N","\N","6","\N"
"15996","942","11919","\N","\N","Winsum (Gr.)","\N"
"15998","942","8840","\N","\N","Zuidhorn (Westerkwartier, Gr)","\N"
"16000","1654","11815","\N","\N","512-513","\N"
"16002","1654","11216","\N","\N","462-463","\N"
"16004","942","5449","\N","\N","Noordhorn (Westerkwartier, Gr)","\N"
"16006","942","5422","\N","\N","Niezijl (Westerkwartier, Gr)","\N"
"16008","1654","12250","\N","\N","431-432","\N"
"16010","942","2428","\N","\N","Grijpskerk (Westerkwartier, Gr)","\N"
"16012","942","8037","\N","\N","Visvliet (Westerkwartier, Gr)","\N"
"16014","942","6766","\N","\N","Sappemeer (Midden-Groningen, Gr)","\N"
"16016","1654","11803","\N","\N","425-426","\N"
"16020","1654","12251","\N","\N","332","\N"
"16026","1654","12256","\N","\N","217","\N"
"16028","340","4310","\N","\N","287-288","\N"
"16032","630","12187","\N","\N","362-363","\N"
"16034","1658","9456","\N","\N","96-97","\N"
"16036","1658","8937","\N","\N","44-49","\N"
"16038","1658","9354","\N","\N","42-43","\N"
"16040","1660","3258","\N","\N","37","\N"
"16042","1662","8045","\N","\N","1029-1031","\N"
"16044","1662","8924","\N","\N","861","\N"
"16048","1664","2643","\N","tolls","90","\N"
"16050","126","12184","\N","tolls","\N","\N"
"16052","964","12184","\N","tolls","no. 1388","\N"
"16054","1662","237","\N","\N","74-75","\N"
"16056","1662","12189","\N","\N","74","\N"
"16058","1662","12188","\N","\N","363-364","\N"
"16060","1666","12265","\N","tolls","nos. 3191-3196","\N"
"16062","126","12265","\N","tolls","\N","\N"
"16064","174","12265","\N","tolls","\N","\N"
"16066","1668","9780","\N","\N","\N","\N"
"16068","720","12267","\N","\N","122","\N"
"16070","720","12264","\N","\N","277","\N"
"16072","1670","755","\N","\N","\N","\N"
"16074","1672","1865","\N","\N","79-82","\N"
"16076","1672","1865","\N","fairs","79-80","\N"
"16078","1674","6966","\N","\N","\N","\N"
"16080","720","12278","\N","\N","303","\N"
"16086","4","2000","\N","\N","135-136","\N"
"16088","1662","2768","\N","\N","415","\N"
"16090","792","4860","\N","tolls","241","\N"
"16092","632","4860","\N","tolls","40","\N"
"16094","1662","6390","\N","\N","889-891","\N"
"16096","1646","11077","\N","\N","442","\N"
"16098","1676","11077","\N","\N","94-98","\N"
"16100","1480","4196","\N","\N","1305 - 1309","\N"
"16102","1480","4711","\N","\N","1424 - 1428","\N"
"16104","1480","4814","\N","\N","1442 - 1445","\N"
"16106","1480","9422","\N","\N","1543f","\N"
"16108","1480","5728","\N","\N","1613-1616","\N"
"16110","1480","6206","\N","\N","1737-1741","\N"
"16112","1480","6527","\N","\N","1819-1820","\N"
"16114","1480","6659","\N","\N","1841-1844","\N"
"16116","1480","202","\N","\N","1887 - 1892","\N"
"16118","1480","6909","\N","\N","1981 -1984","\N"
"16120","216","11907","\N","\N","plaatsnaam: Heusden (consulted 08 July 2020)","\N"
"16122","942","11907","\N","\N","Heusden (Noord-Brabant, Heusden)","\N"
"16124","216","12185","\N","\N","Niervaart (consulted 08 July 2020)","\N"
"16126","1678","12185","\N","\N","\N","\N"
"16128","1680","12185","\N","\N","\N","\N"
"16132","942","1105","\N","\N","Buitenpost (Achtkarspelen, Fr)","\N"
"16136","942","7862","\N","\N","Twijzel (Achtkarspelen, Fr)","\N"
"16138","942","2803","\N","\N","Hurdegaryp (Tytsjerksteradiel, Fr)","\N"
"16140","942","7716","\N","\N","Tytsjerk (Tytsjerksteradiel, Fr)","\N"
"16142","942","2811","\N","\N","Haren (Haren, Gr)","\N"
"16144","942","2228","\N","\N","Glimmen (Haren, Gr)","\N"
"16146","38","2777","\N","\N","240","\N"
"16150","360","8160","\N","\N","678","\N"
"16152","360","7273","\N","\N","606","\N"
"16154","360","957","\N","\N","88","\N"
"16156","1644","12407","\N","\N","45","\N"
"16158","942","1368","\N","\N","Deinum (Waadhoeke, Fr)","\N"
"16160","942","12380","\N","\N","Stiens (Leeuwarden, Fr)","\N"
"16162","652","12408","\N","\N","267","\N"
"16164","942","4923","\N","\N","Midlum (Harlingen, Fr)","\N"
"16166","942","2967","\N","\N","Herbaijum (Waadhoeke, Fr)","\N"
"16184","652","12411","\N","\N","276-277","\N"
"16130","948","11519","\N","\N","178","\N"
"16174","652","12410","\N","\N","274-275","\N"
"16176","586","12410","\N","\N","27-28","\N"
"16180","942","8043","\N","\N","Vlagtwedde (Westerwolde, Gr)","\N"
"16182","942","895","\N","\N","Bourtange (Westerwolde, Gr)","\N"
"16172","652","12409","\N","fairs","273-274","\N"
"16190","586","12412","\N","\N","60 - 62","\N"
"16192","652","10532","\N","\N","280","\N"
"16194","652","1166","\N","fairs","281-282","\N"
"16196","942","5450","\N","\N","Noordlaren (Haren, Gr)","\N"
"16198","652","12413","\N","\N","288 - 290","\N"
"16202","586","1740","\N","\N","98-99","\N"
"16204","942","6853","\N","\N","Schipborg (Aa en Hunze, D)","\N"
"16206","652","10036","\N","\N","292-293","\N"
"16210","652","12414","\N","\N","294-295","\N"
"16212","586","12414","\N","\N","126-127","\N"
"16214","942","260","\N","\N","Anloo (Aa en Hunze, D)","\N"
"16216","652","12415","\N","\N","295f","\N"
"16218","586","12415","\N","\N","131","\N"
"16220","942","1685","\N","\N","Eext (Aa en Hunze, D)","\N"
"16222","942","2198","\N","\N","Gieten (Aa en Hunze, D)","\N"
"16226","942","2113","\N","\N","Gasselte (Aa en Hunze, D)","\N"
"16228","942","1589","\N","\N","Drouwen (Borger-Odoorn, D)","\N"
"16230","942","833","\N","\N","Borger (Borger-Odoorn, D)","\N"
"16238","942","5576","\N","\N","Odoorn (Borger-Odoorn, D)","\N"
"16240","942","5451","\N","\N","Noord-Sleen (Coevorden, D)","\N"
"16248","942","8842","\N","\N","Sleen (Coevorden, D)","\N"
"16250","942","1792","\N","\N","Emmen (Emmen, D)","\N"
"16252","942","1309","\N","\N","Dalen (Coevorden, D)","\N"
"16254","942","8110","\N","\N","Wachtum (Coevorden, D)","\N"
"16256","942","537","\N","\N","Benneveld (Coevorden, D)","\N"
"16258","942","8859","\N","\N","Zweeloo (Coevorden, D)","\N"
"16260","942","8383","\N","\N","Wezup (Coevorden, D)","\N"
"16262","942","6964","\N","\N","Schoonloo (Aa en Hunze, D)","\N"
"16264","942","2451","\N","\N","Grolloo (Aa en Hunze, D)","\N"
"16270","652","12425","\N","\N","310","\N"
"16272","586","12425","\N","\N","192","\N"
"16274","942","6500","\N","\N","Rolde (Aa en Hunze, D)","\N"
"16278","652","12426","\N","\N","323","\N"
"16280","586","12426","\N","fairs","240","\N"
"16282","652","12426","\N","fairs","323","\N"
"16284","942","398","\N","\N","Balloo (Aa en Hunze, D)","\N"
"16286","652","10616","\N","\N","329","\N"
"16288","942","71","\N","\N","Ane (Hardenberg, O)","\N"
"16290","942","2881","\N","\N","Heemse (Hardenberg, O)","\N"
"16268","652","12424","\N","\N","309-310","\N"
"16294","652","12427","\N","\N","330","\N"
"16296","586","12428","\N","tolls","264","\N"
"16298","652","12428","\N","\N","332","\N"
"16304","652","12429","\N","\N","333","\N"
"16306","586","12430","\N","\N","301-302","\N"
"16308","652","12430","\N","\N","340-341","\N"
"16310","586","12431","\N","\N","345f","\N"
"16312","652","12431","\N","\N","349","\N"
"16314","586","12432","\N","\N","351","\N"
"16316","652","12432","\N","\N","350","\N"
"16318","586","12433","\N","\N","356-357","\N"
"16320","652","12433","\N","\N","352","\N"
"16322","586","12433","\N","fairs","357","\N"
"16324","652","6599","\N","fairs","353","\N"
"16326","586","12434","\N","\N","391-394","\N"
"16328","652","12434","\N","\N","364","\N"
"16330","586","12434","\N","fairs","393","\N"
"16332","652","7261","\N","fairs","366","\N"
"16334","360","12435","\N","\N","175","\N"
"16336","1384","2777","\N","staple","331-332","\N"
"16338","1396","2777","\N","staple","118","\N"
"16340","586","12437","\N","\N","408-411","\N"
"16342","652","12437","\N","\N","366-370","\N"
"16344","652","12437","\N","fairs","366-370","\N"
"16350","652","12439","\N","\N","371","\N"
"16354","586","12440","\N","\N","419-420","\N"
"16356","652","12440","\N","\N","372","\N"
"16358","652","12441","\N","\N","274-275","\N"
"16360","586","12441","\N","\N","38-39","\N"
"16362","652","12442","\N","\N","376","\N"
"16364","586","12442","\N","\N","430","\N"
"16366","652","11707","\N","\N","377","\N"
"16368","652","12443","\N","\N","378","\N"
"16370","586","12443","\N","\N","433","\N"
"16372","1646","11909","\N","\N","280-281","\N"
"16374","652","12444","\N","tolls","381","\N"
"16376","652","12444","\N","\N","381","\N"
"16378","586","12444","\N","\N","444-445","\N"
"16380","586","12445","\N","\N","446","\N"
"16382","652","12445","\N","\N","382","\N"
"16384","652","7949","\N","fairs","383","\N"
"16386","586","12278","\N","\N","460-461","\N"
"16388","586","12278","\N","tolls","460","\N"
"16390","652","12278","\N","\N","384-385","\N"
"16392","586","12446","\N","\N","471-473","\N"
"16394","652","12446","\N","\N","387-388","\N"
"16396","586","12447","\N","\N","498-500","\N"
"16398","652","12447","\N","\N","392-394","\N"
"16400","652","12448","\N","\N","437","\N"
"16402","652","1127","\N","fairs","437-438","\N"
"16300","586","12428","\N","\N","263-265","\N"
"16266","586","12424","\N","\N","175-176","\N"
"16302","586","12429","\N","\N","266-267","\N"
"16200","586","12413","\N","\N","96-97","\N"
"16232","652","12416","\N","\N","305-307","\N"
"16276","586","12426","\N","\N","239-240","\N"
"16246","652","12420","\N","fairs","308-309","\N"
"16244","586","12420","\N","\N","173-174","\N"
"16348","652","12438","\N","\N","370-371","\N"
"16346","586","12438","\N","\N","413-418","\N"
"16404","540","12449","\N","\N","68-69","\N"
"16406","652","12449","\N","\N","450","\N"
"16408","652","1686","\N","fairs","467","\N"
"16410","652","1672","\N","fairs","464-465","\N"
"16412","942","11914","\N","\N","Sint Maartensdijk","\N"
"16414","552","12455","\N","\N","127, 135, 136, 212, 413, 458, 459, 542","\N"
"16416","216","11924","\N","\N","plaatsnaam: Biervliet (consulted 08 July 2020)","\N"
"16418","942","11924","\N","\N","Biervliet","\N"
"16420","216","11964","\N","\N","141","\N"
"16422","652","1837","\N","fairs","486","\N"
"16424","540","12456","\N","fairs","136","\N"
"16426","540","12456","\N","\N","135f","\N"
"16428","652","12456","\N","\N","497f","\N"
"16430","652","12456","\N","tolls","497f","\N"
"16432","1686","12459","\N","\N","31-33","\N"
"16434","652","12458","\N","\N","499","\N"
"16436","540","12458","\N","\N","137f","\N"
"16438","1686","7279","\N","\N","29-31","\N"
"16440","540","12461","\N","fairs","149","\N"
"16442","540","12461","\N","\N","148-149","\N"
"16444","652","12461","\N","\N","506","\N"
"16528","652","12499","\N","\N","577-578","\N"
"16526","652","12499","\N","fairs","577-578","\N"
"16450","216","12463","\N","\N","plaatsnaam: IJzendijke (consulted 08 July 2020)","\N"
"16452","1686","12465","\N","\N","25-27","\N"
"16454","942","12463","\N","\N","IJzendijke","\N"
"16456","1688","11938","\N","\N","\N","\N"
"16460","216","12470","\N","\N","plaatsnaam: Sas van Gent (consulted 08 July 2020)","\N"
"16462","1688","12470","\N","\N","consulted 22 October 2020","\N"
"16464","1690","12470","\N","\N","consulted 22 October 2020","\N"
"16466","540","12469","\N","fairs","153","\N"
"16468","652","12469","\N","fairs","511","\N"
"16470","540","12469","\N","\N","153f","\N"
"16472","652","12469","\N","\N","511","\N"
"16474","540","12471","\N","\N","165","\N"
"16476","652","12471","\N","\N","514-516","\N"
"16478","652","2736","\N","fairs","516","\N"
"16480","652","12472","\N","\N","534-535","\N"
"16482","540","12472","\N","\N","197-198","\N"
"16484","652","12474","\N","fairs","541","\N"
"16486","652","12474","\N","\N","541","\N"
"16488","540","12474","\N","\N","205","\N"
"16490","1692","11924","\N","\N","374","\N"
"16492","1692","11964","\N","\N","347","\N"
"16494","1692","12463","\N","\N","374","\N"
"16496","216","11849","\N","\N","plaatsnaam: Oudewater (consulted 08 July 2020)","\N"
"16498","942","11849","\N","\N","Oudewater","\N"
"16500","652","12479","\N","fairs","542","\N"
"16502","540","12479","\N","\N","208","\N"
"16504","652","12479","\N","\N","542","\N"
"16506","1686","12478","\N","\N","19-27","\N"
"16508","652","3029","\N","fairs","548","\N"
"16510","652","3413","\N","fairs","554","\N"
"16518","652","12495","\N","\N","571","\N"
"16520","540","12495","\N","\N","258-259","\N"
"16522","652","12495","\N","fairs","571","\N"
"16524","540","12495","\N","fairs","258-259","\N"
"16530","540","12499","\N","\N","269","\N"
"16534","652","12508","\N","\N","612f","\N"
"16536","540","12508","\N","\N","336f","\N"
"16538","652","11881","\N","\N","613-614","\N"
"16540","540","11881","\N","\N","338-339","\N"
"16542","62","8381","\N","\N","231","\N"
"16544","652","5092","\N","staple","615","\N"
"16548","652","5165","\N","\N","617-618","\N"
"16550","652","5688","\N","fairs","630","\N"
"16552","652","12512","\N","\N","637-638","\N"
"16554","540","12512","\N","\N","371-372","\N"
"16556","540","6200","\N","\N","380-382","\N"
"16558","652","12513","\N","\N","650-651","\N"
"16560","540","12513","\N","\N","384","\N"
"16562","4","12515","\N","\N","485","\N"
"16564","652","6541","\N","fairs","654f","\N"
"16566","652","6799","\N","fairs","665","\N"
"16568","540","12516","\N","fairs","412","\N"
"16570","540","12516","\N","\N","412","\N"
"16572","652","12516","\N","\N","665-666","\N"
"16574","540","12517","\N","\N","417","\N"
"16576","652","12517","\N","\N","673-674","\N"
"16578","540","12518","\N","\N","428-429","\N"
"16580","652","12518","\N","\N","680-681","\N"
"16588","652","12519","\N","\N","705","\N"
"16590","540","12519","\N","\N","460","\N"
"16592","540","12519","\N","fairs","461","\N"
"16594","652","12519","\N","fairs","705","\N"
"16598","652","12521","\N","fairs","721f","\N"
"16600","652","12521","\N","\N","721f","\N"
"16602","540","12521","\N","\N","486f","\N"
"16604","652","12522","\N","\N","721f","\N"
"16606","652","8272","\N","staple","722f","\N"
"16608","652","12523","\N","\N","739-740","\N"
"16610","540","12523","\N","\N","512-513","\N"
"16612","942","3191","\N","\N","Hooghalen (Midden-Drenthe, D)","\N"
"16614","942","6393","\N","\N","Rhee (Tynaarlo, D)","\N"
"16616","942","8092","\N","\N","Vries (Tynaarlo, D)","\N"
"16618","942","3190","\N","\N","Hoogeveen (Hoogeveen, D)","\N"
"16620","942","10814","\N","\N","Hoogeveen (Hoogeveen, D)","\N"
"16622","216","11869","\N","\N","plaatsnaam: Grootebroek (consulted 08 July 2020)","\N"
"16624","1534","11869","\N","\N","(consulted 14 September 2020)","\N"
"16532","540","10765","\N","\N","279","\N"
"16596","652","12520","\N","\N","713-714","\N"
"16516","652","12493","\N","\N","565-566","\N"
"16514","540","12493","\N","\N","247-248","\N"
"16626","942","11869","\N","\N","Grootebroek","\N"
"16628","942","3627","\N","\N","Zuidwolde (De Wolden, D)","\N"
"16630","216","897","\N","\N","plaatsnaam: Grootebroek (consulted 08 July 2020)","\N"
"16632","1534","897","\N","\N","(consulted 14 September 2020)","\N"
"16634","942","897","\N","\N","Bovenkarspel","\N"
"16636","942","6612","\N","\N","Ruinen (De Wolden, D)","\N"
"16638","942","12482","\N","\N","Lutjebroek","\N"
"16640","216","12482","\N","\N","plaatsnaam: Grootebroek (consulted 08 July 2020)","\N"
"16642","1534","12482","\N","\N","(consulted 14 September 2020)","\N"
"16644","216","3192","\N","\N","plaatsnaam: Grootebroek (consulted 08 July 2020)","\N"
"16646","1534","3192","\N","\N","(consulted 14 September 2020)","\N"
"16648","942","3192","\N","\N","Hoogkarspel","\N"
"16650","942","511","\N","\N","Beilen (Midden-Drenthe, D)","\N"
"16656","942","4792","\N","\N","Martenshoek (Midden-Groningen, Gr)","\N"
"16658","942","12270","\N","\N","Dronrijp (Waadhoeke, Fr)","\N"
"16660","942","5650","\N","\N","Ommerschans (Ommen, O)","\N"
"16662","1432","12521","\N","fairs","221","\N"
"16664","1432","12522","\N","\N","220f","\N"
"16666","720","12533","\N","\N","102","\N"
"16668","360","599","\N","\N","71","\N"
"16670","942","8488","\N","\N","Winterswijk (Winterswijk, Gl)","\N"
"16672","942","2713","\N","\N","Haaksbergen (Haaksbergen, O)","\N"
"16674","942","2959","\N","\N","Hengelo (Hengelo, O)","\N"
"16676","942","9112","\N","\N","Glanerbrug (Enschede, O)","\N"
"20156","920","13797","\N","\N","505","\N"
"16678","942","1410","\N","\N","Deurningen (Dinkelland, O)","\N"
"16680","942","849","\N","\N","Borne (Borne, O)","\N"
"16682","942","8419","\N","\N","Wierden (Wierden, O)","\N"
"16684","942","6981","\N","\N","Schuilenburg (Hellendoorn, O)","\N"
"16686","942","2937","\N","\N","Hellendoorn (Hellendoorn, O)","\N"
"16690","942","5419","\N","\N","Bad Nieuweschans (Oldambt, Gr)","\N"
"16692","942","5418","\N","\N","Nieuwebrug (Ommen, O)","\N"
"16694","942","4269","\N","\N","Laren (Lochem, Gl)","\N"
"16696","942","8463","\N","\N","Wilp (Voorst, Gl)","\N"
"16698","942","7860","\N","\N","Twello (Voorst, Gl)","\N"
"16700","942","7663","\N","\N","Terwolde (Voorst, Gl)","\N"
"16702","942","8296","\N","\N","Welsum (Olst-Wijhe, O)","\N"
"16704","942","5644","\N","\N","Olst (Olst-Wijhe, O)","\N"
"16706","942","7976","\N","\N","Veessen (Heerde, Gl)","\N"
"16708","942","8437","\N","\N","Wijhe (Olst-Wijhe, O)","\N"
"16710","942","2884","\N","\N","Heerde (Heerde, Gl)","\N"
"16712","942","8077","\N","\N","Vorchten (Heerde, Gl)","\N"
"16714","942","7139","\N","\N","Silvolde (Oude IJsselstreek, Gl)","\N"
"16716","942","2155","\N","\N","Gendringen (Oude IJsselstreek, Gl)","\N"
"16718","1694","1375","\N","\N","82-83","\N"
"16652","652","12524","\N","\N","756-757","\N"
"16722","1694","280","\N","\N","88","\N"
"16724","1694","5419","\N","\N","104-108","\N"
"16726","1694","9860","\N","\N","109","\N"
"16728","1694","895","\N","\N","112-113","\N"
"16730","1694","12546","\N","\N","124-125","\N"
"16732","1612","895","\N","tolls","\N","\N"
"16734","1694","9862","\N","\N","129-131","\N"
"16736","1694","8233","\N","\N","132-133","\N"
"16738","1694","4310","\N","\N","160-161","\N"
"16740","1694","1240","\N","tolls","224","\N"
"16742","1694","1240","\N","\N","224-225","\N"
"16744","720","12566","\N","\N","96","\N"
"16746","1696","9396","\N","\N","8","\N"
"16748","1698","8936","\N","tolls","nos. 6391-6429","\N"
"16750","126","8936","\N","tolls","\N","\N"
"16752","198","8936","\N","tolls","\N","\N"
"16754","196","8936","\N","tolls","\N","\N"
"16756","30","8936","\N","tolls","\N","\N"
"16758","1696","8884","\N","tolls","12","\N"
"16760","1696","8884","\N","fairs","12","\N"
"16762","1662","8333","\N","\N","1077-1078","\N"
"16764","1662","8333","\N","fairs","1077","\N"
"16766","1700","12567","\N","\N","2-3","\N"
"16768","1700","2453","\N","\N","2-4","\N"
"16770","1700","1817","\N","\N","25","\N"
"16772","1702","2978","\N","\N","246-247","\N"
"16774","360","337","\N","\N","40f.","\N"
"16776","360","8311","\N","\N","693","\N"
"16778","1704","12576","\N","\N","1","\N"
"16780","360","3656","\N","\N","283","\N"
"16782","1704","7114","\N","\N","3-6","\N"
"16788","1706","12578","\N","tolls","84","\N"
"16790","1704","12578","\N","tolls","17","\N"
"16792","1704","7114","\N","tolls","17","\N"
"16794","4","7114","\N","tolls","469","\N"
"16796","1706","7114","\N","tolls","84","\N"
"16798","1704","7114","\N","fairs","16","\N"
"16800","1706","7820","\N","tolls","88","\N"
"16802","1704","7820","\N","tolls","17","\N"
"16804","360","7913","\N","\N","659f.","\N"
"16806","360","6773","\N","\N","546","\N"
"16808","1708","652","\N","fairs","82, 106","\N"
"16810","1708","652","\N","\N","31-40","\N"
"16812","360","5268","\N","\N","416","\N"
"16814","1708","652","\N","tolls","44","\N"
"16816","720","12599","\N","\N","229","\N"
"16818","1710","6710","\N","fairs","61","\N"
"16820","1710","6710","\N","\N","55-56, 61-69","\N"
"16822","1712","3175","\N","fairs","64-65","\N"
"16824","1646","12608","\N","\N","68","\N"
"16826","1682","12615","\N","\N","93","\N"
"16654","586","12524","\N","\N","500-501","\N"
"16834","1714","12591","\N","\N","\N","\N"
"16836","1714","12592","\N","\N","\N","\N"
"16838","1682","12590","\N","\N","92-93","\N"
"16840","1714","12590","\N","\N","\N","\N"
"16842","1682","12589","\N","\N","92-93","\N"
"16844","1714","12589","\N","\N","\N","\N"
"16846","1714","6562","\N","\N","\N","\N"
"16854","1714","12585","\N","\N","\N","\N"
"16862","216","11864","\N","\N","plaatsnaam: Hem (consulted 08 July 2020)","\N"
"16864","942","11864","\N","\N","Hem (Noord-Holland)","\N"
"16866","1534","11864","\N","\N","(consulted 14 September 2020)","\N"
"16868","216","12483","\N","\N","plaatsnaam: Hem (consulted 08 July 2020)","\N"
"16870","1534","12483","\N","\N","(consulted 14 September 2020)","\N"
"16872","942","12483","\N","\N","Venhuizen","\N"
"16874","216","12487","\N","\N","plaatsnaam: Langedijk (consulted 08 July 2020)","\N"
"16876","1534","12487","\N","\N","(consulted 14 September 2020)","\N"
"16878","942","12487","\N","\N","Broek op Langedijk","\N"
"16880","216","12486","\N","\N","plaatsnaam: Langedijk (consulted 08 July 2020)","\N"
"16882","1534","12486","\N","\N","(consulted 14 September 2020)","\N"
"16884","942","12486","\N","\N","Zuid-Scharwoude","\N"
"16886","216","12485","\N","\N","plaatsnaam: Langedijk (consulted 08 July 2020)","\N"
"16888","1534","12485","\N","\N","(consulted 14 September 2020)","\N"
"16890","942","12485","\N","\N","Noord-Scharwoude","\N"
"16892","216","12484","\N","\N","plaatsnaam: Langedijk (consulted 08 July 2020)","\N"
"16894","1534","12484","\N","\N","(consulted 14 September 2020)","\N"
"16896","942","12484","\N","\N","Oudkarspel","\N"
"16898","216","11863","\N","\N","plaatsnaam: Schellinkhout (consulted 08 July 2020)","\N"
"16900","1534","11863","\N","\N","(consulted 14 September 2020)","\N"
"16902","942","11863","\N","\N","Schellinkhout","\N"
"16904","216","12488","\N","\N","plaatsnaam: Schellinkhout (consulted 08 July 2020)","\N"
"16906","216","12488","\N","\N","plaatsnaam: Wijdenes en Oosterleek (consulted 08 July 2020)","\N"
"16908","1534","12488","\N","\N","(consulted 14 September 2020)","\N"
"16910","942","12488","\N","\N","Wijdenes","\N"
"16912","216","12489","\N","\N","plaatsnaam: Schellinkhout (consulted 08 July 2020)","\N"
"16914","216","12489","\N","\N","plaatsnaam: Wijdenes en Oosterleek (consulted 08 July 2020)","\N"
"16916","1534","12489","\N","\N","(consulted 14 September 2020)","\N"
"16918","942","12489","\N","\N","Oosterleek","\N"
"16922","1006","12657","\N","\N","22","\N"
"16924","942","5211","\N","\N","Netterden (Oude IJsselstreek, Gl)","\N"
"16926","942","8740","\N","\N","Zeddam (Montferland, Gl)","\N"
"16928","942","2112","\N","\N","Gassel (Grave, NB)","\N"
"16930","942","1850","\N","\N","Escharen (Grave, NB)","\N"
"16932","942","6307","\N","\N","Reek (Landerd, NB)","\N"
"16934","942","2033","\N","\N","Friens (Leeuwarden, Fr)","\N"
"16936","942","3332","\N","\N","Jirnsum (Leeuwarden, Fr)","\N"
"16938","942","7658","\N","\N","Terherne (De Fryske Marren, Fr)","\N"
"16940","942","7659","\N","\N","Terkaple (De Fryske Marren, Fr)","\N"
"16942","942","2258","\N","\N","Goingarijp (De Fryske Marren, Fr)","\N"
"16944","942","3439","\N","\N","Joure (De Fryske Marren, Fr)","\N"
"16946","942","5776","\N","\N","Ouwsterhaule (De Fryske Marren, Fr)","\N"
"16948","942","5774","\N","\N","Oldeouwer (De Fryske Marren, Fr)","\N"
"16950","942","1373","\N","\N","Delfstrahuizen (De Fryske Marren, Fr)","\N"
"16952","942","1670","\N","\N","Echten (De Fryske Marren, Fr)","\N"
"16954","942","5659","\N","\N","Oosterzee (De Fryske Marren, Fr)","\N"
"16956","942","5020","\N","\N","Molkwerum (Súdwest-Fryslân, Fr)","\N"
"16958","942","4356","\N","\N","Lemmer (De Fryske Marren, Fr)","\N"
"16960","942","1355","\N","\N","De Wijk (De Wolden, D)","\N"
"16962","942","9860","\N","\N","Booneschans (Oldambt, Gr)","\N"
"16964","942","12271","\N","\N","Marssum (Waadhoeke, Fr)","\N"
"16966","1132","12692","\N","\N","271f","\N"
"16968","1296","12692","\N","\N"," &#60;a href=&#34;https://hov.isgv.de/Pausa&#34;&#62;Art. Pausa&#60;/a&#62;","\N"
"16972","942","8857","\N","\N","Zwartsluis (Zwartewaterland, O)","\N"
"16974","942","7338","\N","\N","Staphorst (Staphorst, O)","\N"
"16976","720","12696","\N","\N","188","\N"
"16978","942","727","\N","\N","Blokzijl (Steenwijkerland, O)","\N"
"16980","942","712","\N","\N","Blankenham (Steenwijkerland, O)","\N"
"16982","942","93","\N","\N","Afsched (Zwartewaterland, O)","\N"
"16984","942","1311","\N","\N","Dalfsen (Dalfsen, O)","\N"
"16986","942","8295","\N","\N","Welsum (Dalfsen, O)","\N"
"16988","942","5773","\N","\N","Oudleusen (Dalfsen, O","\N"
"16990","942","286","\N","\N","Arendshorst (Ommen, O)","\N"
"16992","942","8473","\N","\N","Windesheim (Zwolle, O)","\N"
"16994","942","3006","\N","\N","Herxen (Olst-Wijhe, O)","\N"
"16996","942","1354","\N","\N","Werven (Heerde, Gl)","\N"
"16998","942","275","\N","\N","Aperloo (Elburg, Gl)","\N"
"17000","942","3188","\N","\N","Hoog Soeren (Apeldoorn, Gl)","\N"
"17002","942","7901","\N","\N","Ugchelen (Apeldoorn, Gl)","\N"
"17004","942","4540","\N","\N","oenen (Apeldoorn, Gl)","\N"
"17006","942","490","\N","\N","Beekbergen (Apeldoorn, Gl)","\N"
"17008","942","272","\N","\N","Apeldoorn (Apeldoorn, Gl)","\N"
"17010","942","1361","\N","\N","Deijle; Delen; Deelenshuis","\N"
"17012","942","5765","\N","\N","Otterlo (Ede, Gl)","\N"
"17014","942","4758","\N","\N","Mariëndaal (Rozendaal, Gl)","\N"
"17016","942","6575","\N","\N","Rozendaal (Rozendaal, Gl)","\N"
"17018","942","7996","\N","\N","Velp (Rheden, Gl)","\N"
"17020","942","8365","\N","\N","Westervoort (Westervoort, Gl)","\N"
"17022","942","1613","\N","\N","Duiven (Duiven, Gl)","\N"
"17024","360","1597","\N","\N","123-124","\N"
"17026","1714","12731","\N","\N","\N","\N"
"17028","1714","12732","\N","\N","\N","\N"
"17030","1712","3175","\N","tolls","134-141","\N"
"17032","942","8002","\N","\N","\N","\N"
"17034","1716","2628","\N","\N","accessed 6-11-2020","\N"
"17036","1716","3783","\N","\N","accessed 6-11-2020","\N"
"17038","942","6565","\N","\N","Rouveen (Staphorst, O)","\N"
"17040","942","5772","\N","\N","Oud-Reemst (Ede, Gl)","\N"
"17042","942","2823","\N","\N","Harskamp (Ede, Gl)","\N"
"17044","942","3028","\N","\N","Heelsum (Renkum, Gl)","\N"
"17046","942","6366","\N","\N","Renkum (Renkum, Gl)","\N"
"17048","942","1352","\N","\N","De Ginkel (Ede, Gl)","\N"
"17050","942","243","\N","\N","Amerongen (Utrechtse Heuvelrug, U)","\N"
"17052","942","1519","\N","\N","Doorn (Utrechtse Heuvelrug, U)","\N"
"17054","942","1578","\N","\N","Driebergen (Utrechtse Heuvelrug, U)","\N"
"17056","942","8751","\N","\N","Zeist (Zeist, U)","\N"
"17058","942","1351","\N","\N","De Bilt (De Bilt, U)","\N"
"17060","942","4397","\N","\N","Leusden (Leusden, U)","\N"
"17062","942","7231","\N","\N","Soest (Soest, U)","\N"
"17064","896","10884","\N","tolls","31","\N"
"17066","742","10884","\N","tolls","xxxii-xxxiii: 1.2.7","\N"
"17068","942","12546","\N","\N","Oudeschans (Westerwolde, Gr)","\N"
"17070","942","7494","\N","\N","Stroobos (Achtkarspelen, Fr)","\N"
"17072","942","1578","\N","\N",",Rijsenburg (Utrechtse Heuvelrug, U)","\N"
"17074","1718","5801","\N","tolls","184-185","\N"
"17076","1718","7060","\N","tolls","188-189","\N"
"17078","1280","2084","\N","tolls","343","\N"
"17080","1084","2084","\N","tolls","93","\N"
"17082","1718","2084","\N","tolls","188-189","\N"
"17084","942","7232","\N","\N","Soestdijk (Baarn, U)","\N"
"17086","942","8753","\N","\N","Zeldert (Amersfoort, U)","\N"
"17088","1718","9026","\N","tolls","186-187","\N"
"17090","942","3061","\N","\N","Hilversum (Hilversum, NH)","\N"
"17092","942","1149","\N","\N","Bussum (Gooise Meren, NH)","\N"
"17094","942","3252","\N","\N","Huizen (Huizen, NH)","\N"
"17096","942","3069","\N","\N","Hinderdam (Wijdemeren, NH)","\N"
"17098","1718","3175","\N","tolls","190-192","\N"
"17100","1718","4242","\N","tolls","192-193","\N"
"17102","1718","8884","\N","tolls","194-196","\N"
"17104","942","7297","\N","\N","Speuld (Ermelo, Gl)","\N"
"17106","942","5179","\N","\N","Nederhorst den Berg (Wijdemeren, NH)","\N"
"17108","942","4539","\N","\N","Loenen (Stichtse Vecht, U)","\N"
"17110","942","985","\N","\N","Breukelen2 (Stichtse Vecht, U)","\N"
"17112","942","4693","\N","\N","Maarssen (Stichtse Vecht, U)","\N"
"17114","942","1982","\N","\N","Frankhuis (Zwolle, O)","\N"
"17116","942","8843","\N","\N","Oud-Zuilen (Stichtse Vecht, U)","\N"
"17118","942","8843","\N","\N","Zuilen (Utrecht, U)","\N"
"17120","1686","12799","\N","\N","35","\N"
"17122","942","12679","\N","\N","Harmelen (Woerden, U)","\N"
"17124","942","8112","\N","\N","Waddinxveen (Waddinxveen, ZH)","\N"
"17126","942","12746","\N","\N","Zwammerdam (Alphen aan den Rijn, ZH)","\N"
"17128","942","5002","\N","\N","Moerkapelle (Zuidplas, ZH)","\N"
"17130","942","8819","\N","\N","Zoetermeer (Zoetermeer, ZH)","\N"
"17132","942","4330","\N","\N","Leidschendam (Leidschendam-Voorburg, ZH)","\N"
"17134","942","6429","\N","\N","Rijswijk (Rijswijk, ZH)","\N"
"17136","942","12550","\N","\N","Voorburg (Leidschendam-Voorburg, ZH)","\N"
"17138","942","8220","\N","\N","Wassenaar (Wassenaar, ZH)","\N"
"17140","942","7958","\N","\N","Valkenburg (Katwijk, ZH)","\N"
"17142","942","5586","\N","\N","Oegstgeest (Oegstgeest, ZH)","\N"
"17144","942","6426","\N","\N","Rijnsburg (Katwijk, ZH)","\N"
"17146","942","6779","\N","\N","Sassenheim (Teylingen, ZH)","\N"
"17148","942","4511","\N","\N","Lisse (Lisse, ZH)","\N"
"17150","942","3051","\N","\N","Hillegom (Hillegom, ZH)","\N"
"17152","942","7279","\N","\N","Spaarndam (Haarlem, NH)","\N"
"17154","942","2763","\N","\N","Halfweg (Haarlemmermeer, NH)","\N"
"17156","942","5771","\N","\N","Oud-Diemen (Diemen, NH)","\N"
"17158","942","12179","\N","\N","Volewijck (Amsterdam, NH)","\N"
"17160","942","4224","\N","\N","Landsmeer (Landsmeer, NH)","\N"
"17162","942","6174","\N","\N","Purmerland (Landsmeer, NH)","\N"
"17164","942","9888","\N","\N","Holten (Rijssen-Holten, O)","\N"
"17166","942","5739","\N","\N","Oosthuizen (Edam-Volendam, NH)","\N"
"17168","942","1873","\N","\N","Etersheim (Edam-Volendam, NH)","\N"
"17170","942","6808","\N","\N","Schardam (Edam-Volendam, NH)","\N"
"17172","942","6815","\N","\N","Scharwoude (Koggenland, NH)","\N"
"17174","942","726","\N","\N","Westerblokker (Hoorn, NH)","\N"
"17176","942","12500","\N","\N","Oosterblokker (Drechterland, NH)","\N"
"17178","942","12501","\N","\N","Westwoud (Drechterland, NH)","\N"
"17180","274","12724","\N","\N","32","\N"
"17182","942","12503","\N","\N","Wognum (Medemblik, NH)","\N"
"17184","942","12504","\N","\N","Nibbixwoud (Medemblik, NH)","\N"
"17186","942","12505","\N","\N","Hauwert (Medemblik, NH)","\N"
"17188","276","12724","\N","\N","26-27","\N"
"17190","920","4769","\N","\N","83","\N"
"17192","942","12498","\N","\N","Benningbroek (Medemblik, NH)","\N"
"17194","942","12509","\N","\N","Midwoud (Medemblik, NH)","\N"
"17196","942","12507","\N","\N","Twisk (Medemblik, NH)","\N"
"17198","942","11868","\N","\N","Abbekerk (Medemblik, NH)","\N"
"17200","942","12506","\N","\N","Lambertschaag (Medemblik, NH)","\N"
"17204","334","12725","\N","\N","223-226","\N"
"17206","162","12827","\N","\N","233","\N"
"17208","166","12827","\N","\N","334-336","\N"
"17210","70","12743","\N","\N","299-300","\N"
"17212","96","12833","\N","\N","39-40","\N"
"17214","214","12833","\N","\N","147-148","\N"
"17216","60","12833","\N","\N","35","\N"
"17218","140","12833","\N","\N","70-74","\N"
"17220","96","12829","\N","\N","133-134","\N"
"17222","814","12829","\N","\N","\N","\N"
"17224","400","12829","\N","\N","875-881","\N"
"17226","96","12830","\N","\N","105-106","\N"
"17228","96","12831","\N","\N","168-169","\N"
"17230","942","1353","\N","\N","De Meern (Utrecht, U)","\N"
"17232","942","11867","\N","\N","Sijbekarspel (Medemblik, NH)","\N"
"17234","942","12490","\N","\N","Aartswoud (Opmeer, NH)","\N"
"17236","942","12502","\N","\N","Wadway (Opmeer, NH)","\N"
"17238","942","11865","\N","\N","Spanbroek (Opmeer, NH)","\N"
"17240","942","12494","\N","\N","Opmeer (Opmeer, NH)","\N"
"17242","942","12496","\N","\N","Obdam (Koggenland, NH)","\N"
"17246","942","12497","\N","\N","Hensbroek (Koggenland, NH)","\N"
"17248","942","12510","\N","\N","Barsingerhorn (Hollands Kroon, NH)","\N"
"17250","942","12511","\N","\N","Haringhuizen (Hollands Kroon, NH)","\N"
"17252","942","11866","\N","\N","Hoogwoud (Opmeer, NH)","\N"
"17254","942","1386","\N","\N","Den Hoorn2 (Midden-Delfland, ZH)","\N"
"20158","920","13796","\N","\N","494","\N"
"17256","942","6854","\N","\N","Schipluiden (Midden-Delfland, ZH)","\N"
"17258","942","4696","\N","\N","Maasland (Midden-Delfland, ZH)","\N"
"17260","942","5783","\N","\N","Overschie (Rotterdam, ZH)","\N"
"17262","942","3966","\N","\N","Kortenoord (Zuidplas, ZH)","\N"
"17264","942","5001","\N","\N","Moordrecht (Zuidplas, ZH)","\N"
"17266","942","5770","\N","\N","Oud-Alblas (Molenwaard, ZH)","\N"
"17268","942","2458","\N","\N","Groot-Ammers (Molenwaard, ZH)","\N"
"17270","942","5825","\N","\N","Papendrecht (Papendrecht, ZH)","\N"
"17272","942","7196","\N","\N","Sliedrecht (Sliedrecht, ZH)","\N"
"17274","942","2195","\N","\N","Giessendam (Hardinxveld-Giessendam, ZH)","\N"
"17282","942","2809","\N","\N","Boven-Hardinxveld (Hardinxveld-Giessendam, ZH)","\N"
"17284","942","2809","\N","\N","Hardinxveld (Hardinxveld-Giessendam, ZH)","\N"
"17286","942","10860","\N","\N","Ameide (Zederik, ZH)","\N"
"17288","942","5667","\N","\N","Ophemert (Neerijnen, Gl)","\N"
"17290","942","5669","\N","\N","Opijnen (Neerijnen, Gl)","\N"
"17292","942","5184","\N","\N","Neerijnen (Neerijnen, Gl)","\N"
"17294","942","6802","\N","\N","Schaijk (Landerd, NB)","\N"
"17296","942","8742","\N","\N","Zeeland (Landerd, NB)","\N"
"17298","942","7886","\N","\N","Uden (Uden, NB)","\N"
"17300","942","2887","\N","\N","Heesch (Bernheeze, NB)","\N"
"17302","942","2130","\N","\N","Geffen (Maasdonk, NB)","\N"
"17304","942","5488","\N","\N","Nuland (Maasdonk, NB)","\N"
"17306","942","6535","\N","\N","Rosmalen (&#39;s-Hertogenbosch, NB)","\N"
"17308","942","3071","\N","\N","Hintham (&#39;s-Hertogenbosch, NB)","\N"
"17310","942","8094","\N","\N","Vught (Vught, NB)","\N"
"17312","942","7151","\N","\N","Sint-Michielsgestel (Sint-Michielsgestel, NB)","\N"
"17314","942","2949","\N","\N","Helvoirt (Haaren, NB)","\N"
"17316","942","7971","\N","\N","Veghel (Meierijstad, NB)","\N"
"17318","942","4568","\N","\N","Loon op Zand (Loon op Zand, NB)","\N"
"17320","942","1516","\N","\N","Dongen (Dongen, NB)","\N"
"17322","942","1387","\N","\N","Den Hout (Oosterhout, NB)","\N"
"17324","942","7364","\N","\N","Steelhoven (Oosterhout, NB)","\N"
"17326","942","6119","\N","\N","Princenhage (Breda, NB)","\N"
"17328","942","12617","\N","\N","Oudenbosch (Halderberge, NB)","\N"
"17330","942","6600","\N","\N","Rucphen (Rucphen, NB)","\N"
"17332","942","7317","\N","\N","Sprundel (Rucphen, NB)","\N"
"17334","942","3049","\N","\N","Hildernisse (Bergen op Zoom, NB)","\N"
"17336","942","8544","\N","\N","Woensdrecht (Woensdrecht, NB)","\N"
"17338","942","5710","\N","\N","Ossendrecht (Woensdrecht, NB)","\N"
"17340","942","6427","\N","\N","Rijsbergen (Zundert, NB)","\N"
"17342","942","8846","\N","\N","Zundert (Zundert, NB)","\N"
"17344","942","6412","\N","\N","Riel (Goirle, NB)","\N"
"17346","942","145","\N","\N","Alphen(Alphen-Chaam, NB)","\N"
"17348","942","360","\N","\N","Baarle-Nassau (Baarle-Nassau, NB)","\N"
"17350","942","7260","\N","\N","Son (Son en Breugel, NB)","\N"
"17352","942","8545","\N","\N","Woensel (Eindhoven, NB)","\N"
"17354","942","2178","\N","\N","Gestel (Eindhoven, NB)","\N"
"17356","942","7990","\N","\N","Veldhoven (Veldhoven, NB)","\N"
"17358","360","6759","\N","\N","465","\N"
"17360","360","6754","\N","\N","7","\N"
"17362","360","5890","\N","\N","461f.","\N"
"17364","360","8470","\N","\N","703-705","\N"
"17366","360","2835","\N","\N","209","\N"
"17368","360","7090","\N","\N","585","\N"
"17370","360","4306","\N","\N","334","\N"
"17372","360","10262","\N","\N","468f.","\N"
"17374","360","2661","\N","\N","204f.","\N"
"17376","360","4159","\N","\N","314","\N"
"17378","360","2844","\N","\N","209-211","\N"
"17380","360","187","\N","\N","19","\N"
"17382","360","1630","\N","\N","135","\N"
"17384","360","4410","\N","\N","344-346","\N"
"17386","360","6978","\N","\N","563f.","\N"
"17388","360","240","\N","\N","23","\N"
"17390","360","3498","\N","\N","255f.","\N"
"17392","360","6636","\N","\N","532","\N"
"17394","360","5826","\N","\N","452","\N"
"17396","360","10202","\N","\N","153","\N"
"17398","360","1992","\N","\N","169f.","\N"
"17400","360","7002","\N","\N","567","\N"
"17402","360","2463","\N","\N","45-46","\N"
"17404","360","3297","\N","\N","227","\N"
"17406","360","5159","\N","\N","410","\N"
"17408","360","1470","\N","\N","114-116","\N"
"17410","360","8800","\N","\N","729","\N"
"17412","360","7169","\N","\N","596f.","\N"
"17414","360","6099","\N","\N","483","\N"
"17416","360","7839","\N","\N","651","\N"
"17420","360","6511","\N","\N","518-519","\N"
"17422","360","8248","\N","\N","686","\N"
"17424","360","8680","\N","\N","721","\N"
"17426","360","3546","\N","\N","261","\N"
"17428","360","8455","\N","\N","702-703","\N"
"17430","360","2660","\N","\N","204","\N"
"17432","360","2564","\N","\N","569","\N"
"17434","360","4969","\N","\N","395-398","\N"
"17436","360","8592","\N","\N","713","\N"
"17438","216","11866","\N","\N","plaatsnaam: Hoogwoud (consulted 08 July 2020)","\N"
"17440","360","3505","\N","\N","257-258","\N"
"17442","1534","11866","\N","\N","(consulted 14 September 2020)","\N"
"17444","806","12858","\N","tolls","\N","\N"
"17446","360","6732","\N","\N","29","\N"
"17448","360","480","\N","\N","62","\N"
"17450","216","12490","\N","\N","plaatsnaam: Hoogwoud (consulted 08 July 2020)","\N"
"17452","1534","12490","\N","\N","(consulted 14 September 2020)","\N"
"17454","216","12491","\N","\N","plaatsnaam: Niedorp (consulted 08 July 2020)","\N"
"17456","1534","12491","\N","\N","(consulted 14 September 2020)","\N"
"17458","942","12491","\N","\N","Oude-Niedorp","\N"
"17460","216","12492","\N","\N","plaatsnaam: Niedorp (consulted 08 July 2020)","\N"
"17462","1534","12492","\N","\N","(consulted 14 September 2020)","\N"
"17464","942","12492","\N","\N","Nieuwe-Niedorp","\N"
"17466","942","6517","\N","\N","Roosendaal (Roosendaal, NB)","\N"
"17468","942","6385","\N","\N","Reusel (Reusel-De Mierden, NB)","\N"
"17470","942","708","\N","\N","Bladel (Bladel, NB)","\N"
"17472","942","1684","\N","\N","Eersel (Eersel, NB)","\N"
"17474","1726","4841","\N","tolls","27","\N"
"17476","1726","4841","\N","\N","30-31, 39-43, 51-55","\N"
"17478","942","4841","\N","\N","Meijel (Peel en Maas, Lb) (consulted 23-11-2020)","\N"
"17482","214","12853","\N","\N","179","\N"
"17484","612","12853","\N","\N","\N","\N"
"17486","224","12853","\N","\N","\N","\N"
"17490","360","263","\N","\N","27","\N"
"17492","360","8820","\N","\N","732f.","\N"
"17494","942","6422","\N","\N","Riethoven (Bergeijk, NB)","\N"
"17496","360","475","\N","\N","59-61","\N"
"17498","942","1510","\N","\N","Dommelen (Valkenswaard, NB)","\N"
"17500","360","2484","\N","\N","139-140","\N"
"17502","360","2101","\N","\N","180","\N"
"17504","360","3683","\N","\N","284f.","\N"
"17506","360","3725","\N","\N","249f.","\N"
"17508","360","6425","\N","\N","504-510","\N"
"17512","942","7474","\N","\N","Stratum (Eindhoven, NB)","\N"
"17514","360","668","\N","\N","75f.","\N"
"17516","942","2149","\N","\N","Geldrop (Geldrop-Mierlo, NB)","\N"
"17518","360","3597","\N","\N","275","\N"
"17520","942","4443","\N","\N","Lierop (Someren, NB)","\N"
"17522","942","333","\N","\N","Asten (Asten, NB)","\N"
"17524","942","4308","\N","\N","Leende (Heeze-Leende, NB)","\N"
"17526","942","4692","\N","\N","Maarheeze (Cranendonck, NB)","\N"
"17528","942","4695","\N","\N","Maashees (Boxmeer, NB)","\N"
"17530","942","8015","\N","\N","Vierlingsbeek (Boxmeer, NB)","\N"
"17532","942","6714","\N","\N","Sambeek (Boxmeer, NB)","\N"
"17534","942","899","\N","\N","Boxmeer (Boxmeer, NB)","\N"
"17536","942","622","\N","\N","Beugen (Boxmeer, NB)","\N"
"17538","942","5585","\N","\N","Oeffelt (Boxmeer, NB)","\N"
"17540","942","564","\N","\N","Bergen (Bergen, Lb)","\N"
"17542","942","67","\N","\N","Aijen (Bergen, Lb)","\N"
"17544","942","8289","\N","\N","Well (Bergen, Lb)","\N"
"17546","942","8180","\N","\N","Wanssum (Venray, Lb)","\N"
"17548","942","4828","\N","\N","Meerlo (Horst aan de Maas, Lb)","\N"
"17550","942","283","\N","\N","Arcen (Venlo, Lb)","\N"
"17552","942","7985","\N","\N","Velden (Venlo, Lb)","\N"
"17554","942","719","\N","\N","Blerick (Venlo, Lb)","\N"
"17556","942","361","\N","\N","Baarlo (Peel en Maas, Lb)","\N"
"17558","942","5183","\N","\N","Neer (Leudal, Lb)","\N"
"17560","942","1100","\N","\N","Buggenum (Leudal, Lb)","\N"
"17562","942","3209","\N","\N","Horn (Leudal, Lb)","\N"
"17566","360","1620","\N","\N","132f.","\N"
"17568","360","8717","\N","\N","723","\N"
"17570","360","5260","\N","\N","64, 414","\N"
"17574","360","6239","\N","\N","493","\N"
"17576","942","7330","\N","\N","Stramproy (Weert, Lb)","\N"
"17578","942","3271","\N","\N","Hunsel (Leudal, Lb)","\N"
"17580","942","3615","\N","\N","Kelpen (Leudal, Lb)","\N"
"17582","942","2393","\N","\N","Grathem (Leudal, Lb)","\N"
"17584","942","384","\N","\N","Baexem (Leudal, Lb)","\N"
"17586","942","3041","\N","\N","Heythuysen (Leudal, Lb)","\N"
"17588","942","6481","\N","\N","Roggel (Leudal, Lb)","\N"
"17590","942","3001","\N","\N","Herten (Roermond, Lb)","\N"
"17592","942","7157","\N","\N","Sint Odiliënberg (Roerdalen, Lb)","\N"
"17594","162","12882","\N","\N","76","\N"
"17596","38","12882","\N","\N","82","\N"
"17598","162","12882","\N","fairs","76","\N"
"17600","700","12891","\N","\N","156 - 167","\N"
"17602","720","12723","\N","\N","125","\N"
"17606","720","12647","\N","\N","205","\N"
"17608","586","12448","\N","\N","53","\N"
"17612","720","12082","\N","\N","50-51","\N"
"17614","1728","12515","\N","\N","13-18","\N"
"17616","1730","12927","\N","\N","72","\N"
"17618","942","12151","\N","\N","Krommenie (Zaanstad, NH)","\N"
"17620","942","12934","\N","\N","Assendelft (Zaanstad, NH)","\N"
"17622","942","1438","\N","\N","Dieteren (Echt-Susteren, Lb)","\N"
"17624","942","489","\N","\N","Beek (Beek, Lb)","\N"
"17626","942","8241","\N","\N","Weert (Meerssen, Lb)","\N"
"17630","942","4829","\N","\N","Meerssen (Meerssen, Lb)","\N"
"17632","942","12941","\N","\N","Rustenburg (Koggenland, NH)","\N"
"17634","942","6737","\N","\N","Sint Gerlach (Valkenburg aan de Geul, Lb)","\N"
"17636","942","8464","\N","\N","Wolder (Maastricht, Lb)","\N"
"17638","942","6812","\N","\N","Scharn (Maastricht, Lb)","\N"
"17640","942","2882","\N","\N","Heer (Maastricht, Lb)","\N"
"17642","942","527","\N","\N","Bemelen (Eijsden-Margraten, Lb)","\N"
"17644","942","2115","\N","\N","Gasthuis (Eijsden-Margraten, Lb)","\N"
"17646","942","3338","\N","\N","IJzeren (Valkenburg aan de Geul, Lb)","\N"
"17648","942","6838","\N","\N","Scheulder (Eijsden-Margraten, Lb)","\N"
"17650","942","2685","\N","\N","Gulpen (Gulpen-Wittem, Lb)","\N"
"17652","942","8511","\N","\N","Wittem (Gulpen-Wittem, Lb)","\N"
"17654","942","5842","\N","\N","Partij (Gulpen-Wittem, Lb)","\N"
"17656","942","3053","\N","\N","Hilleshagen (Gulpen-Wittem, Lb)","\N"
"17658","942","4354","\N","\N","Lemiers (Vaals, Lb)","\N"
"17660","942","7947","\N","\N","Vaals (Vaals, Lb)","\N"
"17662","942","1735","\N","\N","Eys (Gulpen-Wittem, Lb)","\N"
"17664","942","2885","\N","\N","Heerlen (Heerlen, Lb)","\N"
"17666","942","3807","\N","\N","Klimmen (Voerendaal, Lb)","\N"
"17668","942","12944","\N","\N","Kerkrade (Kerkrade, Lb)","\N"
"17670","1132","4337","\N","\N","178-197","\N"
"17672","942","12960","\N","\N","Kunrade (Voerendaal, Lb)","\N"
"17674","624","5887","\N","\N","99-100","\N"
"17678","724","10069","\N","tolls","282","\N"
"17684","724","4328","\N","\N","283","\N"
"17688","942","12969","\N","\N","Sint Maarten (Schagen, NH)","\N"
"17690","942","10720","\N","\N","Terlinden (Eijsden-Margraten, Lb)","\N"
"17692","66","5354","\N","\N","131-132","\N"
"17694","1296","6125","\N","\N","&#60;a href=&#34;https://hov.isgv.de/Pr%C3%B6del&#34;&#62;Art. Prödel&#60;/a&#62;","\N"
"17696","1302","6125","\N","\N","225","\N"
"17698","1296","8815","\N","\N","&#60;a href=&#34;https://hov.isgv.de/Z%C3%B6bigker&#34;&#62;Art. Zöbigker&#60;/a&#62;","\N"
"17700","1302","8815","\N","\N","648","\N"
"17702","1734","4249","\N","tolls","268","\N"
"17704","1734","12044","\N","tolls","269-270","\N"
"17706","1558","4249","\N","\N","16-57","\N"
"17708","360","13002","\N","\N","533f.","\N"
"17710","360","1112","\N","\N","94","\N"
"17712","360","1675","\N","\N","140-141","\N"
"17714","4","9839","\N","tolls","327-328","\N"
"17716","360","2165","\N","\N","185","\N"
"17718","360","4437","\N","\N","263","\N"
"17720","360","5199","\N","\N","411-412","\N"
"17722","360","4838","\N","\N","385","\N"
"17724","1736","4159","\N","\N","133-134","\N"
"17726","4","4159","\N","\N","711","\N"
"17728","4","13010","\N","\N","711","\N"
"17730","344","4128","\N","\N","265-266","\N"
"17732","344","5445","\N","\N","389","\N"
"17734","344","3691","\N","\N","231f.","\N"
"17736","72","4040","\N","\N","231-232","\N"
"17738","1296","4684","\N","\N","&#60;a href=&#34;https://hov.isgv.de/L%C3%BCtzschena&#34;&#62;Art. Lützschena&#60;/a&#62;","\N"
"17740","942","4722","\N","\N","Malburgen (Arnhem, Gl)","\N"
"17744","1296","5815","\N","\N","&#60;a href=&#34;https://hov.isgv.de/Panitzsch&#34;&#62;Art. Panitzsch&#60;/a&#62;","\N"
"17746","1296","7256","\N","\N","&#60;a href=&#34;https://hov.isgv.de/Sommerfeld&#34;&#62;Art. Sommerfeld&#60;/a&#62;","\N"
"17748","216","11865","\N","\N","plaatsnaam: Spanbroek (consulted 08 July 2020)","\N"
"17750","1534","11865","\N","\N","(consulted 14 September 2020)","\N"
"17752","216","11865","\N","\N","plaatsnaam: Obdam-Hensbroek (consulted 08 July 2020)","\N"
"17754","216","12497","\N","\N","plaatsnaam: Obdam-Hensbroek (consulted 08 July 2020)","\N"
"17756","216","12497","\N","\N","plaatsnaam: Spanbroek (consulted 08 July 2020)","\N"
"17758","1534","12497","\N","\N","(consulted 14 September 2020)","\N"
"17760","216","12496","\N","\N","plaatsnaam: Obdam-Hensbroek (consulted 08 July 2020)","\N"
"17762","216","12496","\N","\N","plaatsnaam: Spanbroek (consulted 08 July 2020)","\N"
"17764","1534","12496","\N","\N","(consulted 14 September 2020)","\N"
"17766","216","12494","\N","\N","plaatsnaam: Spanbroek (consulted 08 July 2020)","\N"
"17768","1534","12494","\N","\N","(consulted 14 September 2020)","\N"
"17772","1300","4684","\N","\N","633","\N"
"17774","1302","5815","\N","\N","152","\N"
"17776","66","13030","\N","\N","433","\N"
"17778","66","7065","\N","\N","417","\N"
"17780","74","6778","\N","\N","388-389","\N"
"17782","38","6778","\N","\N","542","\N"
"17784","74","4551","\N","\N","302","\N"
"17786","1302","7256","\N","\N","430-431","\N"
"17788","540","8752","\N","staple","521","\N"
"17792","360","5514","\N","\N","432","\N"
"17794","920","7806","\N","\N","250-251","\N"
"17796","590","9541","\N","\N","\N","\N"
"17798","606","9541","\N","\N","\N","\N"
"17800","650","9541","\N","\N","\N","\N"
"17830","1738","12995","\N","\N","160, 168","\N"
"17836","216","11867","\N","\N","plaatsnaam: Sijbekarspel (consulted 08 July 2020)","\N"
"17838","1534","11867","\N","\N","(consulted 14 September 2020)","\N"
"17840","216","12498","\N","\N","plaatsnaam: Sijbekarspel (consulted 08 July 2020)","\N"
"17842","1534","12498","\N","\N","(consulted 14 September 2020)","\N"
"17844","1740","9541","\N","tolls","\N","\N"
"17846","1740","68","\N","tolls","\N","\N"
"17848","942","13090","\N","\N","Binnenwijzend","\N"
"17850","216","13090","\N","\N","plaatsnaam: Westwoud (consulted 08 July 2020)","\N"
"17852","1534","13090","\N","\N","(consulted 14 September 2020)","\N"
"17854","216","12501","\N","\N","plaatsnaam: Westwoud (consulted 08 July 2020)","\N"
"17856","1534","12501","\N","\N","(consulted 14 September 2020)","\N"
"17858","216","726","\N","\N","plaatsnaam: Westwoud (consulted 08 July 2020)","\N"
"17860","1534","726","\N","\N","(consulted 14 September 2020)","\N"
"17862","216","12500","\N","\N","plaatsnaam: Westwoud (consulted 08 July 2020)","\N"
"17864","1534","12500","\N","\N","(consulted 14 September 2020)","\N"
"17866","216","12502","\N","\N","plaatsnaam: Wognum (consulted 08 July 2020)","\N"
"17868","1534","12502","\N","\N","(consulted 14 September 2020)","\N"
"17870","216","12503","\N","\N","plaatsnaam: Wognum (consulted 08 July 2020)","\N"
"17872","1534","12503","\N","\N","(consulted 14 September 2020)","\N"
"17874","216","12504","\N","\N","plaatsnaam: Wognum (consulted 08 July 2020)","\N"
"17876","1534","12504","\N","\N","(consulted 14 September 2020)","\N"
"21179","1997","8941","\N","\N","\N","\N"
"17878","216","12505","\N","\N","plaatsnaam: Wognum (consulted 08 July 2020)","\N"
"17880","1534","12505","\N","\N","(consulted 14 September 2020)","\N"
"17882","606","9554","\N","\N","\N","\N"
"17884","216","11868","\N","\N","plaatsnaam: Abbekerk (consulted 08 July 2020)","\N"
"17886","1534","11868","\N","\N","(consulted 14 September 2020)","\N"
"17888","216","12506","\N","\N","plaatsnaam: Abbekerk (consulted 08 July 2020)","\N"
"17890","1534","12506","\N","\N","(consulted 14 September 2020)","\N"
"17892","216","12509","\N","\N","plaatsnaam: Abbekerk (consulted 08 July 2020)","\N"
"17894","1534","12509","\N","\N","(consulted 14 September 2020)","\N"
"17896","216","12507","\N","\N","plaatsnaam: Abbekerk (consulted 08 July 2020)","\N"
"17898","1534","12507","\N","\N","(consulted 14 September 2020)","\N"
"17900","942","12140","\N","\N","Yerseke (Reimerswaal, Zl)","\N"
"17904","1744","11859","\N","\N","8-39","\N"
"17906","942","13095","\N","\N","Oost-Knollendam (Wormerland, NH)","\N"
"17924","964","8920","\N","tolls","no. 1388","\N"
"17926","76","10425","\N","tolls","29","\N"
"17928","1224","10425","\N","tolls","Bd. 4, 109-110","\N"
"17930","322","10425","\N","tolls","31","\N"
"17932","216","12510","\N","\N","plaatsnaam: Barsingerhorn (consulted 08 July 2020)","\N"
"17934","1534","12510","\N","\N","(consulted 14 September 2020)","\N"
"17936","216","12511","\N","\N","plaatsnaam: Barsingerhorn (consulted 08 July 2020)","\N"
"17938","1534","12511","\N","\N","(consulted 14 September 2020)","\N"
"17940","1534","11888","\N","\N","(consulted 14 September 2020)","\N"
"17996","1748","3536","\N","\N","12-16","\N"
"17998","956","3536","\N","\N","135","\N"
"18000","956","9353","\N","\N","132","\N"
"18002","1750","9353","\N","\N","15-16","\N"
"18004","1752","6626","\N","\N","\N","\N"
"18006","70","54","\N","\N","429-430, 445","\N"
"18230","942","13347","\N","\N","Merum (Roermond, Lb)","\N"
"18232","1758","13347","\N","fairs","24, 217-220","\N"
"18022","574","3269","\N","\N","&#60;a href=&#34;https://www.lagis-hessen.de/de/subjects/idrec/sn/ol/id/15183&#34;&#62;Hünighausen, Landkreis Waldeck-Frankenberg&#60;/a&#62;","\N"
"18024","1706","8774","\N","tolls","95","\N"
"18036","574","4362","\N","\N","&#60;a href=&#34;https://www.lagis-hessen.de/de/subjects/idrec/sn/ol/id/1632&#34;&#62;Lengefeld, Landkreis Waldeck-Frankenberg&#60;/a&#62; (Stand: 5.5.2022) &#13;&#10;&#13;&#10;","\N"
"18038","1508","4571","\N","\N","40","\N"
"18146","942","3193","\N","\N","Hoog-Keppel (Bronckhorst, Gl)","\N"
"18148","216","7655","\N","\N","Plaatsnaam: Terborg","\N"
"18160","4","10879","\N","\N","370","\N"
"18162","574","13243","\N","\N","&#60;a href=&#34;https://www.lagis-hessen.de/de/subjects/idrec/sn/ol/id/1867&#34;&#62;Welleringhausen, Landkreis Waldeck-Frankenberg&#60;/a&#62; (Stand: 16.10.2018)","\N"
"18164","1706","119","\N","tolls","31","\N"
"18166","1706","120","\N","tolls","31","\N"
"18168","66","13245","\N","\N","369","\N"
"18170","1706","253","\N","tolls","31-32","\N"
"18172","1706","257","\N","tolls","32","\N"
"18174","1706","372","\N","tolls","33","\N"
"18176","1706","12662","\N","tolls","33","\N"
"18178","1706","570","\N","tolls","33-34","\N"
"18196","942","13267","\N","\N","Heel (Maasgouw, Lb)","\N"
"18198","942","13269","\N","\N","Panheel (Maasgouw, Lb)","\N"
"18200","942","13063","\N","\N","Beegden (Maasgouw, Lb)","\N"
"18202","942","13268","\N","\N","Thorn (Maasgouw, Lb)","\N"
"18204","942","13065","\N","\N","Ool (Roermond, Lb)","\N"
"18206","1742","1036","\N","\N","55","\N"
"18208","1742","12602","\N","\N","59","\N"
"18210","1742","1682","\N","\N","72","\N"
"18212","1742","7136","\N","\N","224","\N"
"18216","1742","4726","\N","\N","157","\N"
"18220","1742","3842","\N","\N","131","\N"
"18218","1742","5580","\N","\N","185","\N"
"18214","1742","327","\N","\N","30","\N"
"18226","4","10248","\N","\N","463","\N"
"18228","1758","13065","\N","tolls","26","\N"
"18234","1758","3001","\N","\N","\N","\N"
"18240","1742","1402","\N","\N","62","\N"
"18238","1742","2159","\N","\N","84","\N"
"18242","1742","69","\N","\N","23","\N"
"18244","942","6477","\N","\N","Roermond (Roermond, Lb)","\N"
"18246","1742","278","\N","\N","Appels (OV) pag.  28","\N"
"18248","1742","325","\N","\N","Asse (VB) pag. 30","\N"
"18250","1742","513","\N","\N","Beisem (VB) pag.38","\N"
"18252","1742","497","\N","\N","Beerse (AN) pag. 36","\N"
"18254","1742","363","\N","\N","Baasrode (OV) pag. 34","\N"
"18256","1742","284","\N","\N","Arendonk (AN) pag. 29","\N"
"18258","1742","553","\N","\N","Berbroek (LB) pag. 39","\N"
"18260","1742","554","\N","\N","Berchem (AN) pag. 40","\N"
"18262","156","13360","\N","\N","210-211","\N"
"18264","354","13360","\N","\N","II, 423","\N"
"18266","340","13360","\N","\N","341","\N"
"18268","1742","627","\N","\N","44","\N"
"18270","1280","13361","\N","\N","341","\N"
"18272","894","11899","\N","tolls","xv-xviii: 1.2.1 and accounts nrs. N and P","\N"
"18274","1280","13362","\N","tolls","347","\N"
"18276","1742","73","\N","\N","Aarschot (VB) pag. 25","\N"
"18278","1760","11899","\N","tolls","\N","\N"
"18280","1762","11899","\N","tolls","\N","\N"
"18282","1768","11899","\N","tolls","inv.nr. 4906","\N"
"18284","1770","11899","\N","tolls","\N","\N"
"18286","72","13362","\N","\N","331-332","\N"
"18288","1084","13362","\N","\N","150-151, 223","\N"
"18290","1280","13363","\N","\N","341","\N"
"18292","1084","13363","\N","\N","234","\N"
"18294","1226","3050","\N","tolls","6:493, 900","\N"
"18296","466","1911","\N","tolls","99","\N"
"18298","1288","13364","\N","tolls","256","\N"
"18300","1642","13368","\N","tolls","\N","\N"
"18302","4","1132","\N","tolls","311","\N"
"18330","942","13116","\N","\N","Ginneken (Breda, NB)","\N"
"18344","1742","630","\N","\N","Beverst (LB) pag. 44","\N"
"18348","1742","936","\N","\N","52","\N"
"18350","1742","823","\N","\N","Boortmeerbeek (VB) pag. 49","\N"
"18352","1742","754","\N","\N","Bocholt (LB) Pag. 46","\N"
"18354","1742","775","\N","\N","Boechout (AN) pag. 46","\N"
"18356","1742","956","\N","\N","Bree (LB) pag. 53","\N"
"18358","1742","946","\N","\N","Brecht (AN) pag. 53","\N"
"18360","1742","990","\N","\N","54","\N"
"18362","1742","1050","\N","\N","Brussel ( BR   ) pag. 56","\N"
"18364","1742","252","\N","\N","Anderlecht (BR) pag. 27","\N"
"18366","1742","1388","\N","\N","Dendermonde (OV) pag. 61","\N"
"18368","1742","146","\N","\N","27","\N"
"18370","1742","1436","\N","\N","64","\N"
"18372","1742","1746","\N","\N","74","\N"
"18374","1742","1820","\N","\N","Eppegem (VB) pag.78","\N"
"18376","216","7369","\N","\N","Plaatsnaam: Steenwijk (consulted 30-1-2021)","\N"
"18378","942","7369","\N","\N","Steenwijk (Steenwijkerland, O)","\N"
"18380","4","5650","\N","\N","382","\N"
"18382","1742","4348","\N","\N","146","\N"
"18384","1742","5656","\N","\N","189","\N"
"18386","1742","1845","\N","\N","79","\N"
"18388","1742","1885","\N","\N","81","\N"
"18392","1742","2125","\N","\N","Geel (AN) pag. 82","\N"
"18396","1742","2411","\N","\N","Grembergen (OV) pag. 90","\N"
"18398","1742","2639","\N","\N","Grote=Brogel (LB) pag. 91","\N"
"18400","1742","2711","\N","\N","Haacht (VB) pag. 94","\N"
"18406","1742","8863","\N","\N","Zwijndrecht (AN) pag. 297","\N"
"18408","1742","8089","\N","\N","265","\N"
"18410","1742","13382","\N","\N","228","\N"
"18412","1742","7158","\N","\N","236","\N"
"18414","1742","5000","\N","\N","170","\N"
"18416","1742","8109","\N","\N","268","\N"
"18418","1742","7155","\N","\N","Sint-Kruis-Winkel (OV) pag 232","\N"
"18420","1742","3089","\N","\N","111","\N"
"18422","1742","7320","\N","\N","240","\N"
"18426","624","12075","\N","tolls","90","\N"
"18428","1706","679","\N","tolls","34","\N"
"18430","1706","684","\N","tolls","34f.","\N"
"18432","1706","716","\N","tolls","35","\N"
"18434","1706","719","\N","tolls","35","\N"
"18436","1706","761","\N","tolls","35","\N"
"18438","1706","818","\N","tolls","35f.","\N"
"18440","1706","826","\N","tolls","36","\N"
"18442","1706","945","\N","tolls","36","\N"
"18444","1706","948","\N","tolls","36","\N"
"18446","1706","5353","\N","tolls","36f.","\N"
"18448","38","5353","\N","\N","88","\N"
"18450","1706","1012","\N","tolls","37","\N"
"18452","1706","12160","\N","tolls","37","\N"
"18454","1706","1029","\N","tolls","37","\N"
"18456","1706","1090","\N","tolls","38","\N"
"18460","652","11290","\N","\N","201","\N"
"18462","1296","11290","\N","\N","&#60;a href=&#34;https://hov.isgv.de/R%C3%B6tha&#34;&#62;Art. Rötha&#60;/a&#62; (accessed 2-2-2021)","\N"
"18464","1302","11290","\N","\N","311-312","\N"
"18468","942","5630","\N","\N","Oldenzaal (Oldenzaal, O)","\N"
"18470","942","142","\N","\N","(Almelo, O)","\N"
"18472","942","6204","\N","\N","(Raalte, O)","\N"
"18474","942","1417","\N","\N","(Deventer, O)","\N"
"18476","942","8866","\N","\N","(Zwolle, O)","\N"
"18478","942","6428","\N","\N","(Rijssen-Holten, O)","\N"
"21895","38","5887","\N","\N","483","\N"
"18346","1742","674","\N","\N","45","\N"
"18480","942","2297","\N","\N","Goor (Hof van Twente, O)","\N"
"18482","942","1428","\N","\N","Diepenheim (Hof van Twente, O)","\N"
"18484","942","4130","\N","\N","Kuinre (Steenwijkerland, O)","\N"
"18486","942","8063","\N","\N","Vollenhove (Steenwijkerland, O)","\N"
"18488","942","2854","\N","\N","Hasselt (Zwartewaterland, O)","\N"
"18490","942","2377","\N","\N","Grafhorst (Kampen, O)","\N"
"18492","942","11548","\N","\N","Brunnepe (Kampen, O)","\N"
"18494","942","3541","\N","\N","Kampen (Kampen, O)","\N"
"18496","942","8468","\N","\N","Wilsum (Kampen, O)","\N"
"18498","942","8700","\N","\N","Zalk (Kampen, O)","\N"
"18500","942","2449","\N","\N","Groenlo (Oost Gelre, Gl)","\N"
"18502","942","829","\N","\N","Borculo (Berkelland, Gl)","\N"
"18504","942","4533","\N","\N","Lochem (Lochem, Gl)","\N"
"18506","942","2862","\N","\N","Hattem (Hattem, Gl)","\N"
"18508","942","8014","\N","\N","Vierhouten (Nunspeet, Gl)","\N"
"18510","942","2807","\N","\N","Harderwijk (Harderwijk, Gl)","\N"
"18512","942","10793","\N","\N","Staverden (Ermelo, Gl)","\N"
"18514","942","1782","\N","\N","Elspeet (Nunspeet, Gl)","\N"
"18516","942","11359","\N","\N","Woeste Hoeve (Apeldoorn, Gl)","\N"
"18518","942","8853","\N","\N","Zutphen (Zutphen, Gl)","\N"
"18520","1296","2512","\N","\N","&#60;a href=&#34;https://hov.isgv.de/Klitschmar_(Gro%C3%9F-,_Klein-)&#34;&#62;Art. Klitschmar (Groß-, Klein-)&#60;/a&#62;","\N"
"18522","942","10794","\N","\N","Bredevoort (Aalten, Gl)","\N"
"18524","942","1020","\N","\N","Bronkhorst (Bronckhorst, Gl)","\N"
"18526","942","1484","\N","\N","Doesburg (Doesburg, Gl)","\N"
"18528","942","1485","\N","\N","Doetinchem (Doetinchem, Gl)","\N"
"18530","942","7655","\N","\N","Terborg (Oude IJsselstreek, Gl)","\N"
"18532","942","64","\N","\N","&#39;s-Heerenberg (Montferland, Gl)","\N"
"18534","942","8774","\N","\N","Zevenaar (Zevenaar, Gl)","\N"
"21181","4","14099","\N","\N","140","\N"
"18536","942","12295","\N","\N","Haskerhorne (De Fryske Marren, Fr)","\N"
"18538","942","12296","\N","\N","Oudehaske (De Fryske Marren, Fr)","\N"
"18540","942","12329","\N","\N","Sint Nicolaasga (De Fryske Marren, Fr)","\N"
"18542","1754","8612","\N","\N","29","\N"
"18544","1006","8612","\N","\N","22","\N"
"18546","1706","1390","\N","tolls","39-40","\N"
"18548","1706","1415","\N","tolls","40","\N"
"18550","1706","1439","\N","tolls","40","\N"
"18552","1706","1449","\N","tolls","40","\N"
"18554","1706","1526","\N","tolls","40f.","\N"
"18556","1706","1542","\N","tolls","41","\N"
"18558","1706","1545","\N","tolls","41","\N"
"18560","942","12392","\N","\N","Tjerkwerd (Súdwest-Fryslân, Fr)","\N"
"18562","1006","809","\N","\N","22","\N"
"18564","1754","809","\N","\N","29","\N"
"18566","1006","4314","\N","\N","21-22","\N"
"18568","1706","1611","\N","tolls","41","\N"
"18570","1754","4314","\N","\N","29, 31-32","\N"
"18572","1706","1614","\N","tolls","41","\N"
"18574","1706","1627","\N","tolls","41","\N"
"18576","1706","1639","\N","tolls","41f.","\N"
"18578","1706","1674","\N","tolls","42","\N"
"18580","1706","1748","\N","tolls","43","\N"
"18582","1706","1793","\N","tolls","43","\N"
"18584","1706","1814","\N","tolls","43f.","\N"
"18586","1706","1849","\N","tolls","44","\N"
"18588","1706","1938","\N","tolls","45","\N"
"18590","1706","2086","\N","tolls","45","\N"
"18592","1706","2148","\N","tolls","46","\N"
"18602","942","13438","\N","\N","Krimpen aan de Lek (Krimpenerwaard, ZH)","\N"
"18604","942","13439","\N","\N","Krimpen aan den IJssel (Krimpen aan den IJssel, ZH)","\N"
"18606","942","12079","\N","\N","Enumatil (Westerkwartier, Gr)","\N"
"18612","942","13440","\N","\N","Beetsterzwaag (Opsterland, Fr)","\N"
"18614","942","13441","\N","\N","Akkrum (Heerenveen, Fr)","\N"
"18616","942","13442","\N","\N","Aldeboarn (Heerenveen, Fr)","\N"
"18624","942","12090","\N","\N","Spier (Midden-Drenthe, D)","\N"
"18626","942","12363","\N","\N","Donkerbroek (Ooststellingwerf, Fr)","\N"
"18628","942","13456","\N","\N","Norg (Noordenveld, D)","\N"
"18630","942","10795","\N","\N","Gendt (Lingewaard, Gl)","\N"
"18632","942","12335","\N","\N","Oudeschoot (Heerenveen, Fr)","\N"
"18634","942","13457","\N","\N","Wolvega (Weststellingwerf, Fr)","\N"
"18636","942","13467","\N","\N","Heino (Raalte, O)","\N"
"18638","942","13468","\N","\N","Wijthmen (Zwolle, O)","\N"
"18640","1706","13307","\N","tolls","47","\N"
"18642","1706","2250","\N","tolls","47","\N"
"18644","1706","2254","\N","tolls","47","\N"
"18646","1706","2420","\N","tolls","48","\N"
"18648","1706","12049","\N","tolls","48","\N"
"18650","1706","2429","\N","tolls","49","\N"
"18652","1706","2728","\N","tolls","49","\N"
"18654","1706","2731","\N","tolls","49","\N"
"18656","1706","2761","\N","tolls","50","\N"
"18658","1706","2781","\N","tolls","50","\N"
"18660","1706","2806","\N","tolls","50","\N"
"18662","1706","2929","\N","tolls","51","\N"
"18666","1706","3018","\N","tolls","52","\N"
"18668","1706","3238","\N","tolls","53","\N"
"18670","1706","3247","\N","tolls","53","\N"
"18672","1706","9887","\N","tolls","53-54","\N"
"18674","4","5418","\N","\N","380","\N"
"18676","4","5418","\N","tolls","380","\N"
"18678","4","2805","\N","tolls","380","\N"
"18680","942","13471","\N","\N","Den Ham (Twenterand, O)","\N"
"18600","942","12627","\N","\N","IJsselmonde (Rotterdam, ZH)","\N"
"18682","1706","3254","\N","tolls","54","\N"
"18684","1706","5339","\N","tolls","54","\N"
"18686","1706","3356","\N","tolls","54f.","\N"
"18688","1706","3441","\N","tolls","55","\N"
"18690","1706","3443","\N","tolls","55","\N"
"18692","1706","3484","\N","tolls","55f.","\N"
"18694","942","13482","\N","\N","Losser (Losser, O)","\N"
"18696","942","10796","\N","\N","Batenburg (Wijchen, Gl)","\N"
"18698","942","10800","\N","\N","Maasbommel (West Maas en Waal, Gl)","\N"
"18700","942","7714","\N","\N","Tiel (Tiel, Gl)","\N"
"18702","942","8701","\N","\N","Zaltbommel (Zaltbommel, Gl)","\N"
"18704","942","10798","\N","\N","Asperen (Lingewaal, Gl)","\N"
"18706","942","10797","\N","\N","Culemborg (Culemborg, Gl)","\N"
"18708","942","8879","\N","\N","Beusichem (Buren, Gl)","\N"
"18710","942","8878","\N","\N","Buren (Buren, Gl)","\N"
"18712","1742","2762","\N","\N","Halen (LB) pag. 95","\N"
"18714","1742","8667","\N","\N","Wuustwezel (AN) pag. 285","\N"
"18716","1742","4893","\N","\N","167","\N"
"18718","1742","6971","\N","\N","223","\N"
"18720","1742","7154","\N","\N","Sint-Job-in-`t-Goor (AN) pag. 230","\N"
"18722","1742","7156","\N","\N","233","\N"
"18724","1742","3194","\N","\N","114","\N"
"18726","1742","8368","\N","\N","Westmalle (AN) pag. 275","\N"
"18728","1706","3553","\N","tolls","56","\N"
"18730","1706","3552","\N","tolls","56f.","\N"
"18734","1706","3624","\N","tolls","58","\N"
"18736","1706","3630","\N","tolls","58","\N"
"18738","1742","7850","\N","\N","Turnhout (AN) pag. 250","\N"
"18740","1742","5742","\N","\N","Oostmalle (AN) pag. 191","\N"
"18742","1742","4561","\N","\N","Lommel (LB) pag. 152","\N"
"18744","1742","5782","\N","\N","Overpelt (LB) pag. 199","\N"
"18746","1742","3598","\N","\N","Kaulille (LB) pag. 126","\N"
"18750","1742","7431","\N","\N","243","\N"
"18768","1742","7751","\N","\N","249","\N"
"18770","1706","3634","\N","tolls","58","\N"
"18772","1706","3662","\N","tolls","59","\N"
"18774","1742","5946","\N","\N","203","\N"
"18776","1706","3801","\N","tolls","59","\N"
"18778","1742","814","\N","\N","47","\N"
"18780","1742","836","\N","\N","49","\N"
"18782","38","3852","\N","\N","320","\N"
"18784","1742","2958","\N","\N","103","\N"
"18786","1742","8074","\N","\N","263","\N"
"18788","1742","7153","\N","\N","Sint-Truiden (LB) pag. 238","\N"
"18790","1706","3852","\N","tolls","59f.","\N"
"18792","1742","2772","\N","\N","Halmaal (LB) pag. 96","\N"
"18794","1742","8177","\N","\N","Wange (VB) pag. 270","\N"
"18796","1742","3234","\N","\N","Walshoutem (VB) pag. 269","\N"
"18798","1742","5186","\N","\N","Neerwinden (VB) pag.180","\N"
"18800","1742","4184","\N","\N","Laar (VB) pag. 141","\N"
"18802","1742","1859","\N","\N","Ezemaal (VB) pag. 81","\N"
"18804","1742","2755","\N","\N","Hakendover (VB) pag. 95","\N"
"18806","1742","7715","\N","\N","248","\N"
"18808","1742","2855","\N","\N","Hasselt (LB) pag. 99","\N"
"18810","1742","1266","\N","\N","Kuringen (LB) pag. 138","\N"
"18812","1742","7280","\N","\N","Spalbeek (LB) pag. 240","\N"
"18814","1742","2972","\N","\N","Herk-e-Stad (LB) pag. 106","\N"
"18816","1742","8232","\N","\N","Webbekom (VB) pag. 271","\N"
"18818","1742","5866","\N","\N","Peer (LB) pag. 201","\N"
"18820","1742","8436","\N","\N","Wijchmaal (LB) pag. 278","\N"
"18822","1742","5017","\N","\N","171","\N"
"18824","1742","5602","\N","\N","Oevel (AN) pag. 186","\N"
"18826","1742","2977","\N","\N","Herentals (AN) pag. 106","\N"
"18828","1742","8082","\N","\N","Vorselaar (AN) pag. 263","\N"
"18830","1742","6168","\N","\N","Pulle (AN) pag. 205","\N"
"18832","1742","6167","\N","\N","Pulderbos (AN) pag. 205","\N"
"18834","1742","8705","\N","\N","Zandhoven (AN) pag. 287","\N"
"18836","1742","5588","\N","\N","Oelegem (AN) pag. 185","\N"
"18838","1742","6259","\N","\N","Ranst (AN) pag. 208","\N"
"18840","1742","4442","\N","\N","Lier (AN) pag. 148","\N"
"18844","1742","2997","\N","\N","Herselt (AN) pag. 107","\N"
"18846","1742","5056","\N","\N","Mortsel (AN) pag. 174","\N"
"18752","1742","7987","\N","\N","256","\N"
"18850","1742","8149","\N","\N","Walem (AN) pag.269","\N"
"18852","1742","8104","\N","\N","Waarloos (AN) pag. 267","\N"
"18854","1742","12611","\N","\N","280","\N"
"18856","1742","3551","\N","\N","Kapelle-op-den-Bos (VB) pag. 125","\N"
"18858","38","3888","\N","\N","323f.","\N"
"18860","1742","6254","\N","\N","Ramsdonk (VB) pag. 207","\N"
"18862","1742","6692","\N","\N","Sint-Amands (AN) pag. 225","\N"
"18864","1742","4299","\N","\N","Lebbeke (OV) pag. 143","\N"
"18866","1742","4882","\N","\N","Merchtem (VB) pag. 166","\N"
"18868","1742","8607","\N","\N","Wolvertem (VB) pag. 282","\N"
"18870","1742","8027","\N","\N"," 258","\N"
"18872","1742","5913","\N","\N","Peutie (VB) pag. 203","\N"
"18756","1742","6414","\N","\N","210","\N"
"18754","1742","2975","\N","\N","104","\N"
"18758","1742","4949","\N","\N","169","\N"
"18764","1742","2001","\N","\N","265","\N"
"18766","1742","3035","\N","\N","64","\N"
"18762","1742","5178","\N","\N","180","\N"
"18760","1742","4719","\N","\N","157","\N"
"18748","3765","5673","\N","\N","195","\N"
"18874","1742","4867","\N","\N","Melsbroek (VB) pag. 164","\N"
"18876","1742","5469","\N","\N","Nossegem (VB) pag. 184","\N"
"18878","1742","4699","\N","\N","156","\N"
"18880","1742","4694","\N","\N","Maaseik (LB) pag 156","\N"
"18882","1742","4816","\N","\N","Mechelen (LB) pag. 160","\N"
"18884","1742","5098","\N","\N","Muizen (AN) pag. 174","\N"
"18886","1742","3037","\N","\N","Hever (VB) pag. 109","\N"
"18888","1706","3888","\N","tolls","60f.","\N"
"19060","1742","4185","\N","\N","141","\N"
"18892","1742","7720","\N","\N","Tildonk (VB) pag. 248","\N"
"18894","1742","2976","\N","\N","Herent (VB) pag. 105","\N"
"18896","1706","2618","\N","tolls","61","\N"
"18898","1742","4589","\N","\N","147","\N"
"18900","1742","3952","\N","\N","Korbeek-Lo (VB) pag. 135","\N"
"18902","1706","3927","\N","tolls","61","\N"
"18904","1742","896","\N","\N","Boutersem (VB) pag. 52","\N"
"18906","1742","6516","\N","\N","Roosbeek (VB) pag. 214","\N"
"18908","1742","8481","\N","\N","Winksele (VB) pag. 282","\N"
"18910","1742","6561","\N","\N","215","\N"
"18912","1742","6431","\N","\N","211","\N"
"18914","1706","4020","\N","tolls","61","\N"
"18916","1706","4038","\N","tolls","62f.","\N"
"18918","1742","360","\N","\N","33","\N"
"18920","1706","4118","\N","tolls","62","\N"
"18922","1706","4369","\N","tolls","63","\N"
"18924","1706","4453","\N","tolls","63","\N"
"18926","1706","4469","\N","tolls","63-64","\N"
"18928","1706","13308","\N","tolls","65","\N"
"18930","1706","4628","\N","tolls","65","\N"
"18932","1706","4654","\N","tolls","66","\N"
"18934","1706","4749","\N","tolls","68","\N"
"18936","1706","4836","\N","tolls","68","\N"
"18938","1706","4849","\N","tolls","68","\N"
"18940","1706","4884","\N","tolls","69","\N"
"18942","1706","4997","\N","tolls","69f.","\N"
"18944","1706","5023","\N","tolls","70","\N"
"18946","1706","5003","\N","tolls","70","\N"
"18948","1706","5035","\N","tolls","70","\N"
"18950","1706","5037","\N","tolls","70-71","\N"
"18952","1706","5099","\N","tolls","71f.","\N"
"18954","1706","5100","\N","tolls","72","\N"
"18956","1706","5190","\N","tolls","72","\N"
"18958","1706","13303","\N","tolls","73","\N"
"18960","1706","5304","\N","tolls","73f.","\N"
"18962","1706","12229","\N","tolls","74","\N"
"18964","1706","5358","\N","tolls","74","\N"
"18966","1646","13384","\N","\N","261","\N"
"18970","1706","5536","\N","tolls","75","\N"
"18972","1706","5559","\N","tolls","75","\N"
"18974","1706","6071","\N","tolls","77","\N"
"18976","1706","13306","\N","tolls","78","\N"
"18978","1706","6221","\N","tolls","78","\N"
"18980","1706","6356","\N","tolls","78f.","\N"
"18982","1706","6395","\N","tolls","80","\N"
"18984","1706","6396","\N","tolls","80","\N"
"18986","1706","6397","\N","tolls","81","\N"
"18988","1706","6400","\N","tolls","81","\N"
"18990","1706","6477","\N","tolls","81","\N"
"18992","1706","6610","\N","tolls","81f.","\N"
"18994","1706","6738","\N","tolls","82","\N"
"18996","1706","6835","\N","tolls","83","\N"
"18998","1706","6902","\N","tolls","83","\N"
"19000","1706","7160","\N","tolls","85","\N"
"19002","1706","7165","\N","tolls","85","\N"
"19004","1706","7230","\N","tolls","85","\N"
"19006","1706","7265","\N","tolls","85f.","\N"
"19008","942","13498","\N","\N","Hooge Mierde (Reusel-De Mierden, NB)","\N"
"19010","942","2818","\N","\N","Harmöle (Haaksbergen, O)","\N"
"19014","942","12153","\N","\N","Molletjesveer (Zaanstad, NH)","\N"
"19016","942","12459","\N","\N","  Gouwsluis (Alphen aan den Rijn, ZH)","\N"
"19018","1774","12459","\N","\N","accessed 26-2-2021","\N"
"19032","1742","7159","\N","\N","Sint-Stevens-Woluwe","\N"
"19034","1742","6837","\N","\N","221","\N"
"19038","1742","3965","\N","\N","Kortenberg (VB) pag 135","\N"
"19040","1742","3864","\N","\N","132","\N"
"19042","1742","2810","\N","\N","Haren (BR) pag. 98","\N"
"19044","1742","6791","\N","\N","219","\N"
"19048","942","8841","\N","\N","Zuidlaren (Tynaarlo, D)","\N"
"19050","942","13504","\N","\N","Budel (Cranendonck, NB)","\N"
"19052","1706","7447","\N","tolls","86","\N"
"19054","1706","7458","\N","tolls","86","\N"
"19056","1706","12671","\N","tolls","87","\N"
"19058","1706","7732","\N","tolls","88","\N"
"19068","1742","6640","\N","\N","216","\N"
"19074","1742","8754","\N","\N","288","\N"
"19076","1742","8758","\N","\N","Zellik (VB) pag. 289","\N"
"19078","1742","8761","\N","\N","289","\N"
"19080","1742","2756","\N","\N","Halle (VB) pag. 96","\N"
"19082","1742","1841","\N","\N","Erpe (OV) pag. 78","\N"
"19084","942","13510","\N","\N","Bergeijk (Bergeijk, NB)","\N"
"19086","1706","7794","\N","tolls","88","\N"
"19090","1706","7883","\N","tolls","89","\N"
"19092","1706","7895","\N","tolls","89","\N"
"19094","1706","7919","\N","tolls","89","\N"
"19066","1742","5781","\N","\N","198","\N"
"19046","1742","4859","\N","\N","164","\N"
"19072","1742","8370","\N","\N","276","\N"
"19062","1742","5654","\N","\N","189","\N"
"19064","1742","5764","\N","\N","195","\N"
"19070","3765","1981","\N","\N","236, 262","\N"
"19096","1706","7931","\N","tolls","89","\N"
"19098","1706","7984","\N","tolls","90","\N"
"19100","1706","8000","\N","tolls","90","\N"
"19106","1706","11920","\N","tolls","91","\N"
"19108","1706","8221","\N","tolls","91-92","\N"
"19110","1706","8263","\N","tolls","92","\N"
"19114","1742","13508","\N","\N","Achel (LB) pag. 25","\N"
"19118","1742","13506","\N","\N","Hamont (LB) pag. 97","\N"
"19120","1742","13500","\N","\N","Poppel (AN) pag. 205","\N"
"19122","1742","13511","\N","\N","Kinrooi (LB) pag. 130","\N"
"19142","1706","8329","\N","tolls","93","\N"
"19144","1706","8331","\N","tolls","93","\N"
"19146","1706","11669","\N","tolls","93","\N"
"19148","1706","8345","\N","tolls","93","\N"
"19150","1706","8397","\N","tolls","93f.","\N"
"19152","1706","8430","\N","tolls","94","\N"
"19154","1706","8445","\N","tolls","94","\N"
"19156","1706","8482","\N","tolls","94","\N"
"19158","1706","8494","\N","tolls","94","\N"
"19160","1706","8618","\N","tolls","94","\N"
"19164","1706","8677","\N","tolls","95","\N"
"19166","1706","8828","\N","tolls","95","\N"
"19168","1706","12252","\N","tolls","52","\N"
"19180","942","12958","\N","\N","Locht (Kerkrade, Lb)","\N"
"19182","1706","12958","\N","tolls","65","\N"
"19192","942","13531","\N","\N","Haarle (Hellendoorn, O)","\N"
"19196","942","13541","\N","\N","Elsen (Hof van Twente, O)","\N"
"19198","1742","10544","\N","\N","Reppel (LB) pag. 209","\N"
"19200","1742","13527","\N","\N","Neerpelt (LB) pag. 179","\N"
"19202","942","13553","\N","\N","Aalten (Aalten, Gl)","\N"
"19204","38","4716","\N","\N","387","\N"
"19206","38","818","\N","\N","80","\N"
"19208","38","6074","\N","\N","496-497","\N"
"19210","38","5492","\N","\N","460-461","\N"
"19212","38","8654","\N","\N","707","\N"
"19214","38","4955","\N","\N","409","\N"
"19216","942","13074","\N","\N","Rimburg (Landgraaf, Lb)","\N"
"19234","1052","9526","\N","\N","618","\N"
"19278","1776","13597","\N","\N","61","\N"
"19280","1646","11130","\N","\N","446","\N"
"19284","1778","8876","\N","\N","16-18, 31","\N"
"19286","1778","3196","\N","\N","16-18, 31","\N"
"19288","1778","1811","\N","\N","16-18, 31","\N"
"19290","1778","6562","\N","\N","16-18, 31","\N"
"19292","1778","1374","\N","\N","16-18, 31","\N"
"19298","1534","11887","\N","\N","(consulted 14 September 2020)","\N"
"19314","1780","13109","\N","\N","\N","\N"
"19316","784","5565","\N","\N","298","\N"
"19318","4","5200","\N","\N","139","\N"
"19330","988","13614","\N","\N","429-430","\N"
"19332","988","11173","\N","\N","426-427","\N"
"19334","988","11170","\N","\N","426-427","\N"
"19340","988","13616","\N","\N","428","\N"
"19342","1782","13619","\N","\N","&#60;a href=&#34;https://id.erfgoed.net/erfgoedobjecten/41431&#34;&#62;&#39;s Hertogenmolens&#60;/a&#62;","\N"
"19352","942","13633","\N","\N","Oldemarkt (Steenwijkerland, O)","\N"
"19356","942","13638","\N","\N","Achterveld (Leusden, U)","\N"
"19358","942","13317","\N","\N","Lunteren (Ede, Gl)","\N"
"19360","942","13318","\N","\N","Scherpenzeel (Scherpenzeel, Gl)","\N"
"19362","942","13639","\N","\N","Woudenberg (Woudenberg, U)","\N"
"19364","1052","6886","\N","\N","576","\N"
"19366","1052","10322","\N","\N","305","\N"
"19368","942","12465","\N","\N","Vreeswijk (Nieuwegein, U)","\N"
"19370","942","13645","\N","\N","Gronsveld","\N"
"19372","942","13646","\N","\N","Rijckholt","\N"
"19374","942","13647","\N","\N","Breust","\N"
"19376","1536","13647","\N","\N","62","\N"
"19378","942","12684","\N","\N","Hazerswoude (Alphen aan den Rijn, ZH)","\N"
"19380","942","12180","\N","\N","Oudshoorn (Alphen aan den Rijn, ZH)","\N"
"20110","1824","13759","\N","\N","34-35","\N"
"19382","942","12675","\N","\N","Alphen aan den Rijn (Alphen aan den Rijn, ZH)","\N"
"19384","942","13650","\N","\N","Zwammerdam (Alphen aan den Rijn, ZH)","\N"
"19386","942","13652","\N","\N","Halfweg (Haarlemmermeer, NH)","\N"
"19388","942","13653","\N","\N","Ouderkerk aan de Amstel (Amstelveen, NH)","\N"
"19390","942","13654","\N","\N","Baambrugge (De Ronde Venen, U)","\N"
"19392","942","13657","\N","\N","Hinderdam (Wijdemeren, NH)","\N"
"19394","942","13658","\N","\N","Hinderdam (Wijdemeren, NH)","\N"
"19396","942","13661","\N","\N","Amstelveen (Amstelveen, NH)","\N"
"19398","942","13662","\N","\N","Leimuiden (Kaag en Braassem, ZH)","\N"
"19400","942","12169","\N","\N","Santpoort-Noord (Velsen, NH)","\N"
"19402","942","13663","\N","\N","Castricum (Castricum, NH)","\N"
"19404","942","12149","\N","\N","Limmen (Castricum, NH)","\N"
"19406","942","12585","\N","\N","Hellevoetsluis; Nieuw-Helvoet (Hellevoetsluis, ZH)","\N"
"19408","942","12729","\N","\N","Meerkerk (Zederik, ZH)","\N"
"19410","942","13229","\N","\N","Capelle (Waalwijk, NB)","\N"
"19412","942","13682","\N","\N","Neer-Andel (Woudrichem, NB)","\N"
"19414","942","13174","\N","\N","Hedel (Maasdriel, Gl)","\N"
"19416","942","13223","\N","\N","Elshout (Heusden, NB)","\N"
"19418","942","13222","\N","\N","Drunen (Heusden, NB)","\N"
"19420","942","13119","\N","\N","Goirle (Goirle, NB)","\N"
"19422","942","12618","\N","\N","Kruisstraat (Halderberge, NB)","\N"
"19430","1650","963","\N","\N","63-64, 94","\N"
"19438","942","13686","\N","\N","Ede (Ede, Gl)","\N"
"19458","574","9466","\N","\N","&#60;a href=&#34;https://www.lagis-hessen.de/de/subjects/idrec/sn/ol/id/12535&#34;&#62;Drasenberg, Main-Kinzig-Kreis &#60;/a&#62; (Stand: 05.10.2018)","\N"
"20112","1824","13764","\N","\N","35-36","\N"
"22999","1646","11903","\N","\N","328","\N"
"19496","942","13692","\N","\N","Zoelmond (Buren, Gl)","\N"
"19498","942","13697","\N","\N","Ravenswaaij (Buren, Gl)","\N"
"19500","66","13705","\N","\N","293","\N"
"19502","1786","106","\N","\N","379-381","\N"
"19504","1786","7003","\N","\N","384-385","\N"
"19506","4","308","\N","\N","164","\N"
"19508","1786","830","\N","\N","385-386","\N"
"19510","1786","2179","\N","\N","388-390","\N"
"19512","1788","12743","\N","\N","\N","\N"
"19514","1790","4770","\N","\N","\N","\N"
"19516","942","13714","\N","\N","Wamel (West Maas en Waal, Gl)","\N"
"19518","1792","4604","\N","staple","10:76","\N"
"19520","1794","4604","\N","staple","I, 6:397§60, 398, 557","\N"
"19522","1796","2990","\N","\N","no. 154","\N"
"19524","4","2990","\N","tolls","178","\N"
"19526","1252","2990","\N","tolls","30","\N"
"19528","1796","1645","\N","\N","no. 4186","\N"
"19530","1796","3738","\N","\N","no. 203","\N"
"19532","1796","2069","\N","\N","no. 375","\N"
"19534","4","1821","\N","tolls","154","\N"
"19536","1252","1821","\N","tolls","45","\N"
"19538","1798","4667","\N","tolls","116","\N"
"19540","4","7007","\N","tolls","203","\N"
"19542","1800","410","\N","\N","23","\N"
"19544","1800","790","\N","\N","27","\N"
"19546","1800","4681","\N","\N","89","\N"
"19548","1800","7961","\N","\N","149","\N"
"19550","1800","3122","\N","\N","136","\N"
"19552","1800","6989","\N","\N","130","\N"
"19554","1800","9021","\N","\N","127","\N"
"19556","1800","6672","\N","\N","124","\N"
"19558","1800","3901","\N","\N","73","\N"
"19560","1800","8217","\N","\N","156","\N"
"19562","1800","1035","\N","\N","30","\N"
"19564","1800","766","\N","\N","27","\N"
"19566","1800","550","\N","\N","25","\N"
"19568","1800","549","\N","\N","25","\N"
"19570","1800","385","\N","\N","22","\N"
"19572","1800","381","\N","\N","22","\N"
"19582","1800","891","\N","\N","28","\N"
"19594","574","2488","\N","\N","&#60;a href=&#34;https://www.lagis-hessen.de/de/subjects/idrec/sn/ol/id/9773&#34;&#62;Groß-Felda, Vogelsbergkreis&#60;/a&#62; (Stand: 21.04.2021)","\N"
"20116","1824","13756","\N","\N","36-38","\N"
"20150","1796","9028","\N","\N","no. 3097","\N"
"19640","574","3181","\N","\N","&#60;a href=&#34;https://www.lagis-hessen.de/de/subjects/gsrec/current/1/sn/ol?q=H%C3%B6nebach&#34; &#62;Hönebach, Landkreis Hersfeld-Rotenburg&#60;/a&#62; (Stand: 21.04.2021)","\N"
"19666","1650","3776","\N","\N","281-282","\N"
"19712","574","5109","\N","\N","&#60;a href=&#34;https://www.lagis-hessen.de/de/subjects/idrec/sn/ol/id/9234&#34; &#62;Münchhausen, Landkreis Marburg-Biedenkopf &#60;/a&#62; (Stand: 21.04.2021)","\N"
"20124","1818","13775","\N","\N","\N","\N"
"20126","1828","13095","\N","\N","74-75","\N"
"20128","1828","6808","\N","\N","75","\N"
"19760","1804","3574","\N","\N","34-49","\N"
"19762","1808","3574","\N","tolls","260f.","\N"
"19766","1802","3574","\N","staple","62f., 80-83, 95-104, 127f.","\N"
"19768","1806","3574","\N","fairs","94-98","\N"
"20130","942","13781","\N","\N","Schermerhorn (Schermer, NH)","\N"
"20132","942","13782","\N","\N","De Rijp (Graft-De Rijp, NH)","\N"
"19812","920","1258","\N","\N","281","\N"
"19814","920","1468","\N","\N","282","\N"
"19818","38","1153","\N","\N","100","\N"
"19852","574","6635","\N","\N","&#60;a href=&#34;https://www.lagis-hessen.de/de/subjects/idrec/sn/ol/id/10447&#34; &#62;Ruttershausen, Landkreis Gießen &#60;/a&#62; (Stand: 22.04.2021)","\N"
"19864","1800","880","\N","\N","28","\N"
"20134","942","13785","\N","\N","Busch en Dam (Uitgeest, NH)","\N"
"19912","574","8582","\N","\N","&#60;a href=&#34;https://www.lagis-hessen.de/de/subjects/idrec/sn/ol/id/11954&#34;&#62;Wölfersheim, Wetteraukreis&#60;/a&#62; (Stand: 15.03.2022)","\N"
"19938","38","2705","\N","\N","229","\N"
"19940","1800","1113","\N","\N","32","\N"
"19942","38","2743","\N","\N","235-236","\N"
"19944","38","4017","\N","\N","329","\N"
"19946","38","4181","\N","\N","339","\N"
"19948","38","4621","\N","\N","151","\N"
"19950","38","4723","\N","\N","383","\N"
"19952","38","5224","\N","\N","430","\N"
"19954","1800","217","\N","\N","63","\N"
"19956","920","217","\N","\N","311","\N"
"19958","38","5314","\N","\N","443","\N"
"19960","1800","5314","\N","\N","100","\N"
"19962","38","5831","\N","\N","480","\N"
"19964","1800","5831","\N","\N","103","\N"
"19966","38","5968","\N","\N","488","\N"
"19968","38","1321","\N","\N","515","\N"
"19970","38","6457","\N","\N","519","\N"
"19972","38","6545","\N","\N","526","\N"
"19974","920","6545","\N","\N","322-324","\N"
"19976","38","6928","\N","\N","557","\N"
"19978","38","6989","\N","\N","563","\N"
"19980","38","7018","\N","\N","570","\N"
"19982","920","7342","\N","\N","332","\N"
"19984","38","7342","\N","\N","595","\N"
"19986","38","7343","\N","\N","595","\N"
"19988","38","7485","\N","\N","444","\N"
"19990","38","8191","\N","\N","657","\N"
"19992","38","8193","\N","\N","435-436","\N"
"19994","38","7671","\N","\N","616","\N"
"19996","38","8505","\N","\N","684","\N"
"19998","38","8516","\N","\N","685","\N"
"20000","920","8575","\N","\N","348","\N"
"20002","38","8575","\N","\N","687","\N"
"20004","920","4966","\N","\N","308","\N"
"20006","1800","4965","\N","\N","95","\N"
"20008","920","13718","\N","\N","289","\N"
"20010","38","13718","\N","\N","211","\N"
"20012","920","13719","\N","\N","306","\N"
"20014","38","13719","\N","\N","383-384","\N"
"20016","920","13720","\N","\N","307","\N"
"20018","1800","13720","\N","\N","91","\N"
"20020","920","13721","\N","\N","316-317","\N"
"20022","38","13721","\N","\N","483","\N"
"20024","920","13722","\N","\N","333","\N"
"20026","38","13722","\N","\N","596","\N"
"20028","920","7805","\N","\N","252-253","\N"
"20030","1746","7806","\N","\N","305-307","\N"
"20032","1746","7343","\N","\N","240-243","\N"
"20034","544","9887","\N","tolls","237","\N"
"20036","598","9887","\N","tolls","XXII, 613, 963","\N"
"20038","600","9887","\N","tolls","9","\N"
"20040","216","9887","\N","\N","142","\N"
"20042","1706","13747","\N","tolls","58, 88","\N"
"20044","1810","11983","\N","tolls","17","\N"
"20046","1810","11983","\N","\N","17","\N"
"20048","1810","2396","\N","\N","22-23","\N"
"20050","1812","2396","\N","\N","\N","\N"
"20052","1810","11981","\N","\N","19-20","\N"
"20056","1810","10796","\N","\N","20-21","\N"
"20058","1816","11748","\N","\N","\N","\N"
"20060","1818","3152","\N","\N","\N","\N"
"20064","1820","13748","\N","\N","37-88","\N"
"20066","1820","13748","\N","tolls","96-119","\N"
"20068","1822","13748","\N","tolls","\N","\N"
"20070","1814","13751","\N","\N","21, 25, 28, 32, 34","\N"
"20072","1814","13752","\N","\N","32-34","\N"
"20074","1814","11125","\N","\N","18-21","\N"
"20076","1814","11124","\N","\N","32-34","\N"
"20078","1814","13753","\N","\N","32-34","\N"
"20080","1814","13754","\N","\N","35","\N"
"20086","1824","11124","\N","\N","31","\N"
"20088","1824","13752","\N","\N","31","\N"
"20090","1824","11125","\N","\N","30","\N"
"20092","1824","13753","\N","\N","31","\N"
"20094","1824","13754","\N","\N","31","\N"
"20096","606","13765","\N","\N","\N","\N"
"20098","1826","13765","\N","\N","\N","\N"
"20100","1824","13766","\N","\N","29, 45","\N"
"20102","1824","13767","\N","\N","40-45","\N"
"20104","1824","13751","\N","\N","30","\N"
"20106","1824","13760","\N","\N","33, 36","\N"
"20108","1824","13757","\N","\N","32, 38-39","\N"
"20136","1828","13785","\N","\N","75-76","\N"
"20142","1832","13791","\N","\N","144-152","\N"
"20144","1800","7076","\N","\N","132","\N"
"20152","1800","7776","\N","\N","146","\N"
"20160","920","13798","\N","\N","512-513","\N"
"20162","920","13799","\N","\N","514","\N"
"20164","920","13800","\N","\N","546","\N"
"20166","920","13801","\N","\N","550","\N"
"20168","1836","3131","\N","fairs","25, 46","\N"
"20170","1836","3131","\N","\N","24-25, 45-46","\N"
"20172","1838","13802","\N","\N","28-31","\N"
"20174","1838","2705","\N","\N","8-16","\N"
"20176","1838","9046","\N","\N","28-29","\N"
"20178","1838","2412","\N","\N","28-29","\N"
"20180","1838","11462","\N","\N","28-29","\N"
"20182","1838","13803","\N","\N","28-29","\N"
"20184","1838","2705","\N","tolls","135","\N"
"20188","920","13807","\N","\N","625","\N"
"20190","920","13808","\N","\N","629","\N"
"20192","920","13809","\N","\N","630","\N"
"20194","920","13810","\N","\N","639","\N"
"20196","920","13811","\N","\N","642-643","\N"
"20200","920","13812","\N","\N","659","\N"
"20202","920","13813","\N","\N","664-665","\N"
"20210","1846","12144","\N","\N","138-139","\N"
"20212","942","12144","\N","\N","Walsoorden (Hulst, Zl)","\N"
"20214","1846","13830","\N","\N","138","\N"
"20216","1848","13830","\N","\N","277","\N"
"20218","942","12143","\N","\N","Hansweert (Reimerswaal, Zl)","\N"
"20220","1846","12143","\N","\N","138-139","\N"
"20222","1682","12143","\N","\N","100","\N"
"20224","942","13831","\N","\N","Waarde (Reimerswaal, Zl)","\N"
"20226","1846","13831","\N","\N","139","\N"
"20228","942","12141","\N","\N","Kapelle (Kapelle, Zl)","\N"
"20230","1846","13099","\N","\N","39-41","\N"
"20232","942","13099","\N","\N","Yersekendam (Reimerswaal, Zl)","\N"
"20234","1846","12774","\N","\N","39-41, 43-44, 45-47, 108","\N"
"20238","1846","12246","\N","\N","42-43, 108-111","\N"
"20240","1646","13833","\N","\N","284","\N"
"20242","942","12244","\N","\N","Scherpenisse (Tholen, Zl)","\N"
"20244","1846","12242","\N","\N","119-120, 125","\N"
"20246","1850","9557","\N","\N","\N","\N"
"20248","1852","9607","\N","\N","\N","\N"
"20250","942","13836","\N","\N","Overslag (Terneuzen, Zl)","\N"
"20252","1848","13836","\N","\N","258-260, 485","\N"
"20258","1646","11937","\N","\N","260","\N"
"20260","1848","11936","\N","\N","226-227, 352, 493, 547","\N"
"20262","1848","13840","\N","\N","367","\N"
"20266","1848","11924","\N","\N","29, 362-363","\N"
"20268","1848","11936","\N","tolls","367, 484-485","\N"
"20270","1848","11924","\N","tolls","46, 485","\N"
"20272","1848","11937","\N","\N","23-24, 42","\N"
"20274","1848","11937","\N","tolls","98-99, 218, 268, 345-347","\N"
"20276","1848","11937","\N","staple","218-219","\N"
"20278","1848","11910","\N","tolls","237, 347, 485","\N"
"20282","1848","13843","\N","tolls","288-289","\N"
"20284","1848","3512","\N","\N","38","\N"
"20288","1848","13384","\N","\N","227, 345, 547","\N"
"20290","1848","13846","\N","tolls","241, 344, 355, 396-397","\N"
"20292","1848","13848","\N","\N","163-164, 496","\N"
"20294","942","13848","\N","\N","Sint Jansteen (Hulst, Zl)","\N"
"20296","1848","13848","\N","fairs","238, 496","\N"
"20298","1848","11910","\N","\N","96","\N"
"20300","1848","13841","\N","\N","96","\N"
"20302","1848","13846","\N","\N","96, 99","\N"
"20304","1848","13843","\N","\N","80, 110-112, 196, 219, 551","\N"
"20306","1848","11937","\N","fairs","475","\N"
"20308","1848","11910","\N","fairs","538","\N"
"20316","1848","3996","\N","\N","122","\N"
"20318","1848","3512","\N","tolls","367, 485, 523","\N"
"20320","1848","13858","\N","\N","25-26, 77","\N"
"20322","1848","13858","\N","tolls","77, 347","\N"
"20324","1848","13859","\N","\N","77","\N"
"20326","1848","13856","\N","\N","85","\N"
"20328","1854","3946","\N","\N","\N","\N"
"20330","1646","13605","\N","\N","257","\N"
"20332","1846","13605","\N","\N","149","\N"
"20334","1646","13867","\N","\N","257","\N"
"20336","1646","8901","\N","\N","266-267","\N"
"20338","1846","13340","\N","tolls","18-19","\N"
"20340","1846","13340","\N","\N","17-19","\N"
"20342","1846","12145","\N","\N","17-19","\N"
"20344","1682","12145","\N","\N","99","\N"
"20346","1856","8005","\N","fairs","I:248","\N"
"20348","1792","8005","\N","fairs","X:527","\N"
"20350","1856","9705","\N","\N","I:248-251, II:35","\N"
"20352","1856","8236","\N","fairs","I:246-254, II:35-36","\N"
"20354","1856","4475","\N","tolls","I:393","\N"
"20356","244","4475","\N","tolls","242","\N"
"20358","4","9022","\N","\N","254n188","\N"
"20360","4","12455","\N","\N","254","\N"
"20362","1856","2805","\N","tolls","I:393","\N"
"20364","1858","2805","\N","tolls","92","\N"
"20366","1858","2805","\N","fairs","91-92","\N"
"20368","1856","10952","\N","\N","I:393","\N"
"20370","1858","10952","\N","\N","88, 92","\N"
"20371","1859","142","\N","\N","\N","\N"
"20373","1859","13766","\N","\N","23","\N"
"20375","1861","1372","\N","\N","\N","\N"
"20379","1646","11958","\N","\N","272","\N"
"20381","1646","13872","\N","\N","270-272","\N"
"20383","1863","1343","\N","\N","10-15","\N"
"20385","1863","13879","\N","\N","41-42, 77-78, 81-83","\N"
"20387","1863","13879","\N","tolls","77-78","\N"
"20389","1863","9031","\N","\N","13","\N"
"20391","1863","1343","\N","fairs","79","\N"
"20395","1800","4732","\N","\N","90","\N"
"20397","894","5001","\N","tolls","xxviii: 1.2.5","\N"
"20399","894","12464","\N","tolls","xxviii-xxx: 1.2.5 en account no. L","\N"
"20401","1856","3833","\N","\N","I:382","\N"
"20403","1856","465","\N","\N","I:382","\N"
"20405","1856","2351","\N","tolls","I:75-87","\N"
"20407","1867","9455","\N","\N","20","\N"
"20409","1867","907","\N","\N","20","\N"
"20411","1867","4377","\N","\N","18-21","\N"
"20415","1867","11276","\N","\N","26-30, 37-39","\N"
"20417","1867","9288","\N","\N","36","\N"
"20419","1869","13774","\N","tolls","6.1, no. 179","\N"
"20421","1871","13774","\N","tolls","18","\N"
"20423","1873","13774","\N","tolls","288, 306","\N"
"20425","1873","13776","\N","tolls","191, 306","\N"
"20427","1871","13776","\N","tolls","18","\N"
"20431","942","13208","\N","\N","Boxtel (Boxtel, NB)","\N"
"20433","942","13206","\N","\N","Best (Best, NB)","\N"
"20435","942","13173","\N","\N","Oirschot (Oirschot, NB)","\N"
"20437","942","13172","\N","\N","Oostelbeers (Oirschot, NB)","\N"
"20439","942","13171","\N","\N","Middelbeers (Oirschot, NB)","\N"
"20441","1875","7638","\N","fairs","69-72","\N"
"20443","1875","8333","\N","fairs","69n10","\N"
"20447","1877","1417","\N","\N","\N","\N"
"20449","942","13893","\N","\N","Katerveer (Zwolle, O), Katen (O)","\N"
"20451","1877","13893","\N","tolls","53","\N"
"20453","942","13893","\N","tolls","Katen (O)","\N"
"20455","1879","1428","\N","\N","\N","\N"
"20457","1881","1813","\N","\N","\N","\N"
"20459","1883","2156","\N","\N","\N","\N"
"20461","1885","2297","\N","\N","\N","\N"
"20463","1885","2297","\N","fairs","77","\N"
"20465","1885","2297","\N","tolls","77","\N"
"20467","1887","2377","\N","\N","\N","\N"
"20469","1889","2383","\N","\N","\N","\N"
"20471","1858","2805","\N","\N","\N","\N"
"20477","1895","9683","\N","\N","\N","\N"
"20495","1907","12835","\N","\N","99","\N"
"20497","1907","2854","\N","\N","\N","\N"
"20499","1909","5630","\N","\N","\N","\N"
"20501","1909","5630","\N","fairs","115-116","\N"
"20503","216","5630","\N","fairs","Plaatsnaam: Oldenzaal","\N"
"20505","1911","5630","\N","fairs","\N","\N"
"20511","1913","5649","\N","\N","\N","\N"
"20513","1911","5660","\N","fairs","\N","\N"
"20515","1915","5660","\N","fairs","131","\N"
"20517","1915","5660","\N","\N","\N","\N"
"20519","942","13908","\N","\N","Stroe (Barneveld, Gl)","\N"
"20521","942","13909","\N","\N","Jaarwoord generator van Genootschap Onze Taal Voer jaartal in    &#9; Gemert - (geografische naam) Thematische woordenboeken G. van Berkel &#38; K. Samplonius (2018), Nederlandse plaatsnamen verklaard  Gemert (Gemert-Bakel, NB)","\N"
"20523","942","13233","\N","\N","Oerle (Veldhoven, NB)","\N"
"20525","942","13186","\N","\N","Borkel (Valkenswaard, NB)","\N"
"20527","942","13121","\N","\N","Westelbeers (Oirschot, NB)","\N"
"20529","942","13910","\N","\N","Hilvarenbeek (Hilvarenbeek, NB)","\N"
"20531","942","13914","\N","\N","Venray (Venray, Lb)","\N"
"20533","942","13915","\N","\N","Horst (Horst aan de Maas, Lb)","\N"
"20535","942","13045","\N","\N","Tienray (Horst aan de Maas, Lb)","\N"
"20537","942","13920","\N","\N","Katwijk (Cuijk, NB)","\N"
"20539","942","13923","\N","\N","Pannerden (Zevenaar, Gl)","\N"
"20541","942","9334","\N","\N","Lobith (Zevenaar, Gl)","\N"
"20543","1800","1644","\N","\N","44","\N"
"20545","1796","1644","\N","\N","no. 375","\N"
"20547","1796","6482","\N","\N","no. 154","\N"
"20549","1800","2090","\N","\N","48","\N"
"20551","1796","2090","\N","\N","no. 154","\N"
"20553","1800","5852","\N","\N","104","\N"
"20555","1796","5852","\N","\N","no. 375","\N"
"20557","1800","2704","\N","\N","59","\N"
"20559","1796","2704","\N","\N","no. 375","\N"
"20561","1796","1072","\N","\N","no. 375","\N"
"20563","1796","3144","\N","\N","no. 375","\N"
"20565","1800","5203","\N","\N","99","\N"
"20567","1796","5203","\N","\N","no. 375","\N"
"20569","1800","8199","\N","\N","155","\N"
"20571","1796","8199","\N","\N","no. 375","\N"
"20573","1800","2553","\N","\N","124","\N"
"20575","1796","2553","\N","\N","no. 8237","\N"
"20577","1800","9039","\N","\N","92","\N"
"20579","1800","6214","\N","\N","114","\N"
"20581","1796","6214","\N","\N","no. 2758","\N"
"20583","1800","6475","\N","\N","121","\N"
"20585","1800","2252","\N","\N","52","\N"
"20587","1800","5087","\N","\N","44","\N"
"20589","1796","5087","\N","\N","no. 375","\N"
"20591","1796","2252","\N","\N","no. 154","\N"
"20593","1796","2506","\N","\N","no. 375","\N"
"20595","1800","3858","\N","\N","72","\N"
"20597","1796","3858","\N","\N","no. 375","\N"
"20599","1800","2555","\N","\N","125","\N"
"20601","1796","2555","\N","\N","no. 192","\N"
"20603","1800","3578","\N","\N","66","\N"
"20605","1796","3578","\N","\N","no. 375","\N"
"20607","1800","6022","\N","\N","108","\N"
"20609","1796","6022","\N","\N","no. 375","\N"
"20611","1800","2548","\N","\N","118","\N"
"20613","1796","2548","\N","\N","no. 375","\N"
"20615","1917","2409","\N","staple","244-245","\N"
"20617","38","8590","\N","\N","689","\N"
"20619","1919","8590","\N","\N","\N","\N"
"20621","1800","6184","\N","\N","113","\N"
"20623","1800","1564","\N","\N","42","\N"
"20625","1800","5843","\N","\N","104","\N"
"20627","1800","5811","\N","\N","102","\N"
"20629","1800","4263","\N","\N","81","\N"
"20631","1921","6428","\N","\N","\N","\N"
"20633","1911","6428","\N","fairs","\N","\N"
"20635","1921","6428","\N","fairs","137-138","\N"
"20637","1923","7369","\N","\N","\N","\N"
"20639","942","13930","\N","\N","Zelhem (Bronckhorst, Gl)","\N"
"20641","1925","13935","\N","\N","232-246","\N"
"20643","1925","13935","\N","tolls","234, 247-250","\N"
"20645","1925","11736","\N","tolls","249-256","\N"
"20647","1925","13936","\N","\N","67-69","\N"
"20649","1925","13774","\N","\N","264-265","\N"
"20651","1925","13941","\N","\N","401","\N"
"20653","920","13942","\N","\N","163","\N"
"20655","920","13943","\N","\N","179-180","\N"
"20657","920","13944","\N","\N","182","\N"
"20659","920","13945","\N","\N","197","\N"
"20661","920","13946","\N","\N","210-211","\N"
"20663","920","13947","\N","\N","257","\N"
"20665","38","13946","\N","\N","369","\N"
"20667","38","13944","\N","\N","293","\N"
"20669","38","13942","\N","\N","179","\N"
"20671","38","6407","\N","\N","179","\N"
"20673","1662","3669","\N","\N","1069-1070","\N"
"20675","1662","5462","\N","\N","820-821","\N"
"20677","1662","130","\N","\N","994-995","\N"
"20679","1662","13705","\N","\N","994, 997","\N"
"20681","1927","6324","\N","\N","16-24, 82-85","\N"
"20683","1800","6324","\N","\N","117","\N"
"20685","38","6324","\N","\N","506","\N"
"20687","1394","8572","\N","\N","120","\N"
"20689","4","6906","\N","tolls","189","\N"
"20691","866","6906","\N","tolls","50n241","\N"
"20693","866","1644","\N","tolls","50","\N"
"20695","4","1644","\N","tolls","189","\N"
"20697","474","11275","\N","\N","142","\N"
"20699","474","13883","\N","\N","152","\N"
"20701","682","13368","\N","\N","81","\N"
"20703","682","13367","\N","\N","108","\N"
"20705","1052","13027","\N","\N","195","\N"
"20707","1052","13712","\N","\N","598","\N"
"20709","1052","13086","\N","\N","668","\N"
"20711","1052","13593","\N","\N","675","\N"
"20713","1052","12946","\N","\N","654","\N"
"20715","1052","13609","\N","\N","459","\N"
"20717","1052","13602","\N","\N","583","\N"
"20719","1052","13601","\N","\N","651","\N"
"20721","1052","13611","\N","\N","315","\N"
"20723","1052","13612","\N","\N","291","\N"
"20725","1052","12949","\N","\N","354-355","\N"
"20727","1052","12948","\N","\N","621","\N"
"20729","1052","13081","\N","\N","630","\N"
"20731","1052","12947","\N","\N","375","\N"
"20733","1052","13826","\N","\N","387","\N"
"20735","1052","13823","\N","\N","501","\N"
"20737","1052","13806","\N","\N","401","\N"
"20739","1052","13774","\N","\N","589","\N"
"20741","1052","13940","\N","\N","597","\N"
"20743","1052","11736","\N","\N","634","\N"
"20745","1052","13937","\N","\N","487","\N"
"20747","1052","13938","\N","\N","239","\N"
"20749","1052","13935","\N","\N","645","\N"
"20751","1929","5622","\N","fairs","31-32, 67","\N"
"20753","1929","5622","\N","\N","17-34","\N"
"20755","1929","2911","\N","\N","127-134","\N"
"20757","1929","5310","\N","\N","73-99","\N"
"20759","1929","2920","\N","\N","114","\N"
"20761","1929","2920","\N","tolls","102","\N"
"20763","1929","2911","\N","tolls","155-157","\N"
"20765","1929","13949","\N","\N","123-124, 157-159","\N"
"20767","1931","11585","\N","\N","9-35","\N"
"20769","1931","11585","\N","fairs","13","\N"
"20771","1931","11585","\N","tolls","33","\N"
"20773","1925","11586","\N","tolls","254","\N"
"20775","4","9740","\N","\N","387","\N"
"20777","1933","6963","\N","\N","48 A6","\N"
"20779","340","13368","\N","\N","183","\N"
"20781","730","9602","\N","\N","138","\N"
"20783","1054","12947","\N","\N","299-300","\N"
"20785","1054","13774","\N","\N","541","\N"
"20787","1054","13823","\N","\N","451","\N"
"20789","4","9112","\N","\N","418","\N"
"20791","1937","13952","\N","\N","282-283","\N"
"20793","1937","13953","\N","\N","282-283","\N"
"20797","4","13954","\N","\N","418","\N"
"20799","1939","13954","\N","\N","\N","\N"
"20801","1941","5113","\N","fairs","11-14","\N"
"20803","1052","13956","\N","\N","634","\N"
"20805","1796","6893","\N","\N","no. 2876","\N"
"20807","1796","1887","\N","\N","no. 375","\N"
"20809","1796","3138","\N","\N","no. 375","\N"
"20811","1800","2069","\N","\N","46","\N"
"20813","1800","6252","\N","\N","115","\N"
"20815","1800","6784","\N","\N","126","\N"
"20817","1800","746","\N","\N","26","\N"
"20819","1800","8780","\N","\N","166","\N"
"20821","1800","4619","\N","\N","87","\N"
"20823","1800","3262","\N","\N","60","\N"
"20825","1800","2530","\N","\N","92","\N"
"20827","1800","1550","\N","\N","42","\N"
"20829","1796","1993","\N","\N","no. 375","\N"
"20831","1796","1577","\N","\N","no. 1363","\N"
"20833","1800","9019","\N","\N","122","\N"
"20835","1796","9019","\N","\N","no. 375","\N"
"20837","1796","9020","\N","\N","no. 5612","\N"
"20839","340","13367","\N","\N","242","\N"
"20841","730","13367","\N","\N","474-475","\N"
"20843","730","13366","\N","\N","528","\N"
"20845","340","13366","\N","\N","474","\N"
"20847","728","12822","\N","\N","579-580","\N"
"20849","1943","1775","\N","fairs","105, 211","\N"
"20851","1943","10692","\N","fairs","105, 211","\N"
"20853","1943","923","\N","fairs","\N","\N"
"20855","1943","5632","\N","fairs","114, 223","\N"
"20857","1943","7061","\N","fairs","117, 227","\N"
"20859","1943","10668","\N","fairs","117, 229","\N"
"20861","1943","5984","\N","fairs","119, 231","\N"
"20863","1943","5622","\N","fairs","119-120, 231-232","\N"
"20865","1943","10693","\N","fairs","120, 232","\N"
"20867","1943","5310","\N","fairs","120, 233","\N"
"20869","1945","5310","\N","fairs","92-93","\N"
"20871","1943","9997","\N","fairs","136, 261","\N"
"20873","1943","6364","\N","fairs","125, 242","\N"
"20875","1943","10645","\N","fairs","125, 242","\N"
"20877","1943","5294","\N","fairs","126, 243","\N"
"20879","1943","4858","\N","fairs","129, 247","\N"
"20881","1943","2895","\N","fairs","129, 249","\N"
"20883","1052","13957","\N","\N","441","\N"
"20885","1054","13957","\N","\N","384","\N"
"20887","1943","13957","\N","fairs","129, 249","\N"
"20889","1943","6880","\N","fairs","132, 255","\N"
"20891","1943","1676","\N","fairs","132, 255","\N"
"20893","1943","3280","\N","fairs","135, 259","\N"
"20895","1943","10676","\N","fairs","145, 278","\N"
"20897","1947","4618","\N","\N","9","\N"
"20899","1947","5079","\N","\N","9","\N"
"20901","1947","11453","\N","\N","9","\N"
"20903","1800","4070","\N","\N","76","\N"
"20905","1800","2070","\N","\N","47","\N"
"20909","1947","3837","\N","\N","9, 122","\N"
"20911","1947","11234","\N","\N","9","\N"
"20913","1800","4616","\N","\N","87","\N"
"20915","1796","4907","\N","\N","no. 375","\N"
"20917","1796","509","\N","\N","no. 375","\N"
"20919","1947","6741","\N","\N","120-122","\N"
"20921","1947","8505","\N","fairs","76-77","\N"
"20923","1947","8505","\N","\N","1-4","\N"
"20925","1947","13958","\N","\N","6, 13-14, 68","\N"
"20927","1947","8505","\N","tolls","18, 20, 27-28, 59-60","\N"
"20929","1947","2423","\N","tolls","105","\N"
"20931","4","2423","\N","tolls","170, 172","\N"
"20933","1947","6404","\N","tolls","105","\N"
"20935","4","6404","\N","tolls","170, 172","\N"
"20937","942","13960","\N","\N","Echten (De Wolden, D)","\N"
"20939","4","3627","\N","\N","382","\N"
"20941","1949","11136","\N","\N","177-178","\N"
"20943","1951","3627","\N","\N","\N","\N"
"20957","1953","12615","\N","\N","f.96","\N"
"20959","1955","13982","\N","\N","f.11v","\N"
"20961","1957","13982","\N","\N","220","\N"
"20963","1959","1962","\N","tolls","19-31, 148","\N"
"20965","1959","13984","\N","\N","24-25","\N"
"20967","1296","2615","\N","\N","&#60;a href=&#34;https://hov.isgv.de/Gro%C3%9Fharthau&#34;&#62;Harthau, Groß-&#60;/a&#62;","\N"
"20969","1935","2352","\N","\N","475, 476","\N"
"20971","1961","3966","\N","\N","f.151","\N"
"20973","420","1375","\N","\N","119","\N"
"20975","420","9182","\N","\N","119","\N"
"20977","1963","1621","\N","tolls","4 (accessed 2-7-2021)","\N"
"20979","1965","8063","\N","\N","\N","\N"
"20981","1967","8468","\N","\N","\N","\N"
"20983","1646","12223","\N","\N","258","\N"
"20987","1969","13992","\N","\N","9-15, 39, 40, 59, 78, 107, 121, 122, 145, 219-221","\N"
"20989","1971","13992","\N","\N","42-43, 196","\N"
"20991","1971","12223","\N","\N","51-52","\N"
"20993","1969","11671","\N","\N","38-39, 119-120, 218-221","\N"
"20995","1646","11671","\N","\N","258-259","\N"
"20997","1971","11671","\N","\N","40-49, 131-135","\N"
"20999","1971","11671","\N","fairs","48, 49","\N"
"21001","1969","11671","\N","fairs","39, 145/146","\N"
"21003","1971","13992","\N","tolls","45","\N"
"21005","1971","12463","\N","\N","26, 28, 46, 201","\N"
"21007","1971","11964","\N","\N","201","\N"
"21009","420","1621","\N","tolls","101","\N"
"21011","1971","7206","\N","\N","44-45, 53-55, 135-137","\N"
"21019","1971","7206","\N","tolls","45, 136-137","\N"
"21021","1646","11911","\N","\N","257","\N"
"21025","1969","11911","\N","tolls","128","\N"
"21027","1971","11911","\N","tolls","45","\N"
"21029","1969","11924","\N","tolls","128","\N"
"21033","1935","6963","\N","\N","470","\N"
"21035","1957","1374","\N","\N","I 39 en 189/190","\N"
"21037","1973","1374","\N","\N","298 en 300","\N"
"21055","1983","6963","\N","\N","f.36","\N"
"21095","1856","13976","\N","\N","369","\N"
"21059","1856","14002","\N","\N","376","\N"
"21069","1856","14007","\N","\N","378","\N"
"21101","1987","13893","\N","\N","171","\N"
"21103","1776","1038","\N","\N","62","\N"
"21105","4","1038","\N","tolls","370","\N"
"21107","1987","8866","\N","\N","\N","\N"
"21109","1776","14036","\N","\N","61","\N"
"21113","1971","11964","\N","fairs","137","\N"
"21115","1971","11924","\N","\N","30, 46-47, 201","\N"
"21117","1969","11924","\N","\N","122, 160-162","\N"
"21119","1969","13842","\N","\N","162, 205","\N"
"21121","1971","13842","\N","\N","46","\N"
"21123","1971","11924","\N","fairs","137n5","\N"
"21125","942","11923","\N","\N","Sint Anna ter Muiden (Sluis, Zl)","\N"
"21127","1971","11923","\N","\N","44, 135-137","\N"
"21129","1969","11923","\N","\N","46, 51-52","\N"
"21131","1971","14045","\N","\N","137","\N"
"21133","1969","14045","\N","\N","51-52","\N"
"21135","1971","11923","\N","tolls","45","\N"
"21137","1971","12602","\N","tolls","41, 45","\N"
"21145","1969","13867","\N","\N","55","\N"
"21147","1969","14055","\N","tolls","128","\N"
"21149","1971","14055","\N","\N","97-98, 154","\N"
"21151","1969","14055","\N","\N","46, 56, 128, 146, 219","\N"
"21153","942","12145","\N","\N","Breskens (Sluis, Zl)","\N"
"21155","1969","12145","\N","\N","104-105, 150-154, 219","\N"
"21161","1646","7356","\N","\N","356-357","\N"
"21165","6","14097","\N","\N","139","\N"
"21175","1995","1521","\N","\N","\N","\N"
"21177","1931","11586","\N","\N","33","\N"
"21183","1999","14103","\N","\N","259","\N"
"21185","1999","14104","\N","\N","259","\N"
"21187","1999","14105","\N","tolls","258","\N"
"21191","1999","12604","\N","\N","\N","\N"
"21193","1754","12604","\N","\N","26","\N"
"21199","2001","1374","\N","\N","nos. 680 en 3047","\N"
"21201","2001","14120","\N","\N","no. 2015","\N"
"21163","1991","3966","\N","\N","no. 950","\N"
"21205","2005","14120","\N","\N","49","\N"
"21207","2007","11915","\N","\N","\N","\N"
"21209","1646","10519","\N","\N","68","\N"
"21211","1646","8027","\N","\N","68-69","\N"
"21213","1646","12604","\N","\N","72","\N"
"21215","2009","3196","\N","\N","\N","\N"
"21217","2011","3196","\N","\N","\N","\N"
"21219","2013","3300","\N","\N","\N","\N"
"21221","2013","3196","\N","\N","\N","\N"
"21223","4","14135","\N","\N","572","\N"
"21225","1844","14135","\N","\N","1:23, no. 446, pp. 451-452; 4:1, pp. 359-360","\N"
"21227","4","14135","\N","tolls","572","\N"
"21229","1844","14135","\N","tolls","1:23, no. 446, p. 452; 4:1, pp. 359-360","\N"
"21231","4","14136","\N","\N","572","\N"
"21233","4","6373","\N","tolls","571","\N"
"21235","2015","14124","\N","\N","132","\N"
"21237","2015","14124","\N","tolls","132","\N"
"21239","2015","1988","\N","tolls","132, 147","\N"
"21243","2013","11870","\N","\N","\N","\N"
"21245","2017","12478","\N","\N","\N","\N"
"21247","2013","11892","\N","\N","\N","\N"
"21249","2013","11849","\N","\N","\N","\N"
"21251","2013","11909","\N","\N","\N","\N"
"21253","2013","6399","\N","\N","\N","\N"
"21255","2013","6562","\N","\N","\N","\N"
"21257","2013","6840","\N","\N","\N","\N"
"21259","2013","11908","\N","\N","\N","\N"
"21261","2013","7958","\N","\N","\N","\N"
"21263","2013","8243","\N","\N","\N","\N"
"21265","2013","10330","\N","\N","\N","\N"
"21267","2013","11912","\N","\N","\N","\N"
"21269","2013","11905","\N","\N","\N","\N"
"21271","2013","4329","\N","\N","\N","\N"
"21273","2013","11858","\N","\N","\N","\N"
"21275","2013","11907","\N","\N","\N","\N"
"21277","2013","2717","\N","\N","\N","\N"
"21279","2013","11896","\N","\N","\N","\N"
"21281","2013","2352","\N","\N","\N","\N"
"21283","2013","2305","\N","\N","\N","\N"
"21285","2013","2126","\N","\N","\N","\N"
"21289","2013","11861","\N","\N","\N","\N"
"21291","2019","14141","\N","\N","\N","\N"
"21293","2013","14141","\N","\N","\N","\N"
"21295","2013","1374","\N","\N","\N","\N"
"21297","2013","991","\N","\N","\N","\N"
"21299","2013","11862","\N","\N","\N","\N"
"21301","2013","244","\N","\N","\N","\N"
"21303","6","14142","\N","\N","171-172","\N"
"21307","4","14145","\N","tolls","571","\N"
"23001","1646","5131","\N","\N","329","\N"
"21309","1844","14145","\N","tolls","1:23, no. 446, p. 452; 4:1, pp. 359-360","\N"
"21311","2021","250","\N","fairs","15, 16, 81","\N"
"21313","828","10529","\N","\N","\N","\N"
"21315","606","10529","\N","\N","\N","\N"
"21317","1991","14146","\N","\N","no. 310","\N"
"21323","1800","4325","\N","\N","82","\N"
"21325","1800","3528","\N","\N","64","\N"
"21327","1800","2413","\N","\N","57","\N"
"21329","1800","1398","\N","\N","39","\N"
"21331","1800","1324","\N","\N","37","\N"
"21333","1800","7994","\N","\N","149","\N"
"21335","1800","1640","\N","\N","44","\N"
"21337","1800","911","\N","\N","28","\N"
"21339","1800","7734","\N","\N","145","\N"
"21341","1800","405","\N","\N","22","\N"
"21343","1800","8207","\N","\N","156","\N"
"21345","1800","8801","\N","\N","167","\N"
"21347","1800","6194","\N","\N","113","\N"
"21349","1796","4620","\N","\N","no. 9187","\N"
"21351","1800","4620","\N","\N","87","\N"
"21353","1800","8610","\N","\N","161","\N"
"21355","1800","6213","\N","\N","114","\N"
"21357","1800","8011","\N","\N","150","\N"
"21359","6","1665","\N","staple","85","\N"
"21361","4","1665","\N","staple","219","\N"
"21363","2015","1665","\N","staple","138","\N"
"21365","4","14148","\N","\N","219","\N"
"21367","2015","14148","\N","\N","138","\N"
"21369","6","14148","\N","\N","85","\N"
"21371","4","14149","\N","\N","219","\N"
"21373","1370","14149","\N","\N","298","\N"
"21375","1372","14149","\N","\N","LIX","\N"
"21379","2015","1665","\N","tolls","138","\N"
"21381","4","1900","\N","tolls","220","\N"
"21383","2015","14152","\N","\N","153","\N"
"21385","4","8630","\N","tolls","220","\N"
"21387","4","14155","\N","\N","184","\N"
"21391","4","11190","\N","\N","573","\N"
"21399","320","8005","\N","tolls","49","\N"
"21401","158","8005","\N","tolls","15-16","\N"
"21403","4","5917","\N","tolls","570","\N"
"21405","1594","14162","\N","\N","321","\N"
"21407","2015","14129","\N","\N","134-135","\N"
"21409","4","14172","\N","\N","553","\N"
"21411","4","4598","\N","tolls","552","\N"
"21413","4","14173","\N","\N","552","\N"
"21417","2031","14174","\N","\N","146","\N"
"21419","2033","5825","\N","\N","24 nt. 121","\N"
"21421","2035","14175","\N","\N","WI 451","\N"
"21423","1800","4400","\N","\N","83","\N"
"21425","1800","5923","\N","\N","106","\N"
"21427","1800","3390","\N","\N","61","\N"
"21429","1800","4010","\N","\N","74","\N"
"21431","1800","7539","\N","\N","141","\N"
"21433","1800","797","\N","\N","27","\N"
"21445","2035","14181","\N","\N","ZH 88","\N"
"21453","2045","13597","\N","\N","\N","\N"
"21455","2047","14036","\N","\N","21n20","\N"
"21457","2049","14185","\N","\N","139, 388","\N"
"21467","1957","12842","\N","\N","7","\N"
"21473","1957","14192","\N","\N","151","\N"
"21477","2037","14208","\N","\N","no. 250","\N"
"21485","1957","14213","\N","\N","4","\N"
"21487","4","14215","\N","\N","566-567","\N"
"21489","4","14215","\N","tolls","567","\N"
"21493","38","4433","\N","\N","362-363","\N"
"21495","38","5872","\N","\N","482","\N"
"21497","38","7312","\N","\N","588","\N"
"21499","38","13798","\N","\N","95","\N"
"21501","920","4472","\N","\N","581","\N"
"21503","4","4472","\N","tolls","213","\N"
"21505","1494","4472","\N","tolls","28","\N"
"21507","38","1475","\N","\N","129","\N"
"21509","920","14272","\N","\N","560","\N"
"21511","38","14272","\N","\N","129","\N"
"21515","894","12799","\N","\N","xxi/xxii","\N"
"21517","652","11642","\N","fairs","683","\N"
"21519","652","11642","\N","\N","683","\N"
"21521","540","11642","\N","\N","432-433","\N"
"21523","2059","250","\N","staple","25-88","\N"
"21535","920","14312","\N","\N","541","\N"
"21537","38","14315","\N","\N","603","\N"
"21539","920","14315","\N","\N","650","\N"
"21541","38","14318","\N","\N","322","\N"
"21543","920","14318","\N","\N","563","\N"
"21549","894","250","\N","staple","xiv/xv","\N"
"21553","2051","68","\N","tolls","324 &#38; 374-377. ","\N"
"21557","2073","1865","\N","fairs","149","\N"
"21559","2075","11835","\N","\N","\N","\N"
"21565","4","14332","\N","\N","553","\N"
"21567","3627","3039","\N","\N","284","\N"
"21569","4","2602","\N","tolls","540, 541, 543","\N"
"21571","4","5692","\N","tolls","540-541","\N"
"21577","4","1162","\N","tolls","542","\N"
"21581","824","14358","\N","\N","consulted 21-2-2020","\N"
"21583","1418","14358","\N","\N","446-447","\N"
"21587","652","14380","\N","\N","230-231","\N"
"21589","606","14381","\N","\N","\N","\N"
"21591","650","14381","\N","\N","\N","\N"
"21593","652","1467","\N","\N","45-46","\N"
"21595","652","1467","\N","tolls","45","\N"
"21597","652","14385","\N","\N","233-234","\N"
"21599","652","14385","\N","tolls","233","\N"
"21601","38","14385","\N","\N","682","\N"
"21603","2079","7944","\N","tolls","21-23","\N"
"21605","2079","7944","\N","fairs","19-24, 41-42, 71-74","\N"
"21607","38","579","\N","\N","59","\N"
"21609","920","584","\N","\N","501-502","\N"
"23003","1646","8243","\N","\N","330","\N"
"21611","4","584","\N","tolls","219-220","\N"
"21613","920","368","\N","tolls","508","\N"
"21615","920","928","\N","\N","510","\N"
"21617","920","1051","\N","tolls","513","\N"
"21619","38","1260","\N","\N","114","\N"
"21621","4","2891","\N","tolls","197","\N"
"21623","4","2055","\N","tolls","196, 217","\N"
"21625","38","1977","\N","\N","177","\N"
"21627","920","1988","\N","\N","535","\N"
"21629","2015","14093","\N","\N","137","\N"
"21631","38","7010","\N","\N","569","\N"
"21633","920","7010","\N","\N","633-634","\N"
"21635","4","7010","\N","tolls","201, 218-219","\N"
"21637","2015","7010","\N","tolls","137, 139-140","\N"
"21639","4","14093","\N","\N","201, 218-219","\N"
"21641","2015","5574","\N","tolls","132, 138, 146","\N"
"21643","2015","14094","\N","\N","128, 138","\N"
"21645","2015","14387","\N","\N","135-136","\N"
"21647","2015","2004","\N","tolls","135-136","\N"
"21649","2015","2052","\N","tolls","131-132","\N"
"21651","38","2671","\N","\N","228","\N"
"21653","2015","14162","\N","\N","129, 131-132, 150","\N"
"21661","38","2057","\N","\N","189","\N"
"21663","4","2384","\N","tolls","201","\N"
"21665","4","2388","\N","tolls","196","\N"
"21667","4","2388","\N","staple","196","\N"
"21671","2015","4303","\N","\N","129-130","\N"
"21673","2015","4168","\N","tolls","139, 146","\N"
"21675","38","4168","\N","\N","335-336","\N"
"21677","2087","3098","\N","\N","30","\N"
"21679","2087","8716","\N","\N","18-19","\N"
"21681","2087","6995","\N","\N","26","\N"
"21683","2087","7076","\N","\N","54-61","\N"
"21685","2087","9030","\N","\N","15, 27","\N"
"21687","1386","11802","\N","\N","46-49","\N"
"21689","1386","11802","\N","tolls","47-49","\N"
"21691","2089","13956","\N","\N","7-8, 120","\N"
"21693","2089","13956","\N","tolls","7-8, 120","\N"
"21695","4","14389","\N","tolls","211, 213","\N"
"21697","2091","14389","\N","tolls","4","\N"
"21701","2093","11665","\N","\N","\N","\N"
"21703","1494","14390","\N","tolls","67","\N"
"21705","38","3455","\N","\N","297","\N"
"21707","4","3805","\N","tolls","210","\N"
"21711","920","3913","\N","\N","561","\N"
"21715","920","2106","\N","tolls","167","\N"
"21717","4","2106","\N","tolls","218","\N"
"21719","920","14394","\N","\N","168","\N"
"21721","2015","14085","\N","\N","143","\N"
"21723","38","2407","\N","\N","217","\N"
"21727","4","175","\N","tolls","604","\N"
"21729","4","14395","\N","\N","604","\N"
"21731","38","7413","\N","\N","601","\N"
"21733","4","14396","\N","\N","604","\N"
"21735","4","14397","\N","\N","604","\N"
"21737","4","14398","\N","\N","604","\N"
"21739","4","14395","\N","tolls","604n48","\N"
"21741","4","14401","\N","tolls","173-175","\N"
"21747","4","14403","\N","tolls","173","\N"
"21749","38","14426","\N","\N","57-58","\N"
"21751","920","14426","\N","\N","147","\N"
"21753","748","11176","\N","tolls","12, 18","\N"
"21755","988","11176","\N","tolls","491 - 496","\N"
"21757","38","7885","\N","\N","630","\N"
"21759","38","258","\N","\N","33-34","\N"
"21763","920","14420","\N","tolls","131-132","\N"
"21765","920","14449","\N","\N","\N","\N"
"21767","920","7569","\N","\N","247-248","\N"
"21769","38","7569","\N","\N","610","\N"
"21771","2015","14453","\N","\N","143","\N"
"21773","920","14453","\N","\N","247-248","\N"
"21775","920","14454","\N","\N","247-248","\N"
"21777","920","14455","\N","\N","247-248","\N"
"21779","1746","14464","\N","\N","98-99","\N"
"21785","38","5844","\N","\N","480","\N"
"21787","38","7461","\N","\N","603-604","\N"
"21797","1856","11623","\N","\N","378","\N"
"21803","38","4178","\N","\N","337","\N"
"21805","920","4220","\N","\N","572-574","\N"
"21807","4","4430","\N","tolls","225","\N"
"21809","4","5106","\N","tolls","225-226","\N"
"21811","38","5106","\N","\N","416","\N"
"21815","38","4625","\N","\N","374","\N"
"21817","38","4598","\N","\N","375-376","\N"
"21819","38","4599","\N","\N","376","\N"
"21821","38","4903","\N","\N","403","\N"
"21823","38","4975","\N","\N","407","\N"
"21825","4","14473","\N","tolls","212","\N"
"21827","920","14051","\N","\N","555","\N"
"21857","4","4914","\N","tolls","183-184","\N"
"21859","4","8527","\N","tolls","184","\N"
"21861","38","8527","\N","\N","686","\N"
"21863","1856","14480","\N","\N","375-376","\N"
"21865","2113","923","\N","fairs","157, 159-160","\N"
"21867","2113","923","\N","\N","154-157","\N"
"21869","38","4626","\N","\N","374","\N"
"21871","1494","14318","\N","tolls","65","\N"
"21873","920","5103","\N","\N","597","\N"
"21875","920","8660","\N","\N","678","\N"
"21879","920","8660","\N","tolls","678","\N"
"21881","38","5160","\N","\N","425-426","\N"
"21883","1844","5160","\N","tolls","I:7, p. 311","\N"
"21885","38","227","\N","\N","439","\N"
"21887","920","227","\N","\N","472-473","\N"
"21889","38","5297","\N","\N","439","\N"
"21891","38","5679","\N","\N","471","\N"
"21893","4","5213","\N","tolls","221","\N"
"21897","920","5971","\N","\N","614-615","\N"
"21899","38","6104","\N","\N","492","\N"
"21901","38","6122","\N","\N","492-493","\N"
"21903","38","6271","\N","\N","501","\N"
"21905","988","11149","\N","tolls","488 - 491","\N"
"21907","920","7019","\N","\N","635","\N"
"21909","38","7019","\N","\N","570","\N"
"21911","38","7026","\N","\N","571","\N"
"21913","920","7055","\N","\N","638","\N"
"21915","38","7271","\N","\N","586","\N"
"21917","920","7410","\N","\N","649","\N"
"21919","920","7476","\N","\N","652-653","\N"
"21921","38","7476","\N","\N","605","\N"
"21923","988","1484","\N","tolls","496-497","\N"
"21925","38","7640","\N","\N","614-615","\N"
"21927","38","7645","\N","\N","615","\N"
"21929","4","14481","\N","tolls","212","\N"
"21931","38","8008","\N","\N","640","\N"
"21933","38","8335","\N","\N","672","\N"
"21935","2115","8467","\N","\N","\N","\N"
"21937","1110","14009","\N","\N","77","\N"
"21939","2107","14009","\N","\N","42","\N"
"21941","2117","12984","\N","\N","120, 125, 135","\N"
"21943","2119","12984","\N","\N","187, 255","\N"
"21947","2117","12984","\N","tolls","120, 125","\N"
"21951","914","11758","\N","\N","41","\N"
"21953","2125","11758","\N","\N","103","\N"
"21955","2127","11758","\N","\N","63","\N"
"21957","2127","11760","\N","\N","63-64","\N"
"21959","2125","11760","\N","\N","103-104","\N"
"21961","914","14484","\N","\N","42","\N"
"21963","2127","14484","\N","\N","63","\N"
"21965","2127","14483","\N","\N","63","\N"
"21967","914","14483","\N","\N","42","\N"
"21969","914","14485","\N","\N","47","\N"
"21971","2127","11004","\N","\N","64","\N"
"21973","38","8745","\N","\N","699","\N"
"21975","38","8844","\N","\N","705","\N"
"21977","38","4536","\N","\N","369","\N"
"21979","4","4536","\N","tolls","215","\N"
"21981","38","13795","\N","\N","30","\N"
"21983","4","928","\N","tolls","225","\N"
"21985","1844","928","\N","tolls","I:9, pp. 126, 166, 191","\N"
"21987","38","14489","\N","\N","671","\N"
"21989","920","14489","\N","\N","669-670","\N"
"21991","920","14491","\N","\N","623","\N"
"21993","38","13797","\N","\N","66","\N"
"21995","4","8745","\N","tolls","216","\N"
"21997","920","11875","\N","\N","615-617","\N"
"21999","38","11875","\N","\N","491","\N"
"22001","38","13808","\N","\N","515","\N"
"22003","38","13811","\N","\N","584","\N"
"22005","920","7807","\N","\N","661-662","\N"
"22007","38","7807","\N","\N","625","\N"
"22009","920","14493","\N","\N","475","\N"
"22011","920","14494","\N","\N","496","\N"
"22013","920","14226","\N","\N","547","\N"
"22015","920","2286","\N","\N","548","\N"
"22017","920","14495","\N","\N","632","\N"
"22019","920","7264","\N","\N","645","\N"
"22021","2105","9559","\N","\N","94","\N"
"22023","920","1556","\N","\N","523-524","\N"
"22025","4","7241","\N","tolls","610","\N"
"22027","4","14497","\N","\N","611","\N"
"22029","4","6032","\N","tolls","611","\N"
"22031","4","7787","\N","tolls","612","\N"
"22033","2015","14498","\N","tolls","139","\N"
"22035","4","14499","\N","tolls","612","\N"
"22037","2015","14500","\N","tolls","139","\N"
"22039","4","14500","\N","\N","611","\N"
"22041","2015","14503","\N","\N","139","\N"
"22043","2015","14504","\N","\N","139","\N"
"22045","4","7019","\N","tolls","611","\N"
"22047","4","8632","\N","tolls","611","\N"
"22049","4","7126","\N","tolls","611","\N"
"22051","4","5906","\N","tolls","611, 650","\N"
"22053","4","3491","\N","tolls","611, 645","\N"
"22055","4","6186","\N","tolls","611","\N"
"22057","4","6074","\N","tolls","611, 638n298","\N"
"22059","4","4305","\N","tolls","611","\N"
"22061","4","6144","\N","tolls","611","\N"
"22063","4","1055","\N","tolls","611, 649","\N"
"22065","1846","14185","\N","\N","36-37","\N"
"22071","1738","14482","\N","\N","\N","\N"
"22073","2119","14482","\N","\N","225","\N"
"22075","2099","3946","\N","staple","154, 158","\N"
"22077","2123","11835","\N","tolls","40, 107-108, 200, 202","\N"
"22079","942","14527","\N","\N","Sevenum (Horst aan de Maas, Lb)","\N"
"22081","942","13058","\N","\N","Helden (Peel en Maas, Lb)","\N"
"22083","942","14528","\N","\N","Maasbree (Peel en Maas, Lb)","\N"
"22099","2105","14537","\N","\N","72, 75-76, 88, 90-91","\N"
"22109","1706","11690","\N","tolls","74","\N"
"22111","544","11690","\N","tolls","256-257","\N"
"22113","2131","11690","\N","tolls","\N","\N"
"22115","1706","14542","\N","tolls","48","\N"
"22117","544","14542","\N","tolls","321-322","\N"
"22121","544","12662","\N","tolls","321-322","\N"
"22123","1706","14544","\N","tolls","38","\N"
"22125","544","14544","\N","tolls","233, 293-296","\N"
"22135","988","1484","\N","fairs","496-497","\N"
"22137","1846","14208","\N","\N","14","\N"
"22139","1846","13875","\N","\N","36-37","\N"
"22143","1682","13875","\N","\N","99","\N"
"22145","1846","14097","\N","\N","7-8","\N"
"22447","1800","4663","\N","\N","88","\N"
"22147","216","14097","\N","\N","Plaatsnaam: Veere (consulted 6-10-2021)","\N"
"22149","942","14552","\N","\N","Kamperland (Noord-Beveland, Zl)","\N"
"22151","1846","14552","\N","\N","73-74","\N"
"22153","1846","14553","\N","\N","7-8, 73-74","\N"
"22155","1846","13338","\N","\N","85-86","\N"
"22157","1846","12130","\N","\N","85-87","\N"
"22159","942","14554","\N","\N","Ouwerkerk (Schouwen-Duiveland, Zl)","\N"
"22161","942","14555","\N","\N","Beldert (Schouwen-Duiveland, Zl)","\N"
"22163","1846","14555","\N","\N","82-84","\N"
"22165","942","14556","\N","\N","Dreischor (Schouwen-Duiveland, Zl)","\N"
"22167","1846","14556","\N","\N","77, 82","\N"
"22169","1846","12129","\N","\N","82-84","\N"
"22171","942","12587","\N","\N","Herkingen (Goeree-Overflakkee, ZH)","\N"
"22173","1846","12587","\N","\N","84","\N"
"22177","2133","12585","\N","\N","6-9, 13","\N"
"22179","1846","11916","\N","\N","77-81","\N"
"22181","2133","11916","\N","\N","11-12","\N"
"22187","2133","14573","\N","\N","6-7, 13","\N"
"22189","942","14574","\N","\N","Bommenede (Schouwen-Duiveland, Zl)","\N"
"22191","1846","14574","\N","\N","81","\N"
"22193","2133","14574","\N","\N","9-10, 12","\N"
"22195","2135","6545","\N","fairs","298","\N"
"22199","2137","11898","\N","\N","3","\N"
"22201","2139","14575","\N","fairs","56-57","\N"
"22203","2137","14576","\N","\N","68","\N"
"22205","2137","14577","\N","\N","7","\N"
"22207","2137","14578","\N","\N","10","\N"
"22211","2077","14361","\N","\N","31/32","\N"
"22213","2141","14361","\N","\N","142","\N"
"22215","2063","11849","\N","tolls","no. 358","\N"
"22217","1985","11849","\N","tolls","inv.no. 103","\N"
"22219","2063","11849","\N","staple","no. 256","\N"
"22221","2065","11849","\N","staple","30","\N"
"22225","2063","12767","\N","\N","no. 281","\N"
"22231","2149","11897","\N","\N","inv. no. 1746","\N"
"22233","2147","12767","\N","\N","inv.no. 10","\N"
"22237","2133","14584","\N","\N","6, 12-13","\N"
"22241","2133","12586","\N","\N","6-8, 12-13","\N"
"22243","942","14588","\N","\N","Sommelsdijk (Goeree-Overflakkee, ZH)","\N"
"22245","942","14586","\N","\N","Dirksland (Goeree-Overflakkee, ZH)","\N"
"22247","1646","14549","\N","\N","274","\N"
"22249","1846","14600","\N","\N","107, 110-112","\N"
"22251","1846","14601","\N","\N","107, 110-112","\N"
"22253","942","14602","\N","\N","Halsteren (Bergen op Zoom, NB)","\N"
"22255","1846","14603","\N","\N","107, 110-112","\N"
"22257","1846","12131","\N","\N","92-95, 97","\N"
"22259","1846","13833","\N","\N","125","\N"
"22261","2151","7018","\N","\N","45","\N"
"22263","2153","9307","\N","\N","77-78, 270-274","\N"
"22265","2151","7018","\N","fairs","88","\N"
"22267","1846","12132","\N","\N","97","\N"
"22269","942","14612","\N","\N","Stavenisse (Tholen, Zl)","\N"
"22271","1846","14612","\N","\N","97","\N"
"22275","1846","12134","\N","\N","104-105","\N"
"22277","1846","12133","\N","\N","104-105","\N"
"22279","942","12137","\N","\N","Botshoofd (Tholen, Zl)","\N"
"22281","2155","1521","\N","\N","520","\N"
"22283","1846","12137","\N","\N","102-106","\N"
"22285","1846","12137","\N","tolls","105","\N"
"22287","1846","12138","\N","\N","102-106","\N"
"22581","1800","2498","\N","\N","55","\N"
"22291","942","14614","\N","\N","Nieuw-Vossemeer (Steenbergen, NB)","\N"
"22293","1856","8902","\N","fairs","\N","\N"
"22297","894","13871","\N","tolls","xxxv-xxxvii","\N"
"22299","2067","13871","\N","tolls","\N","\N"
"22309","2169","11915","\N","\N","\N","\N"
"22311","2165","13678","\N","\N","\N","\N"
"22315","2049","11913","\N","\N","\N","\N"
"22319","610","14637","\N","\N","\N","\N"
"22321","1084","14637","\N","\N","213","\N"
"22327","1084","14640","\N","\N","57, 213","\N"
"22329","610","14640","\N","\N","\N","\N"
"22331","2063","12459","\N","tolls","nr. 3 15","\N"
"22333","2177","12459","\N","tolls","15","\N"
"22339","942","12245","\N","\N","Poortvliet (Tholen, Zl)","\N"
"22341","942","12135","\N","\N","Sint Annaland (Tholen, Zl)","\N"
"22345","2181","4329","\N","\N","24-25","\N"
"22349","1800","6850","\N","\N","128","\N"
"22351","1800","641","\N","\N","25","\N"
"22353","1800","7647","\N","\N","143","\N"
"22355","1800","8848","\N","\N","168","\N"
"22357","1800","5287","\N","\N","100","\N"
"22359","1800","2212","\N","\N","50","\N"
"22361","1800","6190","\N","\N","113","\N"
"22363","1800","8201","\N","\N","156","\N"
"22365","1800","152","\N","\N","31","\N"
"22367","1800","5227","\N","\N","31","\N"
"22369","920","216","\N","\N","282","\N"
"22371","1800","216","\N","\N","21","\N"
"22373","1800","5838","\N","\N","103","\N"
"22375","1800","2562","\N","\N","131","\N"
"22377","1800","3753","\N","\N","131","\N"
"22379","1800","3638","\N","\N","67","\N"
"22381","1800","7137","\N","\N","134","\N"
"22383","1800","547","\N","\N","24","\N"
"22385","1800","5853","\N","\N","104","\N"
"22391","2187","12767","\N","\N","\N","\N"
"22393","2187","8041","\N","\N","\N","\N"
"22395","2187","14648","\N","\N","\N","\N"
"22397","2143","14648","\N","\N","27, 28","\N"
"22403","2189","9233","\N","tolls","266","\N"
"22405","2189","14650","\N","\N","267","\N"
"22409","2189","14653","\N","\N","268-269, 395-401, 410","\N"
"22415","2189","14653","\N","tolls","410-413","\N"
"22419","2189","2418","\N","fairs","278-287","\N"
"22421","164","14653","\N","\N","117","\N"
"22423","164","14654","\N","\N","114","\N"
"22425","2191","9396","\N","\N","\N","\N"
"22427","1800","6483","\N","\N","121","\N"
"22429","1800","3099","\N","\N","130","\N"
"22431","1800","6028","\N","\N","109","\N"
"22433","1800","533","\N","\N","24","\N"
"22435","1800","2500","\N","\N","57","\N"
"22437","1800","7623","\N","\N","142","\N"
"22439","1800","6609","\N","\N","124","\N"
"22441","1800","6180","\N","\N","112","\N"
"22443","1800","8593","\N","\N","161","\N"
"22445","1800","2565","\N","\N","132","\N"
"22449","1800","7486","\N","\N","139","\N"
"22451","1800","954","\N","\N","28","\N"
"22453","1800","5908","\N","\N","106","\N"
"22455","1800","2255","\N","\N","52","\N"
"22457","2183","13791","\N","\N","\N","\N"
"22459","942","14645","\N","\N","Voorschoten (Voorschoten, ZH)","\N"
"22461","1800","5386","\N","\N","100","\N"
"22463","1800","8020","\N","\N","151","\N"
"22465","1800","2527","\N","\N","88","\N"
"22467","1800","6372","\N","\N","118","\N"
"22471","1800","7669","\N","\N","144","\N"
"22473","1800","8028","\N","\N","151","\N"
"22475","1800","3902","\N","\N","73","\N"
"22477","1800","6371","\N","\N","118","\N"
"22479","1800","461","\N","\N","23","\N"
"22481","1800","1608","\N","\N","43","\N"
"22483","1800","5385","\N","\N","100","\N"
"22485","1800","364","\N","\N","21","\N"
"22487","1800","7602","\N","\N","141","\N"
"22489","1800","959","\N","\N","28","\N"
"22491","1800","960","\N","\N","28","\N"
"22493","2151","692","\N","\N","41","\N"
"22495","1544","12027","\N","\N","Tafel 8.5","\N"
"22497","428","12027","\N","\N","229, 353-354","\N"
"22501","2195","1374","\N","\N","22/23, 29","\N"
"22503","1800","744","\N","\N","26","\N"
"22505","1800","3737","\N","\N","94","\N"
"22507","1800","2533","\N","\N","93-94","\N"
"22509","1800","3803","\N","\N","70","\N"
"22511","1800","3537","\N","\N","64","\N"
"22513","1800","6970","\N","\N","129","\N"
"22515","1800","2320","\N","\N","54","\N"
"22517","1800","6696","\N","\N","125","\N"
"22523","1800","6363","\N","\N","118","\N"
"22525","1800","6814","\N","\N","127","\N"
"22527","1800","2686","\N","\N","58-59","\N"
"22529","1800","6115","\N","\N","111","\N"
"22531","1800","998","\N","\N","29","\N"
"22533","1800","6997","\N","\N","130","\N"
"22535","1800","2181","\N","\N","49","\N"
"22537","1800","7702","\N","\N","144","\N"
"22539","1800","5891","\N","\N","106","\N"
"22541","1800","2477","\N","\N","32","\N"
"22543","1800","3360","\N","\N","61","\N"
"22545","1800","3980","\N","\N","74","\N"
"22547","1800","2269","\N","\N","53","\N"
"22549","1800","6865","\N","\N","128","\N"
"22551","894","2126","\N","tolls","xxxiv-xxxv","\N"
"22557","2063","12795","\N","\N","no. 659","\N"
"22559","2063","12782","\N","\N","no. 695","\N"
"22561","2199","12782","\N","\N","49, no. 31","\N"
"22567","2001","1521","\N","\N","no. 1637","\N"
"22569","1800","8019","\N","\N","151","\N"
"22571","1800","4211","\N","\N","80","\N"
"22573","1800","6219","\N","\N","114","\N"
"22575","1800","2552","\N","\N","121","\N"
"22577","1800","3747","\N","\N","121","\N"
"22579","1800","3667","\N","\N","122","\N"
"22583","1800","3719","\N","\N","55","\N"
"22585","1800","13735","\N","\N","133","\N"
"22587","1800","5088","\N","\N","97","\N"
"22589","1800","7611","\N","\N","142","\N"
"22591","1800","8778","\N","\N","166","\N"
"22593","1800","2709","\N","\N","60","\N"
"22595","1800","4549","\N","\N","86","\N"
"22597","1800","3698","\N","\N","68","\N"
"22599","1800","841","\N","\N","28","\N"
"22601","1800","11489","\N","\N","47","\N"
"22605","544","14660","\N","tolls","314-315","\N"
"22607","1706","14660","\N","tolls","81","\N"
"22609","544","10587","\N","tolls","308","\N"
"22611","1706","10587","\N","tolls","49, 90","\N"
"22613","2063","10587","\N","tolls","nos. 179, 473","\N"
"22615","2205","10587","\N","tolls","\N","\N"
"22617","2205","8000","\N","tolls","22 en 35","\N"
"22619","492","10587","\N","\N","91","\N"
"22621","1706","3584","\N","tolls","57","\N"
"22623","1706","6308","\N","tolls","78","\N"
"22625","2207","14661","\N","\N","597","\N"
"22627","1654","11803","\N","tolls","425-426","\N"
"22629","1706","11803","\N","tolls","93","\N"
"22633","2209","11849","\N","\N","3-4","\N"
"22635","1706","14667","\N","tolls","50","\N"
"22637","606","1676","\N","\N","\N","\N"
"22639","2177","14668","\N","\N","34","\N"
"22641","2177","14670","\N","\N","34","\N"
"22643","942","14670","\N","\N","Goejanverwellesluis (Oudewater, U)","\N"
"22649","2209","12478","\N","\N","2","\N"
"22651","2209","12465","\N","tolls","2","\N"
"22653","2209","12465","\N","\N","2","\N"
"22663","1865","7279","\N","\N","101","\N"
"22665","1865","7279","\N","tolls","101, 104","\N"
"22667","1865","12464","\N","tolls","103-104","\N"
"22671","1865","12459","\N","\N","102","\N"
"22673","1865","5001","\N","tolls","103","\N"
"22675","894","12781","\N","tolls","xxv: 1.2.4 and accounts sub C, D, F-M","\N"
"22681","1865","2352","\N","fairs","128-129","\N"
"22683","942","14687","\N","\N","Empe (Brummen, Gl)","\N"
"22685","894","13669","\N","tolls","xxxix: 1.3.4","\N"
"22697","894","1521","\N","tolls","xxii-xxiv: 1.2.3 and xliv","\N"
"22699","2063","1521","\N","tolls","nos. 317, 479 and 625, 225-227: no. 441-[III] and 403-610: A-E","\N"
"22705","942","14707","\N","\N","Putten (Putten, Gl)","\N"
"22707","2211","8901","\N","\N","101","\N"
"22709","2213","8901","\N","\N","\N","\N"
"22711","2215","14420","\N","\N","135-137","\N"
"22715","894","7279","\N","tolls","xxx-xxxiii: 1.2.6","\N"
"22717","1973","7279","\N","tolls","317-320 en bijlage IV","\N"
"22719","2219","12615","\N","\N","702","\N"
"22721","942","14708","\N","\N","Grubbenvorst (Horst aan de Maas, Lb)","\N"
"22723","1706","14708","\N","tolls","49","\N"
"22725","2205","14708","\N","tolls","22-27","\N"
"22727","942","14710","\N","\N","Ulft (Oude IJsselstreek, Gl)","\N"
"22729","1706","14710","\N","tolls","89","\N"
"22731","540","14747","\N","\N","7","\N"
"22733","894","10884","\N","tolls","xxxii-xxxiii: 1.2.7","\N"
"22735","2063","10884","\N","tolls","no. 441 [II]","\N"
"22755","1646","8243","\N","\N","\N","\N"
"22769","1646","11869","\N","\N","\N","\N"
"22795","2223","2351","\N","tolls","\N","\N"
"22797","2223","10504","\N","tolls","\N","\N"
"22799","2223","3280","\N","tolls","\N","\N"
"22801","2225","250","\N","\N","\N","\N"
"22803","2227","6562","\N","\N","\N","\N"
"22805","2229","6399","\N","\N","\N","\N"
"22807","2231","11915","\N","\N","218","\N"
"22809","2233","13384","\N","\N","173","\N"
"22811","2235","2717","\N","\N","\N","\N"
"22813","2237","7944","\N","\N","\N","\N"
"22815","2239","250","\N","fairs","f.46","\N"
"22819","2141","12478","\N","\N","140","\N"
"22821","2141","13658","\N","\N","140-141","\N"
"22831","2241","12464","\N","tolls",": 221-226, graphs on 224 and 246","\N"
"22835","2245","13881","\N","\N","\N","\N"
"22837","2247","11895","\N","\N","119-122, 136 ","\N"
"22839","2249","14800","\N","\N","\N","\N"
"22841","2251","14800","\N","\N","\N","\N"
"22843","942","14802","\N","\N","Terlet","\N"
"22845","4","8093","\N","\N","478","\N"
"22847","2253","8093","\N","\N","171","\N"
"22855","1646","11912","\N","\N","268","\N"
"22857","1646","8903","\N","\N","269","\N"
"22859","1646","8876","\N","\N","270-273","\N"
"22861","1646","11915","\N","\N","274-275","\N"
"22863","1646","11916","\N","\N","276-277","\N"
"22865","1646","11913","\N","\N","278-279","\N"
"22873","1646","991","\N","\N","288-289","\N"
"22877","1646","8242","\N","\N","99","\N"
"22879","1646","7957","\N","\N","100","\N"
"22881","1646","3018","\N","\N","101","\N"
"22883","2259","3018","\N","\N","\N","\N"
"22885","2261","14802","\N","\N","\N","\N"
"22887","2063","11907","\N","staple","no. 434","\N"
"22889","1935","14804","\N","\N","bijlage V, p.471","\N"
"22891","1646","7944","\N","\N","380-385","\N"
"22893","1646","5045","\N","\N","386","\N"
"22895","1646","10330","\N","\N","387","\N"
"22897","1646","244","\N","\N","388-389","\N"
"22899","1646","6399","\N","\N","390-391","\N"
"22901","2263","6963","\N","\N","\N","\N"
"22903","2265","11654","\N","\N","\N","\N"
"22905","1973","10884","\N","\N","330-332, graph 27 and table 58","\N"
"22907","1973","14804","\N","\N","330-332, graph 27 and table 58","\N"
"22909","1935","10884","\N","\N","bijlage V, p.471","\N"
"22911","1973","13436","\N","\N","330-332, graph 27 and table 58","\N"
"23177","1800","7936","\N","\N","149","\N"
"22913","1935","13436","\N","\N","bijlage V, p.470","\N"
"22919","2141","13657","\N","\N","142","\N"
"22921","2063","13886","\N","\N","no. 268","\N"
"22923","2267","13886","\N","\N","no. 1949","\N"
"22935","2269","9997","\N","\N","\N","\N"
"22937","2269","3280","\N","\N","\N","\N"
"22939","2269","1962","\N","\N","\N","\N"
"22941","2117","13941","\N","\N","135.","\N"
"22943","2269","13774","\N","\N","\N","\N"
"22945","2271","4329","\N","\N","\N","\N"
"22949","2275","11081","\N","tolls","inv.no. 170","\N"
"22951","2063","11899","\N","tolls","441 [V] and [VIII] and 689-711","\N"
"22953","2063","12799","\N","tolls","no. 441 [IV] and [VIII] and 713-715","\N"
"22957","1646","2352","\N","\N","314-315","\N"
"22959","1646","11917","\N","\N","294-295","\N"
"22961","1646","2126","\N","\N","296-297","\N"
"22963","1646","1521","\N","\N","298-301, 467","\N"
"22965","1646","2305","\N","\N","302-303","\N"
"22967","1646","11907","\N","\N","304-305","\N"
"22969","1646","11905","\N","\N","303","\N"
"22971","1646","10798","\N","\N","306-307","\N"
"22973","1646","11906","\N","\N","306-307","\N"
"22975","1646","10799","\N","\N","306-307","\N"
"22977","1646","11846","\N","\N","308-309","\N"
"22979","1646","6963","\N","\N","310","\N"
"22981","1646","11904","\N","\N","311","\N"
"22983","1646","11849","\N","\N","312","\N"
"22985","1646","3300","\N","\N","313","\N"
"22987","1646","6562","\N","\N","316-317","\N"
"22989","1646","6840","\N","\N","318-319","\N"
"22991","1646","8041","\N","\N","320-321","\N"
"22993","1646","1374","\N","\N","322-323","\N"
"22995","1646","2712","\N","\N","324-325","\N"
"22997","1646","4329","\N","\N","326-327","\N"
"23005","1646","5097","\N","\N","331","\N"
"23007","1646","250","\N","\N","332-335","\N"
"23009","1646","11858","\N","\N","336-337","\N"
"23011","1646","11861","\N","\N","338-339","\N"
"23013","1646","2717","\N","\N","340-341","\N"
"23015","1646","11860","\N","\N","342","\N"
"23017","1646","11862","\N","\N","343-344","\N"
"23019","1646","6173","\N","\N","345","\N"
"23021","1646","3196","\N","\N","346-347","\N"
"23023","1646","11869","\N","\N","348-349","\N"
"23025","1646","1811","\N","\N","350-351","\N"
"23027","1646","11870","\N","\N","352-353","\N"
"23031","1646","11899","\N","tolls","290-291","\N"
"23033","1646","11897","\N","\N","286-287","\N"
"23035","1646","11914","\N","\N","284-285","\N"
"23037","1646","11908","\N","\N","282-283","\N"
"23039","1646","7206","\N","\N","250-251, 254-255","\N"
"23041","1646","11911","\N","\N","257","\N"
"23045","1646","11937","\N","\N","260","\N"
"23047","1646","11910","\N","\N","261","\N"
"23049","894","14814","\N","tolls","xviii-xxi: 1.21.a and accounts sub O en Q","\N"
"23051","2279","11899","\N","tolls","\N","\N"
"23053","2281","11899","\N","tolls","85","\N"
"23055","2281","12464","\N","tolls","85 tabel 10, 121 tabel 16, 165 tabel 23","\N"
"23057","2281","11081","\N","tolls","164","\N"
"23059","2281","10884","\N","tolls","\N","\N"
"23063","2281","12799","\N","\N","\N","\N"
"23065","2281","14211","\N","tolls","\N","\N"
"23067","2281","1521","\N","tolls","85 tabel 10, 121 tabel 16, 165 tabel 23","\N"
"23069","2281","12781","\N","tolls","164","\N"
"23075","2063","2126","\N","tolls","no. 441 [VI]","\N"
"23077","2283","216","\N","\N","1","\N"
"23079","2283","1033","\N","\N","9","\N"
"23081","2283","1258","\N","\N","14","\N"
"23083","2285","1521","\N","tolls","inv.no. 4907","\N"
"23085","2285","12464","\N","tolls","inv.nos. 4921-4923","\N"
"23245","2283","1564","\N","\N","23-24","\N"
"23091","1328","14545","\N","\N","\N","\N"
"23093","2223","68","\N","tolls","\N","\N"
"23099","894","12477","\N","\N","bijlage, p.lv","\N"
"23101","894","14581","\N","\N","bijlage, p.lii","\N"
"23103","894","10860","\N","\N","bijlage, p.lii","\N"
"23105","2287","11899","\N","\N","\N","\N"
"23107","2289","12746","\N","\N","\N","\N"
"23109","2291","13650","\N","\N","\N","\N"
"23115","894","11909","\N","\N","bijlage, p.lv","\N"
"23117","894","12799","\N","tolls","bijlage, p.lv","\N"
"23119","2295","12843","\N","tolls","inv.no. 4 f.69v nr. 85","\N"
"23121","2295","12843","\N","tolls","inv.no. 694 f.31/31v","\N"
"23125","2297","11907","\N","\N","14, tabel 1","\N"
"23127","2297","2712","\N","\N","14, tabel 1","\N"
"23129","2297","2305","\N","\N","14, tabel 1","\N"
"23131","2297","1521","\N","\N","14, tabel 1","\N"
"23133","2297","4329","\N","\N","14, tabel 1","\N"
"23135","2297","10330","\N","\N","14, tabel 1","\N"
"23137","2297","3300","\N","\N","14, tabel 1","\N"
"23141","2297","14581","\N","\N","14, tabel 1","\N"
"23143","2297","11914","\N","\N","14, tabel 1","\N"
"23145","2297","991","\N","\N","14, tabel 1","\N"
"23147","2297","11915","\N","\N","14, tabel 1","\N"
"23149","2297","10797","\N","\N","14, tabel 1","\N"
"23151","2297","8903","\N","\N","14, tabel 1","\N"
"23153","1800","2189","\N","\N","49","\N"
"23155","1800","9017","\N","\N","84","\N"
"23157","1800","3561","\N","\N","65","\N"
"23159","1800","9495","\N","\N","70","\N"
"23161","1800","4031","\N","\N","75","\N"
"23163","1800","8788","\N","\N","166","\N"
"23165","1800","2545","\N","\N","113","\N"
"23167","1800","2578","\N","\N","146","\N"
"23169","1800","3759","\N","\N","146","\N"
"23171","1800","8563","\N","\N","160","\N"
"23173","1800","7813","\N","\N","148","\N"
"23175","1800","1496","\N","\N","41","\N"
"23179","1800","6671","\N","\N","125","\N"
"23181","1800","7665","\N","\N","143","\N"
"23183","1800","2382","\N","\N","55","\N"
"23185","1800","7444","\N","\N","138","\N"
"23187","1800","8183","\N","\N","154","\N"
"23189","1800","1168","\N","\N","65","\N"
"23191","1800","157","\N","\N","63","\N"
"23193","2299","11862","\N","\N","\N","\N"
"23195","2301","2807","\N","fairs","141-142","\N"
"23197","2301","2807","\N","tolls","141-143, 145","\N"
"23199","2303","6429","\N","\N","\N","\N"
"23201","2305","11887","\N","\N","\N","\N"
"23203","2307","11887","\N","\N","\N","\N"
"23205","2309","11861","\N","\N","\N","\N"
"23209","2311","11895","\N","fairs","graphs on 70 and 72","\N"
"23211","2313","14575","\N","fairs","inv.no. 947, charter","\N"
"23215","2297","11899","\N","\N","14, tabel 1","\N"
"23217","2013","11899","\N","\N","\N","\N"
"23219","2137","11899","\N","\N","3, 35, 61","\N"
"23221","2149","1521","\N","\N","inv.no. 2221","\N"
"23223","2317","3300","\N","\N","\N","\N"
"23229","2065","11903","\N","\N","\N","\N"
"23231","2321","5002","\N","\N","\N","\N"
"23233","2241","7279","\N","tolls","238-241 and graph on p.247","\N"
"23235","2061","250","\N","tolls","\N","\N"
"23239","2323","250","\N","tolls","nos. 1 and 16","\N"
"23241","606","14529","\N","\N","276","\N"
"23247","2325","250","\N","tolls","inv.no. 123","\N"
"23249","606","14532","\N","\N","313","\N"
"23251","2283","1755","\N","\N","25","\N"
"24413","2511","547","\N","\N","112","\N"
"23237","2283","1465","\N","\N","18-19","\N"
"23243","1800","1466","\N","\N","40","\N"
"23253","942","14853","\N","\N","Hengelo (Bronckhorst, Gl)","\N"
"23255","606","14856","\N","\N","365","\N"
"23257","2327","8041","\N","fairs","93 and 95-96","\N"
"23259","2329","14645","\N","\N","\N","\N"
"23261","2283","3638","\N","\N","51","\N"
"23263","1973","14645","\N","\N","296","\N"
"23267","2283","4181","\N","\N","56-57","\N"
"23269","2327","7958","\N","fairs","93/94","\N"
"23273","2327","14645","\N","fairs","93/94","\N"
"23277","2283","13720","\N","\N","64","\N"
"23279","2283","5229","\N","\N","72","\N"
"23281","2283","5962","\N","\N","81","\N"
"23283","1957","5770","\N","fairs","I 130","\N"
"23285","2149","5770","\N","fairs","inv.nos. 1613 en 1617","\N"
"23287","1973","11860","\N","\N","304-308","\N"
"23289","2331","11860","\N","\N","\N","\N"
"23291","2331","12843","\N","tolls","bijlage 2","\N"
"23293","2173","4697","\N","\N","\N","\N"
"23295","2281","12783","\N","tolls","85 tabel 10, 121 tabel 16, 164, 165 tabel 23","\N"
"23297","894","12783","\N","tolls","xxv: 1.2.4.","\N"
"23299","2167","14860","\N","\N","\N","\N"
"23301","2165","14860","\N","\N","\N","\N"
"23303","2203","12767","\N","\N","f. 23","\N"
"23305","2057","13680","\N","\N","131/132: bijlage II, 144","\N"
"23307","2057","13133","\N","\N","131/132: bijlage II, 144","\N"
"23311","894","14211","\N","tolls","xxiv/xxv: 1.2.4","\N"
"23313","2063","14211","\N","tolls","223-224: no. 441 [I]","\N"
"23315","2285","13871","\N","tolls","165 f.24v","\N"
"23319","2295","1521","\N","tolls","inv.no. 696h","\N"
"23321","942","12625","\N","\N","Zwijndrecht (Zwijndrecht, ZH)","\N"
"23323","942","12621","\N","\N","Zwijndrecht (Zwijndrecht, ZH)","\N"
"23325","942","14861","\N","\N","Zwijndrecht (Zwijndrecht, ZH)","\N"
"23327","2159","13437","\N","\N","344","\N"
"23329","942","14862","\N","\N","Sleeuwijk (Werkendam, NB)","\N"
"23337","2285","11899","\N","tolls","inv.no. 696h","\N"
"23347","2041","13344","\N","\N","65","\N"
"23349","942","12690","\N","\N","Gelkenes (Molenwaard, ZH)","\N"
"23353","2295","11081","\N","tolls","inv.no. 695","\N"
"23355","2273","2807","\N","staple","\N","\N"
"23357","942","14864","\N","\N","Sloten (Amsterdam, NH)","\N"
"23359","2147","14867","\N","\N","inv. no. 12","\N"
"23361","2143","14867","\N","\N","62-63","\N"
"23363","942","14868","\N","\N","Aalsmeer (Aalsmeer, NH)","\N"
"23371","942","14873","\N","\N","Ouderkerk aan den IJssel (Krimpenerwaard, ZH)","\N"
"23373","942","14874","\N","\N","Nieuwerkerk aan den IJssel (Zuidplas, ZH)","\N"
"23375","2295","10798","\N","\N","inv.no. 694 f.23v/24","\N"
"23377","894","10799","\N","\N","liv","\N"
"23379","2059","250","\N","tolls","25-88","\N"
"23381","894","7958","\N","\N","lv","\N"
"23383","894","6173","\N","\N","lv","\N"
"23385","2141","7944","\N","tolls","136-137","\N"
"23387","2141","12858","\N","tolls","155","\N"
"23389","2255","5131","\N","staple","\N","\N"
"23393","1646","11918","\N","\N","97","\N"
"23395","1646","11981","\N","\N","96","\N"
"23397","1646","565","\N","\N","90-91","\N"
"23399","1646","3017","\N","\N","92-95","\N"
"23401","1646","1728","\N","\N","98","\N"
"23403","2343","2685","\N","tolls","nr. 254","\N"
"23405","942","14876","\N","\N","Halle (Bronckhorst, Gl)","\N"
"23407","942","14879","\N","\N","Dinxperlo (Aalten, Gl)","\N"
"23411","2347","3018","\N","tolls","55","\N"
"23415","2349","14883","\N","\N","\N","\N"
"23417","2347","2685","\N","tolls","\N","\N"
"23351","2295","12781","\N","tolls","inv.nos. 695 and 152 f.97v/98","\N"
"23421","894","12459","\N","tolls","xxxix-xl: 1.3.5","\N"
"23423","2315","12459","\N","tolls","inv.nos. 7761-1/2","\N"
"23425","2241","12459","\N","\N","241-248","\N"
"23427","2285","12459","\N","tolls","inv.nos. 4924-4927","\N"
"23429","2063","12459","\N","tolls","no. 315","\N"
"23431","2345","2685","\N","tolls","386","\N"
"23433","2351","2685","\N","tolls","regest no. 14","\N"
"23439","2257","14890","\N","\N","f. 261v, no. 1118","\N"
"23441","894","14890","\N","\N","bijlage p.liii","\N"
"23443","2353","4698","\N","\N","\N","\N"
"23445","2003","4698","\N","fairs","13, 26","\N"
"23447","2355","4698","\N","fairs","120, 125 en bijlage IX","\N"
"23451","2357","4698","\N","\N","25","\N"
"23453","2359","2685","\N","tolls","\N","\N"
"23455","2165","13675","\N","\N","\N","\N"
"23457","2197","12453","\N","\N","118","\N"
"23461","2361","14895","\N","\N","55-56","\N"
"23275","2283","13719","\N","\N","62-63","\N"
"23391","2341","2685","\N","\N","","\N"
"23475","2363","2305","\N","\N","\N","\N"
"23477","2361","5001","\N","\N","\N","\N"
"23479","2361","13436","\N","\N","59-64","\N"
"23481","2171","13109","\N","\N","\N","\N"
"23483","2155","13109","\N","\N","520","\N"
"23485","2105","14471","\N","\N","220","\N"
"23487","2357","4698","\N","fairs","28/29","\N"
"23491","2141","5097","\N","tolls","136","\N"
"23493","2001","11870","\N","tolls","no. 54","\N"
"23495","2217","11870","\N","tolls","43","\N"
"23497","2337","11870","\N","tolls","110","\N"
"23499","606","14536","\N","\N","\N","\N"
"23501","2141","14900","\N","\N","140-141","\N"
"23503","1991","12588","\N","\N","no. 310","\N"
"23505","942","12588","\N","\N","Katendrecht (Rotterdam, ZH)","\N"
"23509","1957","14187","\N","\N","130","\N"
"23511","1957","11858","\N","\N","268","\N"
"23513","894","14191","\N","tolls","xxxiii/xxxiv: 1.2.8","\N"
"23515","942","14191","\N","\N","Almsvoet (NB)","\N"
"23631","2283","1756","\N","\N","180-181","\N"
"23519","2281","13871","\N","tolls","122, 165 tabel 23","\N"
"23521","2123","3881","\N","fairs","\N","\N"
"23525","1856","3881","\N","fairs","\N","\N"
"23527","2281","12185","\N","tolls","31, 84","\N"
"23529","894","12185","\N","tolls","xxxviii/xxxix: 1.3.3","\N"
"23543","2367","12983","\N","\N","934","\N"
"23545","2241","12843","\N","tolls","225 and 325 nt. 22","\N"
"23547","894","11903","\N","tolls","xxxviii: 1.3.1","\N"
"23549","2285","11903","\N","tolls","inv.nos. 1933, 1943","\N"
"23551","2063","11903","\N","tolls","no. 358","\N"
"23553","2319","11903","\N","tolls","inv.nos. 238-240","\N"
"23555","894","12843","\N","tolls","lii","\N"
"23557","2099","8902","\N","staple","\N","\N"
"23559","2123","8902","\N","staple","\N","\N"
"23561","1792","12464","\N","tolls","VIII nos. 372 and 382","\N"
"23563","942","14361","\N","\N","Nieuwersluis (Stichtse Vecht, U)","\N"
"23565","606","14540","\N","\N","\N","\N"
"23567","2369","14540","\N","\N","\N","\N"
"23569","2371","10713","\N","\N","\N","\N"
"23571","2373","10663","\N","\N","\N","\N"
"23573","2375","13875","\N","tolls","16, 51vv","\N"
"23575","2371","10715","\N","\N","\N","\N"
"23577","2377","1521","\N","\N","\N","\N"
"23579","2379","10698","\N","\N","\N","\N"
"23581","2137","14908","\N","\N","256","\N"
"23583","942","14579","\N","\N","Spijkenisse (Nissewaard, ZH)","\N"
"23585","2381","10702","\N","\N","\N","\N"
"23587","1824","13770","\N","tolls","37","\N"
"23591","2099","14534","\N","\N","\N","\N"
"23593","2099","14534","\N","fairs","158-159","\N"
"23595","606","14534","\N","\N","\N","\N"
"23599","2283","8193","\N","\N","131","\N"
"23601","2283","8628","\N","\N","142f.","\N"
"23603","942","14926","\N","\N","Strijen (Strijen, ZH)","\N"
"23605","2283","14427","\N","\N","148","\N"
"23607","2283","14430","\N","\N","148","\N"
"23609","2283","197","\N","\N","148","\N"
"23611","2283","236","\N","\N","153","\N"
"23613","942","13136","\N","\N","Raamsdonk (Geertruidenberg, NB)","\N"
"23615","2169","12586","\N","\N","\N","\N"
"23617","2169","14586","\N","\N","\N","\N"
"23619","2283","408","\N","\N","160","\N"
"23623","942","14883","\N","\N","Cartils (Gulpen-Wittem, Lb)","\N"
"23627","2283","1440","\N","tolls","177f.","\N"
"23629","2283","1440","\N","\N","177f.","\N"
"23633","2283","14394","\N","\N","187f.","\N"
"23635","2283","2687","\N","\N","203f.","\N"
"23637","2383","2456","\N","fairs","427","\N"
"23639","2385","2456","\N","fairs","116","\N"
"23641","2387","12246","\N","\N","133-134","\N"
"23643","2387","14600","\N","\N","134-139","\N"
"23645","2387","14601","\N","\N","134-139","\N"
"23647","2387","14603","\N","\N","134-139","\N"
"23649","2387","14602","\N","\N","\N","\N"
"23651","2185","14573","\N","\N","181","\N"
"23653","942","14646","\N","\N","Rockanje (Westvoorne, ZH)","\N"
"23655","942","14627","\N","\N","Mechelen (Gulpen-Wittem, Lb)","\N"
"23657","2371","10713","\N","fairs","\N","\N"
"23659","2389","13871","\N","tolls","120/121","\N"
"23661","2223","10715","\N","tolls","\N","\N"
"23663","2371","10715","\N","fairs","\N","\N"
"23665","2371","14536","\N","fairs","\N","\N"
"23667","2105","9609","\N","\N","92","\N"
"23669","2117","10520","\N","\N","\N","\N"
"23671","2117","14941","\N","\N","\N","\N"
"23673","2383","4880","\N","fairs","427-428","\N"
"23675","1328","68","\N","fairs","303","\N"
"23677","1328","10539","\N","fairs","303","\N"
"23679","2391","11849","\N","staple","162","\N"
"23681","1328","72","\N","fairs","303","\N"
"23683","1328","12985","\N","\N","220","\N"
"23685","942","14950","\N","\N","Wezep (Oldebroek, Gl)","\N"
"23687","1328","11709","\N","fairs","303","\N"
"23689","2393","11709","\N","\N","\N","\N"
"23691","2393","11709","\N","tolls","345-347","\N"
"23693","2383","1240","\N","fairs","427-428","\N"
"23695","2395","9608","\N","\N","\N","\N"
"23697","1328","9608","\N","fairs","303","\N"
"23699","1328","9607","\N","fairs","303","\N"
"23701","2149","11903","\N","staple","inv.no. 228 f.199 no.845","\N"
"23703","2397","72","\N","fairs","\N","\N"
"23705","2063","11916","\N","fairs","no. 350","\N"
"23707","2383","8841","\N","fairs","427-428","\N"
"23709","2111","9543","\N","fairs","329","\N"
"23711","2223","8010","\N","tolls","25, 35","\N"
"23713","2105","14470","\N","\N","217, 260","\N"
"23715","2401","8876","\N","staple","42/43 en 48","\N"
"23717","2401","8876","\N","tolls","51","\N"
"23719","2401","13872","\N","\N","53 en bijlage II","\N"
"23721","2001","11915","\N","\N","IV no. 2432","\N"
"24415","2511","1945","\N","\N","159","\N"
"23723","2043","11981","\N","tolls","46","\N"
"23725","2043","11981","\N","\N","49","\N"
"23727","2117","15420","\N","\N","133-134","\N"
"23729","718","15021","\N","\N","\N","\N"
"23965","2451","16187","\N","tolls","inv. no. 20-1","\N"
"23733","2367","15032","\N","\N","\N","\N"
"23951","2447","13270","\N","tolls","vol. 2, 110","\N"
"23737","2105","15055","\N","\N","\N","\N"
"23739","2123","72","\N","tolls","178-179","\N"
"23741","2223","72","\N","tolls","\N","\N"
"23743","2105","15084","\N","\N","224","\N"
"23745","2105","15091","\N","\N","224","\N"
"23747","2105","15057","\N","\N","239","\N"
"23749","2105","15047","\N","\N","241","\N"
"23751","1738","15037","\N","\N","166","\N"
"23753","2105","15059","\N","\N","240","\N"
"23755","2105","15049","\N","\N","239","\N"
"23757","2105","15066","\N","\N","242","\N"
"23759","2105","15064","\N","\N","240","\N"
"23761","2105","15061","\N","fairs","240","\N"
"23763","2105","15060","\N","\N","240","\N"
"23765","606","14947","\N","\N","\N","\N"
"23767","2105","15109","\N","\N","74, 146, 229","\N"
"23769","2105","15114","\N","\N","146, 223","\N"
"23771","2105","15122","\N","\N","234","\N"
"23773","2105","15115","\N","\N","146, 210","\N"
"23777","2105","15123","\N","\N","234","\N"
"23779","2403","15293","\N","\N","\N","\N"
"23783","2107","14946","\N","\N","44","\N"
"23785","2111","15348","\N","\N","\N","\N"
"23787","1328","11718","\N","fairs","304","\N"
"23789","606","11718","\N","\N","\N","\N"
"23791","650","11718","\N","\N","178","\N"
"23793","2405","11718","\N","\N","140","\N"
"23795","2407","14004","\N","\N","\N","\N"
"23797","2403","15408","\N","\N","650-656","\N"
"23799","1856","15359","\N","\N","370","\N"
"23801","2409","15359","\N","\N","221-225","\N"
"23803","2411","14948","\N","\N","\N","\N"
"23805","2105","15371","\N","\N","94","\N"
"23807","2099","10688","\N","fairs","158-159","\N"
"23809","606","15434","\N","\N","\N","\N"
"23811","650","15434","\N","\N","164-165","\N"
"23813","2223","8902","\N","tolls","\N","\N"
"23815","2123","8902","\N","tolls","\N","\N"
"23817","2397","8902","\N","fairs","151, 153","\N"
"23819","2413","8902","\N","\N","\N","\N"
"23821","606","15135","\N","\N","\N","\N"
"23827","1738","15426","\N","\N","\N","\N"
"23829","2415","15426","\N","\N","\N","\N"
"23831","2415","15226","\N","\N","\N","\N"
"23833","2415","14938","\N","\N","\N","\N"
"23835","2417","11359","\N","\N","fol. 16r","\N"
"23837","2419","12459","\N","tolls","inv.no. 85","\N"
"23841","2283","3703","\N","\N","215","\N"
"23843","2283","3975","\N","\N","224","\N"
"23845","2375","16169","\N","tolls","15","\N"
"23847","2283","9449","\N","\N","226","\N"
"23851","2421","5131","\N","staple","III 320 and 376","\N"
"23853","2283","4403","\N","\N","231","\N"
"23855","2423","13661","\N","\N","74","\N"
"23857","2283","5290","\N","\N","240","\N"
"23861","2283","6276","\N","fairs","258","\N"
"23863","2283","6276","\N","\N","258-259","\N"
"23865","2283","7812","\N","\N","306f.","\N"
"23867","2283","8685","\N","\N","324","\N"
"23869","2283","8790","\N","\N","326","\N"
"23871","2283","8799","\N","\N","326","\N"
"23875","2425","13651","\N","\N","inv.nos. 495 en 526C","\N"
"23877","2427","13982","\N","\N","32","\N"
"23879","2149","13651","\N","\N","inv.no. 200 f.22","\N"
"23881","2315","12459","\N","tolls","inv.no. 7762","\N"
"23885","2001","12782","\N","\N","no. 2338","\N"
"23887","894","12782","\N","\N","liii","\N"
"23893","2241","14670","\N","\N","242","\N"
"23895","2429","14867","\N","\N","11, 80-81","\N"
"23897","2431","3300","\N","staple","III p.37/38","\N"
"23901","2429","13651","\N","\N","165-167","\N"
"23903","2433","16182","\N","fairs","38/39","\N"
"23905","2323","16182","\N","fairs","no. 421","\N"
"23909","2325","13661","\N","\N","inv.no. 138","\N"
"23911","988","9425","\N","\N","411-412","\N"
"23913","2437","9425","\N","\N","136-138","\N"
"23915","1706","9334","\N","tolls","64-65","\N"
"23917","544","9334","\N","tolls","274-276","\N"
"23919","2439","9334","\N","tolls","Beilage II","\N"
"23921","2441","9334","\N","tolls","\N","\N"
"23923","2443","9334","\N","tolls","\N","\N"
"23925","1800","8805","\N","\N","167","\N"
"23927","1800","4966","\N","\N","95","\N"
"23929","1800","154","\N","\N","46","\N"
"23931","1800","3820","\N","\N","70","\N"
"23933","1800","3128","\N","\N","153","\N"
"23935","1800","3810","\N","\N","70","\N"
"23937","1800","8548","\N","\N","160","\N"
"23939","1800","7133","\N","\N","134","\N"
"23941","1800","9497","\N","\N","127","\N"
"23943","1800","5157","\N","\N","98","\N"
"23945","1800","805","\N","\N","27","\N"
"23947","1800","3513","\N","\N","64","\N"
"23953","2449","16184","\N","\N","15 (editie)","\N"
"23955","2449","16185","\N","\N","15 (editie)","\N"
"23957","2451","16185","\N","tolls","inv.no. 20-1","\N"
"23967","2453","3634","\N","fairs","inv.no. 1","\N"
"23969","2451","13558","\N","tolls","inv.no. 20-1","\N"
"23971","2451","16184","\N","tolls","inv.no. 20-1","\N"
"23973","2451","13270","\N","tolls","inv.no. 20-1","\N"
"23975","2451","16188","\N","tolls","inv.no. 20-1","\N"
"23977","2453","13747","\N","tolls","inv.no. 1","\N"
"23979","2063","16189","\N","tolls","no. 121","\N"
"23981","2455","16169","\N","tolls","102","\N"
"23983","1538","12018","\N","tolls","p.16/17 of the separate appendix &#39;Vrijheidsboek&#39;","\N"
"23985","2111","15344","\N","\N","134-136","\N"
"23989","2457","16184","\N","\N","regest nos. 1409, 1140","\N"
"23991","2457","16185","\N","\N","regest no. 1409","\N"
"23993","2457","16189","\N","tolls","regest no. 1361","\N"
"23995","2111","15160","\N","\N","\N","\N"
"23997","2457","13270","\N","tolls","regest no. 19","\N"
"24001","2459","6477","\N","\N","\N","\N"
"24003","2461","8242","\N","\N","\N","\N"
"24005","2111","15159","\N","\N","189-191","\N"
"24007","2111","15139","\N","\N","199-200","\N"
"24009","2111","15343","\N","\N","203-204","\N"
"24011","2111","15140","\N","\N","200-203","\N"
"24013","2111","15342","\N","\N","197-198","\N"
"24015","2111","15158","\N","\N","181","\N"
"24017","2111","15141","\N","\N","194-195","\N"
"24019","2111","15350","\N","\N","152","\N"
"24021","2463","11981","\N","tolls","48","\N"
"24023","2463","16191","\N","tolls","48","\N"
"24025","2457","16191","\N","tolls","regest no. 3416","\N"
"24027","2465","16192","\N","tolls","\N","\N"
"24029","2063","16192","\N","tolls","nos. 78, 82, 567","\N"
"24031","2449","16193","\N","tolls","137 (inl.), 92-94 (editie)","\N"
"24035","2467","16194","\N","tolls","64/65","\N"
"24037","2467","16193","\N","tolls","64","\N"
"24039","2467","4922","\N","tolls","67","\N"
"24041","2469","4922","\N","tolls","xv-xvii, 212-235","\N"
"24043","2469","12785","\N","tolls","47-89","\N"
"24045","2469","11983","\N","tolls","xvii, 180-202","\N"
"24047","2467","11983","\N","tolls","68","\N"
"24049","2467","12784","\N","tolls","70","\N"
"24051","2449","12784","\N","tolls","90-94","\N"
"24053","2469","12784","\N","tolls","xiv, 90-156","\N"
"24055","2063","12784","\N","tolls","no. 1","\N"
"24057","2471","8902","\N","\N","\N","\N"
"24059","2063","16195","\N","tolls","nos. 9 en 370","\N"
"24061","2063","16193","\N","tolls","nos. 9 en 370","\N"
"24063","2469","16194","\N","tolls","157-179","\N"
"24065","2467","16196","\N","tolls","68","\N"
"24067","2473","16196","\N","tolls","inv.no. 698","\N"
"24069","2063","16194","\N","tolls","nos. 1 en 679","\N"
"24071","2063","4922","\N","tolls","no. 679","\N"
"24073","2457","16184","\N","tolls","regest no. 1409","\N"
"24075","2457","16185","\N","tolls","no. 1409","\N"
"24077","2457","16186","\N","tolls","regest no. 1409","\N"
"24079","2475","10796","\N","fairs","inv.no. 2645","\N"
"24081","2477","16191","\N","tolls","inv.nos. 7205-7208","\N"
"24083","2267","12784","\N","tolls","no. 149","\N"
"24085","2479","13947","\N","\N","212","\N"
"24089","2481","8701","\N","staple","137","\N"
"24091","2483","15138","\N","\N","\N","\N"
"24093","2485","15385","\N","\N","320","\N"
"24095","2485","15386","\N","\N","320","\N"
"24097","2485","15138","\N","\N","332","\N"
"24087","2479","13947","\N","tolls","228-229","\N"
"24101","2415","15429","\N","\N","\N","\N"
"24103","2415","15223","\N","\N","\N","\N"
"24105","2487","2297","\N","tolls","\N","\N"
"24109","1646","1417","\N","\N","392-393","\N"
"24111","2489","14913","\N","\N","accessed 17-12-2021","\N"
"24113","2489","14036","\N","\N","accessed 17-12-2021","\N"
"24115","2493","13770","\N","tolls","19","\N"
"24117","2493","1417","\N","tolls","19-21","\N"
"24119","2457","16194","\N","tolls","no. 428","\N"
"24121","2495","12921","\N","\N","11-12, 64","\N"
"24123","2495","14667","\N","tolls","65","\N"
"24125","2457","16212","\N","tolls","nos. 992, 1196, 1209, 1245, 1321, 1323, 1501, 1767","\N"
"24129","2497","8180","\N","fairs","\N","\N"
"24131","2355","4698","\N","\N","bijlage X","\N"
"24133","2499","16213","\N","\N","26-27","\N"
"24135","2499","11973","\N","\N","21-26","\N"
"24137","914","16216","\N","\N","40, 52","\N"
"24139","914","11760","\N","\N","49","\N"
"24141","914","11759","\N","\N","49-51","\N"
"24143","914","11877","\N","\N","53n107","\N"
"24145","1372","16221","\N","tolls","443","\N"
"24147","988","16222","\N","\N","163-165","\N"
"24149","988","12195","\N","\N","446","\N"
"24151","988","16227","\N","\N","163-164, 169","\N"
"24153","988","16228","\N","\N","164, 169","\N"
"24155","2501","13747","\N","tolls","131","\N"
"24157","2501","14667","\N","tolls","131","\N"
"24159","2503","14648","\N","tolls","14, 16","\N"
"24161","2503","4696","\N","tolls","14, 16","\N"
"24163","2503","13435","\N","tolls","14, 16","\N"
"24165","2503","2126","\N","tolls","14, 16","\N"
"24167","2503","12767","\N","tolls","14, 16","\N"
"24169","2503","14908","\N","tolls","14, 16","\N"
"24171","2503","11921","\N","tolls","14, 16","\N"
"24173","2503","12759","\N","tolls","14, 16","\N"
"24175","2503","14707","\N","tolls","14, 16","\N"
"24177","2503","12464","\N","tolls","\N","\N"
"24179","2503","12459","\N","tolls","27, 28","\N"
"24033","2467","12785","\N","tolls","68-69","\N"
"23999","2451","13065","\N","tolls","inv. no. 20-1","\N"
"24181","2503","13871","\N","tolls","22-26","\N"
"24183","2503","12774","\N","tolls","15, 22-26","\N"
"24185","2503","16230","\N","tolls","14/15, 22-26","\N"
"24187","2503","14926","\N","tolls","14, 16","\N"
"24191","2505","12784","\N","tolls","301 and inv.nos. 2547vv.","\N"
"24193","2507","12784","\N","tolls","inv.no. 317","\N"
"24195","1846","16232","\N","\N","42-44","\N"
"24197","942","16233","\N","\N","Biezelinge (Kapelle, Zl)","\N"
"24199","2509","16233","\N","\N","418, n119","\N"
"24203","2125","16236","\N","\N","26-28","\N"
"24205","2125","16240","\N","\N","24-28, Bild 4.2","\N"
"24207","2125","16241","\N","\N","24-28, Bild 4.2","\N"
"24209","2125","16242","\N","\N","24-28, Bild 4.2","\N"
"24211","2125","16243","\N","\N","24-28, Bild 4.2","\N"
"24213","2125","16244","\N","\N","24-28, Bild 4.2","\N"
"24217","2125","16245","\N","\N","24-28, Bild 4.2","\N"
"24219","2125","16246","\N","\N","24-28, Bild 4.2","\N"
"24221","2125","16247","\N","\N","24-28, Bild 4.2","\N"
"24223","2125","16248","\N","\N","24-28, Bild 4.2","\N"
"24225","2125","14142","\N","\N","81","\N"
"24227","2125","11856","\N","\N","77","\N"
"24229","2125","579","\N","tolls","103","\N"
"24231","2125","16250","\N","\N","139-140","\N"
"24233","2125","16251","\N","\N","139-140","\N"
"24235","2125","16219","\N","\N","141","\N"
"24237","2125","11755","\N","tolls","142","\N"
"24241","2125","11005","\N","\N","142","\N"
"24243","2511","1887","\N","\N","156","\N"
"24245","2511","3138","\N","\N","194","\N"
"24247","2511","2069","\N","\N","163","\N"
"24249","2511","2423","\N","\N","182","\N"
"24251","2511","4907","\N","\N","255","\N"
"24253","2511","6252","\N","\N","295","\N"
"24255","2511","509","\N","\N","110-111","\N"
"24257","2511","6784","\N","\N","318","\N"
"24259","2511","746","\N","\N","117","\N"
"24261","2511","9020","\N","\N","336","\N"
"24263","2511","5087","\N","\N","154-155","\N"
"24265","2511","2252","\N","\N","172","\N"
"24267","2511","1993","\N","\N","161","\N"
"24269","2511","1550","\N","\N","149","\N"
"24271","2511","1577","\N","\N","150","\N"
"24273","2511","3262","\N","\N","196","\N"
"24275","2511","4619","\N","\N","242","\N"
"24277","2511","8780","\N","\N","402","\N"
"24279","2511","13958","\N","\N","389","\N"
"24281","2511","8505","\N","\N","389","\N"
"24283","2511","4070","\N","\N","225","\N"
"24285","2511","4616","\N","\N","241","\N"
"24287","2511","8848","\N","\N","404-405","\N"
"24289","2511","6850","\N","\N","320","\N"
"24291","2511","6349","\N","\N","300","\N"
"24293","2511","5287","\N","\N","266","\N"
"24295","2511","4602","\N","\N","240","\N"
"24297","2511","641","\N","\N","114","\N"
"24299","2511","1035","\N","\N","125","\N"
"24301","2511","7647","\N","\N","349","\N"
"24303","2511","8283","\N","\N","381","\N"
"24305","2511","7411","\N","\N","338","\N"
"24307","2511","1129","\N","\N","338","\N"
"24309","2511","8193","\N","\N","375-376","\N"
"24311","2511","8201","\N","\N","377","\N"
"24313","2511","1712","\N","\N","155","\N"
"24315","2511","2212","\N","\N","168","\N"
"24317","2511","6190","\N","\N","292","\N"
"24319","2511","6831","\N","\N","319","\N"
"24321","2511","472","\N","\N","109","\N"
"24323","2511","6609","\N","\N","313","\N"
"24325","2511","1153","\N","\N","131","\N"
"24327","2511","2500","\N","\N","180","\N"
"24329","2511","1076","\N","\N","127","\N"
"24331","2511","5402","\N","\N","268","\N"
"24333","2511","7137","\N","\N","332","\N"
"24335","2511","6028","\N","\N","286","\N"
"24337","2511","3248","\N","\N","195","\N"
"24339","2511","533","\N","\N","112","\N"
"24343","2511","6989","\N","\N","325","\N"
"24345","2511","2273","\N","\N","174","\N"
"24347","2511","8593","\N","\N","393","\N"
"24349","2511","2565","\N","\N","327","\N"
"24351","2511","4663","\N","\N","245","\N"
"24353","2511","7486","\N","\N","341","\N"
"24355","2511","2705","\N","\N","186","\N"
"24357","2511","11462","\N","\N","129","\N"
"24359","2511","1113","\N","\N","129","\N"
"24361","2511","5088","\N","\N","261","\N"
"24363","2511","7611","\N","\N","346","\N"
"24365","2511","8778","\N","\N","401-402","\N"
"24367","2511","2709","\N","\N","187","\N"
"24369","2511","9068","\N","\N","167","\N"
"24371","1800","8003","\N","\N","150","\N"
"24373","2511","954","\N","\N","123","\N"
"24375","2511","3122","\N","\N","333","\N"
"24377","2511","6672","\N","\N","314","\N"
"24379","2511","3099","\N","\N","325","\N"
"24381","2511","3752","\N","\N","325","\N"
"24383","2511","3638","\N","\N","211","\N"
"24385","2511","3579","\N","\N","208","\N"
"24387","2511","2070","\N","\N","163-164","\N"
"24389","2511","5229","\N","\N","264-265","\N"
"24391","2511","152","\N","\N","128","\N"
"24393","2511","5227","\N","\N","129","\N"
"24395","2511","4079","\N","\N","225-226","\N"
"24397","2511","216","\N","\N","102","\N"
"24399","2511","1468","\N","\N","146","\N"
"24401","2511","5838","\N","\N","276","\N"
"24403","2511","3753","\N","\N","326","\N"
"24405","2511","2562","\N","\N","326","\N"
"24407","2511","6545","\N","\N","311","\N"
"24409","2511","13748","\N","\N","376","\N"
"24411","2511","5243","\N","\N","265","\N"
"24417","2511","6566","\N","\N","312","\N"
"24419","2511","8456","\N","\N","387-388","\N"
"24421","2511","5853","\N","\N","278","\N"
"24423","2511","2527","\N","\N","245","\N"
"24425","2511","6372","\N","\N","302","\N"
"24427","2511","1408","\N","\N","144","\N"
"24429","2511","3902","\N","\N","219-220","\N"
"24431","2511","13720","\N","\N","250","\N"
"24433","2511","6299","\N","\N","297-298","\N"
"24435","2511","1498","\N","\N","147","\N"
"24437","2511","1557","\N","\N","149","\N"
"24439","2511","7543","\N","\N","344","\N"
"24443","2511","7810","\N","\N","360","\N"
"24445","1800","3699","\N","\N","68","\N"
"24447","1800","5122","\N","\N","97","\N"
"24449","1800","1382","\N","\N","39","\N"
"24451","1800","11485","\N","\N","153","\N"
"24453","1800","11486","\N","\N","123","\N"
"24455","1800","524","\N","\N","24","\N"
"24457","1800","3701","\N","\N","68","\N"
"24459","1800","3979","\N","\N","74","\N"
"24461","1800","2398","\N","\N","56","\N"
"24463","1800","348","\N","\N","21","\N"
"24465","1800","7632","\N","\N","142","\N"
"24467","1800","8626","\N","\N","162","\N"
"24469","1800","2389","\N","\N","56","\N"
"24471","1800","2419","\N","\N","57","\N"
"24473","1800","5850","\N","\N","104","\N"
"24475","1800","8268","\N","\N","156","\N"
"24477","1800","7028","\N","\N","132","\N"
"24479","1800","2220","\N","\N","50","\N"
"24481","1800","3568","\N","\N","66","\N"
"24483","1800","6383","\N","\N","119","\N"
"24485","1800","2089","\N","\N","47","\N"
"24487","1800","4669","\N","\N","88","\N"
"24489","1800","6503","\N","\N","122","\N"
"24491","1800","9505","\N","\N","127","\N"
"24493","1800","7192","\N","\N","134","\N"
"24495","1800","6036","\N","\N","109","\N"
"24497","1800","1560","\N","\N","42","\N"
"24499","1800","5810","\N","\N","102","\N"
"24501","1800","2253","\N","\N","52","\N"
"24503","1800","7445","\N","\N","138","\N"
"24505","1800","6120","\N","\N","111","\N"
"24507","1800","11507","\N","\N","166","\N"
"24509","1800","401","\N","\N","22","\N"
"24511","1800","1318","\N","\N","36","\N"
"24513","1800","8006","\N","\N","150","\N"
"24515","1800","6038","\N","\N","109","\N"
"24517","1800","3492","\N","\N","63-64","\N"
"24519","2511","960","\N","\N","123","\N"
"24521","2511","7602","\N","\N","345","\N"
"24523","2511","364","\N","\N","103","\N"
"24525","2511","2248","\N","\N","172","\N"
"24527","2511","5385","\N","\N","268","\N"
"24529","2511","1608","\N","\N","152","\N"
"24531","2511","461","\N","\N","108","\N"
"24533","2511","6371","\N","\N","302","\N"
"24535","2511","8028","\N","\N","368","\N"
"24537","2511","7669","\N","\N","350-351","\N"
"24539","2511","3756","\N","\N","352","\N"
"24541","2511","2946","\N","\N","191","\N"
"24543","2511","8020","\N","\N","367","\N"
"24545","2511","5386","\N","\N","268","\N"
"24547","2511","5908","\N","\N","281","\N"
"24549","2511","2255","\N","\N","172-173","\N"
"24551","2511","2010","\N","\N","161","\N"
"24553","2511","6483","\N","\N","307","\N"
"24555","2511","6865","\N","\N","320","\N"
"24557","2511","2269","\N","\N","174","\N"
"24559","2511","3980","\N","\N","221","\N"
"24561","2511","3733","\N","\N","232","\N"
"24563","2511","4181","\N","\N","229-230","\N"
"24565","2511","959","\N","\N","123-124","\N"
"24567","2511","3360","\N","\N","198","\N"
"24569","2511","2477","\N","\N","130-131","\N"
"24571","2511","5891","\N","\N","281","\N"
"24573","2511","7735","\N","\N","355-356","\N"
"24575","2511","7702","\N","\N","354","\N"
"24577","2511","7671","\N","\N","352-353","\N"
"24579","2511","2552","\N","\N","307","\N"
"24581","2511","3747","\N","\N","307","\N"
"24583","2511","3764","\N","\N","391","\N"
"24585","2511","6219","\N","\N","294","\N"
"24587","2511","4211","\N","\N","230-231","\N"
"24589","2511","8019","\N","\N","366-367","\N"
"24591","2511","6347","\N","\N","300","\N"
"24593","2511","3667","\N","\N","310","\N"
"24595","2511","4630","\N","\N","243","\N"
"24597","2511","2498","\N","\N","177","\N"
"24599","2511","3719","\N","\N","177","\N"
"24601","2511","4017","\N","\N","222","\N"
"24603","2511","888","\N","\N","121","\N"
"24605","2511","3128","\N","\N","374","\N"
"24607","2511","13735","\N","\N","330","\N"
"24609","2511","3820","\N","\N","216","\N"
"24611","2511","4723","\N","\N","247","\N"
"24613","2511","6363","\N","\N","301-302","\N"
"24615","2511","5400","\N","\N","268, 350","\N"
"24617","2511","2320","\N","\N","176","\N"
"24619","2511","6696","\N","\N","315","\N"
"24621","2511","5280","\N","\N","203","\N"
"24623","2511","6970","\N","\N","323","\N"
"24625","2511","3537","\N","\N","204","\N"
"24627","2511","3803","\N","\N","215","\N"
"24629","2511","217","\N","\N","202-203","\N"
"24631","2511","2189","\N","\N","168","\N"
"24633","2511","9017","\N","\N","236-237","\N"
"24635","2511","6450","\N","\N","305","\N"
"24637","2511","6814","\N","\N","319","\N"
"24639","2511","13722","\N","\N","334","\N"
"24641","2511","2686","\N","\N","184-185","\N"
"24643","2511","6115","\N","\N","289","\N"
"24645","2511","7540","\N","\N","344","\N"
"24647","2511","998","\N","\N","124","\N"
"24649","2511","4396","\N","\N","234-235","\N"
"24651","2511","9449","\N","\N","227","\N"
"24653","2511","7258","\N","\N","332","\N"
"24655","2511","4830","\N","\N","253","\N"
"24657","2511","1586","\N","\N","151","\N"
"24659","2511","501","\N","\N","109","\N"
"24661","2511","1033","\N","\N","125","\N"
"24663","2511","2533","\N","\N","255","\N"
"24665","2511","3737","\N","\N","255","\N"
"24667","2511","744","\N","\N","117","\N"
"24669","2511","1385","\N","\N","142-143","\N"
"24671","2511","5879","\N","\N","279","\N"
"24673","2511","4558","\N","\N","239","\N"
"24675","4","7081","\N","\N","768","\N"
"24677","164","14202","\N","\N","137","\N"
"24679","162","14202","\N","\N","369","\N"
"24681","344","5214","\N","\N","196","\N"
"24683","2513","11723","\N","\N","301","\N"
"24685","2513","6934","\N","\N","343","\N"
"24687","2513","2040","\N","\N","167","\N"
"24689","2513","2556","\N","\N","160, 333","\N"
"24691","2513","1690","\N","\N","158","\N"
"24693","2513","2621","\N","\N","273","\N"
"24695","2513","1040","\N","\N","138","\N"
"24697","2513","1160","\N","\N","204","\N"
"24699","2513","8836","\N","\N","411","\N"
"24701","2513","1528","\N","\N","152","\N"
"24703","2513","4813","\N","\N","260","\N"
"24705","2513","9404","\N","\N","118","\N"
"24707","2513","5048","\N","\N","270","\N"
"24709","2513","1363","\N","\N","144","\N"
"24711","2513","8763","\N","\N","403","\N"
"24713","2513","4662","\N","\N","256","\N"
"24715","2513","3456","\N","\N","203","\N"
"24717","2513","640","\N","\N","125","\N"
"24719","2513","5095","\N","\N","273","\N"
"24721","2513","5096","\N","\N","274","\N"
"24723","2513","4649","\N","\N","256","\N"
"24725","2513","1250","\N","\N","227","\N"
"24727","2513","2424","\N","\N","188","\N"
"24729","2513","276","\N","\N","113","\N"
"24731","2513","7455","\N","\N","361","\N"
"24733","2513","4083","\N","\N","248","\N"
"24735","2513","4798","\N","\N","260","\N"
"24737","2513","14252","\N","\N","164","\N"
"24739","2513","10763","\N","\N","157","\N"
"24741","2513","10764","\N","\N","262","\N"
"24743","2513","8690","\N","\N","400","\N"
"24745","2513","8513","\N","\N","394","\N"
"24747","2513","3337","\N","\N","200","\N"
"24749","2513","6541","\N","\N","329","\N"
"24751","2513","1784","\N","\N","161-162","\N"
"24753","2513","4515","\N","\N","250","\N"
"24755","2513","261","\N","\N","113, 252","\N"
"24757","2513","8845","\N","\N","411-412","\N"
"24759","2513","4555","\N","\N","253-254","\N"
"24761","2513","6321","\N","\N","318-319","\N"
"24763","2513","12512","\N","\N","307-308","\N"
"24765","38","12512","\N","\N","34","\N"
"24767","2513","1474","\N","\N","149","\N"
"24769","1296","1474","\N","\N","&#60;a href=&#34;https://hov.isgv.de/D%C3%B6brichau&#34;&#62;Art. Döbrichau&#60;/a&#62;","\N"
"24771","1300","1474","\N","\N","196","\N"
"24773","2515","7165","\N","\N","\N","\N"
"24775","2513","112","\N","\N","109","\N"
"24777","2513","5953","\N","\N","299","\N"
"24779","2513","1679","\N","\N","157-158","\N"
"24781","2513","12461","\N","\N","190","\N"
"24783","2513","6131","\N","\N","311","\N"
"24785","2513","2243","\N","\N","175-176","\N"
"24787","656","6218","\N","\N","nos. 160, 161","\N"
"24789","2513","1401","\N","\N","145-146","\N"
"24791","2513","743","\N","\N","128-129","\N"
"24793","2513","7393","\N","\N","359","\N"
"24795","2513","12513","\N","\N","316","\N"
"24797","2513","2374","\N","\N","185-186","\N"
"24799","2513","16283","\N","\N","211","\N"
"24801","2513","16285","\N","\N","348","\N"
"24803","2513","12523","\N","\N","396","\N"
"24805","2513","6096","\N","\N","305","\N"
"24807","2513","11477","\N","\N","163","\N"
"24809","2513","3616","\N","\N","209-210","\N"
"24811","2513","4596","\N","\N","255","\N"
"24813","2513","8107","\N","\N","381","\N"
"24815","2513","6211","\N","\N","314-315","\N"
"24817","2513","1527","\N","\N","152","\N"
"24819","2513","7789","\N","\N","374","\N"
"24821","2513","6674","\N","\N","331-332","\N"
"24823","2513","12517","\N","\N","341","\N"
"24825","852","16290","\N","\N","807","\N"
"24827","2513","2416","\N","\N","187","\N"
"24829","1296","2416","\N","\N","&#60;a href=&#34;https://hov.isgv.de/Greudnitz&#34;&#62;Art. Greudnitz&#60;/a&#62;","\N"
"24831","1300","2416","\N","\N","356","\N"
"24833","2513","1511","\N","\N","151","\N"
"24835","1296","1511","\N","\N","&#60;a href=&#34;https://hov.isgv.de/Dommitzsch&#34;&#62;Art. Dommitzsch&#60;/a&#62;","\N"
"24837","1300","1511","\N","\N","204","\N"
"24839","2513","8047","\N","\N","380","\N"
"24841","1302","8047","\N","\N","537","\N"
"24843","1296","8047","\N","\N","&#60;a href=&#34;https://hov.isgv.de/Vogelgesang_(2)&#34;&#62;Art. Vogelgesang (2)&#60;/a&#62;","\N"
"24845","2513","5192","\N","\N","278","\N"
"24847","1302","5192","\N","\N","89","\N"
"24849","1296","5192","\N","\N","&#60;a href=&#34;https://hov.isgv.de/Neiden&#34;&#62;Art. Neiden&#60;/a&#62;","\N"
"24851","2513","7760","\N","\N","370-371","\N"
"24853","38","7760","\N","\N","621","\N"
"24855","1296","7760","\N","\N","&#60;a href=&#34;https://hov.isgv.de/Torgau&#34;&#62;Art. Torgau&#60;/a&#62;","\N"
"24857","1302","7760","\N","\N","512","\N"
"24859","2513","4042","\N","\N","232","\N"
"24861","1296","4042","\N","\N","&#60;a href=&#34;https://hov.isgv.de/Kreischau_(3)&#34;&#62;Art. Kreischau (3)&#60;/a&#62;","\N"
"24863","1300","4042","\N","\N","535","\N"
"24865","2513","4991","\N","\N","268","\N"
"24867","1302","4991","\N","\N","47","\N"
"24869","1296","4991","\N","\N","&#60;a href=&#34;https://hov.isgv.de/Mockrehna&#34;&#62;Art. Mockrehna&#60;/a&#62;","\N"
"24871","2513","12516","\N","\N","337","\N"
"24873","1302","12516","\N","\N","351","\N"
"24875","1296","12516","\N","\N","&#60;a href=&#34;https://hov.isgv.de/Schildau,_Gneisenaustadt&#34;&#62;Art. Schildau, Gneisenaustadt&#60;/a&#62;","\N"
"24877","2513","4833","\N","\N","261","\N"
"24879","1302","4833","\N","\N","21","\N"
"24881","1296","4833","\N","\N","&#60;a href=&#34;https://hov.isgv.de/Mehderitzsch&#34;&#62;Art. Mehderitzsch&#60;/a&#62;","\N"
"24883","2513","519","\N","\N","121","\N"
"24885","1296","519","\N","\N","&#60;a href=&#34;https://hov.isgv.de/Belgern_(1)&#34;&#62;Art. Belgern (1)&#60;/a&#62;","\N"
"24887","1300","519","\N","\N","53","\N"
"24889","2513","7346","\N","\N","357","\N"
"24891","1296","7346","\N","\N","&#60;a href=&#34;https://hov.isgv.de/Staritz&#34;&#62;Art. Staritz&#60;/a&#62;","\N"
"24893","1302","7346","\N","\N","449","\N"
"24895","2513","6856","\N","\N","337","\N"
"24897","1296","6856","\N","\N","&#60;a href=&#34;https://hov.isgv.de/Schirmenitz&#34;&#62;Art. Schirmenitz&#60;/a&#62;","\N"
"24899","1302","6856","\N","\N","354","\N"
"24901","2513","11881","\N","\N","273","\N"
"24903","2513","5325","\N","\N","280","\N"
"24905","1302","5325","\N","\N","112-113","\N"
"24907","1296","5325","\N","\N","&#60;a href=&#34;https://hov.isgv.de/Nichtewitz_(Gro%C3%9F-,_Klein-)&#34;&#62;Art. Nichtewitz (Groß-, Klein-)&#60;/a&#62;","\N"
"24909","2513","7815","\N","\N","376","\N"
"24911","1302","7815","\N","\N","522-523","\N"
"24913","1296","7815","\N","\N","&#60;a href=&#34;https://hov.isgv.de/Triestewitz&#34;&#62;Art. Triestewitz&#60;/a&#62;","\N"
"24915","2513","2369","\N","\N","185","\N"
"24917","1296","2369","\N","\N","&#60;a href=&#34;https://hov.isgv.de/Graditz&#34;&#62;Art. Graditz&#60;/a&#62;","\N"
"24919","1300","2369","\N","\N","348","\N"
"24921","1296","8861","\N","\N","&#60;a href=&#34;https://hov.isgv.de/Zwethau&#34;&#62;Art. Zwethau&#60;/a&#62;","\N"
"24923","1302","8861","\N","\N","676-677","\N"
"24925","2513","8861","\N","\N","412","\N"
"24927","2513","14289","\N","\N","410","\N"
"24929","1302","14289","\N","\N","655","\N"
"24931","1296","14289","\N","\N","&#60;a href=&#34;https://hov.isgv.de/Zschackau_(seit_1938_Beilrode)&#34;&#62;Art. Zschackau (seit 1938 Beilrode)&#60;/a&#62;","\N"
"24933","2517","4698","\N","staple","116","\N"
"24935","2473","10796","\N","fairs","inv.no. 664","\N"
"24937","2141","244","\N","tolls","151-152","\N"
"24939","2141","11882","\N","\N","153","\N"
"24943","2519","1417","\N","tolls","\N","\N"
"24945","914","11724","\N","\N","46","\N"
"24947","914","11724","\N","tolls","46","\N"
"24951","1846","16337","\N","\N","42-43","\N"
"24953","2521","16337","\N","\N","121","\N"
"24963","540","5735","\N","\N","359-360","\N"
"24965","540","11734","\N","\N","38","\N"
"24967","540","586","\N","\N","37-40","\N"
"24969","38","586","\N","\N","60","\N"
"24971","38","5735","\N","\N","475","\N"
"24973","38","2758","\N","\N","237","\N"
"24975","656","9847","\N","\N","II, no. 145","\N"
"24977","656","586","\N","tolls","II, no. 145","\N"
"24983","942","16342","\N","\N","Sint Anthonis (Sint Anthonis, NB)","\N"
"24985","2527","16342","\N","\N","\N","\N"
"24987","2529","16343","\N","\N","88, 89, 92","\N"
"24989","2533","11917","\N","\N","188-189","\N"
"24991","2535","4958","\N","staple","\N","\N"
"24993","2535","973","\N","staple","\N","\N"
"24995","4","16348","\N","tolls","327-328","\N"
"24997","2405","3316","\N","\N","137-138, 157-158","\N"
"24999","2405","11623","\N","\N","138","\N"
"25001","2405","14470","\N","\N","144","\N"
"25003","2405","14547","\N","\N","146","\N"
"25005","2405","15084","\N","\N","147","\N"
"25007","2405","15122","\N","\N","147","\N"
"25009","2405","15120","\N","\N","147","\N"
"25011","2405","15109","\N","\N","148","\N"
"25013","2405","15057","\N","\N","149","\N"
"25015","2405","15055","\N","\N","149","\N"
"25017","2405","15049","\N","\N","149","\N"
"25019","2537","16355","\N","\N","\N","\N"
"25021","2539","4444","\N","\N","\N","\N"
"25023","2541","4444","\N","\N","\N","\N"
"25027","2543","1417","\N","tolls","39 - 42","\N"
"25029","2545","1417","\N","tolls","706, 1029, 1289","\N"
"25031","2547","1417","\N","tolls","image 109-112","\N"
"25033","2549","1417","\N","tolls","image 191-192","\N"
"25035","492","1417","\N","tolls","160-161, 269-274","\N"
"25039","2553","14202","\N","\N","9-14","\N"
"25041","2553","14202","\N","fairs","105-112","\N"
"25043","2555","9155","\N","\N","156","\N"
"25045","2555","2870","\N","\N","113","\N"
"25047","942","16356","\N","\N","Giersbergen (Heusden, NB)","\N"
"25049","2557","16356","\N","\N","101-103","\N"
"25053","2561","16358","\N","\N","15","\N"
"25055","2561","16359","\N","\N","15","\N"
"25057","2563","13278","\N","\N","136","\N"
"25061","2563","16360","\N","\N","136","\N"
"25063","2547","11135","\N","tolls","image 109-112. ","\N"
"25065","2549","11135","\N","tolls","image 191-192. thanks to Mr. Hille de Beer 20220209, ","\N"
"25067","2543","11135","\N","tolls","39 - 42. ","\N"
"25069","2545","11135","\N","tolls","706, 1029, 1289. ","\N"
"25071","2551","11135","\N","tolls","\N","\N"
"25073","988","11135","\N","tolls","419","\N"
"25075","492","11135","\N","tolls","160-161, 169 graph 6.1, 269-274. ","\N"
"25077","2493","11135","\N","tolls","19-21. ","\N"
"25079","942","16361","\N","\N","Groeningen (Boxmeer, NB)","\N"
"25081","2567","16361","\N","\N","\N","\N"
"25083","2559","16362","\N","\N","151","\N"
"25085","2565","13919","\N","\N","\N","\N"
"25089","2571","16357","\N","\N","30-33","\N"
"25091","2573","1406","\N","\N","50-66","\N"
"25093","2555","1406","\N","\N","59-60","\N"
"25095","2573","1406","\N","fairs","125-126","\N"
"25097","2555","1406","\N","fairs","19, 136-137","\N"
"25099","162","1406","\N","fairs","103","\N"
"25101","2555","12193","\N","\N","130-131","\N"
"25103","2555","4353","\N","\N","169-170","\N"
"25105","2555","6710","\N","\N","29-30","\N"
"25107","214","4203","\N","tolls","200-201","\N"
"25109","38","4203","\N","\N","341","\N"
"25111","2555","4203","\N","\N","160","\N"
"25113","2555","2912","\N","\N","115-116","\N"
"25115","2555","6868","\N","\N","241","\N"
"25117","2555","3208","\N","\N","128","\N"
"25119","38","3208","\N","\N","276","\N"
"25121","4","3208","\N","tolls","438","\N"
"25123","2555","728","\N","\N","44","\N"
"25125","2555","12189","\N","\N","31-32","\N"
"25127","38","12827","\N","\N","377","\N"
"25129","2555","12827","\N","\N","187","\N"
"25131","2555","4502","\N","\N","185","\N"
"25133","38","4502","\N","\N","368","\N"
"25135","38","303","\N","\N","38","\N"
"25137","920","303","\N","\N","137-138","\N"
"25139","920","456","\N","\N","139","\N"
"25141","920","517","\N","\N","145-146","\N"
"25143","38","1413","\N","\N","122","\N"
"25145","920","1413","\N","\N","154-155","\N"
"25147","38","1552","\N","\N","134","\N"
"25149","920","1552","\N","\N","157","\N"
"25151","38","16367","\N","\N","134","\N"
"25153","920","1581","\N","\N","158-159","\N"
"25155","920","1902","\N","\N","159","\N"
"25157","920","16372","\N","\N","161","\N"
"25159","1746","16372","\N","\N","58","\N"
"25161","920","2020","\N","\N","165","\N"
"25163","38","2281","\N","\N","211-212","\N"
"25165","920","2281","\N","\N","169","\N"
"25167","38","2406","\N","\N","217","\N"
"25169","920","2406","\N","\N","170","\N"
"25171","920","2789","\N","\N","181","\N"
"25173","920","3392","\N","\N","184","\N"
"25175","920","3500","\N","\N","184","\N"
"25177","920","3958","\N","\N","186","\N"
"25179","38","3976","\N","\N","327-328","\N"
"25181","920","3976","\N","\N","187","\N"
"25183","38","3880","\N","\N","320","\N"
"25185","920","3880","\N","\N","190-191","\N"
"25187","38","4279","\N","\N","351","\N"
"25189","920","4279","\N","\N","197","\N"
"25191","4","4169","\N","tolls","674","\N"
"25193","4","7226","\N","tolls","674, 692","\N"
"25195","920","4775","\N","\N","201","\N"
"25197","920","4804","\N","\N","203","\N"
"25199","4","3324","\N","tolls","637","\N"
"25201","4","4807","\N","tolls","637","\N"
"25203","4","8668","\N","tolls","638","\N"
"25205","4","7829","\N","tolls","638","\N"
"25207","4","2242","\N","tolls","637n298","\N"
"25209","4","1107","\N","tolls","638","\N"
"25211","4","546","\N","tolls","638","\N"
"25213","4","368","\N","tolls","638","\N"
"25215","38","5161","\N","\N","426","\N"
"25217","920","5161","\N","\N","204","\N"
"25219","38","5317","\N","\N","443-44","\N"
"25221","920","5317","\N","\N","206","\N"
"25223","920","5964","\N","\N","211","\N"
"25225","920","16373","\N","\N","212","\N"
"25227","920","6039","\N","\N","214","\N"
"25229","920","6110","\N","\N","214","\N"
"25231","38","6185","\N","\N","494","\N"
"25233","920","6185","\N","\N","215-216","\N"
"25235","4","6185","\N","tolls","610","\N"
"25237","4","3969","\N","tolls","640","\N"
"25239","4","7024","\N","tolls","640","\N"
"25241","4","6227","\N","tolls","640","\N"
"25243","4","1997","\N","tolls","640","\N"
"25245","4","4947","\N","tolls","642","\N"
"25247","4","16374","\N","\N","642","\N"
"25249","4","7791","\N","tolls","642, 677","\N"
"25251","920","6312","\N","\N","219","\N"
"25253","920","6315","\N","\N","220","\N"
"25255","38","8875","\N","\N","529","\N"
"25257","920","8875","\N","\N","221","\N"
"25259","920","6859","\N","\N","224-225","\N"
"25261","38","6859","\N","\N","550","\N"
"25263","38","6872","\N","\N","551","\N"
"25265","920","6872","\N","\N","226","\N"
"25267","920","8709","\N","\N","265","\N"
"25269","920","8576","\N","\N","160","\N"
"25271","920","7858","\N","\N","255-256","\N"
"25273","4","3265","\N","tolls","642","\N"
"25275","4","8262","\N","tolls","642","\N"
"25277","4","16375","\N","\N","642","\N"
"25279","4","8737","\N","tolls","642","\N"
"25281","4","7348","\N","tolls","642","\N"
"25283","4","3929","\N","tolls","644","\N"
"25285","4","6234","\N","tolls","644","\N"
"25287","4","7501","\N","tolls","644","\N"
"25289","4","16376","\N","\N","645","\N"
"25291","4","16377","\N","\N","645","\N"
"25293","4","5590","\N","tolls","646","\N"
"25295","4","16378","\N","\N","646","\N"
"25297","4","3264","\N","tolls","646","\N"
"25299","4","7175","\N","tolls","646","\N"
"25301","4","7536","\N","tolls","646","\N"
"25303","4","9938","\N","tolls","648","\N"
"25305","920","7643","\N","\N","249","\N"
"25307","38","7442","\N","\N","603","\N"
"25311","920","6887","\N","\N","227","\N"
"25313","920","6889","\N","\N","228","\N"
"25315","920","6915","\N","\N","229-230","\N"
"25317","920","16379","\N","\N","139-140","\N"
"25319","920","16380","\N","\N","148","\N"
"25321","920","16381","\N","\N","149","\N"
"25323","920","16382","\N","\N","151","\N"
"25325","920","16383","\N","\N","160-161","\N"
"25327","920","16384","\N","\N","164","\N"
"25329","920","16385","\N","\N","182","\N"
"25331","38","16381","\N","\N","100","\N"
"25333","920","16386","\N","\N","194","\N"
"25335","920","16387","\N","\N","195","\N"
"25337","38","16387","\N","\N","340","\N"
"25339","920","16388","\N","\N","198-199","\N"
"25341","2015","16389","\N","\N","130","\N"
"25343","920","16390","\N","\N","207","\N"
"25345","920","16391","\N","\N","208","\N"
"25347","920","16392","\N","\N","259","\N"
"25349","920","16393","\N","\N","213","\N"
"25351","920","16394","\N","\N","223","\N"
"25353","920","16395","\N","\N","141","\N"
"25355","920","8685","\N","\N","265","\N"
"25357","920","6955","\N","\N","231-232","\N"
"25359","38","6955","\N","\N","559","\N"
"25361","920","6276","\N","\N","218","\N"
"25363","4","16400","\N","tolls","604","\N"
"25365","4","16400","\N","\N","604","\N"
"25367","4","6690","\N","\N","606","\N"
"25369","4","6312","\N","tolls","607","\N"
"25371","4","16401","\N","\N","607","\N"
"25373","4","16402","\N","\N","607","\N"
"25375","4","6915","\N","tolls","607-608, 616","\N"
"25377","4","16403","\N","\N","608, 667-668","\N"
"25379","4","1943","\N","tolls","608","\N"
"25381","4","1549","\N","\N","608","\N"
"25383","4","16405","\N","tolls","608","\N"
"25385","4","1581","\N","tolls","609","\N"
"25387","4","7127","\N","tolls","609","\N"
"25389","4","16406","\N","\N","610","\N"
"25391","4","16407","\N","\N","610","\N"
"25393","4","16408","\N","\N","612n114","\N"
"25395","4","1909","\N","tolls","612","\N"
"25397","4","720","\N","tolls","612n115","\N"
"25399","4","4303","\N","tolls","614","\N"
"25401","920","4303","\N","tolls","576-577","\N"
"25405","4","4168","\N","tolls","227, 614","\N"
"25407","4","3913","\N","tolls","614","\N"
"25409","4","457","\N","tolls","614","\N"
"25411","4","6947","\N","tolls","614","\N"
"25413","4","6487","\N","tolls","616","\N"
"25415","4","16411","\N","\N","618","\N"
"25417","4","16413","\N","\N","618","\N"
"25419","4","16414","\N","\N","617-618","\N"
"25421","4","1991","\N","tolls","619","\N"
"25423","4","16415","\N","\N","621, 633","\N"
"25425","4","16416","\N","\N","623","\N"
"25427","4","8673","\N","tolls","624, 657","\N"
"25429","4","1017","\N","tolls","625","\N"
"25431","4","16417","\N","tolls","628","\N"
"25433","4","16417","\N","\N","628","\N"
"25435","4","5144","\N","tolls","631","\N"
"25437","4","3607","\N","tolls","631","\N"
"25439","4","8118","\N","tolls","631","\N"
"25441","4","16418","\N","\N","631","\N"
"25443","4","16418","\N","tolls","631","\N"
"25445","4","347","\N","tolls","634","\N"
"25447","4","16419","\N","\N","635","\N"
"25449","4","16420","\N","\N","637, n297a","\N"
"25451","4","16422","\N","\N","638","\N"
"25453","4","3997","\N","tolls","649","\N"
"25455","4","2346","\N","tolls","649","\N"
"25457","4","4593","\N","tolls","649","\N"
"25459","4","6286","\N","tolls","649","\N"
"25461","4","2323","\N","tolls","649","\N"
"25463","4","6226","\N","tolls","649","\N"
"25465","4","5662","\N","tolls","649","\N"
"25467","4","615","\N","tolls","593","\N"
"25469","4","6867","\N","tolls","593","\N"
"25471","4","8264","\N","tolls","593","\N"
"25473","4","7593","\N","tolls","593","\N"
"25475","4","802","\N","tolls","588","\N"
"25477","4","7011","\N","tolls","587","\N"
"25479","4","4938","\N","tolls","590","\N"
"25481","4","8215","\N","\N","585","\N"
"25483","4","5429","\N","tolls","586","\N"
"25485","4","8215","\N","tolls","586","\N"
"25487","4","4406","\N","tolls","586","\N"
"25489","4","3909","\N","tolls","586","\N"
"25493","4","16423","\N","\N","582","\N"
"25495","4","16423","\N","tolls","582","\N"
"25499","4","8280","\N","tolls","583","\N"
"25501","4","3444","\N","tolls","583","\N"
"25505","4","16425","\N","tolls","583","\N"
"25509","2575","16433","\N","\N","103","\N"
"25511","2575","16434","\N","tolls","104","\N"
"25513","4","355","\N","tolls","577","\N"
"25515","4","6191","\N","tolls","576","\N"
"25517","4","5315","\N","tolls","572","\N"
"25519","4","4606","\N","tolls","572","\N"
"25521","4","625","\N","tolls","574","\N"
"25523","4","2671","\N","\N","569","\N"
"25525","4","5103","\N","tolls","569","\N"
"25527","4","4581","\N","tolls","569","\N"
"25529","4","996","\N","tolls","566","\N"
"25531","4","16442","\N","\N","563","\N"
"25533","4","1306","\N","tolls","555","\N"
"25497","4003","5389","\N","tolls","152-153","\N"
"25535","4","6423","\N","tolls","555","\N"
"25537","4","16443","\N","\N","552","\N"
"25539","4","16444","\N","\N","553","\N"
"25541","4","4590","\N","tolls","548","\N"
"25543","4","6460","\N","tolls","548","\N"
"25545","4","5292","\N","tolls","548","\N"
"25547","4","4508","\N","tolls","548","\N"
"25549","4","16445","\N","\N","547","\N"
"25551","4","16446","\N","\N","545","\N"
"25553","2577","11135","\N","tolls","\N","\N"
"25555","4","8143","\N","tolls","540","\N"
"25557","4","2602","\N","staple","543","\N"
"25559","4","2430","\N","tolls","540","\N"
"25565","4","2002","\N","tolls","538","\N"
"25567","4","6787","\N","tolls","538","\N"
"25569","4","1733","\N","tolls","538","\N"
"25571","4","16450","\N","\N","538","\N"
"25573","4","1052","\N","tolls","539","\N"
"25575","4","1052","\N","staple","538-539","\N"
"25577","852","14382","\N","tolls","799","\N"
"25579","4","1190","\N","tolls","536","\N"
"25581","4","5867","\N","tolls","531","\N"
"25583","4","3148","\N","tolls","524, n32","\N"
"25587","2579","9714","\N","\N","28, 86, 320","\N"
"25589","2579","10402","\N","\N","62","\N"
"25591","2579","11724","\N","\N","20","\N"
"25593","2579","1160","\N","\N","14-26","\N"
"25595","4","589","\N","tolls","511","\N"
"25597","1971","16355","\N","tolls","45","\N"
"25599","4","4589","\N","tolls","509","\N"
"25601","4","2556","\N","tolls","522","\N"
"25603","540","16350","\N","\N","192-193","\N"
"25605","540","16465","\N","\N","155","\N"
"25607","4","3289","\N","tolls","504","\N"
"25609","4","3443","\N","tolls","497, 510-511","\N"
"25611","4","7957","\N","tolls","497","\N"
"25613","4","5017","\N","tolls","497","\N"
"25615","4","4118","\N","tolls","493-494","\N"
"25619","428","13424","\N","\N","201-202","\N"
"25621","2581","13424","\N","\N","479-480","\N"
"25623","2583","10483","\N","\N","\N","\N"
"25625","2583","10483","\N","fairs","352, 354","\N"
"25627","688","2765","\N","tolls","136","\N"
"25629","1010","2765","\N","tolls","112","\N"
"25631","38","2765","\N","\N","238","\N"
"25633","684","12860","\N","\N","368-369","\N"
"25635","2585","2184","\N","\N","\N","\N"
"25637","4","7662","\N","tolls","480","\N"
"25639","4","4568","\N","tolls","480","\N"
"25641","4","7719","\N","tolls","479","\N"
"25643","4","360","\N","tolls","479","\N"
"25645","4","16466","\N","\N","474","\N"
"25647","4","16467","\N","\N","474","\N"
"25649","4","3081","\N","tolls","474","\N"
"25651","4","16468","\N","\N","474","\N"
"25653","4","6578","\N","tolls","650-651","\N"
"25655","4","5672","\N","tolls","650","\N"
"25657","4","8776","\N","tolls","651","\N"
"25659","4","3606","\N","tolls","651","\N"
"25661","4","7532","\N","tolls","651","\N"
"25663","4","16469","\N","\N","651","\N"
"25665","4","4165","\N","tolls","651","\N"
"25667","4","4733","\N","tolls","651","\N"
"25669","4","3403","\N","tolls","651","\N"
"25671","4","7202","\N","tolls","651","\N"
"25673","4","8813","\N","tolls","652","\N"
"25675","4","749","\N","tolls","654-655","\N"
"25677","4","5982","\N","tolls","655","\N"
"25679","4","8675","\N","tolls","655","\N"
"25681","4","8696","\N","tolls","655","\N"
"25683","4","8205","\N","tolls","655","\N"
"25685","4","1289","\N","tolls","655","\N"
"25687","4","7107","\N","tolls","655","\N"
"25689","1792","7107","\N","tolls","Bd. 3, no. 559","\N"
"25691","4","3605","\N","tolls","655","\N"
"25693","1792","3605","\N","tolls","Bd. 3, no. 559","\N"
"25695","4","4612","\N","tolls","655","\N"
"25697","1792","4612","\N","tolls","Bd. 3, no. 559","\N"
"25699","1792","749","\N","tolls","Bd. 3, no. 559","\N"
"25701","1792","5982","\N","tolls","Bd. 3, no. 559","\N"
"25703","1792","8675","\N","tolls","Bd. 3, no. 559","\N"
"25705","1792","8696","\N","tolls","Bd. 3, no. 559","\N"
"25707","1792","1289","\N","tolls","Bd. 3, no. 559","\N"
"25709","4","1205","\N","tolls","655","\N"
"25711","1792","1205","\N","tolls","Bd. 3, no. 559","\N"
"25713","1792","3218","\N","tolls","655","\N"
"25715","1792","3218","\N","tolls","Bd. 3, no. 559","\N"
"25717","1792","8532","\N","tolls","Bd. 3, no. 559","\N"
"25719","4","8812","\N","tolls","655","\N"
"25721","1792","6728","\N","tolls","Bd. 3, no. 559","\N"
"25723","6","6728","\N","staple","\N","\N"
"25725","1792","5662","\N","tolls","Bd. 3, no. 559","\N"
"25727","1792","6226","\N","tolls","Bd. 3, no. 559","\N"
"25729","1792","2323","\N","tolls","Bd. 3, no. 559","\N"
"25731","1792","6286","\N","tolls","Bd. 3, no. 559","\N"
"25733","1792","4593","\N","tolls","Bd. 3, no. 559","\N"
"25735","1792","2346","\N","tolls","Bd. 3, no. 559","\N"
"25737","1792","3997","\N","tolls","Bd. 3, no. 559","\N"
"25739","1792","1055","\N","tolls","Bd. 3, no. 559","\N"
"25741","4","983","\N","tolls","657","\N"
"25743","4","1584","\N","tolls","657","\N"
"25745","4","1015","\N","tolls","657","\N"
"25747","4","6045","\N","tolls","657","\N"
"25749","4","1476","\N","tolls","658","\N"
"25751","920","6525","\N","\N","104","\N"
"25753","4","16482","\N","\N","618","\N"
"25755","4","7128","\N","tolls","659","\N"
"25757","4","4718","\N","tolls","659","\N"
"25759","4","3869","\N","tolls","671","\N"
"25761","4","1588","\N","tolls","671","\N"
"25763","4","6029","\N","tolls","672","\N"
"25765","4","16484","\N","\N","673, 679","\N"
"25767","4","16485","\N","\N","673","\N"
"25769","4","9930","\N","tolls","673","\N"
"25771","4","16486","\N","\N","674","\N"
"25773","4","6975","\N","tolls","675, 678","\N"
"25775","4","6050","\N","tolls","675","\N"
"25777","4","16489","\N","\N","676","\N"
"25779","4","16489","\N","tolls","676","\N"
"25781","4","4110","\N","tolls","676","\N"
"25783","4","7449","\N","tolls","677","\N"
"25785","4","6288","\N","tolls","677","\N"
"25787","4","6771","\N","tolls","678","\N"
"25789","4","16490","\N","\N","679","\N"
"25791","4","8719","\N","tolls","680","\N"
"25793","4","8415","\N","tolls","681, 689","\N"
"25795","4","8209","\N","tolls","681","\N"
"25797","4","5608","\N","tolls","682-683","\N"
"25799","4","989","\N","tolls","683","\N"
"25801","4","6984","\N","tolls","683","\N"
"25803","4","16491","\N","\N","683","\N"
"25805","4","4588","\N","tolls","683","\N"
"25807","4","5675","\N","tolls","683","\N"
"25809","4","16492","\N","\N","683","\N"
"25811","4","16493","\N","\N","683","\N"
"25813","4","595","\N","tolls","685","\N"
"25815","4","16494","\N","\N","685","\N"
"25817","4","5146","\N","tolls","685","\N"
"25819","4","3940","\N","tolls","685","\N"
"25821","4","4223","\N","tolls","685","\N"
"25823","4","16495","\N","\N","686","\N"
"25825","4","6518","\N","tolls","688","\N"
"25827","4","8732","\N","tolls","690","\N"
"25829","4","4929","\N","tolls","690","\N"
"25831","4","8573","\N","tolls","691","\N"
"25833","4","16496","\N","\N","691","\N"
"25835","4","8952","\N","tolls","693","\N"
"25837","4","5665","\N","tolls","693","\N"
"25839","4","3953","\N","tolls","693","\N"
"25841","4","5796","\N","tolls","693","\N"
"25843","800","11130","\N","tolls","362-364","\N"
"25845","216","11130","\N","tolls","217","\N"
"25847","2045","11130","\N","tolls","114","\N"
"25849","2523","11130","\N","tolls","3-4","\N"
"25851","2469","11130","\N","tolls","252-264","\N"
"25853","2525","11130","\N","tolls","\N","\N"
"25855","4","8504","\N","tolls","694","\N"
"25857","4","6134","\N","tolls","694","\N"
"25859","4","8951","\N","tolls","694","\N"
"25861","4","4025","\N","tolls","694","\N"
"25863","4","9115","\N","tolls","695n714","\N"
"25865","1792","2328","\N","tolls","Bd. 3, no. 559","\N"
"25867","4","2328","\N","tolls","696","\N"
"25869","4","7844","\N","tolls","696","\N"
"25871","1792","7844","\N","tolls","Bd. 3, no. 559","\N"
"25873","4","6212","\N","tolls","696","\N"
"25875","1792","6212","\N","tolls","Bd. 3, no. 559","\N"
"25877","4","3947","\N","tolls","696","\N"
"25879","1792","3947","\N","tolls","Bd. 3, no. 559","\N"
"25881","4","4106","\N","tolls","696","\N"
"25883","1792","4106","\N","tolls","Bd. 3, no. 559","\N"
"25885","4","4595","\N","tolls","696","\N"
"25887","1792","4595","\N","tolls","Bd. 3, no. 559","\N"
"25889","4","2441","\N","tolls","696","\N"
"25891","1792","2441","\N","tolls","Bd. 3, no. 559","\N"
"25893","1792","4349","\N","tolls","Bd. 3, no. 559","\N"
"25895","4","752","\N","tolls","698","\N"
"25897","4","16497","\N","\N","647","\N"
"25899","1792","6144","\N","tolls","Bd. 3, no. 559","\N"
"25901","1792","4305","\N","tolls","Bd. 3, no. 559","\N"
"25903","1792","3323","\N","tolls","Bd. 3, no. 559","\N"
"25905","1792","5672","\N","tolls","Bd. 3, no. 559","\N"
"25907","1792","3384","\N","tolls","Bd. 3, no. 559","\N"
"25909","1792","6148","\N","tolls","Bd. 3, no. 559","\N"
"25911","4","8558","\N","tolls","697","\N"
"25913","4","1188","\N","tolls","699","\N"
"25915","4","8559","\N","tolls","699","\N"
"25917","4","7612","\N","tolls","699","\N"
"25919","4","1275","\N","tolls","699","\N"
"25921","4","228","\N","tolls","699","\N"
"25923","4","5298","\N","tolls","699","\N"
"25925","4","6650","\N","tolls","699","\N"
"25927","4","7867","\N","tolls","700","\N"
"25929","4","1225","\N","tolls","700","\N"
"25931","4","8530","\N","tolls","700","\N"
"25933","4","655","\N","tolls","703","\N"
"25935","4","933","\N","tolls","703","\N"
"25937","4","8534","\N","tolls","705","\N"
"25939","4","6786","\N","tolls","705","\N"
"25941","4","3219","\N","tolls","705","\N"
"25945","4","7002","\N","\N","712","\N"
"25947","4","4962","\N","tolls","725","\N"
"25949","4","5686","\N","tolls","725","\N"
"25951","4","16505","\N","\N","736","\N"
"25953","4","16508","\N","\N","737","\N"
"25955","4","520","\N","\N","741","\N"
"25957","4","5260","\N","\N","741-743","\N"
"25959","4","16523","\N","\N","741","\N"
"25961","360","12847","\N","\N","218","\N"
"25965","4","6783","\N","\N","745","\N"
"25967","344","16528","\N","\N","288","\N"
"25971","38","4871","\N","\N","399","\N"
"26919","4","16890","\N","\N","349","\N"
"25973","344","6552","\N","\N","502, 515","\N"
"25975","344","8547","\N","\N","397","\N"
"25977","4","16535","\N","\N","757","\N"
"25979","4","10815","\N","\N","763","\N"
"25983","4","11873","\N","\N","775","\N"
"25985","4","11828","\N","\N","775","\N"
"25987","4","11879","\N","\N","775","\N"
"25989","4","12001","\N","\N","775","\N"
"25991","4","16536","\N","\N","780","\N"
"25993","4","16541","\N","\N","787","\N"
"25995","2589","16553","\N","tolls","293, 302","\N"
"25997","2589","16553","\N","\N","\N","\N"
"26001","2589","16556","\N","tolls","292-295","\N"
"26003","2591","16576","\N","\N","312","\N"
"26005","2591","16575","\N","tolls","312-313","\N"
"26009","2589","16579","\N","\N","296-297","\N"
"26011","2589","16580","\N","\N","296-297","\N"
"26013","2589","16581","\N","\N","296-297","\N"
"26015","1746","16379","\N","\N","11","\N"
"26017","1746","16380","\N","\N","25","\N"
"26019","1746","16381","\N","\N","29","\N"
"26021","1746","16382","\N","\N","33","\N"
"26023","1746","16383","\N","\N","55","\N"
"26025","1746","16384","\N","\N","63","\N"
"26027","1746","16385","\N","\N","90","\N"
"26029","1746","16386","\N","\N","131","\N"
"26031","1746","16387","\N","\N","135","\N"
"26033","920","4215","\N","\N","196","\N"
"26035","1746","4215","\N","\N","138-139","\N"
"26037","1746","16388","\N","\N","146","\N"
"26039","1746","14449","\N","\N","167","\N"
"26041","1746","16390","\N","\N","170","\N"
"26043","1746","16391","\N","\N","172","\N"
"26045","1746","16393","\N","\N","177","\N"
"26047","1746","16394","\N","\N","208","\N"
"26049","1746","16392","\N","\N","314","\N"
"26051","2587","949","\N","tolls","147-148","\N"
"26055","2587","16603","\N","tolls","147-148","\N"
"26057","2587","360","\N","tolls","147-148","\N"
"26059","2593","949","\N","tolls","32-33","\N"
"26061","2595","949","\N","tolls","237","\N"
"26063","2597","12800","\N","\N","46-47","\N"
"26065","360","16609","\N","\N","175","\N"
"26067","360","16614","\N","\N","239-240","\N"
"26071","942","16629","\N","\N","Lennisheuvel (Boxtel, NB)","\N"
"26073","2601","16629","\N","\N","10, 16","\N"
"26075","2601","16630","\N","\N","37","\N"
"26079","942","16633","\N","\N","Hoogerheide (Woensdrecht, NB)","\N"
"26081","2605","12774","\N","\N","\N","\N"
"26083","2607","16633","\N","\N","60-61","\N"
"26085","942","16634","\N","\N","Wouw (Roosendaal, NB)","\N"
"26087","2609","16634","\N","\N","\N","\N"
"26089","2611","16634","\N","\N","85-86","\N"
"26091","942","13100","\N","\N","Kuivezand (Halderberge, NB)","\N"
"26093","2613","13100","\N","\N","73","\N"
"26095","2597","16636","\N","\N","57","\N"
"26097","2597","16637","\N","\N","93","\N"
"26099","2615","16638","\N","\N","9","\N"
"26101","2617","16638","\N","\N","122","\N"
"26103","2619","16638","\N","\N","9","\N"
"26109","942","16640","\N","\N","Stampersgat (Halderberge, NB)","\N"
"26111","2613","16640","\N","\N","79","\N"
"26113","2623","16640","\N","\N","Oud Gastel","\N"
"26115","2625","16639","\N","\N","\N","\N"
"26117","2625","16641","\N","\N","\N","\N"
"26119","2627","16641","\N","\N","\N","\N"
"26121","2629","949","\N","fairs","\N","\N"
"26123","2633","16642","\N","\N","159","\N"
"26125","2631","16642","\N","\N","178-180","\N"
"26129","2635","12617","\N","\N","\N","\N"
"26131","2637","16640","\N","\N","inv. no. 12, &#34;Pachtvoorwaarden dwarsveer van Stoutergat, minuten en kopieën, 1632 - 1685&#34;","\N"
"26133","942","16521","\N","\N","Berlicum","\N"
"26135","942","16518","\N","\N","Dinther","\N"
"26137","942","16558","\N","\N","Erp","\N"
"26139","942","16519","\N","\N","Heeswijk","\N"
"26141","942","16562","\N","\N","Lieshout","\N"
"26143","942","16520","\N","\N","Middelrode","\N"
"26145","942","16561","\N","\N","Nistelrode","\N"
"26147","942","16514","\N","\N","Schijndel","\N"
"26149","942","16657","\N","\N","Vorstenbosch","\N"
"26151","942","16658","\N","\N","Wijbosch","\N"
"26153","942","16691","\N","\N","Appeltern","\N"
"26157","872","16691","\N","\N","321, 337","\N"
"26159","1714","13217","\N","\N","\N","\N"
"26161","1324","91","\N","\N","No. 276 (1551 April 2)","\N"
"26165","2567","16189","\N","tolls","54-55, 175-176","\N"
"26167","2643","16189","\N","tolls","305-331","\N"
"26169","2645","16189","\N","tolls","33-34","\N"
"26171","2647","16189","\N","tolls","57-61","\N"
"26187","880","1417","\N","fairs","41-42","\N"
"26189","880","4130","\N","\N","35","\N"
"26191","880","4130","\N","tolls","35","\N"
"26193","880","4130","\N","fairs","35, 42","\N"
"26213","2653","16564","\N","\N","150-151","\N"
"26215","2653","16565","\N","\N","153","\N"
"26217","2665","11062","\N","tolls","\N","\N"
"26237","880","7369","\N","fairs","41-42","\N"
"26239","2685","7369","\N","fairs","114","\N"
"26241","2687","7369","\N","fairs","39, 53, 157","\N"
"26243","2689","727","\N","\N","Nadere Bepaling bij 2.1.15. Handel, Nijverheid en Gilden","\N"
"26245","880","3541","\N","fairs","41-42","\N"
"26247","2691","3541","\N","fairs","Regesten 127","\N"
"26249","540","16733","\N","\N","32","\N"
"26251","540","16734","\N","\N","32","\N"
"26253","2693","64","\N","\N","No. 840, 866","\N"
"26255","2695","2949","\N","\N","3","\N"
"26257","2695","16742","\N","\N","5","\N"
"26267","2703","13270","\N","tolls","90-93","\N"
"26269","2703","13747","\N","tolls","89-90","\N"
"27353","1646","8063","\N","\N","409","\N"
"26271","492","12767","\N","tolls","bijlage 2","\N"
"26273","492","13435","\N","tolls","bijlage 2","\N"
"26275","492","2126","\N","tolls","bijlage 2","\N"
"26277","492","14707","\N","tolls","bijlage 2","\N"
"26279","492","14908","\N","tolls","bijlage 2","\N"
"26281","492","12759","\N","tolls","bijlage 2","\N"
"26283","492","4696","\N","tolls","bijlage 2","\N"
"26285","492","11921","\N","tolls","bijlage 2","\N"
"26287","2705","16751","\N","\N","\N","\N"
"26289","2707","16700","\N","\N","\N","\N"
"26299","2713","16633","\N","\N","67","\N"
"26303","1382","16770","\N","tolls","149","\N"
"26305","660","16770","\N","tolls","300","\N"
"26307","624","16770","\N","tolls","93-94","\N"
"26309","626","16772","\N","\N","153","\N"
"26313","2703","12017","\N","\N","66-68","\N"
"26315","2703","7957","\N","\N","68-70","\N"
"26317","2703","2885","\N","\N","70-72","\N"
"26319","2703","7165","\N","\N","73-76","\N"
"26321","2703","7555","\N","\N","76-77","\N"
"26323","2703","6477","\N","\N","77-80","\N"
"26325","2703","5421","\N","\N","80-82","\N"
"26327","2703","1668","\N","\N","82-84","\N"
"26329","2703","4479","\N","\N","84","\N"
"26331","2703","8000","\N","\N","84-88","\N"
"26333","2703","11077","\N","\N","88-89","\N"
"26335","2703","8242","\N","\N","93-95","\N"
"26337","2703","8180","\N","\N","90","\N"
"26339","492","14648","\N","tolls","bijlage 2","\N"
"26341","2503","14097","\N","tolls","15","\N"
"26343","2503","13340","\N","tolls","15, 22-26","\N"
"26345","2067","13340","\N","tolls","218, 224, 227, 230, 233","\N"
"26347","2067","14097","\N","tolls","218, 223, 227, 230, 232","\N"
"26349","2067","12774","\N","tolls","218, 223, 226, 230, 232","\N"
"26351","2067","16230","\N","tolls","218, 224, 227, 230, 233","\N"
"26353","2067","13875","\N","tolls","218, 223, 227, 230, 232/3","\N"
"26355","1792","2157","\N","fairs","XI 1237","\N"
"26357","1792","1264","\N","fairs","XI 1237","\N"
"26359","2357","4698","\N","staple","68","\N"
"26361","1792","16194","\N","fairs","XI 1237","\N"
"26363","1792","10796","\N","fairs","XI 1237","\N"
"26365","1792","11983","\N","fairs","XI 1237","\N"
"26367","2715","16212","\N","tolls","60","\N"
"26369","2715","13747","\N","tolls","62","\N"
"26373","2717","1264","\N","fairs","inv.no. 22661","\N"
"26375","2717","16189","\N","tolls","inv.nos. 22658, 22661","\N"
"26379","2721","16765","\N","\N","18-19","\N"
"26381","2467","9334","\N","tolls","65-68","\N"
"26383","2449","9334","\N","tolls","63-66 en 135","\N"
"26385","2469","9334","\N","tolls","1-9, 10-38","\N"
"26387","2467","2862","\N","tolls","64","\N"
"26389","2467","13871","\N","tolls","220-221","\N"
"26391","2723","10796","\N","\N","319","\N"
"26393","2725","7714","\N","\N","\N","\N"
"26395","2727","11062","\N","tolls","\N","\N"
"26399","942","16797","\N","\N","Bruggerhuizen","\N"
"26401","942","16563","\N","\N","Aarle, Laarbeek","\N"
"26405","2703","4698","\N","fairs","62","\N"
"26407","2703","4698","\N","\N","57-63","\N"
"26411","2729","2352","\N","fairs","inv.no. 220","\N"
"26413","2563","16799","\N","\N","126 &#38; 142","\N"
"26423","2295","11905","\N","fairs","inv.no. 681ter f.307v","\N"
"26425","2735","11905","\N","fairs","inv.nr. 537 f.128","\N"
"26427","2735","16809","\N","fairs","inv.nr. 537 f.128","\N"
"26429","2295","16809","\N","fairs","inv.nr. 681ter f.307v","\N"
"26431","2207","16809","\N","fairs","597-598","\N"
"26433","2467","11176","\N","tolls","69-70","\N"
"26435","2737","11176","\N","tolls","\N","\N"
"26437","2469","11176","\N","tolls","192/193 tabel 8.1/8.2, 233-251","\N"
"26439","2467","11130","\N","tolls","71","\N"
"26443","2063","11905","\N","fairs","no. 623","\N"
"26445","2063","16809","\N","fairs","no. 623 and accounts A-E, p.619-687","\N"
"26447","2739","16794","\N","\N","71-74, 90","\N"
"26449","2739","16815","\N","\N","70-72","\N"
"26455","2739","16810","\N","\N","72-73","\N"
"26457","2741","11690","\N","tolls","bijlage 2","\N"
"26459","894","11905","\N","fairs","p.xxviii","\N"
"26461","894","16809","\N","fairs","p.xxviii","\N"
"26465","2743","11905","\N","fairs","inv.no. 25","\N"
"26467","2745","11905","\N","fairs","no. 707","\N"
"26469","2745","11907","\N","fairs","no. 707","\N"
"26471","2745","16809","\N","fairs","no. 707","\N"
"26473","2285","10798","\N","fairs","inv.no. 2204","\N"
"26475","2747","10796","\N","fairs","no. 760","\N"
"26477","586","577","\N","tolls","48","\N"
"26479","942","16830","\N","\N","Liessel","\N"
"26481","942","16831","\N","\N","Deurne","\N"
"26483","942","16833","\N","\N","Bakel","\N"
"26485","942","16834","\N","\N","Merselo","\N"
"26487","942","16835","\N","\N","Milheeze","\N"
"26489","942","16836","\N","\N","Vlierden","\N"
"26491","2749","1811","\N","fairs","inv.nos. 2, 22, 343, 344 and 345","\N"
"26493","2295","1811","\N","fairs","inv.no. 11 f.63v no. 65","\N"
"26495","2149","14177","\N","tolls","inv.no. 1567 f.17 and 198 f.151v","\N"
"26497","2295","991","\N","fairs","inv.no. 9 f.247-248","\N"
"26499","2751","991","\N","fairs","inv.no. C184/8","\N"
"26501","2753","991","\N","fairs","269","\N"
"27315","1646","4130","\N","\N","410","\N"
"26403","942","16798","\N","\N","Rixtel (Laarbeek, NB)","\N"
"26503","2755","991","\N","fairs","71","\N"
"26505","2757","991","\N","fairs","p.27 nt. 19","\N"
"26507","2759","991","\N","fairs","372","\N"
"26509","2761","991","\N","fairs","p.30 no. 50","\N"
"26511","2421","991","\N","fairs","II 529","\N"
"26513","2763","991","\N","staple","p.247 nt. 3","\N"
"26515","2765","991","\N","staple","II 86 art. 10","\N"
"26517","2767","8701","\N","fairs","561","\N"
"26519","2199","2305","\N","fairs","p.38/39 no. 21 and p.181 no. 124","\N"
"26521","2295","2305","\N","fairs","inv.nr. 27 f.226-227v ","\N"
"26523","2769","2305","\N","fairs","inv.nos. 2246, 2257","\N"
"26525","2063","2305","\N","fairs","no. 613","\N"
"26527","2771","1811","\N","fairs","inv.nr. 453","\N"
"26533","2421","5131","\N","fairs","III 320 and 376","\N"
"26535","2755","5131","\N","staple","124/125","\N"
"26537","2755","5131","\N","fairs","377","\N"
"26539","2771","3196","\N","fairs","inv.nos. 113, 115, 116","\N"
"26541","2755","3196","\N","fairs","375","\N"
"26543","2755","1811","\N","fairs","369","\N"
"26545","2285","10798","\N","fairs","inv.no. 2290 f.44v","\N"
"26547","624","16859","\N","tolls","108, 170","\N"
"26549","2773","12492","\N","fairs","inv.no. B75","\N"
"26551","2775","12492","\N","fairs","p.95 e.v. no. 32","\N"
"26553","1800","4340","\N","\N","82","\N"
"26555","2777","12492","\N","fairs","p.197 nt. 16","\N"
"26557","2775","11888","\N","fairs","p.95 e.v. no. 32","\N"
"26559","2777","11888","\N","fairs","p.197 nt. 16","\N"
"26561","2777","12491","\N","fairs","p.197 nt. 16","\N"
"26563","2775","12491","\N","fairs","p.95 e.v. no. 32","\N"
"26567","2781","4329","\N","fairs","inv.nos. 2339, 2348","\N"
"26569","2783","6562","\N","fairs","inv.nos. 2065/2066","\N"
"26571","2295","6562","\N","fairs","inv.no. 27 f.90-94","\N"
"26573","2785","4329","\N","fairs","inv.no. 40 f.258v-262","\N"
"26577","2787","6173","\N","fairs","inv.no. 79","\N"
"26579","2789","11858","\N","fairs","inv.no. 138","\N"
"26581","2791","11862","\N","fairs","regest nos. 136 en 313","\N"
"26583","2793","11860","\N","fairs","112/113","\N"
"26585","2795","11860","\N","fairs","V 818","\N"
"26587","2797","11860","\N","fairs","inv.no. 40/regest no. 57","\N"
"26589","2285","11860","\N","fairs","inv.no. 982 f.29v-30v","\N"
"26591","2799","6173","\N","fairs","105, 108/109","\N"
"26593","2801","2305","\N","fairs","inv.no. 612","\N"
"26595","2285","14574","\N","fairs","inv.no. 11 f.6v nr. 10","\N"
"26597","2803","14586","\N","fairs","regest no. 24","\N"
"26599","2275","10860","\N","fairs","inv.no. 170","\N"
"26601","2001","11860","\N","fairs","V 3430","\N"
"26603","2807","11860","\N","fairs","232","\N"
"26605","2795","11862","\N","fairs","II 293","\N"
"26607","2755","2126","\N","fairs","369/370","\N"
"26609","2755","16809","\N","fairs","371","\N"
"26611","2755","11862","\N","fairs","364/365","\N"
"26613","2755","2305","\N","fairs","371/372","\N"
"26615","2755","2352","\N","fairs","372/373","\N"
"26617","2755","11895","\N","fairs","374","\N"
"26619","2755","11907","\N","fairs","374","\N"
"26621","2809","11898","\N","fairs","regest no. 18 en editie in bijlage","\N"
"26623","2755","11897","\N","fairs","85-86","\N"
"26625","2755","11897","\N","staple","85/86","\N"
"26627","2063","11897","\N","fairs","no. 190, 271, p. 130n1","\N"
"26629","2811","16866","\N","fairs","7/8, editie: 13/14","\N"
"26631","2421","8901","\N","fairs","III 224","\N"
"26633","2813","8876","\N","fairs","II no. 108 en p.522vv (tabellen stadsrekeningen 1365-1574), III p.10-12 no. 23, p.308/309 no.494","\N"
"26635","2815","11916","\N","staple","172","\N"
"26637","2817","11915","\N","\N","539-543","\N"
"26639","2819","11908","\N","fairs","nos. 10 en 109","\N"
"26641","2821","11908","\N","fairs","inv. no. 1 f.181v","\N"
"26643","2421","11908","\N","fairs","III 347/348","\N"
"26645","2823","11671","\N","fairs","inv.nos. 1145, 1149, 1163","\N"
"26647","2421","11913","\N","fairs","IV 417/418","\N"
"26649","2049","11913","\N","fairs","383/384, 386","\N"
"26651","2295","11913","\N","fairs","inv.no.  27 f.214r-216r","\N"
"26653","2049","11909","\N","fairs","386","\N"
"26655","2825","11910","\N","fairs","210","\N"
"26657","2827","11909","\N","staple","regest nos. 1 en 2","\N"
"26659","2827","11909","\N","fairs","regest nos. 7, 8 en 146","\N"
"26661","2149","11912","\N","fairs","inv.no. 226 f.74","\N"
"26663","2421","11912","\N","fairs","III 131","\N"
"26665","2829","11957","\N","fairs","122, 138/139","\N"
"26667","2831","16865","\N","fairs","32, 152","\N"
"26669","2063","11897","\N","staple","no. 190","\N"
"26671","894","11897","\N","\N","liii","\N"
"26673","2065","11903","\N","fairs","56","\N"
"26675","2319","11903","\N","fairs","old: kast 1 inv.no. 3, new: inv.nrs. 23, 251.","\N"
"26677","2833","6562","\N","fairs","166/167","\N"
"26679","2755","6562","\N","fairs","379","\N"
"26681","2755","11903","\N","fairs","384","\N"
"26683","2755","5770","\N","fairs","364","\N"
"26685","2755","250","\N","fairs","365","\N"
"26687","2755","11860","\N","fairs","366","\N"
"26689","2755","1374","\N","fairs","366/367","\N"
"26691","2755","2712","\N","fairs","367","\N"
"26693","2201","2712","\N","fairs","156/157, 159/160","\N"
"26695","2755","11896","\N","fairs","379","\N"
"27317","1646","8878","\N","\N","415","\N"
"26697","2285","11896","\N","fairs"," inv.nr. 318 f.22","\N"
"26699","2755","11887","\N","fairs","379/380 dated 1463","\N"
"26701","2755","6840","\N","fairs","380","\N"
"26703","2001","6840","\N","fairs","III 1524","\N"
"26705","2421","6840","\N","fairs","II 722","\N"
"26707","2835","6840","\N","fairs","411","\N"
"26709","2795","6840","\N","fairs","II 260","\N"
"26711","2295","6840","\N","fairs","inv.no. 5 f.112v nr. 158","\N"
"26713","2785","6840","\N","fairs","inv.no. 39 f. 26-27v","\N"
"26715","2837","6840","\N","fairs","inv.no. 65","\N"
"26717","2267","11846","\N","fairs","IV 1815","\N"
"26861","2755","4329","\N","fairs","375","\N"
"26721","2311","6963","\N","fairs","66-69","\N"
"26725","2841","6963","\N","fairs","\N","\N"
"26727","2421","11861","\N","fairs","III 35","\N"
"26729","2843","11861","\N","\N","inv.no. 17","\N"
"26731","2843","11861","\N","fairs","inv.nos. 65 en 184 ","\N"
"26733","2845","3196","\N","fairs","regest nos. 80/81","\N"
"26735","1957","3196","\N","fairs","347","\N"
"26737","2421","3196","\N","fairs","III 541","\N"
"26739","2011","3196","\N","fairs","38","\N"
"26741","2043","11981","\N","fairs","48/49","\N"
"26743","2785","3196","\N","fairs","inv.no. 462 f.78","\N"
"26745","2847","3196","\N","fairs","29/30 en nt. 254","\N"
"26747","2849","3196","\N","fairs","no. 9286","\N"
"26751","2849","11958","\N","fairs","no. 1950","\N"
"26753","2849","11915","\N","fairs","nos. 1940 en 10435","\N"
"26755","2851","11915","\N","fairs","28","\N"
"26757","2853","942","\N","tolls","\N","\N"
"26759","2295","1374","\N","fairs","inv.nos. 27 f.90-95 en 695 f.82v","\N"
"26761","2855","10797","\N","fairs","230","\N"
"26763","2857","10797","\N","fairs","112/113","\N"
"26765","2859","11937","\N","fairs","9","\N"
"26767","2861","11937","\N","fairs","315","\N"
"26769","2755","11849","\N","fairs","378","\N"
"26771","2421","11849","\N","fairs","IV 232","\N"
"26773","2863","11849","\N","fairs","295, 334/335, 414-419","\N"
"26775","2865","8242","\N","fairs","227","\N"
"26777","2447","8242","\N","tolls","I 110","\N"
"26779","1792","2352","\N","fairs","VII 200","\N"
"26781","894","2352","\N","fairs","p.xv nt. 23","\N"
"26783","2149","11916","\N","\N","inv.nos. 218 f.16v/947 f.3","\N"
"26785","2703","11077","\N","fairs","88","\N"
"26787","2703","3634","\N","fairs","89","\N"
"26789","2703","1668","\N","fairs","83","\N"
"26793","2001","2717","\N","fairs","III 1442 en 1681","\N"
"26795","2821","2717","\N","fairs","inv.nos. 1 f.157 en  523-534","\N"
"26797","2327","2717","\N","fairs","96","\N"
"26799","2867","2717","\N","fairs","503","\N"
"26801","2869","1374","\N","fairs","inv.no. 1048","\N"
"26803","2871","2126","\N","fairs","324-326","\N"
"26805","2063","2126","\N","fairs","nos. 17, 84 en 713","\N"
"26807","2849","3300","\N","fairs","no. 11390","\N"
"26809","2873","3300","\N","fairs","inv.no. 54","\N"
"26811","2755","3300","\N","fairs","375","\N"
"26813","2875","13384","\N","\N","103","\N"
"26815","2877","11671","\N","\N","\N","\N"
"26817","2879","8876","\N","fairs","18 en 73","\N"
"26819","2881","8876","\N","fairs","229","\N"
"26821","2883","8876","\N","fairs","\N","\N"
"26823","2885","6477","\N","fairs","304","\N"
"26825","2887","6477","\N","staple","131","\N"
"26827","2457","8000","\N","fairs","no. 840","\N"
"26829","2457","8242","\N","tolls","regest nos. 2585 en 2587","\N"
"26831","2889","8242","\N","tolls","32-33","\N"
"26833","2227","6562","\N","fairs","89","\N"
"26835","1957","6562","\N","fairs","II 29","\N"
"26837","2149","6562","\N","fairs","inv.no. 19 f.59v en 78v","\N"
"26839","2891","6562","\N","fairs","249-250","\N"
"26841","2149","11849","\N","fairs","inv.nos. 19 f.64v en 226 f.255v","\N"
"26843","1957","11849","\N","fairs","II 33","\N"
"26845","2755","16868","\N","fairs","364","\N"
"26847","894","16868","\N","fairs","lii","\N"
"26849","1973","16868","\N","fairs","320 en bijl. 4: 364vv","\N"
"26851","2893","8000","\N","\N","\N","\N"
"26853","2895","2717","\N","\N","\N","\N"
"26855","2897","3541","\N","\N","\N","\N"
"26857","2901","244","\N","\N","\N","\N"
"26859","2421","4329","\N","fairs","II 32","\N"
"26863","2899","244","\N","fairs","7","\N"
"26865","2903","4329","\N","fairs","78","\N"
"26871","2907","10330","\N","fairs","1-4","\N"
"26873","2431","10330","\N","fairs","II 129","\N"
"26875","810","10330","\N","fairs","56-57 met onjuiste gegevens ","\N"
"26877","2909","7147","\N","\N","290-291","\N"
"26879","2909","1044","\N","\N","44-45","\N"
"26881","1650","1070","\N","\N","73","\N"
"26885","2911","244","\N","fairs","no. 4316","\N"
"26869","2315","4329","\N","fairs","inv.nos. 7039, 7394-1 f.10","\N"
"26889","2267","8866","\N","fairs","nos. 1657, 2513","\N"
"26893","2917","13384","\N","\N","III 5vv.","\N"
"26895","2919","10797","\N","fairs","I nr. 6A p.84/85","\N"
"26897","2921","11979","\N","fairs","II Waalwijk no. 25","\N"
"26899","2033","1521","\N","fairs","27/28","\N"
"27319","1646","10797","\N","\N","414","\N"
"26891","1776","8866","\N","fairs","25-26","\N"
"26867","2905","4329","\N","fairs","inv.nos. 929a, 966a","\N"
"26749","2849","4329","\N","fairs","nos. 2523, 11294","\N"
"26901","2063","1521","\N","fairs","nrs. 336, 561","\N"
"26903","2421","1521","\N","fairs","II 665, 680/681, III 358, IV 301","\N"
"26905","300","1521","\N","fairs","153 Tabel 22","\N"
"26907","2745","1521","\N","fairs","no. 707","\N"
"26909","2377","1521","\N","fairs","104","\N"
"26911","2421","8243","\N","fairs","III 431","\N"
"26913","2923","8243","\N","fairs","24","\N"
"26915","4","16889","\N","\N","345","\N"
"26917","4","602","\N","tolls","349","\N"
"26921","4","16890","\N","tolls","349","\N"
"26923","4","608","\N","tolls","341","\N"
"26925","4","963","\N","tolls","348","\N"
"26927","4","1152","\N","tolls","343","\N"
"26929","2001","11870","\N","fairs","IV 2385","\N"
"26931","1957","11870","\N","fairs","II 271","\N"
"26933","2755","11870","\N","fairs","376","\N"
"26935","1656","1344","\N","tolls","80","\N"
"26937","574","1344","\N","\N","&#60;a href=&#34;https://www.lagis-hessen.de/de/subjects/idrec/sn/ol/id/5515&#34;&#62;Datterode, Werra-Meißner-Kreis&#60;/a&#62; (Stand: 23.3.2022)","\N"
"26939","1650","1344","\N","\N","83, 541","\N"
"26941","1957","11858","\N","fairs","I 268/269","\N"
"26943","1656","7909","\N","tolls","80","\N"
"26945","4","7909","\N","tolls","339n418","\N"
"26947","4","1965","\N","tolls","351","\N"
"26949","4","2019","\N","tolls","344","\N"
"26951","4","2488","\N","tolls","348","\N"
"26953","2001","4329","\N","fairs","III 1433 en 1435","\N"
"26955","4","3181","\N","\N","348","\N"
"26957","4","3666","\N","tolls","343n444","\N"
"26959","4","16898","\N","\N","343","\N"
"26961","4","5362","\N","tolls","430","\N"
"26963","1957","1521","\N","fairs","I 147","\N"
"26965","4","7396","\N","tolls","357","\N"
"26967","4","7470","\N","tolls","464","\N"
"26969","4","2808","\N","tolls","359","\N"
"26971","4","1729","\N","tolls","359","\N"
"26973","4","2147","\N","tolls","359","\N"
"26975","4","7144","\N","tolls","359","\N"
"26977","4","3057","\N","tolls","359","\N"
"26979","4","2058","\N","tolls","359","\N"
"26981","2285","11862","\N","fairs","inv.nos. 1152 f.19v en 1171 f.37","\N"
"26983","4","3809","\N","tolls","358","\N"
"26985","2299","11862","\N","staple","95","\N"
"26987","2299","11862","\N","fairs","95","\N"
"26989","2421","11862","\N","fairs","II 626 en III 357","\N"
"26991","2925","11862","\N","fairs","52, 55, 83, 89","\N"
"26993","2925","11862","\N","staple","96","\N"
"26995","2839","12477","\N","\N","XIII 134/135","\N"
"26997","2927","11846","\N","\N","\N","\N"
"26999","2927","6399","\N","\N","\N","\N"
"27001","2927","10330","\N","\N","\N","\N"
"27003","4","221","\N","tolls","361","\N"
"27005","4","4782","\N","tolls","361","\N"
"27007","4","3327","\N","tolls","361","\N"
"27009","4","3696","\N","tolls","361","\N"
"27011","4","5529","\N","tolls","360","\N"
"27013","4","893","\N","tolls","361","\N"
"27015","4","5308","\N","tolls","360","\N"
"27017","4","7502","\N","tolls","360","\N"
"27019","2929","6399","\N","fairs","22 afb.","\N"
"27021","4","1794","\N","tolls","431","\N"
"27023","4","5284","\N","tolls","431","\N"
"27025","4","8162","\N","tolls","469","\N"
"27027","2931","2807","\N","\N","\N","\N"
"27029","4","10351","\N","\N","223","\N"
"27031","4","8661","\N","tolls","225","\N"
"27033","2295","11849","\N","fairs","inv.no. 11 f.34v nr. 39","\N"
"27035","2785","11849","\N","fairs","inv.no. 381 f.203","\N"
"27037","2933","11849","\N","fairs","68, f. 66v-67","\N"
"27039","2295","2717","\N","fairs","inv.no. 6  f.159 nr. 199","\N"
"27041","2295","16908","\N","fairs","inv.no. 7 f.3v-5r nr. 6","\N"
"27057","2939","16915","\N","fairs","inv. no. 3","\N"
"27045","2935","12729","\N","fairs","182","\N"
"27047","2801","12729","\N","fairs","inv.no. 1579","\N"
"27049","2295","2712","\N","fairs","inv.no. 27 f.217v-219v","\N"
"27051","2937","2712","\N","fairs","inv.no. 744","\N"
"27053","2807","7958","\N","fairs","246","\N"
"27055","2755","11858","\N","fairs","376","\N"
"27059","2755","16915","\N","fairs","98/99, 374 en 378","\N"
"27061","2143","16915","\N","fairs","94","\N"
"27063","2941","16915","\N","fairs","no. 38","\N"
"27065","2063","16915","\N","fairs","no. 320","\N"
"27067","2943","16915","\N","fairs","21","\N"
"27071","2035","8876","\N","fairs","ZE 209","\N"
"27073","2421","8876","\N","fairs","II 316","\N"
"27075","2035","11862","\N","fairs","WI 366","\N"
"27077","2001","11862","\N","fairs","III no. 1583","\N"
"27079","2035","1521","\N","fairs","WI 317","\N"
"27081","2035","6562","\N","fairs","WI 221","\N"
"27083","300","244","\N","fairs","153 Tabel 22","\N"
"27085","300","1374","\N","fairs","153 Tabel 22","\N"
"27089","300","250","\N","fairs","153 Tabel 22","\N"
"27091","2001","16921","\N","\N","II no. 439","\N"
"27093","2945","16921","\N","fairs","40, 42/43","\N"
"27097","2149","16921","\N","fairs","inv.no. 892 f.19v","\N"
"27099","2947","244","\N","fairs","10, 43","\N"
"27103","2315","14645","\N","fairs","inv.no. 7394-1 f.12","\N"
"27105","2315","7958","\N","fairs","inv.no. 7394-1 f.11","\N"
"27107","2949","11907","\N","fairs","inv.nr. A007","\N"
"27109","2951","3300","\N","staple","12/13 en 18/19","\N"
"27111","574","16922","\N","\N","&#60;a href=&#34;https://www.lagis-hessen.de/de/subjects/idrec/sn/ol/id/9846&#34;&#62;Ober-Wegfurth, Vogelsbergkreis&#60;/a&#62; (Stand: 17.3.2022)","\N"
"27115","2955","16921","\N","\N","19","\N"
"27117","2953","16921","\N","\N","inv.no. 1925","\N"
"27119","2957","14645","\N","\N","Bijlage A regest nr. 6","\N"
"27121","2959","11892","\N","\N","\N","\N"
"27123","2295","16923","\N","\N","inv.no. 7 nr. 131 (ingebonden en ongefolieerd)","\N"
"27125","2315","16921","\N","tolls","inv.no. 7394-1 f.10v en 69v","\N"
"27127","2957","16921","\N","tolls","p.12 nt. 18","\N"
"27355","1646","4533","\N","\N","448","\N"
"27129","2315","12459","\N","tolls","inv.no. 7394-1 f.11","\N"
"27131","2315","8041","\N","fairs","inv.no. 7394-1 f.12v en 67v","\N"
"27133","2957","16921","\N","fairs","bijlage B regest nos. 63 en 75","\N"
"27135","2255","16921","\N","tolls","52","\N"
"27137","2155","16921","\N","fairs","280","\N"
"27139","2149","8901","\N","fairs","inv.no. 198 f.119","\N"
"27141","2961","8901","\N","fairs","8","\N"
"27143","2961","14097","\N","tolls","14/15","\N"
"27145","2963","1521","\N","tolls","172","\N"
"27149","300","6477","\N","fairs","153","\N"
"27151","2963","14645","\N","fairs","172","\N"
"27153","2963","8041","\N","fairs","172","\N"
"27155","2001","1521","\N","tolls","no. 2371","\N"
"27157","2965","11918","\N","fairs","79/80, 82/83","\N"
"27159","2967","11918","\N","fairs","199/200","\N"
"27161","300","11918","\N","fairs","153 Tabel 22","\N"
"27163","2961","11916","\N","fairs","16","\N"
"27165","2961","13340","\N","tolls","8-13","\N"
"27167","2961","8901","\N","staple","8","\N"
"27169","2961","11916","\N","tolls","16-18","\N"
"27171","574","16925","\N","\N","&#60;a href=&#34;https://www.lagis-hessen.de/de/subjects/idrec/sn/ol/id/9837&#34;&#62;Lauterbach, Vogelsbergkreis&#60;/a&#62; (Stand: 17.3.2022) ","\N"
"27173","2969","11915","\N","staple","inv.no. 64","\N"
"27175","2421","11890","\N","fairs","III 399","\N"
"27177","2971","14660","\N","tolls","126-141","\N"
"27179","2973","2157","\N","fairs","94","\N"
"27181","2973","1264","\N","fairs","94","\N"
"27183","2973","10796","\N","fairs","95","\N"
"27185","2973","16194","\N","fairs","96","\N"
"27187","2457","283","\N","fairs","regest nr. 2999","\N"
"27189","2457","8242","\N","fairs","regest nr. 3744","\N"
"27191","2457","13268","\N","fairs","regest nos. 30 en 431","\N"
"27193","2457","2393","\N","fairs","regest no. 899","\N"
"27195","2841","11904","\N","fairs","5","\N"
"27197","2975","11904","\N","fairs","inv.no. 6016","\N"
"27199","2977","14588","\N","fairs","regest nrs. 55 en 58","\N"
"27201","2979","11974","\N","fairs","inv.nrs. 59 en 60","\N"
"27203","2981","11974","\N","fairs","37/38 en 41-43","\N"
"27205","920","1385","\N","tolls","253","\N"
"27207","920","258","\N","tolls","253","\N"
"27209","4","735","\N","tolls","201","\N"
"27211","4","8196","\N","\N","201","\N"
"27213","4","8196","\N","tolls","201","\N"
"27215","4","6608","\N","\N","201","\N"
"27217","4","4114","\N","\N","201","\N"
"27219","4","4114","\N","tolls","201","\N"
"27221","4","2283","\N","\N","201","\N"
"27223","4","4471","\N","\N","201","\N"
"27225","4","8057","\N","\N","201","\N"
"27227","4","6950","\N","\N","201","\N"
"27229","4","2065","\N","tolls","178","\N"
"27231","4","2248","\N","tolls","177","\N"
"27233","4","2362","\N","tolls","194","\N"
"27237","4","16928","\N","tolls","199","\N"
"27239","2435","16182","\N","staple","635","\N"
"27241","2435","7944","\N","staple","635","\N"
"27243","2983","283","\N","fairs","\N","\N"
"27245","2985","16212","\N","tolls","\N","\N"
"27247","2987","1753","\N","staple","inv.nos. 111, 121, 1525, regest nrs. 890, 1037, 1125/1126 en 1148/1149","\N"
"27249","2449","16195","\N","tolls","136 (inl.), 90/92/93 (editie).","\N"
"27251","2449","16931","\N","tolls","137 (inl.), 92/93 (editie).","\N"
"27253","2989","16921","\N","staple","inv.nr. 9","\N"
"27255","2991","16921","\N","staple","inv.nr. 2: SA rood 34 f.151","\N"
"27257","2993","16921","\N","staple","nr. 18 en 71","\N"
"27259","2995","1753","\N","staple","I no. 864 ","\N"
"27261","2847","1753","\N","staple","51","\N"
"27265","2997","11913","\N","fairs","25","\N"
"27267","2427","1811","\N","fairs","111","\N"
"27269","2999","1521","\N","staple","\N","\N"
"27271","2149","12492","\N","fairs","inv.no. 198 f.134","\N"
"27273","2149","12491","\N","fairs","inv.no. 198 f.134","\N"
"27283","2295","16937","\N","\N","inv.no. 11 f.43v en f.181v","\N"
"27285","2295","16938","\N","fairs","inv.no. 530A f.236v-239v en f.274v","\N"
"27287","3001","4314","\N","fairs","173/174","\N"
"27289","2285","2717","\N","fairs","inv.no. 2870","\N"
"27291","1646","7220","\N","\N","362/363","\N"
"27293","1646","3064","\N","\N","358","\N"
"27295","1646","8612","\N","\N","359","\N"
"27297","1646","7203","\N","\N","360","\N"
"27299","1646","809","\N","\N","364/365","\N"
"27301","1646","2816","\N","\N","366","\N"
"27303","1646","1983","\N","\N","367","\N"
"27305","1646","1492","\N","\N","370/371","\N"
"27307","1646","2456","\N","\N","372/373","\N"
"27309","1646","280","\N","\N","374/375","\N"
"27311","1646","1240","\N","\N","376-377","\N"
"27313","1646","7369","\N","\N","411","\N"
"27321","1646","5430","\N","\N","418/419","\N"
"27325","1646","8701","\N","\N","422/423","\N"
"27327","1646","8114","\N","\N","424/425","\N"
"27329","1646","296","\N","\N","426/427","\N"
"27331","1646","2862","\N","\N","428/429","\N"
"27333","1646","2807","\N","\N","430/431","\N"
"27335","1646","1753","\N","\N","432, 433","\N"
"27337","1646","5660","\N","\N","399","\N"
"27339","1646","5630","\N","\N","398","\N"
"27341","1646","2805","\N","\N","402/403","\N"
"27343","1646","2854","\N","\N","404/405","\N"
"27345","3003","12835","\N","\N","regest nos. LXXVI en CXX","\N"
"27347","3003","2854","\N","fairs","regest nos. LXXVI en CXX","\N"
"27349","1646","3541","\N","\N","406, 407","\N"
"27351","1646","2156","\N","\N","408","\N"
"27357","1646","2449","\N","\N","449","\N"
"27359","1646","1484","\N","\N","450/451","\N"
"27361","1646","1485","\N","\N","452","\N"
"27363","1646","10794","\N","\N","453","\N"
"27365","1646","64","\N","\N","454/455","\N"
"27367","1646","8853","\N","\N","446/447","\N"
"27369","1646","1813","\N","\N","397","\N"
"27371","1646","1372","\N","\N","396","\N"
"27373","1646","142","\N","\N","395","\N"
"27375","1646","2297","\N","\N","394","\N"
"27377","3005","11915","\N","\N","\N","\N"
"27379","3007","16169","\N","\N","68-77","\N"
"27381","2475","16193","\N","tolls","inv.nos. 2571 en 3684","\N"
"27383","2475","16193","\N","fairs","inv.no. 3684","\N"
"27387","3009","8242","\N","tolls","no. 46 p.112","\N"
"27389","3011","8242","\N","fairs","\N","\N"
"27393","3013","14097","\N","\N","67, 189","\N"
"27395","1646","14097","\N","\N","269","\N"
"27397","1646","13875","\N","\N","270/271","\N"
"27399","1646","11899","\N","\N","290/291","\N"
"27407","3015","13778","\N","\N","\N","\N"
"27413","2961","13340","\N","\N","7/8","\N"
"27415","2961","11916","\N","\N","15/16","\N"
"27417","4","5314","\N","tolls","180n80","\N"
"27419","4","5831","\N","tolls","206","\N"
"27421","4","6519","\N","tolls","206","\N"
"27423","4","7411","\N","tolls","195n172","\N"
"27427","4","8283","\N","tolls","195","\N"
"27429","4","16945","\N","\N","424","\N"
"27431","4","109","\N","tolls","424","\N"
"27433","4","6282","\N","\N","424","\N"
"27435","4","469","\N","tolls","456","\N"
"27437","4","1134","\N","tolls","429","\N"
"27439","4","1390","\N","tolls","462","\N"
"27441","4","11839","\N","\N","451","\N"
"27443","4","11218","\N","\N","451","\N"
"27445","4","16946","\N","\N","448","\N"
"27447","3017","13340","\N","\N","277","\N"
"27449","3017","13871","\N","tolls","268","\N"
"27451","3013","16948","\N","\N","57/58 en 232","\N"
"27453","3017","11915","\N","staple","276","\N"
"27455","2817","11915","\N","staple","XI en XII","\N"
"27457","3013","13435","\N","\N","44, 89/90, 204","\N"
"27459","3019","11916","\N","\N","19, 30, tabel 5, 31, 41 tabel 8 en 9","\N"
"27461","3019","14574","\N","\N","30, tabel 5","\N"
"27463","3019","14549","\N","\N","19, 30, tabel 5, 41 tabel 9","\N"
"27465","3019","14097","\N","\N","19, 30, tabel 5, 41 tabel 8 en 9","\N"
"27467","2195","16949","\N","\N","25, 45, 66, 97 (graph), 98, 151","\N"
"27469","1973","16949","\N","\N","325, 327 tabel 57","\N"
"27471","2063","16949","\N","\N","nr. 546","\N"
"27473","894","16949","\N","\N","xv, nt. 29","\N"
"27477","2295","16949","\N","\N","inv.no. 2 f.152v vv. nrs. 365 en 366","\N"
"27479","3019","8876","\N","staple","31/32","\N"
"27481","3019","8903","\N","staple","32","\N"
"27483","3019","13872","\N","\N","18/19 en 31","\N"
"27487","2961","14097","\N","\N","14","\N"
"27491","2477","16193","\N","tolls","inv.no. 7183","\N"
"27495","2961","16950","\N","\N","10 en 20 nt. 30","\N"
"27497","3021","8903","\N","staple","61/62","\N"
"27499","3023","2396","\N","fairs","inv.no. 2150","\N"
"27501","3023","2396","\N","staple","inv.no. 2157","\N"
"27505","2477","16193","\N","tolls","aanwinsten 34","\N"
"27507","3025","16193","\N","fairs","no. 711","\N"
"27509","3025","16193","\N","tolls","no. 711","\N"
"27515","2849","16193","\N","tolls","no. 4301","\N"
"27517","3027","3017","\N","\N","\N","\N"
"27519","2735","3017","\N","fairs","inv.nos. 3381/3382 en 3384.","\N"
"27521","300","3017","\N","fairs","153 Tabel 22","\N"
"27523","3029","16194","\N","tolls","66","\N"
"27525","2767","8701","\N","staple","560","\N"
"27527","3027","3017","\N","fairs","137, 152, 331/332","\N"
"27529","2275","3017","\N","fairs","inv.nr. 30 f.149v","\N"
"27543","3035","13914","\N","fairs","inv.nr. 569 en aanwinsten 13","\N"
"27545","3037","3017","\N","fairs","\N","\N"
"27551","3039","10796","\N","fairs","inv.no. 31 f.2/regest no. 108","\N"
"27553","3039","16189","\N","tolls","inv.no. 6719/regest nrs. 314/315","\N"
"27555","3041","12800","\N","\N","4-9, tabel 1","\N"
"27557","894","12789","\N","\N","lix","\N"
"27559","3043","12789","\N","\N","6/7 en 10","\N"
"27561","3045","12789","\N","\N","105-107, 113/114","\N"
"27563","2735","12789","\N","\N","inv.nos. 41, 5815-5820","\N"
"27565","2421","11863","\N","fairs","III 772: Olofsdag (29 juli)!?","\N"
"27567","2149","16950","\N","\N","inv.no. 240 f.54","\N"
"27569","3027","12789","\N","\N","53/54","\N"
"27323","1646","7714","\N","\N","420-421","\N"
"27571","2975","16950","\N","\N","inv.no. 15163","\N"
"27573","3047","16960","\N","tolls","inv.nrs. 210-212","\N"
"27577","3047","4130","\N","tolls","inv.nrs. 204-208","\N"
"27579","3049","7206","\N","tolls","130/131, 135/136, 445 nt. 7","\N"
"27581","3049","11924","\N","tolls","128/129","\N"
"27585","3049","11911","\N","tolls","130, 136","\N"
"27587","3049","13992","\N","tolls","130","\N"
"27591","3049","11936","\N","tolls","135","\N"
"27593","3049","11910","\N","tolls","135","\N"
"27597","3049","12774","\N","tolls","445","\N"
"27599","3049","8876","\N","tolls","445 nt. 7","\N"
"27603","2735","16192","\N","tolls","inv.no. 537 f.68","\N"
"27605","2735","16191","\N","tolls","inv.no. oud 597/nieuw 5804","\N"
"27607","2473","11981","\N","tolls","inv.no. 689","\N"
"27609","2473","13747","\N","tolls","inv.no. 558","\N"
"27619","2691","11870","\N","tolls","inv.nr. 7 f.97","\N"
"27621","1792","11547","\N","tolls","II nr. 668","\N"
"27623","2267","11547","\N","tolls","nr. 2554","\N"
"27625","3057","11547","\N","tolls","174","\N"
"27627","2047","11547","\N","tolls","18, 20","\N"
"27629","2973","14660","\N","tolls","118","\N"
"27631","3059","11547","\N","tolls","5, 10, 23","\N"
"27633","2911","13426","\N","\N","nos. 1576, 3906 en 5372","\N"
"27635","2911","12835","\N","\N","no. 5524","\N"
"27639","2911","16963","\N","\N","no. 4792","\N"
"27643","2911","13893","\N","\N","no. 1617","\N"
"27647","2691","4130","\N","tolls","inv.nr. 2106/regest nr. 113","\N"
"27649","3061","11547","\N","tolls","\N","\N"
"27651","2691","11547","\N","tolls","inv.nrs. 1255-1274 en 2154","\N"
"27653","3063","11547","\N","tolls","clviii","\N"
"27657","3065","11547","\N","tolls","\N","\N"
"27659","3067","11547","\N","tolls","131, 136/7","\N"
"27661","3069","11547","\N","tolls","254/255","\N"
"27663","3069","11547","\N","\N","265","\N"
"27665","3071","10587","\N","\N","\N","\N"
"27667","3071","12921","\N","\N","\N","\N"
"27669","3073","11547","\N","tolls","\N","\N"
"27671","3075","11176","\N","tolls","\N","\N"
"27673","3077","16975","\N","\N","\N","\N"
"27675","3077","7957","\N","tolls","\N","\N"
"27679","3079","2685","\N","\N","112","\N"
"27681","3079","7957","\N","\N","39","\N"
"27685","3081","3053","\N","\N","inv. no. 1103*1","\N"
"27687","3083","1735","\N","\N","348/349","\N"
"27583","3049","11923","\N","tolls","130, 445n7","\N"
"27691","3085","11176","\N","tolls","\N","\N"
"27693","3085","9887","\N","tolls","\N","\N"
"27695","3085","11130","\N","tolls","\N","\N"
"27697","1444","11690","\N","tolls","65/66, 82, 96/97","\N"
"27699","1444","11690","\N","\N","82","\N"
"27701","1444","12784","\N","tolls","65, 97","\N"
"27703","2199","13680","\N","\N","no. 55","\N"
"27705","2755","11863","\N","fairs","133 (table 2), 380 (Odolf), 388","\N"
"27707","2775","11863","\N","staple","II 287","\N"
"27709","2755","11863","\N","staple","142/143","\N"
"27711","3087","11176","\N","tolls","\N","\N"
"27713","3087","9334","\N","tolls","\N","\N"
"27715","3087","11130","\N","tolls","\N","\N"
"27717","3087","11690","\N","tolls","\N","\N"
"27719","3091","7220","\N","staple","307","\N"
"27721","3091","7203","\N","fairs","162, 305/306","\N"
"27723","3093","1983","\N","fairs","214/215","\N"
"27725","3095","4314","\N","\N","\N","\N"
"27727","3095","4314","\N","fairs","83","\N"
"27729","3091","4314","\N","tolls","322/323","\N"
"27731","3095","4314","\N","tolls","96","\N"
"27733","1444","13747","\N","tolls","65","\N"
"27737","1444","14660","\N","tolls","65","\N"
"27739","1444","16191","\N","tolls","65","\N"
"27741","1444","16192","\N","tolls","65","\N"
"27743","1444","16193","\N","tolls","65","\N"
"27745","1444","16189","\N","tolls","65","\N"
"27749","3097","3018","\N","\N","175/176, 190","\N"
"27751","3099","3018","\N","\N","\N","\N"
"27753","574","8379","\N","\N","&#60;a href=&#34;https://www.lagis-hessen.de/de/subjects/idrec/sn/ol/id/7978&#34;&#62;Wetzlar, Lahn-Dill-Kreis&#60;/a&#62; (Stand: 24.1.2022)","\N"
"27755","574","16983","\N","\N","&#60;a href=&#34;https://www.lagis-hessen.de/de/subjects/idrec/sn/ol/id/7935&#34;&#62;Schwalbach, Lahn-Dill-Kreis&#60;/a&#62; (Stand: 24.8.2018)","\N"
"27757","574","16952","\N","\N","&#60;a href=&#34;https://www.lagis-hessen.de/de/subjects/idrec/sn/ol/id/8546&#34;&#62;Lindenholzhausen, Landkreis Limburg-Weilburg&#60;/a&#62; (Stand: 21.5.2019)","\N"
"27759","574","16984","\N","\N","&#60;a href=&#34;https://www.lagis-hessen.de/de/subjects/idrec/sn/ol/id/8525&#34;&#62;Kröffelbach, Lahn-Dill-Kreis&#60;/a&#62; (Stand: 24.8.2018)","\N"
"27761","574","16985","\N","\N","&#60;a href=&#34;https://www.lagis-hessen.de/de/subjects/idrec/sn/ol/id/8700&#34;&#62;Weilburg, Landkreis Limburg-Weilburg&#60;/a&#62; (Stand: 24.1.2022)","\N"
"27763","266","16985","\N","\N","435","\N"
"27765","574","16986","\N","\N","&#60;a href=&#34;https://www.lagis-hessen.de/de/subjects/idrec/sn/ol/id/8291&#34;&#62;Möttau, Landkreis Limburg-Weilburg&#60;/a&#62; (Stand: 16.10.2018)","\N"
"27767","574","16988","\N","\N","&#60;a href=&#34;https://www.lagis-hessen.de/de/subjects/idrec/sn/ol/id/11378&#34;&#62;Grävenwiesbach, Hochtaunuskreis&#60;/a&#62; (Stand: 25.9.2021)","\N"
"27769","3101","10587","\N","tolls","244/245","\N"
"27773","3103","330","\N","\N","55","\N"
"27775","3103","6500","\N","\N","28/29, 40, 55","\N"
"27777","3107","16990","\N","tolls","regest nrs. 24, 916, 1033, 1044, 1045","\N"
"27779","2063","16990","\N","tolls","nos. 179, 370","\N"
"27783","3107","16212","\N","tolls","regest no. 430, 1262","\N"
"27785","3109","16194","\N","fairs","regest no. 100","\N"
"27787","3107","11983","\N","tolls","regest no. 164","\N"
"27789","2063","11983","\N","tolls","nr. 679","\N"
"27791","3107","12018","\N","tolls","regest no. 96","\N"
"27793","3107","16995","\N","tolls","regest nos. 145 en  918","\N"
"27795","2063","16995","\N","tolls","no. 567","\N"
"27797","2063","16996","\N","tolls","no. 567","\N"
"27799","2063","16196","\N","tolls","no. 567","\N"
"27801","2063","11701","\N","tolls","nos. 132, 567, 619","\N"
"27803","3107","11701","\N","tolls","regest nr. 1743","\N"
"27805","2647","11701","\N","tolls","58","\N"
"27807","2457","11701","\N","tolls","no. 3332","\N"
"27809","2457","4922","\N","tolls","nrs. 3336/3337","\N"
"27811","2717","11701","\N","tolls","inv.no. 22658","\N"
"27813","3035","11701","\N","tolls","inv.nos. 779-785","\N"
"27819","3107","14667","\N","tolls","regest nos. 47, 626, 1262","\N"
"27823","3113","250","\N","tolls","18: XXV, 611/612: I","\N"
"27827","3115","250","\N","tolls","\N","\N"
"27829","3067","250","\N","tolls","\N","\N"
"27831","2155","250","\N","tolls","177/178","\N"
"27833","3115","11547","\N","tolls","131","\N"
"27835","2111","15354","\N","\N","347-348","\N"
"27837","574","16999","\N","\N","&#60;a href=&#34;https://www.lagis-hessen.de/de/subjects/idrec/sn/ol/id/9408&#34;&#62;Wolfshausen, Landkreis Marburg-Biedenkopf&#60;/a&#62; (Stand: 29.3.2022)","\N"
"27841","2111","15346","\N","\N","356-358","\N"
"27843","2703","16995","\N","tolls","96/97","\N"
"27847","2111","15347","\N","\N","371-373","\N"
"27849","2703","17001","\N","fairs","98","\N"
"27851","1538","13914","\N","\N","98","\N"
"27853","2111","15352","\N","\N","316-317","\N"
"27855","2703","283","\N","\N","98","\N"
"27857","2703","283","\N","staple","98","\N"
"27859","2111","15351","\N","\N","145-147","\N"
"27861","2111","15355","\N","\N","239-241","\N"
"27865","3117","15162","\N","\N","576-578","\N"
"27867","2111","15349","\N","\N","276-277","\N"
"27869","2111","15353","\N","\N","307-310","\N"
"27871","3119","15357","\N","\N","1005-1006","\N"
"27873","3117","15340","\N","\N","512-514","\N"
"27875","3117","15304","\N","\N","629-630","\N"
"27877","3109","283","\N","staple","IIIa: inv.nrs. 963 e.v.","\N"
"27879","3117","15161","\N","\N","626-628","\N"
"27881","3121","14660","\N","tolls","k.39-42","\N"
"27883","3117","15305","\N","\N","630-631","\N"
"27887","3117","15302","\N","\N","658-659","\N"
"27889","3117","15157","\N","\N","668-670","\N"
"27891","3117","15151","\N","\N","675-677","\N"
"27893","3117","15303","\N","\N","659-661","\N"
"27895","3117","15306","\N","\N","740-741","\N"
"27899","2141","1118","\N","fairs","152/153","\N"
"27901","2141","7654","\N","fairs","153","\N"
"27903","574","17006","\N","\N","&#60;a href=&#34;https://www.lagis-hessen.de/de/subjects/idrec/sn/ol/id/10447&#34; &#62;Ruttershausen, Landkreis Gießen &#60;/a&#62; (Stand: 22.04.2021)","\N"
"27905","2111","15345","\N","\N","230-231","\N"
"27907","3117","15307","\N","\N","738-739","\N"
"27909","3125","1118","\N","fairs","264","\N"
"27911","3117","15308","\N","\N","730-731","\N"
"27913","3125","7654","\N","fairs","264","\N"
"27915","2403","15403","\N","\N","673-676","\N"
"27917","3127","15397","\N","\N","255-257","\N"
"27919","3129","243","\N","tolls","inv.nrs. 1 f.140v en 36 f.50v","\N"
"27921","2439","11690","\N","tolls","Beilage II","\N"
"27923","2439","16194","\N","tolls","Beilage II","\N"
"27925","2439","12784","\N","tolls","Beilage II","\N"
"27927","2439","11130","\N","tolls","Beilage II","\N"
"27929","2439","11176","\N","tolls","Beilage II","\N"
"27931","3117","15311","\N","\N","749-751","\N"
"27933","3117","15310","\N","\N","746-747","\N"
"27935","3117","15309","\N","\N","728-729","\N"
"27937","3117","15312","\N","\N","691-692","\N"
"27939","2409","15164","\N","\N","179-181","\N"
"27941","2409","15163","\N","\N","185-186","\N"
"27943","2409","15165","\N","\N","153-155","\N"
"27945","574","2154","\N","\N","&#60;a href=&#34;https://www.lagis-hessen.de/de/subjects/idrec/sn/ol/id/9625&#34;&#62;Burg-Gemünden, Vogelsbergkreis&#60;/a&#62; (Stand: 12.3.2022)","\N"
"27947","2409","15150","\N","\N","183-185","\N"
"27949","2409","15149","\N","\N","183-185","\N"
"27951","574","128","\N","\N","&#60;a href=&#34;https://www.lagis-hessen.de/de/subjects/idrec/sn/ol/id/9430&#34;&#62;Allendorf am Hohenfels, Landkreis Marburg-Biedenkopf&#60;/a&#62; (Stand: 4.8.2020)","\N"
"27953","2409","15155","\N","\N","162-163","\N"
"27955","2409","15156","\N","\N","139-140","\N"
"27957","2409","15154","\N","\N","210-212","\N"
"27959","3131","15026","\N","\N","631-632","\N"
"27961","574","247","\N","\N","&#60;a href=&#34;https://www.lagis-hessen.de/de/subjects/idrec/sn/ol/id/8293&#34;&#62;Amöneburg, Landkreis Marburg-Biedenkopf&#60;/a&#62; (Stand: 29.3.2022)","\N"
"27963","3133","15194","\N","\N","890-893","\N"
"27965","2119","15193","\N","\N","155","\N"
"27967","3133","15193","\N","\N","893","\N"
"27845","2703","13268","\N","\N","97-98","\N"
"27817","3035","16997","\N","tolls","inv. nos. 764-778","\N"
"27815","3107","16997","\N","tolls","inv. no. 807, regest nos. 1353, 1354","\N"
"27969","2477","7662","\N","tolls","inv.nos. 1508 en 2168","\N"
"27971","3135","1264","\N","fairs","inv.nr. 1648","\N"
"27973","3135","2157","\N","fairs","inv.nr. 1648","\N"
"27975","3135","11983","\N","fairs","inv.nr. 1648","\N"
"27977","3135","10796","\N","fairs","inv.nr. 1648","\N"
"27979","3135","16194","\N","fairs","inv.nr. 1648","\N"
"27981","3135","16192","\N","tolls","inv.nr. 1648","\N"
"27985","3135","11905","\N","fairs","inv.nr. 1648","\N"
"27987","3135","2305","\N","fairs","inv.nr. 1648","\N"
"27989","3135","12781","\N","tolls","inv.nr. 1648","\N"
"27991","3137","17009","\N","\N","\N","\N"
"27993","3139","17009","\N","\N","432-433","\N"
"28047","3151","17014","\N","tolls","193","\N"
"28001","2505","16194","\N","\N","regest no. 1","\N"
"28003","894","17011","\N","tolls","xxvi, liv, 215","\N"
"28005","3145","17011","\N","tolls","III inv.nrs. 4893, 4900","\N"
"28007","3071","17012","\N","tolls","21/22","\N"
"28009","3147","17012","\N","tolls","147","\N"
"28013","3147","4479","\N","\N","264, 327","\N"
"28015","3147","1668","\N","\N","327","\N"
"28017","3147","11077","\N","\N","327","\N"
"28019","3147","3634","\N","\N","326/327","\N"
"28021","3147","8000","\N","\N","326","\N"
"28023","3147","6477","\N","\N","325/326","\N"
"28025","3147","8242","\N","\N","328","\N"
"28027","3147","2157","\N","\N","239/240, 328","\N"
"28029","3147","8180","\N","\N","328","\N"
"28031","3147","13914","\N","\N","328","\N"
"28033","3147","283","\N","\N","328","\N"
"28035","3147","11984","\N","\N","257, 328","\N"
"28037","3147","17001","\N","\N","253, 328","\N"
"28039","3147","17013","\N","\N","239","\N"
"28041","3147","13747","\N","tolls","250","\N"
"28043","3147","3634","\N","fairs","250","\N"
"28045","3149","17014","\N","tolls","inv.nrs. 688 en 700","\N"
"28049","3149","16995","\N","tolls","inv.nr. 700","\N"
"28051","3153","17014","\N","tolls","97, 140","\N"
"28053","3039","64","\N","tolls","inv.nr. 1841/regest nr. 192","\N"
"28055","2715","17014","\N","tolls","66/67","\N"
"28057","3155","955","\N","\N","1092-1094","\N"
"28059","2409","15148","\N","\N","225-226","\N"
"28061","2409","15146","\N","\N","227-229","\N"
"28063","2409","15147","\N","\N","234-236","\N"
"28065","2409","15145","\N","\N","257-258","\N"
"28067","2409","15142","\N","\N","309-311","\N"
"28069","2409","15316","\N","\N","311-312","\N"
"28071","2409","15372","\N","\N","445-446","\N"
"28073","2409","15143","\N","\N","440-441","\N"
"28075","2409","15373","\N","\N","418-419","\N"
"28077","2409","15366","\N","\N","344-345","\N"
"28079","2409","15367","\N","\N","390-392","\N"
"28081","2409","15369","\N","\N","357-358","\N"
"28083","2409","15368","\N","\N","365-366","\N"
"28085","2409","15290","\N","\N","423-425","\N"
"28087","2409","15291","\N","\N","423-425","\N"
"28089","2409","15292","\N","\N","459-461","\N"
"28091","2409","15168","\N","\N","475-477","\N"
"28093","3119","15358","\N","\N","1040-1041","\N"
"28095","3119","15331","\N","\N","1044-1046","\N"
"28097","3119","15356","\N","\N","1067-1068","\N"
"28099","3119","15330","\N","\N","1051-1054","\N"
"28101","3119","15329","\N","\N","1110","\N"
"28103","3119","15335","\N","\N","1109-1110","\N"
"28105","2063","13435","\N","tolls","nr. 126","\N"
"28107","2963","13435","\N","tolls","172","\N"
"28109","1760","13435","\N","tolls","433, 435","\N"
"28111","3157","10860","\N","tolls","\N","\N"
"28113","746","10860","\N","fairs","189","\N"
"28115","3159","10860","\N","tolls","inv.nrs. 151 en 159","\N"
"28117","2275","10860","\N","tolls","inv.nr. 182","\N"
"28119","3161","10860","\N","fairs","26 art. 56","\N"
"28123","2755","5097","\N","fairs","377","\N"
"28125","2755","13653","\N","fairs","67, 377","\N"
"28127","2455","11896","\N","fairs","30/31","\N"
"28129","3163","15188","\N","\N","295-297","\N"
"28131","3163","3316","\N","\N","288","\N"
"28133","3165","17015","\N","\N","16, 17, 19, bijlage G","\N"
"28135","266","17016","\N","\N","420","\N"
"28137","574","17016","\N","\N","&#60;a href=&#34;https://www.lagis-hessen.de/de/subjects/idrec/sn/ol/id/9869&#34;&#62;Ulrichstein, Vogelsbergkreis&#60;/a&#62; (Stand: 15.3.2022)","\N"
"28139","574","17017","\N","\N","&#60;a href=&#34;https://www.lagis-hessen.de/de/subjects/idrec/sn/ol/id/10078&#34;&#62;Schotten, Vogelsbergkreis&#60;/a&#62; (Stand: 15.3.2022)","\N"
"28141","266","17018","\N","\N","349","\N"
"28143","574","17018","\N","\N","&#60;a href=&#34;https://www.lagis-hessen.de/de/subjects/idrec/sn/ol/id/12143&#34;&#62;Nidda, Wetteraukreis&#60;/a&#62; (Stand: 14.3.2022)","\N"
"28145","574","17019","\N","\N","&#60;a href=&#34;https://www.lagis-hessen.de/de/subjects/idrec/sn/ol/id/11799&#34;&#62;Altenstadt, Wetteraukreis&#60;/a&#62; (Stand: 13.3.2022)","\N"
"28147","574","17020","\N","\N","&#60;a href=&#34;https://www.lagis-hessen.de/de/subjects/idrec/sn/ol/id/12749&#34;&#62;Heldenbergen, Main-Kinzig-Kreis&#60;/a&#62; (Stand: 15.3.2022)","\N"
"28149","574","17021","\N","\N","&#60;a href=&#34;https://www.lagis-hessen.de/de/subjects/idrec/sn/ol/id/11745&#34;&#62;Bergen-Enkheim, Stadt Frankfurt am Main&#60;/a&#62; (Stand: 4.4.2022)","\N"
"28151","574","17024","\N","\N","&#60;a href=&#34;https://www.lagis-hessen.de/de/subjects/idrec/sn/ol/id/9969&#34;&#62;Storndorf, Vogelsbergkreis&#60;/a&#62; (Stand: 13.3.2022)","\N"
"28153","3167","15205","\N","\N","638","\N"
"27983","3135","12785","\N","tolls","inv. no. 1648","\N"
"28155","574","17027","\N","\N","&#60;a href=&#34;https://www.lagis-hessen.de/de/subjects/idrec/sn/ol/id/12410&#34;&#62;Marköbel, Main-Kinzig-Kreis&#60;/a&#62; (Stand: 4.4.2022)","\N"
"28157","3169","11974","\N","fairs","inv.nr. 434 (regest nr. 230)","\N"
"28159","1678","12185","\N","fairs","33","\N"
"28161","574","17030","\N","\N","&#60;a href=&#34;https://www.lagis-hessen.de/de/subjects/idrec/sn/ol/id/12709&#34;&#62;Birstein, Main-Kinzig-Kreis&#60;/a&#62; (Stand: 3.4.2022)","\N"
"28163","544","17031","\N","tolls","261-262","\N"
"28165","1706","17031","\N","tolls","64","\N"
"28167","1706","17036","\N","tolls","60","\N"
"28169","574","17042","\N","\N","&#60;a href=&#34;https://www.lagis-hessen.de/de/subjects/idrec/sn/ol/id/9851&#34;&#62;Radmühl I, Vogelsbergkreis&#60;/a&#62; (Stand: 17.3.2022)","\N"
"28171","574","17043","\N","\N","&#60;a href=&#34;https://www.lagis-hessen.de/de/subjects/idrec/sn/ol/id/5805&#34;&#62;Giesel, Landkreis Fulda&#60;/a&#62; (Stand: 2.4.2022)","\N"
"28173","1650","17043","\N","\N","170","\N"
"28287","3197","4329","\N","fairs","B 1709, B 1776","\N"
"28179","2839","10860","\N","tolls","XIII","\N"
"28189","3175","5770","\N","fairs","regest nr. 6","\N"
"28191","3177","13435","\N","tolls","80-83","\N"
"28193","3179","5615","\N","fairs","App. 2","\N"
"28195","3129","6399","\N","fairs","inv.nrs. 2 f.41-43r , 7 f.47v, 37b f.120/v","\N"
"28197","2305","11887","\N","fairs","19/20: dated 1463","\N"
"28199","2777","11887","\N","fairs","195","\N"
"28201","3181","11887","\N","fairs","inv.nr. 3176","\N"
"28203","2929","4539","\N","fairs","p.22","\N"
"28207","2847","13778","\N","tolls","Bijlage 6","\N"
"28209","2421","13778","\N","tolls","III 54","\N"
"28211","2771","13778","\N","tolls","inv.nr. 45","\N"
"28213","2001","14097","\N","\N","IV nr. 2079","\N"
"28215","3183","14097","\N","\N","481 nt. 1","\N"
"28219","3185","11690","\N","tolls","30-33","\N"
"28221","3185","5430","\N","fairs","31-33","\N"
"28227","3189","12771","\N","\N","49 no. 2","\N"
"28229","2819","12771","\N","\N","nos. 1, 3, 6, 92","\N"
"28231","698","5092","\N","tolls","126","\N"
"28233","652","5092","\N","\N","615","\N"
"28235","2283","9502","\N","\N","73","\N"
"28237","3119","15332","\N","\N","1105-1107","\N"
"28239","3119","15333","\N","\N","1100-1101","\N"
"28241","3119","15334","\N","\N","1100-1101","\N"
"28243","3119","15328","\N","\N","1097-1099","\N"
"28245","3119","15387","\N","\N","1150-1152","\N"
"28247","3119","15315","\N","\N","1213-1215","\N"
"28249","3119","15363","\N","\N","1215-1217","\N"
"28251","3193","7356","\N","fairs","inv.nr. 6c","\N"
"28253","942","17077","\N","\N","Ransdaal (Voerendaal, Lb)","\N"
"28255","3195","7220","\N","fairs","161","\N"
"28259","2929","11882","\N","\N","I 163","\N"
"28261","3197","17079","\N","fairs","B 1750","\N"
"28263","3197","6399","\N","fairs","B 1163","\N"
"28265","3197","11849","\N","fairs","B 1116","\N"
"28267","3197","1811","\N","fairs","B 1116 en B 1708","\N"
"28269","3197","6562","\N","fairs","B 1116 en B 1776","\N"
"28271","3197","6477","\N","fairs","B 1773, 1778, 1788 en 1791","\N"
"28273","3197","2717","\N","fairs","B 1119","\N"
"28275","3197","17080","\N","fairs","B 1727","\N"
"28277","3197","4533","\N","fairs","B 1775","\N"
"28279","3197","2854","\N","fairs","B 1742","\N"
"28281","3197","6963","\N","fairs","B 1746","\N"
"28283","3197","7206","\N","fairs","B 1681","\N"
"28285","3197","11956","\N","fairs","B 1698","\N"
"28289","3197","2352","\N","fairs","B 1714","\N"
"28291","3197","11671","\N","fairs","B 1732","\N"
"28293","3197","8876","\N","fairs","B 1784","\N"
"28295","942","17081","\N","\N","Overloon (Boxmeer, NB)","\N"
"28299","2505","1484","\N","tolls","p.286","\N"
"28301","2383","17079","\N","fairs","262 en 427 but dated 1549","\N"
"28303","2109","15144","\N","\N","225-227","\N"
"28305","2109","15314","\N","\N","182-184","\N"
"28307","2109","15313","\N","\N","186-188","\N"
"28309","2109","15152","\N","\N","215-217","\N"
"28311","3197","3196","\N","fairs","B 1776","\N"
"28313","2109","15153","\N","\N","283-285","\N"
"28315","2109","15182","\N","\N","257-259","\N"
"28317","2109","15183","\N","\N","317-319","\N"
"28319","2109","15185","\N","\N","318","\N"
"28321","2109","15184","\N","\N","318","\N"
"28323","2109","15186","\N","\N","295-297","\N"
"28325","2109","15411","\N","\N","331-333","\N"
"28327","2109","15169","\N","\N","352-354","\N"
"28329","2109","15170","\N","\N","352-354","\N"
"28331","2109","15172","\N","\N","377-379","\N"
"28333","2109","15167","\N","\N","365-369","\N"
"28335","2109","15166","\N","\N","361-363","\N"
"28337","2109","15362","\N","\N","499-501","\N"
"28339","2109","15173","\N","\N","445-447","\N"
"28341","2109","15341","\N","\N","159-160","\N"
"28343","2109","15415","\N","\N","159-160","\N"
"28345","942","17095","\N","\N","Esch (Haaren, NB)","\N"
"28347","2109","15174","\N","\N","524-526","\N"
"28349","2383","2456","\N","tolls","p.257","\N"
"29699","540","17400","\N","\N","355","\N"
"28351","2109","15176","\N","\N","565-567","\N"
"28353","2109","15175","\N","\N","558-560","\N"
"28355","3133","15325","\N","\N","834-835","\N"
"28357","3133","15324","\N","\N","852-854","\N"
"28359","3133","15178","\N","\N","907-914","\N"
"28361","2383","17099","\N","\N","262","\N"
"28363","3199","17099","\N","\N","regest nr. 76","\N"
"28369","3205","17103","\N","\N","8","\N"
"28371","3207","17103","\N","\N","inv.nr. 250","\N"
"28373","3209","17103","\N","\N","inv.nr. 284","\N"
"28375","3211","17098","\N","\N","93","\N"
"28377","3209","11887","\N","fairs","inv.nr. 31","\N"
"28381","3215","14097","\N","tolls","nr. 68","\N"
"28383","3215","13875","\N","tolls","nr. 68","\N"
"28385","544","17111","\N","tolls","302-303","\N"
"28387","1706","17111","\N","tolls","57","\N"
"28389","3217","949","\N","tolls","89-90","\N"
"28391","3219","3017","\N","tolls","106","\N"
"28393","3221","3017","\N","tolls","II app. 43/2 en 517 nt. 1","\N"
"28395","3221","565","\N","tolls","II app. 43/2 en 517 nt. 1","\N"
"28397","1638","17119","\N","\N","14","\N"
"28399","60","17121","\N","\N","356","\N"
"28403","38","16925","\N","\N","353-354","\N"
"28405","266","16925","\N","\N","308","\N"
"28407","340","17118","\N","\N","43","\N"
"28409","340","17122","\N","\N","387","\N"
"28411","340","17121","\N","\N","459-460","\N"
"28413","340","17123","\N","\N","450-451","\N"
"28415","4","7603","\N","tolls","314, 328","\N"
"28417","2513","16458","\N","\N","273","\N"
"28419","3223","565","\N","fairs","\N","\N"
"28421","3225","565","\N","fairs","I: grafiek 2, tabel 2-3, kaart 3, II: tabel 1-3 en grafiek 1","\N"
"28423","728","17121","\N","\N","1013-1015","\N"
"28425","728","17122","\N","\N","823-828","\N"
"28427","730","17124","\N","\N","93-95","\N"
"28429","730","17125","\N","\N","43-45","\N"
"28431","244","17124","\N","fairs","256-257","\N"
"28433","3223","12774","\N","tolls","630-634","\N"
"28435","730","17118","\N","\N","80-82","\N"
"28437","730","17120","\N","\N","497","\N"
"28439","730","17119","\N","\N","420-421","\N"
"28441","730","17126","\N","\N","410-411","\N"
"28443","730","17127","\N","\N","487-489","\N"
"28445","730","17128","\N","\N","126-127","\N"
"28447","3013","12774","\N","\N","20","\N"
"28449","730","11062","\N","\N","284-286","\N"
"28451","2159","12774","\N","\N","341-346","\N"
"28453","2159","565","\N","fairs","333-334","\N"
"28455","3133","15187","\N","\N","885-887","\N"
"28457","3133","15416","\N","\N","1013-1015","\N"
"28459","3133","15195","\N","\N","1028-1029","\N"
"28461","3133","15327","\N","\N","919-921","\N"
"28463","3133","15326","\N","\N","925-927","\N"
"28465","2403","15409","\N","\N","643-645","\N"
"28467","2403","15410","\N","\N","643-645","\N"
"28469","2403","15407","\N","\N","651-653","\N"
"28471","2403","15406","\N","\N","656-658","\N"
"28473","2403","15295","\N","\N","628-631","\N"
"28475","2403","15404","\N","\N","728-730","\N"
"28477","2403","15405","\N","\N","731-733","\N"
"28479","2403","15400","\N","\N","704-706","\N"
"28481","2403","15401","\N","\N","683-685","\N"
"28483","2403","15402","\N","\N","468","\N"
"28485","2403","15294","\N","\N","552-554","\N"
"28487","2403","15399","\N","\N","697-699","\N"
"28489","3155","15180","\N","\N","1053-1055","\N"
"28491","3155","15179","\N","\N","1101-1103","\N"
"28493","3155","15181","\N","\N","1101-1103","\N"
"28495","3155","15413","\N","\N","1014-1017","\N"
"28497","3155","15177","\N","\N","1079-1081","\N"
"28499","1638","17119","\N","tolls","129-130","\N"
"28501","1636","17119","\N","tolls","\N","\N"
"28503","3155","15417","\N","\N","1189-1191","\N"
"28505","3229","17120","\N","tolls","128","\N"
"28507","1636","17120","\N","tolls","\N","\N"
"28509","2665","17132","\N","tolls","\N","\N"
"28511","1048","17132","\N","tolls","\N","\N"
"28513","2727","17132","\N","tolls","\N","\N"
"28517","3231","565","\N","fairs","244 fig. 6.14","\N"
"28519","3133","15192","\N","\N","940-942","\N"
"28521","3133","15198","\N","\N","957-959","\N"
"28523","3155","15321","\N","\N","1241-1243","\N"
"28525","3155","15322","\N","\N","1246-1248","\N"
"28527","3231","12774","\N","\N","245","\N"
"28529","3163","15268","\N","\N","254-256","\N"
"28531","3231","565","\N","staple","245","\N"
"28533","3163","15190","\N","\N","333-335","\N"
"28535","3163","15189","\N","\N","333-335","\N"
"28537","942","17134","\N","\N","Onderdendam (Bedum, Gr)","\N"
"28539","942","17079","\N","\N","Kollum (Kollumerland en Nieuwkruisland, Fr)","\N"
"28541","2383","17134","\N","fairs","253 en 427","\N"
"28543","2383","280","\N","\N","189-191","\N"
"28545","3033","16931","\N","tolls","inv.nr. 2361","\N"
"28547","2477","16194","\N","tolls","inv.nr. 498.01","\N"
"28551","3129","10330","\N","fairs","Inv.nr. 16 f.17v","\N"
"28553","3233","13173","\N","fairs","nr. 93","\N"
"28555","3233","11979","\N","fairs","nr. 54","\N"
"28557","3055","11919","\N","fairs","I 24","\N"
"28559","3055","2100","\N","fairs","I 24","\N"
"28561","2383","11919","\N","fairs","253","\N"
"28563","2383","2100","\N","fairs","253","\N"
"28567","2403","7176","\N","\N","\N","\N"
"28573","3163","7522","\N","\N","206-208","\N"
"28575","3237","1728","\N","fairs","49","\N"
"28577","2975","1728","\N","fairs","inv.nr. 9262 sub 4","\N"
"28579","3239","13173","\N","fairs","inv.nr. 2096","\N"
"28585","3245","16949","\N","\N","136/137","\N"
"28587","3247","11916","\N","fairs","20: VII.7, 23: VII.17","\N"
"28591","2383","280","\N","fairs","189-191, 427-428","\N"
"28593","3163","15197","\N","\N","315-317","\N"
"28595","3163","15196","\N","\N","311-313","\N"
"28597","3163","15265","\N","\N","291-293","\N"
"28599","3249","13443","\N","\N","63","\N"
"28601","3163","15270","\N","\N","352-354","\N"
"28603","3251","2100","\N","fairs","16-19","\N"
"28609","3253","17134","\N","\N","84-103","\N"
"28611","3255","2100","\N","fairs","84","\N"
"28615","3257","11919","\N","\N","ME-P012-050","\N"
"28617","3097","\N","377","edge","\N","\N"
"28619","3255","11919","\N","\N","\N","\N"
"28621","1742","13846","\N","\N","30","\N"
"28623","1742","13841","\N","\N","46","\N"
"28625","1742","13997","\N","\N","168","\N"
"28627","1742","17146","\N","\N","49","\N"
"28629","1742","14622","\N","\N","206","\N"
"28631","1742","3289","\N","\N","119-120","\N"
"28633","1742","13621","\N","\N","291","\N"
"28635","1742","16552","\N","\N","294","\N"
"28637","1742","16570","\N","\N","56","\N"
"28639","1742","7676","\N","\N","247","\N"
"28641","1742","14625","\N","\N","239","\N"
"28643","1742","14624","\N","\N","100","\N"
"28645","1742","12610","\N","\N","248","\N"
"28647","1742","16575","\N","\N","63","\N"
"28649","4","1805","\N","tolls","444","\N"
"28651","4","2012","\N","tolls","462","\N"
"28653","4","1838","\N","tolls","465","\N"
"31089","1646","17683","\N","\N","230","\N"
"28655","4","5205","\N","tolls","465","\N"
"28657","4","1865","\N","tolls","425","\N"
"28659","4","6274","\N","tolls","425","\N"
"28661","4","17148","\N","\N","426","\N"
"28663","4","2421","\N","\N","429","\N"
"28665","4","2453","\N","tolls","418","\N"
"28667","4","671","\N","tolls","418","\N"
"28669","4","2700","\N","tolls","409","\N"
"28671","162","2781","\N","tolls","164","\N"
"28673","162","2822","\N","fairs","172","\N"
"28675","4","2814","\N","tolls","414","\N"
"28679","3259","8063","\N","fairs","inv.nr. 13/regest nr. 22","\N"
"28681","3261","17149","\N","tolls","I 653","\N"
"28685","3263","17149","\N","tolls","II 201","\N"
"28687","3047","17149","\N","tolls","inv.nr. 160","\N"
"28689","4","\N","14","edge","233-234","\N"
"28691","4","\N","16","edge","143-144","\N"
"28693","4","\N","20","edge","372","\N"
"28695","888","\N","22","edge","\N","\N"
"28697","878","\N","22","edge","22","\N"
"28699","888","\N","24","edge","\N","\N"
"28701","888","\N","26","edge","\N","\N"
"28703","1068","\N","26","edge","35","\N"
"28707","704","\N","30","edge","\N","\N"
"28709","704","\N","32","edge","\N","\N"
"28711","4","\N","34","edge","323","\N"
"28713","1068","\N","34","edge","11","\N"
"28715","690","\N","36","edge","\N","\N"
"28717","690","\N","38","edge","\N","\N"
"28719","824","\N","40","edge","\N","\N"
"28721","704","\N","42","edge","\N","\N"
"28723","724","\N","44","edge","\N","\N"
"28725","724","\N","46","edge","\N","\N"
"28727","724","\N","48","edge","\N","\N"
"28729","778","\N","50","edge","415-416","\N"
"28731","890","\N","52","edge","\N","\N"
"28733","890","\N","54","edge","\N","\N"
"28735","4","\N","56","edge","368n29a","\N"
"28737","768","\N","58","edge","\N","\N"
"28739","4","\N","60","edge","525","\N"
"28741","852","\N","62","edge","260","\N"
"28749","912","\N","66","edge","397","\N"
"28751","1282","\N","66","edge","\N","\N"
"28753","912","\N","68","edge","397","\N"
"28755","1068","\N","68","edge","16","\N"
"28757","1068","\N","70","edge","9, 12","\N"
"28759","912","\N","70","edge","397","\N"
"28761","912","\N","72","edge","397","\N"
"28763","1068","\N","72","edge","16","\N"
"28765","912","\N","74","edge","397","\N"
"28767","912","\N","76","edge","400","\N"
"28769","1068","\N","76","edge","28-31","\N"
"28771","1282","\N","76","edge","\N","\N"
"28773","912","\N","78","edge","400","\N"
"28775","914","\N","80","edge","45","\N"
"28777","914","\N","82","edge","45","\N"
"28779","934","\N","86","edge","\N","\N"
"28781","946","\N","88","edge","135-136","\N"
"28783","946","\N","90","edge","\N","\N"
"28785","946","\N","92","edge","132","\N"
"28787","946","\N","94","edge","132","\N"
"28789","428","\N","96","edge","178","\N"
"28791","4","\N","98","edge","281","\N"
"28793","962","\N","106","edge","\N","\N"
"28795","970","\N","108","edge","118","\N"
"28797","962","\N","110","edge","19-21","\N"
"28799","428","\N","112","edge","202-203","\N"
"28801","962","\N","114","edge","22-23","\N"
"28803","962","\N","116","edge","23","\N"
"28805","962","\N","118","edge","23-24","\N"
"28807","4","\N","120","edge","274-275","\N"
"28809","4","\N","122","edge","185-186","\N"
"28811","4","\N","124","edge","365","\N"
"28813","880","8063","\N","fairs","31-34 en bijlage.","\N"
"28815","1638","\N","124","edge","128","\N"
"28817","4","\N","126","edge","372","\N"
"28819","4","\N","128","edge","372","\N"
"28821","4","\N","130","edge","373","\N"
"28823","4","\N","134","edge","224","\N"
"28825","1000","\N","132","edge","232","\N"
"28827","1068","\N","136","edge","8","\N"
"28829","1068","\N","138","edge","14","\N"
"28831","1068","\N","140","edge","14","\N"
"28833","724","\N","142","edge","290","\N"
"28835","1068","\N","142","edge","22","\N"
"28837","1068","\N","144","edge","39","\N"
"28839","1068","\N","146","edge","56","\N"
"28841","1068","\N","148","edge","48-49","\N"
"28843","4","\N","150","edge","354","\N"
"28845","4","\N","154","edge","527-528","\N"
"28847","1068","\N","152","edge","18","\N"
"28849","4","\N","156","edge","530-531","\N"
"28851","3265","17149","\N","tolls","inv.nr. 1 f.74-75","\N"
"28853","4","\N","158","edge","223","\N"
"28855","1280","\N","160","edge","247","\N"
"28857","912","\N","162","edge","397","\N"
"28859","4","\N","164","edge","312","\N"
"28861","320","\N","166","edge","71-74","\N"
"28863","320","\N","168","edge","78-79","\N"
"28865","320","\N","170","edge","\N","\N"
"28867","158","\N","170","edge","14-19","\N"
"28869","1408","\N","170","edge","\N","\N"
"28871","158","\N","172","edge","7-13, 19-21","\N"
"28873","1298","\N","174","edge","13","\N"
"28875","1354","\N","174","edge","consulted 16 July 2020","\N"
"28877","624","\N","176","edge","122-126","\N"
"28879","428","\N","176","edge","243-244","\N"
"28881","498","\N","176","edge","9","\N"
"28883","1384","\N","178","edge","331-332","\N"
"28885","6","\N","178","edge","159-162, 196-198","\N"
"28887","1396","\N","178","edge","118","\N"
"28889","1292","\N","180","edge","82","\N"
"28891","786","\N","182","edge","16-33","\N"
"28893","1402","\N","182","edge","\N","\N"
"28895","1404","\N","182","edge","\N","\N"
"28897","306","\N","182","edge","356-358","\N"
"28899","1406","\N","184","edge","178-182","\N"
"28901","786","\N","184","edge","59-65","\N"
"28903","1438","\N","186","edge","84-85","\N"
"28905","1488","\N","188","edge","20-21","\N"
"28907","1488","\N","190","edge","20","\N"
"28909","428","\N","190","edge","123","\N"
"28911","1544","\N","192","edge","Tafel 8.5","\N"
"28913","1550","\N","194","edge","56","\N"
"28915","4","\N","196","edge","372","\N"
"28917","1638","\N","196","edge","102-103, 126-127","\N"
"28919","1644","\N","198","edge","41","\N"
"28921","36","\N","202","edge","113-115","\N"
"28923","40","\N","202","edge","\N","\N"
"28925","1664","\N","204","edge","92","\N"
"28927","1664","\N","206","edge","92","\N"
"28929","1682","\N","208","edge","107","\N"
"28931","4","\N","210","edge","373-376","\N"
"28933","1684","\N","210","edge","\N","\N"
"28935","1726","\N","218","edge","105-109","\N"
"28937","4","\N","220","edge","443","\N"
"28939","1732","\N","222","edge","Nr. 34, &#34;Heer- und Handelswege um 1500&#34;","\N"
"28941","782","\N","224","edge","53","\N"
"28943","1744","\N","226","edge","22","\N"
"28945","1686","\N","228","edge","24-26","\N"
"28947","1754","\N","230","edge","26-27","\N"
"28949","942","\N","230","edge","Halfweg (Haarlemmermeer, NH)","\N"
"28951","1756","\N","232","edge","104","\N"
"28953","1756","\N","234","edge","104-105","\N"
"28955","1756","\N","236","edge","105-106","\N"
"28957","1756","\N","238","edge","106-107","\N"
"28959","1756","\N","240","edge","108-110","\N"
"28961","1756","\N","242","edge","111-112","\N"
"28963","1756","\N","244","edge","115-117","\N"
"28965","1756","\N","246","edge","115-117","\N"
"28967","1006","\N","248","edge","21","\N"
"28969","1754","\N","248","edge","29","\N"
"28971","1006","\N","250","edge","22","\N"
"28973","1006","\N","252","edge","22","\N"
"28975","1754","\N","252","edge","29","\N"
"28977","1006","\N","254","edge","22","\N"
"28979","1754","\N","254","edge","29","\N"
"28981","1646","\N","256","edge","360","\N"
"28983","988","\N","258","edge","423-430","\N"
"28985","1814","\N","258","edge","22-24","\N"
"28987","988","\N","260","edge","419-423","\N"
"28989","1776","\N","260","edge","60-61","\N"
"28991","1784","\N","262","edge","\N","\N"
"28993","1814","\N","264","edge","18-36","\N"
"28995","1824","\N","264","edge","29-31, 77","\N"
"28997","1824","\N","266","edge","27-29, 31","\N"
"28999","1824","\N","268","edge","31","\N"
"29001","1824","\N","270","edge","32-36","\N"
"29003","1840","\N","272","edge","59","\N"
"29005","1848","\N","274","edge","260n31, 446-447","\N"
"29007","1682","\N","276","edge","99","\N"
"29009","1969","\N","276","edge","219-221","\N"
"29011","1848","\N","278","edge","362-363, 367","\N"
"29013","1646","\N","280","edge","261","\N"
"29015","1848","\N","280","edge","227","\N"
"29017","1937","\N","281","edge","282-283","\N"
"29019","1969","\N","283","edge","125-136","\N"
"29021","1969","\N","285","edge","185-186","\N"
"29023","1969","\N","287","edge","72-73, 100-103, 125-136, 185","\N"
"29025","1971","\N","287","edge","45-46, 199-200","\N"
"29027","1798","\N","289","edge","150","\N"
"29029","4","\N","289","edge","163","\N"
"29031","1130","\N","289","edge","197","\N"
"29033","1993","\N","289","edge","II:379-382","\N"
"29035","1999","\N","291","edge","\N","\N"
"29037","1754","\N","291","edge","26","\N"
"29039","4","\N","293","edge","571","\N"
"29041","4","\N","295","edge","219","\N"
"29043","4","\N","297","edge","184","\N"
"29045","4","\N","299","edge","567","\N"
"29047","4","\N","301","edge","542","\N"
"29049","2177","\N","303","edge","34-35","\N"
"29051","2177","\N","305","edge","14-15","\N"
"29053","2209","\N","305","edge","3","\N"
"29055","1686","\N","305","edge","\N","\N"
"29057","2241","\N","305","edge","\N","\N"
"29059","1865","\N","307","edge","109","\N"
"29061","2177","\N","307","edge","19","\N"
"29063","2333","\N","309","edge","\N","\N"
"29065","2335","\N","309","edge","\N","\N"
"29067","2143","\N","311","edge","62","\N"
"29069","2339","\N","311","edge","83-84","\N"
"29071","2339","\N","313","edge","83","\N"
"29073","2429","\N","313","edge","10-11, 80-81","\N"
"29075","2241","\N","315","edge","242","\N"
"29077","2177","\N","315","edge","34-35","\N"
"29079","2509","\N","317","edge","\N","\N"
"29081","2125","\N","319","edge","24-28","\N"
"29083","4","\N","321","edge","581","\N"
"29085","4","\N","323","edge","708-710","\N"
"29087","4","\N","335","edge","773","\N"
"29089","2589","\N","337","edge","\N","\N"
"29091","2739","\N","369","edge","71-74, 90","\N"
"29093","4","\N","371","edge","776","\N"
"29095","4","\N","373","edge","778","\N"
"29097","4","\N","375","edge","410","\N"
"29099","3235","\N","383","edge","Hausvogtei Delmenhorst II","\N"
"29101","988","\N","385","edge","162-163","\N"
"29103","340","17133","\N","\N","60-61","\N"
"29105","340","17125","\N","\N","349-350","\N"
"29107","340","17124","\N","\N","52-53","\N"
"29109","3267","17124","\N","\N","f. 22r","\N"
"29111","3269","17121","\N","fairs","23","\N"
"29113","340","17127","\N","\N","246-247","\N"
"29115","340","17126","\N","\N","208","\N"
"29119","942","16717","\N","\N","Putte (Woensdrecht, NB)","\N"
"29121","3273","3017","\N","\N","\N","\N"
"29123","3275","17149","\N","tolls","Inv.nr. 10 f.28-30","\N"
"29129","942","16603","\N","\N","Gilze (Gilze en Rijen, NB)","\N"
"29163","426","17151","\N","\N","507-508","\N"
"29165","3277","17123","\N","tolls","18","\N"
"29167","962","11291","\N","\N","24","\N"
"29169","3033","10795","\N","fairs","inv.nr. 1681.01-0164","\N"
"29171","3279","16193","\N","fairs","inv.nr. 5459/regest nr. 884","\N"
"29173","2421","11869","\N","fairs","III 170","\N"
"29175","2755","11869","\N","fairs","373","\N"
"29177","1622","2717","\N","fairs","373","\N"
"29179","3281","16938","\N","fairs","inv.nr. 747","\N"
"29183","4","16412","\N","\N","618","\N"
"29185","2449","13698","\N","\N","84","\N"
"29187","3285","13698","\N","\N","27","\N"
"29189","2449","13670","\N","\N","112 en 89 (ed.)","\N"
"29193","2449","16191","\N","\N","129 en 104 (ed.).","\N"
"29195","3287","1521","\N","staple","147","\N"
"29197","2449","13919","\N","\N","129 en 104 (ed.).","\N"
"29199","3289","2297","\N","fairs","regest nr. 1241","\N"
"29201","1911","142","\N","fairs","86/87","\N"
"29203","3167","4642","\N","\N","\N","\N"
"29205","3253","\N","387","edge","89, 95","\N"
"29207","3253","\N","389","edge","5, 89, 100","\N"
"29209","3251","\N","389","edge","13-15","\N"
"29211","3201","\N","379","edge","\N","\N"
"29213","3203","\N","381","edge","48, 93","\N"
"29215","2961","11912","\N","\N","10, 20 ref 30","\N"
"29217","2149","11912","\N","\N","inv. no. 240 f. 54","\N"
"29219","2975","11912","\N","\N","inv. no. 15163","\N"
"29227","2587","\N","325","edge","\N","\N"
"29229","2649","\N","327","edge","\N","\N"
"29231","2651","\N","327","edge","\N","\N"
"29233","2653","\N","329","edge","\N","\N"
"29235","2653","\N","333","edge","\N","\N"
"29237","2653","\N","339","edge","\N","\N"
"29239","2653","\N","341","edge","\N","\N"
"29241","2631","\N","343","edge","180","\N"
"29243","2655","\N","345","edge","55-56","\N"
"29245","2657","\N","345","edge","81","\N"
"29247","2655","\N","347","edge","55-56","\N"
"29249","2657","\N","347","edge","81","\N"
"29251","2661","\N","349","edge","\N","\N"
"29253","2659","\N","349","edge","\N","\N"
"29255","2663","\N","351","edge","\N","\N"
"29257","2655","\N","351","edge","56-57","\N"
"29259","2681","\N","353","edge","34-59","\N"
"29261","2683","\N","353","edge","\N","\N"
"29263","2671","\N","353","edge","64","\N"
"29265","2679","\N","353","edge","\N","\N"
"29267","2669","\N","353","edge","9","\N"
"29269","2677","\N","353","edge","\N","\N"
"29271","2675","\N","353","edge","25-48","\N"
"29273","2667","\N","353","edge","99-100","\N"
"29275","2673","\N","353","edge","\N","\N"
"29277","2697","\N","355","edge","91","\N"
"29279","2699","\N","355","edge","386-391","\N"
"29281","2701","\N","357","edge","\N","\N"
"29283","4","\N","357","edge","496","\N"
"29285","2557","\N","359","edge","189","\N"
"29287","2711","\N","361","edge","10","\N"
"29289","2557","\N","363","edge","186-187","\N"
"29291","2719","\N","365","edge","\N","\N"
"29293","2605","\N","367","edge","\N","\N"
"29295","3055","7356","\N","tolls","no. 338","\N"
"29297","2731","\N","367","edge","\N","\N"
"29301","3051","7356","\N","tolls","38-41, 61, 94","\N"
"29303","2323","7356","\N","tolls","no. 139","\N"
"29305","3053","7356","\N","tolls","690","\N"
"29307","2821","7356","\N","tolls","inv. no. 18","\N"
"29339","3301","16187","\N","tolls","no. 458","\N"
"29337","3301","13065","\N","tolls","no. 458","\N"
"29397","3319","17200","\N","\N","44–49, 64, appendix 2","\N"
"29393","3315","17200","\N","\N","517–518, 542, table 56 (544–547)","\N"
"29317","586","17177","\N","\N","428-430","\N"
"29319","3295","2717","\N","staple","155/156","\N"
"29321","3297","2717","\N","staple","inv.nrs. 147, 1024","\N"
"29323","2149","2717","\N","staple","inv.nr. 969","\N"
"29325","2425","2717","\N","staple","inv.nr. 697C","\N"
"29327","3301","16184","\N","tolls","nr. 458","\N"
"29331","3301","13747","\N","tolls","nr. 458","\N"
"29333","3301","13558","\N","tolls","nr. 458","\N"
"29335","3301","16185","\N","tolls","nr. 458","\N"
"29341","2703","4479","\N","fairs","84","\N"
"29343","2267","5630","\N","fairs","nr. 206","\N"
"29345","2267","2297","\N","fairs","no. 2168","\N"
"29347","3307","4130","\N","tolls","regest nr. 62","\N"
"29349","3309","4130","\N","tolls","inv.nr. 111-1","\N"
"29351","2035","13340","\N","\N","ZE 278, ZE 390","\N"
"29353","2035","13833","\N","\N","ZE 290","\N"
"29355","2035","14174","\N","\N","KE 99","\N"
"29357","2035","13133","\N","\N","ZH 260","\N"
"29359","2035","11916","\N","\N","ZE 516","\N"
"31091","1646","17684","\N","\N","243","\N"
"29363","2035","17182","\N","\N","ZE 661","\N"
"29367","2973","16188","\N","tolls","84/85","\N"
"29369","2457","10587","\N","\N","nr. 478","\N"
"29371","2449","10587","\N","\N","34 (editie)","\N"
"29373","2035","17183","\N","fairs","ZE 31 sub 14.","\N"
"29375","2035","8041","\N","fairs","NH 335 sub 12 dated 1327.","\N"
"29377","3311","1417","\N","fairs","\N","\N"
"29379","182","17163","\N","\N","161","\N"
"29381","3033","13914","\N","fairs","inv.nr. 1690.01-0181.","\N"
"29383","2751","991","\N","fairs","inv.nrs. 209-213","\N"
"29385","624","355","\N","tolls","12-13, 30, 142, 181","\N"
"29387","624","4342","\N","tolls","12-15, 30, 78-79, 181-182, 215","\N"
"29389","624","17199","\N","tolls","15, 79, 181-182","\N"
"29391","3313","17200","\N","\N","10, 45, 48, 214, 250, 252, 260–261, 267–268, 584–586","\N"
"29395","3317","17200","\N","\N"," 129–131, 377, 380, 382","\N"
"29399","3321","17200","\N","\N","178–187","\N"
"29401","3323","17200","\N","\N","1610-1612","\N"
"29411","3313","17203","\N","\N","214, 251, 265-268","\N"
"29413","3321","17203","\N","\N","184–187","\N"
"29415","3321","17203","\N","\N","1612–1620","\N"
"29417","2821","11895","\N","fairs","inv.nr. 42 f.40v","\N"
"29419","3169","6517","\N","fairs","inv.nr. 155","\N"
"29421","3327","12260","\N","\N","33","\N"
"29423","3327","11639","\N","\N","33","\N"
"29427","3327","12235","\N","\N","33","\N"
"29429","3327","4868","\N","\N","33","\N"
"29431","3329","11135","\N","tolls","\N","\N"
"29433","3331","17228","\N","fairs","\N","\N"
"29435","3331","11918","\N","fairs","\N","\N"
"29437","3331","7260","\N","fairs","\N","\N"
"29439","3331","2149","\N","fairs","\N","\N"
"29441","3331","1684","\N","fairs","\N","\N"
"29445","3331","8242","\N","fairs","\N","\N"
"29447","3331","1728","\N","fairs","\N","\N"
"29449","3333","1728","\N","fairs","tabellen 18.1, 19.1 en 19.2","\N"
"29451","3333","5615","\N","fairs","tabellen 19.1 en 19.2","\N"
"29453","3333","13173","\N","fairs","tabellen 18.1 en 19.2","\N"
"29455","3333","17229","\N","fairs","101 en tabel 18.1","\N"
"29457","3333","2149","\N","fairs","101","\N"
"29459","3333","13233","\N","\N","101 en tabel 19.1","\N"
"29461","3333","4561","\N","fairs","101 en 282","\N"
"29463","3333","11918","\N","fairs","tabel 18.1 en 19.1","\N"
"29465","3333","11979","\N","fairs","tabel 19.1","\N"
"29467","3335","11979","\N","fairs","nr. 1303.12.17","\N"
"29469","3333","11980","\N","fairs","tabellen 18.1, 19.1 en 19.2","\N"
"29471","3333","1684","\N","fairs","tabellen 18.1 en 19.1","\N"
"29473","3333","13910","\N","fairs","tabel 18.1","\N"
"29475","3333","7152","\N","fairs","tabel 18.1 en 19.1","\N"
"29477","3333","7260","\N","fairs","tabel 18.1","\N"
"29479","3333","8094","\N","fairs","tabel 18.1","\N"
"29481","3335","17230","\N","fairs","nr. 1303.12.17","\N"
"29483","3331","17231","\N","fairs","\N","\N"
"29485","2639","11978","\N","fairs","nr. 1043","\N"
"29487","3337","11978","\N","fairs","inv.nr. 35","\N"
"29489","2849","6517","\N","fairs","nr. 11998","\N"
"29495","3341","6517","\N","fairs","22","\N"
"29497","3343","11547","\N","tolls","\N","\N"
"29499","3345","11547","\N","tolls","\N","\N"
"29501","3347","11547","\N","tolls","\N","\N"
"29503","3349","11547","\N","tolls","\N","\N"
"29507","3351","11547","\N","tolls","\N","\N"
"29509","3353","11547","\N","tolls","\N","\N"
"29511","3355","11547","\N","tolls","\N","\N"
"29513","3357","11547","\N","tolls","131","\N"
"29515","3359","11547","\N","tolls","36","\N"
"29517","3361","14911","\N","tolls","353","\N"
"29519","3363","17255","\N","\N","\N","\N"
"29521","3365","11547","\N","tolls","57-58","\N"
"29523","3367","11547","\N","tolls","322 - 345","\N"
"29525","3369","11690","\N","tolls","\N","\N"
"29527","3371","11690","\N","tolls","June 4th, 1796","\N"
"29529","3023","16194","\N","fairs","inv.nr. 93.06","\N"
"29531","3013","8901","\N","\N","191","\N"
"29533","3019","8901","\N","\N","19, 33, 41 tabel 8","\N"
"29537","942","17284","\N","\N","Makkum (Súdwest-Fryslân, Fr)","\N"
"29539","942","16961","\N","\N","Stavoren (Súdwest-Fryslân, Fr)","\N"
"29541","1646","16961","\N","\N","356-357","\N"
"29543","2207","17302","\N","tolls","597","\N"
"29545","942","14662","\N","\N","Hedikhuizen (Heusden, NB)","\N"
"29547","942","17303","\N","\N","Vlijmen (Heusden, NB)","\N"
"29549","2207","12795","\N","\N","20","\N"
"29551","2207","11907","\N","staple","20","\N"
"29553","2207","\N","391","edge","20","\N"
"29555","2207","\N","393","edge","20","\N"
"29557","942","17231","\N","\N","Beek (Laarbeek, NB)","\N"
"29561","3373","17324","\N","\N","212, 214-215","\N"
"29563","3373","12602","\N","tolls","224-226","\N"
"29565","3373","12602","\N","fairs","227, n2","\N"
"29571","3373","17325","\N","\N","236, 239-241","\N"
"29573","624","14022","\N","tolls","36, 98","\N"
"29575","624","551","\N","tolls","71","\N"
"29577","624","5937","\N","tolls","71","\N"
"29579","624","6092","\N","staple","72-73","\N"
"29581","624","6092","\N","tolls","73-74","\N"
"29583","624","6669","\N","tolls","74-75","\N"
"29585","624","1752","\N","tolls","75","\N"
"29587","624","3909","\N","staple","75","\N"
"29589","624","17343","\N","\N","75","\N"
"29591","624","17343","\N","tolls","75","\N"
"29593","624","3883","\N","staple","75-76, 142","\N"
"29595","624","17344","\N","tolls","219, 241","\N"
"29597","624","17345","\N","tolls","219, 241-242","\N"
"29599","624","17345","\N","\N","241-242","\N"
"29601","624","14332","\N","\N","241","\N"
"29603","624","14172","\N","\N","241","\N"
"29605","624","14332","\N","tolls","242","\N"
"29607","624","4342","\N","staple","76-78, 141-142, 181-182","\N"
"29609","624","5949","\N","staple","31-32, 79-80, 143-145","\N"
"29611","624","1570","\N","tolls","86-87","\N"
"29613","652","17346","\N","\N","191-192","\N"
"29615","38","17346","\N","\N","497","\N"
"29617","1296","17346","\N","\N","Art. Radeberg &#60;a href=&#34;https://hov.isgv.de/Radeberg&#34;&#62;https://hov.isgv.de/Radeberg&#60;/a&#62;","\N"
"29619","1302","17346","\N","\N","244","\N"
"29621","624","17346","\N","tolls","87","\N"
"29623","624","17347","\N","tolls","87","\N"
"29625","1296","17347","\N","\N","Art. Gruna (1): &#60;a href=&#34;https://hov.isgv.de/Gruna_(1)&#34;&#62;https://hov.isgv.de/Gruna_(1)&#60;/a&#62;","\N"
"29627","1300","17347","\N","\N","366","\N"
"29629","652","17352","\N","\N","189-190","\N"
"29631","38","17352","\N","\N","494","\N"
"29633","1296","17352","\N","\N","Art. Pulsnitz: &#60;a href=&#34;https://hov.isgv.de/Pulsnitz&#34;&#62;https://hov.isgv.de/Pulsnitz&#60;/a&#62;","\N"
"29635","1300","17357","\N","\N","243","\N"
"29637","1296","17357","\N","\N","Art. Elstra: &#60;a href=&#34;https://hov.isgv.de/Elstra&#34;&#62;https://hov.isgv.de/Elstra&#60;/a&#62;","\N"
"29639","624","1250","\N","tolls","89","\N"
"29641","624","11439","\N","tolls","89, 188","\N"
"29643","624","11443","\N","tolls","34, 89, 149, 183, 188","\N"
"29645","624","11724","\N","tolls","90","\N"
"29647","624","4705","\N","staple","91-93, 154-158, 184-187","\N"
"29649","1494","14022","\N","tolls","67","\N"
"29651","3373","1036","\N","\N","6-24","\N"
"29653","3373","1036","\N","tolls","24, 34-36","\N"
"29655","3375","1036","\N","tolls","1146","\N"
"29657","3373","1036","\N","fairs","32-34","\N"
"29659","3373","\N","287","edge","212, 214-215, 235-236","\N"
"29661","3377","653","\N","\N","no. 211","\N"
"29663","3379","9406","\N","\N","45","\N"
"29665","4","\N","40","edge","524","\N"
"29667","1068","\N","40","edge","46-47","\N"
"29669","4","\N","395","edge","524","\N"
"29671","1068","\N","395","edge","46-47","\N"
"29673","4","\N","397","edge","239","\N"
"29675","3381","3017","\N","fairs","nr. 54 art. 11 and 21. ","\N"
"29679","2517","16192","\N","tolls","41, grafiek 1.1 en 43, tabel 1.3","\N"
"29681","3381","3017","\N","staple","art. 76 and 159","\N"
"29683","3027","3017","\N","staple","548/549","\N"
"29685","420","3017","\N","staple","34 nt. 2","\N"
"29687","2735","3017","\N","staple","inv.nr. 3900","\N"
"29689","3383","2613","\N","\N","no. 251","\N"
"29691","1108","17401","\N","\N","314-318","\N"
"29693","582","17401","\N","\N","92, 110, 187","\N"
"29695","3385","8242","\N","fairs","277/278","\N"
"29697","3385","8242","\N","\N","34, 280","\N"
"29701","540","17404","\N","\N","29","\N"
"29703","38","17404","\N","\N","47","\N"
"29705","652","1826","\N","\N","482","\N"
"29707","3387","4182","\N","fairs","77, 85","\N"
"29709","3389","8000","\N","fairs","\N","\N"
"29713","3393","10971","\N","\N","no. 38","\N"
"29715","704","3304","\N","\N","17","\N"
"29717","2063","2126","\N","\N","no. 718","\N"
"29721","3397","4568","\N","tolls","\N","\N"
"29723","3399","10547","\N","tolls","\N","\N"
"29727","3401","17428","\N","tolls","25","\N"
"29729","852","17428","\N","tolls","918","\N"
"29731","4","\N","399","edge","399","\N"
"29733","3403","1150","\N","tolls","\N","\N"
"29735","3405","1150","\N","tolls","\N","\N"
"29737","586","17425","\N","\N","241-242","\N"
"29739","846","17450","\N","\N","17","\N"
"29741","1514","17450","\N","\N","23","\N"
"29743","652","17453","\N","\N","637-638","\N"
"29745","3407","186","\N","tolls","3-4","\N"
"29747","38","8226","\N","\N","659","\N"
"29749","3409","9978","\N","\N","4, 41","\N"
"29751","3409","17463","\N","\N","4, 46-47, 74","\N"
"29753","3409","17464","\N","\N","31","\N"
"29755","3409","17465","\N","\N","4, 25","\N"
"29757","3409","17466","\N","\N","24","\N"
"29759","3409","17467","\N","\N","17","\N"
"29761","3409","17468","\N","\N","17-18","\N"
"29763","3409","17469","\N","\N","19","\N"
"29765","3409","17470","\N","\N","22","\N"
"29767","3409","17471","\N","\N","8, 54, 74","\N"
"29769","3409","17472","\N","\N","8, 74","\N"
"29771","3409","17473","\N","\N","8, 60","\N"
"29773","3409","17474","\N","\N","8, 75","\N"
"29775","540","1672","\N","\N","97","\N"
"29777","540","17452","\N","\N","429-431","\N"
"29779","1300","738","\N","\N","80","\N"
"29781","2063","17481","\N","tolls","nr. 279","\N"
"29783","2421","17481","\N","tolls","II 300","\N"
"29787","3411","17481","\N","tolls","\N","\N"
"29789","2143","17481","\N","tolls","78, 92","\N"
"29791","3413","6963","\N","fairs","inv.nr. 14/regest nr.74","\N"
"29793","540","17453","\N","\N","358","\N"
"29795","540","17454","\N","\N","452-453","\N"
"29797","540","17454","\N","fairs","453","\N"
"29799","586","350","\N","\N","26-27","\N"
"29801","586","2164","\N","\N","134-140","\N"
"29803","586","6658","\N","\N","367-369","\N"
"29805","4","4077","\N","tolls","528","\N"
"29807","540","6108","\N","\N","373-374","\N"
"29809","586","4526","\N","\N","261-262","\N"
"29811","586","3411","\N","tolls","216","\N"
"29813","586","3411","\N","\N","215-218","\N"
"29815","586","3411","\N","fairs","215","\N"
"29817","38","3048","\N","\N","263-264","\N"
"29819","778","1238","\N","tolls","385-386","\N"
"29821","652","12445","\N","fairs","382","\N"
"29823","3415","6803","\N","\N","I, 21","\N"
"29825","3417","10232","\N","\N","accessed 23-2-2023","\N"
"29827","778","10582","\N","\N","410","\N"
"29829","794","238","\N","\N","40","\N"
"29831","778","3442","\N","\N","416","\N"
"29835","38","12437","\N","\N","584","\N"
"29837","586","3048","\N","\N","198-199","\N"
"29839","586","3048","\N","fairs","199","\N"
"29841","586","1996","\N","\N","126","\N"
"29843","652","6881","\N","fairs","669-670","\N"
"29845","586","6881","\N","\N","382-385","\N"
"29847","3419","13065","\N","tolls","174, kaart 5.1","\N"
"29849","3419","16184","\N","tolls","174, kaart 5.1","\N"
"29851","778","\N","401","edge","395-396","\N"
"29853","586","3474","\N","\N","227-229","\N"
"29855","586","1529","\N","\N","81-83","\N"
"29857","38","17506","\N","\N","700","\N"
"29859","586","17506","\N","\N","496-498","\N"
"29861","586","17507","\N","\N","496-498","\N"
"29863","38","17507","\N","\N","700","\N"
"29865","38","10107","\N","\N","468","\N"
"29869","3277","17123","\N","\N","18-48","\N"
"29871","2513","17382","\N","\N","297-298","\N"
"29873","426","17123","\N","tolls","525","\N"
"29875","426","17123","\N","\N","525-527","\N"
"29877","520","17123","\N","\N","478","\N"
"29879","426","8930","\N","tolls","550","\N"
"29881","520","17516","\N","tolls","168-169","\N"
"29883","3277","17516","\N","tolls","18","\N"
"29885","520","17163","\N","\N","90-91","\N"
"29887","520","17517","\N","\N","38-41","\N"
"29891","3421","12533","\N","\N","no. 393","\N"
"29893","652","17525","\N","\N","41-42","\N"
"29895","1068","\N","403","edge","14","\N"
"29897","652","17542","\N","\N","155-156","\N"
"29899","652","17543","\N","\N","67-68","\N"
"29901","3423","3194","\N","\N","9","\N"
"29903","1706","16990","\N","tolls","49","\N"
"29911","2347","17552","\N","tolls","58","\N"
"29913","1706","17552","\N","tolls","83","\N"
"29915","3123","17552","\N","tolls","\N","\N"
"29919","402","11045","\N","\N","533","\N"
"29921","402","17554","\N","\N","533","\N"
"29923","3427","16186","\N","tolls","f.76r sub 9","\N"
"29927","3429","16995","\N","tolls","105","\N"
"29929","3427","2685","\N","tolls","f.76r sub 4","\N"
"29931","540","10039","\N","\N","23","\N"
"29933","540","140","\N","\N","5-7","\N"
"29935","3431","17554","\N","\N","\N","\N"
"29937","3433","2895","\N","\N","122-123","\N"
"29939","3433","2895","\N","fairs","145-146","\N"
"29941","38","4337","\N","\N","357","\N"
"29943","1302","8741","\N","\N","631","\N"
"29945","1296","8741","\N","\N","&#60;a href=&#34;https://hov.isgv.de/Zedtlitz&#34;&#62;Art. Zedtlitz&#60;/a&#62;","\N"
"29947","652","2038","\N","\N","82-83","\N"
"29949","1296","2038","\N","\N","&#60;a href=&#34;https://hov.isgv.de/Frohburg&#34;&#62;Art. Froburg&#60;/a&#62;","\N"
"29951","1300","2038","\N","\N","280","\N"
"29953","3435","11911","\N","fairs","506","\N"
"29955","1296","8860","\N","\N","&#60;a href=&#34;https://hov.isgv.de/Zwenkau&#34;&#62;Art. Zwenkau&#60;/a&#62;","\N"
"29957","1302","8860","\N","\N","676","\N"
"29959","1300","4530","\N","\N","609","\N"
"29961","1296","4530","\N","\N","&#60;a href=&#34;https://hov.isgv.de/L%C3%B6bsch%C3%BCtz_(4)&#34;&#62;Art. Lobschütz&#60;/a&#62;","\N"
"29963","38","14374","\N","\N","221","\N"
"29965","652","14374","\N","\N","94-95","\N"
"29967","1296","14374","\N","\N","&#60;a href=&#34;https://hov.isgv.de/Groitzsch_(2)&#34;&#62;Art. Groitzsch (2)&#60;/a&#62;","\N"
"29969","1300","14374","\N","\N","361","\N"
"29973","3437","17556","\N","\N","7-35, 47","\N"
"29975","3437","17557","\N","\N","29-33, 47","\N"
"29977","3437","17518","\N","tolls","38","\N"
"29979","3437","10612","\N","tolls","38","\N"
"29981","3439","6562","\N","fairs","nr. 34","\N"
"29987","3441","15247","\N","\N","478-479","\N"
"29991","3441","15246","\N","\N","468","\N"
"29995","3443","15227","\N","\N","672-675.","\N"
"29997","3441","15257","\N","\N","407","\N"
"29999","3163","15267","\N","\N","326","\N"
"30001","2409","15374","\N","\N","372","\N"
"30045","3447","1417","\N","fairs","224-225","\N"
"30047","3449","8879","\N","fairs","inv.nr. 1342","\N"
"30049","3107","2157","\N","fairs","regest nr. 145","\N"
"30101","3441","15254","\N","\N","277","\N"
"30131","2971","13347","\N","fairs","140","\N"
"30163","3451","8034","\N","fairs","116","\N"
"30165","3453","268","\N","fairs","42, 51","\N"
"30167","3455","2159","\N","fairs","59","\N"
"30169","3457","2159","\N","fairs","212","\N"
"30171","3459","1050","\N","fairs","p.138 nr. 56","\N"
"30173","3461","1050","\N","fairs","438","\N"
"30175","3463","4816","\N","fairs","51","\N"
"30177","3465","4816","\N","fairs","241","\N"
"30205","1792","4680","\N","fairs","3, p. 476","\N"
"30181","2347","12958","\N","tolls","52, 63","\N"
"30185","3469","3284","\N","fairs","21","\N"
"30189","3471","4680","\N","fairs","II 58","\N"
"30191","3473","16552","\N","fairs","136, 142, 146","\N"
"30193","3469","5147","\N","fairs","21","\N"
"30195","3475","15092","\N","\N","204-206.","\N"
"30197","3477","15063","\N","\N","563","\N"
"30199","3463","4816","\N","staple","50/51","\N"
"30201","3463","4816","\N","\N","\N","\N"
"30203","3479","5147","\N","fairs","\N","\N"
"30207","1792","1050","\N","fairs","vol. XI nr. 92","\N"
"30209","1792","11671","\N","fairs","vol. I nr. 1307","\N"
"30223","3481","17567","\N","fairs","xi","\N"
"30225","3483","65","\N","fairs","149","\N"
"30227","3483","818","\N","fairs","150","\N"
"30229","3483","1611","\N","fairs","149","\N"
"30231","3485","12213","\N","\N","10, 12","\N"
"30233","3485","792","\N","\N","\N","\N"
"30235","3487","792","\N","fairs","\N","\N"
"30237","3489","13621","\N","fairs","189","\N"
"30239","3169","13621","\N","fairs","regest nrs. 611 en 2347","\N"
"30243","3491","17568","\N","fairs","\N","\N"
"30249","3493","7850","\N","fairs","78","\N"
"30253","3231","7850","\N","fairs","121","\N"
"30255","3495","17569","\N","fairs","142","\N"
"30259","586","6676","\N","\N","401-402","\N"
"30261","3497","7850","\N","fairs","151","\N"
"30267","3499","17569","\N","fairs","nr. 15","\N"
"30273","3501","17570","\N","fairs","inv.nrs. 356 en 358/414","\N"
"30275","3197","17570","\N","fairs","B 1708","\N"
"30279","3197","1036","\N","fairs","B 1720","\N"
"30281","3197","1050","\N","fairs","B 1708","\N"
"30283","3197","17572","\N","fairs","B 1728","\N"
"30285","3197","17573","\N","fairs","B 1739","\N"
"30287","3197","17574","\N","fairs","B 1729 en 1774","\N"
"30289","3503","7932","\N","\N","\N","\N"
"30291","3197","17575","\N","fairs","B 1739","\N"
"30293","3197","17569","\N","fairs","B 1742","\N"
"30297","3197","17576","\N","fairs","B 1744","\N"
"30303","3505","7932","\N","\N","916-917.","\N"
"30305","3197","1388","\N","fairs","B 1161 en 1681","\N"
"30307","3197","12602","\N","fairs","B 1162","\N"
"30309","3505","7737","\N","\N","352-354.","\N"
"30313","3197","13382","\N","fairs","B 1166","\N"
"30323","3507","4533","\N","fairs","223 tabel 5","\N"
"30325","3509","3408","\N","\N","\N","\N"
"30331","3155","7822","\N","\N","1103","\N"
"30337","3155","9514","\N","\N","1053","\N"
"30339","3155","5722","\N","\N","1055-1056.","\N"
"30341","3155","6257","\N","\N","1109-1111","\N"
"30345","3155","5578","\N","\N","1135-1136.","\N"
"30349","3155","8039","\N","\N","1203-1204.","\N"
"30353","3511","17568","\N","fairs","148/149","\N"
"32431","3627","14753","\N","\N","857","\N"
"30359","3197","13212","\N","fairs","B 1710","\N"
"30365","3133","383","\N","\N","932-933","\N"
"30367","3511","17577","\N","fairs","151","\N"
"30371","3133","4200","\N","\N","1002-1004.","\N"
"30373","3133","7980","\N","\N","994-998.","\N"
"30383","3163","8058","\N","\N","273","\N"
"30387","2405","11753","\N","\N","150","\N"
"30397","3163","6919","\N","\N","315-316.","\N"
"30401","3513","17578","\N","fairs","Handv. nr. 179 bis","\N"
"30403","3231","17579","\N","fairs","245","\N"
"30405","3515","4442","\N","fairs","14","\N"
"30407","3517","4442","\N","staple","19, 28","\N"
"30409","3519","4442","\N","fairs","50, 51, 56","\N"
"30411","3517","4442","\N","fairs","28","\N"
"30413","2735","4442","\N","staple","inv.nr. 3984","\N"
"30415","2807","4442","\N","staple","117","\N"
"30419","3521","17580","\N","fairs","inv.nr. 605","\N"
"30421","2457","17581","\N","fairs","2859, 3045","\N"
"30423","3231","4442","\N","fairs","245","\N"
"30425","1646","4589","\N","\N","76-79","\N"
"30427","1646","1050","\N","\N","70-75","\N"
"30429","3231","7715","\N","fairs","245","\N"
"30431","1646","7715","\N","\N","82-83","\N"
"30433","1646","16552","\N","\N","85","\N"
"30435","1646","2977","\N","\N","87","\N"
"30437","1646","13621","\N","\N","86","\N"
"30439","1646","4442","\N","\N","88-89","\N"
"30441","1646","4217","\N","\N","84","\N"
"30443","1646","2152","\N","\N","81","\N"
"30445","1646","8229","\N","\N","80","\N"
"30447","1646","73","\N","\N","66-67","\N"
"30449","1646","4816","\N","\N","60-65","\N"
"30451","1646","2756","\N","\N","127","\N"
"30453","1646","17568","\N","\N","134-137","\N"
"30455","1646","17582","\N","\N","148-151","\N"
"30457","1646","17577","\N","\N","159","\N"
"30459","1646","17576","\N","\N","158","\N"
"30461","1646","17569","\N","\N","206-207","\N"
"30463","1646","17573","\N","\N","229","\N"
"30465","1646","17570","\N","\N","238-239","\N"
"30467","1646","17574","\N","\N","241","\N"
"30469","1646","1036","\N","\N","244-251","\N"
"30475","1646","11911","\N","tolls","257","\N"
"30479","3301","16552","\N","fairs","vol. I nr. 17","\N"
"30481","3301","16553","\N","tolls","Vol. I nr. 17","\N"
"30483","3523","2685","\N","fairs","11","\N"
"30485","1536","12018","\N","tolls","276","\N"
"30489","2715","12018","\N","tolls","57","\N"
"30491","2715","13290","\N","tolls","57","\N"
"30493","2715","17583","\N","tolls","57","\N"
"30497","3527","17585","\N","tolls","\N","\N"
"30499","3529","17585","\N","tolls","\N","\N"
"30501","2445","17585","\N","tolls","inv.nrs. 691-711","\N"
"30503","3531","17585","\N","tolls","\N","\N"
"30505","3533","7751","\N","fairs","23, 88-89, 150 nt. 75","\N"
"30507","3533","1444","\N","fairs","22","\N"
"30509","3533","3284","\N","fairs","22","\N"
"30511","3301","268","\N","fairs","Vol. II","\N"
"30513","3197","17586","\N","fairs","B 1186","\N"
"30515","3197","17587","\N","fairs","B 1727","\N"
"30517","2445","12602","\N","tolls","inv.nrs. 622-685","\N"
"30519","2445","12633","\N","tolls","inv.nrs. 714-764","\N"
"30521","3535","17588","\N","fairs","182, 183, 188","\N"
"30523","3537","17588","\N","fairs","\N","\N"
"30525","3535","17569","\N","fairs","188","\N"
"30527","3535","17567","\N","fairs","182-183","\N"
"30529","3535","17590","\N","fairs","181, 183","\N"
"30531","1646","17590","\N","\N","226","\N"
"30533","1646","17588","\N","\N","222-225","\N"
"30535","3535","17589","\N","fairs","180, 181, 183","\N"
"30537","3487","7894","\N","fairs","\N","\N"
"30539","3487","7321","\N","fairs","\N","\N"
"30541","3487","2895","\N","fairs","\N","\N"
"30543","3487","4858","\N","fairs","\N","\N"
"30545","3539","17591","\N","fairs","572-573","\N"
"30547","3539","17579","\N","fairs","178-179","\N"
"30549","3539","17572","\N","fairs","568-569","\N"
"30551","3539","1036","\N","fairs","66-68","\N"
"30553","3539","17592","\N","fairs","266-267","\N"
"30555","2847","4442","\N","staple","38","\N"
"30557","3197","17591","\N","fairs","B 1729","\N"
"30559","3541","12602","\N","staple","93","\N"
"30565","3539","2159","\N","staple","351-353","\N"
"30567","1646","2159","\N","\N","198-203","\N"
"30569","3453","268","\N","staple","47","\N"
"30571","3459","268","\N","staple","p.133 nr. 41","\N"
"30573","3545","268","\N","staple","191-194","\N"
"30575","3539","7206","\N","staple","185-189","\N"
"30577","1646","1444","\N","\N","118-119","\N"
"30579","1646","13212","\N","\N","118-119","\N"
"30581","1646","69","\N","\N","190-191","\N"
"30583","3547","17594","\N","fairs","151-154","\N"
"30585","3549","17595","\N","staple","181 nt. 1","\N"
"30587","3197","17571","\N","fairs","B1687","\N"
"30589","1646","17596","\N","\N","129","\N"
"30591","3551","65","\N","fairs","39","\N"
"30593","3553","17589","\N","fairs","66-67, 103-113","\N"
"30597","3557","11964","\N","staple","493-495","\N"
"30599","3557","11964","\N","fairs","493-495","\N"
"30601","3559","17597","\N","tolls","91-102","\N"
"30603","3561","17597","\N","tolls","\N","\N"
"30605","2389","17597","\N","tolls","124","\N"
"30607","3197","17594","\N","fairs","B 1688","\N"
"30609","3197","17598","\N","fairs","B 1687","\N"
"30611","3197","17599","\N","fairs","B 1687","\N"
"30613","3197","17605","\N","fairs","B 1708","\N"
"30615","1646","17605","\N","\N","172-175","\N"
"30617","3197","17606","\N","fairs","B 1712","\N"
"30619","1646","17606","\N","\N","227","\N"
"30621","3197","17607","\N","fairs","B 1739","\N"
"30623","1646","17607","\N","\N","147","\N"
"30625","3197","17608","\N","fairs","B 1743","\N"
"30627","1646","17608","\N","\N","236","\N"
"30629","1646","17609","\N","\N","155","\N"
"30631","3197","17609","\N","fairs","B1778","\N"
"30633","1646","17610","\N","\N","152-153","\N"
"30635","3197","17610","\N","fairs","B 1778","\N"
"30637","3197","17611","\N","fairs","B 1141","\N"
"30639","1646","17611","\N","\N","216-219","\N"
"30641","3197","17612","\N","fairs","B 1370, B 1598","\N"
"30643","1646","17612","\N","\N","237","\N"
"30645","3197","17577","\N","fairs","B 1116","\N"
"30647","1646","17571","\N","\N","170","\N"
"30649","3197","17614","\N","fairs","B 1117","\N"
"30651","3197","17615","\N","fairs","B 1779","\N"
"30653","3197","17616","\N","fairs","B 1181","\N"
"30655","1646","17615","\N","\N","117","\N"
"30657","3197","17617","\N","fairs","B 1116 en 1623","\N"
"30659","1646","17617","\N","\N","242","\N"
"30663","3565","12623","\N","tolls","\N","\N"
"30665","3567","12623","\N","tolls","\N","\N"
"30667","3569","12623","\N","tolls","\N","\N"
"30671","3221","12623","\N","tolls","vol. I 511-516","\N"
"30673","3571","12602","\N","tolls","nr. 2601","\N"
"30675","1646","12602","\N","\N","250-253","\N"
"30677","3573","12602","\N","staple","281","\N"
"30679","3575","17589","\N","fairs","28","\N"
"30681","3575","17567","\N","fairs","28","\N"
"30683","3575","17588","\N","fairs","28","\N"
"30685","3575","17590","\N","fairs","28","\N"
"30687","3575","1036","\N","fairs","28","\N"
"30689","3577","12619","\N","tolls","\N","\N"
"30691","3463","12619","\N","tolls","52/53","\N"
"30693","3563","17619","\N","tolls","\N","\N"
"30695","2445","17619","\N","tolls","inv.nrs. 688-690","\N"
"30697","2445","17620","\N","fairs","inv.nrs. 765-770","\N"
"30699","2717","1036","\N","tolls","inv.nrs. 22536 vv.","\N"
"30701","3579","1036","\N","tolls","inv.nr. 1553","\N"
"30703","1646","17621","\N","\N","240","\N"
"30705","1646","17622","\N","\N","232-233, 235","\N"
"30707","1646","17623","\N","\N","231-233","\N"
"30709","1646","17625","\N","\N","182-185","\N"
"30711","1646","17626","\N","\N","180-181","\N"
"30713","1646","17627","\N","\N","208","\N"
"30715","2717","17627","\N","fairs","inv.nr. 7405","\N"
"30717","1646","17628","\N","\N","208","\N"
"30719","1646","17629","\N","\N","209","\N"
"30721","1646","17630","\N","\N","210","\N"
"30723","1646","17631","\N","\N","211","\N"
"30725","1646","17632","\N","\N","212-214","\N"
"30727","1646","17633","\N","\N","196-197","\N"
"30729","3487","13957","\N","fairs","\N","\N"
"30731","3487","7405","\N","fairs","\N","\N"
"30733","3581","2977","\N","tolls","5-6","\N"
"30735","1646","17634","\N","\N","234","\N"
"30737","3583","17568","\N","fairs","55, 94","\N"
"30739","3467","3284","\N","fairs","275","\N"
"30741","3585","17629","\N","fairs","554, 566","\N"
"30743","3585","17627","\N","fairs","566","\N"
"30745","3585","17635","\N","fairs","566","\N"
"30747","3487","3280","\N","fairs","\N","\N"
"30749","3487","5632","\N","fairs","\N","\N"
"30751","3487","6880","\N","fairs","\N","\N"
"30753","3587","17636","\N","fairs","\N","\N"
"30755","3589","17637","\N","fairs","\N","\N"
"30757","3591","14517","\N","tolls","\N","\N"
"30759","3591","8034","\N","fairs","\N","\N"
"30761","3593","268","\N","fairs","107-108, 112","\N"
"30763","3595","2977","\N","fairs","48-49","\N"
"30825","3599","268","\N","fairs","918","\N"
"30827","3599","12623","\N","tolls","917","\N"
"30839","3603","3801","\N","fairs","91-92","\N"
"30841","3603","8345","\N","fairs","91","\N"
"30843","3603","8677","\N","fairs","91","\N"
"30845","3603","1793","\N","fairs","91","\N"
"30847","3603","3494","\N","fairs","91-92","\N"
"30849","3603","6308","\N","fairs","91","\N"
"30851","3603","2157","\N","fairs","91","\N"
"30853","3603","1449","\N","fairs","91","\N"
"30855","3603","1090","\N","fairs","91","\N"
"30859","3603","14542","\N","fairs","91","\N"
"30861","3603","8774","\N","fairs","91","\N"
"30863","3603","1611","\N","fairs","91","\N"
"30865","3605","8345","\N","fairs","II 174","\N"
"30867","28","8345","\N","fairs","658 nt. 73","\N"
"30869","3603","8221","\N","fairs","91","\N"
"30871","3603","3443","\N","fairs","91","\N"
"30873","3603","4481","\N","fairs","91","\N"
"30875","3603","5099","\N","fairs","91","\N"
"30877","3603","3340","\N","fairs","91","\N"
"30881","3603","17653","\N","fairs","91","\N"
"30883","3603","17653","\N","tolls","88","\N"
"30887","3609","14574","\N","fairs","507-510: F: Bommenede ","\N"
"30889","3611","4589","\N","tolls","\N","\N"
"30891","2807","12602","\N","fairs","312","\N"
"30893","2807","17633","\N","fairs","316","\N"
"30895","2807","17570","\N","fairs","308","\N"
"30897","3613","2159","\N","fairs","appendix","\N"
"30901","3613","17570","\N","fairs","appendix","\N"
"30903","3613","17625","\N","fairs","appendix","\N"
"30905","3613","17590","\N","fairs","appendix","\N"
"30907","3613","5438","\N","fairs","appendix","\N"
"30909","3613","17611","\N","fairs","appendix","\N"
"30913","3613","17654","\N","fairs","appendix","\N"
"30915","1792","12602","\N","fairs","I nrs. 431/432","\N"
"30917","3613","12602","\N","fairs","appendix","\N"
"30919","3613","12602","\N","tolls","appendix","\N"
"30921","3613","17589","\N","fairs","appendix","\N"
"30923","3613","17636","\N","fairs","appendix","\N"
"30925","3613","17655","\N","tolls","appendix","\N"
"30931","1706","17653","\N","tolls","76","\N"
"30933","3601","17656","\N","\N","150","\N"
"30935","3615","17657","\N","tolls","\N","\N"
"30939","3613","17632","\N","fairs","Appendix.","\N"
"30943","3613","17582","\N","fairs","Appendix.","\N"
"30945","3613","17568","\N","fairs","Appendix.","\N"
"30947","3613","17607","\N","fairs","Appendix.","\N"
"30949","3601","17646","\N","bridge","168","\N"
"30951","3601","17648","\N","harbour","150, 152, 167","\N"
"30953","3613","17658","\N","fairs","Appendix.","\N"
"30955","1646","17658","\N","\N","144-145","\N"
"30957","3601","17647","\N","bridge","154-155, 167","\N"
"30959","3613","17659","\N","fairs","Appendix.","\N"
"30961","1646","17659","\N","\N","138-139","\N"
"30963","1646","17660","\N","\N","140","\N"
"30965","3601","17650","\N","harbour","149-150, 152, 166","\N"
"30967","3601","17651","\N","bridge","166","\N"
"30969","3601","17652","\N","bridge","166","\N"
"30971","1646","17661","\N","\N","143","\N"
"30973","3613","17623","\N","fairs","Appendix.","\N"
"30975","1646","17662","\N","\N","146","\N"
"30977","3613","17662","\N","fairs","Appendix.","\N"
"30979","3613","17663","\N","fairs","Appendix.","\N"
"30981","3613","17605","\N","fairs","Appendix.","\N"
"30983","1646","17664","\N","harbour","211","\N"
"30985","3601","17665","\N","harbour","150-151, 164","\N"
"30987","3601","17666","\N","bridge","164","\N"
"30989","3601","17667","\N","bridge","164","\N"
"30991","3601","13289","\N","harbour","152","\N"
"30993","3187","13289","\N","harbour","\N","\N"
"30995","3601","17656","\N","harbour","150, 152, 165","\N"
"30997","3601","17564","\N","bridge","165","\N"
"30999","1646","17669","\N","\N","154","\N"
"31001","1646","17670","\N","\N","156-157","\N"
"31005","3617","17671","\N","fairs","422-423: CCLXVII","\N"
"31007","1646","17672","\N","\N","162-164","\N"
"31009","3613","17672","\N","fairs","Appendix","\N"
"31011","1646","17672","\N","fairs","164","\N"
"31013","1646","17673","\N","\N","164-165","\N"
"31015","1646","17674","\N","\N","168-169","\N"
"31017","1646","17675","\N","\N","171","\N"
"31019","178","8940","\N","harbour","342-345","\N"
"31021","3619","15384","\N","\N","728-730","\N"
"31025","3621","17615","\N","fairs","669","\N"
"31029","3619","15383","\N","\N","734-736","\N"
"31079","3613","17656","\N","tolls","3","\N"
"31081","1646","17677","\N","\N","221","\N"
"31083","3613","17621","\N","tolls","7","\N"
"31085","1646","17681","\N","\N","220","\N"
"31087","1646","17682","\N","\N","228","\N"
"31093","1646","17685","\N","\N","132-133","\N"
"31095","1646","17686","\N","\N","130-131","\N"
"31097","1646","17687","\N","\N","128","\N"
"31099","1646","17688","\N","\N","120","\N"
"31101","1646","17689","\N","\N","116","\N"
"31103","1646","17690","\N","\N","215","\N"
"31105","1646","17691","\N","\N","205","\N"
"31107","1646","17692","\N","\N","192-193","\N"
"31109","1646","17693","\N","\N","180-181","\N"
"31111","1646","17694","\N","\N","179","\N"
"31113","1646","17695","\N","\N","178","\N"
"31115","1646","17696","\N","\N","178","\N"
"31117","3613","17567","\N","\N","7","\N"
"31119","3623","13290","\N","tolls","207","\N"
"31121","3623","14517","\N","tolls","207","\N"
"31123","3623","8034","\N","fairs","207","\N"
"31125","3623","17656","\N","tolls","207","\N"
"31127","1646","17714","\N","\N","142","\N"
"31129","1646","17715","\N","\N","115","\N"
"31131","1646","17716","\N","\N","114","\N"
"31133","1646","3002","\N","\N","103","\N"
"31135","1646","17717","\N","\N","102","\N"
"31137","3625","2152","\N","fairs","439","\N"
"31139","1646","17573","\N","fairs","229","\N"
"31141","3197","17674","\N","fairs","B 1044","\N"
"31143","3627","7900","\N","\N","696","\N"
"31145","3627","17417","\N","\N","19-20","\N"
"31147","3627","17437","\N","\N","306","\N"
"31149","3627","11146","\N","\N","550","\N"
"31151","3623","17637","\N","fairs","208","\N"
"31153","3627","4526","\N","\N","46-47","\N"
"31155","3627","11032","\N","\N","138","\N"
"31157","3627","8278","\N","\N","739","\N"
"31159","3627","8274","\N","\N","738","\N"
"31161","3627","2129","\N","\N","188-189","\N"
"31163","3627","5306","\N","\N","462","\N"
"31165","3627","2301","\N","\N","211","\N"
"31167","3627","1996","\N","\N","173","\N"
"31169","3627","8406","\N","\N","749","\N"
"31171","3627","6881","\N","\N","592","\N"
"31173","3627","10238","\N","\N","352","\N"
"31175","3627","4328","\N","\N","389","\N"
"31177","3627","2375","\N","\N","221","\N"
"31179","778","10235","\N","bridge","407","\N"
"31181","852","10235","\N","bridge","800","\N"
"31183","852","17718","\N","bridge","800","\N"
"31185","852","17720","\N","bridge","800","\N"
"31187","3627","17507","\N","\N","773-774","\N"
"31189","3627","17506","\N","\N","415","\N"
"31191","3627","1530","\N","\N","130","\N"
"31193","3627","1529","\N","\N","129-130","\N"
"31195","3627","17721","\N","\N","321","\N"
"31197","3627","12414","\N","\N","176-177","\N"
"31199","3627","5201","\N","\N","446","\N"
"31201","3627","1150","\N","\N","100","\N"
"31203","3627","17532","\N","\N","616","\N"
"31205","3627","17531","\N","\N","594","\N"
"31207","3627","5367","\N","\N","863","\N"
"31209","3627","14724","\N","\N","432","\N"
"31211","3627","7430","\N","\N","653","\N"
"31213","3627","62","\N","\N","294","\N"
"31215","3627","7548","\N","\N","662","\N"
"31217","586","17721","\N","\N","229-230","\N"
"31219","2469","17723","\N","tolls","xvi en 255, 264","\N"
"31221","2477","17723","\N","tolls","XI: inv.nrs. 3891-3899","\N"
"31223","3629","17723","\N","tolls","nr. 1157","\N"
"31225","2495","11983","\N","tolls","65","\N"
"31227","2495","4922","\N","tolls","65","\N"
"31229","3631","17630","\N","tolls","\N","\N"
"31233","3633","17631","\N","\N","\N","\N"
"31235","3635","69","\N","fairs","23","\N"
"31237","3637","17611","\N","tolls","vol. III 60-64, 245-249: nrs. 86 en 300","\N"
"31239","3613","17685","\N","fairs","appendix","\N"
"31241","3639","17610","\N","tolls","340-345","\N"
"31243","3641","17625","\N","fairs","289, 291","\N"
"31245","3643","17568","\N","fairs","annexes LXIV","\N"
"31247","3645","1796","\N","\N","\N","\N"
"31267","3649","17623","\N","tolls","\N","\N"
"31271","3649","17728","\N","tolls","\N","\N"
"31273","3651","17728","\N","tolls","inv.nr. 212","\N"
"31275","2445","17623","\N","tolls","inv.nrs. 2872-2873","\N"
"31277","3653","17672","\N","fairs","54-56","\N"
"31279","3655","17632","\N","fairs","\N","\N"
"31281","3197","17633","\N","fairs","B 1407","\N"
"31283","3657","17654","\N","fairs","\N","\N"
"31285","700","12072","\N","bridge","466","\N"
"31287","3659","6661","\N","\N","\N","\N"
"31289","3661","14380","\N","\N","\N","\N"
"31291","1302","6026","\N","\N","197","\N"
"31293","1296","6026","\N","\N","&#60;a href=&#34;https://hov.isgv.de/P%C3%B6lbitz&#34;&#62;Art. Pölbitz&#60;/a&#62;","\N"
"31295","1646","17661","\N","fairs","143","\N"
"31297","1646","17731","\N","harbour","184","\N"
"31299","1935","12771","\N","harbour","199","\N"
"31301","3663","17732","\N","ferry","\N","\N"
"31303","1646","17611","\N","fairs","216","\N"
"31305","3665","17691","\N","fairs","2","\N"
"31309","3665","17662","\N","fairs","1","\N"
"31311","3665","17684","\N","fairs","2","\N"
"31313","3667","1388","\N","fairs","98: XLV","\N"
"31315","3665","17608","\N","fairs","1","\N"
"31317","3669","17590","\N","fairs","nos. 11, 86","\N"
"31321","3665","17627","\N","fairs","1","\N"
"31323","3671","17627","\N","staple","III nr. 615","\N"
"31325","3671","17606","\N","fairs","I nr. 151","\N"
"31327","3583","17670","\N","staple","102/103","\N"
"31329","3583","17687","\N","staple","95, 102-103","\N"
"31331","3675","17594","\N","fairs","208","\N"
"31333","3675","17572","\N","fairs","208","\N"
"31335","3675","17620","\N","fairs","208","\N"
"31337","3675","17578","\N","fairs","208","\N"
"31339","3675","17569","\N","fairs","208","\N"
"31341","3675","17627","\N","fairs","208","\N"
"31343","38","4365","\N","\N","358","\N"
"31345","586","17724","\N","\N","414","\N"
"31347","38","6878","\N","\N","551-552","\N"
"31349","586","6878","\N","\N","380-381","\N"
"31351","3677","17734","\N","fairs","20","\N"
"31353","3679","17573","\N","fairs","nr. 109","\N"
"31355","586","5306","\N","\N","302-303","\N"
"31357","3681","11050","\N","\N","18-19","\N"
"31359","3681","17746","\N","harbour","18, 304-305","\N"
"31361","3681","17288","\N","harbour","304-305","\N"
"31363","3681","17748","\N","\N","70-72","\N"
"31365","38","17748","\N","\N","114","\N"
"31367","3681","17748","\N","harbour","24-25","\N"
"31369","3681","11048","\N","\N","303-304","\N"
"31371","938","5165","\N","\N","75-80","\N"
"31373","938","5165","\N","tolls","79","\N"
"31375","988","9334","\N","tolls","473-479","\N"
"31377","588","9334","\N","tolls","153","\N"
"31379","2505","9334","\N","tolls","https://www.geldersarchief.nl/bronnen/archieven?mivast=37&#38;mizig=210&#38;miadt=37&#38;micode=0012&#38;milang=nl&#38;mizk_alle=tol%20arnhem&#38;miview=inv2#inv3t0, Info just before inv.no 698. ","\N"
"31381","3683","9334","\N","tolls","\N","\N"
"31383","216","13393","\N","bridge","Plaatsnaam: Ommen","\N"
"31385","2911","13393","\N","ferry","nos. 3384, 3962","\N"
"31387","1913","13393","\N","bridge","125","\N"
"31389","3613","17648","\N","tolls","3","\N"
"31391","2589","16556","\N","harbour","\N","\N"
"31393","3603","3160","\N","fairs","91","\N"
"31395","3685","2148","\N","\N","13, 20","\N"
"31397","3687","11048","\N","\N","22-25, 31","\N"
"31399","3687","17748","\N","\N","40","\N"
"31401","3687","11050","\N","\N","20","\N"
"31403","3685","296","\N","\N","69-70, 126","\N"
"31405","3685","6477","\N","\N","69, 126","\N"
"31407","3685","2807","\N","\N","70-71","\N"
"31409","3685","8701","\N","\N","71","\N"
"31411","3685","1485","\N","\N","71-72","\N"
"31413","3685","5430","\N","\N","72, 126","\N"
"32433","3627","5027","\N","\N","858","\N"
"31415","3685","8853","\N","\N","67-69, 72-73, 126","\N"
"31417","3685","8000","\N","\N","78-79","\N"
"31419","3685","13290","\N","tolls","79","\N"
"31421","3685","8853","\N","fairs","84, 244, 295","\N"
"31423","3685","296","\N","fairs","85","\N"
"31425","852","11604","\N","ferry","251","\N"
"31427","1068","11604","\N","ferry","52","\N"
"31429","3689","\N","405","edge","14f.","\N"
"31431","2731","16643","\N","harbour","9-11","\N"
"31433","2849","16643","\N","harbour","no. 11998","\N"
"31435","3339","16643","\N","harbour","16-17","\N"
"31437","2621","12776","\N","harbour","\N","\N"
"31439","3373","12601","\N","harbour","237-239","\N"
"31441","3541","16355","\N","staple","93","\N"
"31443","3691","12603","\N","harbour","\N","\N"
"31445","3693","12603","\N","harbour","\N","\N"
"31447","216","12603","\N","harbour","plaatsnaam: Sluis","\N"
"31449","1971","12603","\N","harbour","135-136","\N"
"31451","1969","12603","\N","harbour","121, 185","\N"
"31453","3373","12603","\N","harbour","230","\N"
"31455","3691","\N","287","edge","\N","\N"
"31457","3603","4369","\N","fairs","91","\N"
"31465","3697","3973","\N","\N","33, 36, 45.","\N"
"31467","3487","1385","\N","fairs","\N","\N"
"31469","3487","3880","\N","fairs","\N","\N"
"31471","3487","5831","\N","fairs","\N","\N"
"31473","3487","5297","\N","fairs","\N","\N"
"31475","4","17797","\N","tolls","187","\N"
"31477","3487","2423","\N","fairs","\N","\N"
"31479","3487","1258","\N","fairs","\N","\N"
"31489","3271","17798","\N","ferry","\N","\N"
"31491","2477","17798","\N","ferry","inv.no. 7183","\N"
"31493","3039","17798","\N","tolls","inv.nos. 5426-5428","\N"
"31495","2735","17798","\N","tolls","inv.no. 537 f.40v","\N"
"31497","2849","17798","\N","tolls","no. 4301","\N"
"31499","2477","17798","\N","tolls","inv.no. 7183","\N"
"31501","2477","17798","\N","tolls","aanwinsten 34","\N"
"31503","3033","17798","\N","tolls","inv.no. 1283","\N"
"31505","2467","17798","\N","tolls","64","\N"
"31507","3025","17798","\N","tolls","no. 711","\N"
"31509","3031","17798","\N","tolls","344, 402","\N"
"31511","2063","17798","\N","tolls","no. 557","\N"
"31513","2475","17798","\N","tolls","inv.no. 2571","\N"
"31515","3685","1793","\N","\N","126","\N"
"31517","3685","1484","\N","\N","126","\N"
"31519","1470","9886","\N","harbour","consulted 26 August 2020","\N"
"31521","894","17798","\N","tolls","lviii","\N"
"31523","942","17804","\N","\N","Wiel (Buren, Gl)","\N"
"31525","2911","16964","\N","ferry","no. 1727","\N"
"31529","3699","12795","\N","ferry","inv.nr. 64.07","\N"
"31531","2207","12795","\N","ferry","596","\N"
"31533","2207","17806","\N","ferry","596","\N"
"31535","3701","11321","\N","tolls","34-35","\N"
"31541","428","9185","\N","lock","123","\N"
"31543","1488","9185","\N","lock","20, Abb. 14","\N"
"31545","1606","9185","\N","lock","20, 129-130","\N"
"31547","1292","9185","\N","lock","75","\N"
"31549","3701","9185","\N","tolls","37","\N"
"31551","3701","9185","\N","lock","37","\N"
"31553","3701","14653","\N","tolls","38","\N"
"31555","3701","1615","\N","fairs","47","\N"
"31557","3701","839","\N","fairs","47","\N"
"31559","3701","3240","\N","fairs","47","\N"
"31561","3487","4353","\N","fairs","\N","\N"
"31563","3487","2281","\N","fairs","\N","\N"
"31565","3487","14426","\N","fairs","\N","\N"
"31567","3487","7411","\N","fairs","\N","\N"
"31569","3487","2873","\N","fairs","\N","\N"
"31571","3487","8005","\N","fairs","\N","\N"
"31573","3487","2802","\N","fairs","\N","\N"
"31575","3283","12623","\N","harbour","9-11, 14-15","\N"
"31577","3487","2337","\N","fairs","\N","\N"
"31579","2285","13651","\N","\N","inv.nr. 923","\N"
"31581","4","16174","\N","bridge","533","\N"
"31583","2031","7279","\N","ferry","146/147","\N"
"31585","942","16181","\N","\N","Spaarnwoude (Haarlemmermeer, NH)","\N"
"31587","2031","11859","\N","ferry","147","\N"
"31589","2323","11859","\N","ferry","no. 843","\N"
"31591","2285","11859","\N","ferry","inv.nr. 2 f.110","\N"
"31593","2031","12167","\N","ferry","146/147","\N"
"31595","942","17816","\N","\N","Uitgeest (Uitgeest, NH)","\N"
"31597","942","16868","\N","\N","Akersloot (Castricum, NH)","\N"
"31599","3213","17107","\N","harbour","37","\N"
"31601","942","17107","\N","\N","Kolhorn (Hollands Kroon, NH)","\N"
"31603","3703","13678","\N","\N","nr. 19","\N"
"31605","2285","13678","\N","\N","inv.nr. 2290 f.44v","\N"
"31607","942","17820","\N","\N","Warmond (Teylingen, ZH)","\N"
"31609","2421","5097","\N","bridge","III 780","\N"
"31611","3141","5097","\N","bridge","inv.nr. 139A f.80, 84, 91, 95, 120","\N"
"31613","1981","11081","\N","harbour","f. 86v","\N"
"31615","1052","11557","\N","bridge","185","\N"
"31617","942","14575","\N","\N","Stolwijk (Krimpenerwaard, ZH)","\N"
"31619","2361","17847","\N","ferry","54-55","\N"
"31621","942","17848","\N","ferry","Slikkerveer (Ridderkerk, ZH)","\N"
"31623","2361","17848","\N","ferry","54-55","\N"
"31625","2137","14581","\N","ferry","3","\N"
"31627","942","14581","\N","\N","Abbenbroek (Nissewaard, ZH)","\N"
"31629","942","16866","\N","\N","Zuidland (Nissewaard, ZH)","\N"
"32435","3627","14754","\N","\N","872","\N"
"31631","2285","11897","\N","harbour","inv. no. 1468","\N"
"31633","2295","11897","\N","harbour","inv. no. 11, f. 8v","\N"
"31635","2063","11897","\N","harbour","no. 281","\N"
"31637","2133","11897","\N","ferry","6-7, 11-12","\N"
"31639","1846","11897","\N","ferry","77-81","\N"
"31641","2849","17851","\N","fairs","no. 883","\N"
"31645","3707","4329","\N","fairs","328-329","\N"
"31647","2185","14589","\N","ferry","141","\N"
"31649","2133","14589","\N","ferry","6-8, 12-13","\N"
"31651","3709","17856","\N","harbour","accessed 27-7-2023","\N"
"31653","3709","17858","\N","harbour","accessed 27-7-2023","\N"
"31655","942","17861","\N","lock","Blokzijl (Steenwijkerland, O)","\N"
"31657","3711","17861","\N","lock","accessed 27-7-2023","\N"
"31659","3711","17863","\N","lock","accessed 27-7-2023","\N"
"31663","3709","17864","\N","lock","accessed 27-7-2023","\N"
"31665","942","16960","\N","lock","Zwartsluis (Zwartewaterland, O)","\N"
"31667","942","17869","\N","\N","Ossenzijl (Steenwijkerland, O)","\N"
"31669","880","13633","\N","fairs","bijlage","\N"
"31671","3275","13633","\N","fairs","inv. no. 8, f. 152; 10, f. 180-181","\N"
"31673","2911","13633","\N","fairs","no. 3042, 4332","\N"
"31675","3709","\N","407","edge","accessed 27-7-2023","\N"
"31677","3709","\N","409","edge","accessed 27-7-2023","\N"
"31679","1060","11547","\N","harbour","78, 357, 377, 385-386, 431","\N"
"31681","1060","17876","\N","harbour","82-84, 377, 431","\N"
"31683","988","9334","\N","ferry","216-218","\N"
"31685","28","8114","\N","fairs","652, 662","\N"
"31687","3713","8114","\N","fairs","104-106","\N"
"31689","3685","6366","\N","\N","203-204","\N"
"31691","3713","13707","\N","ferry","103","\N"
"31693","942","10133","\N","ferry","Lexkesveer (Wageningen, Gl)","\N"
"31695","3713","10133","\N","ferry","103","\N"
"31697","942","17877","\N","\N","Opheusden (Neder-Betuwe, Gl)","\N"
"31699","3713","17877","\N","tolls","104","\N"
"31701","3713","8114","\N","tolls","103","\N"
"31703","3713","8114","\N","\N","\N","\N"
"31705","3713","17878","\N","harbour","102","\N"
"31707","178","2777","\N","harbour","263","\N"
"31709","304","2777","\N","harbour","196-198","\N"
"31711","178","7321","\N","harbour","263","\N"
"31713","178","8939","\N","harbour","214-223, 257-266, 385-392","\N"
"31715","402","8939","\N","harbour","766","\N"
"31717","200","8939","\N","harbour","35-52, 36-47","\N"
"31719","176","8939","\N","harbour","114-117","\N"
"31721","178","17883","\N","ferry","393-394","\N"
"31723","178","8939","\N","ferry","393-394","\N"
"31725","3685","8114","\N","tolls","226","\N"
"31727","3685","2807","\N","staple","244-245","\N"
"31729","3685","17886","\N","ferry","245","\N"
"31731","3685","1753","\N","\N","251-252","\N"
"31733","3685","8000","\N","staple","293-294","\N"
"31735","2149","17892","\N","tolls","inv.nr. 1635 f.7v","\N"
"31737","2285","17892","\N","tolls","inv.nrs. 570 f.10v en 573 f.10v.","\N"
"31739","2455","2126","\N","tolls","133/134","\N"
"31741","2285","2126","\N","tolls","inv.nr. 573 f.19v","\N"
"31743","3715","1118","\N","\N","accessed 7-8-2023","\N"
"31745","3715","16965","\N","harbour","accessed 7-8-2023","\N"
"31747","2911","17893","\N","bridge","no. 1065","\N"
"31749","2911","17893","\N","tolls","no. 1065","\N"
"31751","942","17895","\N","\N","Spakenburg (Bunschoten, U)","\N"
"31753","3717","11977","\N","fairs","33","\N"
"31755","624","1570","\N","staple","145-146","\N"
"31757","624","4853","\N","fairs","146","\N"
"31759","652","17900","\N","\N","140-141","\N"
"31761","652","17900","\N","fairs","140","\N"
"31763","624","17900","\N","fairs","146","\N"
"31765","1296","17900","\N","\N","&#60;a href=&#34;https://hov.isgv.de/Lommatzsch&#34;&#62;Art. Lommatzsch&#60;/a&#62;","\N"
"31767","624","11438","\N","ferry","147","\N"
"31769","624","9401","\N","tolls","149-150","\N"
"31771","3719","17901","\N","tolls","82","\N"
"31773","2717","7715","\N","fairs","inv.nr. 632 f.397","\N"
"31775","2717","11918","\N","fairs","inv.nr. 632 f.53r/v","\N"
"31777","3721","4589","\N","tolls","inv.nrs. 22 en 22ter","\N"
"31779","3723","4589","\N","fairs","184","\N"
"31781","3725","17909","\N","fairs","\N","\N"
"31783","3727","7715","\N","fairs","693","\N"
"31785","1646","17916","\N","harbour","205","\N"
"31787","38","8600","\N","\N","689","\N"
"31789","624","13408","\N","tolls","159-160","\N"
"31791","1004","13408","\N","tolls","49","\N"
"31793","4","1127","\N","tolls","223","\N"
"31795","942","8022","\N","\N","Vijlen (Vaals, Lb)","\N"
"31797","2717","3053","\N","tolls","inv. no. 543","\N"
"31799","1646","17578","\N","\N","194-195","\N"
"31801","4","13855","\N","ferry","507","\N"
"31803","3729","17721","\N","\N","13-17, 29-30","\N"
"31805","3729","17721","\N","fairs","29-32","\N"
"31807","3729","17721","\N","tolls","29","\N"
"31809","540","8600","\N","\N","515-516","\N"
"31811","540","2160","\N","\N","133-135","\N"
"31813","3731","12444","\N","\N","201","\N"
"31817","1442","3413","\N","\N","306-312","\N"
"31819","852","11445","\N","tolls","883-884","\N"
"31821","624","11445","\N","tolls","160","\N"
"31823","38","7601","\N","\N","611","\N"
"31825","4","14301","\N","ferry","210","\N"
"31827","4","11092","\N","ferry","210","\N"
"31829","3733","4353","\N","fairs","No. U_0032","\N"
"31831","3735","4038","\N","fairs","No. 55","\N"
"31833","3737","1639","\N","fairs","No. 0-2-0-26.0000","\N"
"31835","540","3413","\N","\N","228-230","\N"
"31837","1480","16318","\N","\N","1905-1909","\N"
"31839","1844","17958","\N","ferry","A 6, 200 (no. CLXVII)","\N"
"31841","992","17958","\N","ferry","804","\N"
"31843","2193","8112","\N","bridge","20-21","\N"
"31845","3079","2115","\N","\N","40","\N"
"31847","1987","11343","\N","harbour","168-171","\N"
"31849","4","9506","\N","ferry","209","\N"
"31851","4","11447","\N","ferry","209","\N"
"31853","624","3805","\N","tolls","160","\N"
"31855","1844","3805","\N","tolls","II, 6, no. 2331","\N"
"31857","4","6718","\N","tolls","210","\N"
"31859","992","17980","\N","ferry","909","\N"
"31861","992","17981","\N","ferry","909","\N"
"31863","992","11647","\N","ferry","804","\N"
"31865","1370","11755","\N","lock","334","\N"
"31867","2125","11755","\N","lock","142","\N"
"31869","624","11755","\N","tolls","166","\N"
"31871","624","17983","\N","tolls","181-182","\N"
"31873","3739","\N","411","edge","198, 267","\N"
"31875","3739","17986","\N","bridge","198","\N"
"31877","3739","17987","\N","lock","198, 267","\N"
"31879","3739","17988","\N","lock","198, 267","\N"
"31881","3739","8866","\N","tolls","96, 267","\N"
"31883","3739","8866","\N","\N","\N","\N"
"31885","3739","8866","\N","fairs","95-96, 149, 283","\N"
"31887","3739","17989","\N","bridge","98","\N"
"31889","3739","\N","415","edge","148","\N"
"31891","2691","1240","\N","tolls","inv. no. 2430: regest no. 157","\N"
"31893","2691","\N","415","edge","inv. no. 2430: regest no. 157","\N"
"31895","3739","\N","417","edge","148","\N"
"31897","3739","11343","\N","harbour","51-52, 148, 280","\N"
"31899","3741","14036","\N","\N","25-37","\N"
"31901","3741","14913","\N","bridge","37","\N"
"31903","1877","11135","\N","harbour","38","\N"
"31905","1646","11135","\N","harbour","392-393","\N"
"31907","3743","17864","\N","lock","108","\N"
"31909","3745","17869","\N","lock","112-113","\N"
"31911","3743","\N","407","edge","108-110","\N"
"31913","3747","\N","407","edge","61-62","\N"
"31915","3749","17869","\N","lock","26-27","\N"
"31917","624","17993","\N","tolls","182","\N"
"31919","624","6698","\N","tolls","182","\N"
"31921","624","17994","\N","tolls","182","\N"
"31923","652","17995","\N","\N","204-205","\N"
"31925","1296","17995","\N","\N","&#60;a href=&#34;https://hov.isgv.de/Schandau,_Bad&#34;&#62;Bad Schandau&#60;/a&#62;","\N"
"31927","1302","17995","\N","\N","343","\N"
"31929","652","17996","\N","ferry","205","\N"
"31931","624","17996","\N","harbour","182","\N"
"31933","38","4705","\N","\N","381","\N"
"31935","624","10398","\N","tolls","183","\N"
"31937","816","10412","\N","ferry","194","\N"
"31939","624","10412","\N","ferry","149","\N"
"31941","624","11444","\N","tolls","184","\N"
"31943","540","8322","\N","tolls","492","\N"
"31945","540","8322","\N","\N","492-493","\N"
"31947","540","6718","\N","\N","407-408","\N"
"31949","1720","12802","\N","harbour","34-35","\N"
"31951","2063","12802","\N","harbour","229: VI,5","\N"
"31953","1792","12802","\N","harbour","1: no. 748","\N"
"31955","1792","2126","\N","fairs","1: no. 748","\N"
"31957","624","17997","\N","tolls","183-184","\N"
"31959","3751","17997","\N","tolls","197-198","\N"
"31961","624","17998","\N","tolls","184","\N"
"31963","624","17996","\N","tolls","188","\N"
"31965","624","7480","\N","tolls","188","\N"
"31967","4","16447","\N","ferry","543","\N"
"31969","852","16447","\N","ferry","272","\N"
"31973","624","11436","\N","tolls","188","\N"
"31975","624","11437","\N","tolls","188","\N"
"31977","624","11440","\N","tolls","188","\N"
"31979","1474","14326","\N","tolls","201","\N"
"31981","624","14326","\N","tolls","188","\N"
"31983","1004","14326","\N","tolls","49","\N"
"31985","1004","7480","\N","tolls","49","\N"
"31987","1004","4853","\N","tolls","49","\N"
"31989","1004","1570","\N","tolls","49","\N"
"31991","1004","5949","\N","tolls","\N","\N"
"31993","1004","4705","\N","tolls","49-50","\N"
"31995","3487","8866","\N","fairs","\N","\N"
"31997","3747","17999","\N","lock","55-56","\N"
"31999","942","17999","\N","lock","Verlaat (Steenwijkerland, O)","\N"
"32001","3753","\N","409","edge","31","\N"
"32003","3755","\N","409","edge","\N","\N"
"32005","3757","18000","\N","lock","91","\N"
"32007","3759","17861","\N","lock","93-95","\N"
"32009","3759","17863","\N","lock","95-96","\N"
"32013","3759","727","\N","harbour","96-99","\N"
"32015","3759","\N","419","edge","98","\N"
"32017","3745","\N","419","edge","109","\N"
"32019","3759","727","\N","\N","\N","\N"
"32021","3709","17861","\N","tolls","accessed 27-7-2023","\N"
"32023","3047","17861","\N","tolls","inv. nos. 204-208, 212","\N"
"32025","3759","17863","\N","tolls","95","\N"
"32027","3755","17858","\N","tolls","25-27","\N"
"32029","3761","17999","\N","tolls","100","\N"
"32031","3761","18000","\N","tolls","100","\N"
"32033","3749","13633","\N","fairs","40-44","\N"
"32035","3763","18019","\N","harbour","accessed 20-9-2023","\N"
"32037","3763","18021","\N","lock","accessed 20-9-2023","\N"
"32039","1646","17573","\N","harbour","229","\N"
"32041","3763","\N","421","edge","accessed 20-9-2023","\N"
"32043","3763","\N","423","edge","accessed 20-9-2023","\N"
"32045","3629","8463","\N","\N","4923-1551-49","\N"
"32047","428","8979","\N","harbour","171","\N"
"32049","298","8979","\N","harbour","1-4","\N"
"32051","292","8979","\N","harbour","72-73","\N"
"32053","182","17517","\N","\N","50","\N"
"32055","3129","244","\N","fairs","inv.nr. 39","\N"
"32057","3129","11882","\N","bridge","inv.nr. 39","\N"
"32059","3603","8677","\N","\N","90","\N"
"32061","3603","6308","\N","\N","90","\N"
"32063","3603","2250","\N","fairs","91","\N"
"32065","3603","9887","\N","fairs","91","\N"
"32067","598","17653","\N","tolls","nos. 198-200","\N"
"32069","3603","18050","\N","fairs","91","\N"
"32071","3603","7265","\N","fairs","91","\N"
"32073","3603","6835","\N","fairs","91","\N"
"32075","3603","18051","\N","fairs","91","\N"
"32077","3603","18052","\N","fairs","91","\N"
"32079","3603","18053","\N","fairs","91","\N"
"32081","3603","18054","\N","fairs","91","\N"
"32083","3603","18055","\N","fairs","91","\N"
"32085","3765","17612","\N","\N","258","\N"
"32087","2041","12858","\N","ferry","\N","\N"
"32089","1646","18057","\N","harbour","236","\N"
"32091","574","18071","\N","\N","&#60;a href=&#34;https://www.lagis-hessen.de/de/subjects/idrec/sn/ol/id/11732&#34;&#62;Preungesheim, Stadt Frankfurt am Main&#60;/a&#62; (Stand: 29.8.2023) ","\N"
"32093","1650","18071","\N","\N","369","\N"
"32095","574","18072","\N","\N","&#60;a href=&#34;https://www.lagis-hessen.de/de/subjects/idrec/sn/ol/id/11730&#34;&#62;Eckenheim, Stadt Frankfurt am Main&#60;/a&#62; (Stand: 19.11.2021) ","\N"
"32097","1650","18072","\N","\N","102","\N"
"32099","574","18073","\N","\N","&#60;a href=&#34;https://www.lagis-hessen.de/de/subjects/idrec/sn/ol/id/11719&#34;&#62;Eschersheim, Stadt Frankfurt am Main&#60;/a&#62; (Stand: 28.8.2023)","\N"
"32101","1650","18073","\N","\N","130-131","\N"
"32205","3787","18123","\N","\N","40, 66–68","\N"
"32107","4","13036","\N","harbour","750","\N"
"32109","2361","13884","\N","bridge","46-54.","\N"
"32111","2361","13884","\N","ferry","46-54","\N"
"32113","942","18087","\N","\N","Lexmond (Zederik, ZH)","\N"
"32115","2063","13669","\N","tolls","nr. 710","\N"
"32117","3301","1050","\N","tolls","I nr. 171","\N"
"32119","988","8774","\N","staple","138","\N"
"32121","988","14388","\N","ferry","139, 148, 240, 495, 544","\N"
"32123","3767","14388","\N","ferry","14","\N"
"32125","988","18088","\N","\N","145, 152","\N"
"32127","3769","18088","\N","\N","19-22, 115-118","\N"
"32129","2513","17997","\N","\N","369-370","\N"
"32131","2513","18089","\N","\N","192","\N"
"32133","540","18089","\N","\N","109","\N"
"32135","624","18089","\N","tolls","188","\N"
"32137","1004","18089","\N","tolls","49","\N"
"32139","3771","18090","\N","\N","inv. nr. 5652, Civiele processen 1690 no. 36","\N"
"32141","3771","18091","\N","\N","inv.nr. 5652, Civiele processen 1690 no. 36","\N"
"32143","3773","18091","\N","\N","\N","\N"
"32145","38","1545","\N","\N","133-134","\N"
"32147","3775","1545","\N","\N","150-153","\N"
"32149","3777","1545","\N","fairs","\N","\N"
"32151","3775","1865","\N","\N","153-155","\N"
"32153","3775","1611","\N","\N","150","\N"
"32155","3779","459","\N","\N","\N","\N"
"32157","3633","18097","\N","harbour","\N","\N"
"32159","1296","924","\N","\N","&#60;a href=&#34;https://hov.isgv.de/Brand_(1)&#34;&#62;Brand (1)&#60;/a&#62;","\N"
"32161","1300","924","\N","\N","104","\N"
"32163","1302","6787","\N","\N","339","\N"
"32165","1296","6787","\N","\N","&#60;a href=&#34;https://hov.isgv.de/Sayda&#34;&#62;Sayda&#60;/a&#62;","\N"
"32167","1296","11100","\N","\N","&#60;a href=&#34;https://hov.isgv.de/Neuhausen/Erzgeb.&#34;&#62;Neuhausen/Erzgeb.&#60;/a&#62;","\N"
"32169","1302","11100","\N","\N","102","\N"
"32175","3785","2456","\N","fairs","II 562","\N"
"32177","3785","8841","\N","fairs","II 562","\N"
"32179","3783","18134","\N","\N","43.","\N"
"32181","3787","18118","\N","\N","14.","\N"
"32183","3783","18118","\N","\N","11.","\N"
"32187","3783","18119","\N","\N","16.","\N"
"32189","3789","18119","\N","\N","40 &#38; 57-58.","\N"
"32191","3787","18120","\N","\N","19.","\N"
"32193","3783","18120","\N","\N","36.","\N"
"32195","3789","18120","\N","\N","39-40 &#38; 55-56.","\N"
"32199","3789","18121","\N","\N","122","\N"
"32201","3783","18122","\N","\N","24.","\N"
"32207","3783","18123","\N","\N","26.","\N"
"32209","3787","18124","\N","\N","40.","\N"
"32211","3783","18124","\N","\N","28-30.","\N"
"32213","3783","18125","\N","\N","36.","\N"
"32215","3783","18131","\N","\N","43.","\N"
"32217","3783","18132","\N","\N","49.","\N"
"32219","3783","18133","\N","\N","51.","\N"
"32221","3783","18138","\N","\N","59.","\N"
"32223","3783","18139","\N","\N","62.","\N"
"32225","3783","18140","\N","\N","65.","\N"
"32227","3783","18141","\N","\N","67.","\N"
"32229","3795","6963","\N","\N","20-37","\N"
"32231","3765","4747","\N","\N","159","\N"
"32233","2207","12795","\N","tolls"," 501: graph 24.10 and 596-598.","\N"
"32235","2149","12795","\N","tolls","inv.no. 231 paper quire f.9v.","\N"
"32237","2063","12795","\N","tolls","619-687: accounts A-E.","\N"
"32239","894","12795","\N","tolls"," xxxviii: 1.3.2 .","\N"
"32241","2057","12783","\N","ferry","75, 82, 86, 111/112","\N"
"32243","1792","1521","\N","tolls","vol. 1: 1033 (incorrect dated 1287), vol. 2: 232 en 658","\N"
"32245","3797","18157","\N","harbour","61-66","\N"
"32247","2063","14661","\N","\N","Accounts A-E, p.619-687","\N"
"32249","2063","17302","\N","tolls","Accounts A-E, p.619-687","\N"
"32251","2063","11907","\N","fairs","accounts C-E, p.658-687","\N"
"32253","2063","12783","\N","tolls","bijlage III p.614/615","\N"
"32255","2063","12756","\N","harbour","no. 154","\N"
"32257","2001","12756","\N","harbour","V no. 3486","\N"
"32259","3699","3196","\N","fairs","inv.nr. 72.12","\N"
"32263","3699","1811","\N","fairs","inv.nr. 33.14","\N"
"32265","3699","11860","\N","fairs","inv.nrs. 71.09 en 12.14","\N"
"32267","3013","13778","\N","harbour","57, 220/221","\N"
"32269","2037","13778","\N","ferry","nos. 149, 196","\N"
"32271","2037","14177","\N","ferry","no. 354","\N"
"32273","3013","14177","\N","harbour","55 (dated 1542), 218 (dated 1544), 95/96","\N"
"32275","3013","11870","\N","harbour","96/97, 216","\N"
"32277","2449","13747","\N","ferry","25","\N"
"32279","3799","2717","\N","\N","\N","\N"
"32281","3801","244","\N","\N","\N","\N"
"32283","2565","11701","\N","ferry","\N","\N"
"32285","3141","12450","\N","harbour","inv.nr. 139A f.6 en 62/63.","\N"
"32287","894","12450","\N","harbour","p.xxxi nt. 184","\N"
"32289","2421","12450","\N","harbour","III 749","\N"
"32291","2149","12450","\N","harbour","inv.nr. 223 f.14","\N"
"32295","2201","16949","\N","\N","157/158","\N"
"32261","3699","4329","\N","fairs","inv.no. 33.13","\N"
"32299","3805","949","\N","fairs","102/103","\N"
"32301","3807","949","\N","fairs","nrs. 451, 715 en 830","\N"
"32303","3807","949","\N","tolls","nr. 451","\N"
"32305","3809","949","\N","fairs","nr. CIX","\N"
"32307","3811","11849","\N","tolls","156 noot 3","\N"
"32309","3169","949","\N","staple","inv.nrs. 202 (regest nr. 523), 204","\N"
"32311","3809","949","\N","staple","nr. CIX.44","\N"
"32313","3169","949","\N","fairs","inv.nr. 202 (regest nr. 523)","\N"
"32315","3169","12776","\N","harbour","inv.nr. 434 (regest nr. 230)","\N"
"32317","3169","1436","\N","tolls","inv.nrs. 921, 923, 925, 935, 1099 (regest nrs. 1553, 1183, 2427, 1904, 1187).","\N"
"32319","394","18158","\N","ferry","28","\N"
"32323","3815","13889","\N","bridge","26","\N"
"32325","3815","18163","\N","bridge","30","\N"
"32327","2091","14389","\N","bridge","4-6","\N"
"32329","3815","14389","\N","bridge","45","\N"
"32331","3815","18164","\N","ferry","48","\N"
"32333","3815","18165","\N","bridge","110","\N"
"32335","3815","14467","\N","bridge","170-172","\N"
"32337","4","14467","\N","bridge","172","\N"
"32339","3815","18166","\N","bridge","149-151","\N"
"32341","3815","18167","\N","bridge","149-151","\N"
"32343","2035","12621","\N","ferry","ZH 424","\N"
"32345","1995","1521","\N","fairs","15, 20","\N"
"32353","3111","10786","\N","harbour","\N","\N"
"32355","2037","12842","\N","ferry","nrs. 149, 250","\N"
"32357","2419","12842","\N","ferry","inv.nr. 108","\N"
"32359","3169","12185","\N","fairs","inv.nr. 701, regest nr. 427","\N"
"32361","3817","250","\N","staple","\N","\N"
"32363","3819","250","\N","staple","\N","\N"
"32367","2931","10786","\N","harbour","35","\N"
"32293","3803","2712","\N","\N","","\N"
"32371","3821","10786","\N","harbour","164","\N"
"32373","2749","14177","\N","harbour","inv.nr. 241","\N"
"32375","3823","13778","\N","harbour","61/62 tabel 3.15","\N"
"32377","3013","250","\N","tolls","47-49","\N"
"32379","3013","10786","\N","harbour","50-53","\N"
"32381","3013","11547","\N","tolls","47-49, 230-231","\N"
"32383","3825","14361","\N","\N","IV 68","\N"
"32385","786","10272","\N","harbour","22-23","\N"
"32387","3827","10272","\N","harbour","325","\N"
"32389","3827","10271","\N","harbour","323-325","\N"
"32391","3829","13875","\N","tolls","GIDS103 inv.nrs. 4931, 4941, 5041, 5051, 5061, 5071, 5081, 5091","\N"
"32393","3829","12774","\N","tolls","GIDS103 inv.nrs. 4931, 4941, 5041, 5051, 5061, 5071, 5081, 5091.","\N"
"32395","3829","13877","\N","tolls","GIDS103 inv.nrs. 4931, 4941, 5041, 5051, 5061, 5071, 5081, 5091.","\N"
"32397","3829","13872","\N","tolls","GIDS103 inv.nrs. 4931, 4941, 5041, 5051, 5061, 5071, 5081, 5091.","\N"
"32399","3829","14097","\N","tolls","GIDS103 inv.nrs. 4931, 4941, 5041, 5051, 5061, 5071, 5081, 5091.","\N"
"32403","3829","12771","\N","tolls","GIDS103, inv.nrs. 5081, 5091","\N"
"32405","3829","16231","\N","tolls","GIDS103 inv.nrs. 5081, 5091, 5101","\N"
"32407","3075","17653","\N","fairs","75","\N"
"32409","2477","17653","\N","fairs","inv.nr. 809","\N"
"32411","3627","6852","\N","\N","588","\N"
"32413","3627","5547","\N","\N","866, 878","\N"
"32415","3627","4255","\N","\N","370","\N"
"32417","3627","11087","\N","\N","244","\N"
"32419","3627","14761","\N","\N","152","\N"
"32421","3627","17724","\N","\N","589","\N"
"32423","3627","10615","\N","\N","677","\N"
"32425","3627","14751","\N","\N","747","\N"
"32427","3627","14752","\N","\N","530","\N"
"32429","3627","1166","\N","\N","102-103","\N"
"32349","2419","10786","\N","harbour","inv. no. 108","\N"
"32347","2037","10786","\N","harbour","nos. 149, 196, 250, 320, 354, 705, 1189, 1193","\N"
"32351","2225","10786","\N","harbour","108-110","\N"
"32365","2779","10786","\N","harbour","inv. no. 388, f.141v-142","\N"
"32437","1456","11544","\N","\N","219","\N"
"32439","1794","11958","\N","\N","2.4 Nr. 745","\N"
"32441","3831","11545","\N","bridge","21","\N"
"32443","1456","11545","\N","bridge","219","\N"
"32445","852","11545","\N","bridge","825","\N"
"32447","3627","17454","\N","\N","893","\N"
"32449","3627","17455","\N","\N","872","\N"
"32451","3627","2857","\N","\N","828","\N"
"32453","3627","6318","\N","\N","875","\N"
"32455","3627","3033","\N","\N","829","\N"
"32457","3627","1587","\N","\N","812","\N"
"32459","3627","1555","\N","\N","811-812","\N"
"32461","3627","8707","\N","\N","908","\N"
"32463","3627","855","\N","\N","803","\N"
"32465","3627","6384","\N","\N","876","\N"
"32467","3627","6126","\N","\N","872","\N"
"32469","3627","12519","\N","\N","895","\N"
"32471","3627","11604","\N","ferry","829","\N"
"32473","3627","14790","\N","\N","858","\N"
"32475","3833","2164","\N","\N","54-64","\N"
"32477","2421","5097","\N","harbour","IV 716","\N"
"32479","3141","5097","\N","harbour","139A f.120","\N"
"32481","2421","13630","\N","harbour","III 781/782","\N"
"32483","2295","5097","\N","harbour","inv.nr. 11 f.47v-49v","\N"
"32485","3835","5097","\N","bridge","inv.nr. 1000","\N"
"32487","3837","13630","\N","harbour","inv.nr. 125.3 en 125.11","\N"
"32489","3837","5131","\N","staple","inv.nr. 125","\N"
"32491","3825","250","\N","fairs","II 355/356","\N"
"32493","3839","3300","\N","fairs","inv.nrs. 583, 584","\N"
"32495","3839","12481","\N","harbour","inv.nr. 452","\N"
"32497","2067","13872","\N","tolls","C: Rek. No. 2+3 en No. 12 ","\N"
"32499","2067","13877","\N","tolls","C: Rek. No. 2+3 en No. 12","\N"
"32501","2067","8901","\N","staple","C: Rek. No. 2+3 en No. 12 ","\N"
"32503","2067","16231","\N","tolls","C: Rek. No. 12 ","\N"
"32505","3841","13871","\N","tolls","grafiek 2 op p.5","\N"
"32507","1846","13871","\N","ferry","45-47","\N"
"32509","3375","13384","\N","harbour","1144 nt.198","\N"
"32511","3375","3017","\N","tolls","1144","\N"
"32513","3843","13871","\N","tolls","285 graphe 1","\N"
"32515","2295","13871","\N","tolls","inv.nr. 696","\N"
"32517","3231","13871","\N","tolls","244 fig. 6.44","\N"
"32519","2295","11897","\N","tolls","inv.nr. 696 f.23/v","\N"
"32521","3845","11897","\N","tolls","366","\N"
"32523","3213","12450","\N","harbour","103","\N"
"32525","3213","11861","\N","harbour","100","\N"
"32527","2923","12450","\N","harbour","24","\N"
"32529","2813","13875","\N","tolls","dl. 3 I-IV p.818-828","\N"
"32531","3183","13875","\N","tolls","646, 648vv","\N"
"32533","3829","13340","\N","tolls","GIDS103 inv.nrs. 4931, 4941, 5041, 5051, 5061, 5071, 5081, 5091.","\N"
"32535","3013","13340","\N","harbour","25, 29, 191","\N"
"32537","3013","14097","\N","harbour","22, 24/25, 30, 189","\N"
"32539","3013","12767","\N","harbour","36/37","\N"
"32541","3013","991","\N","staple","36","\N"
"32543","3013","11921","\N","harbour","38-40, 82, 208","\N"
"32545","3013","13872","\N","harbour","26-29, 194/195","\N"
"32547","3013","13875","\N","harbour","23/24, 197/198","\N"
"32549","3013","12756","\N","harbour","38, 206","\N"
"32551","3013","12759","\N","harbour","40, 42-44, 209-210","\N"
"32553","3013","12585","\N","ferry","88","\N"
"32555","3013","12585","\N","harbour","88","\N"
"32557","3013","4697","\N","harbour","90-92, 203","\N"
"32559","2295","11858","\N","harbour","inv.nr. 11 f.40v","\N"
"32561","2789","11858","\N","harbour","inv.nrs. 70, 73/74","\N"
"32563","3823","3196","\N","fairs","24/25","\N"
"32565","3225","18171","\N","tolls","I 186","\N"
"32567","3225","3194","\N","tolls","I 186","\N"
"32569","2749","1811","\N","staple","inv.nr. 429","\N"
"32571","3847","4697","\N","harbour","10","\N"
"32573","3717","12185","\N","fairs","15/16, 40 bijlage II","\N"
"32575","3821","13778","\N","harbour","164","\N"
"32577","3821","14177","\N","harbour","163","\N"
"32579","3821","12767","\N","harbour","157","\N"
"32581","1480","12344","\N","\N","1344-1345","\N"
"32583","1480","12353","\N","\N","2346-2347","\N"
"32585","1480","8782","\N","\N","2542","\N"
"32587","1478","12351","\N","\N","483-484","\N"
"32589","1478","14311","\N","\N","1260-1261","\N"
"32593","3699","14864","\N","\N","inv.nr. 83.09","\N"
"32595","2421","2195","\N","tolls","IV 377","\N"
"32597","2001","2195","\N","tolls","no. 1984","\N"
"32599","2001","8041","\N","fairs","III no. 1632","\N"
"32601","3851","12462","\N","harbour","85/86","\N"
"32591","3849","4329","\N","fairs","271-272","\N"
"32605","2267","11904","\N","harbour","no. 2161","\N"
"32607","1933","11904","\N","\N","\N","\N"
"32609","3767","10955","\N","ferry","14","\N"
"32611","988","10955","\N","ferry","139, 148, 240, 495, 544","\N"
"32613","410","8983","\N","harbour","146-148","\N"
"32615","3853","8982","\N","tolls","568-571","\N"
"32617","2821","2717","\N","fairs","inv.nr. 30 f.23v","\N"
"32619","3783","18126","\N","\N","39-40","\N"
"32621","3783","18135","\N","\N","55","\N"
"32623","3783","18142","\N","\N","70","\N"
"32643","3857","18162","\N","\N","128","\N"
"32647","3813","18162","\N","\N","44 &#38; 47-48","\N"
"32687","2893","16990","\N","tolls","25","\N"
"32691","3813","18211","\N","\N","44","\N"
"32905","3861","18119","\N","\N","138, 230, 382","\N"
"32695","3813","18213","\N","\N","44","\N"
"32697","3861","18213","\N","\N","230 &#38; 382","\N"
"32701","3813","18214","\N","\N","44","\N"
"32703","3861","18214","\N","\N","230 &#38; 382","\N"
"32797","3873","18264","\N","\N","ID 200068","\N"
"32707","3813","18216","\N","\N","44","\N"
"32709","3861","18216","\N","\N","382","\N"
"32711","3813","18217","\N","\N","44","\N"
"32715","3861","18217","\N","\N","230 &#38; 382","\N"
"32773","3861","18251","\N","\N","230 &#38; 383","\N"
"32719","3813","18218","\N","\N","44 &#38; 46","\N"
"32721","3861","18219","\N","\N","230 &#38; 382","\N"
"32723","3861","18220","\N","\N","232 &#38; 382","\N"
"32727","3373","12602","\N","lock","212, 214-215, 235-236","\N"
"32729","3373","12602","\N","harbour","212, 214-215, 235-236","\N"
"32731","3861","18225","\N","\N","232 &#38; 382","\N"
"32733","3861","18226","\N","\N","232 &#38; 382","\N"
"32735","3861","18227","\N","\N","230 &#38; 382","\N"
"32737","892","4881","\N","fairs","no. 394","\N"
"32739","892","4216","\N","tolls","no. 400","\N"
"32741","3863","17717","\N","fairs","inv.nrs. 6, 49, 63","\N"
"32743","3863","17717","\N","staple","inv.nrs. 6, 49, 63","\N"
"32745","3861","18240","\N","\N","230 &#38; 382","\N"
"32747","3865","18240","\N","\N","\N","\N"
"32755","3857","18244","\N","\N","128","\N"
"32759","3281","16521","\N","fairs","inv.nr. 747","\N"
"32761","2295","16521","\N","fairs","inv.nr. 530A f.236v-239v en f.274v.","\N"
"32763","4","\N","425","edge","619-620","\N"
"32767","3861","18248","\N","\N","230 &#38; 383","\N"
"32769","3861","18249","\N","\N","230 &#38; 383","\N"
"32771","3861","18250","\N","\N","230, 232 &#38; 382","\N"
"32783","652","17721","\N","\N","322","\N"
"32785","652","17425","\N","\N","325-326","\N"
"32725","3861","18221","\N","\N","160, 230 &#38; 382","\N"
"32855","3079","7957","\N","tolls","10-12, 16, 24-26","\N"
"32865","3891","7957","\N","\N","8-9","\N"
"32795","3867","18264","\N","\N","224","\N"
"32799","3867","18265","\N","\N","228-229","\N"
"32801","3869","18265","\N","\N","39-40, 44","\N"
"32803","3871","18265","\N","\N","ID 319010019","\N"
"32807","3867","18276","\N","\N","228-231","\N"
"32809","3321","18276","\N","\N","21, 30","\N"
"32811","3869","18276","\N","\N","264","\N"
"32813","3875","18276","\N","\N","110-113","\N"
"32815","3871","18276","\N","\N","ID 1000026659, 319010018","\N"
"32817","3877","13747","\N","tolls","58/59","\N"
"32819","3877","13268","\N","fairs","84-93","\N"
"32821","3877","13270","\N","tolls","88","\N"
"32823","2453","13268","\N","fairs","regest nrs, 4 en 75","\N"
"32805","3241","4829","\N","tolls","inv. nr. 8271 vv.","\N"
"32793","3869","18264","\N","\N","29-48, 168-173, 229, 335-337, 344-347, 350-351","\N"
"32863","3891","7957","\N","tolls","9, 27 table 5, fig. after 65","\N"
"32765","3861","18247","\N","\N","190, 230, 232, 376 &#38; 382","\N"
"32853","3889","283","\N","staple","557","\N"
"32857","3079","16187","\N","tolls","11","\N"
"32859","3079","4829","\N","tolls","11, 16","\N"
"32867","3893","2885","\N","tolls","\N","\N"
"32869","3891","3018","\N","tolls","26/27","\N"
"32871","4","18294","\N","\N","715","\N"
"32873","4","\N","427","edge","721","\N"
"32875","3895","12795","\N","tolls","inv.nr. IIN 20a/b, regest nrs. 164/165","\N"
"32877","492","11690","\N","tolls","192/193 tabel 8.1/8.2","\N"
"32879","1706","18297","\N","tolls","58-59","\N"
"32881","1706","17036","\N","bridge","60","\N"
"32883","1706","18053","\N","tolls","71","\N"
"32885","4","11607","\N","ferry","426","\N"
"32887","1582","11607","\N","ferry","142-147","\N"
"32889","1706","11607","\N","tolls","86","\N"
"32891","1706","13566","\N","tolls","88","\N"
"32893","1706","18298","\N","tolls","91","\N"
"32895","3897","18298","\N","tolls","No. 143","\N"
"32897","3899","11176","\N","tolls","inv.nr. 93.07","\N"
"32899","3047","4130","\N","tolls","inv.nr. 224 f.265-266","\N"
"32901","3813","18118","\N","\N","42, 44, 47","\N"
"32903","3861","18118","\N","\N","230, 382","\N"
"32907","3813","18135","\N","\N","44, 47","\N"
"32779","3813","18253","\N","\N","44 &#38; 47","\N"
"32753","3861","18243","\N","\N","160, 230 &#38; 382","\N"
"32909","3857","18135","\N","\N","128","\N"
"32991","3905","5418","\N","tolls","514n40","\N"
"32913","3857","18126","\N","\N","128","\N"
"32917","3813","18126","\N","\N","44, 47-48","\N"
"32919","3857","18133","\N","\N","128","\N"
"32923","3813","18133","\N","\N","44, 47-48","\N"
"32925","3857","18134","\N","\N","128","\N"
"32929","3813","18134","\N","\N","44, 47","\N"
"32931","3857","18131","\N","\N","128","\N"
"32935","3813","18131","\N","\N","44, 47-48","\N"
"32937","3813","18138","\N","\N","44-45","\N"
"32939","3859","18125","\N","\N","79","\N"
"32941","3857","18125","\N","\N","128","\N"
"32945","3813","18125","\N","\N","44, 48","\N"
"32947","3319","18125","\N","\N","75","\N"
"32949","3859","18121","\N","\N","79","\N"
"32951","3857","18121","\N","\N","128","\N"
"32955","3813","18121","\N","\N","44, 48","\N"
"32957","3319","18121","\N","\N","75","\N"
"32959","3275","727","\N","tolls","inv.nrs. 1129/1130","\N"
"32961","3047","727","\N","tolls","inv.nrs. 210-212","\N"
"32963","598","1793","\N","tolls","nr. 329 dated [15]09","\N"
"32967","3901","1793","\N","tolls","inv.nrs. 12, 327-1, 1643-3, 1662, 1675","\N"
"32969","1706","18311","\N","tolls","43","\N"
"32971","1706","18316","\N","tolls","75","\N"
"32973","1706","18317","\N","tolls","82","\N"
"32975","1706","18318","\N","tolls","42-43","\N"
"32977","1706","18320","\N","tolls","46","\N"
"32979","3903","1793","\N","tolls","inv.nr. 6565","\N"
"32981","3039","1793","\N","tolls","inv.nrs. 4925/4926","\N"
"32983","3307","12835","\N","\N","inv.nr. 866/regest 477","\N"
"32985","3857","18139","\N","\N","128","\N"
"32987","3813","18139","\N","\N","48-49","\N"
"32995","3253","13451","\N","lock","90-91","\N"
"32997","1772","13451","\N","lock","\N","\N"
"32999","3253","17142","\N","bridge","89, 92, 94, 96","\N"
"33001","3905","14911","\N","tolls","128/129","\N"
"33003","3905","4130","\N","tolls","130","\N"
"33005","3905","4130","\N","fairs","133","\N"
"33007","3907","1436","\N","staple","nr. 779","\N"
"33009","66","19192","\N","\N","259-260","\N"
"33011","3909","12891","\N","fairs","204","\N"
"33013","3911","16960","\N","tolls","172: grafiek 6.1.1., 173: grafiek 6.1.2, bijlage 6.1","\N"
"33015","3911","727","\N","tolls","172, grafiek 6.1.1, 173 grafiek 6.1.2, bijlage 6.1","\N"
"33017","3911","17864","\N","lock","171, 175: grafiek 6.1.3, bijlage 6.2","\N"
"33019","3765","13380","\N","\N","242","\N"
"33020","3905","1038","\N","bridge","358","\N"
"33022","3912","17684","\N","fairs","\N","\N"
"33024","3912","19198","\N","fairs","\N","\N"
"33026","3912","17611","\N","fairs","\N","\N"
"33028","3912","19199","\N","fairs","\N","\N"
"32993","3905","5418","\N","bridge","514n40","\N"
"32989","3905","8866","\N","staple","358-359","\N"
"32943","3789","18125","\N","\N","114","\N"
"32921","3789","18133","\N","\N","153–154, 183–185","\N"
