Site_ID,Grave_no,Sex,Age_at_death,Date_from,Date_to,Burial rite
BckBHM-BI1,1,U,Unknown,500,550,inhumation
BckDNY-BI1,1,F,Unknown,600,650,inhumation
BckTPW-BI1,1,U,Unknown,575,625,inhumation
BrkABD-BI2,1,U,Unknown,450,700,inhumation
BrkABD-IC5,1,U,Young,450,700,inhumation
BrkABD-IC5,2,U,Unknown,450,700,inhumation
BrkABD-IC6,1,U,6-15,400,700,inhumation
BrkABD-IC6,2,U,Adult,400,700,inhumation
BrkABD-IC7,1/,U,Unknown,500,600,inhumations
BrkABD-IC7,2/,F,Adult,500,600,inhumation
BrkABD-IC7,3,F,Unknown,500,600,inhumation
BrkABD-IC7,4,F,Unknown,575,600,inhumation
BrkABD-MC1,93/a,U,0-1,450,625,inhumation
BrkABD-MC1,16/a,U,Child,450,625,inhumation
BrkABD-MC1,CX,U,Unknown,400,500,cremation
BrkABD-MC1,27/a,U,Unknown,450,625,inhumation
BrkABD-MC1,40/a,U,Unknown,450,625,cremation
BrkABD-MC1,62/a,U,Unknown,450,625,cremation
BrkABD-MC1,68/a,U,Unknown,450,625,inhumation
BrkABD-MC1,C68/a,U,Unknown,400,500,cremation
BrkABD-MC1,1,F,Adult,450,600,inhumation
BrkABD-MC1,2,M,Adult,475,625,inhumation
BrkABD-MC1,3,F,Adult,500,600,inhumation
BrkABD-MC1,4,M,Adult,475,575,inhumation
BrkABD-MC1,5,F,Adult,575,625,inhumation
BrkABD-MC1,6,F,Adult,500,575,inhumation
BrkABD-MC1,7,F,Adult,500,525,inhumation
BrkABD-MC1,8,U,Child,450,625,inhumation
BrkABD-MC1,9,U,Child,450,625,inhumation
BrkABD-MC1,10,U,Unknown,500,625,inhumation
BrkABD-MC1,11,M,Adult,500,600,inhumation
BrkABD-MC1,12,U,Child,450,625,inhumation
BrkABD-MC1,13,M,Adult,450,625,inhumation
BrkABD-MC1,14,M?,Adult,450,500,inhumation
BrkABD-MC1,15,U,Child,450,625,inhumation
BrkABD-MC1,16/,U,Child,450,625,inhumation
BrkABD-MC1,17,U,Child,450,625,inhumation
BrkABD-MC1,18,M?,Adult,500,600,inhumation
BrkABD-MC1,19,M,Adult,450,625,inhumation
BrkABD-MC1,20,F,Adult,450,625,inhumation
BrkABD-MC1,21,M,Child,500,625,inhumation
BrkABD-MC1,22,M,Adult,475,600,inhumation
BrkABD-MC1,23,M,Adult,450,625,inhumation
BrkABD-MC1,24,M,Child,450,500,inhumation
BrkABD-MC1,25,M,Adult,475,525,inhumation
BrkABD-MC1,26,F,Adolescent,475,525,inhumation
BrkABD-MC1,27,U,Unknown,450,625,inhumation
BrkABD-MC1,28,U,Child,450,625,inhumation
BrkABD-MC1,29,F,Adult,450,550,inhumation
BrkABD-MC1,30,M,Adult,450,500,inhumation
BrkABD-MC1,31,F,Adult,550,600,inhumation
BrkABD-MC1,32,F,Adult,525,600,inhumation
BrkABD-MC1,33,M,Adult,475,525,inhumation
BrkABD-MC1,34,F,Adult,500,600,inhumation
BrkABD-MC1,35/,M,Adult,450,600,inhumation
BrkABD-MC1,36,F,Child,450,550,inhumation
BrkABD-MC1,37,U,Child,450,625,inhumation
BrkABD-MC1,38,F,Child,450,625,inhumation
BrkABD-MC1,39,M,Adult,500,600,inhumation
BrkABD-MC1,40,U,Child,450,625,inhumation
BrkABD-MC1,41,M,Adult,450,625,inhumation
BrkABD-MC1,42,M,Adolescent,450,500,inhumation
BrkABD-MC1,43,M,Adult,450,625,inhumation
BrkABD-MC1,44,M,Adult,500,600,inhumation
BrkABD-MC1,45,F,Child,450,625,inhumation
BrkABD-MC1,46,F,Adult,500,600,inhumation
BrkABD-MC1,47,M,Adult,450,625,inhumation
BrkABD-MC1,48,M,Adult,450,575,inhumation
BrkABD-MC1,49,M,Adult,450,500,inhumation
BrkABD-MC1,50,F,Adult,500,525,inhumation
BrkABD-MC1,51,F,Adolescent,485,550,inhumation
BrkABD-MC1,52,M,Adult,475,600,inhumation
BrkABD-MC1,53,F,Adult,500,550,inhumation
BrkABD-MC1,54,U,Child,450,625,inhumation
BrkABD-MC1,55,M,Adult,475,575,inhumation
BrkABD-MC1,56,U,Child,450,625,inhumation
BrkABD-MC1,57,M,Adult,450,625,inhumation
BrkABD-MC1,58,M,Adult,450,625,inhumation
BrkABD-MC1,59,F,Child,450,550,inhumation
BrkABD-MC1,60,F,Adult,500,550,inhumation
BrkABD-MC1,61,F,Adolescent,500,600,inhumation
BrkABD-MC1,62,M,Adult,450,625,inhumation
BrkABD-MC1,63,F,Child,450,625,inhumation
BrkABD-MC1,64,U,Child,450,625,inhumation
BrkABD-MC1,65,U,Child,450,625,inhumation
BrkABD-MC1,66,F,Adult,500,550,inhumation
BrkABD-MC1,67,U,Unknown,450,625,inhumation
BrkABD-MC1,68,U,Child,450,625,inhumation
BrkABD-MC1,69,M,Adult,525,600,inhumation
BrkABD-MC1,70,F,Child,450,550,inhumation
BrkABD-MC1,71,U,Child,450,625,inhumation
BrkABD-MC1,72,U,Child,450,625,inhumation
BrkABD-MC1,73,M,Adolescent,475,625,inhumation
BrkABD-MC1,74,M,Adult,450,625,inhumation
BrkABD-MC1,75,F,Adult,500,550,inhumation
BrkABD-MC1,76,F,Adult,450,550,inhumation
BrkABD-MC1,77,M,Child,450,600,inhumation
BrkABD-MC1,78,F,Adult,500,550,inhumation
BrkABD-MC1,79,U,Child,450,625,inhumation
BrkABD-MC1,80,F,Adult,450,500,inhumation
BrkABD-MC1,81,U,Child,450,625,inhumation
BrkABD-MC1,82,U,Adolescent,450,625,inhumation
BrkABD-MC1,83,M,Adult,450,600,inhumation
BrkABD-MC1,84,F,Adult,450,625,inhumation
BrkABD-MC1,85,U,Unknown,575,625,inhumation
BrkABD-MC1,86,M,Adult,450,625,inhumation
BrkABD-MC1,87,F,Child,450,625,inhumation
BrkABD-MC1,88,M,Adult,500,625,inhumation
BrkABD-MC1,89,M,Adult,450,625,inhumation
BrkABD-MC1,90,M,Adult,450,625,inhumation
BrkABD-MC1,91,U,Adolescent,450,625,inhumation
BrkABD-MC1,92,F,Adult,450,625,inhumation
BrkABD-MC1,93/,F,Adolescent,500,550,inhumation
BrkABD-MC1,94,U,Unknown,400,525,inhumation
BrkABD-MC1,95,M,Adult,450,625,inhumation
BrkABD-MC1,96,M,Adult,450,625,inhumation
BrkABD-MC1,97,M,Adult,450,625,inhumation
BrkABD-MC1,98,M,Adult,450,625,inhumation
BrkABD-MC1,99,U,Child,450,625,inhumation
BrkABD-MC1,100,F,Adult,485,550,inhumation
BrkABD-MC1,101,U,Unknown,450,625,inhumation
BrkABD-MC1,102,F,Adult,500,600,inhumation
BrkABD-MC1,103,M,Adult,450,625,inhumation
BrkABD-MC1,104,F,Adult,450,625,inhumation
BrkABD-MC1,105,F,Adult,450,625,inhumation
BrkABD-MC1,106,F,Adult,425,450,inhumation
BrkABD-MC1,107,U,Adolescent,450,625,inhumation
BrkABD-MC1,108,M,Adult,450,625,inhumation
BrkABD-MC1,109,F,Adult,450,625,inhumation
BrkABD-MC1,110,M,Adult,450,625,inhumation
BrkABD-MC1,111,M,Adult,450,500,inhumation
BrkABD-MC1,112,U,Child,450,625,inhumation
BrkABD-MC1,113,F,Adult,500,550,inhumation
BrkABD-MC1,114,F,Adult,500,600,inhumation
BrkABD-MC1,115,M,Adult,575,625,inhumation
BrkABD-MC1,116,U,Child,450,625,inhumation
BrkABD-MC1,117,F,Adult,525,575,inhumation
BrkABD-MC1,118,F,Adult,500,550,inhumation
BrkABD-MC1,119,F,Adult,500,575,inhumation
BrkABD-MC1,120,M,Unknown,500,625,inhumation
BrkABD-MC1,121,U,Unknown,450,625,inhumation
BrkABD-MC1,122,F,Unknown,400,450,inhumation
BrkABD-MC1,123,U,Unknown,450,625,inhumation
BrkABD-MC1,124,U,Unknown,450,625,inhumation
BrkABD-MC1,125,U,Unknown,450,625,inhumation
BrkABD-MC1,126,U,Unknown,450,625,inhumation
BrkABD-MC1,127,U,Unknown,450,625,inhumation
BrkABD-MC1,128,U,Unknown,450,625,inhumation
BrkABD-MC1,129,U,Unknown,450,625,inhumation
BrkABD-MC1,C1,U,Unknown,400,500,cremation
BrkABD-MC1,C2,U,Unknown,400,600,cremation
BrkABD-MC1,C3,U,Unknown,400,525,cremation
BrkABD-MC1,C4,U,Unknown,400,600,cremation
BrkABD-MC1,C5,U,Unknown,400,500,cremation
BrkABD-MC1,C6,U,Unknown,400,600,cremation
BrkABD-MC1,C7,U,Unknown,400,600,cremation
BrkABD-MC1,C8,U,Unknown,500,525,cremation
BrkABD-MC1,C9,U,Unknown,400,600,cremation
BrkABD-MC1,C10,U,Unknown,400,525,cremation
BrkABD-MC1,C11,U,Unknown,525,600,cremation
BrkABD-MC1,C12,U,Unknown,400,600,cremation
BrkABD-MC1,C13,U,Unknown,400,600,cremation
BrkABD-MC1,C14,U,Unknown,400,600,cremation
BrkABD-MC1,C15,U,Unknown,500,600,cremation
BrkABD-MC1,C16,U,Unknown,400,600,cremation
BrkABD-MC1,C17,U,Unknown,400,500,cremation
BrkABD-MC1,C18,U,Unknown,400,600,cremation
BrkABD-MC1,C19,U,Unknown,400,600,cremation
BrkABD-MC1,C20,U,Unknown,400,600,cremation
BrkABD-MC1,C21,U,Unknown,500,600,cremation
BrkABD-MC1,C22,U,Unknown,400,500,cremation
BrkABD-MC1,C23,U,Unknown,500,525,cremation
BrkABD-MC1,C24,U,Unknown,400,600,cremation
BrkABD-MC1,C25,U,Unknown,400,600,cremation
BrkABD-MC1,C26,U,Unknown,400,500,cremation
BrkABD-MC1,C27,U,Unknown,400,500,cremation
BrkABD-MC1,C28,U,Unknown,400,600,cremation
BrkABD-MC1,C29,U,Unknown,550,600,cremation
BrkABD-MC1,C30,U,Unknown,400,600,cremation
BrkABD-MC1,C31,U,Unknown,400,600,cremation
BrkABD-MC1,C32,U,Unknown,400,600,cremation
BrkABD-MC1,C33,U,Unknown,400,600,cremation
BrkABD-MC1,C34,U,Unknown,400,600,cremation
BrkABD-MC1,C35,U,Unknown,400,500,cremation
BrkABD-MC1,C36,U,Unknown,400,600,cremation
BrkABD-MC1,C37,U,Unknown,400,600,cremation
BrkABD-MC1,C38,U,Unknown,400,500,cremation
BrkABD-MC1,C39,U,Unknown,400,525,cremation
BrkABD-MC1,C40,U,Unknown,400,600,cremation
BrkABD-MC1,C41,U,Unknown,400,600,cremation
BrkABD-MC1,C42,U,Unknown,400,600,cremation
BrkABD-MC1,C43,U,Unknown,500,525,cremation
BrkABD-MC1,C44,U,Unknown,475,600,cremation
BrkABD-MC1,C45,U,Unknown,400,600,cremation
BrkABD-MC1,C46,U,Unknown,400,600,cremation
BrkABD-MC1,C47,U,Unknown,500,600,cremation
BrkABD-MC1,C48,U,Unknown,400,500,cremation
BrkABD-MC1,C49,U,Unknown,400,600,cremation
BrkABD-MC1,C50,U,Unknown,400,600,cremation
BrkABD-MC1,C51,U,Unknown,400,600,cremation
BrkABD-MC1,C52,U,Unknown,500,600,cremation
BrkABD-MC1,C53,U,Unknown,400,600,cremation
BrkABD-MC1,C54,U,Unknown,400,600,cremation
BrkABD-MC1,C55,U,Unknown,400,600,cremation
BrkABD-MC1,C56,U,Unknown,400,600,cremation
BrkABD-MC1,C57,U,Unknown,400,525,cremation
BrkABD-MC1,C58,U,Unknown,400,600,cremation
BrkABD-MC1,C59,U,Unknown,400,600,cremation
BrkABD-MC1,C60,U,Unknown,400,600,cremation
BrkABD-MC1,C61,U,Unknown,400,500,cremation
BrkABD-MC1,C62/,U,Unknown,400,600,cremation
BrkABD-MC1,C63,U,Unknown,400,600,cremation
BrkABD-MC1,C64,U,Unknown,400,500,cremation
BrkABD-MC1,C65,U,Unknown,500,600,cremation
BrkABD-MC1,C66,U,Unknown,400,600,cremation
BrkABD-MC1,C67,U,Unknown,400,500,cremation
BrkABD-MC1,C68/,U,Unknown,400,600,cremation
BrkABD-MC1,C69,U,Unknown,400,525,cremation
BrkABD-MC1,C70,U,Unknown,400,525,cremation
BrkABD-MC1,C71,U,Unknown,400,525,cremation
BrkABD-MC1,C72,U,Unknown,400,600,cremation
BrkABD-MC1,C73,U,Unknown,500,600,cremation
BrkABD-MC1,C74,U,Unknown,400,500,cremation
BrkABD-MC1,C75,U,Unknown,400,600,cremation
BrkABD-MC1,C76,U,Unknown,400,500,cremation
BrkABD-MC1,C77,U,Unknown,400,600,cremation
BrkABD-MC1,C78,U,Unknown,400,600,cremation
BrkABD-MC1,C79,U,Unknown,500,600,cremation
BrkABD-MC1,C80,U,Unknown,400,600,cremation
BrkABD-MC1,C81,U,Unknown,500,600,cremation
BrkABD-MC1,C82,U,Unknown,400,500,cremation
BrkABD-MC1,C83,U,Infant,400,600,cremation
BrkABD-MC1,C84,U,Unknown,400,500,cremation
BrkABD-MC1,C85,U,Unknown,400,600,cremation
BrkABD-MC1,C86,U,Unknown,400,600,cremation
BrkABD-MC1,C87,U,Unknown,400,600,cremation
BrkABD-MC1,C88,U,Unknown,400,600,cremation
BrkABD-MC1,C89,U,Unknown,400,600,cremation
BrkABD-MC1,35/a,F,Child,475,600,inhumation
BrkAFD-IC1,1,U,Unknown,525,600,inhumations
BrkAFD-IC1,2,U,Unknown,525,600,inhumations
BrkAFD-IC1,3,U,Unknown,525,600,inhumations
BrkAFD-IC1,4,U,Unknown,525,600,inhumations
BrkAFD-IC1,5,U,Unknown,525,600,inhumations
BrkAFD-IC1,6,U,Unknown,525,600,inhumations
BrkAFD-IC1,7,U,Unknown,525,600,inhumations
BrkAFD-IC1,8,U,Unknown,525,600,inhumations
BrkAFD-IC1,9,U,Unknown,525,600,inhumations
BrkAMT-BI1,1,U,Unknown,450,700,inhumation
BrkAUT-BI1,1,M,45+,640,700,inhumation
BrkAUT-BI2,1,F,45+,590,670,inhumation
BrkBBY-BI1,1,M?,16-20,680,880,inhumation
BrkBBY-IC1,1,F,Adult,400,800,inhumation
BrkBBY-IC1,2,M,Adult,400,800,inhumation
BrkBBY-IC1,3,M,18-20,400,800,inhumation
BrkBBY-IC1,4,M,25-30,400,800,inhumation
BrkBBY-MC1,1,F,Adolescent,475,525,inhumation
BrkBBY-MC1,2,F,Adolescent,475,525,inhumation
BrkBBY-MC1,3,M,Adult,475,525,inhumation
BrkBBY-MC1,4,M,Adult,475,525,inhumation
BrkBBY-MC1,5,U,Child,475,525,inhumation
BrkBBY-MC1,6,U,Child,475,525,inhumation
BrkBBY-MC1,7,M,Adult,475,525,inhumation
BrkBBY-MC1,8,M?,Adult,475,525,inhumation
BrkBBY-MC1,9,F?,Adult,475,525,inhumation
BrkBBY-MC1,10,M,Adult,475,525,inhumation
BrkBBY-MC1,11,U,Child,475,525,inhumation
BrkBBY-MC1,12,F,Adult,475,525,inhumation
BrkBBY-MC1,13,M?,Adult,475,525,inhumation
BrkBBY-MC1,14,U,Adolescent,475,525,inhumation
BrkBBY-MC1,15,F,Adult,475,525,inhumation
BrkBBY-MC1,16,F?,Adult,475,525,inhumation
BrkBBY-MC1,17,F,Adult,475,525,inhumation
BrkBBY-MC1,18,U,Child,475,525,inhumation
BrkBBY-MC1,19,F,Unknown,475,525,inhumation
BrkBBY-MC1,20,M,Adult,475,525,inhumation
BrkBBY-MC1,21,U,Child,475,525,inhumation
BrkBBY-MC1,C1,U,Unknown,475,525,cremation
BrkBGH-IC1,32,U,Unknown,600,700,inhumation
BrkBGH-IC1,61,U,Unknown,600,700,inhumation
BrkBGH-IC1,87,U,17-25,600,700,inhumation
BrkBGH-IC1,124,U,Unknown,600,700,inhumation
BrkBGH-IC1,125,U,Unknown,600,700,inhumation
BrkBGH-IC1,126,U,Unknown,600,700,inhumation
BrkBGH-IC1,127,U,Unknown,600,700,inhumation
BrkBGH-IC1,140,U,Unknown,600,700,inhumation
BrkBGH-IC1,144,U,Unknown,600,700,inhumation
BrkBGH-IC1,145,U,Unknown,600,700,inhumation
BrkBGH-IC1,146,U,Unknown,600,700,inhumation
BrkBGH-IC1,147,U,Unknown,600,700,inhumation
BrkBGH-IC1,148,U,Unknown,600,700,inhumation
BrkBGH-IC1,149,U,Unknown,600,700,inhumation
BrkBGH-IC1,150,U,Unknown,600,700,inhumation
BrkBGH-IC1,152,U,Unknown,600,700,inhumation
BrkBGH-IC1,194,U,Unknown,600,700,inhumation
BrkBGH-IC1,202,U,Unknown,600,700,inhumation
BrkBGH-IC1,204,U,Unknown,600,700,inhumation
BrkBGH-IC1,206,U,Unknown,600,700,inhumation
BrkBGH-IC1,212,U,Unknown,600,700,inhumation
BrkBGH-IC1,213,U,Unknown,600,700,inhumation
BrkBGH-IC1,220,U,Unknown,600,700,inhumation
BrkBGH-IC1,236,U,Unknown,600,700,inhumation
BrkBGH-IC1,238,U,Unknown,600,700,inhumation
BrkBGH-IC1,241,U,Unknown,600,700,inhumation
BrkBGH-IC1,256,U,Unknown,600,700,inhumation
BrkBGH-IC1,279,U,Unknown,600,700,inhumation
BrkBGH-IC1,281,U,Unknown,600,700,inhumation
BrkBGH-IC1,293,U,Unknown,600,700,inhumation
BrkBGH-IC1,295,U,Unknown,600,700,inhumation
BrkBGH-IC1,320,U,Unknown,600,700,inhumation
BrkBGH-IC1,322,U,Unknown,600,700,inhumation
BrkBGH-IC1,323,U,Unknown,600,700,inhumation
BrkBGH-IC1,325,U,Unknown,600,700,inhumation
BrkBGH-IC1,349,U,Unknown,600,700,inhumation
BrkBGH-IC1,350,U,Unknown,600,700,inhumation
BrkBGH-IC1,358,U,Unknown,600,700,inhumation
BrkBGH-IC1,362,U,Unknown,600,700,inhumation
BrkBGH-IC1,365,U,Adult,600,700,inhumation
BrkBGH-IC1,413,U,Unknown,600,700,inhumation
BrkBGH-IC1,428,U,Unknown,600,700,inhumation
BrkBGH-IC1,429,U,Unknown,600,700,inhumation
BrkBGH-IC1,430,U,Unknown,600,700,inhumation
BrkBGH-IC1,431,U,Unknown,600,700,inhumation
BrkBGH-IC1,432,U,Unknown,600,700,inhumation
BrkBGH-IC1,453,U,Unknown,600,700,inhumation
BrkBGH-IC1,455,U,Unknown,600,700,inhumation
BrkBGH-IC1,458,U,Unknown,600,700,inhumation
BrkBGH-IC1,494,U,Unknown,600,700,inhumation
BrkBHM-BI1,1,U,Unknown,400,500,inhumation
BrkCHL-BI1,1,F,Adult,525,600,inhumation
BrkCKM-BI1,1,U,Unknown,500,650,inhumation
BrkCKM-IC1,2,U,Unknown,450,650,inhumations
BrkCKM-IC1,3,U,Unknown,450,650,inhumations
BrkCKM-IC1,4,U,Unknown,450,650,inhumations
BrkCKM-IC1,5,U,Unknown,450,650,inhumations
BrkCKM-IC1,6,U,Unknown,450,650,inhumations
BrkCKM-IC1,1,U,Unknown,450,650,inhumations
BrkCMR-BI1,1,U,Unknown,450,650,inhumation
BrkCPN-IC1,1,F,40-45,325,425,inhumation
BrkCPN-IC1,2,F,40-45,325,425,inhumation
BrkCPN-IC1,3,M,40-45,325,425,inhumation
BrkCPN-IC1,4,F,65-70,325,425,inhumation
BrkCPN-IC1,5,F,50+,365,425,inhumation
BrkCPN-IC1,6,F,55-60,325,425,inhumation
BrkCPN-IC1,7,M,50+,365,425,inhumation
BrkCPN-IC1,8,M,35-40,390,425,inhumation
BrkCPN-IC1,9,F,18-20,325,425,inhumation
BrkCPN-IC1,10,M,50-60,380,425,inhumation
BrkEGN-BI1,1,U,Unknown,500,575,inhumation
BrkEHD-BI1,!,U,Unknown,600,750,inhumation
BrkEIY-IC1,2,U,Unknown,650,700,inhumation
BrkEIY-IC1,3,U,Unknown,650,700,inhumation
BrkEIY-IC1,4,U,Unknown,650,700,inhumation
BrkEIY-IC1,5,U,Unknown,650,700,inhumation
BrkEIY-IC1,6,U,Unknown,650,700,inhumation
BrkEIY-IC1,1,U,Unknown,650,700,inhumation
BrkEIY-IC1,7,U,Unknown,650,700,inhumation
BrkEIY-IC1,8,U,Unknown,650,700,inhumation
BrkFDN-BI1,1,U,Child,450,600,inhumation
BrkFFD-BI1,1,U,Unknown,450,600,inhumation
BrkFFD-IC2,1,M,Adult,600,700,inhumation
BrkFFD-MC1,161,U,Unknown,300,600,inhumations
BrkFFD-MC1,162,U,Unknown,300,600,inhumations
BrkFFD-MC1,163,U,Unknown,300,600,inhumations
BrkFFD-MC1,164,U,Unknown,300,600,inhumations
BrkFFD-MC1,165,U,Unknown,300,600,inhumations
BrkFFD-MC1,166,U,Unknown,300,600,inhumations
BrkFFD-MC1,167,U,Unknown,300,600,inhumations
BrkFFD-MC1,168,U,Unknown,300,600,inhumations
BrkFFD-MC1,169,U,Unknown,300,600,inhumations
BrkFFD-MC1,170,U,Unknown,300,600,inhumations
BrkFFD-MC1,171,U,Unknown,300,600,inhumations
BrkFFD-MC1,172,U,Unknown,300,600,inhumations
BrkFFD-MC1,173,U,Unknown,300,600,inhumations
BrkFFD-MC1,174,U,Unknown,300,600,inhumations
BrkFFD-MC1,175,U,Unknown,300,600,inhumations
BrkFFD-MC1,176,U,Unknown,300,600,inhumations
BrkFFD-MC1,177,U,Unknown,300,600,inhumations
BrkFFD-MC1,178,U,Unknown,300,600,inhumations
BrkFFD-MC1,179,U,Unknown,300,600,inhumations
BrkFFD-MC1,180,U,Unknown,300,600,inhumations
BrkFFD-MC1,181,U,Unknown,300,600,inhumations
BrkFFD-MC1,182,U,Unknown,300,600,inhumations
BrkFFD-MC1,183,U,Unknown,300,600,inhumations
BrkFFD-MC1,184,U,Unknown,300,600,inhumations
BrkFFD-MC1,157,U,Unknown,300,600,inhumation
BrkFFD-MC1,158,U,Unknown,300,600,inhumation
BrkFFD-MC1,147,U,Unknown,300,600,inhumations
BrkFFD-MC1,148,U,Unknown,300,600,inhumations
BrkFFD-MC1,149,U,Unknown,300,600,inhumations
BrkFFD-MC1,150,U,Unknown,300,600,inhumations
BrkFFD-MC1,151,U,Unknown,300,600,inhumations
BrkFFD-MC1,152,U,Unknown,300,600,inhumations
BrkFFD-MC1,153,U,Unknown,300,600,inhumations
BrkFFD-MC1,154,U,Unknown,300,600,inhumations
BrkFFD-MC1,131,U,Unknown,300,600,inhumations
BrkFFD-MC1,127,U,Unknown,300,600,inhumations
BrkFFD-MC1,128,U,Unknown,300,600,inhumations
BrkFFD-MC1,118,U,Unknown,300,600,inhumations
BrkFFD-MC1,119,U,Unknown,300,600,inhumations
BrkFFD-MC1,120,U,Unknown,300,600,inhumations
BrkFFD-MC1,121,U,Unknown,300,600,inhumations
BrkFFD-MC1,122,U,Unknown,300,600,inhumations
BrkFFD-MC1,123,U,Unknown,300,600,inhumations
BrkFFD-MC1,124,U,Unknown,300,600,inhumations
BrkFFD-MC1,115,U,Unknown,300,600,inhumations
BrkFFD-MC1,94,U,Unknown,300,600,inhumations
BrkFFD-MC1,95,U,Unknown,300,600,inhumations
BrkFFD-MC1,96,U,Unknown,300,600,inhumations
BrkFFD-MC1,97,U,Unknown,300,600,inhumations
BrkFFD-MC1,98,U,Unknown,300,600,inhumations
BrkFFD-MC1,99,U,Unknown,300,600,inhumations
BrkFFD-MC1,100,U,Unknown,300,600,inhumations
BrkFFD-MC1,101,U,Unknown,300,600,inhumations
BrkFFD-MC1,102,U,Unknown,300,600,inhumations
BrkFFD-MC1,103,U,Unknown,300,600,inhumations
BrkFFD-MC1,81,U,Unknown,300,600,inhumations
BrkFFD-MC1,82,U,Unknown,300,600,inhumations
BrkFFD-MC1,83,U,Unknown,300,600,inhumations
BrkFFD-MC1,84,U,Unknown,300,600,inhumations
BrkFFD-MC1,85,U,Unknown,300,600,inhumations
BrkFFD-MC1,86,U,Unknown,300,600,inhumations
BrkFFD-MC1,87,U,Unknown,300,600,inhumations
BrkFFD-MC1,88,U,Unknown,300,600,inhumations
BrkFFD-MC1,89,U,Unknown,300,600,inhumations
BrkFFD-MC1,90,U,Unknown,300,600,inhumations
BrkFFD-MC1,76,U,Unknown,300,600,inhumations
BrkFFD-MC1,69,U,Unknown,300,600,inhumations
BrkFFD-MC1,70,U,Unknown,300,600,inhumations
BrkFFD-MC1,71,U,Unknown,300,600,inhumations
BrkFFD-MC1,72,U,Unknown,300,600,inhumations
BrkFFD-MC1,64,U,Unknown,300,600,inhumations
BrkFFD-MC1,65,U,Unknown,300,600,inhumations
BrkFFD-MC1,66,U,Unknown,300,600,inhumations
BrkFFD-MC1,53,U,Unknown,300,600,inhumations
BrkFFD-MC1,54,U,Unknown,300,600,inhumations
BrkFFD-MC1,55,U,Unknown,300,600,inhumations
BrkFFD-MC1,56,U,Unknown,300,600,inhumations
BrkFFD-MC1,57,U,Unknown,300,600,inhumations
BrkFFD-MC1,49,U,Unknown,300,600,inhumations
BrkFFD-MC1,50,U,Unknown,300,600,inhumations
BrkFFD-MC1,37,U,Unknown,300,600,inhumations
BrkFFD-MC1,38,U,Unknown,300,600,inhumations
BrkFFD-MC1,39,U,Unknown,300,600,inhumations
BrkFFD-MC1,40,U,Unknown,300,600,inhumations
BrkFFD-MC1,41,U,Unknown,300,600,inhumations
BrkFFD-MC1,42,U,Unknown,300,600,inhumations
BrkFFD-MC1,43,U,Unknown,300,600,inhumations
BrkFFD-MC1,44,U,Unknown,300,600,inhumations
BrkFFD-MC1,45,U,Unknown,300,600,inhumations
BrkFFD-MC1,46,U,Unknown,300,600,inhumations
BrkFFD-MC1,24,U,Unknown,300,600,inhumations
BrkFFD-MC1,25,U,Unknown,300,600,inhumations
BrkFFD-MC1,26,U,Unknown,300,600,inhumations
BrkFFD-MC1,27,U,Unknown,300,600,inhumations
BrkFFD-MC1,28,U,Unknown,300,600,inhumations
BrkFFD-MC1,29,U,Unknown,300,600,inhumations
BrkFFD-MC1,30,U,Unknown,300,600,inhumations
BrkFFD-MC1,31,U,Unknown,300,600,inhumations
BrkFFD-MC1,32,U,Unknown,300,600,inhumations
BrkFFD-MC1,33,U,Unknown,300,600,inhumations
BrkFFD-MC1,34,U,Unknown,300,600,inhumations
BrkFFD-MC1,20,U,Unknown,300,600,inhumations
BrkFFD-MC1,21,U,Unknown,300,600,inhumations
BrkFFD-MC1,7,U,Unknown,300,600,inhumations
BrkFFD-MC1,8,U,Unknown,300,600,inhumations
BrkFFD-MC1,9,U,Unknown,300,600,inhumations
BrkFFD-MC1,2,U,Unknown,300,600,inhumations
BrkFFD-MC1,3,U,Unknown,300,600,inhumations
BrkFFD-MC1,185,U,Unknown,350,400,inhumations
BrkFFD-MC1,186,U,Unknown,350,400,inhumations
BrkFFD-MC1,187,U,Unknown,350,400,inhumations
BrkFFD-MC1,188,U,Unknown,350,400,inhumations
BrkFFD-MC1,189,U,Unknown,350,400,inhumations
BrkFFD-MC1,1,U,Unknown,300,600,inhumations
BrkFFD-MC1,4,U,Unknown,350,600,inhumation
BrkFFD-MC1,5,U,Unknown,540,570,inhumation
BrkFFD-MC1,6,U,Unknown,300,600,inhumations
BrkFFD-MC1,10,U,Unknown,450,525,inhumation
BrkFFD-MC1,11,U,Unknown,300,400,inhumation
BrkFFD-MC1,12,U,Unknown,500,600,inhumation
BrkFFD-MC1,13,M,Adult,300,400,inhumation
BrkFFD-MC1,14,U,Unknown,350,400,inhumation
BrkFFD-MC1,15,F,Adult,300,600,inhumation
BrkFFD-MC1,16,F,Adult,350,400,inhumation
BrkFFD-MC1,17,U,Unknown,350,400,inhumation
BrkFFD-MC1,18,M,Adult,350,400,inhumation
BrkFFD-MC1,19,U,Unknown,300,600,inhumations
BrkFFD-MC1,22/,U,Unknown,300,600,inhumation
BrkFFD-MC1,23,U,Unknown,300,600,inhumations
BrkFFD-MC1,35,F,Adult,475,525,inhumation
BrkFFD-MC1,36,U,Unknown,300,600,inhumations
BrkFFD-MC1,47,F,Adult,300,600,inhumation
BrkFFD-MC1,48,U,Unknown,300,600,inhumations
BrkFFD-MC1,51/,U,Unknown,500,600,inhumation
BrkFFD-MC1,52,U,Unknown,300,600,inhumations
BrkFFD-MC1,58/59,U,Unknown,300,600,inhumations
BrkFFD-MC1,60,U,Unknown,375,400,inhumation
BrkFFD-MC1,61/62,U,Unknown,300,600,inhumation
BrkFFD-MC1,63,U,Unknown,300,600,inhumations
BrkFFD-MC1,67,M,Adult,300,600,inhumation
BrkFFD-MC1,68,U,Unknown,300,600,inhumations
BrkFFD-MC1,73,U,Unknown,400,575,inhumation
BrkFFD-MC1,74,M,Adult,300,600,inhumation
BrkFFD-MC1,75,U,Unknown,300,600,inhumations
BrkFFD-MC1,77,M,Adult,300,600,inhumation
BrkFFD-MC1,78,U,Unknown,300,600,inhumation
BrkFFD-MC1,79,F,Adult,375,400,inhumation
BrkFFD-MC1,80,U,Unknown,300,600,inhumations
BrkFFD-MC1,91,U,Unknown,475,525,inhumation
BrkFFD-MC1,92,U,Unknown,500,525,inhumation
BrkFFD-MC1,93,U,Unknown,300,600,inhumations
BrkFFD-MC1,104,M,Young,475,500,inhumation
BrkFFD-MC1,105,U,Unknown,300,600,inhumation
BrkFFD-MC1,106,F,Adult,475,575,inhumation
BrkFFD-MC1,107,U,Unknown,300,600,inhumation
BrkFFD-MC1,108,M,Adult,300,600,inhumation
BrkFFD-MC1,109/113,F,Adult,300,600,inhumations
BrkFFD-MC1,113/109,U,Child,300,600,inhumation
BrkFFD-MC1,114,U,Unknown,300,600,inhumations
BrkFFD-MC1,116/,U,Child,475,525,inhumation
BrkFFD-MC1,117,U,Unknown,300,600,inhumations
BrkFFD-MC1,125,M,Adult,400,575,inhumation
BrkFFD-MC1,126,U,Unknown,300,600,inhumations
BrkFFD-MC1,129,F,Adult,500,575,inhumation
BrkFFD-MC1,130,U,Unknown,300,600,inhumations
BrkFFD-MC1,132,F,Adult,400,575,inhumation
BrkFFD-MC1,133,F,Adult,350,400,inhumation
BrkFFD-MC1,134,F,Adult,400,575,inhumation
BrkFFD-MC1,135,U,Young,500,575,inhumation
BrkFFD-MC1,136,U,Unknown,300,600,inhumation
BrkFFD-MC1,137,U,Unknown,500,575,inhumation
BrkFFD-MC1,138/,F,Adult,400,500,inhumation
BrkFFD-MC1,139,U,Unknown,300,600,inhumation
BrkFFD-MC1,140,U,Unknown,475,525,inhumation
BrkFFD-MC1,141,F,Unknown,400,575,inhumation
BrkFFD-MC1,142,U,Unknown,475,525,inhumation
BrkFFD-MC1,143,U,Unknown,540,575,inhumation
BrkFFD-MC1,144,U,Unknown,400,575,inhumation
BrkFFD-MC1,145,U,Unknown,500,575,inhumation
BrkFFD-MC1,146,U,Unknown,300,600,inhumations
BrkFFD-MC1,155,F,Adult,500,525,inhumation
BrkFFD-MC1,156,U,Unknown,300,600,inhumation
BrkFFD-MC1,159,F,Adult,500,525,inhumation
BrkFFD-MC1,160,U,Unknown,300,600,inhumations
BrkFFD-MC1,190,M,Adult,350,400,inhumation
BrkFFD-MC1,C1,U,Unknown,300,600,cremation
BrkFFD-MC1,C2,U,Unknown,300,600,cremation
BrkFFD-MC1,C3,U,Unknown,300,600,cremation
BrkFFD-MC1,C4,U,Unknown,300,600,cremation
BrkFFD-MC1,C5,U,Unknown,500,600,cremation
BrkFFD-MC1,C6,U,Unknown,300,600,cremation
BrkFFD-MC1,C7,U,Unknown,400,525,cremation
BrkFFD-MC1,C8,U,Unknown,300,600,cremation
BrkFFD-MC1,C9,U,Unknown,300,600,cremation
BrkFFD-MC1,C10,U,Unknown,300,600,cremation
BrkFFD-MC1,C11,U,Unknown,475,575,cremation
BrkFFD-MC1,C12,U,Unknown,400,500,cremation
BrkFFD-MC1,C13,U,Unknown,300,600,cremation
BrkFLY-BI1,1/,M,45+,600,900,inhumation
BrkFLY-BI1,1/a,F,12,600,900,inhumation
BrkGSD-IC1,50,U,Unknown,450,600,inhumations
BrkGSD-IC1,10,U,Unknown,450,600,inhumations
BrkGSD-IC1,11,U,Unknown,450,600,inhumations
BrkGSD-IC1,12,U,Unknown,450,600,inhumations
BrkGSD-IC1,13,U,Unknown,450,600,inhumations
BrkGSD-IC1,14,U,Unknown,450,600,inhumations
BrkGSD-IC1,15,U,Unknown,450,600,inhumations
BrkGSD-IC1,16,U,Unknown,450,600,inhumations
BrkGSD-IC1,17,U,Unknown,450,600,inhumations
BrkGSD-IC1,18,U,Unknown,450,600,inhumations
BrkGSD-IC1,19,U,Unknown,450,600,inhumations
BrkGSD-IC1,20,U,Unknown,450,600,inhumations
BrkGSD-IC1,21,U,Unknown,450,600,inhumations
BrkGSD-IC1,22,U,Unknown,450,600,inhumations
BrkGSD-IC1,23,U,Unknown,450,600,inhumations
BrkGSD-IC1,24,U,Unknown,450,600,inhumations
BrkGSD-IC1,25,U,Unknown,450,600,inhumations
BrkGSD-IC1,26,U,Unknown,450,600,inhumations
BrkGSD-IC1,27,U,Unknown,450,600,inhumations
BrkGSD-IC1,28,U,Unknown,450,600,inhumations
BrkGSD-IC1,29,U,Unknown,450,600,inhumations
BrkGSD-IC1,30,U,Unknown,450,600,inhumations
BrkGSD-IC1,31,U,Unknown,450,600,inhumations
BrkGSD-IC1,32,U,Unknown,450,600,inhumations
BrkGSD-IC1,33,U,Unknown,450,600,inhumations
BrkGSD-IC1,34,U,Unknown,450,600,inhumations
BrkGSD-IC1,35,U,Unknown,450,600,inhumations
BrkGSD-IC1,1,M,Unknown,500,525,inhumation
BrkGSD-IC1,2,M,Unknown,450,600,inhumation
BrkGSD-IC1,?,F,Unknown,500,600,inhumation
BrkGSD-IC1,4,F,Unknown,500,600,inhumation
BrkGSD-IC1,5,F?,Unknown,400,500,inhumation
BrkGSD-IC1,6,U,Unknown,450,600,inhumation
BrkGSD-IC1,7,U,Unknown,400,500,inhumation
BrkGSD-IC1,8,M?,Unknown,450,600,inhumation
BrkGSD-IC1,9,U,Unknown,450,600,inhumations
BrkGSD-IC1,36,U,Unknown,450,600,inhumation
BrkGSD-IC1,37,F?,Unknown,450,600,inhumation
BrkGSD-IC1,38,U,Unknown,450,600,inhumation
BrkGSD-IC1,39,M,Unknown,450,600,inhumation
BrkGSD-IC1,40,U,Unknown,450,600,inhumation
BrkGSD-IC1,41,U,Unknown,450,600,inhumation
BrkGSD-IC1,42,U,Unknown,450,600,inhumation
BrkGSD-IC1,43,U,Unknown,450,600,inhumations
BrkGSD-IC1,46,F?,Unknown,475,525,inhumation
BrkGSD-IC1,47,U,Unknown,450,600,inhumation
BrkGSD-IC1,48,M?,Unknown,450,600,inhumation
BrkGSD-IC1,49,U,Unknown,450,600,inhumations
BrkGSD-IC1,51,F,Adult,450,600,inhumation
BrkGSD-IC1,52,M,Adult,450,600,inhumation
BrkGSD-IC1,53,M,Adult,450,600,inhumation
BrkGSD-IC1,54,F,Adult,400,500,inhumation
BrkGSD-IC1,55,M,Adult,450,600,inhumation
BrkGSD-IC1,56,U,Child,450,600,inhumation
BrkGSD-IC1,57,U,Unknown,450,600,inhumation animal
BrkGSD-IC1,58,U,Unknown,450,600,inhumation
BrkGSD-IC1,59,U,Child,450,600,inhumation
BrkGSD-IC1,60,U,Unknown,500,550,inhumation
BrkGSD-IC1,61,F,Adult,475,525,inhumation
BrkGSD-IC1,62,U,Unknown,450,600,inhumation
BrkGSD-IC1,63,U,Unknown,475,500,inhumation
BrkGSD-IC1,64,U,Unknown,500,550,inhumation
BrkGSD-IC1,65,M,Adolescent,450,600,inhumation
BrkGSD-IC1,66,M,Unknown,450,600,inhumation
BrkGSD-IC1,67,F,Adult,500,600,inhumation
BrkGSD-IC1,68,U,Child,450,600,inhumation
BrkGSD-IC1,69,F,Adult,500,525,inhumation
BrkGSD-IC1,70,U,0-1,450,600,inhumation
BrkGSD-IC1,71,U,Unknown,500,600,inhumation
BrkGSD-IC1,72,F,Adult,500,600,inhumation
BrkGSD-IC1,73,M,Adult,450,600,inhumation
BrkGSD-IC1,74/,U,Unknown,450,600,inhumation
BrkGSD-IC1,75,F,Adult,400,500,inhumation
BrkGSD-IC1,76,M,Adolescent,450,600,inhumation
BrkGSD-IC1,77,F,Adult,450,600,inhumation
BrkGSD-IC1,78,F,Adult,450,600,inhumation
BrkGSD-IC1,74/a,U,Unknown,450,600,inhumation
BrkHFD-BI1,1,F?,Unknown,450,700,inhumation
BrkHPH-BI1,1,U,Unknown,-500,900,inhumation
BrkHWL-IC1,1,U,Unknown,500,575,inhumation
BrkHWL-IC1,2,U,Unknown,600,700,inhumation
BrkHWL-IC1,3,U,Unknown,400,500,inhumation
BrkHWL-IC1,4,U,Unknown,475,525,inhumation
BrkHWL-IC1,5,U,Unknown,400,700,inhumation
BrkHWL-IC1,6,U,Unknown,400,700,inhumation
BrkHWL-IC1,7,M,Adult,400,700,inhumation
BrkLBN-BI1,1,U,Unknown,200,700,inhumation
BrkLBN-BI2,1,U,Unknown,650,750,inhumation
BrkLCT-BI1,1,U,Unknown,600,700,inhumation
BrkLKG-BI1,1,U,Unknown,475,525,inhumation
BrkLKG-IC1,2,U,Unknown,450,650,inhumation
BrkLKG-IC1,3,U,Unknown,450,650,inhumation
BrkLKG-IC1,4,U,Unknown,450,650,inhumation
BrkLKG-IC1,5,U,Unknown,450,650,inhumation
BrkLKG-IC1,6,U,Unknown,450,650,inhumation
BrkLKG-IC1,7,U,Unknown,450,650,inhumation
BrkLKG-IC1,8,U,Unknown,450,650,inhumation
BrkLKG-IC1,9,U,Unknown,450,650,inhumation
BrkLKG-IC1,10,U,Unknown,450,650,inhumation
BrkLKG-IC1,11,U,Unknown,450,650,inhumation
BrkLKG-IC1,12,U,Unknown,450,650,inhumation
BrkLKG-IC1,13,U,Unknown,450,650,inhumation
BrkLKG-IC1,14,U,Unknown,450,650,inhumation
BrkLKG-IC1,15,U,Unknown,450,650,inhumation
BrkLKG-IC1,16,U,Unknown,450,650,inhumation
BrkLKG-IC1,17,U,Unknown,450,650,inhumation
BrkLKG-IC1,18,U,Unknown,450,650,inhumation
BrkLKG-IC1,19,U,Unknown,450,650,inhumation
BrkLKG-IC1,20,U,Unknown,450,650,inhumation
BrkLKG-IC1,21,U,Unknown,450,650,inhumation
BrkLKG-IC1,22,U,Unknown,450,650,inhumation
BrkLKG-IC1,23,U,Unknown,450,650,inhumation
BrkLKG-IC1,24,U,Unknown,450,650,inhumation
BrkLKG-IC1,25,U,Unknown,450,650,inhumation
BrkLKG-IC1,26,U,Unknown,450,650,inhumation
BrkLKG-IC1,27,U,Unknown,450,650,inhumation
BrkLKG-IC1,28,U,Unknown,450,650,inhumation
BrkLKG-IC1,29,U,Unknown,450,650,inhumation
BrkLKG-IC1,30,U,Unknown,450,650,inhumation
BrkLKG-IC1,31,U,Unknown,450,650,inhumation
BrkLKG-IC1,32,U,Unknown,450,650,inhumation
BrkLKG-IC1,33,U,Unknown,450,650,inhumation
BrkLKG-IC1,34,U,Unknown,450,650,inhumation
BrkLKG-IC1,35,U,Unknown,450,650,inhumation
BrkLKG-IC1,36,U,Unknown,450,650,inhumation
BrkLKG-IC1,37,U,Unknown,450,650,inhumation
BrkLKG-IC1,38,U,Unknown,450,650,inhumation
BrkLKG-IC1,39,U,Unknown,450,650,inhumation
BrkLKG-IC1,40,U,Unknown,450,650,inhumation
BrkLKG-IC1,41,U,Unknown,450,650,inhumation
BrkLKG-IC1,42,U,Unknown,450,650,inhumation
BrkLKG-IC1,43,U,Unknown,450,650,inhumation
BrkLKG-IC1,44,U,Unknown,450,650,inhumation
BrkLKG-IC1,45,U,Unknown,450,650,inhumation
BrkLKG-IC1,46,U,Unknown,450,650,inhumation
BrkLKG-IC1,47,U,Unknown,450,650,inhumation
BrkLKG-IC1,48,U,Unknown,450,650,inhumation
BrkLKG-IC1,49,U,Unknown,450,650,inhumation
BrkLKG-IC1,50,U,Unknown,450,650,inhumation
BrkLKG-IC1,51,U,Unknown,450,650,inhumation
BrkLKG-IC1,52,U,Unknown,450,650,inhumation
BrkLKG-IC1,53,U,Unknown,450,650,inhumation
BrkLKG-IC1,54,U,Unknown,450,650,inhumation
BrkLKG-IC1,55,U,Unknown,450,650,inhumation
BrkLKG-IC1,56,U,Unknown,450,650,inhumation
BrkLKG-IC1,57,U,Unknown,450,650,inhumation
BrkLKG-IC1,58,U,Unknown,450,650,inhumation
BrkLKG-IC1,59,U,Unknown,450,650,inhumation
BrkLKG-IC1,60,U,Unknown,450,650,inhumation
BrkLKG-IC1,61,U,Unknown,450,650,inhumation
BrkLKG-IC1,62,U,Unknown,450,650,inhumation
BrkLKG-IC1,63,U,Unknown,450,650,inhumation
BrkLKG-IC1,64,U,Unknown,450,650,inhumation
BrkLKG-IC1,65,U,Unknown,450,650,inhumation
BrkLKG-IC1,66,U,Unknown,450,650,inhumation
BrkLKG-IC1,67,U,Unknown,450,650,inhumation
BrkLKG-IC1,68,U,Unknown,450,650,inhumation
BrkLKG-IC1,69,U,Unknown,450,650,inhumation
BrkLKG-IC1,70,U,Unknown,450,650,inhumation
BrkLKG-IC1,71,U,Unknown,450,650,inhumation
BrkLKG-IC1,72,U,Unknown,450,650,inhumation
BrkLKG-IC1,73,U,Unknown,450,650,inhumation
BrkLKG-IC1,74,U,Unknown,450,650,inhumation
BrkLKG-IC1,75,U,Unknown,450,650,inhumation
BrkLKG-IC1,76,U,Unknown,450,650,inhumation
BrkLKG-IC1,77,U,Unknown,450,650,inhumation
BrkLKG-IC1,78,U,Unknown,450,650,inhumation
BrkLKG-IC1,79,U,Unknown,450,650,inhumation
BrkLKG-IC1,80,U,Unknown,450,650,inhumation
BrkLKG-IC1,1,U,Unknown,450,650,inhumation
BrkLRS-BI1,1,U,Unknown,450,650,inhumation
BrkLTM-BC1,1,U,Unknown,450,600,cremation
BrkLWM-IC1,a,U,Adult,600,700,inhumation
BrkLWM-IC1,1,F,Adult,600,700,inhumation
BrkLWM-IC1,2,F,Adult,600,700,inhumation
BrkLWM-IC1,3,F,Young,650,700,inhumation
BrkLWM-IC1,4,U,Young,600,700,inhumation
BrkLWM-IC1,5,F,Adult,600,700,inhumation
BrkLWM-IC1,6,F,Adult,600,700,inhumation
BrkLWM-IC1,7,F,Young,650,700,inhumation
BrkLWM-IC1,8,F,Adult,600,700,inhumation
BrkLWM-IC1,9,F?,Adult,600,700,inhumation
BrkLWM-IC1,10,F,Adult,600,700,inhumation
BrkLWM-MC1,86a,U,Unknown,450,615,inhumation
BrkLWM-MC1,1,U,Child,450,615,inhumation
BrkLWM-MC1,2,M,Adult,450,615,inhumation
BrkLWM-MC1,3,F,Young,500,600,inhumation
BrkLWM-MC1,4,M,Unknown,450,615,inhumation
BrkLWM-MC1,5,F,Young,425,500,inhumation
BrkLWM-MC1,6,U,Child,450,550,inhumation
BrkLWM-MC1,7,F,Adult,450,615,inhumation
BrkLWM-MC1,8,M,Adult,450,615,inhumation
BrkLWM-MC1,9,M,Unknown,450,575,inhumation
BrkLWM-MC1,10,U,Child,450,615,inhumation
BrkLWM-MC1,11,U,Child,450,615,inhumation
BrkLWM-MC1,12,F,Young,475,525,inhumation
BrkLWM-MC1,13,M,Unknown,450,615,inhumation
BrkLWM-MC1,14,U,Child,450,615,inhumation
BrkLWM-MC1,15,U,Child,475,500,inhumation
BrkLWM-MC1,16,U,Young,450,615,inhumation
BrkLWM-MC1,17,U,Child,450,615,inhumation
BrkLWM-MC1,18,F,Young,450,615,inhumation
BrkLWM-MC1,19,U,Child,450,615,inhumation
BrkLWM-MC1,20,F,Young,425,475,inhumation
BrkLWM-MC1,21,M,Adult,450,550,inhumation
BrkLWM-MC1,22,U,Child,450,615,inhumation
BrkLWM-MC1,23,U,Child,450,615,inhumation
BrkLWM-MC1,24,M,Adult,450,615,inhumation
BrkLWM-MC1,25,M,Adult,525,600,inhumation
BrkLWM-MC1,26,M,Adult,525,600,inhumation
BrkLWM-MC1,27,M,Adult,450,615,inhumation
BrkLWM-MC1,28,U,Child,450,615,inhumation
BrkLWM-MC1,29,F,Young,475,525,inhumation
BrkLWM-MC1,30,F,Young,450,615,inhumation
BrkLWM-MC1,31,F,Adult,475,525,inhumation
BrkLWM-MC1,32,U,Child,450,615,inhumation
BrkLWM-MC1,33,F,Adult,500,525,inhumation
BrkLWM-MC1,34,F,Adult,450,615,inhumation
BrkLWM-MC1,35,F,Adult,475,525,inhumation
BrkLWM-MC1,36,M,Adult,475,575,inhumation
BrkLWM-MC1,37,F,Adult,450,615,inhumation
BrkLWM-MC1,38,M,Adult,550,615,inhumation
BrkLWM-MC1,39,U,Young,450,615,inhumation
BrkLWM-MC1,40,U,Child,450,615,inhumation
BrkLWM-MC1,41,F,Unknown,450,615,inhumation
BrkLWM-MC1,42,M,Adult,450,525,inhumation
BrkLWM-MC1,43,M,Adult,450,615,inhumation
BrkLWM-MC1,44,U,Child,450,600,inhumation
BrkLWM-MC1,45,M,Adult,500,600,inhumation
BrkLWM-MC1,46,F,Adult,500,525,inhumation
BrkLWM-MC1,47,F,Adult,450,500,inhumation
BrkLWM-MC1,48,M,Adult,450,600,inhumation
BrkLWM-MC1,49,U,Child,450,615,inhumation
BrkLWM-MC1,50,F,Adult,450,615,inhumation
BrkLWM-MC1,51,F,Young,450,615,inhumation
BrkLWM-MC1,52,F,Adult,475,525,inhumation
BrkLWM-MC1,53,F,Adult,475,525,inhumation
BrkLWM-MC1,54,F,Adult,450,615,inhumation
BrkLWM-MC1,55,U,Child,450,615,inhumation
BrkLWM-MC1,56,M,Adult,525,575,inhumation
BrkLWM-MC1,57,F?,Adult,475,525,inhumation
BrkLWM-MC1,58,F,Young,500,525,inhumation
BrkLWM-MC1,59,F,Adult,450,615,inhumation
BrkLWM-MC1,60,U,Child,475,575,inhumation
BrkLWM-MC1,61,M,Adult,450,615,inhumation
BrkLWM-MC1,62,U,Child,450,615,inhumation
BrkLWM-MC1,63,F,Adult,475,500,inhumation
BrkLWM-MC1,64,U,Child,450,600,inhumation
BrkLWM-MC1,65,F,Adult,475,525,inhumation
BrkLWM-MC1,66,U,Child,450,600,inhumation
BrkLWM-MC1,67,M,Adult,475,525,inhumation
BrkLWM-MC1,68,F,Adult,475,525,inhumation
BrkLWM-MC1,69,M,Adult,500,615,inhumation
BrkLWM-MC1,70,F,Adult,450,615,inhumation
BrkLWM-MC1,71,F,Adult,575,615,inhumation
BrkLWM-MC1,72,F,Young,450,615,inhumation
BrkLWM-MC1,73,U,Child,450,615,inhumation
BrkLWM-MC1,74,U,Child,450,600,inhumation
BrkLWM-MC1,75,U,Child,450,600,inhumation
BrkLWM-MC1,76,M,Young,450,615,inhumation
BrkLWM-MC1,77,M,Young,450,615,inhumation
BrkLWM-MC1,78,F,Adult,475,525,inhumation
BrkLWM-MC1,79,F,Adult,475,525,inhumation
BrkLWM-MC1,80,F,Adult,500,600,inhumation
BrkLWM-MC1,81,M,Adult,450,575,inhumation
BrkLWM-MC1,82,M,Adult,475,615,inhumation
BrkLWM-MC1,83,M,Adult,450,615,inhumation
BrkLWM-MC1,84,F,Adult,475,525,inhumation
BrkLWM-MC1,85,M,Adult,450,575,inhumation
BrkLWM-MC1,86,U,Unknown,450,615,inhumation
BrkLWM-MC1,87,F,Adult,450,615,inhumation
BrkLWM-MC1,88,M,Adult,450,615,inhumation
BrkLWM-MC1,89,F,Adult,450,615,inhumation
BrkLWM-MC1,90,F,Adult,450,615,inhumation
BrkLWM-MC1,91,M,Adult,475,575,inhumation
BrkLWM-MC1,92,M,Adult,475,575,inhumation
BrkLWM-MC1,93,U,Child,450,500,inhumation
BrkLWM-MC1,94,U,Child,450,615,inhumation
BrkLWM-MC1,95,F,Young,525,600,inhumation
BrkLWM-MC1,96,F,Adult,450,500,inhumation
BrkLWM-MC1,97,U,Unknown,450,615,inhumation
BrkLWM-MC1,98,U,Child,450,615,inhumation
BrkLWM-MC1,99,U,Young,450,615,inhumation
BrkLWM-MC1,100,F,Adult,500,525,inhumation
BrkLWM-MC1,101,F,Unknown,450,615,inhumation
BrkLWM-MC1,102,F,Unknown,450,615,inhumation
BrkLWM-MC1,103,M,Adult,450,615,inhumation
BrkLWM-MC1,104,F,Adult,475,525,inhumation
BrkLWM-MC1,105,M,Adult,450,615,inhumation
BrkLWM-MC1,106,M,Young,525,600,inhumation
BrkLWM-MC1,107,M,Young,525,615,inhumation
BrkLWM-MC1,108,U,Child,450,500,inhumation
BrkLWM-MC1,109,U,Child,450,615,inhumation
BrkLWM-MC1,110,F,Young,500,525,inhumation
BrkLWM-MC1,111,F,Adult,525,575,inhumation
BrkLWM-MC1,112,M,Young,450,600,inhumation
BrkLWM-MC1,113,U,Child,450,615,inhumation
BrkLWM-MC1,114,U,Child,450,615,inhumation
BrkLWM-MC1,115,F,Unknown,450,615,inhumation
BrkLWM-MC1,116,U,Young,450,615,inhumation
BrkLWM-MC1,117/,F,Adult,450,615,inhumation
BrkLWM-MC1,118,M,Young,475,615,inhumation
BrkLWM-MC1,119,U,Young,450,615,inhumation
BrkLWM-MC1,120,U,Young,450,615,inhumation
BrkLWM-MC1,121,F,Young,525,600,inhumation
BrkLWM-MC1,122,F,Young,450,615,inhumation
BrkLWM-MC1,123,F,Adult,575,600,inhumation
BrkLWM-MC1,124,U,Young,450,615,inhumation
BrkLWM-MC1,125,F,Adult,475,525,inhumation
BrkLWM-MC1,126,M,Adult,525,615,inhumation
BrkLWM-MC1,127,U,Child,450,615,inhumation
BrkLWM-MC1,128,U,Child,485,575,inhumation
BrkLWM-MC1,129,F,Young,475,525,inhumation
BrkLWM-MC1,130,F,Adult,500,600,inhumation
BrkLWM-MC1,131,U,Child,475,615,inhumation
BrkLWM-MC1,132,M,Adult,450,615,inhumation
BrkLWM-MC1,133,F,Young,500,600,inhumation
BrkLWM-MC1,134,U,Child,500,525,inhumation
BrkLWM-MC1,135,M,Adult,450,615,inhumation
BrkLWM-MC1,136,F,Adult,450,615,inhumation
BrkLWM-MC1,137,M,Adult,450,615,inhumation
BrkLWM-MC1,138,M,Young,450,525,inhumation
BrkLWM-MC1,139,U,Child,450,615,inhumation
BrkLWM-MC1,140,F,Young,450,615,inhumation
BrkLWM-MC1,141,U,Unknown,450,615,inhumation
BrkLWM-MC1,142,F,Adult,475,525,inhumation
BrkLWM-MC1,143,F,Adult,450,615,inhumation
BrkLWM-MC1,144,U,Young,450,615,inhumation
BrkLWM-MC1,145,F,Adult,450,615,inhumation
BrkLWM-MC1,146,M,Young,475,575,inhumation
BrkLWM-MC1,147,U,Unknown,450,615,inhumation
BrkLWM-MC1,148,U,Young,450,615,inhumation
BrkLWM-MC1,149,M,Young,450,615,inhumation
BrkLWM-MC1,150,F,Adult,500,525,inhumation
BrkLWM-MC1,151,F,Adult,475,525,inhumation
BrkLWM-MC1,152,F,Adult,500,600,inhumation
BrkLWM-MC1,153,F,Adult,450,615,inhumation
BrkLWM-MC1,154,M,Young,450,600,inhumation
BrkLWM-MC1,155,M,Adult,450,600,inhumation
BrkLWM-MC1,156,F,Unknown,450,615,inhumation
BrkLWM-MC1,157,F,Adult,450,615,inhumation
BrkLWM-MC1,158,F,Adult,450,615,inhumation
BrkLWM-MC1,159,U,Child,450,615,inhumation
BrkLWM-MC1,160,F,Adult,450,615,inhumation
BrkLWM-MC1,161,M,Adult,525,615,inhumation
BrkLWM-MC1,162,F,Young,525,600,inhumation
BrkLWM-MC1,163,F,Adult,475,525,inhumation
BrkLWM-MC1,164,F,Adult,450,615,inhumation
BrkLWM-MC1,165,F,Adult,450,500,inhumation
BrkLWM-MC1,166,F,Adult,475,525,inhumation
BrkLWM-MC1,167,F,Unknown,450,615,inhumation
BrkLWM-MC1,168,M,Young,475,575,inhumation
BrkLWM-MC1,169,U,Child,450,615,inhumation
BrkLWM-MC1,170,U,Child,450,615,inhumation
BrkLWM-MC1,171,F,Adult,500,525,inhumation
BrkLWM-MC1,172,F,Adult,450,615,inhumation
BrkLWM-MC1,173,M,Adult,450,615,inhumation
BrkLWM-MC1,174,M,Young,500,600,inhumation
BrkLWM-MC1,175,M,Young,450,615,inhumation
BrkLWM-MC1,176,M,Adult,450,615,inhumation
BrkLWM-MC1,177,M,Adult,450,525,inhumation
BrkLWM-MC1,178,U,Child,450,615,inhumation
BrkLWM-MC1,179,M,Adult,475,575,inhumation
BrkLWM-MC1,180/,M,Adult,500,600,inhumation
BrkLWM-MC1,181,U,Child,450,615,inhumation
BrkLWM-MC1,182,M,Adult,450,615,inhumation
BrkLWM-MC1,183,U,Child,450,615,inhumation
BrkLWM-MC1,184,F,Adult,450,615,inhumation
BrkLWM-MC1,185,F,Adult,450,615,inhumation
BrkLWM-MC1,186,F,Adult,500,525,inhumation
BrkLWM-MC1,187,F,Adult,500,525,inhumation
BrkLWM-MC1,188,F,Adult,450,615,inhumation
BrkLWM-MC1,189,U,Unknown,450,615,inhumation
BrkLWM-MC1,190,U,Unknown,450,615,inhumation
BrkLWM-MC1,191,U,Unknown,450,615,inhumation
BrkLWM-MC1,A,M,Adult,525,550,inhumation
BrkLWM-MC1,B,U,Unknown,475,500,inhumation
BrkLWM-MC1,D,F,Adult,475,525,inhumation
BrkLWM-MC1,E,U,Child,450,615,inhumation
BrkLWM-MC1,117/a,U,0-1,550,615,inhumation
BrkLWM-MC1,180/a,M,Young,500,600,inhumation
BrkLWM-MC1,C1,U,Unknown,450,615,cremation
BrkLWM-MC1,C2,U,Unknown,500,600,cremation
BrkLWM-MC1,C3,U,Unknown,450,615,cremation
BrkLWM-MC1,C4,U,Unknown,450,615,cremation
BrkLWM-MC1,C5,U,Unknown,450,615,cremation
BrkLWM-MC1,C6,U,Unknown,450,615,cremation
BrkLWM-MC1,C7,U,Unknown,450,615,cremation
BrkLWM-MC1,C8,U,Unknown,450,615,cremation
BrkLWM-MC1,C9,U,Unknown,450,615,cremation
BrkLWM-MC1,C10,U,Unknown,450,615,cremation
BrkLWM-MC1,C11,U,Unknown,450,615,cremation
BrkLWM-MC1,C12,U,Unknown,450,615,cremation
BrkLWM-MC1,C13,U,Unknown,450,615,cremation
BrkLWM-MC1,C14,U,Unknown,450,615,cremation
BrkLWM-MC1,C15,U,Unknown,450,615,cremation
BrkLWM-MC1,C16,U,Unknown,450,615,cremation
BrkLWM-MC1,C17,U,Unknown,450,615,cremation
BrkLWM-MC1,C18,U,Unknown,450,615,cremation
BrkLWM-MC1,C19,U,Unknown,500,600,cremation
BrkLWM-MC1,C20,U,Unknown,450,615,cremation
BrkLWM-MC1,C21,U,Unknown,450,615,cremation
BrkLWM-MC1,C22,U,Unknown,450,615,cremation
BrkLWM-MC1,C23,U,Unknown,450,615,cremation
BrkLWM-MC1,C24,U,Unknown,450,615,cremation
BrkLWM-MC1,C25,U,Unknown,450,615,cremation
BrkLWM-MC1,C26,U,Unknown,450,615,cremation
BrkLWM-MC1,C27,U,Unknown,450,615,cremation
BrkLWM-MC1,C28,U,Unknown,500,600,cremation
BrkLWM-MC1,C29,U,Unknown,450,615,cremation
BrkLWM-MC1,C30,U,Unknown,450,615,cremation
BrkLWM-MC1,C31,U,Unknown,450,615,cremation
BrkLWM-MC1,C33,U,Unknown,450,615,cremation
BrkLWM-MC1,C34,U,Unknown,450,615,cremation
BrkLWM-MC1,C35,U,Unknown,450,615,cremation
BrkLWM-MC1,C36,U,Unknown,450,615,cremation
BrkLWM-MC1,C37,U,Unknown,450,615,cremation
BrkLWM-MC1,C38,U,Unknown,450,615,cremation
BrkLWM-MC1,C39,U,Unknown,450,615,cremation
BrkLWM-MC1,C40,U,Unknown,450,615,cremation
BrkLWM-MC1,C41,U,Unknown,450,615,cremation
BrkLWM-MC1,C42,U,Unknown,450,615,cremation
BrkLWM-MC1,C43,U,Unknown,450,615,cremation
BrkLWM-MC1,C44,U,Unknown,450,615,cremation
BrkLWM-MC1,C45,U,Unknown,450,615,cremation
BrkLWM-MC1,C46,U,Unknown,450,615,cremation
BrkLWM-MC1,C47,U,Unknown,450,615,cremation
BrkLWM-MC1,C48,U,Unknown,450,615,cremation
BrkLWM-MC1,C49,U,Unknown,450,615,cremation
BrkMTN-IC1,4,U,Unknown,350,600,inhumations
BrkMTN-IC1,5,U,Unknown,350,600,inhumations
BrkMTN-IC1,6,U,Unknown,350,600,inhumations
BrkMTN-IC1,7,U,Unknown,350,600,inhumations
BrkMTN-IC1,8,U,Unknown,350,600,inhumations
BrkMTN-IC1,9,U,Unknown,350,600,inhumations
BrkMTN-IC1,10,U,Unknown,350,600,inhumations
BrkMTN-IC1,1,U,Unknown,350,600,inhumation
BrkMTN-IC1,2,U,Unknown,350,600,inhumation
BrkMTN-IC1,3,U,Unknown,350,600,inhumations
BrkMTN-IC1,11,U,Unknown,350,600,inhumation
BrkMTN-IC2,1,U,Unknown,600,700,inhumation
BrkMTN-IC2,2,U,Child,600,700,inhumation
BrkMTN-IC2,3,U,Unknown,600,700,inhumation
BrkMTN-IC2,4,U,Unknown,600,700,inhumation
BrkMTN-IC2,5,F,Unknown,600,700,inhumation
BrkMTN-IC2,6,F,Unknown,600,700,inhumation
BrkMTN-IC2,7,F,Unknown,600,700,inhumation
BrkMTN-IC2,8,U,Unknown,600,700,inhumation
BrkMTN-IC2,9,U,Unknown,600,700,inhumation
BrkMTN-IC2,10,U,Unknown,600,700,inhumation
BrkMTN-IC2,11,U,Unknown,600,700,inhumation
BrkMTN-IC2,12,U,Unknown,600,700,inhumation
BrkPBN-MC1,CX,U,Unknown,450,700,cremations
BrkPLY-BI1,1,U,Unknown,450,600,inhumation
BrkRDG-BC1,1,U,Unknown,450,600,cremation
BrkRDG-BI1,1,U,Unknown,450,650,inhumation
BrkRDG-IC2,1,F,40-60,630,780,inhumation
BrkRDG-IC2,2,M,Juvenile,630,780,inhumation
BrkRDG-MC1,C1,U,Unknown,400,600,cremation
BrkRDG-MC1,C2,U,Unknown,400,600,cremation
BrkRDG-MC1,3,M,Unknown,475,525,inhumation
BrkRDG-MC1,4,U,Unknown,475,500,inhumation
BrkRDG-MC1,C5,U,Unknown,400,600,cremation
BrkRDG-MC1,C6,U,Unknown,400,500,cremation
BrkRDG-MC1,7/,F,Adult,500,600,inhumation
BrkRDG-MC1,C8,U,Unknown,400,600,cremation
BrkRDG-MC1,C9,U,Unknown,400,600,cremation
BrkRDG-MC1,C10,U,Unknown,400,600,cremation
BrkRDG-MC1,C11,U,Unknown,500,525,cremation
BrkRDG-MC1,12,M,Unknown,400,600,inhumation
BrkRDG-MC1,13,F,Unknown,400,500,inhumation
BrkRDG-MC1,C7,U,Unknown,500,600,cremation
BrkRDG-MC1,C11a,U,Unknown,400,600,cremation
BrkRMM-IC1,1921,U,Unknown,400,600,inhumation
BrkSCY-BI1,1,M,Adult,550,600,inhumation
BrkSCY-BI2,1,U,Unknown,475,525,inhumation
BrkSCY-BI3,1,U,Unknown,450,700,inhumation
BrkSCY-IC1,1,U,Unknown,540,600,inhumation
BrkSCY-IC1,2,U,Unknown,500,600,inhumation
BrkSCY-IC1,3,U,Unknown,500,600,inhumation
BrkSCY-IC2,1,M,Adult,600,725,inhumation
BrkSCY-IC2,2,F,Adult,625,725,inhumation
BrkSCY-IC2,3,M?,Adult,600,725,inhumation
BrkSCY-IC2,4,F?,Adult,600,725,inhumation
BrkSCY-IC2,5,F,Adult,600,725,inhumation
BrkSCY-IC2,6,U,6-8,600,725,inhumation
BrkSCY-IC2,7,U,14-16,600,725,inhumation
BrkSCY-IC2,8,M,17-25,600,725,inhumation
BrkSCY-IC2,9,U,9-11,600,725,inhumation
BrkSCY-IC2,10,U,Yng adult,600,725,inhumation
BrkSCY-IC2,11,F?,Adult,600,725,inhumation
BrkSCY-IC2,12,U,3-5,650,725,inhumation
BrkSCY-IC2,13,U,Adult,600,725,inhumation
BrkSCY-IC2,14,U,Adult,600,725,inhumation
BrkSCY-IC2,15,U,17-25,600,725,inhumation
BrkSCY-IC2,16,U,Adult,600,725,inhumation
BrkSCY-IC2,17,U,Adult,600,725,inhumation
BrkSHT-BI1,1,U,Unknown,450,650,inhumation
BrkSLK-MC1,C:X,U,Unknown,500,600,cremations
BrkSLY-BI1,1,U,Unknown,500,600,inhumation
BrkTBY-IC1,1321,F,25-45+,424,536,inhumation
BrkTBY-IC1,1389,U,35-35,429,544,inhumation
BrkTBY-IC1,1408,U,18+,425,550,inhumation
BrkTBY-IC1,1409,M,45+,425,550,inhumation
BrkTBY-IC1,1413,M,45+,425,550,inhumation
BrkTBY-IC1,1668,F,18-25,537,637,inhumation
BrkTBY-IC1,1388,U,Unknown,425,550,inhumation
BrkUFN-BI1,1,U,Unknown,450,600,inhumation
BrkUFN-IC1,6,U,Unknown,500,700,inhumation
BrkUFN-IC1,7,U,Unknown,500,700,inhumation
BrkUFN-IC1,8,U,Unknown,500,700,inhumation
BrkUFN-IC1,9,U,Unknown,500,700,inhumation
BrkUFN-IC1,10,U,Unknown,500,700,inhumation
BrkUFN-IC1,3,U,Unknown,500,700,inhumations
BrkUFN-IC1,1,U,Unknown,600,700,inhumation
BrkUFN-IC1,2,U,Unknown,500,700,inhumations
BrkUFN-IC1,4,M,Unknown,500,600,inhumation
BrkUFN-IC1,5,U,Unknown,500,700,inhumation
BrkUPN-IC1,1,U,Unknown,400,600,inhumation
BrkUPN-IC1,2,U,Unknown,400,600,inhumation?
BrkUPN-IC1,3,U,Unknown,400,600,inhumation
BrkWBY-IC1,2,U,Unknown,400,1100,inhumations
BrkWBY-IC1,3,U,Unknown,400,1100,inhumations
BrkWBY-IC1,1,U,Unknown,400,1100,inhumations
BrkWFD-MC1,1,F,Adult,540,600,inhumation
BrkWFD-MC1,10,U,Child,400,600,inhumation
BrkWFD-MC1,11,U,Child,500,525,inhumation
BrkWFD-MC1,12,F,Adult,540,600,inhumation
BrkWFD-MC1,13,U,Child,400,600,inhumation
BrkWFD-MC1,14,U,Unknown,400,600,inhumation
BrkWFD-MC1,15,F,Adult,475,500,inhumation
BrkWFD-MC1,16,F,Adult,500,525,inhumation
BrkWFD-MC1,17,U,Unknown,400,600,inhumation
BrkWFD-MC1,18,U,Unknown,475,500,inhumation
BrkWFD-MC1,19,U,Unknown,400,600,inhumation
BrkWFD-MC1,2,U,Unknown,400,600,inhumation
BrkWFD-MC1,20,U,Unknown,400,600,inhumation
BrkWFD-MC1,21,U,Unknown,475,525,inhumation
BrkWFD-MC1,22,U,Unknown,475,525,inhumation
BrkWFD-MC1,23,U,Unknown,400,600,inhumation
BrkWFD-MC1,24,U,Unknown,400,600,inhumation
BrkWFD-MC1,3,U,Unknown,400,600,inhumation
BrkWFD-MC1,4,U,Unknown,400,600,inhumation
BrkWFD-MC1,5,U,Unknown,400,600,inhumation
BrkWFD-MC1,6,U,Unknown,400,600,inhumation
BrkWFD-MC1,7,U,Child,400,600,inhumation
BrkWFD-MC1,8,U,Child,475,500,inhumation
BrkWFD-MC1,9,U,Child,400,600,inhumation
BrkWFD-MC1,C1,U,Unknown,500,525,cremation
BrkWFD-MC1,C2,U,Unknown,400,500,cremation
BrkWFD-MC1,C3,U,Unknown,400,525,cremation
BrkWFD-MC1,C4,U,Unknown,400,600,cremation
BrkWFD-MC1,C5,U,Unknown,400,600,cremation
BrkWFD-MC1,C6,U,Unknown,400,500,cremation
BrkWHD-MC1,1,U,2-4,400,550,inhumation
BrkWHD-MC1,2,U,10,400,550,inhumation
BrkWHD-MC1,3,M,Adolescent,475,550,inhumation
BrkWHD-MC1,4,U,Unknown,400,550,inhumation
BrkWSE-IC1,1,F?,Unknown,600,700,inhumation
BrkWSE-IC1,2,F?,Unknown,600,700,inhumation
BrkWSE-IC1,3,M,Adult,600,700,inhumation
BrkWSE-IC1,4,F,Unknown,600,700,inhumation
BrkWSE-IC1,5,M,Child,600,700,inhumation
BrkWTD-MC1,1,U,Unknown,475,575,inhumation
BrkWTD-MC1,2,M,34-40,475,550,inhumation
BrkWTD-MC1,3,U,5-6,475,575,inhumation
BrkWTD-MC1,5,M,40-45,475,575,inhumation
BrkWTD-MC1,6,U,Unknown,475,575,inhumation
BrkWTD-MC1,9,M,18-23,475,550,inhumation
BrkWTD-MC1,11,M?,Unknown,475,575,inhumation
BrkWTD-MC1,13,M?,15-20,475,575,inhumation
BrkWTD-MC1,14,F,20-25,500,575,inhumation
BrkWTD-MC1,19,U,10-12,475,575,inhumation
BrkWTD-MC1,20,U,13-14,475,575,inhumation
BrkWTD-MC1,27,F,Adult,475,575,inhumation
BrkWTD-MC1,52,U,35-40,475,575,inhumation
BrkWTD-MC1,54,U,14,500,575,inhumation
BrkWTD-MC1,62,M?,Adult,475,575,inhumation
BrkWTD-MC1,66,F,Adult,475,575,inhumation
BrkWTD-MC1,67,M,20-25,525,575,inhumation
BrkWTD-MC1,68,F,Adult,475,575,inhumation
BrkWTD-MC1,71,M,35-40,500,475,inhumation
BrkWTD-MC1,72,M,25-30,475,550,inhumation
BrkWTD-MC1,73,M,40+,475,575,inhumation
BrkWTD-MC1,74,M,35-40,475,550,inhumation
BrkWTD-MC1,75,U,35-40,525,575,inhumation
BrkWTD-MC1,76,F,Adult,500,550,inhumation
BrkWTD-MC1,77,F,15-20,475,575,inhumation
BrkWTD-MC1,81,M,Adult,475,575,inhumation
BrkWTD-MC1,105,F,45+,475,575,inhumation
BrkWTD-MC1,127,M,30-35,475,575,inhumation
BrkWTD-MC1,131,F,25-35,475,575,inhumation
BrkWTD-MC1,157,M?,Adult,475,575,inhumation
BrkWTD-MC1,160,U,Unknown,475,575,inhumation
BrkWTD-MC1,166,U,0-1,475,575,inhumation
BrkWTD-MC1,208,U,0-1,475,575,inhumation
BrkWTD-MC1,305,F?,35-45,525,575,inhumation
BrkWTD-MC1,309/,F,20-25,475,575,inhumation
BrkWTD-MC1,309/a,U,<1,475,575,inhumation
BrkWTD-MC1,315,F,20-25,525,575,inhumation
BrkWTD-MC1,319,M?,20-25,475,550,inhumation
BrkWTD-MC1,322,M,15-18,475,575,inhumation
BrkWTD-MC1,334,U,4-8,475,575,inhumation
BrkWTD-MC1,344,U,7-11,475,575,inhumation
BrkWTD-MC1,346,U,7+,475,575,inhumation
BrkWTD-MC1,349,U,4-8,475,575,inhumation
BrkWTD-MC1,394,F?,30-35,475,525,inhumation
BrkWTD-MC1,397,U,Unknown,475,575,inhumation
BrkWTD-MC1,398,U,Unknown,475,575,inhumation
BrkWTD-MC1,400,U,0-1,475,575,inhumation
BrkWTD-MC1,4,U,Unknown,475,575,inhumation
BrkWTD-MC1,17,U,Unknown,475,575,inhumation
BrkWTD-MC1,57,U,Unknown,475,575,inhumation
BrkWTD-MC1,63,U,Unknown,475,575,inhumation
BrkWTD-MC1,80,U,Unknown,475,575,inhumation
BrkWTD-MC1,C204,U,Unknown,475,575,cremation
BrkWTD-MC1,C211,U,Unknown,475,575,cremation
BrkWTN-BI1,1,U,Unknown,575,700,inhumation
BrkWYM-IC1,1,U,Unknown,450,600,inhumation
BrkWYM-IC1,2,U,Unknown,450,600,inhumation
BrkWYM-IC1,3,U,Unknown,450,600,inhumation
DstAWL-IC1,2,U,Unknown,400,700,inhumation
DstAWL-IC1,3,U,Unknown,400,700,inhumation
DstAWL-IC1,1,U,Unknown,400,700,inhumation
DstBMT-BC1,1,U,Unknown,400,600,cremation
DstBPV-IC1,1,U,Unknown,650,700,inhumation
DstBPV-IC1,2,M,12-13,650,700,inhumation
DstBPV-IC1,3,U,teenager,650,700,inhumation
DstBPV-IC1,4,U,Unknown,650,700,inhumation
DstBPV-IC1,5,F,Mature ad,650,700,inhumation
DstBPV-IC1,6,U,Unknown,650,700,inhumation
DstBPV-IC1,7,U,Unknown,650,700,inhumation
DstBPV-IC1,8,F,Yng adult,650,700,inhumation
DstBPV-IC1,9,M,Unknown,650,700,inhumation
DstBPV-IC1,10,M,Mature ad,650,700,inhumation
DstBPV-IC1,11,F,Adult,650,700,inhumation
DstBPV-IC1,12,M,Adult,650,700,inhumation
DstBPV-IC1,13,M,Yng adult,650,700,inhumation
DstBPV-IC1,14,U,Infant?,650,700,inhumation
DstBPV-IC1,15,U,Unknown,650,700,inhumation
DstBPV-IC1,16,U,Unknown,650,700,inhumation
DstBPV-IC1,17,M,Adult,650,700,inhumation
DstBPV-IC1,18,F,Adult,650,700,inhumation
DstCHH-MC1,1,U,Unknown,575,675,inhumation
DstCHH-MC1,2,U,Unknown,575,700,inhumation
DstCHH-MC1,3,U,Unknown,575,700,inhumation
DstCHH-MC1,4,U,Unknown,575,625,inhumation
DstCHH-MC1,5,U,Unknown,575,600,inhumation
DstCHH-MC1,6,U,Unknown,575,700,inhumation
DstCHH-MC1,7,U,Unknown,575,700,inhumation
DstCHH-MC1,8,U,Unknown,575,700,inhumation
DstCHH-MC1,9,U,Unknown,575,625,inhumation
DstCHH-MC1,10,U,Unknown,575,700,inhumation
DstCHH-MC1,11,U,Unknown,575,700,inhumation
DstCHH-MC1,12,U,Unknown,575,700,inhumation
DstCHH-MC1,13,U,Unknown,600,700,inhumation
DstCHH-MC1,14,U,Unknown,600,700,inhumation
DstCHH-MC1,15,U,Unknown,575,700,inhumation
DstCHH-MC1,16,U,Unknown,575,700,inhumation
DstCHH-MC1,17,U,Unknown,575,700,inhumation
DstCHH-MC1,18,U,Unknown,575,700,inhumation
DstCHH-MC1,19,U,Unknown,575,700,inhumation
DstCHH-MC1,20,U,Unknown,575,700,inhumation
DstCHH-MC1,21,U,Unknown,575,700,inhumation
DstCHH-MC1,22,U,Unknown,575,700,inhumation
DstCHH-MC1,23,U,Unknown,575,600,inhumation
DstCHH-MC1,24,U,Unknown,575,700,inhumation
DstCHH-MC1,25,U,Unknown,600,700,inhumation
DstCHH-MC1,26,U,Unknown,575,700,inhumation
DstCHH-MC1,27,U,Unknown,575,700,inhumation
DstCHH-MC1,28,U,Unknown,600,700,inhumation
DstCHH-MC1,29,U,Unknown,600,700,inhumation
DstCHH-MC1,30,U,Unknown,575,700,inhumation
DstCHH-MC1,C1,U,Unknown,575,700,cremation
DstCHH-MC1,C2,U,Unknown,575,700,cremation
DstCHH-MC1,C3,U,Unknown,575,700,cremation
DstCHH-MC1,C4,U,Unknown,575,700,cremation
DstCKL-IC1,1,U,Unknown,400,700,inhumation
DstCKL-IC1,2,U,Unknown,400,700,inhumation
DstDCR-IC1,1,U,Unknown,575,700,inhumation
DstDCR-IC1,2,U,Unknown,575,700,inhumation
DstDCR-IC1,3,F,26,575,700,inhumation
DstDCR-IC1,4,M,60,575,700,inhumation
DstDCR-IC1,5,U,Unknown,575,700,inhumation
DstDCR-IC1,6,F,Juvenile,575,700,inhumation
DstDCR-IC1,7,U,Unknown,575,700,inhumation
DstDCR-IC1,8,U,Unknown,575,700,inhumation
DstDCR-IC1,9,U,Unknown,575,700,inhumation
DstDCR-IC2,512,U,Unknown,600,700,inhumation
DstDCR-IC2,1188,U,13,600,700,inhumation
DstDCR-IC2,1341,M,25,500,600,inhumation
DstGLH-BI1,1,U,Unknown,600,700,inhumation
DstHNF-IC1,8,U,Unknown,400,700,inhumation
DstHNF-IC1,9,U,Unknown,400,700,inhumation
DstHNF-IC1,10,U,Unknown,400,700,inhumation
DstHNF-IC1,11,U,Unknown,400,700,inhumation
DstHNF-IC1,12,U,Unknown,400,700,inhumation
DstHNF-IC1,13,U,Unknown,400,700,inhumation
DstHNF-IC1,1,M,Unknown,400,700,inhumation
DstHNF-IC1,2,M,Unknown,400,700,inhumation
DstHNF-IC1,3/,U,Unknown,400,700,inhumation
DstHNF-IC1,3/a,F,Unknown,400,700,inhumation
DstHNF-IC1,4,U,Child,400,700,inhumation
DstHNF-IC1,5,U,Child,400,700,inhumation
DstHNF-IC1,6,U,Child,400,700,inhumation
DstHNF-IC1,7,U,Unknown,400,700,inhumation
DstLCL-IC1,10/,U,9-12,600,700,inhumation
DstLCL-IC1,11/,M,15-20,600,700,inhumation
DstLCL-IC1,12,M?,Adult,600,700,inhumation
DstLCL-IC1,10/a,M,Adult,600,700,inhumation
DstLCL-IC1,11/a,U,7-11,600,700,inhumation
DstPDH-IC1,5,U,Unknown,400,700,inhumation
DstPDH-IC1,6,U,Unknown,400,700,inhumation
DstPDH-IC1,7,U,Unknown,400,700,inhumation
DstPDH-IC1,8,U,Unknown,400,700,inhumation
DstPDH-IC1,9,U,Unknown,400,700,inhumation
DstPDH-IC1,10,U,Unknown,400,700,inhumation
DstPDH-IC1,11,U,Unknown,400,700,inhumation
DstPDH-IC1,12,U,Unknown,400,700,inhumation
DstPDH-IC1,1,U,Unknown,400,700,inhumation
DstPDH-IC1,2,U,Unknown,400,700,inhumation
DstPDH-IC1,3,U,Unknown,400,700,inhumation
DstPDH-IC1,4,U,Unknown,400,700,inhumation
DstPMP-IC1,2,U,Unknown,400,800,inhumation
DstPMP-IC1,3,U,Unknown,400,800,inhumation
DstPMP-IC1,4,U,Unknown,400,800,inhumation
DstPMP-IC1,5,U,Unknown,400,800,inhumation
DstPMP-IC1,1,U,Unknown,400,800,inhumation
DstPSM-IC1,1035/,U,6-8,580,770,inhumation
DstPSM-IC1,1038,U,8-12,580,770,inhumation
DstPSM-IC1,1049,F,60+,580,770,inhumation
DstPSM-IC1,1058,F,Adult,580,770,inhumation
DstPSM-IC1,1060/,F,60+,580,660,inhumation
DstPSM-IC1,1062,M,60+,580,770,inhumation
DstPSM-IC1,1100/,F,35-45,640,770,inhumation
DstPSM-IC1,1101/,F,60+,580,770,inhumation
DstPTR-BI1,1/,U,Unknown,600,700,inhumation
DstPTR-BI1,1/a,U,Unknown,600,700,inhumation
DstPTR-BI2,1,U,Unknown,600,700,inhumation
DstSHB-BI1,14,F,30-35,430,660,inhumation
DstSHB-IC1,2,U,Unknown,400,800,inhumation
DstSHB-IC1,3,U,Unknown,400,800,inhumation
DstSHB-IC1,4,U,Unknown,400,800,inhumation
DstSHB-IC1,5,U,Unknown,400,800,inhumation
DstSHB-IC1,6,U,Unknown,400,800,inhumation
DstSHB-IC1,7,U,Unknown,400,800,inhumation
DstSHB-IC1,8,U,Unknown,400,800,inhumation
DstSHB-IC1,9,U,Unknown,400,800,inhumation
DstSHB-IC1,10,U,Unknown,400,800,inhumation
DstSHB-IC1,11,U,Unknown,400,800,inhumation
DstSHB-IC1,12,U,Unknown,400,800,inhumation
DstSHB-IC1,13,U,Unknown,400,800,inhumation
DstSHB-IC1,14,U,Unknown,400,800,inhumation
DstSHB-IC1,15,U,Unknown,400,800,inhumation
DstSHB-IC1,1,U,Unknown,400,800,inhumation
DstSPW-BI1,1,U,Unknown,600,700,inhumation
DstSWG-IC1,2,F?,45+,600,700,inhumation
DstSWG-IC1,3,M?,25-35,600,700,inhumation
DstSWG-IC1,4,U,13-15,600,700,inhumation
DstSWG-IC1,5,F,25-35,600,700,inhumation
DstSWG-IC1,6,U,Unknown,600,700,inhumation
DstSWG-IC1,7,F?,Unknown,600,700,inhumation
DstSWG-IC1,8,F,45+,600,700,inhumation
DstSWG-IC1,9,U,8-10,600,700,inhumation
DstSWG-IC1,10,U,6-8,600,700,inhumation
DstSWG-IC1,11,F,25-35,600,700,inhumation
DstSWG-IC1,12,M,45+,600,700,inhumation
DstSWG-IC1,13,U,Unknown,600,700,inhumation
DstSWG-IC1,14,U,6-8,600,700,inhumation
DstSWG-IC1,15,F,25-35,600,700,inhumation
DstSWG-IC1,16,M?,Unknown,600,700,inhumation
DstSWG-IC1,17,F,17-25,600,700,inhumation
DstSWG-IC1,18,M?,20-23,600,700,inhumation
DstSWG-IC1,19,U,Unknown,600,700,inhumation
DstSWG-IC1,20,F,17-25,600,700,inhumation
DstSWG-IC1,21,F?,35-45,600,700,inhumation
DstSWG-IC1,22,M,35-45,600,700,inhumation
DstSWG-IC1,23,U,10-12,600,700,inhumation
DstSWG-IC1,24,U,Unknown,600,700,inhumation
DstSWG-IC1,25,M?,20-25,600,700,inhumation
DstSWG-IC1,26,M,45+,600,700,inhumation
DstSWG-IC1,27,U,12-15,600,700,inhumation
DstSWG-IC1,28,F,25-35,600,700,inhumation
DstSWG-IC1,29,U,20+,600,700,inhumation
DstSWG-IC1,30,F,45+,600,700,inhumation
DstSWG-IC1,31,M,17-25,600,700,inhumation
DstSWG-IC1,32,U,8-12,600,700,inhumation
DstSWG-IC1,33,U,8-12,600,700,inhumation
DstSWG-IC1,34,U,4-6,600,700,inhumation
DstSWG-IC1,35,F,17-25,600,700,inhumation
DstSWG-IC1,36,F,35-45,600,700,inhumation
DstSWG-IC1,37,F?,35-45,600,700,inhumation
DstSWG-IC1,39,F,25-35,600,700,inhumation
DstSWG-IC1,40,M?,35-45,600,700,inhumation
DstSWG-IC1,41,M,45+,600,700,inhumation
DstSWG-IC1,42,M,35-45,600,700,inhumation
DstSWG-IC1,43,F,25-35,600,700,inhumation
DstSWG-IC1,44,F,45+,600,700,inhumation
DstSWG-IC1,46,M,45+,600,700,inhumation
DstSWG-IC1,47,M,25-35,600,700,inhumation
DstSWG-IC1,48,U,20+,600,700,inhumation
DstSWG-IC1,49,U,20+,600,700,inhumation
DstSWG-IC1,50,M?,20+,600,700,inhumation
DstSWG-IC1,51,U,Unknown,600,700,inhumation
DstSWG-IC1,52,F,20+,600,700,inhumation
DstSWG-IC1,53,M?,45+,600,700,inhumation
DstSWG-IC1,54,M,25-35,600,700,inhumation
DstSWG-IC1,55,U,Unknown,600,700,inhumation
DstSWG-IC1,56,U,20+,600,700,inhumation
DstSWG-IC1,57,U,35-45,600,700,inhumation
DstTHT-IC1,2,U,Unknown,500,700,inhumation
DstTHT-IC1,3,U,Unknown,500,700,inhumation
DstTHT-IC1,4,U,Unknown,500,700,inhumation
DstTHT-IC1,5,U,Unknown,500,700,inhumation
DstTHT-IC1,1,U,Unknown,500,700,inhumation
DstTLT-BI1,1,U,Unknown,300,700,inhumation
DstTLT-BI2,1/,U,Unknown,500,800,inhumation
DstTLT-BI2,1/a,U,Unknown,500,800,inhumation
DstTLT-BI2,1/b,U,Unknown,500,800,inhumation
DstTPL-IC1,5070,M,18-25,400,700,inhumation
DstTPL-IC1,5082,M,25-30,400,700,inhumation
DstTPL-IC1,5085,F,31-45,400,700,inhumation
DstTPL-IC1,5091,U,18-45,400,700,inhumation
DstTPL-IC1,5094,F?,18-30,400,700,inhumation
DstTPL-IC1,5096,U,c.7,400,700,inhumation
DstTPL-IC1,5104,F,18-25,400,700,inhumation
DstTPL-IC1,5108,F,31-45,400,700,inhumation
DstTPL-IC1,5111,F,31-45,400,700,inhumation
DstTPL-IC1,5114,F?,31-45,400,700,inhumation
DstTPL-IC1,5118,F,18-25,530,660,inhumation
DstTPL-IC1,5122,M,45+,400,700,inhumation
DstTPL-IC1,5125,U,3-4,400,700,inhumation
DstTPL-IC1,5130,U,13-15,400,700,inhumation
DstTPL-IC1,5135,M?,45+,400,700,inhumation
DstTPL-IC1,5140,F,31-45,550,650,inhumation
DstTPL-IC1,5142,U,9-12,400,700,inhumation
DstTPL-IC1,5149,M?,13-15,400,700,inhumation
DstTPL-IC1,5152,M,31-45,400,700,inhumation
DstTPL-IC1,5155,U,c.4,400,700,inhumation
DstTPL-IC1,5158,U,12-13,400,700,inhumation
DstTPL-IC1,5162,F?,18-25,550,660,inhumation
DstTPL-IC1,5164,U,3-4,400,700,inhumation
DstTPL-IC1,5167,U,3-4,400,700,inhumation
DstTPL-IC1,5184,U,18-25,400,700,inhumation
DstTPL-IC1,5189,U,1-2,400,700,inhumation
DstTPL-IC1,5192,U,c.4,400,700,inhumation
DstTPL-IC1,5198,F,45+,250,450,inhumation
DstTPL-IC1,5201,U,5-8,400,700,inhumation
DstTPL-IC1,5202,M,45+,400,700,inhumation
DstTPL-IC1,5207,U,9-15,400,700,inhumation
DstTPL-IC1,5209,U,1-2,400,700,inhumation
DstTPL-IC1,5213,U,13-15,400,700,inhumation
DstTPL-IC1,5218,F,31-45,400,700,inhumation
DstTPL-IC1,5227,F,25-30,400,700,inhumation
DstTPL-IC1,5229,U,13-14,400,700,inhumation
DstTPL-IC1,5238,M,31-45,400,700,inhumation
DstTPL-IC1,5241,F,25-30,600,690,inhumation
DstTPL-IC1,5244,U,0-2,400,700,inhumation
DstTPL-IC1,5249,U,6-8,400,700,inhumation
DstTPL-IC1,5253,M,45+,400,700,inhumation
DstTPL-IC1,5256,F,30+,400,700,inhumation
DstTPL-IC1,5261,U,2-3,400,700,inhumation
DstTPL-IC1,5266,U,2-3,400,700,inhumation
DstTPL-IC1,5271,U,c.4,400,700,inhumation
DstTPL-IC1,5298,U,3-4,400,700,inhumation
DstTPL-IC1,5299,U,1-4,400,700,inhumation
DstTPL-IC1,5300,U,0-2,400,700,inhumation
DstTPL-IC1,49,U,0-1,400,700,inhumation
DstTPL-IC1,50,U,0-1,400,700,inhumation
DstWSF-IC1,1,M,Elderly,650,700,inhumation
DstWSF-IC1,2,F,17-25,650,700,inhumation
DstWSG-BI1,1,U,Unknown,500,550,inhumation
DstWSM-BI1,1,U,Child,500,700,inhumation
DstWSM-BI2,1,U,Unknown,500,700,inhumation
DstWSM-BI3,1,M,Unknown,600,650,inhumation
DstWTC-BI1,2/,U,Unknown,500,600,inhumation
DstWTC-BI1,3/,U,Unknown,500,600,inhumation
DstWTC-BI1,4/,U,Unknown,500,600,inhumation
DstWTC-BI1,1/,U,Unknown,500,600,inhumation
GlsAVG-IC1,1,U,Unknown,500,650,inhumation
GlsAVG-IC1,2/,U,Unknown,500,650,inhumation
GlsAVG-IC1,2/a,U,Unknown,500,650,inhumation
GlsAVG-IC1,3,U,Unknown,500,650,inhumation
GlsAVG-IC1,4,U,Unknown,550,650,inhumation
GlsAVG-IC1,5,U,Unknown,500,650,inhumation
GlsAVG-IC1,6,U,Unknown,500,650,inhumation
GlsAVG-IC1,7,U,Unknown,500,650,inhumation
GlsAVG-IC1,8,U,Unknown,500,650,inhumation
GlsCCR-BI1,1/,U,Unknown,475,525,inhumation
GlsCCR-BI1,1/a,U,Child,475,525,inhumation
GlsCCR-BI2,1,U,Unknown,500,650,inhumation
GlsCCR-BI3,1,U,Unknown,450,650,inhumation
GlsCCR-IC1,2,U,Unknown,500,700,inhumation
GlsCCR-IC1,3,U,Unknown,500,700,inhumation
GlsCCR-IC1,4,U,Unknown,500,700,inhumation
GlsCCR-IC1,5,U,Unknown,500,700,inhumation
GlsCCR-IC1,6,U,Unknown,500,700,inhumation
GlsCCR-IC1,7,U,Unknown,500,700,inhumation
GlsCCR-IC1,1,U,Unknown,500,700,inhumation
GlsCCR-IC1,X/,M,Unknown,500,700,inhumation
GlsCCR-IC1,X/a,U,Unknown,500,700,inhumation
GlsFCR-IC1,2,U,Adult,700,740,inhumation
GlsFCR-IC1,3,U,Adult,700,740,inhumation
GlsFCR-IC1,1,U,Adult,700,740,inhumation
GlsFCR-IC1,4,U,Adult,700,740,inhumation
GlsFFD-MC1,1,U,Unknown,475,525,inhumation
GlsFFD-MC1,2,U,Unknown,400,500,inhumation
GlsFFD-MC1,3,U,Unknown,450,600,inhumation
GlsFFD-MC1,4,U,Unknown,525,575,inhumation
GlsFFD-MC1,5,U,Unknown,400,500,inhumation
GlsFFD-MC1,6,U,Unknown,450,600,inhumation
GlsFFD-MC1,7,U,Unknown,525,600,inhumation
GlsFFD-MC1,8,U,Unknown,500,600,inhumation
GlsFFD-MC1,9,U,Unknown,500,600,inhumation
GlsFFD-MC1,10,U,Unknown,500,600,inhumation
GlsFFD-MC1,11,U,Unknown,500,600,inhumation
GlsFFD-MC1,12,U,Unknown,500,600,inhumation
GlsFFD-MC1,13,U,Unknown,475,500,inhumation
GlsFFD-MC1,14,U,Unknown,400,500,inhumation
GlsFFD-MC1,15,U,Unknown,500,525,inhumation
GlsFFD-MC1,16,U,Unknown,450,600,inhumation
GlsFFD-MC1,17,U,Unknown,450,600,inhumation
GlsFFD-MC1,18,U,Unknown,450,600,inhumation
GlsFFD-MC1,19,U,Unknown,450,600,inhumation
GlsFFD-MC1,20,U,Unknown,525,575,inhumation
GlsFFD-MC1,21,U,Unknown,450,600,inhumation
GlsFFD-MC1,22,U,Unknown,450,600,inhumation
GlsFFD-MC1,23,U,Unknown,475,500,inhumation
GlsFFD-MC1,24,U,Unknown,450,600,inhumation
GlsFFD-MC1,25,U,Unknown,450,600,inhumation
GlsFFD-MC1,26,U,Unknown,450,600,inhumation
GlsFFD-MC1,27,U,Unknown,500,600,inhumation
GlsFFD-MC1,28,U,Unknown,475,500,inhumation
GlsFFD-MC1,29,U,Unknown,450,600,inhumation
GlsFFD-MC1,30,U,Unknown,475,525,inhumation
GlsFFD-MC1,31,U,Unknown,450,600,inhumation
GlsFFD-MC1,32/33,U,Unknown,475,525,inhumation
GlsFFD-MC1,33/32,U,Unknown,450,600,inhumation
GlsFFD-MC1,34,U,Unknown,500,525,inhumation
GlsFFD-MC1,35,U,Unknown,450,600,inhumation
GlsFFD-MC1,36,U,Unknown,450,600,inhumation
GlsFFD-MC1,37,U,Unknown,450,600,inhumation
GlsFFD-MC1,38,U,Unknown,450,600,inhumation
GlsFFD-MC1,39,U,Unknown,450,600,inhumation
GlsFFD-MC1,40,U,Unknown,450,600,inhumation
GlsFFD-MC1,41,U,Unknown,450,600,inhumation
GlsFFD-MC1,42,U,Unknown,450,600,inhumation
GlsFFD-MC1,43,U,Unknown,450,600,inhumation
GlsFFD-MC1,44,U,Unknown,450,600,inhumation
GlsFFD-MC1,45,U,Unknown,475,525,inhumation
GlsFFD-MC1,46,U,Unknown,450,600,inhumation
GlsFFD-MC1,47,U,Unknown,450,600,inhumation
GlsFFD-MC1,48,U,Unknown,450,600,inhumation
GlsFFD-MC1,49,U,Unknown,450,600,inhumation
GlsFFD-MC1,50,U,Unknown,450,600,inhumation
GlsFFD-MC1,51,U,Unknown,450,600,inhumation
GlsFFD-MC1,52,U,Unknown,500,575,inhumation
GlsFFD-MC1,53,U,Unknown,500,600,inhumation
GlsFFD-MC1,54,U,Unknown,450,600,inhumation
GlsFFD-MC1,55/56,U,Unknown,500,600,inhumation
GlsFFD-MC1,56/55,U,Unknown,500,600,inhumation
GlsFFD-MC1,57,U,Unknown,500,575,inhumation
GlsFFD-MC1,58,U,Unknown,450,600,inhumation
GlsFFD-MC1,59,U,Unknown,450,600,inhumation
GlsFFD-MC1,60,U,Unknown,450,600,inhumation
GlsFFD-MC1,C1,U,Unknown,450,600,cremation
GlsFFD-MC1,C2,U,Unknown,450,600,inhumation
GlsFFD-MC1,C3,U,Unknown,450,600,inhumation
GlsFFD-MC1,C4,U,Unknown,450,600,inhumation
GlsFFD-MC1,C5,U,Unknown,450,600,cremation
GlsFFD-MC1,C6,U,Unknown,450,600,cremation
GlsHNT-MC1,A,U,Unknown,450,525,cremation
GlsHNT-MC1,B,U,Unknown,500,600,cremation
GlsHNT-MC1,C,U,Unknown,500,600,cremation
GlsHNT-MC1,D,U,Unknown,525,575,cremation
GlsHNT-MC1,1,U,Child,475,600,inhumation
GlsHNT-MC1,2,F,Old,500,600,inhumation
GlsHNT-MC1,3,F,Unknown,475,600,inhumation
GlsHNT-MC1,4,F,Unknown,475,525,inhumation
GlsHNT-MC1,5,U,Unknown,475,525,inhumation
GlsHNT-MC1,6,M,Mature ad,475,500,inhumation
GlsHNT-MC1,7,F,20-30,500,600,inhumation
GlsHNT-MC1,8,U,14,475,600,inhumation
GlsHNT-MC1,9,M,Mature ad,500,600,inhumation
GlsHNT-MC1,10,M,Young,475,525,inhumation
GlsHNT-MC1,E,U,Unknown,450,600,cremation
GlsKBE-IC1,2,U,Unknown,475,600,inhumation
GlsKBE-IC1,3,U,Unknown,475,600,inhumation
GlsKBE-IC1,4,U,Unknown,475,600,inhumation
GlsKBE-IC1,5,U,Unknown,475,600,inhumation
GlsKBE-IC1,6,U,Unknown,475,600,inhumation
GlsKBE-IC1,7,U,Unknown,475,600,inhumation
GlsKBE-IC1,8,U,Unknown,475,600,inhumation
GlsKBE-IC1,9,U,Unknown,475,600,inhumation
GlsKBE-IC1,10,U,Unknown,475,600,inhumation
GlsKBE-IC1,11,U,Unknown,475,600,inhumation
GlsKBE-IC1,12,U,Unknown,475,600,inhumation
GlsKBE-IC1,13,U,Unknown,475,600,inhumation
GlsKBE-IC1,14,U,Unknown,475,600,inhumation
GlsKBE-IC1,15,U,Unknown,475,600,inhumation
GlsKBE-IC1,16,U,Unknown,475,600,inhumation
GlsKBE-IC1,17,U,Unknown,475,600,inhumation
GlsKBE-IC1,18,U,Unknown,475,600,inhumation
GlsKBE-IC1,19,U,Unknown,475,600,inhumation
GlsKBE-IC1,20,U,Unknown,475,600,inhumation
GlsKBE-IC1,21,U,Unknown,475,600,inhumation
GlsKBE-IC1,22,U,Unknown,475,600,inhumation
GlsKBE-IC1,23,U,Unknown,475,600,inhumation
GlsKBE-IC1,24,U,Unknown,475,600,inhumation
GlsKBE-IC1,25,U,Unknown,475,600,inhumation
GlsKBE-IC1,26,U,Unknown,475,600,inhumation
GlsKBE-IC1,1,U,Unknown,475,600,inhumation
GlsKBE-IC3,1,U,Unknown,600,650,inhumation
GlsKBE-IC3,2,U,Unknown,600,700,inhumation
GlsKBE-IC4,14,M,25-35,575,700,inhumation
GlsKBE-IC4,16,U,Adult,575,700,inhumation
GlsKBE-IC4,17,U,14-20,575,700,inhumation
GlsKBE-IC4,18,U,7-11,575,700,inhumation
GlsKBE-IC4,19/20,U,7-10,575,700,inhumation
GlsKBE-IC4,20/19,U,1-2,575,700,inhumation
GlsKBE-IC4,9,M,17-25,575,700,inhumation
GlsKBE-IC4,11,M,25-35,575,700,inhumation
GlsKFD-BI1,1,U,Unknown,500,700,inhumation
GlsLLE-MC1,1/a,F?,14-15,450,550,inhumation
GlsLLE-MC1,1/b,U,1-2,450,550,inhumation
GlsLLE-MC1,10,F,25-30,530,470,inhumation
GlsLLE-MC1,100,U,7-8,450,725,inhumation
GlsLLE-MC1,101,F,45-50,500,600,inhumation
GlsLLE-MC1,102,M,Adult,500,525,inhumation
GlsLLE-MC1,103,F,40-45,600,725,inhumation
GlsLLE-MC1,104,M,40-45,600,700,inhumation
GlsLLE-MC1,105,U,16-18,600,700,inhumation
GlsLLE-MC1,106,M?,40-45,450,600,inhumation
GlsLLE-MC1,107/1,F,25-30,600,700,inhumation
GlsLLE-MC1,107/2,U,0,600,700,inhumation
GlsLLE-MC1,108,U,7-8,450,600,inhumation
GlsLLE-MC1,109,U,14-16,450,600,inhumation
GlsLLE-MC1,11,U,6-8,500,600,inhumation
GlsLLE-MC1,110,U,2-3,450,725,inhumation
GlsLLE-MC1,111,F,45-50,500,525,inhumation
GlsLLE-MC1,112,M,20-25,500,600,inhumation
GlsLLE-MC1,113,U,1-2,450,600,inhumation
GlsLLE-MC1,114,U,1-3,450,725,inhumation
GlsLLE-MC1,115,M,30-35,500,600,inhumation
GlsLLE-MC1,116,M,30-35,500,600,inhumation
GlsLLE-MC1,117,M,30-35,450,600,inhumation
GlsLLE-MC1,118/1,U,11-12,450,600,inhumation
GlsLLE-MC1,118/2,U,4-5,450,600,inhumation
GlsLLE-MC1,119/1,M,30-35,450,600,inhumation
GlsLLE-MC1,119/2,U,0-1,450,600,inhumation
GlsLLE-MC1,12,U,0-1,450,725,inhumation
GlsLLE-MC1,120,U,0-1,450,600,inhumation
GlsLLE-MC1,121,M,20-25,450,725,inhumation
GlsLLE-MC1,122,U,0-1,450,725,inhumation
GlsLLE-MC1,123,F,20-25,500,550,inhumation
GlsLLE-MC1,124,U,2-3,450,600,inhumation
GlsLLE-MC1,125,M,20-25,600,725,inhumation
GlsLLE-MC1,126,U,14-15,450,725,inhumation
GlsLLE-MC1,127,F,25-30,450,600,inhumation
GlsLLE-MC1,128,U,9-10,450,600,inhumation
GlsLLE-MC1,129,U,1-2,450,725,inhumation
GlsLLE-MC1,13,U,2-4,450,600,inhumation
GlsLLE-MC1,130,F,20-25,540,570,inhumation
GlsLLE-MC1,131,U,7-8,450,600,inhumation
GlsLLE-MC1,132,U,0-1,450,550,inhumation
GlsLLE-MC1,133,F,18-22,500,550,inhumation
GlsLLE-MC1,134,U,14-16,500,600,inhumation
GlsLLE-MC1,135,U,9-10,450,600,inhumation
GlsLLE-MC1,136,F,20-25,500,525,inhumation
GlsLLE-MC1,137,U,8-9,600,725,inhumation
GlsLLE-MC1,138,F,25-30,650,675,inhumation
GlsLLE-MC1,139,M,45-50,450,725,inhumation
GlsLLE-MC1,14,F,14-16,650,675,inhumation
GlsLLE-MC1,140,U,9-10,600,700,inhumation
GlsLLE-MC1,141,U,1-2,450,600,inhumation
GlsLLE-MC1,142,U,16-18,600,700,inhumation
GlsLLE-MC1,143,M,45-50,600,725,inhumation
GlsLLE-MC1,144,F,25-30,500,600,inhumation
GlsLLE-MC1,145/1,M,25-30,600,700,inhumation
GlsLLE-MC1,145/2,F?,40-45,600,700,inhumation
GlsLLE-MC1,146,U,15-17,475,525,inhumation
GlsLLE-MC1,147,F,35-40,600,725,inhumation
GlsLLE-MC1,148,U,8-9,600,700,inhumation
GlsLLE-MC1,149,M,45-50,450,725,inhumation
GlsLLE-MC1,15,F,40-50,600,700,inhumation
GlsLLE-MC1,150,F,45,450,725,inhumation
GlsLLE-MC1,151,M,40-45,450,600,inhumation
GlsLLE-MC1,152,F,40-45,475,525,inhumation
GlsLLE-MC1,153,U,8-9,450,600,inhumation
GlsLLE-MC1,154,M,45-50,600,700,inhumation
GlsLLE-MC1,155,M,30-35,650,700,inhumation
GlsLLE-MC1,156,F,35-45,450,600,inhumation
GlsLLE-MC1,157,F,18-22,450,600,inhumation
GlsLLE-MC1,158,F,Adult,450,600,inhumation
GlsLLE-MC1,159,F?,25-30,500,550,inhumation
GlsLLE-MC1,16,M,35-40,450,600,inhumation
GlsLLE-MC1,160,F?,17-20,450,600,inhumation
GlsLLE-MC1,161/1,U,3-4,600,725,inhumation
GlsLLE-MC1,161/2,M?,Adult,600,725,inhumation
GlsLLE-MC1,162,F,40-45,450,725,inhumation
GlsLLE-MC1,163,F,30-35,500,600,inhumation
GlsLLE-MC1,164,F,15-18,500,600,inhumation
GlsLLE-MC1,165,F,20-25,450,600,inhumation
GlsLLE-MC1,166,U,4-5,450,600,inhumation
GlsLLE-MC1,167/1,U,Adult,450,600,inhumation
GlsLLE-MC1,167/2,F,19-22,450,600,inhumation
GlsLLE-MC1,167/3,U,7,450,600,inhumation
GlsLLE-MC1,168,M?,17-19,450,600,inhumation
GlsLLE-MC1,169,F,20-25,450,600,inhumation
GlsLLE-MC1,17,U,4-5,575,700,inhumation
GlsLLE-MC1,170,U,13-14,450,600,inhumation
GlsLLE-MC1,171,U,11-12,450,600,inhumation
GlsLLE-MC1,172/1,M,30-35,600,700,inhumation
GlsLLE-MC1,172/2,U,2-4,600,700,inhumation
GlsLLE-MC1,173,U,1-2,650,675,inhumation
GlsLLE-MC1,174,F,45-50,500,600,inhumation
GlsLLE-MC1,175,F?,35-40,450,600,inhumation
GlsLLE-MC1,176,M?,45-50,450,600,inhumation
GlsLLE-MC1,177,U,2-4,600,700,inhumation
GlsLLE-MC1,178,M,45,600,700,inhumation
GlsLLE-MC1,179,F,35-40,600,700,inhumation
GlsLLE-MC1,18,F,25-30,500,525,inhumation
GlsLLE-MC1,180,F,20-25,500,600,inhumation
GlsLLE-MC1,181,M,45,600,725,inhumation
GlsLLE-MC1,182,M,Adult,600,700,inhumation
GlsLLE-MC1,183,M?,40-45,600,700,inhumation
GlsLLE-MC1,184,F,30-35,500,600,inhumation
GlsLLE-MC1,185,F,35-40,450,600,inhumation
GlsLLE-MC1,186,F,30,450,725,inhumation
GlsLLE-MC1,187,F,30-35,600,700,inhumation
GlsLLE-MC1,188/1,F,25-30,450,725,inhumation
GlsLLE-MC1,188/2,U,0-1,450,725,inhumation
GlsLLE-MC1,189,F?,Adult,450,600,inhumation
GlsLLE-MC1,19,F,25,500,525,inhumation
GlsLLE-MC1,190,U,2-3,450,600,inhumation
GlsLLE-MC1,191,F,20-25,600,725,inhumation
GlsLLE-MC1,192,M?,Adult,475,600,inhumation
GlsLLE-MC1,193,F,45-50,450,600,inhumation
GlsLLE-MC1,194,F?,14-16,600,725,inhumation
GlsLLE-MC1,195,M,16-20,450,600,inhumation
GlsLLE-MC1,196,U,14-15,475,600,inhumation
GlsLLE-MC1,197,F,30-35,600,725,inhumation
GlsLLE-MC1,198,U,0,450,725,inhumation
GlsLLE-MC1,199,U,3-5,450,725,inhumation
GlsLLE-MC1,2,M?,30-35,450,600,inhumation
GlsLLE-MC1,20,F,40,450,600,inhumation
GlsLLE-MC1,200,U,Unknown,600,700,inhumation
GlsLLE-MC1,21,M,35-40,450,550,inhumation
GlsLLE-MC1,22,F,18-20,600,725,inhumation
GlsLLE-MC1,23,U,1-2,450,600,inhumation
GlsLLE-MC1,24,F,45-50,450,725,inhumation
GlsLLE-MC1,25,F,45,500,525,inhumation
GlsLLE-MC1,26,U,1-2,450,600,inhumation
GlsLLE-MC1,27,F,Adult,450,725,inhumation
GlsLLE-MC1,28,U,12-13,450,600,inhumation
GlsLLE-MC1,29,M,45-50,600,725,inhumation
GlsLLE-MC1,3,F,35-40,600,700,inhumation
GlsLLE-MC1,30,F,30-35,450,600,inhumation
GlsLLE-MC1,31,F,45-50,450,725,inhumation
GlsLLE-MC1,32,U,14-16,450,600,inhumation
GlsLLE-MC1,33/1,U,9-10,450,600,inhumation
GlsLLE-MC1,33/2,F,30-35,475,525,inhumation
GlsLLE-MC1,33/3,U,4-5,450,600,inhumation
GlsLLE-MC1,34,U,7-8,450,725,inhumation
GlsLLE-MC1,35,M,30-35,600,725,inhumation
GlsLLE-MC1,36/1,U,16-19,600,725,inhumation
GlsLLE-MC1,36/2,U,13-15,600,700,inhumation
GlsLLE-MC1,37,F,30-35,600,725,inhumation
GlsLLE-MC1,38/1,M,30-35,450,600,inhumation
GlsLLE-MC1,38/2,U,5-7,450,600,inhumation
GlsLLE-MC1,39,M?,16-18,450,600,inhumation
GlsLLE-MC1,4,U,1-2,450,725,inhumation
GlsLLE-MC1,40,M,30-35,600,650,inhumation
GlsLLE-MC1,41,F,45,475,525,inhumation
GlsLLE-MC1,42,F,30-35,600,700,inhumation
GlsLLE-MC1,43,U,1-2,450,600,inhumation
GlsLLE-MC1,44,M,45-50,450,600,inhumation
GlsLLE-MC1,45,F?,25-30,475,525,inhumation
GlsLLE-MC1,46,U,14-15,450,600,inhumation
GlsLLE-MC1,47,F,35-40,500,525,inhumation
GlsLLE-MC1,48,U,1-2,475,500,inhumation
GlsLLE-MC1,49,M,45,450,550,inhumation
GlsLLE-MC1,5,U,Neonate,450,725,inhumation
GlsLLE-MC1,50,F,17-20,500,525,inhumation
GlsLLE-MC1,51,U,14-15,450,600,inhumation
GlsLLE-MC1,52,U,4-5,450,600,inhumation
GlsLLE-MC1,53,U,1-2,450,600,inhumation
GlsLLE-MC1,54,F,20-25,450,600,inhumation
GlsLLE-MC1,55,F,40-45,450,600,inhumation
GlsLLE-MC1,56,F,20-25,500,600,inhumation
GlsLLE-MC1,57,M,30-35,600,725,inhumation
GlsLLE-MC1,58/1,M?,30-35,500,600,inhumation
GlsLLE-MC1,58/2,U,7-10,450,600,inhumation
GlsLLE-MC1,59,F,45,500,525,inhumation
GlsLLE-MC1,6,F,30-35,450,600,inhumation
GlsLLE-MC1,60,F,45-50,450,600,inhumation
GlsLLE-MC1,61,F,45-50,450,600,inhumation
GlsLLE-MC1,62,F,45-50,600,700,inhumation
GlsLLE-MC1,63,U,13-14,450,600,inhumation
GlsLLE-MC1,64,M,20-24,500,600,inhumation
GlsLLE-MC1,65,M,45,500,600,inhumation
GlsLLE-MC1,66/1,U,14-16,450,600,inhumation
GlsLLE-MC1,66/2,F,25-30,450,600,inhumation
GlsLLE-MC1,67,F,20-25,600,725,inhumation
GlsLLE-MC1,68,F,30-35,600,725,inhumation
GlsLLE-MC1,69,M,40,600,725,inhumation
GlsLLE-MC1,7,F,40-45,450,725,inhumation
GlsLLE-MC1,70,F,25-30,600,725,inhumation
GlsLLE-MC1,71,F,40-45,600,725,inhumation
GlsLLE-MC1,72,M,40-45,600,725,inhumation
GlsLLE-MC1,73,F,20-25,450,600,inhumation
GlsLLE-MC1,74,U,9-10,450,725,inhumation
GlsLLE-MC1,75,M,30-35,450,725,inhumation
GlsLLE-MC1,76,F,45-50,600,700,inhumation
GlsLLE-MC1,77,F,35-40,475,525,inhumation
GlsLLE-MC1,78,F,25-30,500,550,inhumation
GlsLLE-MC1,79,F,30-35,450,600,inhumation
GlsLLE-MC1,8,M,35-40,450,600,inhumation
GlsLLE-MC1,80/1,U,Unknown,450,550,inhumation
GlsLLE-MC1,80/2,M,20-25,450,600,inhumation
GlsLLE-MC1,81/1,F,18-20,450,550,inhumation
GlsLLE-MC1,81/2,U,2-3,450,600,inhumation
GlsLLE-MC1,81/3,U,6-7,475,525,inhumation
GlsLLE-MC1,81/4,F,25-30,500,525,inhumation
GlsLLE-MC1,81/5,U,1-2,450,600,inhumation
GlsLLE-MC1,82,U,4-5,450,600,inhumation
GlsLLE-MC1,83,U,14-15,450,600,inhumation
GlsLLE-MC1,84,U,2-4,650,675,inhumation
GlsLLE-MC1,85,F,40-45,600,700,inhumation
GlsLLE-MC1,86,F,50-55,500,600,inhumation
GlsLLE-MC1,87,M,45-50,450,600,inhumation
GlsLLE-MC1,88,U,11-12,475,525,inhumation
GlsLLE-MC1,89/1,M,45,600,725,inhumation
GlsLLE-MC1,89/2,U,13-14,600,700,inhumation
GlsLLE-MC1,9,M,25-30,600,725,inhumation
GlsLLE-MC1,90,F,30-35,500,600,inhumation
GlsLLE-MC1,91,M,20-25,600,700,inhumation
GlsLLE-MC1,92,M?,16-18,500,600,inhumation
GlsLLE-MC1,93,U,1-2,450,600,inhumation
GlsLLE-MC1,94,F?,Adult,600,725,inhumation
GlsLLE-MC1,95/1,F,35-40,650,675,inhumation
GlsLLE-MC1,95/2,U,0,450,725,inhumation
GlsLLE-MC1,96,U,0-1,600,725,inhumation
GlsLLE-MC1,97,F,16-18,500,600,inhumation
GlsLLE-MC1,98,U,2-3,600,725,inhumation
GlsLLE-MC1,99,F,25-30,450,600,inhumation
GlsLLE-MC1,C201,U,Adolescent,450,600,cremation
GlsLLE-MC1,C202,U,Adult,450,600,cremation
GlsLLE-MC1,C203,M?,Adult,450,600,cremation
GlsLLE-MC1,C204,M?,Adult,450,600,cremation
GlsLLE-MC1,C205,U,Child,450,600,cremation
GlsLLE-MC1,C206,U,Adult,450,600,cremation
GlsLLE-MC1,C207,U,Adult,450,600,cremation
GlsLLE-MC1,C208,U,Adult,450,600,cremation
GlsLLE-MC1,C209,U,Adult,450,600,cremation
GlsLLE-MC1,C210,U,Adult,450,600,cremation
GlsLLE-MC1,C211,U,Adult,450,600,cremation
GlsLLE-MC1,C212,U,Adult,450,600,cremation
GlsLLE-MC1,C213,U,Unknown,450,600,cremation
GlsLLE-MC1,C214,M?,Adult,450,600,cremation
GlsLLE-MC1,C215,U,Adult,450,600,cremation
GlsLLE-MC1,C216,U,Adult,450,600,cremation
GlsLLE-MC1,C217,U,Adult,450,600,cremation
GlsLLE-MC1,C218,U,Yng adult,450,600,cremation
GlsLLE-MC1,C219,F?,Adult,450,600,cremation
GlsLLE-MC1,C220,U,Adult,450,600,cremation
GlsLLE-MC1,C221,U,3-8,450,600,cremation
GlsLLE-MC1,C222,U,Adult,450,600,cremation
GlsLLE-MC1,C223,U,Unknown,450,600,cremation
GlsLLE-MC1,C224,U,Adolescent,450,600,cremation
GlsLLE-MC1,C225,U,Adol/adult,450,600,cremation
GlsLLE-MC1,C226,U,Adult,450,600,cremation
GlsLLE-MC1,C227,U,Adult,450,600,cremation
GlsLLE-MC1,C228,U,Adult,450,600,cremation
GlsLLE-MC1,C229,U,4-6,450,600,cremation
GlsLLE-MC1,C230,U,Adult,450,600,cremation
GlsLLE-MC1,C231,U,Adult,450,600,cremation
GlsPTN-IC1,1/,M,Unknown,500,600,inhumation
GlsPTN-IC1,1/a,F,Unknown,500,600,inhumation
GlsSCY-IC1,4,U,Unknown,600,800,inhumation
GlsSCY-IC1,5,U,Unknown,600,800,inhumation
GlsSCY-IC1,1,U,Unknown,600,800,inhumation
GlsSCY-IC1,2/,U,Unknown,600,800,inhumation
GlsSCY-IC1,2/a,U,Unknown,600,800,inhumation
GlsSCY-IC1,3,U,Unknown,600,800,inhumation
GlsWTN-IC1,2,U,Unknown,450,650,inhumation
GlsWTN-IC1,3,U,Unknown,450,650,inhumation
GlsWTN-IC1,1,U,Unknown,450,650,inhumation
HtsADV-IC1,1,U,Unknown,625,750,inhumation
HtsADV-IC1,2,U,Unknown,625,750,inhumation
HtsADV-IC1,3/,M,Adult,625,750,inhumation
HtsADV-IC1,4,U,Unknown,625,750,inhumation
HtsADV-IC1,5,U,Unknown,625,750,inhumation
HtsADV-IC1,6,U,Unknown,625,750,inhumation
HtsADV-IC1,7,U,Unknown,625,750,inhumation
HtsADV-IC1,8,U,Unknown,625,750,inhumation
HtsADV-IC1,9,U,Unknown,625,750,inhumation
HtsADV-IC1,10,U,Unknown,625,750,inhumation
HtsADV-IC1,11,U,Unknown,625,750,inhumation
HtsADV-IC1,12,U,Unknown,625,750,inhumation
HtsADV-IC1,13,U,Unknown,625,750,inhumation
HtsADV-IC1,14,U,Unknown,625,750,inhumation
HtsADV-IC1,15,U,Unknown,625,750,inhumation
HtsADV-IC1,16,U,Unknown,625,750,inhumation
HtsADV-IC1,17,M,Unknown,625,750,inhumation
HtsADV-IC1,3/a,M,Adult,625,750,inhumation
HtsADV-IC1,3/b,U,Unknown,625,750,inhumation
HtsADV-MC1,C67/b,U,Unknown,490,600,cremation
HtsADV-MC1,C67/a,U,Unknown,490,600,cremation
HtsADV-MC1,C75/a,U,Unknown,490,600,cremation
HtsADV-MC1,28,M,42-48,490,600,inhumation
HtsADV-MC1,2/,F,45-55,500,550,inhumation
HtsADV-MC1,13/a,U,4,490,600,inhumation
HtsADV-MC1,1,F,30-40,500,550,inhumation
HtsADV-MC1,2/a,M,30-35,500,550,inhumation
HtsADV-MC1,3,F,40-50,560,600,inhumation
HtsADV-MC1,4,F,22-25,500,600,inhumation
HtsADV-MC1,5,M,25-30,500,600,inhumation
HtsADV-MC1,6,M,30-35,540,560,inhumation
HtsADV-MC1,7,F,35-45,500,600,inhumation
HtsADV-MC1,8,U,Unknown,490,600,inhumation
HtsADV-MC1,9,M,50+,550,600,inhumation
HtsADV-MC1,10,U,3-4,490,600,inhumation
HtsADV-MC1,11,F,30-40,500,600,inhumation
HtsADV-MC1,12,M,40-55,490,600,inhumation
HtsADV-MC1,13/,F?,Adult,490,600,inhumation
HtsADV-MC1,14,M?,Adult,490,600,inhumation
HtsADV-MC1,15,U,15-18,490,600,inhumation
HtsADV-MC1,16,U,11-12,500,550,inhumation
HtsADV-MC1,17,U,7-8,490,600,inhumation
HtsADV-MC1,18,M,Adult,520,600,inhumation
HtsADV-MC1,19,U,25-35,500,560,inhumation
HtsADV-MC1,20,U,8-9,490,600,inhumation
HtsADV-MC1,21,U,45+,490,600,inhumation
HtsADV-MC1,22,U,24-30,490,550,inhumation
HtsADV-MC1,23,U,Adult,550,600,inhumation
HtsADV-MC1,24,U,5,520,600,inhumation
HtsADV-MC1,25,F?,45+,490,530,inhumation
HtsADV-MC1,26,M,55+,490,550,inhumation
HtsADV-MC1,27,U,6-15,490,600,inhumation
HtsADV-MC1,29,M,35-45,490,600,inhumation
HtsADV-MC1,30,U,9-10,490,600,inhumation
HtsADV-MC1,31,U,50+,490,530,inhumation
HtsADV-MC1,32,U,18-25,490,550,inhumation
HtsADV-MC1,33,U,Adult,490,550,inhumation
HtsADV-MC1,34,U,Unknown,490,600,inhumation
HtsADV-MC1,35,U,30-40,540,560,inhumation
HtsADV-MC1,36,U,1-2,490,600,inhumation
HtsADV-MC1,37,M,35-45,490,600,inhumation
HtsADV-MC1,38,F,35+,490,550,inhumation
HtsADV-MC1,39,U,7,490,600,inhumation
HtsADV-MC1,40,U,8-9,490,550,inhumation
HtsADV-MC1,41,F,40-45+,490,520,inhumation
HtsADV-MC1,42,F,25-35,490,550,inhumation
HtsADV-MC1,43,M?,25-35,490,580,inhumation
HtsADV-MC1,44,U,12-14,550,600,inhumation
HtsADV-MC1,45,F,25-35,490,600,inhumation
HtsADV-MC1,46,U,6,490,600,inhumation
HtsADV-MC1,47,U,11,490,600,inhumation
HtsADV-MC1,48,U,18-25,500,560,inhumation
HtsADV-MC1,49,M,25-30,490,550,inhumation
HtsADV-MC1,50,F,Adult,500,560,inhumation
HtsADV-MC1,51,U,25-30,560,600,inhumation
HtsADV-MC1,52,F,30-35,500,540,inhumation
HtsADV-MC1,53,F,18-30,490,600,inhumation
HtsADV-MC1,54,U,18-25,500,600,inhumation
HtsADV-MC1,55,M,40-45,490,600,inhumation
HtsADV-MC1,56,M?,25-30,490,600,inhumation
HtsADV-MC1,57,U,Unknown,490,600,inhumation
HtsADV-MC1,58,U,5-6,490,600,inhumation
HtsADV-MC1,59,F,45+,490,530,inhumation
HtsADV-MC1,60,U,11-12,490,600,inhumation
HtsADV-MC1,61,U,12,550,600,inhumation
HtsADV-MC1,62,U,12,490,600,inhumation
HtsADV-MC1,63,U,12-13,490,600,inhumation
HtsADV-MC1,64,F,50-60,490,600,inhumation
HtsADV-MC1,65,M?,35-45,490,600,inhumation
HtsADV-MC1,66,U,3-4,490,600,inhumation
HtsADV-MC1,67,U,14,490,520,inhumation
HtsADV-MC1,68,U,Juvenile,490,600,inhumation
HtsADV-MC1,69,U,4-5,500,600,inhumation
HtsADV-MC1,C1,U,Unknown,490,600,cremation
HtsADV-MC1,C2,U,Unknown,490,600,cremation
HtsADV-MC1,C3,U,Unknown,490,600,cremation
HtsADV-MC1,C4,U,Unknown,490,600,cremation
HtsADV-MC1,C5,U,Unknown,490,600,cremation
HtsADV-MC1,C6,U,Unknown,490,600,cremation
HtsADV-MC1,C7,U,Unknown,490,600,cremation
HtsADV-MC1,C8,U,Unknown,490,600,cremation
HtsADV-MC1,C9,U,Adult,490,600,cremation
HtsADV-MC1,C10,U,Unknown,490,600,cremation
HtsADV-MC1,C11,U,Unknown,490,600,cremation
HtsADV-MC1,C12,U,Unknown,490,600,cremation
HtsADV-MC1,C13,U,Unknown,490,600,cremation
HtsADV-MC1,C14,U,Unknown,490,600,cremation
HtsADV-MC1,C15,U,Unknown,490,600,cremation
HtsADV-MC1,C16,U,Unknown,490,600,cremation
HtsADV-MC1,C17,U,Unknown,490,600,cremation
HtsADV-MC1,C18,U,Adult,490,600,cremation
HtsADV-MC1,C19,U,Unknown,490,600,cremation
HtsADV-MC1,C20,U,Unknown,490,600,cremation
HtsADV-MC1,C21,U,Unknown,490,600,cremation
HtsADV-MC1,C22,U,Unknown,490,600,cremation
HtsADV-MC1,C23,U,Unknown,490,600,cremation
HtsADV-MC1,C24,U,Unknown,490,600,cremation
HtsADV-MC1,C25,U,Unknown,490,600,cremation
HtsADV-MC1,C26,U,Unknown,490,600,cremation
HtsADV-MC1,C27,U,Unknown,490,600,cremation
HtsADV-MC1,C28,U,Unknown,490,600,cremation
HtsADV-MC1,C29,U,Unknown,490,600,cremation
HtsADV-MC1,C30,U,Unknown,490,600,cremation
HtsADV-MC1,C31,U,Unknown,490,600,cremation
HtsADV-MC1,C32,U,Unknown,490,600,cremation
HtsADV-MC1,C33,U,Unknown,490,600,cremation
HtsADV-MC1,C34,U,Unknown,490,600,cremation
HtsADV-MC1,C35,U,Unknown,490,600,cremation
HtsADV-MC1,C36,U,Adult,490,600,cremation
HtsADV-MC1,C37,U,Adult,490,500,cremation
HtsADV-MC1,C38,U,Unknown,490,600,cremation
HtsADV-MC1,C39,U,Unknown,490,600,cremation
HtsADV-MC1,C40,U,Adult,490,600,cremation
HtsADV-MC1,C41,U,Unknown,490,600,cremation
HtsADV-MC1,C42,U,Adult,490,600,cremation
HtsADV-MC1,C43,U,Unknown,490,600,cremation
HtsADV-MC1,C44,U,Unknown,490,600,cremation
HtsADV-MC1,C45,U,Unknown,490,600,cremation
HtsADV-MC1,C46,U,Unknown,490,600,cremation
HtsADV-MC1,C47,U,Unknown,490,600,cremation
HtsADV-MC1,C48,U,Unknown,490,600,cremation
HtsADV-MC1,C49,U,Unknown,490,600,cremation
HtsADV-MC1,C50,U,Unknown,490,600,cremation
HtsADV-MC1,C51,U,Unknown,490,600,cremation
HtsADV-MC1,C52,U,Unknown,490,600,cremation
HtsADV-MC1,C53,U,Adult,490,600,cremation
HtsADV-MC1,C54,U,Unknown,490,600,cremation
HtsADV-MC1,C55,U,Adult,490,600,cremation
HtsADV-MC1,C56,U,Unknown,490,600,cremation
HtsADV-MC1,C57,U,Unknown,490,600,cremation
HtsADV-MC1,C58,U,Unknown,490,600,cremation
HtsADV-MC1,C59,U,Unknown,490,600,cremation
HtsADV-MC1,C60,U,Unknown,490,600,cremation
HtsADV-MC1,C61,U,Unknown,490,600,cremation
HtsADV-MC1,C62,U,Unknown,490,600,cremation
HtsADV-MC1,C63,U,Unknown,490,600,cremation
HtsADV-MC1,C64,U,Unknown,490,600,cremation
HtsADV-MC1,C65,U,Unknown,490,600,cremation
HtsADV-MC1,C66,U,Unknown,490,600,cremation
HtsADV-MC1,C67/,U,Unknown,490,600,cremation
HtsADV-MC1,C68,U,Unknown,490,600,cremation
HtsADV-MC1,C69,U,Unknown,490,600,cremation
HtsADV-MC1,C70,U,Unknown,490,500,cremation
HtsADV-MC1,C71,U,Unknown,490,600,cremation
HtsADV-MC1,C72,U,Unknown,490,600,cremation
HtsADV-MC1,C73,U,Unknown,580,600,cremation
HtsADV-MC1,C74,U,Unknown,490,600,cremation
HtsADV-MC1,C75/,U,Unknown,490,600,cremation
HtsADV-MC1,C76,U,Unknown,490,600,cremation
HtsADV-MC1,C77,U,Unknown,490,600,cremation
HtsADV-MC1,C78,U,Adult,500,550,cremation
HtsADV-MC1,C79,U,Adult,490,600,cremation
HtsADV-MC1,C80,U,Unknown,490,600,cremation
HtsADV-MC1,C81,U,Unknown,490,600,cremation
HtsADV-MC1,C82,U,Unknown,490,600,cremation
HtsADV-MC1,C83,U,Unknown,490,600,cremation
HtsADV-MC1,C84,U,Unknown,490,600,cremation
HtsADV-MC1,C85,U,Unknown,490,600,cremation
HtsADV-MC1,C86,U,Unknown,490,600,cremation
HtsALT-MC1,100,M,35-50,425,650,inhumation
HtsALT-MC1,101,M/,15-18,425,650,inhumation
HtsALT-MC1,102,F,18-25,425,650,inhumation
HtsALT-MC1,103,U,4,425,650,inhumation
HtsALT-MC1,104,F,60-80,425,650,inhumation
HtsALT-MC1,C47,U,Unknown,450,525,cremation
HtsALT-MC1,106,U,Unknown,425,650,inhumation
HtsALT-MC1,107,U,Unknown,425,650,inhumation
HtsALT-MC1,108,U,Unknown,425,650,inhumation
HtsALT-MC1,109,U,Unknown,425,650,inhumation
HtsALT-MC1,1,U,Unknown,600,650,inhumation
HtsALT-MC1,2,U,Unknown,425,525,inhumation
HtsALT-MC1,3,U,Unknown,425,475,inhumation
HtsALT-MC1,4,U,Unknown,600,650,inhumation
HtsALT-MC1,5,F?,Unknown,425,650,inhumation
HtsALT-MC1,6,F,24-27,425,525,inhumation
HtsALT-MC1,7,M,24-27,425,525,inhumation
HtsALT-MC1,8,U,Neonate,425,650,inhumation
HtsALT-MC1,9,U,7,425,525,inhumation
HtsALT-MC1,10,U,Unknown,425,650,inhumation
HtsALT-MC1,11,U,16-18,425,475,inhumation
HtsALT-MC1,12,M,50+,425,525,inhumation
HtsALT-MC1,13,F,20,425,650,inhumation
HtsALT-MC1,14,F,23,425,475,inhumation
HtsALT-MC1,15,U,2,425,475,inhumation
HtsALT-MC1,16,M,28,600,650,inhumation
HtsALT-MC1,17,U,6-7,425,650,inhumation
HtsALT-MC1,18,U,Infant?,425,650,inhumation
HtsALT-MC1,19,U,4,425,525,inhumation
HtsALT-MC1,20,F,50+,425,475,inhumation
HtsALT-MC1,21,F,50+,425,600,inhumation
HtsALT-MC1,22,M,25,425,650,inhumation
HtsALT-MC1,23,F,35,475,525,inhumation
HtsALT-MC1,24,M?,15,425,650,inhumation
HtsALT-MC1,25,F,45+,425,650,inhumation
HtsALT-MC1,26,M,16-19,425,600,inhumation
HtsALT-MC1,27,U,10,425,475,inhumation
HtsALT-MC1,28,U,1-2,425,650,inhumation
HtsALT-MC1,29,U,7-8,425,600,inhumation
HtsALT-MC1,30,M,25-30,425,475,inhumation
HtsALT-MC1,31,U,4,425,600,inhumation
HtsALT-MC1,32,M,18,425,650,inhumation
HtsALT-MC1,33,F,50+,425,525,inhumation
HtsALT-MC1,34,M,20,425,475,inhumation
HtsALT-MC1,35,F,30-35,425,475,inhumation
HtsALT-MC1,36,M,35-40,425,525,inhumation
HtsALT-MC1,37,U,16,425,475,inhumation
HtsALT-MC1,38,U,Unknown,425,650,inhumation
HtsALT-MC1,39,M,50+,600,650,inhumation
HtsALT-MC1,40,M,Old,600,650,inhumation
HtsALT-MC1,41,U,16-17,425,475,inhumation
HtsALT-MC1,42,M,30-35,425,525,inhumation
HtsALT-MC1,43,F,45+,425,525,inhumation
HtsALT-MC1,44,M?,45+,425,525,inhumation
HtsALT-MC1,45,M,Adult,425,650,inhumation
HtsALT-MC1,46,U,3,425,650,inhumation
HtsALT-MC1,47,F,35,475,525,inhumation
HtsALT-MC1,48,U,Unknown,425,650,inhumation
HtsALT-MC1,49/,M?,Adult,425,525,inhumation
HtsALT-MC1,C1,F,Adult?,425,475,cremation
HtsALT-MC1,C2,F?,Adult,425,475,cremation
HtsALT-MC1,C3,F?,Unknown,450,525,cremation
HtsALT-MC1,C4,M,Adult,425,475,cremation
HtsALT-MC1,C5,U,Unknown,425,475,cremation
HtsALT-MC1,C6,U,Adult,450,525,cremation
HtsALT-MC1,C7,U,Adult,425,525,cremation
HtsALT-MC1,C8,U,Adult?,450,525,cremation
HtsALT-MC1,C9,U,Unknown,450,525,cremation
HtsALT-MC1,C10,U,Unknown,450,525,cremation
HtsALT-MC1,C11,U,Unknown,450,525,cremation
HtsALT-MC1,C12,U,Adult,425,525,cremation
HtsALT-MC1,C13,U,Unknown,450,525,cremation
HtsALT-MC1,C14,M?,Adult,425,525,cremation
HtsALT-MC1,C15,U,Juvenile?,450,525,cremation
HtsALT-MC1,C16,U,Unknown,425,525,cremation
HtsALT-MC1,C17,U,Unknown,450,525,cremation
HtsALT-MC1,C18,U,Unknown,450,525,cremation
HtsALT-MC1,C19,U,Unknown,425,525,cremation
HtsALT-MC1,C20,U,Unknown,425,525,cremation
HtsALT-MC1,C21,U,Unknown,450,525,cremation
HtsALT-MC1,C22,U,Unknown,450,525,cremation
HtsALT-MC1,C23,U,Unknown,425,475,cremation
HtsALT-MC1,C24,U,Adult?,475,525,cremation
HtsALT-MC1,C25,U,Unknown,450,525,cremation
HtsALT-MC1,C26,U,Unknown,425,475,cremation
HtsALT-MC1,C27,U,Adult,425,525,cremation
HtsALT-MC1,C28,U,Unknown,450,525,cremation
HtsALT-MC1,C29,U,Adult,450,525,cremation
HtsALT-MC1,C30,U,Unknown,450,525,cremation
HtsALT-MC1,C31,F?,Old adult,475,525,cremation
HtsALT-MC1,C32,M?,Old adult,425,475,cremation
HtsALT-MC1,C33,U,Unknown,425,475,cremation
HtsALT-MC1,C34,U,Unknown,450,525,cremation
HtsALT-MC1,C35,U,Unknown,450,525,cremation
HtsALT-MC1,C36,U,Unknown,450,525,cremation
HtsALT-MC1,C37,U,Unknown,450,525,cremation
HtsALT-MC1,C38,U,Unknown,450,525,cremation
HtsALT-MC1,C46,U,Unknown,425,475,cremation
HtsALT-MC1,C39,U,Unknown,450,525,cremation
HtsALT-MC1,C40,U,Unknown,450,525,cremation
HtsALT-MC1,C41,U,Unknown,450,525,cremation
HtsALT-MC1,C42,U,Unknown,450,525,cremation
HtsALT-MC1,C43,U,Unknown,450,525,cremation
HtsALT-MC1,C44,U,Unknown,475,525,cremation
HtsALT-MC1,C45,U,Unknown,425,525,cremation
HtsALT-MC1,49/a,U,6-8,425,525,inhumation
HtsBGT-BI1,1,U,Unknown,550,600,inhumation
HtsBMR-IC1,9,U,Unknown,500,600,inhumation
HtsBMR-IC1,10,U,Unknown,500,600,inhumation
HtsBMR-IC1,11,U,Unknown,500,600,inhumation
HtsBMR-IC1,1/,M,Unknown,550,600,inhumation
HtsBMR-IC1,1/a,F,Unknown,550,600,inhumation
HtsBMR-IC1,3,U,Child,500,600,inhumation
HtsBMR-IC1,4,M,Old,500,600,inhumation
HtsBMR-IC1,5,M,Young,500,600,inhumation
HtsBMR-IC1,6,U,Unknown,500,575,inhumation
HtsBMR-IC1,7,U,Unknown,500,600,inhumation
HtsBMR-IC1,8,U,Unknown,500,600,inhumation
HtsBSK-BI1,1,U,Unknown,575,650,inhumation
HtsBSK-IC1,1,U,Unknown,450,700,inhumation
HtsBSK-IC1,3,U,Unknown,450,700,inhumation
HtsBSK-IC1,4,U,Unknown,450,700,inhumation
HtsBSK-IC1,2,U,Unknown,450,700,inhumation
HtsCAM-IC1,19,U,Unknown,475,700,inhumation
HtsCAM-IC1,20,U,Unknown,475,700,inhumation
HtsCAM-IC1,21,U,Unknown,475,700,inhumation
HtsCAM-IC1,1,M,Unknown,525,575,inhumation
HtsCAM-IC1,2,M,Young,475,600,inhumation
HtsCAM-IC1,3/,M,Adult,650,700,inhumation
HtsCAM-IC1,4,F,Young,600,700,inhumation
HtsCAM-IC1,5,F,Old?,600,700,inhumation
HtsCAM-IC1,6,M,Young?,600,700,inhumation
HtsCAM-IC1,7,M,Young,600,700,inhumation
HtsCAM-IC1,8,M,Yng/Mat ad,600,700,inhumation
HtsCAM-IC1,9,M,Young,600,700,inhumation
HtsCAM-IC1,10,U,14-15,475,700,inhumation
HtsCAM-IC1,11,F,Mat ad/old,475,700,inhumation
HtsCAM-IC1,12,M,Adult,475,700,inhumation
HtsCAM-IC1,13/,U,1-2,475,700,inhumation
HtsCAM-IC1,13/a,U,3,475,700,inhumation
HtsCAM-IC1,14,M,Mature ad,475,700,inhumation
HtsCAM-IC1,15,U,Neonate,475,700,inhumation
HtsCAM-IC1,3/a,U,Juvenile,650,700,inhumation
HtsCAM-IC1,18,U,Unknown,475,700,inhumation
HtsCAM-IC2,1,U,Unknown,600,750,inhumation
HtsCAM-IC2,2,U,Unknown,600,750,inhumation
HtsCBT-BI1,1,U,Unknown,475,550,inhumation
HtsCDV-BI1,1,U,Unknown,575,650,inhumation
HtsCLF-IC1,1,F,25+,550,650,inhumation
HtsCLF-IC1,2,U,Unknown,550,650,inhumation
HtsCRT-BI1,1,U,Unknown,500,650,Inhumation
HtsEXT-BI1,1,U,Unknown,590,610,inhumation
HtsFHM-CC1,1,U,Unknown,450,650,cremation
HtsFHM-CC1,2,U,Unknown,450,650,cremation
HtsFHM-IC1,1,U,Unknown,500,700,inhumation
HtsFHM-IC1,2,U,Unknown,500,700,inhumation
HtsFHM-IC1,3,U,Unknown,500,700,inhumation
HtsFHM-IC1,4,U,Unknown,500,700,inhumation
HtsFHM-IC1,5,U,Unknown,500,700,inhumation
HtsFHM-IC1,6,U,Unknown,500,700,inhumation
HtsFHM-IC1,7,U,Unknown,500,700,inhumation
HtsFHM-IC1,8,U,Unknown,500,700,inhumation
HtsFHM-IC1,9,U,Unknown,500,700,inhumation
HtsFHM-IC1,10,U,Unknown,500,700,inhumation
HtsFHM-IC1,11,U,Unknown,500,700,inhumation
HtsHND-IC1,1,U,Unknown,600,700,inhumation
HtsHND-IC1,2,U,Unknown,600,700,inhumation
HtsHND-IC1,3,U,Unknown,600,700,inhumation
HtsHND-IC1,4,F,Unknown,600,700,inhumation
HtsHND-IC1,5,M,Unknown,600,700,inhumation
HtsHND-IC1,6,F,Unknown,600,700,inhumation
HtsHND-IC1,7,U,Unknown,600,700,inhumation
HtsHND-IC1,8,U,Unknown,600,700,inhumation
HtsHND-IC1,9,F?,Elderly?,600,700,inhumation
HtsHND-IC1,10,M,Unknown,600,700,inhumation
HtsHND-IC1,11,F,Unknown,600,700,inhumation
HtsHND-IC1,12,M,Adult,600,700,inhumation
HtsHND-IC1,13,M,Youngish,600,700,inhumation
HtsHND-IC1,14,M,Oldish,600,700,inhumation
HtsHND-IC1,15,F,Old,600,700,inhumation
HtsHND-IC1,16,F,Old,600,700,inhumation
HtsHND-IC1,17,M,Yng adult,600,700,inhumation
HtsHND-IC1,18,F,Aged,600,700,inhumation
HtsHND-IC1,19,M,Adult/Eld,600,700,inhumation
HtsHND-IC1,20,M,Aged,600,675,inhumation
HtsHND-IC1,21,F?,Unknown,600,700,inhumation
HtsHND-IC1,22,M,Elderly,600,700,inhumation
HtsHND-IC1,23,M,Elderly,600,700,inhumation
HtsHND-IC1,24,U,3-4,600,700,inhumation
HtsHND-IC1,25,U,Unknown,600,700,inhumation
HtsHND-IC1,26,M,Yng adult,600,700,inhumation
HtsHND-IC1,27,F?,Child,600,700,inhumation
HtsHND-IC1,28,U,Old,600,700,inhumation
HtsHND-IC1,29,U,Child,600,700,inhumation
HtsHND-IC1,30,U,Unknown,600,700,inhumation
HtsHND-IC1,31,M,Adult,600,700,inhumation
HtsHND-IC1,32,M,Old,600,700,inhumation
HtsHND-IC1,33,M?,Unknown,600,700,inhumation
HtsHSY-BI1,1/,U,Unknown,550,600,inhumation
HtsHSY-BI1,2,U,Unknown,550,600,inhumation
HtsHVT-BC1,1,U,Unknown,450,650,cremation
HtsHVT-IC1,68,U,Unknown,660,805,inhumation
HtsHVT-IC1,1 skel 90,U,Unknown,595,665,inhumation
HtsHVT-IC1,44 skel 41,F,40+,660,700,inhumation
HtsHVT-IC1,3 skel 1,U,Unknown,685,890,inhumation
HtsHYD-BC1,1,U,Unknown,450,650,cremation
HtsICH-MC1,2,U,Unknown,450,500,inhumation
HtsICH-MC1,3,U,Unknown,450,500,inhumation
HtsICH-MC1,4,U,Unknown,450,500,inhumation
HtsICH-MC1,5,U,Unknown,450,500,inhumation
HtsICH-MC1,6,U,Unknown,450,500,inhumation
HtsICH-MC1,7,U,Unknown,450,500,inhumation
HtsICH-MC1,8,U,Unknown,450,500,inhumation
HtsICH-MC1,9,U,Unknown,450,500,inhumation
HtsICH-MC1,10,U,Unknown,450,500,inhumation
HtsICH-MC1,11,U,Unknown,450,500,inhumation
HtsICH-MC1,12,U,Unknown,450,500,inhumation
HtsICH-MC1,13,U,Unknown,450,500,inhumation
HtsICH-MC1,14,U,Unknown,450,500,inhumation
HtsICH-MC1,15,U,Unknown,450,500,inhumation
HtsICH-MC1,16,U,Unknown,450,500,inhumation
HtsICH-MC1,17,U,Unknown,450,500,inhumation
HtsICH-MC1,18,U,Unknown,450,500,inhumation
HtsICH-MC1,19,U,Unknown,450,500,inhumation
HtsICH-MC1,24,U,Unknown,450,500,inhumation
HtsICH-MC1,25,U,Unknown,450,500,inhumation
HtsICH-MC1,26,U,Unknown,450,500,inhumation
HtsICH-MC1,27,U,Unknown,450,500,inhumation
HtsICH-MC1,28,U,Unknown,450,500,inhumation
HtsICH-MC1,29,U,Unknown,450,500,inhumation
HtsICH-MC1,30,U,Unknown,450,500,inhumation
HtsICH-MC1,31,U,Unknown,450,500,inhumation
HtsICH-MC1,32,U,Unknown,450,500,inhumation
HtsICH-MC1,33,U,Unknown,450,500,inhumation
HtsICH-MC1,34,U,Unknown,450,500,inhumation
HtsICH-MC1,35,U,Unknown,450,500,inhumation
HtsICH-MC1,36,U,Unknown,450,500,inhumation
HtsICH-MC1,37,U,Unknown,450,500,inhumation
HtsICH-MC1,38,U,Unknown,450,500,inhumation
HtsICH-MC1,39,U,Unknown,450,500,inhumation
HtsICH-MC1,40,U,Unknown,450,500,inhumation
HtsICH-MC1,41,U,Unknown,450,500,inhumation
HtsICH-MC1,42,U,Unknown,450,500,inhumation
HtsICH-MC1,43,U,Unknown,450,500,inhumation
HtsICH-MC1,44,U,Unknown,450,500,inhumation
HtsICH-MC1,45,U,Unknown,450,500,inhumation
HtsICH-MC1,46,U,Unknown,450,500,inhumation
HtsICH-MC1,47,U,Unknown,450,500,inhumation
HtsICH-MC1,48,U,Unknown,450,500,inhumation
HtsICH-MC1,49,U,Unknown,450,500,inhumation
HtsICH-MC1,50,U,Unknown,450,500,inhumation
HtsICH-MC1,51,U,Unknown,450,500,inhumation
HtsICH-MC1,52,U,Unknown,450,500,inhumation
HtsICH-MC1,53,U,Unknown,450,500,inhumation
HtsICH-MC1,55,U,Unknown,450,500,inhumation
HtsICH-MC1,56,U,Unknown,450,500,inhumation
HtsICH-MC1,57,U,Unknown,450,500,inhumation
HtsICH-MC1,58,U,Unknown,450,500,inhumation
HtsICH-MC1,59,U,Unknown,450,500,inhumation
HtsICH-MC1,60,U,Unknown,450,500,inhumation
HtsICH-MC1,61,U,Unknown,450,500,inhumation
HtsICH-MC1,62,U,Unknown,450,500,inhumation
HtsICH-MC1,63,U,Unknown,450,500,inhumation
HtsICH-MC1,64,U,Unknown,450,500,inhumation
HtsICH-MC1,65,U,Unknown,450,500,inhumation
HtsICH-MC1,66,U,Unknown,450,500,inhumation
HtsICH-MC1,67,U,Unknown,450,500,inhumation
HtsICH-MC1,68,U,Unknown,450,500,inhumation
HtsICH-MC1,69,U,Unknown,450,500,inhumation
HtsICH-MC1,70,U,Unknown,450,500,inhumation
HtsICH-MC1,71,U,Unknown,450,500,inhumation
HtsICH-MC1,72,U,Unknown,450,500,inhumation
HtsICH-MC1,73,U,Unknown,450,500,inhumation
HtsICH-MC1,74,U,Unknown,450,500,inhumation
HtsICH-MC1,75,U,Unknown,450,500,inhumation
HtsICH-MC1,76,U,Unknown,450,500,inhumation
HtsICH-MC1,77,U,Unknown,450,500,inhumation
HtsICH-MC1,78,U,Unknown,450,500,inhumation
HtsICH-MC1,79,U,Unknown,450,500,inhumation
HtsICH-MC1,80,U,Unknown,450,500,inhumation
HtsICH-MC1,81,U,Unknown,450,500,inhumation
HtsICH-MC1,82,U,Unknown,450,500,inhumation
HtsICH-MC1,83,U,Unknown,450,500,inhumation
HtsICH-MC1,84,U,Unknown,450,500,inhumation
HtsICH-MC1,1,U,Unknown,450,500,inhumation
HtsICH-MC1,20,U,Unknown,450,500,inhumation
HtsICH-MC1,21,M,20-25,450,500,inhumation
HtsICH-MC1,22,M,18-25,450,500,inhumation
HtsICH-MC1,23,U,Unknown,450,500,inhumation
HtsICH-MC1,54,U,Unknown,450,500,inhumation
HtsKWY-MC1,1,M,Adult,475,600,inhumation
HtsKWY-MC1,10,F,Adult,600,650,inhumation
HtsKWY-MC1,11,F,Adult,475,625,inhumation
HtsKWY-MC1,12,F?,50+,500,650,inhumation
HtsKWY-MC1,13,M?,30+,475,600,inhumation
HtsKWY-MC1,14,M,40+,550,650,inhumation
HtsKWY-MC1,15,U,1-2?,475,650,inhumation
HtsKWY-MC1,16,F,40-50,475,600,inhumation
HtsKWY-MC1,17/,U,1-2,600,650,inhumation
HtsKWY-MC1,17/a,M,30-40,600,650,inhumation
HtsKWY-MC1,17/b,U,6-7,600,650,inhumation
HtsKWY-MC1,18/,F,21-25,475,650,inhumation
HtsKWY-MC1,18/a,U,0-2,475,650,inhumation
HtsKWY-MC1,18/b,F,40-50,475,650,inhumation
HtsKWY-MC1,19,U,10?,475,650,inhumation
HtsKWY-MC1,2,F?,50+,600,650,inhumation
HtsKWY-MC1,20,F,50+,475,650,inhumation
HtsKWY-MC1,21/,F,20-30/50+,475,500,inhumation
HtsKWY-MC1,21/a,U,Neonate,475,500,inhumation
HtsKWY-MC1,22,M,25-30,475,525,inhumation
HtsKWY-MC1,23,U,3-4,475,650,inhumation
HtsKWY-MC1,24,M,35-45,525,615,inhumation
HtsKWY-MC1,25/,M,Adult,550,650,inhumation
HtsKWY-MC1,25/a,U,8-10,550,650,inhumation
HtsKWY-MC1,26/,F,18-30,500,650,inhumation
HtsKWY-MC1,26/a,U,Neonate,500,650,inhumation
HtsKWY-MC1,27,F?,50+,475,650,inhumation
HtsKWY-MC1,28,U,6-8,475,625,inhumation
HtsKWY-MC1,29,F,Adult,475,625,inhumation
HtsKWY-MC1,3,F,50+,475,650,inhumation
HtsKWY-MC1,30,F,Adult,500,550,inhumation
HtsKWY-MC1,31,U,5,475,650,inhumation
HtsKWY-MC1,32,M,50+,500,650,inhumation
HtsKWY-MC1,33,M,30-40,475,550,inhumation
HtsKWY-MC1,34,F?,30-40,600,650,inhumation
HtsKWY-MC1,35,U,10-12,600,650,inhumation
HtsKWY-MC1,36,M,30-40,525,615,inhumation
HtsKWY-MC1,37,U,6,475,650,inhumation
HtsKWY-MC1,38,M,25-35,475,650,inhumation
HtsKWY-MC1,39,F,40-50,475,625,inhumation
HtsKWY-MC1,4,U,2,475,650,inhumation
HtsKWY-MC1,40,M?,35-40,475,650,inhumation
HtsKWY-MC1,41,M,50+,475,525,inhumation
HtsKWY-MC1,42/,F,40+,475,650,inhumation
HtsKWY-MC1,42/a,U,5,475,650,inhumation
HtsKWY-MC1,43,F,25-30,475,650,inhumation
HtsKWY-MC1,44,M,35-45,475,575,inhumation
HtsKWY-MC1,45,M,18-30,475,615,inhumation
HtsKWY-MC1,46,M,20-30,475,575,inhumation
HtsKWY-MC1,47,F,Adult,475,550,inhumation
HtsKWY-MC1,48,U,2-3,475,650,inhumation
HtsKWY-MC1,49,M,50+,525,550,inhumation
HtsKWY-MC1,5,U,10,475,650,inhumation
HtsKWY-MC1,50,M,40-50,475,500,inhumation
HtsKWY-MC1,51,U,2-4,475,650,inhumation
HtsKWY-MC1,52,U,4,475,650,inhumation
HtsKWY-MC1,53,F,25?,475,650,inhumation
HtsKWY-MC1,54,U,2,475,625,inhumation
HtsKWY-MC1,55,F,40-50,475,600,inhumation
HtsKWY-MC1,56,F?,Adult,600,625,inhumation
HtsKWY-MC1,57,M,50+,600,650,inhumation
HtsKWY-MC1,58,F,50+,475,625,inhumation
HtsKWY-MC1,59,U,10,500,650,inhumation
HtsKWY-MC1,6,U,Unknown,475,650,inhumation
HtsKWY-MC1,60,F,24-25,500,650,inhumation
HtsKWY-MC1,61,F,30-35,500,650,inhumation
HtsKWY-MC1,62,F,35-45,625,650,inhumation
HtsKWY-MC1,63,F,45?,475,625,inhumation
HtsKWY-MC1,64/,U,7-8,500,650,inhumation
HtsKWY-MC1,64/a,F,30+,500,650,inhumation
HtsKWY-MC1,65,U,0-1,475,650,inhumation
HtsKWY-MC1,66,U,Child,475,650,inhumation
HtsKWY-MC1,67,U,Unknown,475,650,inhumation
HtsKWY-MC1,68,F,25-30,500,550,inhumation
HtsKWY-MC1,69,M,20?,475,650,inhumation
HtsKWY-MC1,7,U,8,475,625,inhumation
HtsKWY-MC1,70,M,40-50,475,650,inhumation
HtsKWY-MC1,71,M,16-17,475,575,inhumation
HtsKWY-MC1,72,F,45-55,475,625,inhumation
HtsKWY-MC1,73,M,35-45,475,650,inhumation
HtsKWY-MC1,74,U,11-12,500,650,inhumation
HtsKWY-MC1,75,U,Adult,475,650,inhumation
HtsKWY-MC1,76,F,Adult,500,600,inhumation
HtsKWY-MC1,77,F,40-50,475,525,inhumation
HtsKWY-MC1,78,F,13-15,475,650,inhumation
HtsKWY-MC1,79,M,30-35,475,600,inhumation
HtsKWY-MC1,8,F,Adult,500,650,inhumation
HtsKWY-MC1,80,F,50+,500,550,inhumation
HtsKWY-MC1,81,M,18-30,525,550,inhumation
HtsKWY-MC1,82,F,40-50,475,650,inhumation
HtsKWY-MC1,83,M,40-50,475,550,inhumation
HtsKWY-MC1,84,M,18-20,500,575,inhumation
HtsKWY-MC1,85,F,25-35,600,650,inhumation
HtsKWY-MC1,86,U,Inf/child,475,650,inhumation
HtsKWY-MC1,87,M,40+,500,550,inhumation
HtsKWY-MC1,88,U,18?,475,625,inhumation
HtsKWY-MC1,89,U,Unknown,475,625,inhumation
HtsKWY-MC1,9,F,30+,475,650,inhumation
HtsKWY-MC1,90,M,35-45,475,650,inhumation
HtsKWY-MC1,91,U,6-7,600,650,inhumation
HtsKWY-MC1,92,M,40+,475,650,inhumation
HtsKWY-MC1,93,F,30+,625,650,inhumation
HtsKWY-MC1,94/,M,30-40,500,650,inhumation
HtsKWY-MC1,94/a,U,4-6?,500,650,inhumation
HtsKWY-MC1,95,M,18-30,500,650,inhumation
HtsKWY-MC1,96,U,Unknown,475,525,inhumation
HtsKWY-MC1,97,U,Unknown,475,650,inhumation
HtsKWY-MC1,98,F?,Unknown,475,650,inhumation
HtsKWY-MC1,99,U,Young,475,650,inhumation
HtsKWY-MC1,C1,U,Child,475,650,cremation
HtsKWY-MC1,C10,U,Unknown,475,650,cremation
HtsKWY-MC1,C11,U,Unknown,475,650,cremation
HtsKWY-MC1,C12,U,Juvenile,475,650,cremation
HtsKWY-MC1,C13,U,Unknown,475,650,cremation
HtsKWY-MC1,C14,U,Juvenile,475,650,cremation
HtsKWY-MC1,C15,U,Unknown,475,650,cremation
HtsKWY-MC1,C16,U,Unknown,475,650,cremation
HtsKWY-MC1,C17,U,Unknown,475,650,cremation
HtsKWY-MC1,C18,U,Unknown,475,650,cremation
HtsKWY-MC1,C19,U,Unknown,475,650,cremation
HtsKWY-MC1,C2,U,Adult,475,650,cremation
HtsKWY-MC1,C20,U,Unknown,475,650,cremation
HtsKWY-MC1,C21,U,Unknown,475,650,cremation
HtsKWY-MC1,C22,U,Adult,475,650,cremation
HtsKWY-MC1,C23,U,Adult,475,650,cremation
HtsKWY-MC1,C24,U,Sub-adult,475,650,cremation
HtsKWY-MC1,C25,U,Unknown,475,650,cremation
HtsKWY-MC1,C26,U,Unknown,475,650,cremation
HtsKWY-MC1,C27,U,Unknown,475,650,cremation
HtsKWY-MC1,C28,U,Unknown,475,650,cremation
HtsKWY-MC1,C29,U,Unknown,475,650,cremation
HtsKWY-MC1,C3,U,13+,475,650,cremation
HtsKWY-MC1,C30,U,Unknown,475,650,cremation
HtsKWY-MC1,C31,U,13+,475,650,cremation
HtsKWY-MC1,C32,U,Unknown,475,650,cremation
HtsKWY-MC1,C33,U,1-3,475,650,cremation
HtsKWY-MC1,C34,U,4-8,475,650,cremation
HtsKWY-MC1,C35,U,Juvenile?,475,650,cremation
HtsKWY-MC1,C36,U,Sub-adult,475,650,cremation
HtsKWY-MC1,C37,U,Unknown,475,650,cremation
HtsKWY-MC1,C38,U,Unknown,475,650,cremation
HtsKWY-MC1,C39,U,Unknown,475,650,cremation
HtsKWY-MC1,C4,U,Juvenile,475,650,cremation
HtsKWY-MC1,C40,U,Unknown,475,650,cremation
HtsKWY-MC1,C41,U,Unknown,475,650,cremation
HtsKWY-MC1,C42,U,Unknown,475,650,cremation
HtsKWY-MC1,C43,U,Unknown,475,650,cremation
HtsKWY-MC1,C44,U,Unknown,475,650,cremation
HtsKWY-MC1,C45,U,Unknown,475,650,cremation
HtsKWY-MC1,C46,U,Unknown,475,650,cremation
HtsKWY-MC1,C5,U,Unknown,475,650,cremation
HtsKWY-MC1,C6,U,4-8,475,650,cremation
HtsKWY-MC1,C7,U,20+,475,650,cremation
HtsKWY-MC1,C8/,U,13+,475,650,cremation
HtsKWY-MC1,C8/a,U,Unknown,475,650,cremation
HtsKWY-MC1,C9,U,Unknown,475,650,cremation
HtsLAH-IC1,1,U,Unknown,600,900,inhumation
HtsLAH-IC1,2,U,Unknown,600,900,inhumation
HtsLAH-IC1,3,U,Unknown,600,900,inhumation
HtsLAH-IC1,4,U,Unknown,600,900,inhumation
HtsLAH-IC1,5,U,Unknown,600,900,inhumation
HtsLAH-IC1,6,U,Unknown,600,900,inhumation
HtsLAH-IC1,7,U,Unknown,600,900,inhumation
HtsLAH-IC1,8,U,Unknown,600,900,inhumation
HtsLAH-IC1,9,U,Unknown,600,900,inhumation
HtsLAH-IC1,10,U,Unknown,600,900,inhumation
HtsLAH-IC1,11,U,Unknown,600,900,inhumation
HtsLAH-IC1,12,U,Unknown,600,900,inhumation
HtsLAH-IC1,13,U,Unknown,600,900,inhumation
HtsLAH-IC1,14,U,Unknown,600,900,inhumation
HtsLAH-IC1,15,U,Unknown,600,900,inhumation
HtsLAH-IC1,16,U,Unknown,600,900,inhumation
HtsLAH-IC1,17,U,Unknown,600,900,inhumation
HtsLGK-IC1,1,U,Unknown,600,900,inhumation
HtsLGK-IC1,2,U,Unknown,600,900,inhumation
HtsLGK-IC1,3,U,Unknown,600,900,inhumation
HtsLGK-IC1,4,U,Unknown,600,900,inhumation
HtsLGK-IC1,5,U,Unknown,600,900,inhumation
HtsLGK-IC1,6,U,Unknown,600,900,inhumation
HtsLGK-IC1,7,U,Unknown,600,900,inhumation
HtsLGK-IC1,8,U,Unknown,600,900,inhumation
HtsLGK-IC1,9,U,Unknown,600,900,inhumation
HtsLGK-IC1,10,U,Unknown,600,900,inhumation
HtsMDV-IC1,1,U,14-16,450,600,inhumation
HtsMDV-IC1,2,U,6-9,475,600,inhumation
HtsMDV-IC1,3,F?,25-40,450,500,inhumation
HtsNAF-BI1,1/,U,Unknown,450,650,inhumation
HtsNAF-BI1,1/a,U,Unknown,450,650,inhumation
HtsNWP-BI1,1,U,Unknown,600,650,inhumation
HtsNWP-BI2,1,U,Unknown,600,650,inhumation
HtsOVB-BI1,1,U,25-30,600,700,inhumation
HtsPTM-IC1,1,U,Unknown,600,700,inhumation
HtsPTM-IC1,2,U,Unknown,600,700,inhumation
HtsPTM-IC1,3,U,Unknown,600,700,inhumation
HtsPTM-IC2,1,M,25,550,650,inhumation
HtsPTM-IC2,2,M?,Unknown,550,650,inhumation
HtsPTM-IC3,1,M,Adult,675,700,inhumation
HtsPTM-IC3,2,M,Adult,675,700,inhumation
HtsPTM-IC3,3,M,Adult,675,700,inhumation
HtsPTM-IC3,4,M,Adult,675,700,inhumation
HtsPTM-IC3,5/,F,Adult,675,700,inhumation
HtsPTM-IC3,5/a,M,Adult,675,700,inhumation
HtsPTM-IC3,6,U,Adult,675,700,inhumation
HtsPTM-IC3,7,M?,Unknown,675,700,inhumation
HtsPTM-IC3,8,U,Unknown,675,700,inhumation
HtsPTM-IC3,9/,U,Unknown,675,700,inhumation
HtsPTM-IC3,9/a,U,Unknown,675,700,inhumation
HtsPTM-IC3,9/b,U,Unknown,675,700,inhumation
HtsPTM-IC3,10,F,Adult,675,700,inhumation
HtsPTM-IC3,11,M?,Adult,675,700,inhumation
HtsPTM-IC3,12,F,Adult,675,700,inhumation
HtsPTM-IC3,13,U,8,675,700,inhumation
HtsPTM-IC3,14,U,12,675,700,inhumation
HtsPTM-IC3,15,U,Infant,675,700,inhumation
HtsPTM-IC3,16,M,Adult,675,700,inhumation
HtsPTM-IC3,17/,U,Youth,675,700,inhumation
HtsPTM-IC3,17/a,M,Adult,675,700,inhumation
HtsPTM-IC3,18,F,Unknown,675,700,inhumation
HtsPTM-IC3,19,M,Adult,675,700,inhumation
HtsPTM-IC3,20,M,Adult,675,700,inhumation
HtsPTM-IC3,21,M,Adult,675,700,inhumation
HtsSAW-BI1,1,U,Unknown,450,700,inhumation
HtsSBG-IC1,1,U,Unknown,400,900,inhumation
HtsSBG-IC1,2,U,Unknown,400,900,inhumation
HtsSBG-IC1,3,U,Unknown,400,900,inhumation
HtsSBG-IC1,4,U,Unknown,400,900,inhumation
HtsSBT-IC1,1,U,Unknown,475,600,inhumation
HtsSBT-IC1,2,F?,Unknown,475,625,inhumation
HtsSBT-IC1,3,F,30-35,475,625,inhumation
HtsSBT-IC1,4,M,35-40,525,615,inhumation
HtsSBT-IC1,5,F,21,475,625,inhumation
HtsSBT-IC1,6,F?,16-17,475,625,inhumation
HtsSBT-IC1,7,F,20-25,475,625,inhumation
HtsSBT-IC1,8,F,19-20,475,625,inhumation
HtsSBT-IC1,9,F,30-35,475,625,inhumation
HtsSBT-IC1,10,F,40-45,475,625,inhumation
HtsSBT-IC1,11,U,Infant,475,625,inhumation
HtsSBT-IC1,12,M,30,550,615,inhumation
HtsSBT-IC1,13,F,30-35,500,550,inhumation
HtsSBT-IC1,14,U,5-10,600,625,inhumation
HtsSBT-IC1,15,M,Adult,550,625,inhumation
HtsSBT-IC1,16,F?,40,475,600,inhumation
HtsSBT-IC1,17,F,20-25,500,625,inhumation
HtsSBT-IC1,18,U,20-25,525,625,inhumation
HtsSBT-IC1,19,M,20-25,475,625,inhumation
HtsSBT-IC1,20,F,30-35,500,600,inhumation
HtsSBT-IC1,21,F,25,550,625,inhumation
HtsSBT-IC1,22,M?,Adult,475,625,inhumation
HtsSBT-IC1,23,F?,20-35,475,625,inhumation
HtsSBT-IC1,24,F?,13-14,475,625,inhumation
HtsSBT-IC1,25,F,20,475,625,inhumation
HtsSBT-IC1,26,U,35-40,500,600,inhumation
HtsSBT-IC1,27,M,30-35,475,625,inhumation
HtsSBT-IC1,28,F,35-40,500,600,inhumation
HtsSBT-IC1,29,F,25-30,475,625,inhumation
HtsSBT-IC1,30,F,20-25,475,625,inhumation
HtsSBT-IC1,31,U,45+,600,625,inhumation
HtsSBT-IC1,32,U,4-5,475,625,inhumation
HtsSBT-IC1,33,M,40-45,475,625,inhumation
HtsSBT-IC1,34,F,35-40,475,625,inhumation
HtsSBT-IC1,35,M,25,475,500,inhumation
HtsSBT-IC1,36,F,20-25,450,550,inhumation
HtsSBT-IC1,37,U,15-17,475,625,inhumation
HtsSBT-IC1,38,M,21,550,625,inhumation
HtsSBT-IC1,39,M?,Elderly,475,625,inhumation
HtsSBT-IC1,40,U,Infant?,550,600,inhumation
HtsSBT-IC1,41,U,Infant?,475,625,inhumation
HtsSBT-IC1,43,U,Unknown,475,625,inhumation
HtsSCR-BI1,1,U,Unknown,400,500,Inhumation
HtsSMB-BI1,1,U,Unknown,450,700,inhumation
HtsSTN-IC1,1,F,Older matu,675,886,inhumation
HtsSTN-IC1,2,M,Old mature,642,777,inhumation
HtsSTN-IC1,3,U,Sub-adult,700,750,inhumation
HtsSTN-IC1,4,F?,Older suba,700,750,inhumation
HtsSTN-IC1,5,U,Adult,700,750,inhumation
HtsSTN-IC1,6,M,Mature ad,700,750,inhumation
HtsSTN-IC1,7,U,Juvenile,700,750,inhumation
HtsSTN-IC1,8,U,Unknown,700,750,inhumation
HtsSTN-IC1,9,U,Old mat ad,700,750,inhumation
HtsSTN-IC1,10,M,Old mat ad,700,750,inhumation
HtsSTN-IC1,11,U,Unknown,700,750,inhumation
HtsSTN-IC1,12,U,Unknown,700,750,inhumation
HtsSTN-IC1,13,U,Unknown,700,750,inhumation
HtsSTN-IC1,14,F,Unknown,700,750,inhumation
HtsSTN-IC1,15,F?,Unknown,700,750,inhumation
HtsSTN-IC1,16,U,Unknown,700,750,inhumation
HtsSTN-IC1,17,F,Unknown,700,750,inhumation
HtsSTN-IC1,18,M?,Unknown,700,750,inhumation
HtsSTN-IC1,19,U,Unknown,700,750,inhumation
HtsSTN-IC1,20,U,Unknown,700,750,inhumation
HtsSTN-IC1,21,U,Unknown,700,750,inhumation
HtsSTN-IC1,22,F?,25-45,700,750,inhumation
HtsSTN-IC1,23,M,25-45,700,750,inhumation
HtsSTN-IC1,24,F?,18-30,700,750,inhumation
HtsSTN-IC4,15,U,Unknown,700,750,inhumation
HtsSTN-IC4,16,U,Unknown,700,750,inhumation
HtsSTN-IC4,8,M,Unknown,700,750,inhumation
HtsSTN-IC4,9,U,Unknown,700,750,inhumation
HtsSTN-IC4,10,U,Unknown,700,750,inhumation
HtsSTN-IC4,11,U,Unknown,700,750,inhumation
HtsSTN-IC4,12,U,Unknown,700,750,inhumation
HtsSTN-IC4,13,F,Unknown,700,750,inhumation
HtsSTN-IC4,14,U,Unknown,700,750,inhumation
HtsSTN-IC4,1,U,Unknown,700,750,inhumation
HtsSTN-IC4,2,U,Unknown,700,750,inhumation
HtsSTN-IC4,3,U,Unknown,700,750,inhumation
HtsSTN-IC4,4,U,Unknown,700,750,inhumation
HtsSTN-IC4,5,U,Unknown,700,750,inhumation
HtsSTN-IC4,6,F,Unknown,700,750,inhumation
HtsSTN-IC4,7,U,Unknown,700,750,inhumation
HtsSTN-IC5,7380,F,Unknown,700,800,inhumation
HtsSTN-IC5,7383,F,Unknown,700,800,inhumation
HtsSTN-IC5,7432,F,Unknown,700,800,inhumation
HtsSTN-IC5,7194,F?,Unknown,700,800,inhumation
HtsSTN-IC5,7270,F?,Unknown,700,800,inhumation
HtsSTN-IC5,7082,M,Unknown,700,800,inhumation
HtsSTN-IC5,7197,M,Unknown,700,800,inhumation
HtsSTN-IC5,7051,U,Unknown,700,800,inhumation
HtsSTN-IC6,5,U,Unknown,700,750,inhumation
HtsSTN-IC6,6,U,Unknown,700,750,inhumation
HtsSTN-IC6,2,U,Unknown,700,750,inhumation
HtsSTN-IC6,3,U,Unknown,700,750,inhumation
HtsSTN-IC6,1,U,Unknown,700,750,inhumation
HtsSTN-IC6,4,U,Unknown,700,750,inhumation
HtsSTN-MC1,C2,U,Unknown,650,720,cremation
HtsSTN-MC1,C3,U,Unknown,650,720,cremation
HtsSTN-MC1,C4,U,Unknown,650,720,cremation
HtsSTN-MC1,C5,U,Unknown,650,720,cremation
HtsSTN-MC1,C6,U,Unknown,650,720,cremation
HtsSTN-MC1,C7,U,Unknown,650,720,cremation
HtsSTN-MC1,C8,U,Unknown,650,720,cremation
HtsSTN-MC1,5001/,U,13+,650,720,cremation
HtsSTN-MC1,5023/,U,Unknown,650,720,cremation
HtsSTN-MC1,5060,U,Unknown,650,720,cremation
HtsSTN-MC1,5102,U,Unknown,650,720,cremation
HtsSTN-MC1,5104,U,Unknown,650,720,cremation
HtsSTN-MC1,5106,U,Unknown,650,720,cremation
HtsSTN-MC1,5108,F?,Unknown,650,720,cremation
HtsSTN-MC1,5111,U,Unknown,650,720,cremation
HtsSTN-MC1,5114,U,Unknown,650,720,cremation
HtsSTN-MC1,5124,U,Unknown,650,720,cremation
HtsSTN-MC1,5126,U,Unknown,650,720,cremation
HtsSTN-MC1,5134,U,Unknown,650,720,cremation
HtsSTN-MC1,5137,U,Unknown,650,720,cremation
HtsSTN-MC1,5140,U,Unknown,650,720,cremation
HtsSTN-MC1,5174,U,Unknown,650,720,cremation
HtsSTN-MC1,5227,U,Unknown,650,720,cremation
HtsSTN-MC1,7138,M?,45+,650,720,cremation
HtsSTN-MC1,7152,U,Unknown,650,720,cremation
HtsSTN-MC1,5001/a,U,Unknown,650,720,inhumation
HtsSTN-MC1,5023/a,M?,35-50,650,720,inhumation
HtsSTN-MC1,C1,U,Unknown,650,720,cremation
HtsSTN-MC1,3520/,U,18+,650,720,inhumation
HtsSTN-MC1,3520/a,U,25-35,650,720,inhumation
HtsSTN-MC1,4002,U,18+,650,720,inhumation
HtsSTN-MC1,4037,U,18+,650,720,inhumation
HtsSTN-MC1,4101,U,Unknown,650,720,inhumation
HtsSTN-MC1,4102,F?,18-25,650,720,inhumation
HtsSTN-MC1,4110,U,13+,650,720,inhumation
HtsSTN-MC1,4202,F,18-25,685,720,inhumation
HtsSTN-MC1,4265,U,Unknown,650,720,inhumation
HtsSTN-MC1,4357,U,18+,650,720,inhumation
HtsSTN-MC1,4425/,M,25-40,650,720,inhumation
HtsSTN-MC1,4425/a,U,17-19,650,720,inhumation
HtsSTN-MC1,4493,U,Unknown,650,720,inhumation
HtsSTN-MC1,4541,M?,18-30,650,720,inhumation
HtsSTN-MC1,5119,M,25-45,650,720,inhumation
HtsSTN-MC1,5129,F?,16-20,650,720,inhumation
HtsSTN-MC1,5142,M,50+,650,720,inhumation
HtsSTN-MC1,5352,M,16-20,650,720,inhumation
HtsSTN-MC1,5428,U,Unknown,650,720,inhumation
HtsSTN-MC1,5488,F?,20-25,650,720,inhumation
HtsSTN-MC1,5508,F,16-20,650,720,inhumation
HtsSTN-MC1,5510,U,Unknown,650,720,inhumation
HtsSTN-MC1,5537,U,Unknown,650,720,inhumation
HtsSTN-MC1,5553,U,8-11,650,720,inhumation
HtsSTN-MC1,9007,M,18+,650,720,inhumation
HtsSTN-MC1,F183,U,Unknown,650,720,inhumation
HtsSTN-MC1,F288,U,25-30,650,720,inhumation
HtsTFD-IC1,1070/b,U,30-40,0,0,inhumation
HtsTFD-IC1,1143/a,M,45-60,0,0,inhumation
HtsTFD-IC1,1143/b,F,25+,0,0,inhumation
HtsTFD-IC1,1003,M,40-50,575,700,inhumation
HtsTFD-IC1,1006,F,35-45,575,700,inhumation
HtsTFD-IC1,1018,U,9-11,575,700,inhumation
HtsTFD-IC1,1049,U,7-9,575,700,inhumation
HtsTFD-IC1,1059,U,6-7,575,700,inhumation
HtsTFD-IC1,1062,F,30-40,575,700,inhumation
HtsTFD-IC1,1070/a,F,23-29,575,700,inhumation
HtsTFD-IC1,1075,M,45+,575,700,inhumation
HtsTFD-IC1,1080,F,12-15,575,700,inhumation
HtsTFD-IC1,1083,U,9-11,575,700,inhumation
HtsTFD-IC1,1086,U,Neonate,575,700,inhumation
HtsTFD-IC1,1095,F,45+,575,700,inhumation
HtsTFD-IC1,1106,M,40-45,575,700,inhumation
HtsTFD-IC1,1114,U,1-2,575,700,inhumation
HtsTFD-IC1,1123,U,1-2,575,700,inhumation
HtsTFD-IC1,1126,M,35-45,575,700,inhumation
HtsTFD-IC1,1130,F,45-60,575,700,inhumation
HtsWCH-BI1,1,U,Unknown,500,650,inhumation
HtsWCH-IC1,2,U,Unknown,450,700,inhumation
HtsWCH-IC1,3,U,Unknown,450,700,inhumation
HtsWCH-IC1,4,U,Unknown,450,700,inhumation
HtsWCH-IC1,5,U,Unknown,450,700,inhumation
HtsWCH-IC1,6,U,Unknown,450,700,inhumation
HtsWCH-IC1,7,U,Unknown,450,700,inhumation
HtsWCH-IC1,8,U,Unknown,450,700,inhumation
HtsWCH-IC1,9,U,Unknown,450,700,inhumation
HtsWCH-IC1,1,U,Unknown,450,700,inhumation
HtsWCR-BI1,1,M,Unknown,450,700,inhumation
HtsWCR-IC1,1/,U,Unknown,500,650,inhumation
HtsWCR-IC1,1/a,U,Unknown,500,650,inhumation
HtsWCR-IC2,1/,F,30-35,650,750,inhumation
HtsWCR-IC2,2,M,30-35,650,750,inhumation
HtsWCR-IC2,3,M,45+,650,750,inhumation
HtsWCR-IC2,4,M,45+,650,750,inhumation
HtsWCR-IC2,5,U,7-10,650,675,inhumation
HtsWCR-IC2,6,F,25-40,650,750,inhumation
HtsWCR-IC2,7,F,30,675,700,inhumation
HtsWCR-IC2,8,F,30-35,675,700,inhumation
HtsWCR-IC2,9,U,4,650,750,inhumation
HtsWCR-IC2,10,U,60+,675,700,inhumation
HtsWCR-IC2,11,F,30-35,650,750,inhumation
HtsWCR-IC2,12,F,60+,650,750,inhumation
HtsWCR-IC2,14,F,20-25,650,750,inhumation
HtsWCR-IC2,15,F,25,650,750,inhumation
HtsWCR-IC2,17,M,30,650,750,inhumation
HtsWCR-IC2,18,U,1-2,650,750,inhumation
HtsWCR-IC2,19,U,11,650,750,inhumation
HtsWCR-IC2,21,U,12-13,650,675,inhumation
HtsWCR-IC2,23,M,Adult,650,750,inhumation
HtsWCR-IC2,24/,U,15-16,650,750,inhumation
HtsWCR-IC2,25,F,15-16,650,750,inhumation
HtsWCR-IC2,26,M,20-25,650,750,inhumation
HtsWCR-IC2,27,F,45+,650,750,inhumation
HtsWCR-IC2,28,M,17-18,650,750,inhumation
HtsWCR-IC2,29,F,45+,650,750,inhumation
HtsWCR-IC2,30,M,25-30,650,750,inhumation
HtsWCR-IC2,31,F,20-25,650,750,inhumation
HtsWCR-IC2,32,F,35-45,650,750,inhumation
HtsWCR-IC2,33,U,11,650,750,inhumation
HtsWCR-IC2,34,M?,45+,650,750,inhumation
HtsWCR-IC2,35,M,20-25,650,750,inhumation
HtsWCR-IC2,36/,M,50+,650,750,inhumation
HtsWCR-IC2,37/,U,4,650,750,inhumation
HtsWCR-IC2,38,U,Baby,650,750,inhumation
HtsWCR-IC2,39,M,45+,650,750,inhumation
HtsWCR-IC2,40,U,Unknown,650,750,inhumation
HtsWCR-IC2,41,U,Baby,650,750,inhumation
HtsWCR-IC2,42,U,4,650,750,inhumation
HtsWCR-IC2,43,F,60-70,650,750,inhumation
HtsWCR-IC2,44,F,45+,650,750,inhumation
HtsWCR-IC2,45,M,45+,650,750,inhumation
HtsWCR-IC2,46,F,20-25,650,750,inhumation
HtsWCR-IC2,47,M,45=,650,750,inhumation
HtsWCR-IC2,48,F,30-40,650,750,inhumation
HtsWCR-IC2,49,M?,Very old,650,750,inhumation
HtsWCR-IC2,1/a,U,18,650,750,inhumation
HtsWCR-IC2,24/a,U,8,650,750,inhumation
HtsWCR-IC3,1,U,Unknown,500,650,inhumation
HtsWCR-IC3,2,U,Unknown,500,650,inhumation
HtsWCR-IC3,3,U,Unknown,500,650,inhumation
HtsWCR-IC4,22,U,Unknown,650,750,inhumation
HtsWCR-IC4,23,F,22-23,650,700,inhumation
HtsWCR-IC4,24,U,Unknown,650,750,inhumation
HtsWCR-IC4,25,U,Unknown,650,700,inhumation
HtsWCR-IC4,26,U,Unknown,650,700,inhumation
HtsWCR-IC6,1,U,Unknown,650,750,inhumation
HtsWCR-IC6,2,U,Unknown,650,750,inhumation
HtsWNS-BI1,1,U,Unknown,600,650,inhumation
IoWART-MC1,1,M,Unknown,475,600,inhumation
IoWART-MC1,2,U,Unknown,475,600,inhumation
IoWART-MC1,3,U,Unknown,475,600,inhumation
IoWART-MC1,8,U,Unknown,475,600,inhumation
IoWART-MC1,9,U,Unknown,475,600,cremation
IoWART-MC1,4,U,Unknown,475,600,inhumation
IoWART-MC1,5,U,Unknown,475,600,inhumation
IoWART-MC1,6,U,Unknown,475,600,inhumation
IoWART-MC1,7,U,Unknown,475,600,inhumation
IoWBDG-BI1,1,M,Unknown,475,600,inhumation
IoWBDG-BI1,2,F,Unknown,475,600,inhumation
IoWBGS-CC1,1,U,Unknown,475,600,cremation
IoWBGS-CC1,2,U,Unknown,475,600,cremation
IoWBGS-CC1,3,U,Unknown,475,600,cremation
IoWCLB-BI1,1,U,Unknown,475,600,inhumation
IoWCSB-IC1,1632,U,Adult,475,525,inhumation
IoWCSB-IC1,1612,M,20-25,525,550,inhumation
IoWCSB-IC1,1282,F,17-19,450,600,inhumation
IoWCSB-MC1,21/a,U,Unknown,475,600,inhumation
IoWCSB-MC1,25,U,Unknown,475,600,inhumation
IoWCSB-MC1,26,U,Unknown,475,600,inhumation
IoWCSB-MC1,27,U,Unknown,475,600,inhumation
IoWCSB-MC1,28,U,Unknown,475,600,inhumation
IoWCSB-MC1,29,U,Unknown,475,600,inhumation
IoWCSB-MC1,30,U,Unknown,475,600,cremation
IoWCSB-MC1,31,U,Unknown,475,600,cremation
IoWCSB-MC1,32,U,Unknown,475,600,cremation
IoWCSB-MC1,33,U,Unknown,475,600,cremation
IoWCSB-MC1,34,U,Unknown,475,600,cremation
IoWCSB-MC1,35,U,Unknown,475,600,inhumation
IoWCSB-MC1,1,U,Unknown,475,600,inhumation
IoWCSB-MC1,2,U,Unknown,475,600,cremation
IoWCSB-MC1,3,U,Unknown,475,500,cremation
IoWCSB-MC1,4,U,Unknown,475,600,cremation
IoWCSB-MC1,5,U,Unknown,475,600,inhumation
IoWCSB-MC1,6,U,Unknown,475,600,inhumation
IoWCSB-MC1,7,U,Unknown,475,600,inhumation
IoWCSB-MC1,8,U,Unknown,475,600,cremation
IoWCSB-MC1,9,U,Unknown,475,600,cremation
IoWCSB-MC1,10,U,Unknown,475,600,cremation
IoWCSB-MC1,11,U,Unknown,475,600,cremation
IoWCSB-MC1,12,U,Unknown,500,525,inhumation
IoWCSB-MC1,15,M,Unknown,475,525,inhumation
IoWCSB-MC1,16,U,Unknown,475,600,inhumation
IoWCSB-MC1,17,U,Unknown,475,600,inhumation
IoWCSB-MC1,18,U,Unknown,475,525,inhumation
IoWCSB-MC1,19,M,Unknown,475,600,inhumation
IoWCSB-MC1,20,M,Unknown,475,600,inhumation
IoWCSB-MC1,21/,U,Unknown,475,600,inhumation
IoWCSB-MC1,22,U,Unknown,475,600,cremation
IoWCSB-MC1,23,M,Unknown,575,600,inhumation
IoWCSB-MC1,13,U,Unknown,500,525,inhumation
IoWCSB-MC1,14,U,Unknown,500,525,inhumation
IoWFWT-BI1,1,M,Adult,475,600,inhumation
IoWGDH-BI1,1,U,Unknown,475,600,inhumation
IoWSHF-BI1,1,U,Unknown,475,600,inhumation
IoWSHF-MC1,1,U,Adult,475,575,Inhumation
IoWSHF-MC1,10,U,Adult,475,575,Inhumation
IoWSHF-MC1,100,U,Adult,475,575,Inhumation
IoWSHF-MC1,101,U,Adult,475,575,Inhumation
IoWSHF-MC1,102,U,Adult,475,575,Inhumation
IoWSHF-MC1,103,U,Adult,475,575,Inhumation
IoWSHF-MC1,104,U,Adult,475,575,Inhumation
IoWSHF-MC1,105,U,Adult,475,575,Inhumation
IoWSHF-MC1,106,U,Adult,475,575,Inhumation
IoWSHF-MC1,107,U,Adult,475,575,inhumation
IoWSHF-MC1,108,U,Adult,475,575,Inhumation
IoWSHF-MC1,109,U,Adult,475,575,Inhumation
IoWSHF-MC1,11/8,U,Adult,475,575,Inhumation
IoWSHF-MC1,110,U,Adult,475,575,Inhumation
IoWSHF-MC1,111,U,Adult,475,575,Inhumation
IoWSHF-MC1,112,U,Adult,475,575,Inhumation
IoWSHF-MC1,113,U,Adult,475,575,Inhumation
IoWSHF-MC1,12,U,Adult,475,575,Inhumation
IoWSHF-MC1,13,U,Adult,475,575,Inhumation
IoWSHF-MC1,14,U,Adult,475,575,cremation
IoWSHF-MC1,15,U,Adult,475,575,Inhumation
IoWSHF-MC1,16,U,Adult,475,575,Inhumation
IoWSHF-MC1,17,U,Adult,475,575,Inhumation
IoWSHF-MC1,18,U,Adult,475,575,Inhumation
IoWSHF-MC1,19,U,Unknown,475,575,cremation
IoWSHF-MC1,2,U,Adult,475,575,Inhumation
IoWSHF-MC1,20,U,Unknown,475,575,Inhumation
IoWSHF-MC1,21,U,Adult,475,575,Inhumation
IoWSHF-MC1,22,U,Adult,475,575,Inhumation
IoWSHF-MC1,23,U,Child,475,575,Inhumation
IoWSHF-MC1,24,U,Adult,475,575,Inhumation
IoWSHF-MC1,25,U,Adult,475,575,Inhumation
IoWSHF-MC1,26,U,Adult,500,550,Inhumation
IoWSHF-MC1,27,U,Adult,475,575,Inhumation
IoWSHF-MC1,28,U,Adult,475,575,Inhumation
IoWSHF-MC1,29,U,Child,475,575,Inhumation
IoWSHF-MC1,3,U,Adult,475,575,Inhumation
IoWSHF-MC1,30,U,Adult,475,575,Inhumation
IoWSHF-MC1,31,U,Adult,475,575,Inhumation
IoWSHF-MC1,32,U,Adult,475,575,Inhumation
IoWSHF-MC1,33,U,Adult,475,575,Inhumation
IoWSHF-MC1,34,U,Adult,475,575,Inhumation
IoWSHF-MC1,35,U,Adult,475,575,Inhumation
IoWSHF-MC1,36,U,Adult,475,575,Inhumation
IoWSHF-MC1,37,U,Adult,475,575,Inhumation
IoWSHF-MC1,38,U,Adult,475,575,Inhumation
IoWSHF-MC1,39,U,Adult,475,575,Inhumation
IoWSHF-MC1,4,U,Adult,475,575,Inhumation
IoWSHF-MC1,40,U,Adult,475,575,Inhumation
IoWSHF-MC1,41,U,Adult,475,575,Inhumation
IoWSHF-MC1,42,U,Unknown,475,575,Inhumation
IoWSHF-MC1,43,U,Unknown,475,575,cremation
IoWSHF-MC1,44,U,Unknown,475,575,Inhumation
IoWSHF-MC1,45,U,Adult,540,570,Inhumation
IoWSHF-MC1,46,U,Adult,475,575,Inhumation
IoWSHF-MC1,47,U,Adult,475,575,Inhumation
IoWSHF-MC1,48,U,Adult,475,575,Inhumation
IoWSHF-MC1,49,U,Child,475,575,Inhumation
IoWSHF-MC1,5,U,Adult,475,575,Inhumation
IoWSHF-MC1,50,F,Adult,475,575,Inhumation
IoWSHF-MC1,51,M,Adult,475,575,Inhumation
IoWSHF-MC1,52,U,Adult,475,575,Inhumation
IoWSHF-MC1,53,U,Unknown,475,575,Inhumation
IoWSHF-MC1,54,U,Adult,475,575,Inhumation
IoWSHF-MC1,55,U,Adult,475,575,Inhumation
IoWSHF-MC1,56,U,Adult,475,575,Inhumation
IoWSHF-MC1,57/8,U,Adult,475,575,Inhumation
IoWSHF-MC1,58/7,U,Adult,475,575,Inhumation
IoWSHF-MC1,59,U,Adult,475,575,Inhumation
IoWSHF-MC1,6,U,0-1,475,575,Inhumation
IoWSHF-MC1,60,U,Adult,475,575,Inhumation
IoWSHF-MC1,61,U,Adult,475,575,Inhumation
IoWSHF-MC1,62,U,Adult,475,575,Inhumation
IoWSHF-MC1,63,U,Adult,475,575,Inhumation
IoWSHF-MC1,64,U,Adult,475,575,Inhumation
IoWSHF-MC1,65,U,Adult,475,575,Inhumation
IoWSHF-MC1,66,U,Adult,475,575,Inhumation
IoWSHF-MC1,67,U,Unknown,475,575,Inhumation
IoWSHF-MC1,68,U,Unknown,475,575,Inhumation
IoWSHF-MC1,69,U,Adult,475,575,Inhumation
IoWSHF-MC1,7/9,U,Adult,475,575,Inhumation
IoWSHF-MC1,70,U,Adult,475,575,Inhumation
IoWSHF-MC1,71,U,Adult,475,575,Inhumation
IoWSHF-MC1,72,U,Adult,475,575,Inhumation
IoWSHF-MC1,73,U,Unknown,475,575,Inhumation
IoWSHF-MC1,74,U,Adult,475,575,Inhumation
IoWSHF-MC1,75,U,Adult,475,575,Inhumation
IoWSHF-MC1,76,U,Adult,475,575,Inhumation
IoWSHF-MC1,77,U,Adult,475,575,Inhumation
IoWSHF-MC1,78,U,Adult,475,575,Inhumation
IoWSHF-MC1,79,U,Unknown,475,575,cremation
IoWSHF-MC1,8/11,U,Adult,475,575,Inhumation
IoWSHF-MC1,80,U,Adult,475,575,Inhumation
IoWSHF-MC1,81,U,Adult,475,575,Inhumation
IoWSHF-MC1,82,U,Unknown,475,575,cremation
IoWSHF-MC1,83,U,Adult,475,575,Inhumation
IoWSHF-MC1,84,U,Adult,475,575,Inhumation
IoWSHF-MC1,85,U,Adult,475,575,Inhumation
IoWSHF-MC1,86,U,Adult,475,575,Inhumation
IoWSHF-MC1,87,U,Adult,475,575,Inhumation
IoWSHF-MC1,88,U,Adult,475,575,Inhumation
IoWSHF-MC1,89,U,Adult,475,575,Inhumation
IoWSHF-MC1,9,U,Adult,475,575,Inhumation
IoWSHF-MC1,90,U,Adult,475,575,Inhumation
IoWSHF-MC1,91,U,Adult,475,575,Inhumation
IoWSHF-MC1,92,U,Adult,475,575,Inhumation
IoWSHF-MC1,93,U,Adult,475,575,Inhumation
IoWSHF-MC1,94,U,Adult,475,575,Inhumation
IoWSHF-MC1,95,U,Unknown,475,575,cremation
IoWSHF-MC1,96,U,Adult,475,575,Inhumation
IoWSHF-MC1,97,U,Adult,475,575,Inhumation
IoWSHF-MC1,98,U,Adult,475,575,Inhumation
IoWSHF-MC1,99,U,Adult,475,575,Inhumation
IoWSTN-BI1,1,U,Unknown,475,600,inhumation
IoWSTN-BI2,1/,U,Unknown,475,600,inhumation
IoWSTN-BI3,1,U,Unknown,475,600,inhumation
IoWSTN-IC1,2,U,Unknown,475,600,inhumation
IoWSTN-IC1,3,U,Unknown,475,600,inhumation
IoWSTN-IC1,1,U,Unknown,475,600,inhumation
IoWSWL-BC1,1,U,Unknown,475,600,cremation
IoWSWL-BC1,2,U,Unknown,475,600,cremation
IoWSWL-BC2,1,F,30-40,475,600,cremation
KntACL-BI1,1,U,Unknown,500,800,inhumation
KntAFD-BI1,2,U,Unknown,600,700,inhumation
KntAFD-BI1,1,U,Unknown,600,700,inhumation
KntAKM-BI1,1,U,Unknown,540,625,inhumation
KntASH-BI1,1,U,Unknown,350,425,inhumation
KntASH-BI2,1,U,Unknown,600,750,inhumation
KntASH-BI3,1,U,Unknown,500,600,Inhumation
KntASH-BI4,108,U,Unknown,450,700,inhumation
KntASH-IC1,1,U,Unknown,450,590,inhumation
KntASH-IC1,2,U,Unknown,450,590,inhumation
KntASH-IC1,3,U,Unknown,450,590,inhumation
KntASH-IC1,4,U,Unknown,450,590,inhumation
KntASH-IC1,5,U,Unknown,450,590,inhumation
KntASH-IC1,6,U,Unknown,450,590,inhumation
KntASH-IC1,7,U,Unknown,450,590,inhumation
KntASH-IC1,8,U,Unknown,450,590,inhumation
KntASH-IC1,9,U,Unknown,450,590,inhumation
KntASH-IC1,10,U,Unknown,450,590,inhumation
KntASH-IC1,11,U,Unknown,450,590,inhumation
KntASH-IC1,12,U,Unknown,450,590,inhumation
KntASH-IC1,13,U,Unknown,450,590,inhumation
KntASH-IC1,14,U,Unknown,450,590,inhumation
KntASH-IC1,15,U,Unknown,450,590,inhumation
KntASH-IC1,16,U,Unknown,450,590,inhumation
KntASH-IC1,17,U,Unknown,450,590,inhumation
KntASH-IC1,18,U,Unknown,450,590,inhumation
KntASH-IC1,19,U,Unknown,450,590,inhumation
KntASH-IC1,20,U,Unknown,450,590,inhumation
KntASH-IC2,1,U,Adult,575,625,Inhumation
KntASH-IC2,10,U,Adult,575,650,Inhumation
KntASH-IC2,100,U,Unknown,525,700,Inhumation
KntASH-IC2,101,U,Unknown,625,700,Inhumation
KntASH-IC2,102,U,Unknown,525,700,Inhumation
KntASH-IC2,103,U,Unknown,525,700,Inhumation
KntASH-IC2,104,U,Unknown,525,700,Inhumation
KntASH-IC2,105,U,Unknown,525,700,Inhumation
KntASH-IC2,106,U,Unknown,525,700,Inhumation
KntASH-IC2,11,U,Adult,525,700,Inhumation
KntASH-IC2,12,U,Adult,575,650,Inhumation
KntASH-IC2,13,U,Child,590,700,Inhumation
KntASH-IC2,14,U,Adult,525,700,Inhumation
KntASH-IC2,15,U,Adult,590,700,Inhumation
KntASH-IC2,16,U,Adult,575,650,Inhumation
KntASH-IC2,17,U,Adult,525,700,Inhumation
KntASH-IC2,18,U,Adult,525,700,Inhumation
KntASH-IC2,19,U,Adult,500,600,Inhumation
KntASH-IC2,2,U,Adult,525,700,Inhumation
KntASH-IC2,20,U,Child,525,700,Inhumation
KntASH-IC2,21,U,Adult,550,650,Inhumation
KntASH-IC2,22,U,Adult,550,650,Inhumation
KntASH-IC2,23,U,Adult,575,625,Inhumation
KntASH-IC2,24,U,Unknown,625,700,Inhumation
KntASH-IC2,25,U,Unknown,525,700,Inhumation
KntASH-IC2,26,U,Unknown,575,625,Inhumation
KntASH-IC2,27,U,Adult,600,625,Inhumation
KntASH-IC2,28,U,Unknown,525,700,Inhumation
KntASH-IC2,29,U,Unknown,525,700,Inhumation
KntASH-IC2,3,U,Adult,525,700,Inhumation
KntASH-IC2,30,U,Unknown,525,700,Inhumation
KntASH-IC2,31,U,Child,525,700,Inhumation
KntASH-IC2,32,U,Child,525,700,Inhumation
KntASH-IC2,33,U,Child,525,700,Inhumation
KntASH-IC2,34,U,Unknown,625,700,Inhumation
KntASH-IC2,35,U,Unknown,525,700,Inhumation
KntASH-IC2,36,U,Unknown,525,700,Inhumation
KntASH-IC2,37,U,Unknown,525,700,Inhumation
KntASH-IC2,38,U,Unknown,550,650,Inhumation
KntASH-IC2,39,U,Unknown,500,550,Inhumation
KntASH-IC2,4,U,Child,525,700,Inhumation
KntASH-IC2,40,U,Unknown,525,700,Inhumation
KntASH-IC2,41,U,Adult,575,625,Inhumation
KntASH-IC2,42,U,Unknown,560,590,Inhumation
KntASH-IC2,43,U,Unknown,525,700,Inhumation
KntASH-IC2,44,U,Unknown,525,700,Inhumation
KntASH-IC2,45,U,Unknown,525,700,Inhumation
KntASH-IC2,46,U,Adult,525,700,Inhumation
KntASH-IC2,47,U,Unknown,525,700,Inhumation
KntASH-IC2,48,U,Adult,480,520,Inhumation
KntASH-IC2,49,U,Unknown,525,700,Inhumation
KntASH-IC2,5,U,Adult,550,650,Inhumation
KntASH-IC2,50,U,Unknown,525,700,Inhumation
KntASH-IC2,51,U,Unknown,525,700,Inhumation
KntASH-IC2,52,U,Unknown,525,700,Inhumation
KntASH-IC2,53,U,Unknown,525,700,Inhumation
KntASH-IC2,54,U,Unknown,525,700,Inhumation
KntASH-IC2,55,U,Unknown,525,700,Inhumation
KntASH-IC2,56,U,Unknown,575,650,Inhumation
KntASH-IC2,57,U,Unknown,525,700,Inhumation
KntASH-IC2,58,U,Unknown,525,700,Inhumation
KntASH-IC2,59,U,Child,525,700,Inhumation
KntASH-IC2,6,U,Adult,575,650,Inhumation
KntASH-IC2,60,U,Child,525,700,Inhumation
KntASH-IC2,61,U,Young,525,700,Inhumation
KntASH-IC2,62,U,Child,550,625,Inhumation
KntASH-IC2,63,U,Unknown,525,700,Inhumation
KntASH-IC2,64,U,Unknown,525,700,Inhumation
KntASH-IC2,65,U,Unknown,525,700,Inhumation
KntASH-IC2,66,U,Unknown,525,700,Inhumation
KntASH-IC2,67,U,Unknown,525,700,Inhumation
KntASH-IC2,68,U,Unknown,525,700,Inhumation
KntASH-IC2,69,U,Unknown,525,700,Inhumation
KntASH-IC2,7,U,Adult,525,700,Inhumation
KntASH-IC2,70,U,Unknown,525,700,Inhumation
KntASH-IC2,71,U,Unknown,525,700,Inhumation
KntASH-IC2,72,U,Unknown,525,700,Inhumation
KntASH-IC2,73,U,Unknown,525,700,Inhumation
KntASH-IC2,74,U,Child,525,700,Inhumation
KntASH-IC2,75,U,Unknown,525,700,Inhumation
KntASH-IC2,76,U,Adult,575,625,Inhumation
KntASH-IC2,77,U,old person,525,700,Inhumation
KntASH-IC2,78,U,Unknown,525,700,Inhumation
KntASH-IC2,79,U,Unknown,525,700,Inhumation
KntASH-IC2,8,U,Adult,600,625,Inhumation
KntASH-IC2,80,U,Adult,525,700,Inhumation
KntASH-IC2,81/2,U,Adult,550,625,Inhumation
KntASH-IC2,82/1,U,Unknown,525,575,Inhumation
KntASH-IC2,83,U,Yng adult,625,700,Inhumation
KntASH-IC2,84,U,Unknown,525,700,Inhumation
KntASH-IC2,85,U,Unknown,525,700,Inhumation
KntASH-IC2,86,U,Unknown,525,700,Inhumation
KntASH-IC2,87,U,Unknown,525,700,Inhumation
KntASH-IC2,88,U,Unknown,530,590,Inhumation
KntASH-IC2,89,U,Old adult,525,700,Inhumation
KntASH-IC2,9,U,Adult,525,700,Inhumation
KntASH-IC2,90,U,Unknown,500,700,Inhumation
KntASH-IC2,91,U,Unknown,530,590,Inhumation
KntASH-IC2,92,U,Child,525,700,Inhumation
KntASH-IC2,93,U,Unknown,525,700,Inhumation
KntASH-IC2,94,U,Unknown,525,700,Inhumation
KntASH-IC2,95,U,Unknown,525,700,Inhumation
KntASH-IC2,96,U,Unknown,525,700,Inhumation
KntASH-IC2,97,U,Unknown,525,700,Inhumation
KntASH-IC2,98,U,Unknown,525,700,Inhumation
KntASH-IC2,99/a,U,Unknown,525,700,Inhumation
KntASH-IC2,99/b,U,Unknown,525,700,Inhumation
KntAYF-IC1,I0,U,Unknown,650,800,Inhumation
KntAYF-IC1,I01,F,Unknown,650,800,Inhumation
KntAYF-IC1,I02,M,Unknown,650,800,Inhumation
KntAYF-IC1,I03,U,Unknown,650,800,Inhumation
KntAYF-IC1,I04,U,Unknown,650,800,Inhumation
KntAYF-IC1,I05,U,Unknown,650,800,Inhumation
KntAYF-IC1,I06,M,Unknown,650,800,Inhumation
KntAYF-IC1,I07,U,Unknown,650,800,Inhumation
KntAYF-IC1,I08,U,Unknown,650,800,Inhumation
KntAYF-IC1,I09,U,Unknown,650,800,Inhumation
KntAYF-IC1,I10,M,25-35,650,800,Inhumation
KntAYF-IC1,I12,U,Unknown,650,800,Inhumation
KntAYF-IC1,I13,M,Unknown,650,800,Inhumation
KntAYF-IC1,I14,U,Unknown,650,800,Inhumation
KntAYF-IC1,I15,M,Unknown,650,800,Inhumation
KntAYF-IC1,I16,U,Unknown,650,800,Inhumation
KntAYF-IC1,I17,U,Unknown,650,800,Inhumation
KntAYF-IC1,I18,F,Unknown,650,800,Inhumation
KntAYF-IC1,I19,U,Unknown,650,800,Inhumation
KntAYF-IC1,I20,F,Unknown,650,800,Inhumation
KntAYF-IC1,I22,M,Unknown,650,800,Inhumation
KntAYF-IC1,I23,U,Unknown,650,800,Inhumation
KntAYF-IC1,I24,U,Unknown,650,800,Inhumation
KntAYF-IC1,I25,F,Unknown,650,700,Inhumation
KntAYF-IC1,I26,U,Unknown,650,800,Inhumation
KntAYF-IC1,I28,U,Unknown,650,800,Inhumation
KntAYF-IC1,I29,M,Unknown,650,800,Inhumation
KntAYF-IC1,J01,M,Unknown,650,800,Inhumation
KntAYF-IC1,J02,F,Unknown,650,800,Inhumation
KntAYF-IC1,J03,U,Unknown,650,800,Inhumation
KntAYF-IC1,J04,U,Unknown,650,800,Inhumation
KntAYF-IC1,J05,U,Unknown,650,800,Inhumation
KntAYF-IC1,J06,U,Unknown,650,800,Inhumation
KntAYF-IC1,J07,U,Unknown,650,800,Inhumation
KntAYF-IC1,J09,U,Unknown,650,800,Inhumation
KntAYF-IC1,J09A,U,Unknown,650,800,Inhumation
KntAYF-IC1,J10,U,Unknown,650,800,Inhumation
KntAYF-IC1,J11,U,Unknown,650,800,Inhumation
KntAYF-IC1,J13,U,Unknown,650,800,Inhumation
KntAYF-IC1,J14,M,Unknown,650,800,Inhumation
KntAYF-IC1,J15,M,Unknown,650,800,Inhumation
KntAYF-IC1,J17,U,Unknown,650,800,Inhumation
KntAYF-IC1,J18,F,Unknown,650,800,Inhumation
KntAYF-IC1,J19,F,Unknown,650,800,Inhumation
KntAYF-IC1,J20,U,Unknown,650,800,Inhumation
KntAYF-IC1,J21,U,Unknown,650,800,Inhumation
KntAYF-IC1,J22,U,Unknown,650,800,Inhumation
KntAYF-IC1,J23,U,Unknown,650,800,Inhumation
KntAYF-IC1,J24,U,Unknown,650,800,Inhumation
KntAYF-IC1,J25,U,Unknown,650,800,Inhumation
KntAYF-IC1,J26,U,Unknown,650,800,Inhumation
KntAYF-IC1,J27,U,Unknown,650,800,Inhumation
KntAYF-IC1,J28,M,Unknown,650,800,Inhumation
KntAYF-IC1,J29,U,Unknown,650,800,Inhumation
KntAYF-IC1,J30,M,25-35,650,700,Inhumation
KntAYF-IC1,J31,U,Unknown,650,800,Inhumation
KntAYF-IC1,J32,U,Unknown,650,700,Inhumation
KntAYF-IC1,J33,U,Unknown,650,800,Inhumation
KntAYF-IC1,J34,M,Unknown,650,800,Inhumation
KntAYF-IC1,J35,U,Unknown,650,800,Inhumation
KntAYF-IC1,J36,F,20-25,650,800,Inhumation
KntAYF-IC1,J37,M,Unknown,650,800,Inhumation
KntAYF-IC1,J38,U,8-9,650,800,Inhumation
KntAYF-IC1,J39,U,Unknown,650,800,Inhumation
KntAYF-IC1,J40,M,Unknown,650,800,Inhumation
KntAYF-IC1,J41,F,Unknown,650,800,Inhumation
KntAYF-IC1,J42,M,Unknown,650,800,Inhumation
KntAYF-IC1,J43,U,Unknown,650,700,Inhumation
KntAYF-IC1,J44,U,Unknown,650,800,Inhumation
KntAYF-IC1,J45,U,Unknown,650,800,Inhumation
KntAYF-IC1,J46,U,Unknown,650,800,Inhumation
KntAYF-IC1,J47,U,Unknown,650,800,Inhumation
KntAYF-IC1,J48,U,Unknown,650,800,Inhumation
KntAYF-IC1,J50,U,Unknown,650,800,Inhumation
KntAYF-IC1,J53,U,Unknown,650,800,Inhumation
KntAYF-IC1,J54,U,Unknown,650,800,Inhumation
KntAYF-IC1,K01,F,Unknown,650,800,Inhumation
KntAYF-IC1,K02,U,Unknown,650,800,Inhumation
KntAYF-IC1,K03,U,Unknown,650,800,Inhumation
KntAYF-IC1,K04,M,Unknown,650,800,Inhumation
KntAYF-IC1,K05,M,Unknown,650,800,Inhumation
KntAYF-IC1,K06,M,Unknown,650,800,Inhumation
KntAYF-IC1,K07,F,Unknown,650,700,Inhumation
KntAYF-IC1,K08,M,Unknown,650,800,Inhumation
KntAYF-IC1,K09,U,Unknown,650,800,Inhumation
KntAYF-IC1,K10,U,Unknown,650,800,Inhumation
KntAYF-IC1,K11,U,Unknown,650,800,Inhumation
KntAYF-IC1,K12,U,Unknown,700,750,Inhumation
KntAYF-IC1,K13,M,Unknown,650,800,Inhumation
KntAYF-IC1,K14,U,Unknown,650,700,Inhumation
KntAYF-IC1,K15,F,Unknown,650,800,Inhumation
KntAYF-IC1,K16,F,Unknown,650,800,Inhumation
KntAYF-IC1,K16A,M,Unknown,650,800,Inhumation
KntAYF-IC1,K17,U,Unknown,650,800,Inhumation
KntAYF-IC1,K18,M,Unknown,650,800,Inhumation
KntAYF-IC1,K19,F,Adult,650,700,Inhumation
KntAYF-IC1,K20,U,Unknown,650,800,Inhumation
KntAYF-IC1,K21,F,Unknown,650,800,Inhumation
KntAYF-IC1,K22,M,Unknown,650,800,Inhumation
KntAYF-IC1,K23,M,Unknown,650,800,Inhumation
KntAYF-IC1,K24,U,Unknown,650,800,Inhumation
KntAYF-IC1,K25,M,Unknown,650,800,Inhumation
KntAYF-IC1,K26,F,Unknown,650,800,Inhumation
KntAYF-IC1,K27,U,Unknown,650,800,Inhumation
KntAYF-IC1,K28,M,Unknown,650,800,Inhumation
KntAYF-IC1,K29,U,Unknown,650,800,Inhumation
KntAYF-IC1,K30,F,Unknown,650,800,Inhumation
KntAYF-IC1,K31,F,Unknown,650,800,Inhumation
KntAYF-IC1,K32,U,Unknown,650,800,Inhumation
KntAYF-IC1,K33,F,Unknown,650,800,Inhumation
KntAYF-IC1,K34,M,20-25,650,800,Inhumation
KntAYF-IC1,K35,U,10-14,650,800,Inhumation
KntAYF-IC1,K36,M,Unknown,650,800,Inhumation
KntAYF-IC1,K37,F,Unknown,650,700,Inhumation
KntAYF-IC1,K38,M,Adult,650,800,Inhumation
KntAYF-IC1,K39,U,Unknown,650,800,Inhumation
KntAYF-IC1,K40,F,Unknown,650,800,Inhumation
KntAYF-IC1,K41,U,Unknown,650,800,Inhumation
KntAYF-IC1,K42,F,Unknown,650,700,Inhumation
KntAYF-IC1,L01,F,Unknown,650,800,Inhumation
KntAYF-IC1,L02,U,Unknown,650,700,Inhumation
KntAYF-IC1,L03,F,Unknown,650,700,Inhumation
KntAYF-IC1,L04,M,Unknown,650,800,Inhumation
KntAYF-IC1,L05,F,Unknown,650,800,Inhumation
KntAYF-IC1,L06,M,Unknown,650,800,Inhumation
KntAYF-IC1,L07,M,Unknown,650,800,Inhumation
KntAYF-IC1,L08,M,Unknown,650,800,Inhumation
KntAYF-IC1,L09,U,Unknown,650,800,Inhumation
KntAYF-IC1,L10,U,Unknown,650,800,Inhumation
KntAYF-IC1,L11,M,Unknown,650,800,Inhumation
KntAYF-IC1,L12,U,Unknown,650,800,Inhumation
KntAYF-IC1,L13,F,Unknown,650,800,Inhumation
KntAYF-IC1,L14,M,Unknown,650,800,Inhumation
KntAYF-IC1,L15,M,Unknown,650,800,Inhumation
KntAYF-IC1,L16,M,Unknown,650,800,Inhumation
KntAYF-IC1,L17,U,Unknown,650,800,Inhumation
KntAYF-IC1,L18,U,Unknown,650,800,Inhumation
KntAYF-IC1,L19,M,Unknown,650,800,Inhumation
KntAYF-IC1,L20,F,Unknown,650,800,Inhumation
KntAYF-IC1,L21,F,Unknown,650,800,Inhumation
KntAYF-IC1,L22,U,Unknown,650,800,Inhumation
KntAYF-IC1,L23,U,Unknown,650,800,Inhumation
KntAYF-IC1,L24,U,Unknown,650,800,Inhumation
KntAYF-IC1,L25,F,Unknown,650,700,Inhumation
KntAYF-IC1,L26,F,Unknown,650,800,Inhumation
KntAYF-IC1,L27,U,Unknown,650,800,Inhumation
KntAYF-IC1,L28,U,Unknown,650,800,Inhumation
KntAYF-IC1,L29,M,Unknown,650,800,Inhumation
KntAYF-IC1,L30,F,Unknown,650,800,Inhumation
KntAYF-IC1,L30A,U,Unknown,650,800,Inhumation
KntAYF-IC1,L31,M,Unknown,650,800,Inhumation
KntAYF-IC1,L32,M,Unknown,650,800,Inhumation
KntAYF-IC1,L33,U,Unknown,650,800,Inhumation
KntAYF-IC1,L34,M,Unknown,650,800,Inhumation
KntAYF-IC1,L35,F,Unknown,650,800,Inhumation
KntAYF-IC1,L36,M,Unknown,650,800,Inhumation
KntAYF-IC1,L37,F,Unknown,650,800,Inhumation
KntAYF-IC1,L38,M,Unknown,650,800,Inhumation
KntAYF-IC1,L39,F,Unknown,650,800,Inhumation
KntAYF-IC1,L40,F,Unknown,650,800,Inhumation
KntAYF-IC1,L41,U,Unknown,650,800,Inhumation
KntAYF-IC1,L42,M,Unknown,650,800,Inhumation
KntAYF-IC1,L43,U,Unknown,650,800,Inhumation
KntAYF-IC1,L44,M,Unknown,650,800,Inhumation
KntAYF-IC1,L44A,M,Unknown,650,700,Inhumation
KntAYF-IC1,L46,M,Unknown,650,800,Inhumation
KntAYF-IC1,L47,F,Unknown,650,800,Inhumation
KntAYF-IC1,L48,F,Unknown,650,800,Inhumation
KntAYF-IC1,L49,F,Unknown,650,800,Inhumation
KntAYF-IC1,L50,U,Unknown,650,800,Inhumation
KntAYF-IC1,L51,M,Unknown,650,800,Inhumation
KntAYF-IC1,L52,M,Unknown,650,700,Inhumation
KntAYF-IC1,L53,U,Unknown,650,700,Inhumation
KntAYF-IC1,L54,U,Unknown,650,700,Inhumation
KntAYF-IC1,L55,M,Unknown,650,800,Inhumation
KntAYF-IC1,L56,F,35,650,700,Inhumation
KntAYF-IC1,L57,M,Unknown,650,800,Inhumation
KntAYF-IC1,L58,U,Unknown,650,800,Inhumation
KntAYF-IC1,L59,U,Unknown,650,800,Inhumation
KntAYF-IC1,L60,M,Unknown,650,800,Inhumation
KntAYF-IC1,L61,M,Unknown,650,800,Inhumation
KntAYF-IC1,L62,F,Unknown,650,800,Inhumation
KntAYF-IC1,L63,F,Unknown,650,700,Inhumation
KntAYF-IC1,L64,M,Unknown,650,800,Inhumation
KntAYF-IC1,L65,M,Unknown,650,700,Inhumation
KntAYF-IC1,L66,U,Unknown,650,800,Inhumation
KntAYF-IC1,L67,F,Unknown,650,800,Inhumation
KntAYF-IC1,L68,F,Unknown,650,800,Inhumation
KntAYF-IC1,L69,U,Unknown,650,800,Inhumation
KntAYF-IC1,L70,U,Unknown,650,800,Inhumation
KntAYF-IC1,M1,U,Unknown,650,800,Inhumation
KntAYF-IC1,M2/M3,F,18-20,650,700,Inhumation
KntAYF-IC1,M3/M2,U,10-12,650,700,Inhumation
KntAYF-IC1,M4,F,25-35,650,800,Inhumation
KntAYF-IC1,M5,U,Unknown,650,800,Inhumation
KntAYF-IC1,N1,U,Unknown,650,700,Inhumation
KntAYF-IC1,N2,M,Unknown,650,800,Inhumation
KntAYF-IC1,N3,F,Unknown,650,800,Inhumation
KntAYF-IC1,N4,F,Unknown,650,700,Inhumation
KntAYF-IC1,N5,M,35-45,650,800,Inhumation
KntAYF-IC1,N6,F,Unknown,650,800,Inhumation
KntAYF-IC1,N7,M,Unknown,650,800,Inhumation
KntAYF-IC1,O1,M,20-25,650,800,Inhumation
KntAYF-IC2,1,U,Unknown,590,650,inhumation
KntAYF-IC2,2,U,Unknown,590,650,inhumation
KntAYF-IC2,3,U,Unknown,590,650,inhumation
KntAYF-IC2,4,U,Unknown,590,650,inhumation
KntBBN-IC2,1,U,Unknown,500,600,inhumation
KntBBN-IC2,2,U,Unknown,500,600,inhumation
KntBBN-IC2,3,U,Unknown,500,600,inhumation
KntBBN-IC2,4,U,Unknown,500,600,inhumation
KntBDG-IC1,1,U,Unknown,650,750,inhumation
KntBDG-IC1,2,U,Unknown,650,750,inhumation
KntBDG-IC1,3,U,Unknown,650,750,inhumation
KntBDG-IC1,4,U,Unknown,650,750,inhumation
KntBDG-IC1,5,U,Unknown,650,750,inhumation
KntBDG-IC1,6,U,Unknown,650,750,inhumation
KntBDG-IC1,7,U,Unknown,650,750,inhumation
KntBDG-IC1,8,U,Unknown,650,750,inhumation
KntBDG-IC1,9,U,Unknown,650,750,inhumation
KntBDG-IC1,10,U,Unknown,650,750,inhumation
KntBDG-IC1,11,U,Unknown,650,750,inhumation
KntBDN-IC1,1,U,Unknown,590,675,inhumation
KntBDN-IC1,2,U,Unknown,590,675,inhumation
KntBGA-IC1,1,U,Unknown,550,700,inhumation
KntBGA-IC1,2,U,Unknown,550,700,inhumation
KntBGA-IC1,1903,U,Unknown,550,700,Inhumation
KntBGN-BI1,1,U,Unknown,500,700,inhumation
KntBGN-BI1,2,U,Unknown,500,700,inhumation
KntBGN-BI1,3,U,Unknown,500,700,inhumation
KntBHM-BI1,1,U,Unknown,600,700,inhumation
KntBHM-IC1,1,U,Adult,660,690,Inhumation
KntBHM-IC1,10,U,Adult,600,725,Inhumation
KntBHM-IC1,11,U,Adult,600,725,Inhumation
KntBHM-IC1,12,U,Adult,600,725,Inhumation
KntBHM-IC1,13,U,Adult,600,725,Inhumation
KntBHM-IC1,14,U,Adult,600,725,Inhumation
KntBHM-IC1,15,U,Adult,675,725,Inhumation
KntBHM-IC1,16,U,Adult,600,725,Inhumation
KntBHM-IC1,17,U,Adult,600,725,Inhumation
KntBHM-IC1,18,U,Adult,600,725,Inhumation
KntBHM-IC1,19,U,Adult,600,725,Inhumation
KntBHM-IC1,2,U,Adult,600,630,Inhumation
KntBHM-IC1,20,U,Adult,600,725,Inhumation
KntBHM-IC1,21,U,Adult,600,725,Inhumation
KntBHM-IC1,22,U,Adult,600,725,Inhumation
KntBHM-IC1,23,U,Adult,600,725,Inhumation
KntBHM-IC1,24,U,Adult,600,725,Inhumation
KntBHM-IC1,25,U,Adult,600,725,Inhumation
KntBHM-IC1,26,U,Adult,600,725,Inhumation
KntBHM-IC1,27,U,Adult,600,725,Inhumation
KntBHM-IC1,28,U,Adult,600,725,Inhumation
KntBHM-IC1,29,U,Adult,600,725,Inhumation
KntBHM-IC1,3/a,U,Adult,600,725,Inhumation
KntBHM-IC1,3/b,U,Adult,600,725,Inhumation
KntBHM-IC1,3/c,U,Adult,600,725,Inhumation
KntBHM-IC1,30,U,Adult,600,725,Inhumation
KntBHM-IC1,31,U,Adult,600,725,Inhumation
KntBHM-IC1,32,U,Adult,600,725,Inhumation
KntBHM-IC1,33,U,Adult,675,725,Inhumation
KntBHM-IC1,34,U,Adult,600,725,Inhumation
KntBHM-IC1,35,U,Adult,600,725,Inhumation
KntBHM-IC1,36,U,Adult,600,725,Inhumation
KntBHM-IC1,37/a,U,Adult,600,725,Inhumation
KntBHM-IC1,37/b,U,Adult,600,725,Inhumation
KntBHM-IC1,38,U,Adult,600,725,Inhumation
KntBHM-IC1,39,U,Adult,600,725,Inhumation
KntBHM-IC1,4/a,U,Adult,600,725,Inhumation
KntBHM-IC1,4/b,U,Child,600,725,Inhumation
KntBHM-IC1,40/a,U,Adult,600,725,Inhumation
KntBHM-IC1,40/b,U,Unknown,600,725,Inhumation
KntBHM-IC1,41,U,Adult,600,725,Inhumation
KntBHM-IC1,42,U,Adult,600,725,Inhumation
KntBHM-IC1,43,U,Adult,600,725,Inhumation
KntBHM-IC1,44,U,Adult,600,725,Inhumation
KntBHM-IC1,45,U,Adult,600,725,Inhumation
KntBHM-IC1,46,U,Adult,600,725,Inhumation
KntBHM-IC1,47,U,Adult,600,725,Inhumation
KntBHM-IC1,48,U,Adult,600,725,Inhumation
KntBHM-IC1,49,U,Adult,600,725,Inhumation
KntBHM-IC1,5,U,Adult,600,725,Inhumation
KntBHM-IC1,50,U,Adult,600,725,Inhumation
KntBHM-IC1,51,U,Adult,600,725,Inhumation
KntBHM-IC1,52/a,U,Adult,600,725,Inhumation
KntBHM-IC1,52/b,U,Unknown,600,725,Inhumation
KntBHM-IC1,53,U,Adult,600,630,Inhumation
KntBHM-IC1,54,U,Adult,600,725,Inhumation
KntBHM-IC1,55,U,Adult,600,725,Inhumation
KntBHM-IC1,56,U,Adult,600,725,Inhumation
KntBHM-IC1,57,U,Adult,600,725,Inhumation
KntBHM-IC1,58,U,Adult,600,725,Inhumation
KntBHM-IC1,59,U,Adult,600,725,Inhumation
KntBHM-IC1,6,U,Adult,600,725,Inhumation
KntBHM-IC1,60,U,Adult,600,725,Inhumation
KntBHM-IC1,61,U,Adult,600,725,Inhumation
KntBHM-IC1,62,U,Adult,600,725,Inhumation
KntBHM-IC1,63,U,Adult,600,725,Inhumation
KntBHM-IC1,64,U,Adult,600,725,Inhumation
KntBHM-IC1,65,U,Adult,600,725,Inhumation
KntBHM-IC1,66,U,Adult,600,725,Inhumation
KntBHM-IC1,67,U,Adult,600,725,Inhumation
KntBHM-IC1,68,U,Adult,700,730,Inhumation
KntBHM-IC1,69,U,Adult,600,725,Inhumation
KntBHM-IC1,7,U,Adult,600,725,Inhumation
KntBHM-IC1,70,U,Adult,600,725,Inhumation
KntBHM-IC1,71,U,Child?,675,725,Inhumation
KntBHM-IC1,72,U,Child?,600,725,Inhumation
KntBHM-IC1,73,U,Adult,600,725,Inhumation
KntBHM-IC1,74,U,Adult,600,725,Inhumation
KntBHM-IC1,75,U,Adult,600,725,Inhumation
KntBHM-IC1,76,U,Adult,600,725,Inhumation
KntBHM-IC1,77,U,Adult,600,725,Inhumation
KntBHM-IC1,78,U,Adult,675,725,Inhumation
KntBHM-IC1,79,U,Adult,600,725,Inhumation
KntBHM-IC1,8,U,Adult,600,725,Inhumation
KntBHM-IC1,80,U,Child,600,725,Inhumation
KntBHM-IC1,81,U,Adult,600,725,Inhumation
KntBHM-IC1,82,U,Adult,600,725,Inhumation
KntBHM-IC1,83,U,Adult,600,725,Inhumation
KntBHM-IC1,84,U,Adult,600,725,Inhumation
KntBHM-IC1,85,U,Adult,675,725,Inhumation
KntBHM-IC1,86,U,Adult,600,630,Inhumation
KntBHM-IC1,9,U,Adult,600,725,Inhumation
KntBHM-IC2,1,U,Unknown,600,700,inhumation
KntBHM-IC2,2,U,Unknown,600,700,inhumation
KntBHM-IC2,3,U,Unknown,600,700,inhumation
KntBHM-IC2,4,U,Unknown,600,700,inhumation
KntBHM-IC3,1,U,Unknown,600,700,inhumation
KntBHM-IC3,2,U,Unknown,600,700,inhumation
KntBHM-IC3,3,U,Unknown,600,700,inhumation
KntBHM-IC4,1,U,Unknown,600,900,inhumation
KntBHM-IC4,2,U,Unknown,600,900,inhumation
KntBHM-IC4,3,U,Unknown,600,900,inhumation
KntBHM-IC4,4,U,Unknown,600,900,inhumation
KntBHM-IC4,5/,U,Unknown,600,900,inhumation
KntBKB-IC1,1,U,Adult,640,700,Inhumation
KntBKB-IC1,10,U,Adult,640,700,Inhumation
KntBKB-IC1,11,U,Child,640,700,Inhumation
KntBKB-IC1,12,U,Child,640,700,Inhumation
KntBKB-IC1,13,U,Adult,640,700,Inhumation
KntBKB-IC1,14,U,Adult,640,700,Inhumation
KntBKB-IC1,15,U,Adult,640,700,Inhumation
KntBKB-IC1,16,U,Adult,640,700,Inhumation
KntBKB-IC1,17,U,Adult,640,700,Inhumation
KntBKB-IC1,18,U,Adult,640,700,Inhumation
KntBKB-IC1,19,U,Adult,640,700,Inhumation
KntBKB-IC1,2,U,Adult,640,700,Inhumation
KntBKB-IC1,20,U,Adult,640,700,Inhumation
KntBKB-IC1,21,U,Adult,640,700,Inhumation
KntBKB-IC1,22,U,Adult,640,700,Inhumation
KntBKB-IC1,23,U,Adult,640,700,Inhumation
KntBKB-IC1,24,U,Adult,640,700,Inhumation
KntBKB-IC1,25,U,Adult,640,700,Inhumation
KntBKB-IC1,26,U,Adult,640,700,Inhumation
KntBKB-IC1,27,U,Adult,640,700,Inhumation
KntBKB-IC1,28,U,Adult,640,700,Inhumation
KntBKB-IC1,29/30,U,Adult,640,680,Inhumation
KntBKB-IC1,3,U,Adult,640,700,Inhumation
KntBKB-IC1,30/29,U,Child,640,680,Inhumation
KntBKB-IC1,31,U,Adult,640,700,Inhumation
KntBKB-IC1,32,U,Adult,640,680,Inhumation
KntBKB-IC1,33,U,Child,640,700,Inhumation
KntBKB-IC1,34,U,Adult,640,700,Inhumation
KntBKB-IC1,35,U,Adult,640,700,Inhumation
KntBKB-IC1,36,U,Adult,640,700,Inhumation
KntBKB-IC1,37,U,Adult,640,700,Inhumation
KntBKB-IC1,38,U,Adult,640,680,Inhumation
KntBKB-IC1,39,U,Adult,640,700,Inhumation
KntBKB-IC1,4,U,Adult,640,700,Inhumation
KntBKB-IC1,40,U,Adult,630,660,Inhumation
KntBKB-IC1,41/a,U,Adult,640,700,Inhumation
KntBKB-IC1,41/b,U,Child,640,700,Inhumation
KntBKB-IC1,42,U,Adult,640,700,Inhumation
KntBKB-IC1,43,U,Adult,640,700,Inhumation
KntBKB-IC1,44,U,Adult,640,700,Inhumation
KntBKB-IC1,45,U,Adult,640,700,Inhumation
KntBKB-IC1,5,U,Adult,640,700,Inhumation
KntBKB-IC1,6,U,Adult,640,700,Inhumation
KntBKB-IC1,7/a,U,Adult,640,700,Inhumation
KntBKB-IC1,7/b,U,Unknown,640,700,Inhumation
KntBKB-IC1,7/c,U,Unknown,640,700,Inhumation
KntBKB-IC1,8,U,Adult,640,700,Inhumation
KntBKB-IC1,9,U,Adult,640,700,Inhumation
KntBKB-IC2,1,U,Adult,530,590,Inhumation
KntBKB-IC2,10,U,Adult,500,600,Inhumation
KntBKB-IC2,11,F,Adult,530,590,Inhumation
KntBKB-IC2,12,U,Adult,500,600,Inhumation
KntBKB-IC2,13,F,Adult,500,600,Inhumation
KntBKB-IC2,14,U,Child,500,600,Inhumation
KntBKB-IC2,15,U,Child,500,600,Inhumation
KntBKB-IC2,16,F,Adult,475,525,Inhumation
KntBKB-IC2,17,U,Adult,500,600,Inhumation
KntBKB-IC2,18,U,Adult,525,575,Inhumation
KntBKB-IC2,19,F,Adult,500,540,Inhumation
KntBKB-IC2,2,M,Adult,500,600,Inhumation
KntBKB-IC2,20,U,Infant,500,600,Inhumation
KntBKB-IC2,21,U,Infant,500,540,Inhumation
KntBKB-IC2,22,F,Adult,560,590,Inhumation
KntBKB-IC2,23,M?,Adult,500,540,Inhumation
KntBKB-IC2,24,F,Teen-aged,530,590,Inhumation
KntBKB-IC2,25,M?,Adult,500,600,Inhumation
KntBKB-IC2,26,U,Adult,500,600,Inhumation
KntBKB-IC2,27,U,Unknown,500,600,Inhumation
KntBKB-IC2,28,U,Infant,500,600,Inhumation
KntBKB-IC2,29,F?,Adult,500,600,Inhumation
KntBKB-IC2,3,M,Adult,525,575,Inhumation
KntBKB-IC2,30,U,Adult,500,550,Inhumation
KntBKB-IC2,31,U,Infant,500,600,Inhumation
KntBKB-IC2,32,U,Adult,500,600,Inhumation
KntBKB-IC2,33,F,Adult,500,600,Inhumation
KntBKB-IC2,34,M,Adult,500,600,Inhumation
KntBKB-IC2,35,U,Unknown,500,575,Inhumation
KntBKB-IC2,36,U,Adult,500,600,Inhumation
KntBKB-IC2,37/8,U,Adult,530,600,Inhumation
KntBKB-IC2,38/7,U,Adult,500,600,Inhumation
KntBKB-IC2,39,F,Adult,500,600,Inhumation
KntBKB-IC2,4,U,Young,500,600,Inhumation
KntBKB-IC2,40,F,Adult,500,600,Inhumation
KntBKB-IC2,5,M,Adult,500,600,Inhumation
KntBKB-IC2,6,M,Adult,530,600,Inhumation
KntBKB-IC2,7,U,Child,500,600,Inhumation
KntBKB-IC2,8,U,Child,500,540,Inhumation
KntBKB-IC2,9,F?,Adult,500,600,Inhumation
KntBLD-BI1,1,U,Unknown,675,700,inhumation
KntBLD-IC1,224/a,U,Adult,475,625,inhumation
KntBLD-IC1,228/a,M?,17-20,475,625,inhumation
KntBLD-IC1,238/a,F,30-40,475,625,inhumation
KntBLD-IC1,249/a,M?,Adult,475,625,inhumation
KntBLD-IC1,249/b,M,40-50,475,625,inhumation
KntBLD-IC1,263/a,F?,25-30,500,550,inhumation
KntBLD-IC1,265/a,M?,25-30,500,600,inhumation
KntBLD-IC1,282/a,M,20-25,475,625,inhumation
KntBLD-IC1,303/a,M,30-35,475,625,inhumation
KntBLD-IC1,314/a,U,7-9,475,625,inhumation
KntBLD-IC1,350/a,M?,20-25,525,575,inhumation
KntBLD-IC1,351/a,F,40-45,525,575,inhumation
KntBLD-IC1,386/a,M,20-25,475,625,inhumation
KntBLD-IC1,391/a,F,20-25,525,575,inhumation
KntBLD-IC1,393/a,M,35-45,475,625,inhumation
KntBLD-IC1,427/a,U,20-25,475,625,inhumation
KntBLD-IC1,444,U,6-8,475,625,inhumation
KntBLD-IC1,1,F,45+,575,625,Inhumation
KntBLD-IC1,10,U,Unknown,650,675,Inhumation
KntBLD-IC1,100,F,Unknown,700,750,Inhumation
KntBLD-IC1,101,F,Unknown,675,700,Inhumation
KntBLD-IC1,102,U,Unknown,675,700,Inhumation
KntBLD-IC1,103,M,30-45,675,700,Inhumation
KntBLD-IC1,104,M,Unknown,675,700,Inhumation
KntBLD-IC1,105,U,6-12,675,700,Inhumation
KntBLD-IC1,106,M,Unknown,675,700,Inhumation
KntBLD-IC1,107,M?,Unknown,675,700,Inhumation
KntBLD-IC1,108,U,Unknown,675,700,Inhumation
KntBLD-IC1,109,U,Unknown,675,700,Inhumation
KntBLD-IC1,11,F,Unknown,675,700,Inhumation
KntBLD-IC1,110,F,20-30,676,700,Inhumation
KntBLD-IC1,111,M,Unknown,675,700,Inhumation
KntBLD-IC1,112,F,30-45,675,700,Inhumation
KntBLD-IC1,113,U,Unknown,675,700,Inhumation
KntBLD-IC1,114,M,20-30,675,700,Inhumation
KntBLD-IC1,115,F,Unknown,575,625,Inhumation
KntBLD-IC1,116,F?,30-45,575,625,Inhumation
KntBLD-IC1,117,U,6-12,700,750,Inhumation
KntBLD-IC1,118,U,Unknown,675,700,Inhumation
KntBLD-IC1,119,U,0-6,675,700,Inhumation
KntBLD-IC1,12,F?,Unknown,475,525,Inhumation
KntBLD-IC1,120,M,Unknown,700,750,Inhumation
KntBLD-IC1,121,U,45+,675,700,Inhumation
KntBLD-IC1,122,U,Unknown,575,625,Inhumation
KntBLD-IC1,123,U,Unknown,575,625,Inhumation
KntBLD-IC1,124,U,20-30,675,700,Inhumation
KntBLD-IC1,125,M,45+,675,700,Inhumation
KntBLD-IC1,126,U,Unknown,575,625,Inhumation
KntBLD-IC1,127,U,Unknown,700,750,Inhumation
KntBLD-IC1,128,U,Unknown,650,675,Inhumation
KntBLD-IC1,129,U,Unknown,650,675,Inhumation
KntBLD-IC1,13,U,Unknown,475,525,Inhumation
KntBLD-IC1,130,U,20-30,650,675,Inhumation
KntBLD-IC1,131,U,Unknown,625,650,Inhumation
KntBLD-IC1,132,F,Unknown,650,675,Inhumation
KntBLD-IC1,133,F?,30-45,650,675,Inhumation
KntBLD-IC1,134,U,Unknown,650,675,Inhumation
KntBLD-IC1,135,M,Unknown,625,650,Inhumation
KntBLD-IC1,136,M,Unknown,625,650,Inhumation
KntBLD-IC1,137,U,Unknown,650,675,Inhumation
KntBLD-IC1,138,U,30-45,675,700,Inhumation
KntBLD-IC1,139,U,Unknown,650,675,Inhumation
KntBLD-IC1,14,M,20-30,525,575,Inhumation
KntBLD-IC1,140,U,9-12,675,700,Inhumation
KntBLD-IC1,141,M?,Unknown,675,700,Inhumation
KntBLD-IC1,142,M?,Unknown,675,700,Inhumation
KntBLD-IC1,143,U,8,675,700,Inhumation
KntBLD-IC1,144,M?,Unknown,675,700,Inhumation
KntBLD-IC1,145,M,Unknown,700,750,Inhumation
KntBLD-IC1,146,M,20-30,700,750,Inhumation
KntBLD-IC1,147,U,30-45,675,700,Inhumation
KntBLD-IC1,148,M,Unknown,675,700,Inhumation
KntBLD-IC1,149,M?,60+,675,700,Inhumation
KntBLD-IC1,15,M,30-45,525,575,Inhumation
KntBLD-IC1,150,M,Unknown,675,700,Inhumation
KntBLD-IC1,151,U,Unknown,700,750,Inhumation
KntBLD-IC1,152,M?,35-45,700,750,Inhumation
KntBLD-IC1,153,U,6-12,700,750,Inhumation
KntBLD-IC1,154,U,Unknown,700,750,Inhumation
KntBLD-IC1,155,U,Unknown,650,675,Inhumation
KntBLD-IC1,156,M?,Unknown,650,675,Inhumation
KntBLD-IC1,157,F,Unknown,650,675,Inhumation
KntBLD-IC1,158,M?,Unknown,675,700,Inhumation
KntBLD-IC1,159,U,Unknown,675,700,Inhumation
KntBLD-IC1,16,U,Unknown,475,575,Inhumation
KntBLD-IC1,160,U,45+,675,700,Inhumation
KntBLD-IC1,161,U,Unknown,675,700,Inhumation
KntBLD-IC1,162,U,Unknown,675,700,Inhumation
KntBLD-IC1,163,U,Unknown,675,700,Inhumation
KntBLD-IC1,164,U,Unknown,675,700,Inhumation
KntBLD-IC1,165,M,Unknown,700,750,Inhumation
KntBLD-IC1,17,U,Unknown,425,575,Inhumation
KntBLD-IC1,18,F,Unknown,625,650,Inhumation
KntBLD-IC1,19,U,Unknown,475,575,Inhumation
KntBLD-IC1,2,U,Juvenile,575,625,Inhumation
KntBLD-IC1,20,U,0-6,520,520,Inhumation
KntBLD-IC1,204,F,22-27,500,550,Inhumation
KntBLD-IC1,21,U,6-12,475,525,Inhumation
KntBLD-IC1,22,U,Unknown,475,500,Inhumation
KntBLD-IC1,23,U,20-30,525,575,Inhumation
KntBLD-IC1,24,U,Unknown,475,625,Inhumation
KntBLD-IC1,245,F,35-45,575,650,Inhumation
KntBLD-IC1,25,F,20-30,625,650,Inhumation
KntBLD-IC1,250,U,Unknown,525,575,Inhumation
KntBLD-IC1,26,U,Unknown,575,625,Inhumation
KntBLD-IC1,27,M,45+,625,650,Inhumation
KntBLD-IC1,28,F,20-30,525,575,Inhumation
KntBLD-IC1,29,U,20-30,575,625,Inhumation
KntBLD-IC1,3,F,30-45,575,625,Inhumation
KntBLD-IC1,30,M,30-45,600,600,Inhumation
KntBLD-IC1,31,U,Unknown,475,550,Inhumation
KntBLD-IC1,32,M?,30-45,575,625,Inhumation
KntBLD-IC1,33,U?,45+,575,625,Inhumation
KntBLD-IC1,34,U,0-6,625,650,Inhumation
KntBLD-IC1,35,U,12-18,575,625,Inhumation
KntBLD-IC1,36,M,45+,650,675,Inhumation
KntBLD-IC1,37,F,20-30,650,675,Inhumation
KntBLD-IC1,38,F,20-30,580,580,Inhumation
KntBLD-IC1,39,M?,Unknown,625,650,Inhumation
KntBLD-IC1,391/b,U,Unknown,525,575,Inhumation
KntBLD-IC1,4,F?,Unknown,575,625,Inhumation
KntBLD-IC1,40,U,Unknown,675,700,Inhumation
KntBLD-IC1,41,U,Unknown,575,625,Inhumation
KntBLD-IC1,42,F,45+,625,650,Inhumation
KntBLD-IC1,43,U,6-12,625,650,Inhumation
KntBLD-IC1,44,F,45+,625,650,Inhumation
KntBLD-IC1,45,U,Unknown,475,575,Inhumation
KntBLD-IC1,46,F,20-30,475,525,Inhumation
KntBLD-IC1,47,U,Unknown,475,625,Inhumation
KntBLD-IC1,48,U,12-18,450,450,Inhumation
KntBLD-IC1,49,U,Unknown,525,575,Inhumation
KntBLD-IC1,5,M,Unknown,575,625,Inhumation
KntBLD-IC1,50,F,Unknown,525,575,Inhumation
KntBLD-IC1,51,U,Unknown,475,625,Inhumation
KntBLD-IC1,52,M,45+,650,675,Inhumation
KntBLD-IC1,53,F,20-30,650,675,Inhumation
KntBLD-IC1,54,M,30-45,625,650,Inhumation
KntBLD-IC1,55,U,0-6,625,650,Inhumation
KntBLD-IC1,56,M,30-45,575,625,Inhumation
KntBLD-IC1,57,U,Unknown,575,625,Inhumation
KntBLD-IC1,58,M,20-30,625,650,Inhumation
KntBLD-IC1,59,F,20-30,575,625,Inhumation
KntBLD-IC1,6,F,20-30,650,675,Inhumation
KntBLD-IC1,60,F,Unknown,575,625,Inhumation
KntBLD-IC1,61,F,45+,575,625,Inhumation
KntBLD-IC1,62,F,45+,625,650,Inhumation
KntBLD-IC1,63,M,30-45,575,625,Inhumation
KntBLD-IC1,64,U,Unknown,625,650,Inhumation
KntBLD-IC1,65,M,45+,625,650,Inhumation
KntBLD-IC1,66,M,30-45,625,650,Inhumation
KntBLD-IC1,67,F,20-30,650,675,Inhumation
KntBLD-IC1,68,F,Unknown,700,750,Inhumation
KntBLD-IC1,69,M,Unknown,650,675,Inhumation
KntBLD-IC1,7,U,Unknown,650,675,Inhumation
KntBLD-IC1,70,U,Unknown,475,525,Inhumation
KntBLD-IC1,71,M,20-30,625,650,Inhumation
KntBLD-IC1,72,U,Unknown,700,750,Inhumation
KntBLD-IC1,73,M?,Unknown,700,750,Inhumation
KntBLD-IC1,74,U,0-6,700,750,Inhumation
KntBLD-IC1,75,M?,Unknown,700,750,Inhumation
KntBLD-IC1,76,U,Unknown,700,750,Inhumation
KntBLD-IC1,77,U,Unknown,700,750,Inhumation
KntBLD-IC1,78,U,6-12,700,750,Inhumation
KntBLD-IC1,79,U,Unknown,700,750,Inhumation
KntBLD-IC1,8,M?,Unknown,650,675,Inhumation
KntBLD-IC1,80,M?,18-25,700,750,Inhumation
KntBLD-IC1,81,F,Unknown,700,750,Inhumation
KntBLD-IC1,82,F,Unknown,700,750,Inhumation
KntBLD-IC1,83,F,Unknown,700,750,Inhumation
KntBLD-IC1,84,F?,15-18,700,750,Inhumation
KntBLD-IC1,85,U,Unknown,700,750,Inhumation
KntBLD-IC1,86,U,Unknown,700,750,Inhumation
KntBLD-IC1,87,F,Unknown,475,525,Inhumation
KntBLD-IC1,88,U,Unknown,475,575,Inhumation
KntBLD-IC1,89,U,6-12,475,575,Inhumation
KntBLD-IC1,9,M,20-30,650,675,Inhumation
KntBLD-IC1,90,M,45+,625,650,Inhumation
KntBLD-IC1,91,U,20-30,575,625,Inhumation
KntBLD-IC1,92,F,20-30,525,575,Inhumation
KntBLD-IC1,93,U?,30-45,575,625,Inhumation
KntBLD-IC1,94/a,M,Unknown,575,625,Inhumation
KntBLD-IC1,94/b,U,Unknown,525,575,Inhumation
KntBLD-IC1,95,F,Unknown,675,700,Inhumation
KntBLD-IC1,96/a,M?,40+,625,650,Inhumation
KntBLD-IC1,96/b,U?,20-30,625,650,Inhumation
KntBLD-IC1,97,U,Unknown,625,650,Inhumation
KntBLD-IC1,98,M?,Unknown,575,625,Inhumation
KntBLD-IC1,99,F,40-45,700,750,Inhumation
KntBLD-IC1,B,U,Unknown,575,625,Inhumation
KntBLD-IC1,C,U,Unknown,575,625,Inhumation
KntBLD-IC1,D,U,Unknown,575,625,Inhumation
KntBLD-IC1,E,U,Unknown,575,625,Inhumation
KntBLD-IC1,F,U?,Unknown,600,600,Inhumation
KntBLD-IC1,201,M,25-30,475,625,inhumation
KntBLD-IC1,202,F,20-25,475,625,inhumation
KntBLD-IC1,203,F,25-30,475,625,inhumation
KntBLD-IC1,205,F?,23-28,475,600,inhumation
KntBLD-IC1,206,U,13-15,475,625,inhumation
KntBLD-IC1,207,F,30-35,475,600,inhumation
KntBLD-IC1,208,F?,20-30,475,625,inhumation
KntBLD-IC1,209,M,40,475,625,inhumation
KntBLD-IC1,210,U,Adult,475,625,inhumation
KntBLD-IC1,211,U,Adult,475,625,inhumation
KntBLD-IC1,212,F?,Unknown,475,625,inhumation
KntBLD-IC1,213,U,Adult,475,625,inhumation
KntBLD-IC1,214,U,Juvenile?,475,625,inhumation
KntBLD-IC1,215,M,25-30,475,625,inhumation
KntBLD-IC1,216,U,Adult,475,625,inhumation
KntBLD-IC1,217,U,Adult,475,600,inhumation
KntBLD-IC1,218,U,Juvenile?,550,625,inhumation
KntBLD-IC1,219,F?,20-25,490,550,inhumation
KntBLD-IC1,220,U,Adult,475,625,inhumation
KntBLD-IC1,221,F?,30-40,490,550,inhumation
KntBLD-IC1,222,F,35-45,525,575,inhumation
KntBLD-IC1,223,F,Adult,500,550,inhumation
KntBLD-IC1,224/,U,Adult,475,625,inhumation
KntBLD-IC1,225,F?,Adult,475,625,inhumation
KntBLD-IC1,226,F?,30-40,475,625,inhumation
KntBLD-IC1,227,M,50+,475,625,inhumation
KntBLD-IC1,228/,F?,15-17,475,600,inhumation
KntBLD-IC1,229,U,Adult,475,625,inhumation
KntBLD-IC1,230,U,Adult,475,625,inhumation
KntBLD-IC1,231,M,40-55,475,525,inhumation
KntBLD-IC1,232,U,Unknown,475,625,inhumation
KntBLD-IC1,233,U,Unknown,475,625,inhumation
KntBLD-IC1,234,U,13-15,475,625,inhumation
KntBLD-IC1,235,U,Juvenile?,475,625,inhumation
KntBLD-IC1,236,U,4-5,475,625,inhumation
KntBLD-IC1,237,F,30-40,475,575,inhumation
KntBLD-IC1,238/,F,Adult,475,625,inhumation
KntBLD-IC1,239,F,30-40,475,575,inhumation
KntBLD-IC1,240,U,14-16,475,625,inhumation
KntBLD-IC1,241,U,Child?,475,625,inhumation
KntBLD-IC1,242,U,Child?,475,625,inhumation
KntBLD-IC1,243,U,Child?,475,625,inhumation
KntBLD-IC1,244,U,Child?,475,625,inhumation
KntBLD-IC1,246,M,30-40,475,625,inhumation
KntBLD-IC1,247,F,23-28,475,550,inhumation
KntBLD-IC1,248,M,60+,475,625,inhumation
KntBLD-IC1,249/,F,35-45,475,625,inhumation
KntBLD-IC1,251,M,40-45,475,625,inhumation
KntBLD-IC1,252,M,30-40,475,625,inhumation
KntBLD-IC1,253,F?,25-30,475,625,inhumation
KntBLD-IC1,254,U,4-5,490,550,inhumation
KntBLD-IC1,255,F,30-35,500,550,inhumation
KntBLD-IC1,256,M,35-45,475,625,inhumation
KntBLD-IC1,257,F?,Adult,500,550,inhumation
KntBLD-IC1,258,M?,30-35,475,625,inhumation
KntBLD-IC1,259,M,23-28,475,625,inhumation
KntBLD-IC1,260,M?,40-50,475,625,inhumation
KntBLD-IC1,261,F?,15-17,475,625,inhumation
KntBLD-IC1,262,U,35-45,475,625,inhumation
KntBLD-IC1,263/,M?,Adult,500,550,inhumation
KntBLD-IC1,264,M,40-45,475,625,inhumation
KntBLD-IC1,265/,U,Adult,500,600,inhumation
KntBLD-IC1,266,F?,30-35,500,575,inhumation
KntBLD-IC1,267,U,15-18,475,625,inhumation
KntBLD-IC1,268,U,Juvenile?,475,625,inhumation
KntBLD-IC1,269,U,20-25,475,625,inhumation
KntBLD-IC1,270,F,Adult,475,625,inhumation
KntBLD-IC1,271,F,23-28,525,575,inhumation
KntBLD-IC1,272,U,8-9,475,625,inhumation
KntBLD-IC1,273,U,Unknown,475,625,inhumation
KntBLD-IC1,274,U,Unknown,475,625,inhumation
KntBLD-IC1,275,U,Unknown,475,625,inhumation
KntBLD-IC1,276,U,Unknown,475,625,inhumation
KntBLD-IC1,277,U,Unknown,475,625,inhumation
KntBLD-IC1,278,U,Unknown,475,625,inhumation
KntBLD-IC1,279,M,40-50,475,625,inhumation
KntBLD-IC1,280,F,20-25,475,625,inhumation
KntBLD-IC1,281,M?,25-30,500,575,inhumation
KntBLD-IC1,282/,M?,Adult,475,625,inhumation
KntBLD-IC1,283,U,Unknown,475,625,inhumation
KntBLD-IC1,284,M?,25-30,475,625,inhumation
KntBLD-IC1,285,F?,20-25,475,625,inhumation
KntBLD-IC1,286,F,45+,475,625,inhumation
KntBLD-IC1,287,U,3-4,475,625,inhumation
KntBLD-IC1,288,F,30-40,475,625,inhumation
KntBLD-IC1,289,F,17-20,475,600,inhumation
KntBLD-IC1,290,F,19-22,490,550,inhumation
KntBLD-IC1,291,M,50+,475,625,inhumation
KntBLD-IC1,292,M,40-50,475,625,inhumation
KntBLD-IC1,293,U,2-3,550,625,inhumation
KntBLD-IC1,294,U,Unknown,550,625,inhumation
KntBLD-IC1,295,M?,30-35,475,625,inhumation
KntBLD-IC1,296,F?,35-45,500,575,inhumation
KntBLD-IC1,297,M,30-35,475,550,inhumation
KntBLD-IC1,298,F,30-35,475,625,inhumation
KntBLD-IC1,299,F?,40-50,475,625,inhumation
KntBLD-IC1,300,M,30-40,575,650,inhumation
KntBLD-IC1,301,M,19-21,475,625,inhumation
KntBLD-IC1,302,M?,20-25,475,625,inhumation
KntBLD-IC1,303/,U,3,475,625,inhumation
KntBLD-IC1,304,F,35-40,475,625,inhumation
KntBLD-IC1,305,U,8-11,475,625,inhumation
KntBLD-IC1,306,F?,50+,475,625,inhumation
KntBLD-IC1,307,U,3-5,475,625,inhumation
KntBLD-IC1,308,F,50+,475,600,inhumation
KntBLD-IC1,309,F?,20-25,475,625,inhumation
KntBLD-IC1,310,U,14-16,475,625,inhumation
KntBLD-IC1,311,M,40-50,475,625,inhumation
KntBLD-IC1,312,F?,25-30,475,625,inhumation
KntBLD-IC1,313,F,40,475,625,inhumation
KntBLD-IC1,314/,F,40,475,625,inhumation
KntBLD-IC1,315,U,6-12,475,625,inhumation
KntBLD-IC1,316,F,65+,475,625,inhumation
KntBLD-IC1,317,U,50+,475,625,inhumation
KntBLD-IC1,318,U,Unknown,475,625,inhumation
KntBLD-IC1,319,M?,25-30,525,575,inhumation
KntBLD-IC1,320,U,9-11,475,625,inhumation
KntBLD-IC1,321,M?,25-30,475,625,inhumation
KntBLD-IC1,322,U,2-3,475,625,inhumation
KntBLD-IC1,323,M,40-50,475,625,inhumation
KntBLD-IC1,324,F,40-45,475,625,inhumation
KntBLD-IC1,325,M,25-30,475,625,inhumation
KntBLD-IC1,326,F,14-16,475,575,inhumation
KntBLD-IC1,327,F,35-45,475,600,inhumation
KntBLD-IC1,328,M,50+,475,625,inhumation
KntBLD-IC1,329,M,25-30,475,625,inhumation
KntBLD-IC1,330,U,10-12,475,625,inhumation
KntBLD-IC1,331,U,Adult?,525,575,inhumation
KntBLD-IC1,332,F?,25-30,475,625,inhumation
KntBLD-IC1,333,M?,Unknown,475,625,inhumation
KntBLD-IC1,334,U,6-8,475,625,inhumation
KntBLD-IC1,335,U,Adult,475,625,inhumation
KntBLD-IC1,336,F?,30-40,500,575,inhumation
KntBLD-IC1,337,U,40-45,475,625,inhumation
KntBLD-IC1,338,M,19-21,475,625,inhumation
KntBLD-IC1,339,F,27-32,525,575,inhumation
KntBLD-IC1,340,M,30-35,475,625,inhumation
KntBLD-IC1,341,M?,35-40,475,625,inhumation
KntBLD-IC1,342,M?,25-30,475,625,inhumation
KntBLD-IC1,343,U,Child?,475,600,inhumation
KntBLD-IC1,344,F,30-35,475,625,inhumation
KntBLD-IC1,345,M?,Adult,475,625,inhumation
KntBLD-IC1,346,M,40+,475,625,inhumation
KntBLD-IC1,347,F?,14-16,525,575,inhumation
KntBLD-IC1,348,M,30-35,475,625,inhumation
KntBLD-IC1,349,F?,50+,475,625,inhumation
KntBLD-IC1,350/,U,9-10,525,575,inhumation
KntBLD-IC1,351/,M,Adult,525,575,inhumation
KntBLD-IC1,352,U,7-9,475,625,inhumation
KntBLD-IC1,353,F?,30-35,500,575,inhumation
KntBLD-IC1,354,F?,25-30,525,575,inhumation
KntBLD-IC1,355,F?,22-27,475,625,inhumation
KntBLD-IC1,356,U,Unknown,475,625,inhumation
KntBLD-IC1,357,M?,Adult,475,625,inhumation
KntBLD-IC1,358,U,3-5,475,625,inhumation
KntBLD-IC1,359,M,45-55,475,625,inhumation
KntBLD-IC1,360,F?,30-40,475,625,inhumation
KntBLD-IC1,361,F,30-40,475,625,inhumation
KntBLD-IC1,362,U,Unknown,475,625,inhumation
KntBLD-IC1,363,M,45-55,475,625,inhumation
KntBLD-IC1,364,M,30-40,475,625,inhumation
KntBLD-IC1,365,M?,Unknown,475,625,inhumation
KntBLD-IC1,366,F?,20-25,490,550,inhumation
KntBLD-IC1,367,M?,30-40,475,550,inhumation
KntBLD-IC1,368,M,30-35,475,625,inhumation
KntBLD-IC1,369,F,30-35,475,625,inhumation
KntBLD-IC1,370,U,6-8,475,625,inhumation
KntBLD-IC1,371,M?,20-25,475,625,inhumation
KntBLD-IC1,372,F,30-35,500,550,inhumation
KntBLD-IC1,373,M?,35-40,525,575,inhumation
KntBLD-IC1,374,U,14-16,475,625,inhumation
KntBLD-IC1,375,M,25-30,475,625,inhumation
KntBLD-IC1,376,U,7-8,525,575,inhumation
KntBLD-IC1,377,U,Unknown,500,575,inhumation
KntBLD-IC1,378,M,35-45,475,625,inhumation
KntBLD-IC1,379,M,30-35,475,625,inhumation
KntBLD-IC1,380,U,Child?,475,625,inhumation
KntBLD-IC1,381,M?,30-40,475,625,inhumation
KntBLD-IC1,382,U,12-14,475,625,inhumation
KntBLD-IC1,383,M?,25-30,475,600,inhumation
KntBLD-IC1,384,U,Unknown,490,550,inhumation
KntBLD-IC1,385,M,20-25,475,625,inhumation
KntBLD-IC1,386/,U,Adult,475,625,inhumation
KntBLD-IC1,387,F?,20-25,475,625,inhumation
KntBLD-IC1,388,U,0-1,450,550,inhumation
KntBLD-IC1,389,U,Child?,475,625,inhumation
KntBLD-IC1,390,F?,35-45,475,625,inhumation
KntBLD-IC1,391/,F,35-45,550,600,inhumation
KntBLD-IC1,392,U,8-10,475,625,inhumation
KntBLD-IC1,393/,M,25-30,475,625,inhumation
KntBLD-IC1,394,M,40-50,475,625,inhumation
KntBLD-IC1,395,M?,40-45,475,625,inhumation
KntBLD-IC1,396,U,35-45,475,625,inhumation
KntBLD-IC1,397,U,35-45,475,625,inhumation
KntBLD-IC1,398,F?,30-40,475,625,inhumation
KntBLD-IC1,399,U,Child?,475,625,inhumation
KntBLD-IC1,400,U,Unknown,475,625,inhumation
KntBLD-IC1,401,M?,50+,475,625,inhumation
KntBLD-IC1,402,M,28-33,475,625,inhumation
KntBLD-IC1,403,U,Child?,475,625,inhumation
KntBLD-IC1,404,U,13-15,475,625,inhumation
KntBLD-IC1,405,M?,22-27,475,625,inhumation
KntBLD-IC1,406,M?,Adult,475,625,inhumation
KntBLD-IC1,407,F,23-28,475,625,inhumation
KntBLD-IC1,408,F?,30-40,500,550,inhumation
KntBLD-IC1,409,F?,22-27,475,625,inhumation
KntBLD-IC1,410,U,Unknown,475,625,inhumation
KntBLD-IC1,411,U,4-6,475,625,inhumation
KntBLD-IC1,412,F?,15-20,475,625,inhumation
KntBLD-IC1,413,F,22-27,475,625,inhumation
KntBLD-IC1,414,M,35-45,475,625,inhumation
KntBLD-IC1,415,U,1-3,475,625,inhumation
KntBLD-IC1,416,M,30-40,475,625,inhumation
KntBLD-IC1,417,F,40-50,500,575,inhumation
KntBLD-IC1,418,F?,16-18,475,625,inhumation
KntBLD-IC1,419,F,30-35,500,575,inhumation
KntBLD-IC1,420,F?,20-25,475,625,inhumation
KntBLD-IC1,421,U,3-4,475,625,inhumation
KntBLD-IC1,422,U,3-4,475,625,inhumation
KntBLD-IC1,423,M,40-50,475,625,inhumation
KntBLD-IC1,424,U,Unknown,475,625,inhumation
KntBLD-IC1,425,F?,20-25,475,625,inhumation
KntBLD-IC1,426,F?,40-50,475,625,inhumation
KntBLD-IC1,427/,F,30-35,475,625,inhumation
KntBLD-IC1,428,F,20-25,490,550,inhumation
KntBLD-IC1,429,U,20-25,475,625,inhumation
KntBLD-IC1,430,U,6-9,475,625,inhumation
KntBLD-IC1,431,U,6-8,475,625,inhumation
KntBLD-IC1,432,U,Juvenile?,475,550,inhumation
KntBLD-IC1,433,F,20-25,500,575,inhumation
KntBLD-IC1,434,M?,Unknown,475,625,inhumation
KntBLD-IC1,435,M?,30-40,475,625,inhumation
KntBLD-IC1,436,U,35-45,475,625,inhumation
KntBLD-IC1,437,M,35-40,500,575,inhumation
KntBLD-IC1,438,M,15-17,475,625,inhumation
KntBLD-IC1,439,U,12-14,475,625,inhumation
KntBLD-IC1,440,U,15-17,490,550,inhumation
KntBLD-IC1,441,U,1-3,475,625,inhumation
KntBLD-IC1,442,U,9-11,475,625,inhumation
KntBLD-IC1,443,F?,30-35,475,625,inhumation
KntBOX-BI1,1,U,Unknown,500,700,inhumation
KntBRS-BI1,1,U,Unknown,500,700,inhumation
KntBRS-BI1,2,U,Unknown,500,700,inhumation
KntBRS-BI2,1,U,Unknown,450,650,inhumation
KntBRS-IC1,1,U,35-40,600,700,Inhumation
KntBRS-IC1,10,U,Unknown,600,700,Inhumation
KntBRS-IC1,100,F,25-35,600,700,Inhumation
KntBRS-IC1,101,M,Unknown,625,650,Inhumation
KntBRS-IC1,102,M,25-35,575,650,Inhumation
KntBRS-IC1,103,M,18,600,700,Inhumation
KntBRS-IC1,104,U,25-35,600,700,Inhumation
KntBRS-IC1,105,U,18-25,650,700,Inhumation
KntBRS-IC1,106,U,Unknown,600,700,Inhumation
KntBRS-IC1,107,U,Unknown,600,700,Inhumation
KntBRS-IC1,108,M,18-25,600,700,Inhumation
KntBRS-IC1,109,U,Unknown,600,700,Inhumation
KntBRS-IC1,11,U,4-6,600,700,Inhumation
KntBRS-IC1,110,U,Unknown,600,700,Inhumation
KntBRS-IC1,111,U,Unknown,600,700,Inhumation
KntBRS-IC1,112,U,Unknown,600,700,Inhumation
KntBRS-IC1,113,M,18,640,700,Inhumation
KntBRS-IC1,114,F,25-35,600,700,Inhumation
KntBRS-IC1,115,U,Unknown,600,700,Inhumation
KntBRS-IC1,116/,U,0-1,600,700,Inhumation
KntBRS-IC1,117,F,35-45,600,700,Inhumation
KntBRS-IC1,118,F,35-45,600,700,Inhumation
KntBRS-IC1,119,U,35-45,600,700,Inhumation
KntBRS-IC1,12,F,Unknown,525,600,Inhumation
KntBRS-IC1,120,U,11-17,575,675,Inhumation
KntBRS-IC1,121,F,18-25,600,700,Inhumation
KntBRS-IC1,122,U,13-20,600,700,Inhumation
KntBRS-IC1,123,U,Unknown,600,700,Inhumation
KntBRS-IC1,124,U,Unknown,600,700,Inhumation
KntBRS-IC1,125,U,Unknown,600,700,Inhumation
KntBRS-IC1,126,M,Unknown,600,700,Inhumation
KntBRS-IC1,127/a,U,25-35,600,700,Inhumation
KntBRS-IC1,127/b,U,6-11,600,700,Inhumation
KntBRS-IC1,128,F,Unknown,600,700,Inhumation
KntBRS-IC1,129,U,Unknown,600,700,Inhumation
KntBRS-IC1,13,M,25-35,600,700,Inhumation
KntBRS-IC1,130,U,Unknown,600,700,Inhumation
KntBRS-IC1,131,U,15-16,600,700,Inhumation
KntBRS-IC1,132,U,9-15,600,700,Inhumation
KntBRS-IC1,133,F,18-25,600,700,Inhumation
KntBRS-IC1,134,U,11-15,600,700,Inhumation
KntBRS-IC1,135,U,Unknown,630,690,Inhumation
KntBRS-IC1,136,U,Unknown,600,700,Inhumation
KntBRS-IC1,137,M,25-35,600,700,Inhumation
KntBRS-IC1,138,U,Unknown,600,700,Inhumation
KntBRS-IC1,139,U,Unknown,600,700,Inhumation
KntBRS-IC1,14,U,Unknown,600,700,Inhumation
KntBRS-IC1,140,M,35-45,600,700,Inhumation
KntBRS-IC1,141,U,4-13,600,700,Inhumation
KntBRS-IC1,142,U,Unknown,600,700,Inhumation
KntBRS-IC1,143,U,Unknown,600,700,Inhumation
KntBRS-IC1,144,U,18-20,600,700,Inhumation
KntBRS-IC1,145,F,25-35,600,700,Inhumation
KntBRS-IC1,146,M,45,575,675,Inhumation
KntBRS-IC1,147,U,18-25,600,700,Inhumation
KntBRS-IC1,148,U,Unknown,660,700,Inhumation
KntBRS-IC1,149,U,7-10,600,700,Inhumation
KntBRS-IC1,15,U,Unknown,600,700,Inhumation
KntBRS-IC1,150,U,Unknown,600,700,Inhumation
KntBRS-IC1,151/2/a,U,0,600,700,Inhumation
KntBRS-IC1,151/2/b,U,0-2,600,700,Inhumation
KntBRS-IC1,151/2/c,U,2-4,600,700,Inhumation
KntBRS-IC1,151/2/d,U,Unknown,600,700,Inhumation
KntBRS-IC1,153,U,5-15,600,700,Inhumation
KntBRS-IC1,154,U,25,600,700,Inhumation
KntBRS-IC1,155,U,35-45,600,700,Inhumation
KntBRS-IC1,156,U,Unknown,600,700,Inhumation
KntBRS-IC1,157,F,25-35,650,700,Inhumation
KntBRS-IC1,158,M,21-46,600,700,Inhumation
KntBRS-IC1,159,U,Unknown,600,700,Inhumation
KntBRS-IC1,16,F,18-19,660,700,Inhumation
KntBRS-IC1,160,U,Unknown,600,700,Inhumation
KntBRS-IC1,161,F,18-25,630,660,Inhumation
KntBRS-IC1,162,U,Unknown,600,700,Inhumation
KntBRS-IC1,163,U,Unknown,600,700,Inhumation
KntBRS-IC1,164,U,Unknown,600,700,Inhumation
KntBRS-IC1,165,U,12-17,650,670,Inhumation
KntBRS-IC1,166,U,Unknown,600,700,Inhumation
KntBRS-IC1,167,U,12-18,550,625,Inhumation
KntBRS-IC1,168,U,8-14,600,700,Inhumation
KntBRS-IC1,169,U,Unknown,600,700,Inhumation
KntBRS-IC1,17,U,3-6,600,700,Inhumation
KntBRS-IC1,170,F,45,600,700,Inhumation
KntBRS-IC1,171,U,Unknown,600,700,Inhumation
KntBRS-IC1,172,F,Unknown,625,700,Inhumation
KntBRS-IC1,173,U,Unknown,550,600,Inhumation
KntBRS-IC1,174,U,3-7,600,700,Inhumation
KntBRS-IC1,175,U,Unknown,600,700,Inhumation
KntBRS-IC1,176,U,Unknown,600,700,Inhumation
KntBRS-IC1,177,U,Unknown,600,700,Inhumation
KntBRS-IC1,178,U,11-18,625,700,Inhumation
KntBRS-IC1,179,U,3-7,600,700,Inhumation
KntBRS-IC1,18,F,18-25,600,700,Inhumation
KntBRS-IC1,180,F,35-45,600,700,Inhumation
KntBRS-IC1,181,F,Unknown,600,700,Inhumation
KntBRS-IC1,182,M,Unknown,600,700,Inhumation
KntBRS-IC1,183,U,Unknown,625,700,Inhumation
KntBRS-IC1,184,U,Unknown,600,700,Inhumation
KntBRS-IC1,185,U,25-35,600,700,Inhumation
KntBRS-IC1,186,U,Unknown,600,700,Inhumation
KntBRS-IC1,187,U,3-7,625,700,Inhumation
KntBRS-IC1,188,U,1-2,600,700,Inhumation
KntBRS-IC1,189/a,U,8-14,600,700,Inhumation
KntBRS-IC1,189/b,U,5-9,600,700,Inhumation
KntBRS-IC1,19/a,F,35-45,600,700,Inhumation
KntBRS-IC1,19/b,U,25-45,600,700,Inhumation
KntBRS-IC1,190,M,23-57,600,700,Inhumation
KntBRS-IC1,191,U,Unknown,600,700,Inhumation
KntBRS-IC1,192,U,18-25,625,700,Inhumation
KntBRS-IC1,193,U,35-45,600,700,Inhumation
KntBRS-IC1,194,M,27-66,625,700,Inhumation
KntBRS-IC1,195,F,Unknown,600,700,Inhumation
KntBRS-IC1,196,M,23-57,625,700,Inhumation
KntBRS-IC1,197,U,3-6,625,700,Inhumation
KntBRS-IC1,198,U,Unknown,600,700,Inhumation
KntBRS-IC1,199/a,F,25-35,600,700,Inhumation
KntBRS-IC1,199/b,U,35-45,600,700,Inhumation
KntBRS-IC1,199/c,M,17,600,700,Inhumation
KntBRS-IC1,2,U,Unknown,600,700,Inhumation
KntBRS-IC1,20,U,Unknown,600,700,Inhumation
KntBRS-IC1,200,U,Unknown,600,700,Inhumation
KntBRS-IC1,201,F,33-45,600,700,Inhumation
KntBRS-IC1,202,F,18-25,600,700,Inhumation
KntBRS-IC1,203,U,Unknown,625,700,Inhumation
KntBRS-IC1,204/,F,25-35,600,700,Inhumation
KntBRS-IC1,205,U,18-25,600,700,Inhumation
KntBRS-IC1,206,U,25-35,625,700,Inhumation
KntBRS-IC1,207,U,Unknown,600,700,Inhumation
KntBRS-IC1,208,F,35,550,650,Inhumation
KntBRS-IC1,209,F,20-30,600,700,Inhumation
KntBRS-IC1,21,U,Unknown,650,675,Inhumation
KntBRS-IC1,210,U,Unknown,600,700,Inhumation
KntBRS-IC1,211,U,20-30,625,700,Inhumation
KntBRS-IC1,212,M,25-35,600,700,Inhumation
KntBRS-IC1,213,F,45,560,590,Inhumation
KntBRS-IC1,214/a,U,10-17,550,650,Inhumation
KntBRS-IC1,214/b,U,4-8,550,650,Inhumation
KntBRS-IC1,215,F,25,600,700,Inhumation
KntBRS-IC1,216,U,Unknown,600,700,Inhumation
KntBRS-IC1,217,U,Unknown,600,700,Inhumation
KntBRS-IC1,218,U,18,625,700,Inhumation
KntBRS-IC1,219,U,Unknown,600,700,Inhumation
KntBRS-IC1,22,M,18-25,600,700,Inhumation
KntBRS-IC1,220/a,U,Unknown,600,700,Inhumation
KntBRS-IC1,220/b,F,60,600,700,Inhumation
KntBRS-IC1,221,U,Unknown,600,700,Inhumation
KntBRS-IC1,222,U,Unknown,600,700,Inhumation
KntBRS-IC1,223,U,Unknown,625,700,Inhumation
KntBRS-IC1,224/a,U,Unknown,600,700,Inhumation
KntBRS-IC1,224/b,F,35-45,600,700,Inhumation
KntBRS-IC1,225,U,Unknown,625,700,Inhumation
KntBRS-IC1,226,U,Unknown,600,700,Inhumation
KntBRS-IC1,227,M,30-40,625,650,Inhumation
KntBRS-IC1,228,U,2-4,600,700,Inhumation
KntBRS-IC1,229,U,Unknown,600,700,Inhumation
KntBRS-IC1,23,M,18,625,700,Inhumation
KntBRS-IC1,230/a,U,18,600,700,Inhumation
KntBRS-IC1,230/b,U,18,600,700,Inhumation
KntBRS-IC1,230/c,U,7-10,600,700,Inhumation
KntBRS-IC1,231,U,Unknown,600,700,Inhumation
KntBRS-IC1,232,U,Unknown,600,700,Inhumation
KntBRS-IC1,233,M,40-50,600,700,Inhumation
KntBRS-IC1,234,M,45,600,700,Inhumation
KntBRS-IC1,235,F,42-87,600,700,Inhumation
KntBRS-IC1,236,U,Unknown,600,700,Inhumation
KntBRS-IC1,237,U,Unknown,600,700,Inhumation
KntBRS-IC1,238,U,Unknown,640,700,Inhumation
KntBRS-IC1,239,U,Unknown,600,700,Inhumation
KntBRS-IC1,24,M,23-35,600,700,Inhumation
KntBRS-IC1,240,U,18-25,600,700,Inhumation
KntBRS-IC1,241,F,Unknown,600,700,Inhumation
KntBRS-IC1,242,U,Unknown,600,700,Inhumation
KntBRS-IC1,243,M,Unknown,600,650,Inhumation
KntBRS-IC1,244,U,Unknown,600,700,Inhumation
KntBRS-IC1,245,F,40-50,625,700,Inhumation
KntBRS-IC1,246,U,Unknown,600,700,Inhumation
KntBRS-IC1,247,U,3-5,550,600,Inhumation
KntBRS-IC1,248,M,25-35,600,700,Inhumation
KntBRS-IC1,249,M,18-20,550,650,Inhumation
KntBRS-IC1,25/a,U,2-5,600,700,Inhumation
KntBRS-IC1,25/b,M,18-25,600,700,Inhumation
KntBRS-IC1,25/c,F,Unknown,600,700,Inhumation
KntBRS-IC1,250,M,35-45,575,650,Inhumation
KntBRS-IC1,251,U,1-2,600,700,Inhumation
KntBRS-IC1,252,F,Unknown,600,700,Inhumation
KntBRS-IC1,253,U,4-8,600,700,Inhumation
KntBRS-IC1,254,U,Unknown,625,700,Inhumation
KntBRS-IC1,255,M,45,600,700,Inhumation
KntBRS-IC1,256,U,40+,525,600,Inhumation
KntBRS-IC1,257,M,25-35,600,700,Inhumation
KntBRS-IC1,258,M,35-45,575,675,Inhumation
KntBRS-IC1,259/a,M,Unknown,600,700,Inhumation
KntBRS-IC1,259/b,U,5-9,600,700,Inhumation
KntBRS-IC1,259/c,M,35-45,600,700,Inhumation
KntBRS-IC1,26,U,4-9,600,700,Inhumation
KntBRS-IC1,260,U,12-18,625,700,Inhumation
KntBRS-IC1,261,U,Unknown,600,700,Inhumation
KntBRS-IC1,262,U,2-4,600,700,Inhumation
KntBRS-IC1,263,M,25-35,600,700,Inhumation
KntBRS-IC1,264,M,45+,550,600,Inhumation
KntBRS-IC1,265,U,3-8,600,700,Inhumation
KntBRS-IC1,266,U,4-8,600,700,Inhumation
KntBRS-IC1,267,M,25-35,600,650,Inhumation
KntBRS-IC1,268,F,25-35,550,650,Inhumation
KntBRS-IC1,269,M,Unknown,600,700,Inhumation
KntBRS-IC1,27,M,18,600,700,Inhumation
KntBRS-IC1,270/a,M,45,625,700,Inhumation
KntBRS-IC1,270/b,M,Unknown,625,700,Inhumation
KntBRS-IC1,271/a,F,25,600,700,Inhumation
KntBRS-IC1,271/b,U,Unknown,600,700,Inhumation
KntBRS-IC1,272,U,Unknown,600,700,Inhumation
KntBRS-IC1,273,U,18-25,600,700,Inhumation
KntBRS-IC1,274,U,18-25,600,700,Inhumation
KntBRS-IC1,275,U,Unknown,600,700,Inhumation
KntBRS-IC1,276,U,Unknown,600,700,Inhumation
KntBRS-IC1,277,M,Unknown,600,700,Inhumation
KntBRS-IC1,278,F,60,600,700,Inhumation
KntBRS-IC1,279,F,25-35,600,700,Inhumation
KntBRS-IC1,28,U,6-10,600,700,Inhumation
KntBRS-IC1,280,F,45,600,700,Inhumation
KntBRS-IC1,281,U,Unknown,600,700,Inhumation
KntBRS-IC1,282,F,25-35,550,600,Inhumation
KntBRS-IC1,283,U,8-14,575,650,Inhumation
KntBRS-IC1,284,U,Unknown,600,700,Inhumation
KntBRS-IC1,285/a,U,Unknown,575,675,Inhumation
KntBRS-IC1,285/b,M,18-25,575,670,Inhumation
KntBRS-IC1,286,U,Unknown,600,700,Inhumation
KntBRS-IC1,287,U,25-45,600,700,Inhumation
KntBRS-IC1,288/a,M,Unknown,625,700,Inhumation
KntBRS-IC1,288/b,U,25-35,625,700,Inhumation
KntBRS-IC1,289,M,25-35,625,700,Inhumation
KntBRS-IC1,29,F,35-45,600,700,Inhumation
KntBRS-IC1,290,U,Unknown,600,650,Inhumation
KntBRS-IC1,291,U,25,600,700,Inhumation
KntBRS-IC1,292,U,35,600,700,Inhumation
KntBRS-IC1,293,F,Unknown,550,650,Inhumation
KntBRS-IC1,294,U,Unknown,600,700,Inhumation
KntBRS-IC1,295,M,Unknown,600,700,Inhumation
KntBRS-IC1,296,F,25-35,600,700,Inhumation
KntBRS-IC1,297/a,F,25,600,700,Inhumation
KntBRS-IC1,297/b,U,Unknown,600,700,Inhumation
KntBRS-IC1,298,U,2-4,625,700,Inhumation
KntBRS-IC1,299,M,40,550,600,Inhumation
KntBRS-IC1,3,U,Unknown,600,700,Inhumation
KntBRS-IC1,30,U,Unknown,600,700,Inhumation
KntBRS-IC1,300,U,Unknown,550,600,Inhumation
KntBRS-IC1,301,F,25-30,550,600,Inhumation
KntBRS-IC1,302,M,25-30,600,700,Inhumation
KntBRS-IC1,303,M,Unknown,550,650,Inhumation
KntBRS-IC1,304,M,Unknown,575,700,Inhumation
KntBRS-IC1,305,U,Unknown,600,700,Inhumation
KntBRS-IC1,306,U,25-35,600,700,Inhumation
KntBRS-IC1,307/a,M,25-35,600,700,Inhumation
KntBRS-IC1,307/b,M,30-35,600,700,Inhumation
KntBRS-IC1,308,M,18-25,625,700,Inhumation
KntBRS-IC1,309,U,Unknown,625,700,Inhumation
KntBRS-IC1,31,F,Unknown,600,700,Inhumation
KntBRS-IC1,310,F,Unknown,600,700,Inhumation
KntBRS-IC1,311,F,35,600,700,Inhumation
KntBRS-IC1,312/a,U,Unknown,600,700,Inhumation
KntBRS-IC1,312/b,M?,15,600,700,Inhumation
KntBRS-IC1,313,U,Unknown,625,650,Inhumation
KntBRS-IC1,314,F,Unknown,600,700,Inhumation
KntBRS-IC1,315,M,35,600,650,Inhumation
KntBRS-IC1,316,F,18-25,640,700,Inhumation
KntBRS-IC1,317,M,45,600,700,Inhumation
KntBRS-IC1,318,M,19-35,625,700,Inhumation
KntBRS-IC1,319,M,25-35,600,700,Inhumation
KntBRS-IC1,32,U,7-13,600,700,Inhumation
KntBRS-IC1,320,M,35-45,575,625,Inhumation
KntBRS-IC1,321,U,Unknown,600,700,Inhumation
KntBRS-IC1,322,U,Unknown,625,700,Inhumation
KntBRS-IC1,323,U,Unknown,600,700,Inhumation
KntBRS-IC1,324,U,Unknown,600,700,Inhumation
KntBRS-IC1,325,F,35,600,700,Inhumation
KntBRS-IC1,326,U,25,625,700,Inhumation
KntBRS-IC1,327,M,Unknown,600,700,Inhumation
KntBRS-IC1,328,U,Unknown,600,700,Inhumation
KntBRS-IC1,329,U,Unknown,600,700,Inhumation
KntBRS-IC1,33,M,25-35,600,700,Inhumation
KntBRS-IC1,330,F,25,625,700,Inhumation
KntBRS-IC1,331,U,Unknown,600,700,Inhumation
KntBRS-IC1,332,F,45,600,700,Inhumation
KntBRS-IC1,333/a,M,25-35,575,625,Inhumation
KntBRS-IC1,333/b,M,18-25,575,625,Inhumation
KntBRS-IC1,334,M,Unknown,640,660,Inhumation
KntBRS-IC1,335,F,25-35,600,700,Inhumation
KntBRS-IC1,336,U,Unknown,600,700,Inhumation
KntBRS-IC1,337,U,Unknown,600,700,Inhumation
KntBRS-IC1,338,U,4-8,675,725,Inhumation
KntBRS-IC1,339,U,25,600,700,Inhumation
KntBRS-IC1,34,U,Unknown,600,700,Inhumation
KntBRS-IC1,340,U,Unknown,600,700,Inhumation
KntBRS-IC1,341,U,Unknown,600,700,Inhumation
KntBRS-IC1,342,U,Unknown,600,700,Inhumation
KntBRS-IC1,343,U,Unknown,600,700,Inhumation
KntBRS-IC1,344,U,Unknown,625,700,Inhumation
KntBRS-IC1,345,U,Unknown,600,700,Inhumation
KntBRS-IC1,346,U,Unknown,600,700,Inhumation
KntBRS-IC1,347,U,Unknown,600,700,Inhumation
KntBRS-IC1,348,U,Unknown,600,700,Inhumation
KntBRS-IC1,349,U,Unknown,575,650,Inhumation
KntBRS-IC1,35,U,Unknown,600,700,Inhumation
KntBRS-IC1,350,U,Unknown,640,700,Inhumation
KntBRS-IC1,351,U,Unknown,525,600,Inhumation
KntBRS-IC1,352,U,Unknown,600,700,Inhumation
KntBRS-IC1,353,U,Unknown,600,700,Inhumation
KntBRS-IC1,354,U,Unknown,600,700,Inhumation
KntBRS-IC1,355,M,23-57,625,700,Inhumation
KntBRS-IC1,356,U,Unknown,600,700,Inhumation
KntBRS-IC1,357,M,45,600,700,Inhumation
KntBRS-IC1,358/a,M,25-35,625,700,Inhumation
KntBRS-IC1,358/b,M,25-30,625,700,Inhumation
KntBRS-IC1,359,U,Unknown,600,650,Inhumation
KntBRS-IC1,36,U,Unknown,600,700,Inhumation
KntBRS-IC1,360,M,18-25,600,650,Inhumation
KntBRS-IC1,361,U,Unknown,600,700,Inhumation
KntBRS-IC1,362,U,Unknown,690,725,Inhumation
KntBRS-IC1,363,M,18-25,600,700,Inhumation
KntBRS-IC1,364,U,Unknown,600,700,Inhumation
KntBRS-IC1,365,U,Unknown,600,700,Inhumation
KntBRS-IC1,366,U,Unknown,600,700,Inhumation
KntBRS-IC1,367,U,Unknown,600,700,Inhumation
KntBRS-IC1,368,U,Unknown,575,650,Inhumation
KntBRS-IC1,369,F,25,600,700,Inhumation
KntBRS-IC1,37,U,25-45,650,675,Inhumation
KntBRS-IC1,370,U,Unknown,600,700,Inhumation
KntBRS-IC1,371,U,10-16,600,700,Inhumation
KntBRS-IC1,372,U,Unknown,600,700,Inhumation
KntBRS-IC1,373,F,25,600,700,Inhumation
KntBRS-IC1,374,U,25-35,600,700,Inhumation
KntBRS-IC1,375,U,Unknown,600,700,Inhumation
KntBRS-IC1,376,M,25-35,600,700,Inhumation
KntBRS-IC1,377,U,35-45,600,700,Inhumation
KntBRS-IC1,378,M,35-45,640,700,Inhumation
KntBRS-IC1,379,U,35,600,700,Inhumation
KntBRS-IC1,38,M,18-25,600,700,Inhumation
KntBRS-IC1,380,U,Unknown,600,700,Inhumation
KntBRS-IC1,381,F,25-35,600,700,Inhumation
KntBRS-IC1,382/a,F,25,600,700,Inhumation
KntBRS-IC1,382/b,M,25-35,625,700,Inhumation
KntBRS-IC1,383,F,18-25,600,700,Inhumation
KntBRS-IC1,384/a,U,Unknown,600,700,Inhumation
KntBRS-IC1,384/b,M,45,600,700,Inhumation
KntBRS-IC1,385,M,25-45,600,700,Inhumation
KntBRS-IC1,386,U,Unknown,600,700,Inhumation
KntBRS-IC1,387,M,45,600,700,Inhumation
KntBRS-IC1,388,M,18-25,600,700,Inhumation
KntBRS-IC1,389,M,18-25,525,700,Inhumation
KntBRS-IC1,39,U,10-15,625,700,Inhumation
KntBRS-IC1,390,U,Unknown,525,700,Inhumation
KntBRS-IC1,391,U,Unknown,525,700,Inhumation
KntBRS-IC1,392,U,Unknown,525,700,Inhumation
KntBRS-IC1,393,U,7-13,525,700,Inhumation
KntBRS-IC1,4,U,Child,600,700,Inhumation
KntBRS-IC1,40,U,4-8,600,700,Inhumation
KntBRS-IC1,41,F,45,600,700,Inhumation
KntBRS-IC1,42,M?,17,575,650,Inhumation
KntBRS-IC1,43,U,Unknown,600,700,Inhumation
KntBRS-IC1,44,U,12-18,600,700,Inhumation
KntBRS-IC1,45,M,17,625,700,Inhumation
KntBRS-IC1,46,M,35-45,575,635,Inhumation
KntBRS-IC1,47,U,4-8,600,700,Inhumation
KntBRS-IC1,48,M,25-35,600,700,Inhumation
KntBRS-IC1,49,F,35-45,600,700,Inhumation
KntBRS-IC1,5,U,Child,600,700,Inhumation
KntBRS-IC1,50,M,Unknown,625,700,Inhumation
KntBRS-IC1,51,M,19-25,600,700,Inhumation
KntBRS-IC1,52,F,25-35,600,700,Inhumation
KntBRS-IC1,53,U,12-16,600,700,Inhumation
KntBRS-IC1,54/a,U,Unknown,625,700,Inhumation
KntBRS-IC1,55,U,6-10,625,700,Inhumation
KntBRS-IC1,56,U,12,600,700,Inhumation
KntBRS-IC1,57,U,Unknown,600,700,Inhumation
KntBRS-IC1,58,M,45,600,650,Inhumation
KntBRS-IC1,59,F,13-17,650,700,Inhumation
KntBRS-IC1,6,U,Unknown,600,700,Inhumation
KntBRS-IC1,60,U,25-35,600,700,Inhumation
KntBRS-IC1,61,F,25-30,600,700,Inhumation
KntBRS-IC1,62,M,18-35,600,700,Inhumation
KntBRS-IC1,63,U,25-35,550,650,Inhumation
KntBRS-IC1,64,F,25-35,600,700,Inhumation
KntBRS-IC1,65,U,Unknown,600,700,Inhumation
KntBRS-IC1,66,U,13-14,600,700,Inhumation
KntBRS-IC1,67/a,F,20,600,700,Inhumation
KntBRS-IC1,67/b,U,39-40,600,700,Inhumation
KntBRS-IC1,68,M,40-45,550,650,Inhumation
KntBRS-IC1,69,U,Unknown,600,700,Inhumation
KntBRS-IC1,7,U,Unknown,600,700,Inhumation
KntBRS-IC1,70,M,21,575,675,Inhumation
KntBRS-IC1,71,U,Unknown,600,700,Inhumation
KntBRS-IC1,72,F,35-45,600,700,Inhumation
KntBRS-IC1,73/a,F,13-20,600,700,Inhumation
KntBRS-IC1,73/b,F,18-25,660,690,Inhumation
KntBRS-IC1,74,M,18-21,625,700,Inhumation
KntBRS-IC1,75,U,1-4,625,700,Inhumation
KntBRS-IC1,76,U,18-25,660,690,Inhumation
KntBRS-IC1,77,M,35-45,575,675,Inhumation
KntBRS-IC1,78/a,U,18-25,600,700,Inhumation
KntBRS-IC1,78/b,U,Unknown,600,700,Inhumation
KntBRS-IC1,79,U,Unknown,600,700,Inhumation
KntBRS-IC1,8,M,45+,625,700,Inhumation
KntBRS-IC1,80,M,25-35,600,700,Inhumation
KntBRS-IC1,81,U,25-35,600,700,Inhumation
KntBRS-IC1,82/a,F,18-35,600,700,Inhumation
KntBRS-IC1,82/b,U,Unknown,600,700,Inhumation
KntBRS-IC1,83,U,Unknown,600,700,Inhumation
KntBRS-IC1,84,M,40-45,600,700,Inhumation
KntBRS-IC1,85,U,7-11,600,700,Inhumation
KntBRS-IC1,86,M,Unknown,600,700,Inhumation
KntBRS-IC1,87,M,35-45,600,650,Inhumation
KntBRS-IC1,88,M,25-35,600,700,Inhumation
KntBRS-IC1,89,M,35-45,600,700,Inhumation
KntBRS-IC1,9,M,Unknown,575,675,Inhumation
KntBRS-IC1,90,U,25-30,600,700,Inhumation
KntBRS-IC1,91,M,45,600,700,Inhumation
KntBRS-IC1,92,M,45,600,700,Inhumation
KntBRS-IC1,93/a,M,25-35,600,700,Inhumation
KntBRS-IC1,93/b,U,2-4,600,700,Inhumation
KntBRS-IC1,94,U,9-15,600,700,Inhumation
KntBRS-IC1,95,M,17,600,700,Inhumation
KntBRS-IC1,96,U,Unknown,600,700,Inhumation
KntBRS-IC1,97,U,Unknown,600,700,Inhumation
KntBRS-IC1,98,M,25-35,600,700,Inhumation
KntBRS-IC1,99,F,45,600,700,Inhumation
KntBRS-IC3,1,M,30-40,600,700,Inhumation
KntBRS-IC3,10,M,Adult,625,700,Inhumation
KntBRS-IC3,11,F,Adult,600,700,Inhumation
KntBRS-IC3,12,U,Adult,600,700,Inhumation
KntBRS-IC3,13,U,Yng adult,600,700,Inhumation
KntBRS-IC3,14,F,Yng adult,650,700,Inhumation
KntBRS-IC3,15,U,Unknown,600,700,Inhumation
KntBRS-IC3,16,U,Unknown,600,700,Inhumation
KntBRS-IC3,17,U,Adult,600,700,Inhumation
KntBRS-IC3,18,U,Unknown,600,700,Inhumation
KntBRS-IC3,19,U,2-4,600,700,Inhumation
KntBRS-IC3,2,M,28-30,630,700,Inhumation
KntBRS-IC3,20,U,4,600,700,Inhumation
KntBRS-IC3,21,F,Old,650,700,Inhumation
KntBRS-IC3,23,M?,Yng adult,600,700,Inhumation
KntBRS-IC3,24,F?,Adult,600,700,Inhumation
KntBRS-IC3,25,F?,Unknown,600,700,Inhumation
KntBRS-IC3,26,M?,40-50,640,700,Inhumation
KntBRS-IC3,27,F?,35-45,600,700,Inhumation
KntBRS-IC3,28,M?,17-20,600,700,Inhumation
KntBRS-IC3,29,U,8-9,600,700,Inhumation
KntBRS-IC3,3,M?,13,600,700,Inhumation
KntBRS-IC3,30,M,Old,600,700,Inhumation
KntBRS-IC3,31,U,28-35,500,540,Inhumation
KntBRS-IC3,32,F,Old,500,550,Inhumation
KntBRS-IC3,33,U,Unknown,600,700,Inhumation
KntBRS-IC3,34,U,Child,600,700,Inhumation
KntBRS-IC3,35,U,12,600,700,Inhumation
KntBRS-IC3,36,U,Unknown,540,575,Inhumation
KntBRS-IC3,37,U,Unknown,625,700,Inhumation
KntBRS-IC3,38,U,7,600,700,Inhumation
KntBRS-IC3,39,M,25-35,600,700,Inhumation
KntBRS-IC3,4,M?,28-30,600,700,Inhumation
KntBRS-IC3,40,U,12-15,600,700,Inhumation
KntBRS-IC3,41,U,40-50,600,700,Inhumation
KntBRS-IC3,42,M,Old,500,525,Inhumation
KntBRS-IC3,43,F?,40-50,600,700,Inhumation
KntBRS-IC3,44,U,Unknown,600,700,Inhumation
KntBRS-IC3,45,U,Unknown,600,700,Inhumation
KntBRS-IC3,48,U?,Unknown,500,550,Inhumation
KntBRS-IC3,5,M,Old,600,700,Inhumation
KntBRS-IC3,50,M?,17-20,600,700,Inhumation
KntBRS-IC3,51,F?,Old,600,700,Inhumation
KntBRS-IC3,52,M,Old,640,700,Inhumation
KntBRS-IC3,53,U,Unknown,600,700,Inhumation
KntBRS-IC3,54,U,Unknown,600,700,Inhumation
KntBRS-IC3,55/a,F,Old,600,625,Inhumation
KntBRS-IC3,55/b,F,Old,600,700,Inhumation
KntBRS-IC3,55/c,M,Unknown,600,700,Inhumation
KntBRS-IC3,57,U,Unknown,600,700,Inhumation
KntBRS-IC3,58,M,18-20,600,700,Inhumation
KntBRS-IC3,59,M,28-35,600,700,Inhumation
KntBRS-IC3,6,M,25-30,600,700,Inhumation
KntBRS-IC3,60,U,20,600,700,Inhumation
KntBRS-IC3,61,M,24,600,700,Inhumation
KntBRS-IC3,62,U,12-15,600,700,Inhumation
KntBRS-IC3,63/a,U,9,600,700,Inhumation
KntBRS-IC3,63/b,M,Old,600,700,Inhumation
KntBRS-IC3,64,U,30-40,600,700,Inhumation
KntBRS-IC3,65,M,35-40,575,625,Inhumation
KntBRS-IC3,66,U,Adult,570,600,Inhumation
KntBRS-IC3,67,M,20,530,570,Inhumation
KntBRS-IC3,68,U,Unknown,575,625,Inhumation
KntBRS-IC3,69,U,30,550,600,Inhumation
KntBRS-IC3,7,U,11,600,700,Inhumation
KntBRS-IC3,70,U,15-19,600,700,Inhumation
KntBRS-IC3,71,M,12-15,575,600,Inhumation
KntBRS-IC3,72,M,30,640,700,Inhumation
KntBRS-IC3,73(O),U,Unknown,600,700,Inhumation
KntBRS-IC3,74,M?,Adult,575,600,Inhumation
KntBRS-IC3,75,M,Adult,575,625,Inhumation
KntBRS-IC3,76,M,20-25,475,525,Inhumation
KntBRS-IC3,77,F,Yng adult,600,625,Inhumation
KntBRS-IC3,78,U,1-2,600,700,Inhumation
KntBRS-IC3,79,F?,60-70,500,600,Inhumation
KntBRS-IC3,8,U,12-15,500,550,Inhumation
KntBRS-IC3,80,M,45,600,700,Inhumation
KntBRS-IC3,81,M,30-40,530,570,Inhumation
KntBRS-IC3,82,M,45-60,575,625,Inhumation
KntBRS-IC3,83,F,Adult,500,600,Inhumation
KntBRS-IC3,84,U,2-7,600,700,Inhumation
KntBRS-IC3,85,U,Unknown,600,700,Inhumation
KntBRS-IC3,86,U,Unknown,600,700,Inhumation
KntBRS-IC3,87,M,28-35,530,570,Inhumation
KntBRS-IC3,88,U,Unknown,600,700,Inhumation
KntBRS-IC3,89,U,0-1,575,625,Inhumation
KntBRS-IC3,9,U,Unknown,600,700,Inhumation
KntBRS-IC3,90,U,Unknown,600,700,Inhumation
KntBRS-IC3,91,U,6-8,600,700,Inhumation
KntBRS-IC3,92,U,3-5,600,700,Inhumation
KntBRS-IC3,93,M,40,640,700,Inhumation
KntBRS-IC3,94,M,30,640,700,Inhumation
KntBRS-IC3,95,U,Adult,600,700,Inhumation
KntBRS-IC3,96/7,U,Unknown,600,700,Inhumation
KntBRS-IC3,97/6,M,Adult,600,700,Inhumation
KntBRS-IC3,98/a,F,40-50,600,700,Inhumation
KntBRS-IC3,98/b,U,8,600,700,Inhumation
KntBRS-IC4,1,U,Unknown,550,700,Inhumation
KntBRS-IC4,10(O),M,45-55,550,700,Inhumation
KntBRS-IC4,11,F,Adult,550,700,Inhumation
KntBRS-IC4,12,U,Adult,550,700,Inhumation
KntBRS-IC4,13,F,Old,550,700,Inhumation
KntBRS-IC4,14,U,Adult,550,700,Inhumation
KntBRS-IC4,15,U,Adult,550,700,Inhumation
KntBRS-IC4,2,U,Unknown,550,700,Inhumation
KntBRS-IC4,3,U,Unknown,575,700,Inhumation
KntBRS-IC4,4,F,Unknown,550,700,Inhumation
KntBRS-IC4,5/a,U,Adult,500,575,Inhumation
KntBRS-IC4,5/b,U,Adult,500,575,Inhumation
KntBRS-IC4,5/c,U,Child,500,575,Inhumation
KntBRS-IC4,6,M,Adult,550,700,Inhumation
KntBRS-IC4,7,M,Yng adult,550,700,Inhumation
KntBRS-IC4,8,F,30-40,550,700,Inhumation
KntBRS-IC4,9/a,F,Adult,690,710,Inhumation
KntBRS-IC4,9/b,F,Unknown,550,700,Inhumation
KntBSB-BI1,1,U,Unknown,-1000,900,inhumation
KntBSB-BI2,1,U,Unknown,600,700,inhumation
KntBSB-IC1,1,U,Elderly,600,700,Inhumation
KntBSB-IC1,10,U,Adult,600,700,Inhumation
KntBSB-IC1,11,U,Adult,600,700,Inhumation
KntBSB-IC1,12,U,Adult,600,625,Inhumation
KntBSB-IC1,13,U,Adult,600,700,Inhumation
KntBSB-IC1,14,U,Adult,600,700,Inhumation
KntBSB-IC1,2,U,Elderly,600,700,Inhumation
KntBSB-IC1,3,U,Elderly,600,700,Inhumation
KntBSB-IC1,4,U,Juvenile,600,700,Inhumation
KntBSB-IC1,5/,U,Adult,600,700,Inhumation
KntBSB-IC1,6,U,Child,600,700,Inhumation
KntBSB-IC1,7/a,U,Adult,600,700,Inhumation
KntBSB-IC1,7/b,U,Adult,600,700,Inhumation
KntBSB-IC1,8,U,Adult,600,700,Inhumation
KntBSB-IC1,9,U,Adult,600,700,Inhumation
KntBSB-IC2,1,U,Unknown,600,700,inhumation
KntBSB-IC2,2,U,Unknown,600,700,inhumation
KntBSB-IC2,3,U,Unknown,600,700,inhumation
KntBSB-IC2,4,U,Unknown,600,700,inhumation
KntBSB-IC2,5,U,Unknown,600,700,inhumation
KntBSB-IC2,6,U,Unknown,600,700,inhumation
KntBSB-IC2,7,U,Unknown,600,700,inhumation
KntBSB-IC2,8,U,Unknown,600,700,inhumation
KntBSB-IC2,9,U,Unknown,600,700,inhumation
KntBSB-IC2,10,U,Unknown,600,700,inhumation
KntBSB-IC2,11,U,Unknown,600,700,inhumation
KntBSB-IC3,1,U,Unknown,600,800,inhumation
KntBSB-IC3,2,U,Unknown,600,800,inhumation
KntBSB-IC3,3,U,Unknown,600,800,inhumation
KntBSB-IC3,4,U,Unknown,600,800,inhumation
KntBSB-IC3,5,U,Unknown,600,800,inhumation
KntBSB-IC3,6,U,Unknown,600,800,inhumation
KntBSB-IC3,7,U,Unknown,600,800,inhumation
KntBSB-IC3,8,U,Unknown,600,800,inhumation
KntBSB-IC3,9,U,Unknown,600,800,inhumation
KntBSB-IC3,10,U,Unknown,600,800,inhumation
KntBSB-IC3,11,U,Unknown,600,800,inhumation
KntBSB-IC3,12,U,Unknown,600,800,inhumation
KntBSB-IC3,13,U,Unknown,600,800,inhumation
KntBSB-IC3,14,U,Unknown,600,800,inhumation
KntBSB-IC3,15,U,Unknown,600,800,inhumation
KntBSB-IC3,16,U,Unknown,600,800,inhumation
KntBSB-IC3,17,U,Unknown,600,800,inhumation
KntBSB-IC3,18,U,Unknown,600,800,inhumation
KntBSB-IC3,19,U,Unknown,600,800,inhumation
KntBSB-IC3,20,U,Unknown,600,800,inhumation
KntBSB-IC3,21,U,Unknown,600,800,inhumation
KntBSB-IC3,22,U,Unknown,600,800,inhumation
KntBSB-IC3,23,U,Unknown,600,800,inhumation
KntBSB-IC4,1,U,Unknown,500,700,inhumation
KntBSB-IC4,2,U,Unknown,500,700,inhumation
KntBSB-IC4,3,U,Unknown,500,700,inhumation
KntBUB-BI1,1,U,Unknown,500,650,inhumation
KntCAT-BI1,1,U,Unknown,620,630,inhumation
KntCAT-BI2,1/,U,Unknown,400,450,inhumation
KntCAT-BI3,1,U,Child,720,725,inhumation
KntCAT-IC1,1,U,Unknown,600,900,inhumation
KntCAT-IC1,2,U,Unknown,600,900,inhumation
KntCAT-IC1,3,U,Unknown,600,900,inhumation
KntCAT-IC1,4,U,Unknown,600,900,inhumation
KntCAT-IC1,5,U,Unknown,600,900,inhumation
KntCAT-IC1,6,U,Unknown,600,900,inhumation
KntCAT-IC1,7,U,Unknown,600,900,inhumation
KntCAT-IC1,8,U,Unknown,600,900,inhumation
KntCAT-IC1,9,U,Unknown,600,900,inhumation
KntCAT-IC1,10,U,Unknown,600,900,inhumation
KntCAT-IC1,11,U,Unknown,600,900,inhumation
KntCAT-IC1,12,U,Unknown,600,900,inhumation
KntCAT-IC1,13,U,Unknown,600,900,inhumation
KntCAT-IC1,14,U,Unknown,600,900,inhumation
KntCAT-IC1,15,U,Unknown,600,900,inhumation
KntCAT-IC1,16,U,Unknown,600,900,inhumation
KntCAT-IC1,17,U,Unknown,600,900,inhumation
KntCAT-IC1,18,U,Unknown,600,900,inhumation
KntCAT-IC1,19,U,Unknown,600,900,inhumation
KntCAT-IC5,1,U,Unknown,500,600,inhumation
KntCAT-MC1,1,U,Unknown,650,800,inhumation
KntCAT-MC1,2,U,Unknown,600,700,inhumation
KntCAT-MC1,3,M,Adult,650,800,inhumation
KntCAT-MC1,4,U,Unknown,650,800,cremation?
KntCAT-MC1,5,U,Unknown,650,800,cremation?
KntCHM-IC1,1,U,Adult,600,725,Inhumation
KntCHM-IC1,10/11,U,Adult,600,725,Inhumation
KntCHM-IC1,11/10,U,Adult,600,725,Inhumation
KntCHM-IC1,12,U,Adult,600,725,Inhumation
KntCHM-IC1,13,U,Child,600,725,Inhumation
KntCHM-IC1,14,U,Adult,630,660,Inhumation
KntCHM-IC1,15,U,Adult,600,725,Inhumation
KntCHM-IC1,16,U,Adult,700,800,Inhumation
KntCHM-IC1,17,U,Adult,600,725,Inhumation
KntCHM-IC1,18,U,Adult,600,725,Inhumation
KntCHM-IC1,19,U,Adult,600,725,Inhumation
KntCHM-IC1,2,U,Adult,600,725,Inhumation
KntCHM-IC1,20,U,Adult,600,725,Inhumation
KntCHM-IC1,21/22,U,Child,600,725,Inhumation
KntCHM-IC1,22/21,U,Adult,600,725,Inhumation
KntCHM-IC1,23,U,Adult,600,725,Inhumation
KntCHM-IC1,24,U,Adult,600,725,Inhumation
KntCHM-IC1,25,U,Adult,600,725,Inhumation
KntCHM-IC1,26,U,Adult,600,725,Inhumation
KntCHM-IC1,27,U,Adult,600,725,Inhumation
KntCHM-IC1,28,U,Adult,600,725,Inhumation
KntCHM-IC1,29,U,Adult,600,725,Inhumation
KntCHM-IC1,3,U,Adult,600,725,Inhumation
KntCHM-IC1,30,U,Adult,600,725,Inhumation
KntCHM-IC1,31,U,Adult,600,725,Inhumation
KntCHM-IC1,32,U,Adult,600,725,Inhumation
KntCHM-IC1,33,U,Adult,600,725,Inhumation
KntCHM-IC1,34,U,Adult,600,725,Inhumation
KntCHM-IC1,35,U,Adult,600,725,Inhumation
KntCHM-IC1,36,U,Adult,600,725,Inhumation
KntCHM-IC1,37,U,Adult,600,725,Inhumation
KntCHM-IC1,38,U,Adult,600,725,Inhumation
KntCHM-IC1,39,U,Child,600,725,Inhumation
KntCHM-IC1,4,U,Adult,600,725,Inhumation
KntCHM-IC1,40,U,Adult,600,725,Inhumation
KntCHM-IC1,41,U,Adult,600,725,Inhumation
KntCHM-IC1,42/a,U,Adult,600,725,Inhumation
KntCHM-IC1,42/b,U,Adult,600,725,Inhumation
KntCHM-IC1,42/c,U,Adult,600,725,Inhumation
KntCHM-IC1,43,U,Adult,600,725,Inhumation
KntCHM-IC1,44,U,Adult,650,675,Inhumation
KntCHM-IC1,45,U,Child,600,725,Inhumation
KntCHM-IC1,46,U,Child,600,725,Inhumation
KntCHM-IC1,47,U,Adult,600,725,inhumation
KntCHM-IC1,48,U,Adult,575,625,Inhumation
KntCHM-IC1,49,U,Adult,600,725,Inhumation
KntCHM-IC1,5,U,Adult,590,725,Inhumation
KntCHM-IC1,50/a,U,Old,600,725,Inhumation
KntCHM-IC1,50/b,U,Old,600,725,Inhumation
KntCHM-IC1,51,U,Adult,600,725,Inhumation
KntCHM-IC1,52,U,Adult,600,725,Inhumation
KntCHM-IC1,53/a,U,Child,600,725,Inhumation
KntCHM-IC1,53/b,U,Child,600,725,Inhumation
KntCHM-IC1,6,U,Adult,600,725,Inhumation
KntCHM-IC1,7,U,Adult,600,725,Inhumation
KntCHM-IC1,8/9,U,Adult,650,680,Inhumation
KntCHM-IC1,9/8,U,Juvenile,650,680,Inhumation
KntCHM-IC1,A,U,Adult,625,635,Inhumation
KntCHM-IC1,B,U,Adult,600,725,Inhumation
KntCHM-IC1,C,U,Adult,600,725,Inhumation
KntCHM-IC1,D,U,Adult,600,725,Inhumation
KntCHM-IC1,E,U,Adult,600,725,Inhumation
KntCHM-IC1,F,U,Adult,600,725,Inhumation
KntCHM-IC2,3,U,Juvenile,500,625,inhumation
KntCHM-IC2,2,U,Juvenile,500,625,inhumation
KntCHM-IC2,1,U,Adult,500,625,inhumation
KntCHM-IC2,4,U,Unknown,500,625,inhumation
KntCHM-IC2,5,U,Unknown,500,625,inhumation
KntCHM-IC2,6,U,Unknown,500,625,inhumation
KntCRD-IC1,18/b,U,Adult,650,700,inhumation
KntCRD-IC1,19,U,Adult,650,700,Inhumation
KntCRD-IC1,20,U,Elderly,650,700,inhumation
KntCRD-IC1,22,U,Adult,650,700,inhumation
KntCRD-IC1,23,U,Adult,650,700,inhumation
KntCRD-IC1,24,U,Elderly,650,700,inhumation
KntCRD-IC1,25,U,Child,650,700,inhumation
KntCRD-IC1,26/a,U,Adult,650,700,inhumation
KntCRD-IC1,26/b,U,Elderly,650,700,Inhumation
KntCRD-IC1,27,U,Adult,650,700,inhumation
KntCRD-IC1,11,U,Adult,650,700,inhumation
KntCRD-IC1,13,U,Adult,650,700,Inhumation
KntCRD-IC1,14,U,Adult,650,700,Inhumation
KntCRD-IC1,15,U,Adult,650,700,Inhumation
KntCRD-IC1,16,U,Juvenile,650,700,Inhumation
KntCRD-IC1,17,U,Adult,650,700,Inhumation
KntCRD-IC1,18/a,U,Adult?,650,700,Inhumation
KntCRD-IC2,1,U,Unknown,500,625,inhumation
KntCRD-IC2,2,U,Unknown,500,625,inhumation
KntCTM-IC1,1,U,Adult,525,600,Inhumation
KntCTM-IC1,10,U,Unknown,500,650,Inhumation
KntCTM-IC1,11,U,Unknown,500,650,inhumation
KntCTM-IC1,12,U,Adult,630,660,Inhumation
KntCTM-IC1,13,U,Unknown,500,650,Inhumation
KntCTM-IC1,14,U,Unknown,500,650,Inhumation
KntCTM-IC1,15,U,Unknown,575,650,Inhumation
KntCTM-IC1,16,U,Adult,575,625,Inhumation
KntCTM-IC1,17,U,Adult,450,525,Inhumation
KntCTM-IC1,18/19,U,Unknown,550,600,Inhumation
KntCTM-IC1,19/18,U,Adult,550,600,Inhumation
KntCTM-IC1,2,U,Adult,525,550,Inhumation
KntCTM-IC1,20,U,Adult,500,575,Inhumation
KntCTM-IC1,3,U,Adult,600,700,Inhumation
KntCTM-IC1,4,U,Adult,500,575,Inhumation
KntCTM-IC1,5,U,Unknown,500,650,Inhumation
KntCTM-IC1,6,U,Adult,525,575,Inhumation
KntCTM-IC1,7,U,Unknown,500,650,Inhumation
KntCTM-IC1,8,U,Unknown,500,650,Inhumation
KntCTM-IC1,9,U,Unknown,500,650,Inhumation
KntCWN-MC1,1,U,Unknown,400,600,inhumation
KntCWN-MC1,39,U,Unknown,400,600,cremation
KntCWN-MC1,2,U,Unknown,400,600,inhumation
KntCWN-MC1,3,U,Unknown,400,600,inhumation
KntCWN-MC1,4,U,Unknown,400,600,inhumation
KntCWN-MC1,5,U,Unknown,400,600,inhumation
KntCWN-MC1,6,U,Unknown,400,600,inhumation
KntCWN-MC1,7,U,Unknown,400,600,inhumation
KntCWN-MC1,8,U,Unknown,400,600,inhumation
KntCWN-MC1,9,U,Unknown,400,600,inhumation
KntCWN-MC1,10,U,Unknown,400,600,inhumation
KntCWN-MC1,11,U,Unknown,400,600,inhumation
KntCWN-MC1,12,U,Unknown,400,600,inhumation
KntCWN-MC1,13,U,Unknown,400,600,inhumation
KntCWN-MC1,14,U,Unknown,400,600,inhumation
KntCWN-MC1,15,U,Unknown,400,600,inhumation
KntCWN-MC1,16,U,Unknown,400,600,inhumation
KntCWN-MC1,17,U,Unknown,400,600,inhumation
KntCWN-MC1,18,U,Unknown,400,600,inhumation
KntCWN-MC1,19,U,Unknown,400,600,inhumation
KntCWN-MC1,20,U,Unknown,400,600,inhumation
KntCWN-MC1,21,U,Unknown,400,600,inhumation
KntCWN-MC1,22,U,Unknown,400,600,inhumation
KntCWN-MC1,23,U,Unknown,400,600,inhumation
KntCWN-MC1,24,U,Unknown,400,600,inhumation
KntCWN-MC1,25,U,Unknown,400,600,inhumation
KntCWN-MC1,26,U,Unknown,400,600,inhumation
KntCWN-MC1,27,U,Unknown,400,600,inhumation
KntCWN-MC1,28,U,Unknown,400,600,inhumation
KntCWN-MC1,29,U,Unknown,400,600,inhumation
KntCWN-MC1,30,U,Unknown,400,600,inhumation
KntCWN-MC1,31,U,Unknown,400,600,inhumation
KntCWN-MC1,32,U,Unknown,400,600,inhumation
KntCWN-MC1,33,U,Unknown,400,600,inhumation
KntCWN-MC1,34,U,Unknown,400,600,inhumation
KntCWN-MC1,35,U,Unknown,400,600,inhumation
KntCWN-MC1,36,U,Unknown,400,600,inhumation
KntCWN-MC1,37,U,Unknown,400,600,inhumation
KntCWN-MC1,38,U,Unknown,400,600,inhumation
KntCWN-MC1,40,U,Unknown,400,600,cremation
KntCWN-MC1,41,U,Unknown,400,600,cremation
KntCWN-MC1,42,U,Unknown,400,600,cremation
KntCWN-MC1,43,U,Unknown,400,600,cremation
KntCWN-MC1,44,U,Unknown,400,600,cremation
KntCWN-MC1,45,U,Unknown,400,600,cremation
KntCWN-MC1,46,U,Unknown,400,600,cremation
KntCWN-MC1,47,U,Unknown,400,600,cremation
KntCWN-MC1,48,U,Unknown,400,600,cremation
KntCWN-MC1,49,U,Unknown,400,600,cremation
KntCWN-MC1,50,U,Unknown,400,600,cremation
KntCWN-MC1,51,U,Unknown,400,600,cremation
KntCWN-MC1,52,U,Unknown,400,600,cremation
KntCWN-MC1,53,U,Unknown,450,500,inhumation
KntCWN-MC1,54,U,Unknown,450,500,inhumation
KntCWN-MC1,55,U,Unknown,450,500,inhumation
KntCWN-MC1,56,U,Unknown,450,500,inhumation
KntCWN-MC1,57,U,Unknown,450,500,inhumation
KntCWN-MC1,58,U,Unknown,450,500,inhumation
KntCXN-BI1,1,U,Unknown,575,650,inhumation
KntCXN-IC1,303(258)/,U,6-8,550,650,inhumation
KntCXN-IC1,165(164),U,25-35,590,700,inhumation
KntCXN-IC1,169(168),U,5-7,600,700,inhumation
KntCXN-IC1,174(166),U,17-25,590,725,inhumation
KntCXN-IC1,176(172),U,12-14,550,725,inhumation
KntCXN-IC1,179(178),M,Adult,590,725,inhumation
KntCXN-IC1,187(188),U,4-5,550,725,inhumation
KntCXN-IC1,191(190),U,20-40,625,700,inhumation
KntCXN-IC1,194(193),M?,33-45,625,700,inhumation
KntCXN-IC1,212(210),U,25-35,600,700,inhumation
KntCXN-IC1,215(214),F,17-30,675,700,inhumation
KntCXN-IC1,218(217),U,2-9,550,725,inhumation
KntCXN-IC1,243(242),U,1-2,550,725,inhumation
KntCXN-IC1,247(246),U,17-35,650,700,inhumation
KntCXN-IC1,250(249),F?,20-40,550,725,inhumation
KntCXN-IC1,262(261),M,30-45,640,700,inhumation
KntCXN-IC1,277(276),U,4-5,550,600,inhumation
KntCXN-IC1,279(280),U,Adult,550,700,inhumation
KntCXN-IC1,283(282),U,Unknown,640,700,inhumation
KntCXN-IC1,286(285),U,Adult,550,725,inhumation
KntCXN-IC1,291(290),U,6-7,640,700,inhumation
KntCXN-IC1,294(293),U,6-7,600,700,inhumation
KntCXN-IC1,297(296),F,25-40,650,700,inhumation
KntCXN-IC1,300(299),M,40-70,625,700,inhumation
KntCXN-IC1,303(302)/,U,46+,575,650,inhumation
KntCXN-IC1,306(305),F?,17-25,650,700,inhumation
KntCXN-IC1,313(312),U,9-12,640,700,inhumation
KntCXN-IC1,316(315),U,25-44,590,650,inhumation
KntCXN-IC1,319(318),U,25-44,550,725,inhumation
KntCXN-IC1,324(323),M?,Adult,550,725,inhumation
KntCXN-IC1,358(357),U,Child,500,600,inhumation
KntCXN-IC1,361(360),U,40-70,550,725,inhumation
KntCXN-IC1,364(363),M?,40-70,590,700,inhumation
KntCXN-IC1,368,U,Unknown,550,725,inhumation
KntCXN-IC1,373(372),U,Unknown,590,650,inhumation
KntCXN-IC1,379(378),U,20-35,550,725,inhumation
KntCXN-IC1,382(240),F,Adult,550,725,inhumation
KntDEA-BI1,1,U,Unknown,400,900,inhumation
KntDEA-BI2,1,U,Unknown,575,650,inhumation
KntDRH-IC1,13,U,Unknown,450,600,inhumation
KntDRH-IC1,1,U,Unknown,550,600,Inhumation
KntDRH-IC1,10,U,Unknown,475,525,Inhumation
KntDRH-IC1,11,U,6,475,600,Inhumation
KntDRH-IC1,12,F,25-35,475,600,Inhumation
KntDRH-IC1,2,U,Unknown,550,600,Inhumation
KntDRH-IC1,3,U,Unknown,475,600,Inhumation
KntDRH-IC1,4,M,Unknown,430,500,Inhumation
KntDRH-IC1,5/a,M,15,500,600,Inhumation
KntDRH-IC1,5/b,M,Unknown,475,600,Inhumation
KntDRH-IC1,6/a,F,35-45,475,600,Inhumation
KntDRH-IC1,6/b,M,Unknown,475,600,Inhumation
KntDRH-IC1,7,F,25-35,500,550,Inhumation
KntDRH-IC1,8,F,35-45,555,565,Inhumation
KntDRH-IC1,9,U,2-6,475,600,Inhumation
KntDTD-BI1,1,U,7,400,900,inhumation
KntDTD-BI2,1,U,Unknown,450,700,Inhumation
KntDTD-BI3,1,U,Unknown,450,650,inhumation
KntDTD-IC1,1,U,Unknown,450,700,inhumation
KntDTD-IC1,2,U,Unknown,450,700,inhumation
KntDTD-IC1,3,U,Unknown,450,700,inhumation
KntDTD-IC1,4,U,Unknown,450,700,inhumation
KntDTD-IC1,5,U,Unknown,450,700,inhumation
KntDTD-IC1,6,U,Unknown,450,700,inhumation
KntDTD-IC1,7,U,Unknown,450,700,inhumation
KntDTD-IC1,8,U,Unknown,450,700,inhumation
KntDTD-IC2,1103,M,Adult,525,625,inhumation
KntDTD-IC2,2005,U,Unknown,450,600,inhumation
KntDTD-IC2,2008,F,Adult,490,520,inhumation
KntDTD-IC2,2011,M,Adult,475,525,inhumation
KntDTD-IC2,2014,U,Unknown,450,500,inhumation
KntDTD-IC2,2016,F,Unknown,450,550,inhumation
KntDTD-IC2,2018,U,14-19,450,550,inhumation
KntDTD-IC2,2021,M,Adult,450,600,inhumation
KntDTD-IC2,2024,F,20-25,490,520,inhumation
KntDTD-IC2,2027,M,Unknown,525,600,inhumation
KntDTD-IC2,2034,M,Unknown,450,600,inhumation
KntDTD-IC2,2041,U,Unknown,450,600,inhumation
KntDTD-IC2,2044,U,Unknown,450,600,inhumation
KntDTD-IC2,2047,M,45+,450,600,inhumation
KntDTD-IC2,2050,U,Unknown,450,600,inhumation
KntDTD-IC2,2052,U,Unknown,450,600,inhumation
KntDTD-IC2,2056,F,Unknown,490,530,inhumation
KntDTD-IC2,2058,U,Unknown,450,600,inhumation
KntDTD-IC2,2061,M,Unknown,450,625,inhumation
KntDTD-IC2,2067,M,Unknown,475,525,inhumation
KntDTD-IC2,2070,U,Unknown,450,600,inhumation
KntDTD-IC2,2083,U,Unknown,450,600,inhumation
KntDTD-IC2,2086,U,Unknown,450,600,inhumation
KntDTD-IC2,2089,M,Unknown,425,475,inhumation
KntDTD-IC2,2092,U,20-25,450,600,inhumation
KntDTD-IC2,2095,M,30-35,500,625,inhumation
KntDTD-IC2,2098,F,45+,450,600,inhumation
KntDTD-IC2,2101,F,25-30,425,475,inhumation
KntDTD-IC2,2104,F,30-35,550,650,inhumation
KntDTD-IC2,2107,M,40-45,450,600,inhumation
KntDTD-IC2,2110,F?,45+,525,625,inhumation
KntDTD-IC2,2115/,F,35-45,425,475,inhumation
KntDTD-IC2,2115/a,U,0-1,425,475,inhumation
KntDTD-IC2,2116,F,25-35,575,625,inhumation
KntDTD-IC2,2119,F,25-35,450,600,inhumation
KntDTD-IC2,2122,M,35-45,525,625,inhumation
KntDTD-IC2,2125,U,13-17,450,600,inhumation
KntDTD-IC2,2204,U,6,450,600,inhumation
KntDTD-IC2,2252,M,45+,525,625,inhumation
KntDTD-IC2,2316,U,2-5,450,600,inhumation
KntDTD-IC2,2323,U,Unknown,450,600,inhumation
KntDTD-IC2,2561,M,45+,525,625,inhumation
KntDTD-IC2,2637,U,Adult,475,525,inhumation
KntDTD-IC2,2642,M,25-35,450,600,inhumation
KntDTD-IC2,2665,M,45+,525,625,inhumation
KntDTD-IC2,2682,U,Unknown,550,600,inhumation
KntDTD-IC2,2685,U,25-35,550,600,inhumation
KntDTD-IC2,3104,M,25-35,450,600,inhumation
KntDTD-IC2,3107,M,35-45,450,600,inhumation
KntDTD-IC2,3110/,F,35-45,450,600,inhumation
KntDTD-IC2,3110/a,U,0-1,450,600,inhumation
KntDTD-IC2,4043/,U,Adult,450,600,inhumation
KntDTD-IC2,4043/a,U,0-1,450,600,inhumation
KntDTD-IC2,4046,U,Unknown,450,600,inhumation
KntDTD-IC2,4082,F,Unknown,500,550,inhumation
KntDTD-IC2,4085,U,10-12,450,600,inhumation
KntDTD-IC2,4096,M,17-25,475,525,inhumation
KntDTD-IC2,2064,F,Adult,450,600,inhumation
KntDTD-IC2,2038,U,Adult,450,600,inhumation
KntDTD-IC3,D1,U,Unknown,600,725,inhumation
KntDTD-IC3,D2,U,Unknown,600,725,inhumation
KntDTD-IC3,D3,U,Unknown,600,725,inhumation
KntDTD-IC3,F11,U,Unknown,600,725,inhumation
KntDTD-IC3,D5,U,Unknown,600,725,inhumation
KntDTD-IC3,18(19),U,Unknown,600,725,inhumation
KntDTD-IC3,21(23),U,Unknown,600,725,inhumation
KntDTD-IC3,31(32),F,Adult,600,725,inhumation
KntDTD-IC3,34(35),U,Unknown,600,725,inhumation
KntDTD-IC3,41(42),U,Unknown,600,725,inhumation
KntDTD-IC3,47(48),U,Unknown,600,725,inhumation
KntDTD-IC3,50(51),U,Unknown,600,725,inhumation
KntDTD-IC3,69(70),U,Unknown,600,725,inhumation
KntDTD-IC3,75(76),U,Unknown,600,725,inhumation
KntDTD-IC3,78(79),U,Unknown,600,725,inhumation
KntDTD-IC3,84(85),U,Unknown,600,725,inhumation
KntDTD-IC3,87(88),U,Unknown,600,725,inhumation
KntDTD-IC3,93(94),U,Unknown,600,725,inhumation
KntDTD-IC3,F6,U,Unknown,600,725,inhumation
KntDTD-IC3,20,U,Unknown,600,725,inhumation
KntDTD-IC3,21,U,Unknown,600,725,inhumation
KntDTD-IC3,22,U,Unknown,600,725,inhumation
KntDTD-IC3,23,U,Unknown,600,725,inhumation
KntDTD-IC3,24,U,Unknown,600,725,inhumation
KntDTD-IC3,25,U,Unknown,600,725,inhumation
KntDTN-IC2,1,U,Unknown,400,900,inhumation
KntDTN-IC2,2,U,Unknown,400,900,inhumation
KntDTN-IC2,3,U,Unknown,400,900,inhumation
KntDVR-IC1,1,U,Unknown,400,900,inhumation
KntDVR-IC1,2,U,Unknown,400,900,inhumation
KntDVR-IC1,3,U,Unknown,400,900,inhumation
KntDVR-IC1,4,U,Unknown,400,900,inhumation
KntDVR-IC2,1,U,Unknown,550,725,inhumation
KntDVR-IC2,2,M?,Adult,550,725,inhumation
KntDVR-IC2,3,U,Adult,550,725,inhumation
KntDVR-IC2,4,F?,Adult,550,725,inhumation
KntDVR-IC2,5,M,Adult,550,725,inhumation
KntEFD-BI1,1,U,Unknown,400,900,inhumation
KntEFD-BI2,1,U,Unknown,400,900,inhumation
KntEFD-IC1,1,U,Unknown,750,900,inhumation
KntEFD-IC1,2,U,Unknown,750,900,inhumation
KntEFD-IC1,3,U,Unknown,750,900,inhumation
KntEFD-IC1,4,U,Unknown,750,900,inhumation
KntEFD-IC1,5,U,Unknown,750,900,inhumation
KntEFD-IC1,6,U,Unknown,750,900,inhumation
KntEFD-IC1,7,U,Unknown,750,900,inhumation
KntEFD-IC1,8,U,Unknown,750,900,inhumation
KntEFD-IC1,9,U,Unknown,750,900,inhumation
KntEFD-IC1,10,U,Unknown,750,900,inhumation
KntEFD-IC1,11,U,Unknown,750,900,inhumation
KntEFD-IC1,12,U,Unknown,750,900,inhumation
KntEFD-IC1,13,U,Unknown,750,900,inhumation
KntEFD-IC1,14,U,Unknown,750,900,inhumation
KntEFD-IC1,15,U,Unknown,750,900,inhumation
KntEFD-IC1,16,U,Unknown,750,900,inhumation
KntEFD-IC1,17,U,Unknown,750,900,inhumation
KntEFD-IC1,18,U,Unknown,750,900,inhumation
KntEFD-IC1,19,U,Unknown,750,900,inhumation
KntEFD-IC1,20,U,Unknown,750,900,inhumation
KntEFD-IC1,21,U,Unknown,750,900,inhumation
KntEFD-IC1,22,U,Unknown,750,900,inhumation
KntEFD-IC1,23,U,Unknown,750,900,inhumation
KntEFD-IC1,24,U,Unknown,750,900,inhumation
KntEFD-IC1,25,U,Unknown,750,900,inhumation
KntEFD-IC1,26,U,Unknown,750,900,inhumation
KntEFD-IC1,27,U,Unknown,750,900,inhumation
KntEFD-IC1,28,U,Unknown,750,900,inhumation
KntEFD-IC1,29,U,Unknown,750,900,inhumation
KntEFD-IC1,30,U,Unknown,750,900,inhumation
KntEFD-IC1,31,U,Unknown,750,900,inhumation
KntESY-BI1,1,U,Unknown,450,550,inhumation
KntESY-IC2,1,U,Unknown,570,600,inhumation
KntESY-IC2,2,U,Unknown,540,570,inhumation
KntESY-IC3,P1,F,Adult,600,700,inhumation
KntESY-IC3,P5,F,36-42,600,700,inhumation
KntESY-IC3,P9,F,48-54,600,700,inhumation
KntESY-IC3,P12,F,20-30,600,700,inhumation
KntESY-IC3,P15,M,30-40,600,700,inhumation
KntESY-IC3,P16,M,20-27,600,700,inhumation
KntESY-IC3,P18,F,35-45,600,700,inhumation
KntESY-IC3,P19,U,Adult,600,700,inhumation
KntESY-IC3,P20,F,30-36,600,700,inhumation
KntESY-IC3,P21,U,7-9,600,700,inhumation
KntESY-IC3,P22,M,40-44,600,700,inhumation
KntESY-IC3,P23,F,5-6,600,700,inhumation
KntESY-IC3,P24,M,4-5,600,700,inhumation
KntESY-IC3,P25,M,Adult,600,700,inhumation
KntESY-IC3,P26,F,Adult,600,700,inhumation
KntESY-IC3,P27,M,24-30,600,700,inhumation
KntESY-IC3,P28,M,18-24,600,700,inhumation
KntESY-IC3,P29,F,20-25,600,700,inhumation
KntESY-IC3,P30,U,4-6,600,700,inhumation
KntESY-IC3,P31,U,Adult,600,700,inhumation
KntESY-IC3,P32,F,38-45,600,700,inhumation
KntESY-IC3,P33,U,Unknown,600,700,inhumation
KntESY-IC3,P34,F,40-50+,600,700,inhumation
KntESY-IC3,P35,U,Adult,600,700,inhumation
KntESY-IC3,P36,U,Infant,600,700,inhumation
KntESY-IC3,P37,M,25-35,600,700,inhumation
KntESY-IC3,P38,U,9-10,600,700,inhumation
KntESY-IC3,P39,U,Adult,600,700,inhumation
KntESY-IC3,P40,M,18-21,600,700,inhumation
KntESY-IC3,P41,M,Adult,600,700,inhumation
KntESY-IC3,P42,M,Adult,600,700,inhumation
KntESY-IC3,P43,U,Infant,600,700,inhumation
KntESY-IC3,P44,F,25-30,600,700,inhumation
KntESY-IC3,P45,F,16-24,600,700,inhumation
KntESY-IC3,P46,F,32-36,600,700,inhumation
KntESY-IC3,P47,F,11-12,600,700,inhumation
KntESY-IC3,P48,M,50+,600,700,inhumation
KntESY-IC3,P49,U,Infant,600,700,inhumation
KntESY-IC3,P50,M,22-28,600,700,inhumation
KntESY-IC3,P51,M,35-40,600,700,inhumation
KntESY-IC3,P52,M,30-34,600,700,inhumation
KntESY-IC3,1,U,Unknown,625,700,Inhumation
KntESY-IC3,10,U,Unknown,625,700,Inhumation
KntESY-IC3,11,U,Unknown,575,650,Inhumation
KntESY-IC3,12,U,Unknown,600,650,Inhumation
KntESY-IC3,13,U,Unknown,575,650,Inhumation
KntESY-IC3,14,U,Unknown,650,725,Inhumation
KntESY-IC3,15,U,Unknown,625,700,Inhumation
KntESY-IC3,16,U,Unknown,600,700,inhumation
KntESY-IC3,17,U,Unknown,625,700,Inhumation
KntESY-IC3,18,U,Unknown,600,700,Inhumation
KntESY-IC3,19,U,Unknown,625,700,inhumation
KntESY-IC3,2,U,Unknown,600,700,inhumation
KntESY-IC3,20,U,Unknown,625,700,inhumation
KntESY-IC3,21,U,Unknown,600,700,inhumation
KntESY-IC3,22,U,Unknown,600,700,inhumation
KntESY-IC3,23,U,Unknown,600,700,inhumation
KntESY-IC3,24,U,Unknown,600,700,inhumation
KntESY-IC3,25,U,Unknown,675,750,inhumation
KntESY-IC3,26,U,Unknown,625,700,inhumation
KntESY-IC3,27,U,Unknown,600,700,inhumation
KntESY-IC3,28,U,Unknown,575,650,inhumation
KntESY-IC3,29,U,Unknown,650,700,inhumation
KntESY-IC3,3,U,Unknown,600,700,inhumation
KntESY-IC3,30,U,Unknown,600,700,inhumation
KntESY-IC3,31,U,Unknown,575,650,inhumation
KntESY-IC3,32,U,Unknown,600,700,inhumation
KntESY-IC3,33,U,Unknown,625,700,inhumation
KntESY-IC3,34,U,Unknown,675,725,inhumation
KntESY-IC3,35,U,Unknown,625,700,inhumation
KntESY-IC3,36,U,Unknown,650,680,inhumation
KntESY-IC3,4,U,Unknown,600,700,inhumation
KntESY-IC3,5,U,Unknown,575,650,inhumation
KntESY-IC3,6,U,Unknown,600,625,inhumation
KntESY-IC3,7,U,Unknown,600,700,inhumation
KntESY-IC3,8,U,Unknown,600,700,inhumation
KntESY-IC3,9,U,Unknown,600,700,inhumation
KntESY-IC4,1,U,Unknown,600,700,inhumation
KntESY-IC4,2,U,Unknown,600,700,inhumation
KntESY-IC4,3,U,Unknown,600,700,inhumation
KntESY-IC4,4,U,Unknown,600,700,inhumation
KntEWL-IC1,1/,U,Unknown,600,700,inhumation
KntEWL-IC1,1/a,U,Unknown,600,700,inhumation
KntEWL-IC1,2,U,Unknown,600,700,inhumation
KntEWL-IC1,3,U,Unknown,575,700,inhumation
KntEWL-IC1,4,U,Unknown,600,700,inhumation
KntEWL-IC2,1,U,Unknown,500,700,inhumation
KntEWL-IC2,2,U,Unknown,500,700,inhumation
KntEWL-IC2,3,U,Unknown,500,700,inhumation
KntEWL-IC2,4,U,Unknown,500,700,inhumation
KntEWL-IC2,5,U,Unknown,500,700,inhumation
KntEWL-IC2,6,U,Unknown,500,700,inhumation
KntEWL-IC2,7,U,Unknown,500,700,inhumation
KntEWL-IC2,8,U,Unknown,500,700,inhumation
KntEWL-IC2,9,U,Unknown,500,700,inhumation
KntEWL-IC2,10,U,Unknown,500,700,inhumation
KntEWL-IC2,11,U,Unknown,500,700,inhumation
KntEWL-IC2,12,U,Unknown,500,700,inhumation
KntEWL-IC2,13,U,Unknown,500,700,inhumation
KntEWL-IC2,14,U,Unknown,500,700,inhumation
KntEWL-IC2,15,U,Unknown,500,700,inhumation
KntEWL-IC2,16,U,Unknown,500,700,inhumation
KntEWL-IC2,17,U,Unknown,500,700,inhumation
KntEWL-IC2,18,U,Unknown,500,700,inhumation
KntEWL-IC2,19,U,Unknown,500,700,inhumation
KntEWL-IC2,20,U,Unknown,500,700,inhumation
KntFAV-BI1,1,U,Unknown,500,700,inhumation
KntFAV-IC1,1,U,Unknown,550,600,inhumation
KntFAV-IC1,2,U,Unknown,550,600,inhumation
KntFAV-IC1,3,U,Unknown,550,600,inhumation
KntFHM-BI1,1,U,Unknown,400,900,inhumation
KntFHM-IC1,1,U,Unknown,575,650,inhumation
KntFHM-IC1,2,U,Unknown,575,650,inhumation
KntFHM-IC1,3,U,Unknown,575,650,inhumation
KntFHM-IC1,4,U,Unknown,575,650,inhumation
KntFHM-IC1,5,U,Unknown,575,650,inhumation
KntFLK-BI2,1,U,Unknown,625,700,inhumation
KntFLK-BI3,1,U,Unknown,500,575,inhumation
KntFLK-IC1,1,U,Adult,500,600,inhumation
KntFLK-IC1,10,U,Adult,550,650,inhumation
KntFLK-IC1,11,U,Adult,500,600,inhumation
KntFLK-IC1,12,U,Adult,600,650,inhumation
KntFLK-IC1,13,U,Adult,575,625,inhumation
KntFLK-IC1,14,U,Adult,600,650,inhumation
KntFLK-IC1,15,U,Adult,600,650,inhumation
KntFLK-IC1,16,U,Child,550,650,inhumation
KntFLK-IC1,17,U,Child,550,650,inhumation
KntFLK-IC1,18,U,Adult,550,600,inhumation
KntFLK-IC1,19,U,Child,550,650,inhumation
KntFLK-IC1,2,U,Adult,550,650,inhumation
KntFLK-IC1,20,U,Adult,550,650,inhumation
KntFLK-IC1,21,U,Adult,550,650,inhumation
KntFLK-IC1,22,U,Adult,550,650,inhumation
KntFLK-IC1,23,U,Adult,550,650,inhumation
KntFLK-IC1,24,U,Adult,600,650,inhumation
KntFLK-IC1,25,U,Adult,550,650,inhumation
KntFLK-IC1,26,U,Adult,550,650,inhumation
KntFLK-IC1,27,U,Adult,550,650,inhumation
KntFLK-IC1,28,U,Adult,550,650,inhumation
KntFLK-IC1,29,U,Adult,550,650,inhumation
KntFLK-IC1,3,U,Adult,550,650,inhumation
KntFLK-IC1,30,U,Adult,550,650,inhumation
KntFLK-IC1,31,U,Adult,550,650,inhumation
KntFLK-IC1,32,U,Adult,550,650,inhumation
KntFLK-IC1,33,U,Adult,550,650,inhumation
KntFLK-IC1,34,U,Adult,550,650,inhumation
KntFLK-IC1,35,U,Adult,550,650,inhumation
KntFLK-IC1,36,U,Adult,550,650,inhumation
KntFLK-IC1,37,U,Adult,575,625,inhumation
KntFLK-IC1,38,U,Adult,550,650,inhumation
KntFLK-IC1,39,U,Adult,550,650,inhumation
KntFLK-IC1,4,U,Adult,550,650,inhumation
KntFLK-IC1,40,U,Adult,550,650,inhumation
KntFLK-IC1,5,U,Adult,550,600,inhumation
KntFLK-IC1,6,U,Adult,550,650,inhumation
KntFLK-IC1,7,U,Adult,500,600,inhumation
KntFLK-IC1,8,U,Adult,550,650,inhumation
KntFLK-IC1,9,U,Adult,550,650,inhumation
KntFLK-IC2,1,U,Unknown,600,800,inhumation
KntFLK-IC2,2,U,Unknown,600,800,inhumation
KntFLK-IC2,3,U,Unknown,600,800,inhumation
KntFLK-IC2,4,U,Unknown,600,800,inhumation
KntFLK-IC2,5,U,Unknown,600,800,inhumation
KntFLK-MC1,1,U,Unknown,500,700,cremation
KntFLK-MC1,2,U,Unknown,500,700,inhumation
KntFLK-MC1,3,U,Unknown,500,700,inhumation
KntFLK-MC1,4,U,Unknown,500,700,inhumation
KntFLK-MC1,5,U,Unknown,500,700,inhumation
KntFLK-MC1,6,U,Unknown,500,700,inhumation
KntGGH-BI1,1,U,Unknown,500,700,inhumation
KntGGH-BI2,1,U,Unknown,500,700,inhumation
KntGGH-BI3,1,U,Unknown,450,650,inhumation
KntGMM-IC1,10,F,45-55,560,590,inhumation
KntGMM-IC1,100,F?,45-55,560,590,inhumation
KntGMM-IC1,101,M,Adult,560,590,inhumation
KntGMM-IC1,102,U,35-45,530,570,inhumation
KntGMM-IC1,103,U,2-4,500,570,inhumation
KntGMM-IC1,104,F,30-35,530,570,inhumation
KntGMM-IC1,105/a,U,12-14,530,570,Inhumation
KntGMM-IC1,105/b,M,35-45,530,570,Inhumation
KntGMM-IC1,105/c,F,30-40,530,570,Inhumation
KntGMM-IC1,106,F,16-19,530,590,Inhumation
KntGMM-IC1,12,U,1-6,530,590,Inhumation
KntGMM-IC1,13,U,Child,530,590,Inhumation
KntGMM-IC1,14,U,12-16,530,590,Inhumation
KntGMM-IC1,16,U,15-18,500,570,Inhumation
KntGMM-IC1,17,M,35-45,500,540,Inhumation
KntGMM-IC1,18,U,14-18,500,570,Inhumation
KntGMM-IC1,19,U,3-5,500,570,Inhumation
KntGMM-IC1,21,U,Adult,530,590,Inhumation
KntGMM-IC1,22,M,18-20,500,540,Inhumation
KntGMM-IC1,23,U,7-9,530,590,Inhumation
KntGMM-IC1,25/a,F,35-45,530,570,Inhumation
KntGMM-IC1,25/b,F?,20-25,530,570,Inhumation
KntGMM-IC1,27/a,U,7-9,500,570,Inhumation
KntGMM-IC1,27/b,U,18-20,500,570,Inhumation
KntGMM-IC1,29,U,15-20,500,540,Inhumation
KntGMM-IC1,32,U,2-3,500,570,Inhumation
KntGMM-IC1,33,F,17-19,500,540,Inhumation
KntGMM-IC1,34,M,18-20,530,570,Inhumation
KntGMM-IC1,35,M,50-60,500,540,Inhumation
KntGMM-IC1,36,M,40-50,500,540,Inhumation
KntGMM-IC1,37,U,10-12,530,570,Inhumation
KntGMM-IC1,38,F,22-29,500,540,Inhumation
KntGMM-IC1,39,U,15-20,500,540,Inhumation
KntGMM-IC1,40,M,30-40,560,590,Inhumation
KntGMM-IC1,45,M,40-50,560,590,Inhumation
KntGMM-IC1,57,M,20-25,500,540,Inhumation
KntGMM-IC1,58,U,Child,500,540,Inhumation
KntGMM-IC1,59,F,30-40,500,540,Inhumation
KntGMM-IC1,60,U,15-17,500,540,Inhumation
KntGMM-IC1,61,F,20-25,500,540,Inhumation
KntGMM-IC1,62,U,Child,500,540,Inhumation
KntGMM-IC1,63,U,Unknown,530,590,Inhumation
KntGMM-IC1,64,U,18-20,560,590,Inhumation
KntGMM-IC1,65,F,20-25,530,590,Inhumation
KntGMM-IC1,66,U,9-12,530,590,Inhumation
KntGMM-IC1,67,U,25-30,530,590,Inhumation
KntGMM-IC1,68,F,12-14,530,590,Inhumation
KntGMM-IC1,69,F?,40+,530,590,Inhumation
KntGMM-IC1,70,U,20-30,500,540,Inhumation
KntGMM-IC1,71,U,20-25,500,540,Inhumation
KntGMM-IC1,72,U,Unknown,500,540,Inhumation
KntGMM-IC1,73,F,18-21,500,540,Inhumation
KntGMM-IC1,74,U,Unknown,500,540,Inhumation
KntGMM-IC1,75,M,30-40,500,540,Inhumation
KntGMM-IC1,76,M?,c.30,530,590,Inhumation
KntGMM-IC1,77,U,7-9,560,590,Inhumation
KntGMM-IC1,78,U,1.5-2.5,530,570,Inhumation
KntGMM-IC1,79,U,25-35,560,590,Inhumation
KntGMM-IC1,8,U,Child,530,590,Inhumation
KntGMM-IC1,80,M?,22-27,530,590,Inhumation
KntGMM-IC1,81,M?,45-55,530,590,Inhumation
KntGMM-IC1,82,U,30-40,530,590,Inhumation
KntGMM-IC1,83,F,40-50,500,570,Inhumation
KntGMM-IC1,84,F,14-17,500,570,Inhumation
KntGMM-IC1,85/a,M,20-30,530,570,Inhumation
KntGMM-IC1,85/b,U,30-35,530,570,Inhumation
KntGMM-IC1,86,U,40-50,500,540,Inhumation
KntGMM-IC1,87,U,12-16,530,570,Inhumation
KntGMM-IC1,88,U,17-20,530,590,Inhumation
KntGMM-IC1,89,M?,20-25,530,590,Inhumation
KntGMM-IC1,9,F,Unknown,530,590,Inhumation
KntGMM-IC1,90,M,40-50,530,590,Inhumation
KntGMM-IC1,91,U,Unknown,530,590,Inhumation
KntGMM-IC1,92,F,40-50,530,570,Inhumation
KntGMM-IC1,93,M,40-50,560,590,Inhumation
KntGMM-IC1,94,F?,40-50,560,590,Inhumation
KntGMM-IC1,95,F,45-55,560,590,Inhumation
KntGMM-IC1,96,U,6-8,560,590,Inhumation
KntGMM-IC1,97,M,35-45,530,570,Inhumation
KntGMM-IC1,98,U,14-17,490,590,Inhumation
KntGMM-IC1,99,U,8-10,490,590,Inhumation
KntGMM-IC2,1,F,Adult,500,700,inhumation
KntGMM-IC2,2,M?,Adult,500,700,inhumation
KntGMM-IC2,3,U,Unknown,500,700,inhumation
KntGOD-BI1,1,U,Unknown,500,700,inhumation
KntGOD-BI2,1,U,Unknown,400,900,inhumation
KntGUS-BI1,1,U,Unknown,590,675,inhumation
KntGWH-IC1,9,U,Unknown,625,750,inhumation
KntGWH-IC1,10,U,Unknown,625,750,inhumation
KntGWH-IC1,11,U,Unknown,625,750,inhumation
KntGWH-IC1,12,U,Unknown,625,750,inhumation
KntGWH-IC1,13,U,Unknown,625,750,inhumation
KntGWH-IC1,14,U,Unknown,625,750,inhumation
KntGWH-IC1,15,U,Unknown,625,750,inhumation
KntGWH-IC1,16,U,Unknown,625,750,inhumation
KntGWH-IC1,17,U,Unknown,625,750,inhumation
KntGWH-IC1,18,U,Unknown,625,750,inhumation
KntGWH-IC1,19,U,Unknown,625,750,inhumation
KntGWH-IC1,20,U,Unknown,625,750,inhumation
KntGWH-IC1,21,U,Unknown,625,750,inhumation
KntGWH-IC1,22,U,Unknown,625,750,inhumation
KntGWH-IC1,23,U,Unknown,625,750,inhumation
KntGWH-IC1,24,U,Unknown,625,750,inhumation
KntGWH-IC1,25,U,Unknown,625,750,inhumation
KntGWH-IC1,26,U,Unknown,625,750,inhumation
KntGWH-IC1,27,U,Unknown,625,750,inhumation
KntGWH-IC1,28,U,Unknown,625,750,inhumation
KntGWH-IC1,29,U,Unknown,625,750,inhumation
KntGWH-IC1,30,U,Unknown,625,750,inhumation
KntGWH-IC1,31,U,Unknown,625,750,inhumation
KntGWH-IC1,32,U,Unknown,625,750,inhumation
KntGWH-IC1,33,U,Unknown,625,750,inhumation
KntGWH-IC1,34,U,Unknown,625,750,inhumation
KntGWH-IC1,35,U,Unknown,625,750,inhumation
KntGWH-IC1,36,U,Unknown,625,750,inhumation
KntGWH-IC1,37,U,Unknown,625,750,inhumation
KntGWH-IC1,38,U,Unknown,625,750,inhumation
KntGWH-IC1,39,U,Unknown,625,750,inhumation
KntGWH-IC1,40,U,Unknown,625,750,inhumation
KntGWH-IC1,41,U,Unknown,625,750,inhumation
KntGWH-IC1,42,U,Unknown,625,750,inhumation
KntGWH-IC1,43,U,Unknown,625,750,inhumation
KntGWH-IC1,44,U,Unknown,625,750,inhumation
KntGWH-IC1,45,U,Unknown,625,750,inhumation
KntGWH-IC1,46,U,Unknown,625,750,inhumation
KntGWH-IC1,47,U,Unknown,625,750,inhumation
KntGWH-IC1,48,U,Unknown,625,750,inhumation
KntGWH-IC1,49,U,Unknown,625,750,inhumation
KntGWH-IC1,50,U,Unknown,625,750,inhumation
KntGWH-IC1,1,U,Unknown,575,700,Inhumation
KntGWH-IC1,2,U,Unknown,575,700,Inhumation
KntGWH-IC1,3,U,Unknown,575,700,Inhumation
KntGWH-IC1,4,U,Unknown,575,700,Inhumation
KntGWH-IC1,5,U,Unknown,575,700,Inhumation
KntGWH-IC1,6,U,Unknown,575,700,Inhumation
KntGWH-IC1,7,U,Unknown,575,700,Inhumation
KntGWH-IC1,8,U,Unknown,575,700,Inhumation
KntGWH-IC2,1,U,Unknown,590,700,inhumation
KntGWH-IC2,2,U,Unknown,590,700,inhumation
KntGWH-IC2,3,U,Unknown,590,700,inhumation
KntHAR-BI2,1,U,Unknown,675,750,inhumation
KntHBN-MC1,1,U,Unknown,450,650,cremation
KntHKN-BI1,1,U,Unknown,570,625,inhumation
KntHKY-BI1,1,U,Unknown,450,620,inhumation
KntHKY-IC1,1,U,Unknown,450,540,inhumation
KntHKY-IC1,2,U,Unknown,450,540,inhumation
KntHKY-IC1,3,U,Juvenile,450,540,inhumation
KntHKY-IC1,4,U,Unknown,450,540,inhumation
KntHKY-IC1,5,U,Child,450,540,inhumation
KntHKY-IC1,6,U,Child,450,540,inhumation
KntHKY-IC1,7,U,Unknown,450,540,inhumation
KntHKY-IC1,8,M,Adult,450,540,inhumation
KntHKY-IC1,9,U,Unknown,450,540,inhumation
KntHKY-IC1,10,U,Adult,450,540,inhumation
KntHKY-IC1,11,U,Unknown,450,540,inhumation
KntHKY-IC1,12,U,Unknown,450,540,inhumation
KntHKY-IC1,13,U,Unknown,450,540,inhumation
KntHKY-IC1,14,U,Unknown,450,540,inhumation
KntHKY-IC1,15,U,Unknown,450,540,inhumation
KntHKY-IC1,16,U,Unknown,450,540,inhumation
KntHKY-IC1,17,U,Unknown,450,540,inhumation
KntHKY-IC1,18,U,Unknown,450,540,inhumation
KntHKY-IC1,19,U,Unknown,450,540,inhumation
KntHKY-IC1,20,U,Unknown,450,540,inhumation
KntHKY-IC1,21,U,Unknown,450,540,inhumation
KntHKY-IC1,22,U,Unknown,450,540,inhumation
KntHKY-IC1,23,U,Unknown,450,540,inhumation
KntHKY-IC1,24,U,Unknown,450,540,inhumation
KntHKY-IC1,25,U,Unknown,450,540,inhumation
KntHKY-IC1,26,U,Unknown,450,540,inhumation
KntHKY-IC1,27,U,Unknown,450,540,inhumation
KntHKY-IC1,28,U,Unknown,450,540,inhumation
KntHKY-IC1,29,U,Unknown,450,540,inhumation
KntHKY-IC1,30,U,Unknown,450,540,inhumation
KntHKY-IC1,31,U,Unknown,450,540,inhumation
KntHKY-IC1,32,U,Unknown,450,540,inhumation
KntHKY-IC1,33,U,Unknown,450,540,inhumation
KntHKY-IC1,34,U,Unknown,450,540,inhumation
KntHKY-IC1,35,U,Unknown,450,540,inhumation
KntHKY-IC1,36,U,Unknown,450,540,inhumation
KntHKY-IC1,37,U,Unknown,450,540,inhumation
KntHKY-IC1,38,U,Unknown,450,540,inhumation
KntHKY-IC1,39,U,Unknown,450,540,inhumation
KntHKY-IC1,40,U,Unknown,450,540,inhumation
KntHKY-IC1,41,U,Unknown,450,540,inhumation
KntHKY-IC1,42,U,Unknown,450,540,inhumation
KntHKY-IC1,43,U,Unknown,450,540,inhumation
KntHKY-IC1,44,U,Unknown,450,540,inhumation
KntHKY-IC1,45,U,Unknown,450,540,inhumation
KntHKY-IC1,46,U,Unknown,450,540,inhumation
KntHKY-IC1,47,U,Unknown,450,540,inhumation
KntHKY-IC1,48,U,Unknown,450,540,inhumation
KntHKY-IC1,49,U,Unknown,450,540,inhumation
KntHKY-IC1,50,U,Unknown,450,540,inhumation
KntHKY-IC1,51,U,Unknown,450,540,inhumation
KntHKY-IC1,52,U,Unknown,450,540,inhumation
KntHKY-IC1,53,U,Unknown,450,540,inhumation
KntHKY-IC1,54,U,Unknown,450,540,inhumation
KntHKY-IC1,55,U,Unknown,450,540,inhumation
KntHKY-IC1,56,U,Unknown,450,540,inhumation
KntHKY-IC1,57,U,Unknown,450,540,inhumation
KntHKY-IC1,58,U,Unknown,450,540,inhumation
KntHKY-IC1,59,U,Unknown,450,540,inhumation
KntHKY-IC1,60,U,Unknown,450,540,inhumation
KntHKY-IC1,61,U,Unknown,450,540,inhumation
KntHKY-IC1,62,U,Unknown,450,540,inhumation
KntHKY-IC1,63,U,Unknown,450,540,inhumation
KntHKY-IC1,64,U,Unknown,450,540,inhumation
KntHKY-IC1,65,U,Unknown,450,540,inhumation
KntHKY-IC1,66,U,Unknown,450,540,inhumation
KntHKY-IC1,67,U,Unknown,450,540,inhumation
KntHKY-IC1,68,U,Unknown,450,540,inhumation
KntHKY-IC1,69,U,Unknown,450,540,inhumation
KntHKY-IC1,70,U,Unknown,450,540,inhumation
KntHKY-IC1,71,U,Unknown,450,540,inhumation
KntHKY-IC1,72,U,Unknown,450,540,inhumation
KntHKY-IC1,73,U,Unknown,450,540,inhumation
KntHKY-IC1,74,U,Unknown,450,540,inhumation
KntHKY-IC1,75,U,Unknown,450,540,inhumation
KntHKY-IC1,76,U,Unknown,450,540,inhumation
KntHKY-IC1,77,U,Unknown,450,540,inhumation
KntHKY-IC1,78,U,Unknown,450,540,inhumation
KntHKY-IC1,79,U,Unknown,450,540,inhumation
KntHKY-IC1,80,U,Unknown,450,540,inhumation
KntHKY-IC1,81,U,Unknown,450,540,inhumation
KntHKY-IC1,82,U,Unknown,450,540,inhumation
KntHKY-IC1,83,U,Unknown,450,540,inhumation
KntHKY-IC1,84,U,Unknown,450,540,inhumation
KntHKY-IC1,85,U,Unknown,450,540,inhumation
KntHKY-MC2,1,U,Child?,475,650,inhumation
KntHKY-MC2,10,U,Adult,475,600,cremation
KntHKY-MC2,100,U,Adult,475,650,inhumation
KntHKY-MC2,101,U,Adult,475,600,inhumation
KntHKY-MC2,102,U,Adult,475,650,inhumation
KntHKY-MC2,103,U,Adult,575,650,inhumation
KntHKY-MC2,104,U,Adult,475,650,inhumation
KntHKY-MC2,105,U,Adult,475,650,inhumation
KntHKY-MC2,106,U,Adult,475,650,inhumation
KntHKY-MC2,107,U,Adult,475,650,inhumation
KntHKY-MC2,108,U,Adult,475,650,inhumation
KntHKY-MC2,109,U,Adult,475,650,inhumation
KntHKY-MC2,11,U,Adult,475,600,cremation
KntHKY-MC2,110,U,Adult,475,650,inhumation
KntHKY-MC2,111,U,Adult,475,525,inhumation
KntHKY-MC2,112,U,Adult,475,600,cremation
KntHKY-MC2,113,U,Adult,475,600,cremation
KntHKY-MC2,114,U,Adult,475,650,inhumation
KntHKY-MC2,115,U,Adult,475,650,inhumation
KntHKY-MC2,116,U,Adult,500,600,inhumation
KntHKY-MC2,12,U,Adult,475,600,cremation
KntHKY-MC2,13,U,Adult,475,550,inhumation
KntHKY-MC2,14,U,Adult,475,600,inhumation
KntHKY-MC2,15,U,Adult,475,650,inhumation
KntHKY-MC2,16,U,Adult,475,650,inhumation
KntHKY-MC2,17,U,Adult,475,650,inhumation
KntHKY-MC2,18,U,Adult,475,650,inhumation
KntHKY-MC2,19,U,Adult,500,650,inhumation
KntHKY-MC2,2,U,Adult,475,650,inhumation
KntHKY-MC2,20,U,Adult,500,650,inhumation
KntHKY-MC2,21,U,Adult,475,600,inhumation
KntHKY-MC2,22,U,Adult,475,525,inhumation
KntHKY-MC2,23,U,Adult,475,600,inhumation
KntHKY-MC2,24,U,Adult,475,650,inhumation
KntHKY-MC2,25,U,Adult,475,650,inhumation
KntHKY-MC2,26,U,Child,475,650,inhumation
KntHKY-MC2,27,U,Adult,475,650,inhumation
KntHKY-MC2,28,U,Adult,475,650,inhumation
KntHKY-MC2,29,U,Adult,500,575,inhumation
KntHKY-MC2,3,U,Adult,475,650,inhumation
KntHKY-MC2,30,U,Adult,475,600,inhumation
KntHKY-MC2,31,U,Adult,475,650,inhumation
KntHKY-MC2,32/3,U,Adult,475,650,inhumation
KntHKY-MC2,33/2,U,Child,475,650,inhumation
KntHKY-MC2,34,U,Adult,475,650,inhumation
KntHKY-MC2,35,U,Adult,475,650,inhumation
KntHKY-MC2,36,U,Adult,475,650,inhumation
KntHKY-MC2,37/a,U,Adult,475,550,inhumation
KntHKY-MC2,37/b,U,Child,475,550,inhumation
KntHKY-MC2,38,U,Adult,475,650,inhumation
KntHKY-MC2,39,U,Adult,475,650,inhumation
KntHKY-MC2,4,U,Adult,475,650,inhumation
KntHKY-MC2,40,U,Adult,475,650,inhumation
KntHKY-MC2,41,U,Adult,475,550,cremation
KntHKY-MC2,42/a,U,Adult,475,600,inhumation
KntHKY-MC2,42/b,U,Adult,475,600,inhumation
KntHKY-MC2,43,U,Child,475,650,inhumation
KntHKY-MC2,44,U,Adult,475,650,inhumation
KntHKY-MC2,45,U,Adult,475,650,inhumation
KntHKY-MC2,46,U,Adult,475,650,inhumation
KntHKY-MC2,47,U,Adult,475,650,inhumation
KntHKY-MC2,48,U,Child,475,600,inhumation
KntHKY-MC2,49,U,Child,475,600,inhumation
KntHKY-MC2,5,U,Adult,500,650,inhumation
KntHKY-MC2,50,U,Adult,475,650,inhumation
KntHKY-MC2,51,U,Adult,475,650,inhumation
KntHKY-MC2,52,U,Adult,475,650,inhumation
KntHKY-MC2,53,U,Adult,475,650,inhumation
KntHKY-MC2,54,U,Adult,475,650,inhumation
KntHKY-MC2,55,U,Adult,475,650,inhumation
KntHKY-MC2,56,U,Adult,575,650,inhumation
KntHKY-MC2,57,U,Adult,475,650,inhumation
KntHKY-MC2,58,U,Adult,475,650,inhumation
KntHKY-MC2,59,U,Adult,475,650,inhumation
KntHKY-MC2,6,U,Adult,475,650,inhumation
KntHKY-MC2,60,U,Adult,475,650,cremation
KntHKY-MC2,61,U,Adult,475,650,inhumation
KntHKY-MC2,62,U,Adult,475,650,inhumation
KntHKY-MC2,63,U,Adult,475,650,inhumation
KntHKY-MC2,64,U,Adult,500,575,inhumation
KntHKY-MC2,65,U,Adult,475,650,inhumation
KntHKY-MC2,66/a,U,Adult,575,650,inhumation
KntHKY-MC2,66/b,U,Adult,575,650,inhumation
KntHKY-MC2,67,U,Adult,475,650,inhumation
KntHKY-MC2,68,U,Old adult,475,650,inhumation
KntHKY-MC2,69,U,Child?,475,550,inhumation
KntHKY-MC2,7,U,Adult,475,650,inhumation
KntHKY-MC2,70,U,Adult,475,600,inhumation
KntHKY-MC2,71,U,Child,475,650,inhumation
KntHKY-MC2,72,U,Adult,475,650,inhumation
KntHKY-MC2,73,U,Adult,475,650,inhumation
KntHKY-MC2,74,U,Child,475,650,inhumation
KntHKY-MC2,75,U,Adult,500,650,inhumation
KntHKY-MC2,76,U,Adult,475,650,inhumation
KntHKY-MC2,77,U,Adult,475,650,inhumation
KntHKY-MC2,78,U,Adult,475,650,inhumation
KntHKY-MC2,79,U,Adult,475,650,inhumation
KntHKY-MC2,8,U,Adult,475,650,inhumation
KntHKY-MC2,80,U,Adult,475,650,inhumation
KntHKY-MC2,81,U,Old adult,475,650,inhumation
KntHKY-MC2,82,U,Adult,475,650,inhumation
KntHKY-MC2,83,U,Adult,475,550,inhumation
KntHKY-MC2,84,U,Child,475,600,inhumation
KntHKY-MC2,85,U,Adult,475,650,inhumation
KntHKY-MC2,86,U,Adult,475,550,inhumation
KntHKY-MC2,87,U,Adult,475,600,inhumation
KntHKY-MC2,88,U,Old adult,475,650,inhumation
KntHKY-MC2,89,U,Child,475,650,inhumation
KntHKY-MC2,9,U,Adult,475,650,inhumation
KntHKY-MC2,90,U,Adult,475,650,inhumation
KntHKY-MC2,91,U,Adult,475,650,inhumation
KntHKY-MC2,92,U,Old adult,475,650,inhumation
KntHKY-MC2,93,U,Adult,475,550,inhumation
KntHKY-MC2,94,U,Adult,475,550,inhumation
KntHKY-MC2,95,U,Adult,475,550,inhumation
KntHKY-MC2,96,U,Adult,475,550,inhumation
KntHKY-MC2,97,U,Adult,475,550,inhumation
KntHKY-MC2,98,U,Adult,475,650,inhumation
KntHKY-MC2,99,U,Adult,475,650,inhumation
KntHTH-BI1,1,U,Unknown,500,650,inhumation
KntHYT-IC1,1,U,Adult,650,750,inhumation
KntHYT-IC1,2,U,Child,650,750,inhumation
KntHYT-IC1,3,U,Infant,650,750,inhumation
KntKSG-IC1,1,U,Unknown,450,700,inhumation
KntKSG-IC1,2,U,Unknown,450,700,inhumation
KntKSN-BI1,1,U,Unknown,500,700,inhumation
KntKSN-IC1,1,U,Unknown,600,725,Inhumation
KntKSN-IC1,10,U,Unknown,600,725,Inhumation
KntKSN-IC1,100,U,Adult,600,725,Inhumation
KntKSN-IC1,101,U,Adult,600,725,Inhumation
KntKSN-IC1,102,U,Adult,600,725,Inhumation
KntKSN-IC1,103,U,Adult,600,725,Inhumation
KntKSN-IC1,104,U,Adult,600,725,Inhumation
KntKSN-IC1,105/6,U,Child,600,625,Inhumation
KntKSN-IC1,106/5,U,Adult,600,625,Inhumation
KntKSN-IC1,107,U,Adult,600,725,Inhumation
KntKSN-IC1,108,U,Adult,600,725,Inhumation
KntKSN-IC1,109,U,Old,600,725,Inhumation
KntKSN-IC1,11,U,Old adult,600,725,Inhumation
KntKSN-IC1,110,U,Adult,600,725,Inhumation
KntKSN-IC1,111,U,Adult,600,725,Inhumation
KntKSN-IC1,112,U,Adult,600,725,Inhumation
KntKSN-IC1,113,U,Young,600,725,Inhumation
KntKSN-IC1,114,U,Child,600,725,Inhumation
KntKSN-IC1,115,U,Old,600,725,Inhumation
KntKSN-IC1,116,U,Young,600,725,Inhumation
KntKSN-IC1,117,U,Young,600,725,Inhumation
KntKSN-IC1,118,U,Old,600,725,Inhumation
KntKSN-IC1,119,U,Adult,600,725,Inhumation
KntKSN-IC1,12,U,Adult,600,725,Inhumation
KntKSN-IC1,120,U,Adult,600,725,Inhumation
KntKSN-IC1,121,U,Adult,600,725,Inhumation
KntKSN-IC1,122,U,Adult,600,725,Inhumation
KntKSN-IC1,123,U,Adult,600,725,Inhumation
KntKSN-IC1,124,U,Adult,650,700,Inhumation
KntKSN-IC1,125,U,Adult,600,725,Inhumation
KntKSN-IC1,126,U,Adult,600,725,Inhumation
KntKSN-IC1,127,U,Old,575,650,Inhumation
KntKSN-IC1,128,U,Young,600,725,Inhumation
KntKSN-IC1,129/30,U,Adult,575,650,Inhumation
KntKSN-IC1,13,U,Adult,600,725,Inhumation
KntKSN-IC1,130/29,U,Adult,650,700,Inhumation
KntKSN-IC1,131,U,Old,600,725,Inhumation
KntKSN-IC1,132,U,Adult,600,725,Inhumation
KntKSN-IC1,133/a,U,Adult,600,725,Inhumation
KntKSN-IC1,133/b,U,Young,600,725,Inhumation
KntKSN-IC1,134,U,Adult,600,725,Inhumation
KntKSN-IC1,135,U,Adult,600,725,Inhumation
KntKSN-IC1,136,U,Old,575,650,Inhumation
KntKSN-IC1,137,U,Adult,625,725,Inhumation
KntKSN-IC1,138,U,Adult,600,725,Inhumation
KntKSN-IC1,139,U,Old,600,725,Inhumation
KntKSN-IC1,14,U,Adult,600,725,Inhumation
KntKSN-IC1,140,U,Old,575,650,Inhumation
KntKSN-IC1,141,U,Young,600,725,Inhumation
KntKSN-IC1,142,U,Adult,650,680,Inhumation
KntKSN-IC1,143,U,Old,600,725,Inhumation
KntKSN-IC1,144,U,Adult,600,725,Inhumation
KntKSN-IC1,145,U,Adult,600,725,Inhumation
KntKSN-IC1,146,U,Adult,600,725,Inhumation
KntKSN-IC1,147,U,Child,600,725,Inhumation
KntKSN-IC1,148,U,Adult,600,725,Inhumation
KntKSN-IC1,149,U,Young,600,725,Inhumation
KntKSN-IC1,15/a,U,Young pers,600,625,Inhumation
KntKSN-IC1,15/b,U,Unknown,600,625,Inhumation
KntKSN-IC1,150,U,Old,600,725,Inhumation
KntKSN-IC1,151,U,Old,600,725,Inhumation
KntKSN-IC1,152/a,U,Old,600,725,Inhumation
KntKSN-IC1,152/b,U,Young,600,725,Inhumation
KntKSN-IC1,153,U,Adult,600,725,Inhumation
KntKSN-IC1,154,U,Adult,600,725,Inhumation
KntKSN-IC1,155,U,Adult,600,725,Inhumation
KntKSN-IC1,156,U,Adult,600,725,Inhumation
KntKSN-IC1,157,U,Old,600,725,Inhumation
KntKSN-IC1,158,U,Child,600,725,Inhumation
KntKSN-IC1,159/60,U,Old,600,725,Inhumation
KntKSN-IC1,16/a,U,Adult,600,725,Inhumation
KntKSN-IC1,16/b,U,Unknown,600,725,Inhumation
KntKSN-IC1,160/59,U,Old,600,725,Inhumation
KntKSN-IC1,161,U,Adult,620,630,Inhumation
KntKSN-IC1,162,U,Old,600,725,Inhumation
KntKSN-IC1,163,U,Adult,575,650,Inhumation
KntKSN-IC1,164,U,Adult,600,725,Inhumation
KntKSN-IC1,165,U,Adult,600,725,Inhumation
KntKSN-IC1,166,U,Adult,600,725,Inhumation
KntKSN-IC1,167,U,Adult,600,725,Inhumation
KntKSN-IC1,168,U,Young,600,725,Inhumation
KntKSN-IC1,169,U,Adult,600,725,Inhumation
KntKSN-IC1,17,U,Adult,600,725,Inhumation
KntKSN-IC1,170,U,Child,600,725,Inhumation
KntKSN-IC1,171,U,Adult,600,725,Inhumation
KntKSN-IC1,172,U,Adult,600,725,Inhumation
KntKSN-IC1,173,U,Old,675,725,Inhumation
KntKSN-IC1,174,U,Child,600,725,Inhumation
KntKSN-IC1,175,U,Adult,600,725,Inhumation
KntKSN-IC1,176,U,Adult,600,725,Inhumation
KntKSN-IC1,177,U,Young,600,725,Inhumation
KntKSN-IC1,178,U,Adult,600,725,Inhumation
KntKSN-IC1,179,U,Young,600,725,Inhumation
KntKSN-IC1,18,U,Adult,600,725,Inhumation
KntKSN-IC1,180,U,Young,600,725,Inhumation
KntKSN-IC1,181,U,Adult,600,725,Inhumation
KntKSN-IC1,182,U,Adult,600,725,Inhumation
KntKSN-IC1,183,U,Adult,625,725,Inhumation
KntKSN-IC1,184,U,Adult,600,725,Inhumation
KntKSN-IC1,185,U,Adult,600,725,Inhumation
KntKSN-IC1,186,U,Adult,600,725,Inhumation
KntKSN-IC1,187,U,Adult,600,725,Inhumation
KntKSN-IC1,188,U,Adult,600,725,Inhumation
KntKSN-IC1,189,U,Child,600,725,Inhumation
KntKSN-IC1,19,U,Adult,600,725,Inhumation
KntKSN-IC1,190,U,Adult,600,725,Inhumation
KntKSN-IC1,191,U,Adult,600,725,Inhumation
KntKSN-IC1,192/3,U,Adult,600,725,Inhumation
KntKSN-IC1,193/a,U,Adult,600,725,Inhumation
KntKSN-IC1,193/b,U,Adult,600,725,Inhumation
KntKSN-IC1,193/c,U,Adult,600,725,Inhumation
KntKSN-IC1,194,U,Child,600,725,Inhumation
KntKSN-IC1,195,U,Adult,600,725,Inhumation
KntKSN-IC1,196,U,Child,600,725,Inhumation
KntKSN-IC1,197,U,Old,600,725,Inhumation
KntKSN-IC1,198,U,Adult,600,725,Inhumation
KntKSN-IC1,199,U,Child,600,725,Inhumation
KntKSN-IC1,2,U,Adult,600,725,Inhumation
KntKSN-IC1,20,U,Older,600,725,Inhumation
KntKSN-IC1,200,U,Adult,600,725,Inhumation
KntKSN-IC1,201,U,Young,600,725,Inhumation
KntKSN-IC1,202,U,Adult,600,725,Inhumation
KntKSN-IC1,203,U,Adult,600,725,Inhumation
KntKSN-IC1,204,U,Adult,600,725,Inhumation
KntKSN-IC1,205/a,U,Adult,620,630,Inhumation
KntKSN-IC1,205/b,U,Child,620,630,Inhumation
KntKSN-IC1,206,U,Adult,600,725,Inhumation
KntKSN-IC1,207,U,Adult,600,725,Inhumation
KntKSN-IC1,208,U,Adult,600,725,Inhumation
KntKSN-IC1,209,U,Adult,600,725,Inhumation
KntKSN-IC1,21,U,Adult,600,725,Inhumation
KntKSN-IC1,210,U,Child,600,725,Inhumation
KntKSN-IC1,211,U,Adult,600,725,Inhumation
KntKSN-IC1,212,U,Adult,600,725,Inhumation
KntKSN-IC1,213,U,Adult,600,725,Inhumation
KntKSN-IC1,214,U,Adult,600,725,Inhumation
KntKSN-IC1,215,U,Adult,600,725,Inhumation
KntKSN-IC1,216,U,Adult,600,725,Inhumation
KntKSN-IC1,217,U,Adult,600,725,Inhumation
KntKSN-IC1,218,U,Elderly,600,725,Inhumation
KntKSN-IC1,219,U,Young,600,725,Inhumation
KntKSN-IC1,22,U,Adult,600,725,Inhumation
KntKSN-IC1,220,U,Old,600,725,Inhumation
KntKSN-IC1,221,U,Old,600,725,Inhumation
KntKSN-IC1,222,U,Adult,675,725,Inhumation
KntKSN-IC1,223,U,Adult,600,725,Inhumation
KntKSN-IC1,224,U,Adult,600,725,Inhumation
KntKSN-IC1,225,U,Adult,600,725,Inhumation
KntKSN-IC1,226,U,Adult,600,725,Inhumation
KntKSN-IC1,227,U,Adult,600,725,Inhumation
KntKSN-IC1,228,U,Adult,600,725,Inhumation
KntKSN-IC1,229,U,Adult,600,725,Inhumation
KntKSN-IC1,23,U,Adult,600,725,Inhumation
KntKSN-IC1,230,U,Adult,600,725,Inhumation
KntKSN-IC1,231,U,Adult,600,725,Inhumation
KntKSN-IC1,232,U,Adult,600,725,Inhumation
KntKSN-IC1,233,U,Adult,600,725,Inhumation
KntKSN-IC1,234,U,Child,600,725,Inhumation
KntKSN-IC1,235,U,Adult,650,675,Inhumation
KntKSN-IC1,236,U,Adult,600,725,Inhumation
KntKSN-IC1,237,U,Adult,600,725,Inhumation
KntKSN-IC1,238,U,Adult,600,725,Inhumation
KntKSN-IC1,239,U,Adult,600,725,Inhumation
KntKSN-IC1,24,U,Adult,600,725,Inhumation
KntKSN-IC1,240,U,Young,600,725,Inhumation
KntKSN-IC1,241,U,Adult,630,660,Inhumation
KntKSN-IC1,242,U,Unknown,600,725,Inhumation
KntKSN-IC1,243,U,Adult,600,725,Inhumation
KntKSN-IC1,244,U,Adult,600,725,Inhumation
KntKSN-IC1,245,U,Adult,600,725,Inhumation
KntKSN-IC1,246,U,Adult,600,725,Inhumation
KntKSN-IC1,247/a,U,Adult,600,725,Inhumation
KntKSN-IC1,247/b,U,Adult,600,725,Inhumation
KntKSN-IC1,248,U,Child?,600,725,Inhumation
KntKSN-IC1,249,U,Adult,600,725,Inhumation
KntKSN-IC1,25,U,Adult,600,725,Inhumation
KntKSN-IC1,250,U,Adult,600,725,Inhumation
KntKSN-IC1,251,U,Adult,600,725,Inhumation
KntKSN-IC1,252,U,Adult,600,725,Inhumation
KntKSN-IC1,253,U,Adult,600,620,Inhumation
KntKSN-IC1,254,U,Child,600,725,Inhumation
KntKSN-IC1,255,U,Child,600,725,Inhumation
KntKSN-IC1,256,U,Adult,600,725,Inhumation
KntKSN-IC1,257,U,Adult,600,725,Inhumation
KntKSN-IC1,258,U,Adult,600,725,Inhumation
KntKSN-IC1,259,U,Adult,600,725,Inhumation
KntKSN-IC1,26,U,Adult,600,725,Inhumation
KntKSN-IC1,260,U,Old,600,725,Inhumation
KntKSN-IC1,261,U,Adult,600,725,Inhumation
KntKSN-IC1,262,U,Child,600,725,Inhumation
KntKSN-IC1,263,U,Old,600,725,Inhumation
KntKSN-IC1,264,U,Adult,600,725,Inhumation
KntKSN-IC1,265,U,Adult,600,725,Inhumation
KntKSN-IC1,266,U,Adult,600,725,Inhumation
KntKSN-IC1,267,U,Adult,600,725,Inhumation
KntKSN-IC1,268,U,Child,600,725,Inhumation
KntKSN-IC1,269,U,Child,600,725,Inhumation
KntKSN-IC1,27,U,Adult,600,725,Inhumation
KntKSN-IC1,270,U,Adult,600,725,Inhumation
KntKSN-IC1,271,U,Adult,600,725,Inhumation
KntKSN-IC1,272,U,Adult,600,725,Inhumation
KntKSN-IC1,273/a,U,Adult,600,725,Inhumation
KntKSN-IC1,273/b,U,Adult,600,725,Inhumation
KntKSN-IC1,274,U,Adult,600,725,Inhumation
KntKSN-IC1,275,U,Adult,600,725,Inhumation
KntKSN-IC1,276,U,Adult,600,725,Inhumation
KntKSN-IC1,277,U,Adult,600,725,Inhumation
KntKSN-IC1,278,U,Adult,600,725,Inhumation
KntKSN-IC1,279,U,Child,600,725,Inhumation
KntKSN-IC1,28,U,Adult,600,725,Inhumation
KntKSN-IC1,280/a,U,Adult,600,725,Inhumation
KntKSN-IC1,280/b,U,Child,600,725,Inhumation
KntKSN-IC1,281,U,Adult,600,725,Inhumation
KntKSN-IC1,282,U,Adult,600,725,Inhumation
KntKSN-IC1,283,U,Adult,600,725,Inhumation
KntKSN-IC1,284,U,Adult,600,725,Inhumation
KntKSN-IC1,285,U,Adult,600,725,Inhumation
KntKSN-IC1,286,U,Adult,600,725,Inhumation
KntKSN-IC1,287,U,Adult,600,725,Inhumation
KntKSN-IC1,288,U,Adult,600,725,Inhumation
KntKSN-IC1,289,U,Adult,600,725,Inhumation
KntKSN-IC1,29,U,Adult,600,725,Inhumation
KntKSN-IC1,290,U,Adult,600,725,Inhumation
KntKSN-IC1,291,U,Child,600,725,Inhumation
KntKSN-IC1,292,U,Child,600,725,Inhumation
KntKSN-IC1,293,U,Adult,600,725,Inhumation
KntKSN-IC1,294,U,Adult,600,725,Inhumation
KntKSN-IC1,295,U,Child,600,725,Inhumation
KntKSN-IC1,296,U,Adult,600,725,Inhumation
KntKSN-IC1,297,U,Child,600,725,Inhumation
KntKSN-IC1,298/9,U,Adult,630,660,Inhumation
KntKSN-IC1,299/8,U,Adult,630,660,Inhumation
KntKSN-IC1,3,U,Adult,600,725,Inhumation
KntKSN-IC1,30,U,Adult,600,725,Inhumation
KntKSN-IC1,300,U,Adult,675,725,Inhumation
KntKSN-IC1,301,U,Adult,600,725,Inhumation
KntKSN-IC1,302,U,Child,600,725,Inhumation
KntKSN-IC1,303,U,Adult,600,725,Inhumation
KntKSN-IC1,304,U,Child,600,725,Inhumation
KntKSN-IC1,305,U,Adult,600,725,Inhumation
KntKSN-IC1,306,U,Adult,600,725,Inhumation
KntKSN-IC1,307,U,Adult,600,725,Inhumation
KntKSN-IC1,308,U,Adult,600,725,Inhumation
KntKSN-IC1,309,U,Adult,575,700,Inhumation
KntKSN-IC1,31,U,Adult,600,725,Inhumation
KntKSN-IC1,32,U,Adult,600,725,Inhumation
KntKSN-IC1,33,U,Adult,600,725,Inhumation
KntKSN-IC1,34,U,Adult,600,725,Inhumation
KntKSN-IC1,35/a,U,Adult,600,725,Inhumation
KntKSN-IC1,35/b,U,Adult,600,725,Inhumation
KntKSN-IC1,36/7,U,Adult,600,725,Inhumation
KntKSN-IC1,37/6,U,Adult,600,725,Inhumation
KntKSN-IC1,38,U,Adult,600,725,Inhumation
KntKSN-IC1,39,U,Adult,600,725,Inhumation
KntKSN-IC1,4,U,Adult,600,725,Inhumation
KntKSN-IC1,40,U,Adult,600,725,Inhumation
KntKSN-IC1,41/a,U,Adult,600,725,Inhumation
KntKSN-IC1,41/b,U,Adult,600,725,Inhumation
KntKSN-IC1,42,U,Adult,600,725,Inhumation
KntKSN-IC1,43,U,Young,600,725,Inhumation
KntKSN-IC1,44,U,Old,600,725,Inhumation
KntKSN-IC1,45,U,Adult,600,725,Inhumation
KntKSN-IC1,46,U,Adult,650,700,Inhumation
KntKSN-IC1,47,U,Old,600,725,Inhumation
KntKSN-IC1,48,U,Adult,600,725,Inhumation
KntKSN-IC1,49,U,Adult,600,725,Inhumation
KntKSN-IC1,5,U,Adult,600,725,Inhumation
KntKSN-IC1,50,U,Adult,600,725,Inhumation
KntKSN-IC1,51,U,Adult,600,725,Inhumation
KntKSN-IC1,52,U,Old,600,725,Inhumation
KntKSN-IC1,53,U,Adult,600,725,Inhumation
KntKSN-IC1,54,U,Adult,600,725,Inhumation
KntKSN-IC1,55,U,Adult,600,725,Inhumation
KntKSN-IC1,56,U,Adult,600,725,Inhumation
KntKSN-IC1,57,U,Mature ad,600,725,Inhumation
KntKSN-IC1,58,U,Young,600,725,Inhumation
KntKSN-IC1,59,U,Adult,600,725,Inhumation
KntKSN-IC1,6,U,Adult,600,725,Inhumation
KntKSN-IC1,60,U,Adult,600,725,Inhumation
KntKSN-IC1,61,U,Adult,600,725,Inhumation
KntKSN-IC1,62,U,Adult,600,725,Inhumation
KntKSN-IC1,63,U,Young,600,725,Inhumation
KntKSN-IC1,64,U,Adult,600,725,Inhumation
KntKSN-IC1,65,U,Adult,600,725,Inhumation
KntKSN-IC1,66,U,Young,600,725,Inhumation
KntKSN-IC1,67,U,Adult,600,725,Inhumation
KntKSN-IC1,68,U,Adult,600,725,Inhumation
KntKSN-IC1,69,U,Child,600,725,Inhumation
KntKSN-IC1,7,U,Adult,600,725,Inhumation
KntKSN-IC1,70,U,Adult,600,725,Inhumation
KntKSN-IC1,71,U,Adult,600,725,Inhumation
KntKSN-IC1,72,U,Adult,600,725,Inhumation
KntKSN-IC1,73,U,Adult,600,725,Inhumation
KntKSN-IC1,74,U,Adult,675,725,Inhumation
KntKSN-IC1,75,U,Adult,600,725,Inhumation
KntKSN-IC1,76,U,Adult,625,675,Inhumation
KntKSN-IC1,77,U,Adult,600,725,Inhumation
KntKSN-IC1,78,U,Old,600,725,Inhumation
KntKSN-IC1,79,U,Adult,600,725,Inhumation
KntKSN-IC1,8,U,Unknown,600,725,Inhumation
KntKSN-IC1,80,U,Adult,600,725,Inhumation
KntKSN-IC1,81,U,Adult,600,725,Inhumation
KntKSN-IC1,82,U,Adult,600,725,Inhumation
KntKSN-IC1,83,U,Adult,600,725,Inhumation
KntKSN-IC1,84,U,Old,600,725,Inhumation
KntKSN-IC1,85,U,Adult,600,725,Inhumation
KntKSN-IC1,86,U,Adult,600,725,Inhumation
KntKSN-IC1,87,U,Adult,600,725,Inhumation
KntKSN-IC1,88,U,Young,600,725,Inhumation
KntKSN-IC1,89,U,Adult,600,725,Inhumation
KntKSN-IC1,9,U,Adult,600,725,Inhumation
KntKSN-IC1,90,U,Adult,600,725,Inhumation
KntKSN-IC1,91,U,Child,600,725,Inhumation
KntKSN-IC1,92,U,Child,600,725,Inhumation
KntKSN-IC1,93,U,Child,600,725,Inhumation
KntKSN-IC1,94,U,Child,600,725,Inhumation
KntKSN-IC1,95,U,Adult,600,725,Inhumation
KntKSN-IC1,96,U,Adult,660,690,Inhumation
KntKSN-IC1,97,U,Adult,600,725,Inhumation
KntKSN-IC1,98,U,Adult,600,625,Inhumation
KntKSN-IC1,99,U,Adult,600,725,Inhumation
KntKSN-IC2,1,U,Unknown,600,700,inhumation
KntKSN-IC2,2,U,Unknown,600,700,inhumation
KntKSN-IC2,3,U,Unknown,600,700,inhumation
KntKSN-IC2,4,U,Unknown,600,700,inhumation
KntKSN-IC3,1,U,Unknown,550,650,inhumation
KntKSN-IC3,2,U,Unknown,550,650,inhumation
KntKSN-IC3,3,U,Unknown,550,650,inhumation
KntKSN-IC3,4,U,Unknown,550,650,inhumation
KntKSN-IC3,5,U,Unknown,550,650,inhumation
KntKSN-IC3,6,U,Unknown,550,650,inhumation
KntKSN-IC3,7,U,Unknown,550,650,inhumation
KntKSN-IC3,8,U,Unknown,550,650,inhumation
KntKSN-IC3,9,U,Unknown,550,650,inhumation
KntKSN-IC3,10,U,Unknown,550,650,inhumation
KntKSN-IC3,11,U,Unknown,550,650,inhumation
KntKSN-IC3,12,U,Unknown,550,650,inhumation
KntKSN-IC3,13,U,Unknown,550,650,inhumation
KntKSN-IC3,14,U,Unknown,550,650,inhumation
KntKSN-IC3,15,U,Unknown,550,650,inhumation
KntKSN-IC3,16,U,Unknown,550,650,inhumation
KntKSN-IC3,17,U,Unknown,550,650,inhumation
KntKSN-IC3,18,U,Unknown,550,650,inhumation
KntKSN-IC4,1,U,Unknown,550,650,inhumation
KntKSN-IC4,2,U,Unknown,550,650,inhumation
KntKSN-IC4,3,U,Unknown,550,650,inhumation
KntKSN-IC4,4,U,Unknown,550,650,inhumation
KntKSN-IC4,5,U,Unknown,550,650,inhumation
KntKSN-IC4,6,U,Unknown,550,650,inhumation
KntKSN-IC4,7,U,Unknown,550,650,inhumation
KntKSN-IC4,8,U,Unknown,550,650,inhumation
KntKSN-IC4,9,U,Unknown,550,650,inhumation
KntKSN-IC5,1,U,Unknown,650,725,inhumation
KntKSN-IC5,2,U,Unknown,650,725,inhumation
KntKSN-IC5,3,U,Unknown,650,725,inhumation
KntKTN-IC1,1,U,Unknown,450,900,inhumation
KntKTN-IC1,2,U,Unknown,450,900,inhumation
KntKTN-IC1,3,U,Unknown,450,900,inhumation
KntKTN-IC1,4,U,Unknown,450,900,inhumation
KntKTN-IC1,5,U,Unknown,450,900,inhumation
KntLCT-IC1,1,U,Unknown,500,700,inhumation
KntLCT-IC1,2,U,Unknown,500,700,inhumation
KntLCT-IC1,3,U,Unknown,500,700,inhumation
KntLDS-IC1,1,U,Unknown,500,625,inhumation
KntLDS-IC1,2,U,Unknown,500,625,inhumation
KntLEN-BI1,1,U,Unknown,500,700,inhumation
KntLEN-IC1,1,U,Unknown,500,600,inhumation
KntLEN-IC1,2,U,Unknown,500,600,inhumation
KntLEN-IC1,3,U,Unknown,500,600,inhumation
KntLHM-IC1,1,U,Adult,600,650,inhumation
KntLHM-IC1,2,U,Unknown,600,650,inhumation
KntLHS-BI1,1,U,Unknown,500,700,inhumation
KntLTB-BI1,1,U,Unknown,625,675,inhumation
KntLTB-IC1,1,U,Unknown,550,570,Inhumation
KntLTB-IC1,10,U,Unknown,560,620,Inhumation
KntLTB-IC1,11,U,Unknown,560,620,Inhumation
KntLTB-IC1,12,U,Unknown,500,575,Inhumation
KntLTB-IC1,13,U,Unknown,625,700,Inhumation
KntLTB-IC1,14,U,Unknown,525,575,Inhumation
KntLTB-IC1,15,U,Unknown,500,600,Inhumation
KntLTB-IC1,16,U,Unknown,475,550,Inhumation
KntLTB-IC1,17,U,Unknown,525,575,Inhumation
KntLTB-IC1,18,U,Unknown,550,620,Inhumation
KntLTB-IC1,19,U,Unknown,530,590,Inhumation
KntLTB-IC1,2,U,Unknown,475,550,Inhumation
KntLTB-IC1,20,U,Unknown,500,600,Inhumation
KntLTB-IC1,21,U,Unknown,500,575,Inhumation
KntLTB-IC1,23,U,Unknown,500,575,Inhumation
KntLTB-IC1,25,U,Unknown,500,600,Inhumation
KntLTB-IC1,26,U,Unknown,450,500,Inhumation
KntLTB-IC1,27,U,Unknown,490,600,Inhumation
KntLTB-IC1,28,U,Unknown,475,575,Inhumation
KntLTB-IC1,29,U,Unknown,490,600,Inhumation
KntLTB-IC1,3,U,Unknown,550,650,Inhumation
KntLTB-IC1,30,U,Unknown,475,625,Inhumation
KntLTB-IC1,31,U,Unknown,475,625,Inhumation
KntLTB-IC1,32,U,Unknown,550,650,Inhumation
KntLTB-IC1,33,U,Unknown,500,600,Inhumation
KntLTB-IC1,34,U,Unknown,475,600,Inhumation
KntLTB-IC1,35,U,Unknown,475,575,Inhumation
KntLTB-IC1,36,U,Unknown,550,650,Inhumation
KntLTB-IC1,37,U,Unknown,525,575,Inhumation
KntLTB-IC1,4,U,Unknown,500,540,Inhumation
KntLTB-IC1,5,U,Unknown,490,550,Inhumation
KntLTB-IC1,6,U,Unknown,475,600,Inhumation
KntLTB-IC1,7,U,Unknown,520,575,Inhumation
KntLTB-IC1,8,U,Unknown,560,620,Inhumation
KntLTB-IC1,9,U,Unknown,560,620,Inhumation
KntLYM-MC1,1,M,50,525,575,Inhumation
KntLYM-MC1,10,F,60,475,525,Inhumation
KntLYM-MC1,11,F,30,475,575,Inhumation
KntLYM-MC1,12,M,45,500,550,Inhumation
KntLYM-MC1,13,F,20,475,575,Inhumation
KntLYM-MC1,14,F,35-40,475,575,Inhumation
KntLYM-MC1,15,M,55,475,575,Inhumation
KntLYM-MC1,16,U,Unknown,525,550,Inhumation
KntLYM-MC1,17,F?,40-45,500,550,Inhumation
KntLYM-MC1,18,F,55-60,475,575,Inhumation
KntLYM-MC1,19,F,30-35,475,575,Inhumation
KntLYM-MC1,2,M,40-45,500,550,Inhumation
KntLYM-MC1,20,M,40-45,475,575,Inhumation
KntLYM-MC1,21,M,45-50,475,575,Inhumation
KntLYM-MC1,22,M,35-40,500,540,Inhumation
KntLYM-MC1,23,M,60,500,575,Inhumation
KntLYM-MC1,24,U,5,500,575,Inhumation
KntLYM-MC1,25,F,30,450,525,Inhumation
KntLYM-MC1,26,U,15,475,575,Inhumation
KntLYM-MC1,27,U,2-6,500,575,Inhumation
KntLYM-MC1,28,F,50-55,475,550,Inhumation
KntLYM-MC1,29,F,55-60,475,550,Inhumation
KntLYM-MC1,3,F,?,475,525,Inhumation
KntLYM-MC1,30,M,20,500,540,Inhumation
KntLYM-MC1,31,M,40-45,525,600,Inhumation
KntLYM-MC1,32,M,15-20,500,550,Inhumation
KntLYM-MC1,33,F,50,500,550,Inhumation
KntLYM-MC1,34,M,40,475,575,Inhumation
KntLYM-MC1,35,U,12,475,575,Inhumation
KntLYM-MC1,36,M,55-60,500,550,Inhumation
KntLYM-MC1,37,U,10-11,475,575,Inhumation
KntLYM-MC1,38,U,12,475,575,Inhumation
KntLYM-MC1,39,F,60,525,550,Inhumation
KntLYM-MC1,4,M,Adult,525,600,Inhumation
KntLYM-MC1,40,M,25-30,475,575,Inhumation
KntLYM-MC1,41,F,25,510,530,Inhumation
KntLYM-MC1,42,U,1,525,575,Inhumation
KntLYM-MC1,43,F?,50-60,475,575,Inhumation
KntLYM-MC1,44,F?,30-45,540,570,Inhumation
KntLYM-MC1,5,M,20-25,450,600,Inhumation
KntLYM-MC1,6,M,30,475,550,Inhumation
KntLYM-MC1,60,U,Unknown,490,575,Inhumation
KntLYM-MC1,61,M?,Adult,490,550,Inhumation
KntLYM-MC1,62,U,Child,450,600,Inhumation
KntLYM-MC1,63,M,Adult,475,550,Inhumation
KntLYM-MC1,7,U,Adult,475,575,Inhumation
KntLYM-MC1,8,M,45-50,475,575,Inhumation
KntLYM-MC1,9,F,60,500,530,Inhumation
KntLYM-MC1,101,U,Unknown,450,600,inhumation
KntLYM-MC1,108,U,Unknown,450,600,cremation
KntLYM-MC1,109,U,Unknown,450,600,inhumation
KntLYM-MC1,112,U,Unknown,450,600,cremation
KntLYM-MC1,113,U,Unknown,450,600,inhumation
KntLYM-MC1,117,U,Unknown,450,600,inhumation horse
KntLYM-MC1,45,M,Adult,450,600,inhumation
KntLYM-MC1,46,M,Adult,450,600,inhumation
KntLYM-MC1,47,U,Child,450,600,inhumation
KntLYM-MC1,48,U,Unknown,450,600,inhumation
KntLYM-MC1,49,M,Adult,450,600,inhumation
KntLYM-MC1,50,M,Adult,450,600,inhumation
KntLYM-MC1,51,U,Unknown,450,600,inhumation
KntLYM-MC1,52,U,Unknown,450,600,inhumation
KntLYM-MC1,53,M,Adult,450,600,inhumation
KntLYM-MC1,54,M,Adult,450,600,inhumation
KntLYM-MC1,55,U,Unknown,500,600,inhumation
KntLYM-MC1,56,M,Adult,450,600,inhumation
KntLYM-MC1,57,M,Adult,450,600,inhumation
KntLYM-MC1,58,U,Child,450,600,inhumation
KntLYM-MC1,59,M,Adult,450,600,inhumation
KntLYM-MC1,64,U,Child,450,600,inhumation
KntLYM-MC1,102,U,Unknown,450,600,inhumation
KntLYM-MC1,103,U,Unknown,450,600,inhumation
KntLYM-MC1,104,U,Unknown,450,600,inhumation
KntLYM-MC1,105,U,Unknown,450,600,inhumation
KntLYM-MC1,106,U,Unknown,450,600,inhumation
KntLYM-MC1,107,U,Unknown,450,600,inhumation
KntLYM-MC1,110,U,Unknown,450,600,inhumation
KntLYM-MC1,111,U,Unknown,450,600,inhumation
KntLYM-MC1,114,U,Unknown,450,600,inhumation
KntLYM-MC1,115,U,Unknown,450,600,inhumation
KntLYM-MC1,116,U,Unknown,450,600,inhumation
KntLYN-BI1,1/,U,Unknown,500,700,inhumation
KntLYN-BI1,1/a,U,Unknown,500,700,inhumation
KntMGT-BI1,1,U,Unknown,500,700,inhumation
KntMGT-IC1,1,U,Unknown,600,700,Inhumation
KntMGT-IC1,10,U,Unknown,600,700,Inhumation
KntMGT-IC1,11,U,Unknown,600,700,Inhumation
KntMGT-IC1,12,U,Unknown,600,700,Inhumation
KntMGT-IC1,13,U,Unknown,600,700,Inhumation
KntMGT-IC1,14,M,Adult,600,700,Inhumation
KntMGT-IC1,15,U,Unknown,600,700,Inhumation
KntMGT-IC1,16,U,Unknown,600,700,Inhumation
KntMGT-IC1,17,U,Unknown,600,700,Inhumation
KntMGT-IC1,18,U,Unknown,600,700,Inhumation
KntMGT-IC1,19,U,Unknown,600,700,Inhumation
KntMGT-IC1,2,U,25-35,600,700,Inhumation
KntMGT-IC1,20,U,Unknown,600,700,Inhumation
KntMGT-IC1,21,M,Adult,600,700,Inhumation
KntMGT-IC1,22,U,Unknown,600,700,Inhumation
KntMGT-IC1,23,F,17,600,700,Inhumation
KntMGT-IC1,24,U,Child,600,700,Inhumation
KntMGT-IC1,25/a,F,Adult,600,700,Inhumation
KntMGT-IC1,25/b,U,Child,600,700,Inhumation
KntMGT-IC1,26,M,Adult,600,700,Inhumation
KntMGT-IC1,27,M,Adult,600,700,Inhumation
KntMGT-IC1,28,M,Adult,600,700,Inhumation
KntMGT-IC1,29,U,Unknown,600,700,Inhumation
KntMGT-IC1,3,F,Unknown,600,700,Inhumation
KntMGT-IC1,30,U,Unknown,600,700,Inhumation
KntMGT-IC1,31,U,Unknown,600,700,Inhumation
KntMGT-IC1,32,U,Unknown,600,700,Inhumation
KntMGT-IC1,33,U,Unknown,600,700,Inhumation
KntMGT-IC1,4,U,Unknown,600,700,Inhumation
KntMGT-IC1,5,U,Unknown,630,670,Inhumation
KntMGT-IC1,6,U,Unknown,600,700,Inhumation
KntMGT-IC1,7,U,25-35,600,700,Inhumation
KntMGT-IC1,8,U,Unknown,600,700,Inhumation
KntMGT-IC1,9,U,Unknown,600,700,Inhumation
KntMGT-IC2,1,U,Unknown,500,700,inhumation
KntMGT-IC2,2,U,Unknown,500,700,inhumation
KntMGT-IC3,1,M,21-25,540,570,inhumation
KntMGT-IC3,2,U,Unknown,540,570,inhumation
KntMGT-IC3,3,U,Unknown,540,570,inhumation
KntMIT-BI1,1,F,25-35,500,700,inhumation
KntMIT-BI2,1,U,Unknown,500,600,inhumation
KntMIT-BI3,1,U,Unknown,450,700,inhumation
KntMIT-IC1,1,U,Unknown,650,700,inhumation
KntMIT-IC1,2,U,Unknown,650,700,inhumation
KntMIT-IC1,3,U,Unknown,650,700,inhumation
KntMIT-IC1,4,U,Unknown,650,700,inhumation
KntMIT-IC1,5,U,Unknown,650,700,inhumation
KntMIT-IC1,6,U,Unknown,650,700,inhumation
KntMIT-IC1,7,U,Unknown,650,700,inhumation
KntMIT-IC1,8,U,Unknown,650,700,inhumation
KntMIT-IC1,9,U,Unknown,650,700,inhumation
KntMIT-IC1,10,U,Unknown,650,700,inhumation
KntMIT-IC1,11,U,Unknown,650,700,inhumation
KntMIT-IC2,1,U,7-8,600,700,Inhumation
KntMIT-IC2,10,F?,25-30,600,700,Inhumation
KntMIT-IC2,11,F?,20-25,600,700,Inhumation
KntMIT-IC2,12,M,40+,600,700,Inhumation
KntMIT-IC2,13,M,40-50,675,725,Inhumation
KntMIT-IC2,14,U,Unknown,600,700,Inhumation
KntMIT-IC2,15,U,2-3,600,700,Inhumation
KntMIT-IC2,16,U,15-17,600,700,Inhumation
KntMIT-IC2,17,M,25-30,600,700,Inhumation
KntMIT-IC2,18,F,20-25,600,700,Inhumation
KntMIT-IC2,2,M,40-45,600,700,Inhumation
KntMIT-IC2,3,F,20-25,600,700,Inhumation
KntMIT-IC2,4,F,30-40,600,700,Inhumation
KntMIT-IC2,5,U,Adult,600,650,Inhumation
KntMIT-IC2,6,F?,17-22,600,700,Inhumation
KntMIT-IC2,7,M?,35-40,600,700,Inhumation
KntMIT-IC2,8,U,Adult?,600,700,Inhumation
KntMIT-IC2,9,F,25-30,600,700,Inhumation
KntMIT-IC3,1,U,12-15,575,650,Inhumation
KntMIT-IC3,2,U,Adult,575,650,Inhumation
KntMIT-IC3,3,F,25,575,650,Inhumation
KntMIT-IC4,1,U,Unknown,620,725,Inhumation
KntMIT-IC4,2,U,Unknown,620,725,Inhumation
KntMIT-IC4,3,U,Unknown,620,725,Inhumation
KntMIT-IC4,4,U,Unknown,620,725,Inhumation
KntMIT-IC4,5,U,Unknown,620,725,Inhumation
KntMIT-IC4,A,U,Unknown,620,725,Inhumation
KntMIT-IC4,B,U,Unknown,620,725,Inhumation
KntMIT-IC4,C,U,Unknown,620,725,Inhumation
KntMKN-BI1,1,U,Unknown,450,700,inhumation
KntMKN-IC1,1,M,20-25,525,650,Inhumation
KntMKN-IC1,10,U,20-25,525,650,Inhumation
KntMKN-IC1,11,U,Unknown,525,650,Inhumation
KntMKN-IC1,12,U,Juvenile,625,700,Inhumation
KntMKN-IC1,13,F,Unknown,550,650,Inhumation
KntMKN-IC1,14,M,Adult,600,700,Inhumation
KntMKN-IC1,15,M,Adult,525,650,Inhumation
KntMKN-IC1,16,M,Adult,525,650,Inhumation
KntMKN-IC1,17,U,Unknown,525,650,Inhumation
KntMKN-IC1,18,U,Unknown,625,700,Inhumation
KntMKN-IC1,19,M,25-30,600,650,Inhumation
KntMKN-IC1,2,M,Adult,525,650,Inhumation
KntMKN-IC1,20,M,Adult,525,650,Inhumation
KntMKN-IC1,21,M,35-45,550,590,Inhumation
KntMKN-IC1,22,M,35-45,530,590,Inhumation
KntMKN-IC1,23,F,Adult,540,560,Inhumation
KntMKN-IC1,24,U,Unknown,500,600,Inhumation
KntMKN-IC1,25,M,Adult,540,560,Inhumation
KntMKN-IC1,26,M,Adult,500,550,Inhumation
KntMKN-IC1,27,M,Adult,550,600,Inhumation
KntMKN-IC1,28,U,Unknown,525,650,Inhumation
KntMKN-IC1,29,U,Unknown,525,650,Inhumation
KntMKN-IC1,3,F,25-30,630,660,Inhumation
KntMKN-IC1,30,U,Child,525,650,Inhumation
KntMKN-IC1,31,U,Adult,625,700,Inhumation
KntMKN-IC1,32,U,Unknown,500,600,Inhumation
KntMKN-IC1,33/a,F,Adult,600,700,Inhumation
KntMKN-IC1,33/b,U,Unknown,525,650,Inhumation
KntMKN-IC1,34,U,Adult,600,700,Inhumation
KntMKN-IC1,4,U,Unknown,525,650,Inhumation
KntMKN-IC1,5,F?,Adult,525,575,Inhumation
KntMKN-IC1,6,U,Unknown,525,650,Inhumation
KntMKN-IC1,7,M?,30-40,500,550,Inhumation
KntMKN-IC1,8,F,30-40,525,650,Inhumation
KntMKN-IC1,9,U,Unknown,525,650,Inhumation
KntMRE-IC2,1,U,Unknown,550,700,inhumation
KntMRE-IC2,2,U,Unknown,550,700,inhumation
KntMRE-IC2,3,U,Unknown,550,700,inhumation
KntMRE-IC2,4,M?,Unknown,550,700,inhumation
KntMRE-IC2,17,U,Unknown,550,700,inhumation
KntMRE-IC2,18,U,Unknown,550,700,inhumation
KntMRE-IC2,19,U,Unknown,550,700,inhumation
KntMRE-IC2,20,U,Unknown,550,700,inhumation
KntMRE-IC2,21,U,Unknown,550,700,inhumation
KntMRE-IC2,5,U,Unknown,550,700,inhumation
KntMRE-IC2,6,U,Unknown,550,700,inhumation
KntMRE-IC2,7,U,Unknown,550,700,inhumation
KntMRE-IC2,8,U,Unknown,550,700,inhumation
KntMRE-IC2,9,U,Unknown,550,700,inhumation
KntMRE-IC2,10,U,Unknown,550,700,inhumation
KntMRE-IC2,11,U,Unknown,550,700,inhumation
KntMRE-IC2,12,U,Unknown,550,700,inhumation
KntMRE-IC2,13,U,Unknown,550,700,inhumation
KntMRE-IC2,14,U,Unknown,550,700,inhumation
KntMRE-IC2,15,U,Unknown,550,700,inhumation
KntMRE-IC2,16,U,Unknown,550,700,inhumation
KntMRE-IC2,22,U,Unknown,550,700,inhumation
KntMRE-IC2,23,U,Unknown,550,700,inhumation
KntMRE-IC2,24,U,Unknown,550,700,inhumation
KntMRE-IC2,25,U,Unknown,550,700,inhumation
KntMRE-IC2,26,U,Unknown,550,700,inhumation
KntMRE-IC2,27,U,Unknown,550,700,inhumation
KntMRE-IC2,28,U,Unknown,550,700,inhumation
KntMRE-IC2,29,U,Unknown,550,700,inhumation
KntMRE-IC2,30,U,Unknown,550,700,inhumation
KntMRE-IC2,31,U,Unknown,550,700,inhumation
KntMRE-IC2,32,U,Unknown,550,700,inhumation
KntMRE-IC2,33,U,Unknown,550,700,inhumation
KntMRE-IC2,34,U,Unknown,550,700,inhumation
KntMRE-IC2,35,U,Unknown,550,700,inhumation
KntMRE-IC2,36,U,Unknown,550,700,inhumation
KntMRE-IC2,37,U,Unknown,550,700,inhumation
KntMRE-IC2,38,U,Unknown,550,700,inhumation
KntMRE-IC2,39,U,Unknown,550,700,inhumation
KntMRE-IC2,40,U,Unknown,550,700,inhumation
KntMRE-IC2,41,U,Unknown,550,700,inhumation
KntMRE-IC2,42,U,Unknown,550,700,inhumation
KntMRE-IC3,1,U,Unknown,450,600,inhumation
KntMRE-MC1,001,,Unknown,0,0,inhumation
KntMRE-MC1,002,,Unknown,0,0,inhumation
KntMRE-MC1,003,,Unknown,0,0,inhumation
KntMRE-MC1,004,,Unknown,0,0,inhumation
KntMRE-MC1,005,,Unknown,0,0,inhumation
KntMRE-MC1,006,,Unknown,0,0,inhumation
KntMRE-MC1,007,,Unknown,0,0,inhumation
KntMRE-MC1,008,,Unknown,0,0,inhumation
KntMRE-MC1,009,,Unknown,0,0,inhumation
KntMRE-MC1,010,,Unknown,0,0,inhumation
KntMRE-MC1,011,,Unknown,0,0,inhumation
KntMRE-MC1,012,,Unknown,0,0,inhumation
KntMRE-MC1,013,,Unknown,0,0,inhumation
KntMRE-MC1,014,,Unknown,0,0,inhumation
KntMRE-MC1,015,,Unknown,0,0,inhumation
KntMRE-MC1,016,,Unknown,0,0,inhumation
KntMRE-MC1,017,,Unknown,0,0,inhumation
KntMRE-MC1,018,,Unknown,0,0,inhumation
KntMRE-MC1,019,,Unknown,0,0,inhumation
KntMRE-MC1,020,,Unknown,0,0,inhumation
KntMRE-MC1,021,,Unknown,0,0,inhumation
KntMRE-MC1,022,,Unknown,0,0,inhumation
KntMRE-MC1,023,,Unknown,0,0,inhumation
KntMRE-MC1,024,,Unknown,0,0,inhumation
KntMRE-MC1,025,,Unknown,0,0,inhumation
KntMRE-MC1,026,,Unknown,0,0,inhumation
KntMRE-MC1,027,,Unknown,0,0,inhumation
KntMRE-MC1,028,,Unknown,0,0,inhumation
KntMRE-MC1,029,,Unknown,0,0,inhumation
KntMRE-MC1,030,,Unknown,0,0,inhumation
KntMRE-MC1,031,,Unknown,0,0,inhumation
KntMRE-MC1,032,,Unknown,0,0,inhumation
KntMRE-MC1,033,,Unknown,0,0,inhumation
KntMRE-MC1,034,,Unknown,0,0,inhumation
KntMRE-MC1,035,,Unknown,0,0,inhumation
KntMRE-MC1,036,,Unknown,0,0,inhumation
KntMRE-MC1,037,,Unknown,0,0,inhumation
KntMRE-MC1,038,,Unknown,0,0,inhumation
KntMRE-MC1,039,,Unknown,0,0,inhumation
KntMRE-MC1,040,,Unknown,0,0,inhumation
KntMRE-MC1,041,,Unknown,0,0,inhumation
KntMRE-MC1,042,,Unknown,0,0,inhumation
KntMRE-MC1,043,,Unknown,0,0,inhumation
KntMRE-MC1,044,,Unknown,0,0,inhumation
KntMRE-MC1,045,,Unknown,0,0,inhumation
KntMRE-MC1,046,,Unknown,0,0,inhumation
KntMRE-MC1,047,,Unknown,0,0,inhumation
KntMRE-MC1,048,,Unknown,0,0,inhumation
KntMRE-MC1,049,,Unknown,0,0,inhumation
KntMRE-MC1,050,,Unknown,0,0,inhumation
KntMRE-MC1,051,,Unknown,0,0,inhumation
KntMRE-MC1,052,,Unknown,0,0,inhumation
KntMRE-MC1,053,,Unknown,0,0,inhumation
KntMRE-MC1,054,,Unknown,0,0,inhumation
KntMRE-MC1,055,,Unknown,0,0,inhumation
KntMRE-MC1,056,,Unknown,0,0,inhumation
KntMRE-MC1,057,,Unknown,0,0,inhumation
KntMRE-MC1,058,,Unknown,0,0,inhumation
KntMRE-MC1,059,,Unknown,0,0,inhumation
KntMRE-MC1,060,,Unknown,0,0,inhumation
KntMRE-MC1,061,,Unknown,0,0,inhumation
KntMRE-MC1,062,,Unknown,0,0,inhumation
KntMRE-MC1,063,,Unknown,0,0,inhumation
KntMRE-MC1,064,,Unknown,0,0,inhumation
KntMRE-MC1,065,,Unknown,0,0,inhumation
KntMRE-MC1,066,,Unknown,0,0,inhumation
KntMRE-MC1,067,,Unknown,0,0,inhumation
KntMRE-MC1,068,,Unknown,0,0,inhumation
KntMRE-MC1,069,,Unknown,0,0,inhumation
KntMRE-MC1,070,,Unknown,0,0,inhumation
KntMRE-MC1,071,,Unknown,0,0,inhumation
KntMRE-MC1,072,,Unknown,0,0,inhumation
KntMRE-MC1,073,,Unknown,0,0,inhumation
KntMRE-MC1,074,,Unknown,0,0,inhumation
KntMRE-MC1,075,,Unknown,0,0,inhumation
KntMRE-MC1,076,,Unknown,0,0,inhumation
KntMRE-MC1,077,,Unknown,0,0,inhumation
KntMRE-MC1,078,,Unknown,0,0,inhumation
KntMRE-MC1,079,,Unknown,0,0,inhumation
KntMRE-MC1,080,,Unknown,0,0,inhumation
KntMRE-MC1,081,,Unknown,0,0,inhumation
KntMRE-MC1,082,,Unknown,0,0,inhumation
KntMRE-MC1,083,,Unknown,0,0,inhumation
KntMRE-MC1,084,,Unknown,0,0,inhumation
KntMRE-MC1,085,,Unknown,0,0,inhumation
KntMRE-MC1,086,,Unknown,0,0,inhumation
KntMRE-MC1,087,,Unknown,0,0,inhumation
KntMRE-MC1,088,,Unknown,0,0,inhumation
KntMRE-MC1,089,,Unknown,0,0,inhumation
KntMRE-MC1,090,,Unknown,0,0,inhumation
KntMRE-MC1,091,,Unknown,0,0,inhumation
KntMRE-MC1,092,,Unknown,0,0,inhumation
KntMRE-MC1,093,,Unknown,0,0,inhumation
KntMRE-MC1,094,,Unknown,0,0,inhumation
KntMRE-MC1,095,,Unknown,0,0,inhumation
KntMRE-MC1,096,,Unknown,0,0,inhumation
KntMRE-MC1,097,,Unknown,0,0,inhumation
KntMRE-MC1,098,,Unknown,0,0,inhumation
KntMRE-MC1,099,,Unknown,0,0,inhumation
KntMRE-MC1,100,,Unknown,0,0,inhumation
KntMRE-MC1,101,,Unknown,0,0,inhumation
KntMRE-MC1,102,,Unknown,0,0,inhumation
KntMRE-MC1,103,,Unknown,0,0,inhumation
KntMRE-MC1,104,,Unknown,0,0,inhumation
KntMRE-MC1,105,,Unknown,0,0,inhumation
KntMRE-MC1,106,,Unknown,0,0,inhumation
KntMRE-MC1,107,,Unknown,0,0,inhumation
KntMRE-MC1,108,,Unknown,0,0,inhumation
KntMRE-MC1,109,,Unknown,0,0,inhumation
KntMRE-MC1,110,,Unknown,0,0,inhumation
KntMRE-MC1,111,,Unknown,0,0,inhumation
KntMRE-MC1,112,,Unknown,0,0,inhumation
KntMRE-MC1,113,,Unknown,0,0,inhumation
KntMRE-MC1,114,,Unknown,0,0,inhumation
KntMRE-MC1,115,,Unknown,0,0,inhumation
KntMRE-MC1,116,,Unknown,0,0,inhumation
KntMRE-MC1,117,,Unknown,0,0,inhumation
KntMRE-MC1,118,,Unknown,0,0,inhumation
KntMRE-MC1,119,,Unknown,0,0,inhumation
KntMRE-MC1,120,,Unknown,0,0,inhumation
KntMRE-MC1,121,,Unknown,0,0,inhumation
KntMRE-MC1,122,,Unknown,0,0,inhumation
KntMRE-MC1,123,,Unknown,0,0,inhumation
KntMRE-MC1,124,,Unknown,0,0,inhumation
KntMRE-MC1,125,,Unknown,0,0,inhumation
KntMRE-MC1,126,,Unknown,0,0,inhumation
KntMRE-MC1,127,,Unknown,0,0,inhumation
KntMRE-MC1,128,,Unknown,0,0,inhumation
KntMRE-MC1,129,,Unknown,0,0,inhumation
KntMRE-MC1,130,,Unknown,0,0,inhumation
KntMRE-MC1,131,,Unknown,0,0,inhumation
KntMRE-MC1,132,,Unknown,0,0,inhumation
KntMRE-MC1,133,,Unknown,0,0,inhumation
KntMRE-MC1,134,,Unknown,0,0,inhumation
KntMRE-MC1,135,,Unknown,0,0,inhumation
KntMRE-MC1,136,,Unknown,0,0,inhumation
KntMRE-MC1,137,,Unknown,0,0,inhumation
KntMRE-MC1,138,,Unknown,0,0,inhumation
KntMRE-MC1,139,,Unknown,0,0,inhumation
KntMRE-MC1,140,,Unknown,0,0,inhumation
KntMRE-MC1,141,,Unknown,0,0,inhumation
KntMRE-MC1,142,,Unknown,0,0,inhumation
KntMRE-MC1,143,,Unknown,0,0,inhumation
KntMRE-MC1,144,,Unknown,0,0,inhumation
KntMRE-MC1,145,,Unknown,0,0,inhumation
KntMRE-MC1,146,,Unknown,0,0,inhumation
KntMRE-MC1,147,,Unknown,0,0,inhumation
KntMRE-MC1,148,,Unknown,0,0,inhumation
KntMRE-MC1,149,,Unknown,0,0,inhumation
KntMRE-MC1,150,,Unknown,0,0,inhumation
KntMRE-MC1,151,,Unknown,0,0,inhumation
KntMRE-MC1,152,,Unknown,0,0,inhumation
KntMRE-MC1,153,,Unknown,0,0,inhumation
KntMRE-MC1,154,,Unknown,0,0,inhumation
KntMRE-MC1,155,,Unknown,0,0,inhumation
KntMRE-MC1,156,,Unknown,0,0,inhumation
KntMRE-MC1,157,,Unknown,0,0,inhumation
KntMRE-MC1,158,,Unknown,0,0,inhumation
KntMRE-MC1,159,,Unknown,0,0,inhumation
KntMRE-MC1,160,,Unknown,0,0,inhumation
KntMRE-MC1,161,,Unknown,0,0,inhumation
KntMRE-MC1,162,,Unknown,0,0,inhumation
KntMRE-MC1,163,,Unknown,0,0,inhumation
KntMRE-MC1,164,,Unknown,0,0,inhumation
KntMRE-MC1,165,,Unknown,0,0,inhumation
KntMRE-MC1,166,,Unknown,0,0,inhumation
KntMRE-MC1,167,,Unknown,0,0,inhumation
KntMRE-MC1,168,,Unknown,0,0,inhumation
KntMRE-MC1,169,,Unknown,0,0,inhumation
KntMRE-MC1,170,,Unknown,0,0,inhumation
KntMRE-MC1,171,,Unknown,0,0,inhumation
KntMRE-MC1,172,,Unknown,0,0,inhumation
KntMRE-MC1,173,,Unknown,0,0,inhumation
KntMRE-MC1,174,,Unknown,0,0,inhumation
KntMRE-MC1,175,,Unknown,0,0,inhumation
KntMRE-MC1,176,,Unknown,0,0,inhumation
KntMRE-MC1,177,,Unknown,0,0,inhumation
KntMRE-MC1,178,,Unknown,0,0,inhumation
KntMRE-MC1,179,,Unknown,0,0,inhumation
KntMRE-MC1,180/a,,Unknown,0,0,inhumation
KntMRE-MC1,181,,Unknown,0,0,inhumation
KntMRE-MC1,182,,Unknown,0,0,inhumation
KntMRE-MC1,183,,Unknown,0,0,inhumation
KntMRE-MC1,184,,Unknown,0,0,inhumation
KntMRE-MC1,185,,Unknown,0,0,inhumation
KntMRE-MC1,186,,Unknown,0,0,inhumation
KntMRE-MC1,187,,Unknown,0,0,inhumation
KntMRE-MC1,188,,Unknown,0,0,inhumation
KntMRE-MC1,189,,Unknown,0,0,inhumation
KntMRE-MC1,190,,Unknown,0,0,inhumation
KntMRE-MC1,191,,Unknown,0,0,inhumation
KntMRE-MC1,192,,Unknown,0,0,inhumation
KntMRE-MC1,193,,Unknown,0,0,inhumation
KntMRE-MC1,194,,Unknown,0,0,inhumation
KntMRE-MC1,195,,Unknown,0,0,inhumation
KntMRE-MC1,196,,Unknown,0,0,cremation
KntMRE-MC1,197,,Unknown,0,0,inhumation
KntMRE-MC1,198,,Unknown,0,0,inhumation
KntMRE-MC1,199,,Unknown,0,0,inhumation
KntMRE-MC1,200,,Unknown,0,0,inhumation
KntMRE-MC1,201,,Unknown,0,0,inhumation
KntMRE-MC1,202,,Unknown,0,0,inhumation
KntMRE-MC1,203,,Unknown,0,0,inhumation
KntMRE-MC1,204,,Unknown,0,0,inhumation
KntMRE-MC1,205,,Unknown,0,0,inhumation
KntMRE-MC1,206,,Unknown,0,0,inhumation
KntMRE-MC1,207,,Unknown,0,0,inhumation
KntMRE-MC1,208,,Unknown,0,0,inhumation
KntMRE-MC1,209,,Unknown,0,0,inhumation
KntMRE-MC1,210,,Unknown,0,0,inhumation
KntMRE-MC1,211,,Unknown,0,0,inhumation
KntMRE-MC1,212,,Unknown,0,0,inhumation
KntMRE-MC1,213,,Unknown,0,0,inhumation
KntMRE-MC1,214,,Unknown,0,0,inhumation
KntMRE-MC1,215,,Unknown,0,0,inhumation
KntMRE-MC1,216,,Unknown,0,0,inhumation
KntMRE-MC1,217,,Unknown,0,0,inhumation
KntMRE-MC1,218,,Unknown,0,0,inhumation
KntMRE-MC1,219,,Unknown,0,0,inhumation
KntMRE-MC1,220,,Unknown,0,0,inhumation
KntMRE-MC1,221,,Unknown,0,0,inhumation
KntMRE-MC1,222,,Unknown,0,0,inhumation
KntMRE-MC1,223,,Unknown,0,0,inhumation
KntMRE-MC1,224,,Unknown,0,0,inhumation
KntMRE-MC1,225,,Unknown,0,0,inhumation
KntMRE-MC1,226,,Unknown,0,0,inhumation
KntMRE-MC1,227,,Unknown,0,0,inhumation
KntMRE-MC1,228,,Unknown,0,0,inhumation
KntMRE-MC1,180/b,,Unknown,0,0,cremation
KntMRS-IC1,A,U,Unknown,500,600,inhumation
KntMRS-IC1,B,U,Unknown,500,600,inhumation
KntMRS-IC1,C,U,Unknown,500,600,inhumation
KntMUN-BI1,1,U,Unknown,500,700,inhumation
KntNBN-IC1,1,M,Adult,575,625,Inhumation
KntNBN-IC1,10,U,2-5,600,700,Inhumation
KntNBN-IC1,100,U,Unknown,600,700,Inhumation
KntNBN-IC1,101,F,c.17,600,700,Inhumation
KntNBN-IC1,102,M,35-40,525,750,Inhumation
KntNBN-IC1,103,M,Adult,575,600,Inhumation
KntNBN-IC1,104,U,6-7,600,700,Inhumation
KntNBN-IC1,105,M,25-35,600,700,Inhumation
KntNBN-IC1,106,M,40-45,600,700,Inhumation
KntNBN-IC1,107,M,Adult,600,650,Inhumation
KntNBN-IC1,108,F,Adult,525,700,Inhumation
KntNBN-IC1,109,U,10-12,600,700,Inhumation
KntNBN-IC1,11,F,40-50,600,700,Inhumation
KntNBN-IC1,110,M,c.25,625,700,Inhumation
KntNBN-IC1,111,U,7-8,600,700,Inhumation
KntNBN-IC1,112,F,c.35,600,700,Inhumation
KntNBN-IC1,113,F,25-30,625,700,Inhumation
KntNBN-IC1,114,U,0.5-2,600,700,Inhumation
KntNBN-IC1,115,M,40-45,600,700,Inhumation
KntNBN-IC1,116,M,20-25,600,700,Inhumation
KntNBN-IC1,117,M,c.17,600,650,Inhumation
KntNBN-IC1,118,M,45-55,625,750,Inhumation
KntNBN-IC1,119,U,Unknown,600,700,Inhumation
KntNBN-IC1,12,U,11-12,600,700,Inhumation
KntNBN-IC1,120,F,40+,625,750,Inhumation
KntNBN-IC1,121,F,c.45,600,700,Inhumation
KntNBN-IC1,122,U,Unknown,600,700,Inhumation
KntNBN-IC1,123,M,35-40,600,700,Inhumation
KntNBN-IC1,124,F,30-35,660,700,Inhumation
KntNBN-IC1,125/a,M,35-45,600,700,Inhumation
KntNBN-IC1,125/b,U,c.9,600,700,Inhumation
KntNBN-IC1,126,U,10-12,600,700,Inhumation
KntNBN-IC1,127,F,c.25,600,700,Inhumation
KntNBN-IC1,128,U,c.15,600,700,Inhumation
KntNBN-IC1,129/a,M,23-25,600,700,Inhumation
KntNBN-IC1,129/b,M,35-45,600,700,Inhumation
KntNBN-IC1,13,M,30-40,520,600,Inhumation
KntNBN-IC1,130,U,5-6,600,700,Inhumation
KntNBN-IC1,131,U,c.4,600,700,Inhumation
KntNBN-IC1,132,F,c.5,575,625,Inhumation
KntNBN-IC1,133,M,25-30,625,700,Inhumation
KntNBN-IC1,134,M,30-40,600,700,Inhumation
KntNBN-IC1,135,M,c.20,575,700,Inhumation
KntNBN-IC1,136,U,1.5-2,600,700,Inhumation
KntNBN-IC1,137,U,c.1.5,600,700,Inhumation
KntNBN-IC1,138,F,c.25,600,700,Inhumation
KntNBN-IC1,139,F,40-50,625,750,Inhumation
KntNBN-IC1,140,M,45+,600,700,Inhumation
KntNBN-IC1,141,U,3-4,600,700,Inhumation
KntNBN-IC1,143,M,Juvenile,600,700,Inhumation
KntNBN-IC1,144,M,20-25,675,725,Inhumation
KntNBN-IC1,145/a,M,c.21,690,700,Inhumation
KntNBN-IC1,145/b,U,3-4,600,700,Inhumation
KntNBN-IC1,146,U,Juvenile,600,700,Inhumation
KntNBN-IC1,147,F?,Adult,600,700,Inhumation
KntNBN-IC1,148,F?,c.35,600,700,Inhumation
KntNBN-IC1,149,U,c.30,600,700,Inhumation
KntNBN-IC1,15,M,40-50,500,600,Inhumation
KntNBN-IC1,150,F?,20-25,600,700,Inhumation
KntNBN-IC1,151,F?,c.40,675,700,Inhumation
KntNBN-IC1,152,M?,c.20,625,700,Inhumation
KntNBN-IC1,153,U,20-25,600,700,Inhumation
KntNBN-IC1,154,F?,Adult,600,700,Inhumation
KntNBN-IC1,155,U,c.6,600,700,Inhumation
KntNBN-IC1,156,F?,35-40,600,700,Inhumation
KntNBN-IC1,157,F?,c.20,625,700,Inhumation
KntNBN-IC1,158,M?,35-45,600,700,Inhumation
KntNBN-IC1,159,M?,40-45,625,675,Inhumation
KntNBN-IC1,16,F,30-40,600,700,Inhumation
KntNBN-IC1,160,M?,45+,600,700,Inhumation
KntNBN-IC1,161,F?,c.40,625,700,Inhumation
KntNBN-IC1,162,F?,20-25,600,700,Inhumation
KntNBN-IC1,163,F?,25-30,625,700,Inhumation
KntNBN-IC1,164,F?,40-45,600,700,Inhumation
KntNBN-IC1,165,M?,35-40,600,700,Inhumation
KntNBN-IC1,166,F?,18-20,625,750,Inhumation
KntNBN-IC1,167,U,c.4,600,700,Inhumation
KntNBN-IC1,168,U,35-40,625,675,Inhumation
KntNBN-IC1,169,F?,20-25,625,700,Inhumation
KntNBN-IC1,170,M?,c.19,625,700,Inhumation
KntNBN-IC1,171,U,Adult,600,700,Inhumation
KntNBN-IC1,172,U,Unknown,600,700,Inhumation
KntNBN-IC1,173,U,Unknown,600,700,Inhumation
KntNBN-IC1,174,U,17-20,660,690,Inhumation
KntNBN-IC1,175,F?,35+,600,700,Inhumation
KntNBN-IC1,176,U,Juvenile?,600,700,Inhumation
KntNBN-IC1,177,U,3-4,600,700,Inhumation
KntNBN-IC1,178,F?,15-18,600,700,Inhumation
KntNBN-IC1,179,M?,45-50,600,700,Inhumation
KntNBN-IC1,18,M,30-40,625,650,Inhumation
KntNBN-IC1,180,F?,c.30,675,725,Inhumation
KntNBN-IC1,181,U,Adult,600,700,Inhumation
KntNBN-IC1,182,F?,40+,625,750,Inhumation
KntNBN-IC1,183,M?,40+,600,700,Inhumation
KntNBN-IC1,184,M?,Adult,600,700,Inhumation
KntNBN-IC1,185,F?,c.25,600,700,Inhumation
KntNBN-IC1,186,U,Adult,600,700,Inhumation
KntNBN-IC1,187,F?,c.25,660,690,Inhumation
KntNBN-IC1,188,U,Adult,600,700,Inhumation
KntNBN-IC1,189,U,6-8,600,700,Inhumation
KntNBN-IC1,19,F,Adult,600,700,Inhumation
KntNBN-IC1,190,F?,c.17,625,700,Inhumation
KntNBN-IC1,191,U,0-6,625,700,Inhumation
KntNBN-IC1,192,F?,17-25,625,700,Inhumation
KntNBN-IC1,193,U,20-25,600,700,Inhumation
KntNBN-IC1,194,U,c.8,625,750,Inhumation
KntNBN-IC1,195,U,Adult,600,700,Inhumation
KntNBN-IC1,196,M?,30+,600,700,Inhumation
KntNBN-IC1,197,U,17-20,600,700,Inhumation
KntNBN-IC1,198,U,40+,600,650,Inhumation
KntNBN-IC1,199,U,25+,600,700,Inhumation
KntNBN-IC1,2,M,Adult,600,700,Inhumation
KntNBN-IC1,20/a,U,Unknown,600,700,Inhumation
KntNBN-IC1,20/b,F,c.50,600,700,Inhumation
KntNBN-IC1,200,F?,10-12,560,600,Inhumation
KntNBN-IC1,201,F,6-8,600,700,Inhumation
KntNBN-IC1,202,F?,30+,600,700,Inhumation
KntNBN-IC1,203,U,25-35,545,555,Inhumation
KntNBN-IC1,204,M,25-30,525,530,Inhumation
KntNBN-IC1,205/a,F,25-30,520,600,Inhumation
KntNBN-IC1,205/b,M,Adult,520,600,Inhumation
KntNBN-IC1,205/c,M,Adult,520,600,Inhumation
KntNBN-IC1,206,U,c.4,600,700,Inhumation
KntNBN-IC1,207,M?,35-40,575,625,Inhumation
KntNBN-IC1,208,M,20-25,600,700,Inhumation
KntNBN-IC1,209,U,Juvenile,600,700,Inhumation
KntNBN-IC1,21/a,M,30+,600,700,Inhumation
KntNBN-IC1,21/b,F,20-30,600,700,Inhumation
KntNBN-IC1,210,U,Juvenile,520,600,Inhumation
KntNBN-IC1,211/a,M,Adult,520,550,Inhumation
KntNBN-IC1,211/b,U,Adult,600,700,Inhumation
KntNBN-IC1,212,M,Adult,600,700,Inhumation
KntNBN-IC1,213,M,35-40,600,700,Inhumation
KntNBN-IC1,214,M,45+,675,725,Inhumation
KntNBN-IC1,215,F,35-40,600,700,Inhumation
KntNBN-IC1,216,F?,25-30,600,700,Inhumation
KntNBN-IC1,22,M,Adult,550,650,Inhumation
KntNBN-IC1,23,U,c.3,600,700,Inhumation
KntNBN-IC1,24,U,Unknown,600,700,Inhumation
KntNBN-IC1,25,M,Adult,600,625,Inhumation
KntNBN-IC1,26/a,M,c.30,600,700,Inhumation
KntNBN-IC1,26/b,U,Unknown,600,700,Inhumation
KntNBN-IC1,27,U,Adolescent,600,700,Inhumation
KntNBN-IC1,28,M,40-50,600,700,Inhumation
KntNBN-IC1,3,F,20-25,600,700,Inhumation
KntNBN-IC1,30,M?,25-30,675,725,Inhumation
KntNBN-IC1,31,F,Adult,600,700,Inhumation
KntNBN-IC1,32,F,c.25,600,700,Inhumation
KntNBN-IC1,33,M,c.40,625,675,Inhumation
KntNBN-IC1,34,F,40-50,600,700,Inhumation
KntNBN-IC1,35,F,c.30,500,600,Inhumation
KntNBN-IC1,36,U,Unknown,600,700,Inhumation
KntNBN-IC1,37,F,Adult,600,700,Inhumation
KntNBN-IC1,38/a,M,Adult,600,700,Inhumation
KntNBN-IC1,38/b,F,c.40,600,700,Inhumation
KntNBN-IC1,39,U,Juvenile,600,700,Inhumation
KntNBN-IC1,40,F,30-40,600,700,Inhumation
KntNBN-IC1,41,F?,Unknown,625,750,Inhumation
KntNBN-IC1,42,U,Unknown,600,700,Inhumation
KntNBN-IC1,43,F,35-45,600,700,Inhumation
KntNBN-IC1,44,M,Adult,600,700,Inhumation
KntNBN-IC1,45,M,Adult,600,700,Inhumation
KntNBN-IC1,46,U,8-10,600,700,Inhumation
KntNBN-IC1,47/a,M,Adult,600,700,Inhumation
KntNBN-IC1,47/b,F,c.50,600,700,Inhumation
KntNBN-IC1,48,M,20-25,600,700,Inhumation
KntNBN-IC1,49,U,Unknown,600,700,Inhumation
KntNBN-IC1,5,NA,Unknown,520,600,Inhumation
KntNBN-IC1,50,M,25-30,600,700,Inhumation
KntNBN-IC1,51,U,Adult,600,700,Inhumation
KntNBN-IC1,52,M,25-30,600,700,Inhumation
KntNBN-IC1,53,F,25-30,600,700,Inhumation
KntNBN-IC1,54,F?,30-35,575,625,Inhumation
KntNBN-IC1,55,M,c.50,600,700,Inhumation
KntNBN-IC1,56,F?,Adult,550,700,Inhumation
KntNBN-IC1,57,F,c.35,675,700,Inhumation
KntNBN-IC1,58,F?,c.35,675,700,Inhumation
KntNBN-IC1,59,F,Elderly,625,650,Inhumation
KntNBN-IC1,6,M,Unknown,630,670,Inhumation
KntNBN-IC1,60,U,Adult,600,700,Inhumation
KntNBN-IC1,61,F,c.20,600,700,Inhumation
KntNBN-IC1,62/a,M,c.18,640,700,Inhumation
KntNBN-IC1,62/b,F,c.20,640,700,Inhumation
KntNBN-IC1,63,F,c.20,600,700,Inhumation
KntNBN-IC1,64,F,25-35,600,700,Inhumation
KntNBN-IC1,65,F,20-25,600,700,Inhumation
KntNBN-IC1,66,M,40+,600,700,Inhumation
KntNBN-IC1,67,M,c.25,600,650,Inhumation
KntNBN-IC1,68,F,c.6,600,700,Inhumation
KntNBN-IC1,69,F,c.20,600,700,Inhumation
KntNBN-IC1,7,F,2-5,670,680,Inhumation
KntNBN-IC1,70,F?,3-5,600,700,Inhumation
KntNBN-IC1,71,U,Juvenile?,600,700,Inhumation
KntNBN-IC1,72,M,35+,600,700,Inhumation
KntNBN-IC1,73,M,c.25,600,700,Inhumation
KntNBN-IC1,74,M,c.8,600,700,Inhumation
KntNBN-IC1,75,U,c.10,600,700,Inhumation
KntNBN-IC1,76,F,15-17,600,700,Inhumation
KntNBN-IC1,77,U,15-17,600,700,Inhumation
KntNBN-IC1,78,F,50-60,600,700,Inhumation
KntNBN-IC1,79,U,2-3,625,750,Inhumation
KntNBN-IC1,8,F,25-30,675,725,Inhumation
KntNBN-IC1,80,U,Juvenile?,600,700,Inhumation
KntNBN-IC1,81,U,Juvenile?,600,700,Inhumation
KntNBN-IC1,82,M,20-25,625,650,Inhumation
KntNBN-IC1,83,M,30-40,600,650,Inhumation
KntNBN-IC1,84,F,35-40,660,690,Inhumation
KntNBN-IC1,85,U,Unknown,600,700,Inhumation
KntNBN-IC1,86,M,20-30,625,700,Inhumation
KntNBN-IC1,87,F,c.25,600,700,Inhumation
KntNBN-IC1,88,U,4-5,600,700,Inhumation
KntNBN-IC1,89,F,c.22,600,700,Inhumation
KntNBN-IC1,9,M,13-15,550,600,Inhumation
KntNBN-IC1,90,U,Juvenile?,600,700,Inhumation
KntNBN-IC1,91,U,Unknown,600,700,Inhumation
KntNBN-IC1,92,F,Adult,600,700,Inhumation
KntNBN-IC1,93,U,c.35,600,700,Inhumation
KntNBN-IC1,94,M,30-40,600,700,Inhumation
KntNBN-IC1,95,M,c.18,625,650,Inhumation
KntNBN-IC1,96,F,Elderly,675,700,Inhumation
KntNBN-IC1,97,M,30-40,625,700,Inhumation
KntNBN-IC1,98,F,17-19,600,700,Inhumation
KntNBN-IC1,99,M,Adult,600,700,Inhumation
KntNBN-IC1,A1,F,Adult,500,600,Inhumation
KntNBN-IC1,A2,M,Adult,600,700,Inhumation
KntNBN-IC1,A3(4),F?,Unknown,600,700,Inhumation
KntNBN-IC1,A4,M,Adult,600,700,Inhumation
KntNBN-IC1,AA1,U,Unknown,600,700,Inhumation
KntNBN-IC1,AA2,F,c.40,600,700,Inhumation
KntNBN-IC1,AA3(17),M,Adult,600,700,Inhumation
KntNBN-IC1,AA4(14),F,Adult,625,650,Inhumation
KntNBN-IC1,B1,F,c.50,600,700,Inhumation
KntNBN-IC1,C1,U,Child?,500,600,Inhumation
KntNBN-IC1,C2,F?,Unknown,545,555,Inhumation
KntNBN-IC1,D1,U,Unknown,600,700,Inhumation
KntNBN-IC1,D2/3,U,Child?,500,540,Inhumation
KntNBN-IC1,D3/2,F,Unknown,520,530,Inhumation
KntNBN-IC1,D4,U,Unknown,545,555,Inhumation
KntNBN-IC1,D5,U,Child?,600,700,Inhumation
KntNBN-IC1,D6,U,Unknown,600,700,Inhumation
KntNBN-IC1,E1,U,Unknown,600,625,Inhumation
KntNBN-IC1,E2/,F,Adult,550,575,Inhumation
KntNBN-IC1,E2/a,U,Child,570,580,Inhumation
KntNBN-IC1,E3,F,40-50,600,700,Inhumation
KntNBN-IC1,F1,U,Unknown,600,700,Inhumation
KntNBN-IC1,G1,F,Adult,600,625,Inhumation
KntNBN-IC1,G2,M,Adult,630,670,Inhumation
KntNBN-IC1,G3,U,Unknown,600,700,Inhumation
KntNBN-IC1,G4,F,18-20,600,700,Inhumation
KntNBN-IC1,G5,U,Unknown,600,700,Inhumation
KntNBN-IC1,G6,U,Unknown,600,700,Inhumation
KntNBN-IC1,G7(29),F,Adult,520,600,Inhumation
KntNBN-IC1,H1,U,Unknown,600,700,Inhumation
KntNBN-IC1,H2,U,Unknown,545,555,Inhumation
KntNBN-IC1,H3/,M,40-50,545,555,Inhumation
KntNBN-IC1,H3/a,F,Adult,600,700,Inhumation
KntNBN-IC1,H4,U,Unknown,600,700,Inhumation
KntNFT-MC1,1,U,Unknown,450,600,inhumation
KntNFT-MC1,2,U,Unknown,450,600,inhumation
KntNFT-MC1,3,U,Unknown,450,600,inhumation
KntNFT-MC1,4,U,Unknown,450,600,inhumation
KntNFT-MC1,5,U,Unknown,450,600,inhumation
KntNFT-MC1,6,U,Unknown,450,600,inhumation
KntNFT-MC1,7,U,Unknown,450,600,inhumation
KntNFT-MC1,8,U,Unknown,450,600,inhumation
KntNFT-MC1,9,U,Unknown,450,600,inhumation
KntNFT-MC1,10,U,Unknown,450,600,inhumation
KntNFT-MC1,11,U,Unknown,450,600,inhumation
KntNFT-MC1,12,U,Unknown,450,600,inhumation
KntNFT-MC1,13,U,Unknown,450,600,inhumation
KntNFT-MC1,14,U,Unknown,450,600,inhumation
KntNFT-MC1,15,U,Unknown,450,600,inhumation
KntNFT-MC1,16,U,Unknown,450,600,inhumation
KntNFT-MC1,17,U,Unknown,450,600,inhumation
KntNFT-MC1,18,U,Unknown,450,600,inhumation
KntNFT-MC1,19,U,Unknown,450,600,inhumation
KntNFT-MC1,20,U,Unknown,450,600,inhumation
KntNFT-MC1,21,U,Unknown,450,600,inhumation
KntNFT-MC1,22,U,Unknown,450,600,inhumation
KntNFT-MC1,23,U,Unknown,450,600,inhumation
KntNFT-MC1,24,U,Unknown,450,600,inhumation
KntNNH-IC2,1,U,Adult,350,700,inhumation
KntNNH-IC2,2,U,Adult,350,700,inhumation
KntNNH-IC2,3,U,Child,350,700,inhumation
KntNON-IC1,15,U,Unknown,600,700,inhumation
KntNON-IC1,16,U,Unknown,600,700,inhumation
KntNON-IC1,17,U,Unknown,600,700,inhumation
KntNON-IC1,18,U,Unknown,600,700,inhumation
KntNON-IC1,19,U,Unknown,600,700,inhumation
KntNON-IC1,1,U,Unknown,600,750,inhumation
KntNON-IC1,2,U,Unknown,600,750,inhumation
KntNON-IC1,3,U,Unknown,600,750,inhumation
KntNON-IC1,4,U,Unknown,600,750,inhumation
KntNON-IC1,5,U,Unknown,600,750,inhumation
KntNON-IC1,6,U,Unknown,600,750,inhumation
KntNON-IC1,7,U,Unknown,600,750,inhumation
KntNON-IC1,8,U,Unknown,600,750,inhumation
KntNON-IC1,9,U,Unknown,600,750,inhumation
KntNON-IC1,10,U,Unknown,600,750,inhumation
KntNON-IC1,11,U,Unknown,600,750,inhumation
KntNON-IC1,12,U,Unknown,600,750,inhumation
KntNON-IC1,13,U,Unknown,600,750,inhumation
KntNON-IC1,14,U,Unknown,600,750,inhumation
KntOPN-MC1,1,U,Adult,450,525,Cremation
KntOPN-MC1,10,U,Unknown,450,525,Cremation
KntOPN-MC1,11,U,Unknown,450,525,Cremation
KntOPN-MC1,12,U,Unknown,450,525,Cremation
KntOPN-MC1,13,U,Unknown,450,525,Cremation
KntOPN-MC1,14,U,Unknown,450,525,Cremation
KntOPN-MC1,15,U,Unknown,450,525,Cremation
KntOPN-MC1,16,U,Unknown,450,525,Cremation
KntOPN-MC1,17,U,Unknown,450,525,Cremation
KntOPN-MC1,18,U,Unknown,450,525,Cremation
KntOPN-MC1,19,F,20,475,535,Inhumation
KntOPN-MC1,2,U,30,450,525,Inhumation
KntOPN-MC1,20,U,7-8,550,625,Inhumation
KntOPN-MC1,21,F,35,450,550,Inhumation
KntOPN-MC1,22,F,40-45,450,600,Inhumation
KntOPN-MC1,23,M,45-50,450,600,Inhumation
KntOPN-MC1,24,U,4,450,600,Inhumation
KntOPN-MC1,25,M,35-40,525,615,Inhumation
KntOPN-MC1,26,M,30,550,600,Inhumation
KntOPN-MC1,27,U,Unknown,450,525,Cremation
KntOPN-MC1,28,U,Unknown,430,470,Cremation
KntOPN-MC1,29,F,25-30,450,600,Inhumation
KntOPN-MC1,3,M,30-45,525,575,Inhumation
KntOPN-MC1,30,U,Unknown,450,525,Cremation
KntOPN-MC1,31,U,Child,450,600,Inhumation
KntOPN-MC1,32,U,3,450,525,Inhumation
KntOPN-MC1,33,U,1-2,450,600,Inhumation
KntOPN-MC1,34,U,Unknown,475,525,Cremation
KntOPN-MC1,35,F,35,475,535,Inhumation
KntOPN-MC1,36,M,25-30,500,600,Inhumation
KntOPN-MC1,37,M,35-40,525,615,Inhumation
KntOPN-MC1,38,M,20-30,475,600,Inhumation
KntOPN-MC1,39,F,Adult,475,525,Inhumation
KntOPN-MC1,4,F,Unknown,475,550,Inhumation
KntOPN-MC1,40,F,Adult,450,600,Inhumation
KntOPN-MC1,41,F,13,500,550,Inhumation
KntOPN-MC1,42,M,30,525,600,Inhumation
KntOPN-MC1,43,F,Adult,450,600,Inhumation
KntOPN-MC1,44,U,Unknown,475,575,Inhumation
KntOPN-MC1,45,F?,Adult,530,550,Inhumation
KntOPN-MC1,46,U,Unknown,450,525,Cremation
KntOPN-MC1,47,U,Adult,450,600,Inhumation
KntOPN-MC1,48,U,Adult,450,600,Inhumation
KntOPN-MC1,49,U,Adult,450,600,Inhumation
KntOPN-MC1,5,M,20,450,575,Inhumation
KntOPN-MC1,50,U,Unknown,450,525,Cremation
KntOPN-MC1,51,F,35-45,475,525,Inhumation
KntOPN-MC1,52,U,Unknown,400,500,Cremation
KntOPN-MC1,53,U,Adult,450,600,Inhumation
KntOPN-MC1,54,U,Adult,450,600,Inhumation
KntOPN-MC1,55,U,Adult,450,600,Inhumation
KntOPN-MC1,56,F,30-35,450,600,Inhumation
KntOPN-MC1,57,U,Adult,450,600,Inhumation
KntOPN-MC1,58,F,20-25,450,525,Inhumation
KntOPN-MC1,59,U,30,450,600,Inhumation
KntOPN-MC1,6,F,25-30,450,600,Inhumation
KntOPN-MC1,60,U,Adult,500,525,Inhumation
KntOPN-MC1,61,U,Adult,450,525,Inhumation
KntOPN-MC1,62,U,Adult,500,600,Inhumation
KntOPN-MC1,63,U,Adult,450,600,Inhumation
KntOPN-MC1,64,U,Adult,450,600,Inhumation
KntOPN-MC1,65,U,Adult,475,550,Inhumation
KntOPN-MC1,66,U,Adult,450,600,Inhumation
KntOPN-MC1,67,U,Adult,450,600,Inhumation
KntOPN-MC1,68,U,20-25,450,525,Inhumation
KntOPN-MC1,69,U,20-30,450,600,Inhumation
KntOPN-MC1,7,M,40,525,575,Inhumation
KntOPN-MC1,70,U,Adult,450,600,Inhumation
KntOPN-MC1,71,U,Adult,475,615,Inhumation
KntOPN-MC1,72,U,Adult,450,600,Inhumation
KntOPN-MC1,73,M,40-45,450,600,Inhumation
KntOPN-MC1,74,F,20-25,450,600,Inhumation
KntOPN-MC1,75,U,Child,475,525,Inhumation
KntOPN-MC1,76,M,40,475,615,Inhumation
KntOPN-MC1,77,U,Unknown,450,600,Inhumation
KntOPN-MC1,78,M,20-25,475,500,Inhumation
KntOPN-MC1,79,F,16-18,450,600,Inhumation
KntOPN-MC1,8,U,Unknown,450,600,Cremation
KntOPN-MC1,80,M,Unknown,450,600,Inhumation
KntOPN-MC1,81,M,Adult,475,600,Inhumation
KntOPN-MC1,82,U,Unknown,450,600,Inhumation
KntOPN-MC1,83,U,Unknown,450,600,Inhumation
KntOPN-MC1,84,U,Unknown,450,600,Inhumation
KntOPN-MC1,9,U,Unknown,450,600,Cremation
KntOTF-BC1,1,U,Unknown,500,600,cremation
KntOTF-IC1,31,M,17-25,620,725,Inhumation
KntOTF-IC1,32,M,20-25,620,750,Inhumation
KntOTF-IC1,33,U,1-5,620,750,Inhumation
KntOTF-IC1,34,U,5-10,620,750,Inhumation
KntOTF-IC1,35,M,40-45,620,750,Inhumation
KntOTF-IC1,36,U,25,620,750,Inhumation
KntOTF-IC1,37,U,Unknown,625,675,Inhumation
KntOTF-IC1,38,F,23,650,700,Inhumation
KntOTF-IC1,39,F,20-25,620,750,Inhumation
KntOTF-IC1,4,F,40-50,620,750,Inhumation
KntOTF-IC1,40,M,20,625,700,Inhumation
KntOTF-IC1,41,U,26,600,700,Inhumation
KntOTF-IC1,42/a,U,Adult,675,725,Inhumation
KntOTF-IC1,42/b,U,25,675,725,Inhumation
KntOTF-IC1,43/a,U,Unknown,675,725,Inhumation
KntOTF-IC1,43/b,U,30,675,725,Inhumation
KntOTF-IC1,44,U,35,620,750,Inhumation
KntOTF-IC1,45,M,60,620,650,Inhumation
KntOTF-IC1,46,M,20-30,620,750,Inhumation
KntOTF-IC1,47,M,25,620,750,Inhumation
KntOTF-IC1,48,U,3-5,620,750,Inhumation
KntOTF-IC1,49,U,5-10,620,750,Inhumation
KntOTF-IC1,5,M,40-50,620,750,Inhumation
KntOTF-IC1,50,U,3-5,620,750,Inhumation
KntOTF-IC1,51,U,2-5,600,700,Inhumation
KntOTF-IC1,52/a,U,23,620,700,Inhumation
KntOTF-IC1,52/b,F,33,620,700,Inhumation
KntOTF-IC1,53,U,50,630,700,Inhumation
KntOTF-IC1,54,U,1-5,620,750,Inhumation
KntOTF-IC1,55,U,1-5,600,700,Inhumation
KntOTF-IC1,56,U,15,620,750,Inhumation
KntOTF-IC1,57,U,10-15,620,750,Inhumation
KntOTF-IC1,58,U,Child?,620,750,Inhumation
KntOTF-IC1,59,U,Child?,620,750,Inhumation
KntOTF-IC1,6,M,15-16,620,750,Inhumation
KntOTF-IC1,60/a,F,50,620,750,Inhumation
KntOTF-IC1,60/b,U,15,620,750,Inhumation
KntOTF-IC1,61,U,35,620,750,Inhumation
KntOTF-IC1,62,M,45,620,700,Inhumation
KntOTF-IC1,63/a,U,Adult,620,750,Inhumation
KntOTF-IC1,63/b,U,Adult,620,750,Inhumation
KntOTF-IC1,64/a,U,28,620,750,Inhumation
KntOTF-IC1,64/b,F,Adult,620,750,Inhumation
KntOTF-IC1,65,M,26,640,700,Inhumation
KntOTF-IC1,66,F,Adult,630,725,Inhumation
KntOTF-IC1,67,U,25,620,750,Inhumation
KntOTF-IC1,68/a,U,15,620,650,Inhumation
KntOTF-IC1,68/b,M,30,620,650,Inhumation
KntOTF-IC1,69/a,U,45,620,700,Inhumation
KntOTF-IC1,69/b,U,1-5,620,700,Inhumation
KntOTF-IC1,7,M,50-60,620,750,Inhumation
KntOTF-IC1,1,M,Adult,620,750,Inhumation
KntOTF-IC1,10,M,45,620,750,Inhumation
KntOTF-IC1,100,U,5-10,620,750,Inhumation
KntOTF-IC1,101,U,35,620,750,Inhumation
KntOTF-IC1,102/a,U,20,600,700,Inhumation
KntOTF-IC1,102/b,M,Adult,650,700,Inhumation
KntOTF-IC1,103/a,F,17-25,640,700,Inhumation
KntOTF-IC1,103/b,F,17-25,640,700,Inhumation
KntOTF-IC1,104,U,7,620,750,Inhumation
KntOTF-IC1,105,F,45,620,750,Inhumation
KntOTF-IC1,106,U,8,700,750,Inhumation
KntOTF-IC1,107,U,2-5,620,750,Inhumation
KntOTF-IC1,11,M,Unknown,600,700,Inhumation
KntOTF-IC1,12,M,Unknown,620,750,Inhumation
KntOTF-IC1,13,U,Unknown,620,750,Inhumation
KntOTF-IC1,14,M,25,620,750,Inhumation
KntOTF-IC1,15,U,Unknown,620,750,Inhumation
KntOTF-IC1,16,U,Unknown,620,750,Inhumation
KntOTF-IC1,17,U,Unknown,620,750,Inhumation
KntOTF-IC1,18,U,Unknown,620,750,Inhumation
KntOTF-IC1,19,U,Unknown,620,750,Inhumation
KntOTF-IC1,2,U,Child,620,750,Inhumation
KntOTF-IC1,20,M,40-45,700,750,Inhumation
KntOTF-IC1,21,U,40-45,700,750,Inhumation
KntOTF-IC1,22,U,22-25,700,750,Inhumation
KntOTF-IC1,23,M,35-45,700,750,Inhumation
KntOTF-IC1,24,U,1-5,620,750,Inhumation
KntOTF-IC1,25,U,Adult,620,750,Inhumation
KntOTF-IC1,26,M,46-55,620,700,Inhumation
KntOTF-IC1,27,M,40-45,620,650,Inhumation
KntOTF-IC1,28,M,45,600,650,Inhumation
KntOTF-IC1,29,F,17-25,620,750,Inhumation
KntOTF-IC1,3,F,20-25,620,750,Inhumation
KntOTF-IC1,30,M,25-30,620,750,Inhumation
KntOTF-IC1,70,U,5-10,620,750,Inhumation
KntOTF-IC1,71,U,15,600,700,Inhumation
KntOTF-IC1,72,U,5-10,620,750,Inhumation
KntOTF-IC1,73,M,25-30,600,650,Inhumation
KntOTF-IC1,74,U,Adult,620,750,Inhumation
KntOTF-IC1,75/a,F,25-30,620,750,Inhumation
KntOTF-IC1,75/b,U,1-5,620,750,Inhumation
KntOTF-IC1,76,F,21,620,750,Inhumation
KntOTF-IC1,77,M,26-35,620,750,Inhumation
KntOTF-IC1,78,U,Child?,620,750,Inhumation
KntOTF-IC1,79,U,Adult,620,700,Inhumation
KntOTF-IC1,8,M,27-28,620,750,Inhumation
KntOTF-IC1,80,U,2-5,620,750,Inhumation
KntOTF-IC1,81/a,U,Adult,625,700,Inhumation
KntOTF-IC1,81/b,M,Adult,600,700,Inhumation
KntOTF-IC1,82/a,F,18-25,620,750,Inhumation
KntOTF-IC1,82/b,U,Child,620,750,Inhumation
KntOTF-IC1,83/a,M,25,650,700,Inhumation
KntOTF-IC1,83/b,U,1-2,650,700,Inhumation
KntOTF-IC1,84,M,18-22,675,725,Inhumation
KntOTF-IC1,85,M,30-35,650,700,Inhumation
KntOTF-IC1,86/a,U,50,600,700,Inhumation
KntOTF-IC1,86/b,U,Child,600,700,Inhumation
KntOTF-IC1,87,U,5-10,620,750,Inhumation
KntOTF-IC1,88,M,12-16,620,750,Inhumation
KntOTF-IC1,89,M,18-25,620,750,Inhumation
KntOTF-IC1,9,M,15-16,630,670,Inhumation
KntOTF-IC1,90,F,25,630,700,Inhumation
KntOTF-IC1,91,M,30,700,750,Inhumation
KntOTF-IC1,92,F,35,620,750,Inhumation
KntOTF-IC1,93,U,Adult,700,750,Inhumation
KntOTF-IC1,94,U,Child,700,800,Inhumation
KntOTF-IC1,95/a,F,20-25,700,750,Inhumation
KntOTF-IC1,95/b,U,5-10,700,750,Inhumation
KntOTF-IC1,96,U,1-5,620,750,Inhumation
KntOTF-IC1,97,U,15,620,700,Inhumation
KntOTF-IC1,98,U,50,700,750,Inhumation
KntOTF-IC1,99/a,U,Adult,620,700,Inhumation
KntOTF-IC1,99/b,M,50,620,700,Inhumation
KntOTF-IC1,99/c,F,18-26,620,700,Inhumation
KntPOS-BI1,1,U,Unknown,540,570,inhumation
KntPXB-BI1,1,U,Unknown,500,700,inhumation
KntPXB-BI1,2,U,Unknown,500,700,inhumation
KntPXB-IC1,1,U,Adult,475,550,Inhumation
KntPXB-IC1,10,U,Adult,475,525,Inhumation
KntPXB-IC1,11,U,Adult,525,575,Inhumation
KntPXB-IC1,12,U,Adult,475,550,Inhumation
KntPXB-IC1,13,U,Adult,475,625,Inhumation
KntPXB-IC1,14,U,Adult,475,625,Inhumation
KntPXB-IC1,15,U,Adult,475,525,Inhumation
KntPXB-IC1,16,U,Adult,475,550,Inhumation
KntPXB-IC1,17,U,Adult,475,550,Inhumation
KntPXB-IC1,18,U,Adult,475,625,Inhumation
KntPXB-IC1,19,U,Adult,475,625,Inhumation
KntPXB-IC1,2,U,Adult,475,625,Inhumation
KntPXB-IC1,20,U,Child,475,625,Inhumation
KntPXB-IC1,21,U,Adult,500,550,Inhumation
KntPXB-IC1,22,U,Adult,525,575,Inhumation
KntPXB-IC1,23,U,Adult,450,500,Inhumation
KntPXB-IC1,24,U,Adult,475,625,Inhumation
KntPXB-IC1,25,U,Child,475,625,Inhumation
KntPXB-IC1,26,U,Child,475,625,Inhumation
KntPXB-IC1,27,U,Adult,525,625,Inhumation
KntPXB-IC1,28,U,Adult,500,525,Inhumation
KntPXB-IC1,29,U,Unknown,530,570,Inhumation
KntPXB-IC1,3,U,Adult,475,625,Inhumation
KntPXB-IC1,30,U,Adult,475,625,Inhumation
KntPXB-IC1,31,U,Child,475,625,Inhumation
KntPXB-IC1,32,U,Adult,530,600,Inhumation
KntPXB-IC1,33,U,Child,475,625,Inhumation
KntPXB-IC1,34,U,Adult,525,575,Inhumation
KntPXB-IC1,35,U,Adult,500,625,Inhumation
KntPXB-IC1,36,U,Child,475,625,Inhumation
KntPXB-IC1,37,U,Adult,500,550,Inhumation
KntPXB-IC1,38,U,Adult,500,600,Inhumation
KntPXB-IC1,39,U,Adult,575,625,Inhumation
KntPXB-IC1,4,U,Adult,575,625,Inhumation
KntPXB-IC1,40,U,Adult,500,525,Inhumation
KntPXB-IC1,41,U,Adult,500,550,Inhumation
KntPXB-IC1,42,U,Adult,500,540,Inhumation
KntPXB-IC1,43/a,U,Adult,575,625,Inhumation
KntPXB-IC1,43/b,U,Adult,575,625,Inhumation
KntPXB-IC1,44,U,Child,475,625,Inhumation
KntPXB-IC1,45,U,Adult,500,575,Inhumation
KntPXB-IC1,46,U,Adult,475,625,Inhumation
KntPXB-IC1,47,U,Adult,475,625,Inhumation
KntPXB-IC1,48,U,Unknown,475,625,Inhumation
KntPXB-IC1,49,U,Adult,475,625,Inhumation
KntPXB-IC1,5,U,Adult,490,550,Inhumation
KntPXB-IC1,50,U,Adult,475,625,Inhumation
KntPXB-IC1,51,U,Adult,500,550,Inhumation
KntPXB-IC1,52,U,Adult,475,625,Inhumation
KntPXB-IC1,53,U,Adult,475,625,Inhumation
KntPXB-IC1,54,U,Adult,475,625,Inhumation
KntPXB-IC1,55,U,Child,475,625,Inhumation
KntPXB-IC1,56,U,Adult,475,625,Inhumation
KntPXB-IC1,57,U,Adult,475,625,Inhumation
KntPXB-IC1,58,U,Adult,475,625,Inhumation
KntPXB-IC1,59,U,Adult,475,625,Inhumation
KntPXB-IC1,6,U,Adult,475,550,Inhumation
KntPXB-IC1,60,U,Adult,475,625,Inhumation
KntPXB-IC1,61,U,Adult,500,530,Inhumation
KntPXB-IC1,62,U,Adult,475,625,Inhumation
KntPXB-IC1,63,U,Adult,540,570,Inhumation
KntPXB-IC1,64/a,U,Adult,525,535,Inhumation
KntPXB-IC1,64/b,U,Adult,525,535,Inhumation
KntPXB-IC1,65,U,Adult,500,575,Inhumation
KntPXB-IC1,66,U,Adult,475,625,Inhumation
KntPXB-IC1,67,U,Adult,475,625,Inhumation
KntPXB-IC1,68,U,Adult,475,625,Inhumation
KntPXB-IC1,69,U,Adult,475,625,Inhumation
KntPXB-IC1,7,U,Child,475,625,Inhumation
KntPXB-IC1,70,U,Adult,500,625,Inhumation
KntPXB-IC1,71,U,Adult,500,575,Inhumation
KntPXB-IC1,72,U,Adult,475,625,Inhumation
KntPXB-IC1,73,U,Adult,575,625,Inhumation
KntPXB-IC1,74,U,Adult,530,575,Inhumation
KntPXB-IC1,75,U,Adult,530,590,Inhumation
KntPXB-IC1,76,U,Adult,500,600,Inhumation
KntPXB-IC1,77,U,Adult,500,530,Inhumation
KntPXB-IC1,78,U,Adult,475,625,Inhumation
KntPXB-IC1,79,U,Adult,475,625,Inhumation
KntPXB-IC1,8,U,Adult,475,625,Inhumation
KntPXB-IC1,80,U,Adult,530,575,Inhumation
KntPXB-IC1,81,U,Child,475,625,Inhumation
KntPXB-IC1,82,U,Adult,475,625,Inhumation
KntPXB-IC1,83/a,U,Unknown,475,625,Inhumation
KntPXB-IC1,83/b,U,Unknown,475,625,Inhumation
KntPXB-IC1,83/c,U,Unknown,475,625,Inhumation
KntPXB-IC1,83/d,U,Unknown,475,625,Inhumation
KntPXB-IC1,83/e,U,Unknown,475,625,Inhumation
KntPXB-IC1,84,U,Adult,500,600,Inhumation
KntPXB-IC1,85,U,Adult,575,625,Inhumation
KntPXB-IC1,86,U,Adult,530,575,Inhumation
KntPXB-IC1,87,U,Adult,475,625,Inhumation
KntPXB-IC1,88,U,Adult,475,625,Inhumation
KntPXB-IC1,89,U,Adult,475,550,Inhumation
KntPXB-IC1,9,U,Adult,475,625,Inhumation
KntPXB-IC1,90,U,Adult,475,625,Inhumation
KntPXB-IC1,91,U,Adult,530,590,Inhumation
KntPXB-IC1,92,U,Adult,500,575,Inhumation
KntPXB-IC1,93,U,Adult,475,625,Inhumation
KntPXB-IC1,KAS,U,Unknown,475,625,Inhumation
KntPXB-IC1,MCG,U,Unknown,490,625,Inhumation
KntRAM-BI1,1/,U,Adult,400,700,inhumation
KntRAM-BI1,1/a,U,Yng adult,400,700,inhumation
KntRAM-BI2,1/,F,35,450,700,inhumation
KntRAM-BI2,1/a,M,35-40,450,700,inhumation
KntRAM-BI2,1/b,U,Infant,450,700,inhumation
KntRAM-BI2,1/c,U,Infant,450,700,inhumation
KntRAM-BI3,1,U,Unknown,400,650,inhumation
KntRAM-BI5,1,U,Child,450,650,inhumation
KntRAM-BI6,1,U,Unknown,650,700,inhumation
KntRAM-IC1,1,F,30,575,625,Inhumation
KntRAM-IC1,10,M,Adolescent,575,675,Inhumation
KntRAM-IC1,100,U,Unknown,525,725,Inhumation
KntRAM-IC1,101,U,Unknown,575,625,Inhumation
KntRAM-IC1,102,U,Unknown,525,725,Inhumation
KntRAM-IC1,103,U,Unknown,575,675,Inhumation
KntRAM-IC1,104,U,Unknown,525,725,Inhumation
KntRAM-IC1,105,U,Unknown,625,675,Inhumation
KntRAM-IC1,106,U,Unknown,625,675,Inhumation
KntRAM-IC1,107,U,Unknown,525,725,Inhumation
KntRAM-IC1,108,U,Unknown,575,625,Inhumation
KntRAM-IC1,109,U,Unknown,525,725,Inhumation
KntRAM-IC1,11,U,Unknown,525,575,Inhumation
KntRAM-IC1,110,U,Unknown,575,625,Inhumation
KntRAM-IC1,111,U,Unknown,525,725,Inhumation
KntRAM-IC1,112,U,Unknown,525,625,Inhumation
KntRAM-IC1,113,U,Unknown,525,725,Inhumation
KntRAM-IC1,114,U,Unknown,575,625,Inhumation
KntRAM-IC1,115,U,Unknown,525,725,Inhumation
KntRAM-IC1,116,U,Unknown,525,725,Inhumation
KntRAM-IC1,117,U,Unknown,525,725,Inhumation
KntRAM-IC1,118,U,Unknown,525,725,Inhumation
KntRAM-IC1,119,U,Unknown,525,675,Inhumation
KntRAM-IC1,12,M,45,525,725,Inhumation
KntRAM-IC1,120,U,Unknown,575,625,Inhumation
KntRAM-IC1,121,U,Unknown,525,725,Inhumation
KntRAM-IC1,122,U,Unknown,525,725,Inhumation
KntRAM-IC1,123,U,Unknown,525,725,Inhumation
KntRAM-IC1,124,U,Unknown,525,725,Inhumation
KntRAM-IC1,125,U,Unknown,525,725,Inhumation
KntRAM-IC1,126,U,Unknown,525,725,Inhumation
KntRAM-IC1,127,U,Unknown,525,725,Inhumation
KntRAM-IC1,128,U,Unknown,525,725,Inhumation
KntRAM-IC1,129,U,Unknown,525,725,Inhumation
KntRAM-IC1,130,U,Unknown,575,675,Inhumation
KntRAM-IC1,131,U,Unknown,575,625,Inhumation
KntRAM-IC1,132,U,Unknown,525,725,Inhumation
KntRAM-IC1,133,U,Unknown,525,725,Inhumation
KntRAM-IC1,134,U,Unknown,525,725,Inhumation
KntRAM-IC1,135,U,Unknown,525,725,Inhumation
KntRAM-IC1,136,U,Unknown,525,625,Inhumation
KntRAM-IC1,137,U,Unknown,575,675,Inhumation
KntRAM-IC1,138,U,Unknown,525,725,Inhumation
KntRAM-IC1,139,U,Unknown,575,675,Inhumation
KntRAM-IC1,13a,F,45,525,725,Inhumation
KntRAM-IC1,13b,U,6,525,725,Inhumation
KntRAM-IC1,14,F,35-40,625,675,Inhumation
KntRAM-IC1,140,U,Unknown,525,725,Inhumation
KntRAM-IC1,141,U,Unknown,525,725,Inhumation
KntRAM-IC1,142,U,Unknown,525,725,Inhumation
KntRAM-IC1,143,U,Unknown,525,725,Inhumation
KntRAM-IC1,144,U,Unknown,525,725,Inhumation
KntRAM-IC1,145,U,Unknown,525,725,Inhumation
KntRAM-IC1,146,U,Unknown,575,675,Inhumation
KntRAM-IC1,147,U,Unknown,625,725,Inhumation
KntRAM-IC1,148,U,Unknown,575,675,Inhumation
KntRAM-IC1,149,U,Unknown,525,725,Inhumation
KntRAM-IC1,15,U,Unknown,625,675,Inhumation
KntRAM-IC1,150,U,Unknown,525,725,Inhumation
KntRAM-IC1,151,U,Unknown,525,725,Inhumation
KntRAM-IC1,152,U,Unknown,475,525,Inhumation
KntRAM-IC1,153,U,Unknown,475,575,Inhumation
KntRAM-IC1,154,U,Unknown,525,625,Inhumation
KntRAM-IC1,155,U,Unknown,600,700,Inhumation
KntRAM-IC1,156/a,U,Unknown,525,625,Inhumation
KntRAM-IC1,156/b,U,Unknown,525,625,Inhumation
KntRAM-IC1,157,U,Unknown,525,625,Inhumation
KntRAM-IC1,158,U,Unknown,525,725,Inhumation
KntRAM-IC1,159,U,Unknown,525,725,Inhumation
KntRAM-IC1,16,M,Adult,575,675,Inhumation
KntRAM-IC1,160,U,Unknown,525,725,Inhumation
KntRAM-IC1,161,U,Unknown,575,625,Inhumation
KntRAM-IC1,162,U,Unknown,525,625,Inhumation
KntRAM-IC1,163,U,Unknown,525,725,Inhumation
KntRAM-IC1,164,U,Unknown,625,675,Inhumation
KntRAM-IC1,165,U,Unknown,525,575,Inhumation
KntRAM-IC1,166,U,Unknown,525,725,Inhumation
KntRAM-IC1,167,U,Unknown,500,550,Inhumation
KntRAM-IC1,168,U,Unknown,625,675,Inhumation
KntRAM-IC1,169,U,Unknown,525,725,Inhumation
KntRAM-IC1,17,M,25-30,625,725,Inhumation
KntRAM-IC1,170,U,Unknown,525,725,Inhumation
KntRAM-IC1,171,U,Unknown,525,725,Inhumation
KntRAM-IC1,172,U,Unknown,575,675,Inhumation
KntRAM-IC1,173,U,Unknown,625,675,Inhumation
KntRAM-IC1,174,U,Unknown,450,525,Inhumation
KntRAM-IC1,175,U,Unknown,575,625,Inhumation
KntRAM-IC1,176,U,Unknown,500,600,Inhumation
KntRAM-IC1,177,U,Unknown,525,725,Inhumation
KntRAM-IC1,178,U,Unknown,525,725,Inhumation
KntRAM-IC1,179,U,Unknown,625,675,Inhumation
KntRAM-IC1,18,M,25-30,625,675,Inhumation
KntRAM-IC1,180,U,Unknown,525,725,Inhumation
KntRAM-IC1,181,U,Unknown,525,725,Inhumation
KntRAM-IC1,182,U,Unknown,475,525,Inhumation
KntRAM-IC1,183,U,Unknown,450,525,Inhumation
KntRAM-IC1,184,U,Unknown,525,725,Inhumation
KntRAM-IC1,185,U,Unknown,575,675,Inhumation
KntRAM-IC1,187,U,Unknown,525,725,Inhumation
KntRAM-IC1,188,U,Unknown,575,625,Inhumation
KntRAM-IC1,189,U,Unknown,525,725,Inhumation
KntRAM-IC1,19/,M,30,625,725,Inhumation
KntRAM-IC1,190,U,Unknown,475,525,Inhumation
KntRAM-IC1,191,U,Unknown,525,725,Inhumation
KntRAM-IC1,192,U,Unknown,525,725,Inhumation
KntRAM-IC1,193,U,Unknown,525,725,Inhumation
KntRAM-IC1,194,U,Unknown,525,725,Inhumation
KntRAM-IC1,195,U,Unknown,525,725,Inhumation
KntRAM-IC1,196,U,Unknown,525,725,Inhumation
KntRAM-IC1,197,U,Unknown,575,675,Inhumation
KntRAM-IC1,198,U,Unknown,525,725,Inhumation
KntRAM-IC1,199,U,Unknown,525,725,Inhumation
KntRAM-IC1,2,U,6 months,625,725,Inhumation
KntRAM-IC1,20,F,6-7,525,725,Inhumation
KntRAM-IC1,200,U,Unknown,525,725,Inhumation
KntRAM-IC1,201,U,Unknown,525,725,Inhumation
KntRAM-IC1,202,U,Unknown,525,725,Inhumation
KntRAM-IC1,203,U,Unknown,525,725,Inhumation
KntRAM-IC1,204,U,Unknown,500,600,Inhumation
KntRAM-IC1,205,U,Unknown,525,625,Inhumation
KntRAM-IC1,206,U,Unknown,525,725,Inhumation
KntRAM-IC1,207,U,Unknown,525,725,Inhumation
KntRAM-IC1,208,U,Unknown,525,725,Inhumation
KntRAM-IC1,209,U,Unknown,525,725,Inhumation
KntRAM-IC1,21,F,Adult,625,675,Inhumation
KntRAM-IC1,210,U,Unknown,500,525,Inhumation
KntRAM-IC1,211,U,Unknown,525,725,Inhumation
KntRAM-IC1,212,U,Unknown,525,625,Inhumation
KntRAM-IC1,213,U,Unknown,525,725,Inhumation
KntRAM-IC1,214,U,Unknown,525,725,Inhumation
KntRAM-IC1,215,U,Unknown,575,675,Inhumation
KntRAM-IC1,216,U,Unknown,525,725,Inhumation
KntRAM-IC1,217,U,Unknown,525,725,Inhumation
KntRAM-IC1,218,U,Unknown,575,675,Inhumation
KntRAM-IC1,219,U,Unknown,525,725,Inhumation
KntRAM-IC1,22,F,Adult,625,725,Inhumation
KntRAM-IC1,220,U,Unknown,525,575,Inhumation
KntRAM-IC1,221,U,Unknown,525,725,Inhumation
KntRAM-IC1,222,U,Unknown,625,675,Inhumation
KntRAM-IC1,223,U,Unknown,575,675,Inhumation
KntRAM-IC1,224,U,Unknown,525,725,Inhumation
KntRAM-IC1,225,U,Unknown,525,725,Inhumation
KntRAM-IC1,226,U,Unknown,525,725,Inhumation
KntRAM-IC1,227,U,Unknown,625,675,Inhumation
KntRAM-IC1,228,U,Unknown,600,700,Inhumation
KntRAM-IC1,229,U,Unknown,525,725,Inhumation
KntRAM-IC1,23,F,25,575,625,Inhumation
KntRAM-IC1,24,F,30,525,725,Inhumation
KntRAM-IC1,25,F,7,525,725,Inhumation
KntRAM-IC1,26,M,35,575,625,Inhumation
KntRAM-IC1,27,F,3,525,575,Inhumation
KntRAM-IC1,28,F,15,625,675,Inhumation
KntRAM-IC1,29,U,Unknown,525,725,Inhumation
KntRAM-IC1,3,F,5,525,725,Inhumation
KntRAM-IC1,30,F,Adult,525,725,Inhumation
KntRAM-IC1,31,F,35-40,625,725,Inhumation
KntRAM-IC1,32,F,Adult,575,675,Inhumation
KntRAM-IC1,33,F,35-40,575,675,Inhumation
KntRAM-IC1,34/a,M,Adult,575,675,Inhumation
KntRAM-IC1,34/b,M,30-35,575,675,Inhumation
KntRAM-IC1,35,U,Infant,525,625,Inhumation
KntRAM-IC1,36,U,Infant,525,725,Inhumation
KntRAM-IC1,37,F,Adult,525,575,Inhumation
KntRAM-IC1,38,M,25-30,525,725,Inhumation
KntRAM-IC1,39,F,20-25,575,675,Inhumation
KntRAM-IC1,4,M,40-45,525,725,Inhumation
KntRAM-IC1,40,F,1-2,525,625,Inhumation
KntRAM-IC1,41,F,12-15,525,725,Inhumation
KntRAM-IC1,42,F,12,525,725,Inhumation
KntRAM-IC1,43,F,19,525,625,Inhumation
KntRAM-IC1,44,F,20-25,525,725,Inhumation
KntRAM-IC1,45,F,35-40,625,725,Inhumation
KntRAM-IC1,46,U,9,525,625,Inhumation
KntRAM-IC1,47,F,20-25,675,725,Inhumation
KntRAM-IC1,48,F,25-30,625,725,Inhumation
KntRAM-IC1,49,U,21-25,525,725,Inhumation
KntRAM-IC1,5,F,Adult,625,725,Inhumation
KntRAM-IC1,50,M,25-30,525,725,Inhumation
KntRAM-IC1,51,M,25-30,575,675,Inhumation
KntRAM-IC1,52,F,Adult,525,725,Inhumation
KntRAM-IC1,53,F,30-35,525,725,Inhumation
KntRAM-IC1,54,M,20-25,525,575,Inhumation
KntRAM-IC1,55,U,6-8,525,725,Inhumation
KntRAM-IC1,56,U,6,575,675,Inhumation
KntRAM-IC1,57,M,35-40,525,725,Inhumation
KntRAM-IC1,58/,M,40-45,625,725,Inhumation
KntRAM-IC1,59,F,7-8,525,725,Inhumation
KntRAM-IC1,6,F,22,625,700,Inhumation
KntRAM-IC1,60,M,Adult,450,525,Inhumation
KntRAM-IC1,61,M,Adult,525,675,Inhumation
KntRAM-IC1,62,M,20-25,525,725,Inhumation
KntRAM-IC1,63,U,4-5,525,725,Inhumation
KntRAM-IC1,64,M,25-30,525,575,Inhumation
KntRAM-IC1,65,F,25-30,525,725,Inhumation
KntRAM-IC1,66,M,30-35,575,675,Inhumation
KntRAM-IC1,67,M,40-45,575,675,Inhumation
KntRAM-IC1,68,F,40-45,575,675,Inhumation
KntRAM-IC1,69,F,35-40,525,725,Inhumation
KntRAM-IC1,7,M,23,575,675,Inhumation
KntRAM-IC1,70,M,35-40,625,675,Inhumation
KntRAM-IC1,71,M,20-25,475,675,Inhumation
KntRAM-IC1,72,F,25-30,625,675,Inhumation
KntRAM-IC1,73,M,Adult,525,725,Inhumation
KntRAM-IC1,74,U,4-5,525,725,Inhumation
KntRAM-IC1,75,U,Adult,575,625,Inhumation
KntRAM-IC1,76,U,7-8,525,725,Inhumation
KntRAM-IC1,77,U,0-1,525,725,Inhumation
KntRAM-IC1,78,M,40-45,525,725,Inhumation
KntRAM-IC1,79,F,35-40,625,675,Inhumation
KntRAM-IC1,8,M,30,575,625,Inhumation
KntRAM-IC1,80,M,40-45,625,675,Inhumation
KntRAM-IC1,81,F,20-25,525,725,Inhumation
KntRAM-IC1,82,M,25-30,525,725,Inhumation
KntRAM-IC1,83,M,40-45,525,725,Inhumation
KntRAM-IC1,84,M,30-35,575,675,Inhumation
KntRAM-IC1,85,U,1-2,525,725,Inhumation
KntRAM-IC1,86,U,0-1,575,625,Inhumation
KntRAM-IC1,87,U,0-1,525,725,Inhumation
KntRAM-IC1,88,U,Unknown,625,675,Inhumation
KntRAM-IC1,89,U,Unknown,575,725,Inhumation
KntRAM-IC1,9,F,Adult,625,700,Inhumation
KntRAM-IC1,90,U,Unknown,625,725,Inhumation
KntRAM-IC1,91,U,Unknown,525,725,Inhumation
KntRAM-IC1,92,U,Unknown,575,625,Inhumation
KntRAM-IC1,93,U,Unknown,575,675,Inhumation
KntRAM-IC1,94,U,Unknown,575,675,Inhumation
KntRAM-IC1,95,U,Unknown,625,675,Inhumation
KntRAM-IC1,96,U,Unknown,525,725,Inhumation
KntRAM-IC1,97,U,Unknown,575,675,Inhumation
KntRAM-IC1,98,U,Unknown,525,725,Inhumation
KntRAM-IC1,99,U,Unknown,525,725,Inhumation
KntRAM-IC1,1845OA,U,Unknown,475,725,Inhumation
KntRAM-IC2,1,U,Unknown,500,700,inhumation
KntRAM-IC2,2,U,Unknown,500,700,inhumation
KntRAM-IC2,3,U,Unknown,500,700,inhumation
KntRAM-IC2,4,U,Unknown,500,700,inhumation
KntRAM-IC3,1,U,Unknown,600,700,inhumation
KntRAM-IC5,2246,U,Unknown,500,700,inhumation
KntRAM-IC5,2449,U,Unknown,500,700,inhumation
KntRAM-IC5,2482,U,Unknown,500,700,inhumation
KntRAM-IC5,2484,U,Unknown,500,700,inhumation
KntRAM-IC5,2501,U,Unknown,500,700,inhumation
KntRAM-IC5,2505,U,Unknown,500,700,inhumation
KntRAM-IC5,2536,U,Unknown,500,700,inhumation
KntRAM-IC5,2537,U,Unknown,500,700,inhumation
KntRAM-IC5,2550,U,Unknown,675,725,inhumation
KntRAM-IC5,2555,U,Unknown,500,600,inhumation
KntRAM-IC5,2557,U,18+,500,600,inhumation
KntRAM-IC5,2559,U,Unknown,500,550,inhumation
KntRAM-IC5,2562,U,Unknown,500,700,inhumation
KntRAM-IC5,2564,U,Unknown,500,700,inhumation
KntRAM-IC5,2683,U,Unknown,500,700,inhumation
KntRAM-IC5,2697,U,15+,575,625,inhumation
KntRAM-IC5,2756,U,Unknown,550,600,inhumation
KntRAM-IC5,3036,U,Unknown,500,700,inhumation
KntRAM-IC5,3066,U,Unknown,500,600,inhumation
KntRAM-IC5,3514,U,Unknown,500,700,inhumation
KntRAM-IC5,3525,U,Unknown,500,680,inhumation
KntRAM-IC5,3542,U,Unknown,650,700,inhumation
KntRAM-IC5,3582,U,Unknown,500,700,inhumation
KntRAM-IC5,3603,U,Unknown,500,700,inhumation
KntRCR-BI1,1,M,Elderly,500,700,inhumation
KntRCR-IC1,1,U,Adult,500,700,Inhumation
KntRCR-IC1,10,U,Adult,500,700,Inhumation
KntRCR-IC1,11,M,Adult,500,600,Inhumation
KntRCR-IC1,12,M,Adult,500,700,Inhumation
KntRCR-IC1,13,M,Adult,500,600,Inhumation
KntRCR-IC1,14,U,Adult,500,700,Inhumation
KntRCR-IC1,15,U,Adult,500,700,Inhumation
KntRCR-IC1,16,F?,Adult,500,700,Inhumation
KntRCR-IC1,17,M,Adult,500,700,Inhumation
KntRCR-IC1,18,M,Adult,550,700,Inhumation
KntRCR-IC1,19,U,Adult,500,700,Inhumation
KntRCR-IC1,2,F,Adult,575,650,Inhumation
KntRCR-IC1,20,U,Adult,500,700,Inhumation
KntRCR-IC1,21,u,Adult,500,700,Inhumation
KntRCR-IC1,22,M,Adult,500,600,Inhumation
KntRCR-IC1,23,U,Adult,500,700,Inhumation
KntRCR-IC1,24,U,Adult,500,700,Inhumation
KntRCR-IC1,25,U,Adult,500,700,Inhumation
KntRCR-IC1,26,F,Adult,500,700,Inhumation
KntRCR-IC1,27,M,Adult,500,700,Inhumation
KntRCR-IC1,28,U,Adult,500,700,Inhumation
KntRCR-IC1,29,u,Adult,500,700,Inhumation
KntRCR-IC1,3,U,Adult,500,700,Inhumation
KntRCR-IC1,30,M,Adult,450,550,Inhumation
KntRCR-IC1,31,M,Adult,450,550,Inhumation
KntRCR-IC1,32,u,Adult,500,700,Inhumation
KntRCR-IC1,33,U,Adult,500,700,Inhumation
KntRCR-IC1,34,U,Adult,500,700,Inhumation
KntRCR-IC1,35,u,20-30,500,700,Inhumation
KntRCR-IC1,36,F,16-20,500,700,Inhumation
KntRCR-IC1,37,M,20-30,500,700,Inhumation
KntRCR-IC1,4,U,Adult,500,700,Inhumation
KntRCR-IC1,5,U,Adult,500,700,Inhumation
KntRCR-IC1,6/7,M,Adult,500,700,Inhumation
KntRCR-IC1,7/6,U,Adult,500,700,Inhumation
KntRCR-IC1,8,F?,Adult,500,700,Inhumation
KntRCR-IC1,9,U,Adult,500,700,Inhumation
KntRCR-IC3,1,U,Unknown,500,600,inhumation
KntRCR-IC3,2,U,Unknown,500,600,inhumation
KntRCR-IC3,3,U,Unknown,500,600,inhumation
KntRCR-IC3,4,U,Unknown,500,600,inhumation
KntRCR-IC3,5,U,Unknown,500,600,inhumation
KntRCR-IC3,6,U,Unknown,500,600,inhumation
KntRCR-IC3,7,U,Unknown,500,600,inhumation
KntRCR-IC3,8,U,Unknown,500,600,inhumation
KntRCR-IC3,9,U,Unknown,500,600,inhumation
KntRCR-IC3,10,U,Unknown,500,600,inhumation
KntRCR-IC3,11,U,Unknown,500,600,inhumation
KntRCR-IC3,12,U,Unknown,500,600,inhumation
KntRCR-IC3,13,U,Unknown,500,600,inhumation
KntRCR-IC3,14,U,Unknown,500,600,inhumation
KntRCR-IC3,15,U,Unknown,500,600,inhumation
KntRCR-IC3,16,U,Unknown,500,600,inhumation
KntRCR-IC3,17,U,Unknown,500,600,inhumation
KntRCR-IC3,18,U,Unknown,500,600,inhumation
KntRCR-IC3,19,U,Unknown,500,600,inhumation
KntRCR-IC3,20,U,Unknown,500,600,inhumation
KntRGW-BI1,1,U,Unknown,500,600,inhumation
KntRGW-BI2,1,U,Unknown,575,650,inhumation
KntRGW-IC1,1,U,Unknown,500,600,Inhumation
KntRGW-IC1,2,U,Unknown,500,600,Inhumation
KntRPL-BI1,1,U,Unknown,450,700,inhumation
KntSAR-IC1,1/a,U,Adult,500,700,Inhumation
KntSAR-IC1,1/b,U,Adult,500,700,Inhumation
KntSAR-IC1,10,U,Child?,500,625,Inhumation
KntSAR-IC1,100,U,Adult,500,700,Inhumation
KntSAR-IC1,101,U,Adult,500,600,Inhumation
KntSAR-IC1,102,U,Adult,500,600,Inhumation
KntSAR-IC1,103,U,Adult,625,700,Inhumation
KntSAR-IC1,104,U,Child?,500,700,Inhumation
KntSAR-IC1,105,U,Adult,500,700,Inhumation
KntSAR-IC1,106,U,Adult,500,700,Inhumation
KntSAR-IC1,107,U,Adult,500,700,Inhumation
KntSAR-IC1,108,U,Adult,625,700,Inhumation
KntSAR-IC1,109,U,Adult,500,700,Inhumation
KntSAR-IC1,11,U,Adult,500,700,Inhumation
KntSAR-IC1,110,U,Child,500,600,Inhumation
KntSAR-IC1,111,U,Adult,500,700,Inhumation
KntSAR-IC1,112,U,Adult,500,700,Inhumation
KntSAR-IC1,113,U,Adult,575,700,Inhumation
KntSAR-IC1,114,U,Adult,500,700,Inhumation
KntSAR-IC1,115,U,Adult,600,660,Inhumation
KntSAR-IC1,116,U,Adult,500,700,Inhumation
KntSAR-IC1,117,U,Adult,500,700,Inhumation
KntSAR-IC1,118,U,Adult,575,700,Inhumation
KntSAR-IC1,119,U,Adult,500,700,Inhumation
KntSAR-IC1,12,U,Adult,625,700,Inhumation
KntSAR-IC1,120/a,U,Adult,500,600,Inhumation
KntSAR-IC1,120/b,U,Child,500,600,Inhumation
KntSAR-IC1,121,U,Adult,500,700,Inhumation
KntSAR-IC1,122,U,Adult,500,700,Inhumation
KntSAR-IC1,123,U,Child,600,700,Inhumation
KntSAR-IC1,124,U,Adult,500,700,Inhumation
KntSAR-IC1,125,U,Adult,575,700,Inhumation
KntSAR-IC1,126,U,Adult,500,700,Inhumation
KntSAR-IC1,127,U,Adult,500,700,Inhumation
KntSAR-IC1,128/a,U,Adult,625,700,Inhumation
KntSAR-IC1,128/b,U,Adult,500,700,Inhumation
KntSAR-IC1,128/c,U,Adult,500,700,Inhumation
KntSAR-IC1,129,U,Child,500,700,Inhumation
KntSAR-IC1,13,U,Old,500,600,Inhumation
KntSAR-IC1,130,U,Adult,600,650,Inhumation
KntSAR-IC1,131,U,Adult,500,700,Inhumation
KntSAR-IC1,132,U,Adult,500,700,Inhumation
KntSAR-IC1,133,U,Child,500,700,Inhumation
KntSAR-IC1,134/a,U,Adult,500,700,Inhumation
KntSAR-IC1,134/b,U,Adult,500,700,Inhumation
KntSAR-IC1,135,U,Adult,500,625,Inhumation
KntSAR-IC1,136,U,Adult,500,700,Inhumation
KntSAR-IC1,137,U,Adult,500,700,Inhumation
KntSAR-IC1,138,U,Adult,550,700,Inhumation
KntSAR-IC1,139,U,Adult,500,700,Inhumation
KntSAR-IC1,14/a,U,Adult,500,700,Inhumation
KntSAR-IC1,14/b,U,Adult,500,700,Inhumation
KntSAR-IC1,140,U,Adult,500,600,Inhumation
KntSAR-IC1,141,U,girl,575,700,Inhumation
KntSAR-IC1,142,U,Adult,575,700,Inhumation
KntSAR-IC1,143,U,Adult,500,700,Inhumation
KntSAR-IC1,144,U,Adult,500,600,Inhumation
KntSAR-IC1,145,U,Adult,500,700,Inhumation
KntSAR-IC1,146,U,Adult,500,700,Inhumation
KntSAR-IC1,147,U,Adult,500,700,Inhumation
KntSAR-IC1,148,U,Adult,500,540,Inhumation
KntSAR-IC1,149,U,Adult,500,700,Inhumation
KntSAR-IC1,15,U,Adult,500,700,Inhumation
KntSAR-IC1,150,U,Adult,500,700,Inhumation
KntSAR-IC1,151,U,Adult,500,700,Inhumation
KntSAR-IC1,152/a,U,Adult,500,700,Inhumation
KntSAR-IC1,152/b,U,Adult,500,700,Inhumation
KntSAR-IC1,153,U,Adult,575,650,Inhumation
KntSAR-IC1,154,U,Adult,500,600,Inhumation
KntSAR-IC1,155,U,Adult,500,700,Inhumation
KntSAR-IC1,156,U,Adult,625,700,Inhumation
KntSAR-IC1,157,U,Adult,625,700,Inhumation
KntSAR-IC1,158,U,Adult,575,600,Inhumation
KntSAR-IC1,159,U,Adult,520,580,Inhumation
KntSAR-IC1,16,U,Adult,500,700,Inhumation
KntSAR-IC1,160,U,Adult,500,700,Inhumation
KntSAR-IC1,161,U,Adult,500,700,Inhumation
KntSAR-IC1,162,U,Adult,575,650,Inhumation
KntSAR-IC1,163,U,Adult,500,700,Inhumation
KntSAR-IC1,164,U,Adult,500,700,Inhumation
KntSAR-IC1,165,U,Adult,500,700,Inhumation
KntSAR-IC1,166,U,Adult,500,600,Inhumation
KntSAR-IC1,167,U,Adult,625,700,Inhumation
KntSAR-IC1,168,U,Adult,625,700,Inhumation
KntSAR-IC1,169,U,Adult,500,700,Inhumation
KntSAR-IC1,17/a,U,Adult,500,700,Inhumation
KntSAR-IC1,17/b,U,Child,500,700,Inhumation
KntSAR-IC1,170,U,Adult,500,700,Inhumation
KntSAR-IC1,171,U,Adult,500,700,Inhumation
KntSAR-IC1,172,U,Adult,500,700,Inhumation
KntSAR-IC1,173,U,Adult,575,700,Inhumation
KntSAR-IC1,174,U,Adult,500,700,Inhumation
KntSAR-IC1,175,U,Adult,500,700,Inhumation
KntSAR-IC1,176,U,Child,500,700,Inhumation
KntSAR-IC1,177,U,Child,500,600,Inhumation
KntSAR-IC1,178,U,Adult,500,700,Inhumation
KntSAR-IC1,179,U,Adult,500,700,Inhumation
KntSAR-IC1,18,U,Adult,500,700,Inhumation
KntSAR-IC1,180,U,Adult,575,700,Inhumation
KntSAR-IC1,181,U,Adult,500,700,Inhumation
KntSAR-IC1,182,U,Adult,500,700,Inhumation
KntSAR-IC1,183,U,Adult,500,700,Inhumation
KntSAR-IC1,184,U,Adult,500,700,Inhumation
KntSAR-IC1,1841,U,Adult,600,610,Inhumation
KntSAR-IC1,185,U,Adult,575,650,Inhumation
KntSAR-IC1,186,U,Adult,500,700,Inhumation
KntSAR-IC1,1860/,U,Yng adult?,620,630,Inhumation
KntSAR-IC1,1860/a,U,Adult,620,630,Inhumation
KntSAR-IC1,187,U,Adult,575,700,Inhumation
KntSAR-IC1,188/a,U,Adult,575,700,Inhumation
KntSAR-IC1,188/b,U,Child,500,700,Inhumation
KntSAR-IC1,189,U,Adult,500,700,Inhumation
KntSAR-IC1,19,U,Adult,500,600,Inhumation
KntSAR-IC1,190,U,Adult,600,650,Inhumation
KntSAR-IC1,191,U,Adult,500,700,Inhumation
KntSAR-IC1,192,U,Adult,500,700,Inhumation
KntSAR-IC1,193,U,Adult,500,700,Inhumation
KntSAR-IC1,194,U,Adult,500,700,Inhumation
KntSAR-IC1,195,U,Adult,500,700,Inhumation
KntSAR-IC1,196/a,U,Adult,500,700,Inhumation
KntSAR-IC1,196/b,U,Adult,500,700,Inhumation
KntSAR-IC1,197,U,Adult,500,700,Inhumation
KntSAR-IC1,198,U,Adult,500,700,Inhumation
KntSAR-IC1,199,U,Adult,500,700,Inhumation
KntSAR-IC1,2,U,Adult,500,700,Inhumation
KntSAR-IC1,20,U,Adult,625,700,Inhumation
KntSAR-IC1,200/a,U,Adult,500,700,Inhumation
KntSAR-IC1,200/b,U,Adult,500,700,Inhumation
KntSAR-IC1,201,U,Adult,500,700,Inhumation
KntSAR-IC1,202,U,Adolescent,625,700,Inhumation
KntSAR-IC1,203,U,Adult,500,700,Inhumation
KntSAR-IC1,204,U,Adult,500,700,Inhumation
KntSAR-IC1,205,U,Child,500,700,Inhumation
KntSAR-IC1,206,U,Adult,500,700,Inhumation
KntSAR-IC1,207,U,Adult,625,700,Inhumation
KntSAR-IC1,208,U,Adult,500,700,Inhumation
KntSAR-IC1,209,U,Adult,625,700,Inhumation
KntSAR-IC1,21,U,Adult,500,700,Inhumation
KntSAR-IC1,210/a,U,Child,560,620,Inhumation
KntSAR-IC1,210/b,U,Child,560,620,Inhumation
KntSAR-IC1,211,U,Adult,625,650,Inhumation
KntSAR-IC1,212,U,Adult,500,700,Inhumation
KntSAR-IC1,213,U,Adult,500,700,Inhumation
KntSAR-IC1,214,U,Adult,500,700,Inhumation
KntSAR-IC1,215,U,Adult,600,650,Inhumation
KntSAR-IC1,216,U,Adult,500,700,Inhumation
KntSAR-IC1,217,U,Adult,500,700,Inhumation
KntSAR-IC1,218,U,Adult,500,700,Inhumation
KntSAR-IC1,219,U,Adult,500,700,Inhumation
KntSAR-IC1,22,U,Adult,500,700,Inhumation
KntSAR-IC1,220,U,Adult,575,700,Inhumation
KntSAR-IC1,221,U,Adult,500,700,Inhumation
KntSAR-IC1,222,U,Adult,500,700,Inhumation
KntSAR-IC1,223,U,Child,500,700,Inhumation
KntSAR-IC1,224,U,Adult,500,700,Inhumation
KntSAR-IC1,225,U,Adult,575,700,Inhumation
KntSAR-IC1,226,U,Adult,670,710,Inhumation
KntSAR-IC1,227,U,Adult,500,700,Inhumation
KntSAR-IC1,228,U,Adult,500,700,Inhumation
KntSAR-IC1,229,U,Adult,500,700,Inhumation
KntSAR-IC1,23,U,Child,575,700,Inhumation
KntSAR-IC1,230,U,Adult,625,700,Inhumation
KntSAR-IC1,231,U,Adult,625,700,Inhumation
KntSAR-IC1,232,U,Adult,500,600,Inhumation
KntSAR-IC1,233,U,Adult,600,650,Inhumation
KntSAR-IC1,234,U,Adult,500,700,Inhumation
KntSAR-IC1,235,U,Adult,500,700,Inhumation
KntSAR-IC1,236,U,Young,500,700,Inhumation
KntSAR-IC1,237,U,Adult,500,700,Inhumation
KntSAR-IC1,238/a,U,Adult,500,700,Inhumation
KntSAR-IC1,238/b,U,Adult,500,700,Inhumation
KntSAR-IC1,239,U,Adult,500,700,Inhumation
KntSAR-IC1,24,U,Adult,500,700,Inhumation
KntSAR-IC1,240,U,Adult,575,700,Inhumation
KntSAR-IC1,241,U,Adult,500,700,Inhumation
KntSAR-IC1,242,U,Adult,500,700,Inhumation
KntSAR-IC1,243,U,Adult,500,700,Inhumation
KntSAR-IC1,244,U,Adult,500,700,Inhumation
KntSAR-IC1,245,U,Adult,500,700,Inhumation
KntSAR-IC1,246,U,Child,500,700,Inhumation
KntSAR-IC1,247,U,Child,500,700,Inhumation
KntSAR-IC1,248,U,Adult,500,700,Inhumation
KntSAR-IC1,249,U,Adult,500,700,Inhumation
KntSAR-IC1,25,U,Child,500,700,Inhumation
KntSAR-IC1,250,U,Adult,625,700,Inhumation
KntSAR-IC1,251,U,Adult,500,700,Inhumation
KntSAR-IC1,252,U,Adult,500,700,Inhumation
KntSAR-IC1,253,U,Adult,600,700,Inhumation
KntSAR-IC1,254,U,Adult,500,700,Inhumation
KntSAR-IC1,255,U,Adult,500,700,Inhumation
KntSAR-IC1,256,U,Adult,550,600,Inhumation
KntSAR-IC1,257,U,Child,500,700,Inhumation
KntSAR-IC1,258,U,Child,500,700,Inhumation
KntSAR-IC1,259,U,Adult,500,700,Inhumation
KntSAR-IC1,26,U,Adult,500,600,Inhumation
KntSAR-IC1,260/a,U,Adult,530,570,Inhumation
KntSAR-IC1,260/b,U,Child,530,570,Inhumation
KntSAR-IC1,261,U,Adult,500,700,Inhumation
KntSAR-IC1,262,U,Adult,500,700,Inhumation
KntSAR-IC1,263,U,Adult,575,700,Inhumation
KntSAR-IC1,264,U,Adult,500,700,Inhumation
KntSAR-IC1,265,U,Adult,500,700,Inhumation
KntSAR-IC1,266,U,Child,500,700,Inhumation
KntSAR-IC1,267/a,U,Adult,500,700,Inhumation
KntSAR-IC1,267/b,U,Child,500,700,Inhumation
KntSAR-IC1,268,U,Adult,500,700,Inhumation
KntSAR-IC1,269,U,Adult,500,700,Inhumation
KntSAR-IC1,27,U,Adult,500,600,Inhumation
KntSAR-IC1,270,U,Adult,500,700,Inhumation
KntSAR-IC1,271/a,U,Adult,500,700,Inhumation
KntSAR-IC1,271/b,U,Adult,500,700,Inhumation
KntSAR-IC1,272,U,Adult,500,700,Inhumation
KntSAR-IC1,273/a,U,Adult,500,700,Inhumation
KntSAR-IC1,273/b,U,Adult,500,700,Inhumation
KntSAR-IC1,274,F,6-8,575,700,Inhumation
KntSAR-IC1,275,M,25-30,575,700,Inhumation
KntSAR-IC1,276,U,Adult,500,700,Inhumation
KntSAR-IC1,277,F,4-6,625,700,Inhumation
KntSAR-IC1,278,F,3-5,575,700,Inhumation
KntSAR-IC1,279/a,U,Adult,500,700,Inhumation
KntSAR-IC1,279/b,F?,Adult,500,700,Inhumation
KntSAR-IC1,279/c,U,Child,500,700,Inhumation
KntSAR-IC1,279/d,U,Juvenile,500,700,Inhumation
KntSAR-IC1,28,U,Adult,500,700,Inhumation
KntSAR-IC1,280,M,Child,625,700,Inhumation
KntSAR-IC1,281,F,25-30,500,700,Inhumation
KntSAR-IC1,282,U,25-30,500,700,Inhumation
KntSAR-IC1,283,M,30+,525,600,Inhumation
KntSAR-IC1,284,U,9,500,700,Inhumation
KntSAR-IC1,285,F,20,550,600,Inhumation
KntSAR-IC1,286,F,30,525,600,Inhumation
KntSAR-IC1,287,U,35-40,500,700,Inhumation
KntSAR-IC1,288,M?,30-35,500,700,Inhumation
KntSAR-IC1,289,F,25-30,575,700,Inhumation
KntSAR-IC1,29,U,Adult,500,700,Inhumation
KntSAR-IC1,290,M,16,575,700,Inhumation
KntSAR-IC1,291,M?,11-12,500,700,Inhumation
KntSAR-IC1,3,U,Adult,500,600,Inhumation
KntSAR-IC1,30,U,Adult,500,700,Inhumation
KntSAR-IC1,31,U,Adult,500,700,Inhumation
KntSAR-IC1,32,U,Adult,500,700,Inhumation
KntSAR-IC1,33/4,U,Adult,530,590,Inhumation
KntSAR-IC1,34/3,U,Adult,530,590,Inhumation
KntSAR-IC1,35,U,Adult,625,700,Inhumation
KntSAR-IC1,36,U,Adult,575,650,Inhumation
KntSAR-IC1,37,U,Adult,500,700,Inhumation
KntSAR-IC1,38,U,Youth,500,700,Inhumation
KntSAR-IC1,39/a,U,Adult,550,600,Inhumation
KntSAR-IC1,39/b,U,Adult,550,600,Inhumation
KntSAR-IC1,4,U,Adult,540,550,Inhumation
KntSAR-IC1,40/a,U,Adult,500,700,Inhumation
KntSAR-IC1,40/b,U,Adult,500,700,Inhumation
KntSAR-IC1,41,U,Adult,500,700,Inhumation
KntSAR-IC1,42,U,Adult,500,700,Inhumation
KntSAR-IC1,43,U,Adult,500,700,Inhumation
KntSAR-IC1,44,U,Adult,530,590,Inhumation
KntSAR-IC1,45,U,Adult,500,700,Inhumation
KntSAR-IC1,46/a,U,Adult,500,700,Inhumation
KntSAR-IC1,46/b,U,Adult,500,700,Inhumation
KntSAR-IC1,47,U,Adult,500,700,Inhumation
KntSAR-IC1,48,U,Adult,500,700,Inhumation
KntSAR-IC1,49,U,Adult,500,700,Inhumation
KntSAR-IC1,5,U,Adult,500,700,Inhumation
KntSAR-IC1,50,U,Adult,500,700,Inhumation
KntSAR-IC1,51/a,U,Adult,500,700,Inhumation
KntSAR-IC1,51/b,U,Adult,500,700,Inhumation
KntSAR-IC1,52,U,Adult,500,700,Inhumation
KntSAR-IC1,53,U,Adult,500,700,Inhumation
KntSAR-IC1,54,U,Adult,575,625,Inhumation
KntSAR-IC1,55,U,Adult,500,700,Inhumation
KntSAR-IC1,56,U,Adult,500,700,Inhumation
KntSAR-IC1,57,U,Adult,500,700,Inhumation
KntSAR-IC1,58,U,Adult,500,700,Inhumation
KntSAR-IC1,59,U,Adult,500,700,Inhumation
KntSAR-IC1,6,U,Adult,600,700,Inhumation
KntSAR-IC1,60,U,Adult,520,560,Inhumation
KntSAR-IC1,61,U,Adult,500,700,Inhumation
KntSAR-IC1,62,U,Old,500,700,Inhumation
KntSAR-IC1,63,U,Adult,475,575,Inhumation
KntSAR-IC1,64,U,Adult,575,700,Inhumation
KntSAR-IC1,65,U,Youth,500,700,Inhumation
KntSAR-IC1,66,U,Adult,500,700,Inhumation
KntSAR-IC1,67,U,girl,500,700,Inhumation
KntSAR-IC1,68,U,Adult,575,650,Inhumation
KntSAR-IC1,69,U,Adult,500,700,Inhumation
KntSAR-IC1,7,U,Adult,500,700,Inhumation
KntSAR-IC1,70,U,Adult,625,700,Inhumation
KntSAR-IC1,71,U,Adult,500,700,Inhumation
KntSAR-IC1,72,U,Adult,500,700,Inhumation
KntSAR-IC1,73,U,Adult,500,700,Inhumation
KntSAR-IC1,74,U,Adult,500,700,Inhumation
KntSAR-IC1,75,U,Adult,575,700,Inhumation
KntSAR-IC1,76,U,Adult,500,700,Inhumation
KntSAR-IC1,77,U,Adult,500,700,Inhumation
KntSAR-IC1,78,U,Adult,500,700,Inhumation
KntSAR-IC1,79,U,Adult,500,700,Inhumation
KntSAR-IC1,8,U,Adult,500,700,Inhumation
KntSAR-IC1,80,U,Adult,500,700,Inhumation
KntSAR-IC1,81,U,Adult,500,700,Inhumation
KntSAR-IC1,82,U,Adult,500,700,Inhumation
KntSAR-IC1,83/a,U,Adult,500,700,Inhumation
KntSAR-IC1,83/b,U,Adult,500,700,Inhumation
KntSAR-IC1,84,U,Adult,500,700,Inhumation
KntSAR-IC1,85,U,Adult,475,585,Inhumation
KntSAR-IC1,86,U,Adult,525,600,Inhumation
KntSAR-IC1,87,U,Adult,500,700,Inhumation
KntSAR-IC1,88,U,Adult,500,700,Inhumation
KntSAR-IC1,89,U,Adult,500,625,Inhumation
KntSAR-IC1,9,U,Adult,500,700,Inhumation
KntSAR-IC1,90,U,Adult,575,625,Inhumation
KntSAR-IC1,91,U,Adult,500,700,Inhumation
KntSAR-IC1,92,U,Child,500,700,Inhumation
KntSAR-IC1,93,U,Adult,500,700,Inhumation
KntSAR-IC1,94,U,Adult,525,600,Inhumation
KntSAR-IC1,95,U,Adult,575,700,Inhumation
KntSAR-IC1,96,U,Adult,500,700,Inhumation
KntSAR-IC1,97,U,Adult,600,700,Inhumation
KntSAR-IC1,98,U,Adult,600,700,Inhumation
KntSAR-IC1,99,U,Adult,500,700,Inhumation
KntSAR-IC1,OA BM,U,Unknown,530,700,Inhumation
KntSAR-IC1,OA Maid.,U,Unknown,480,700,Inhumation
KntSAR-IC1,OA Maid. 2,U,Unknown,480,700,Inhumation
KntSAR-IC1,OA RMC,U,Unknown,480,700,Inhumation
KntSDM-BI1,1a,U,Unknown,500,625,Inhumation
KntSDM-BI1,1b,U,Unknown,550,625,Inhumation
KntSFT-BI1,1,U,Unknown,500,650,inhumation
KntSFT-MC1,1,U,Unknown,450,750,inhumation
KntSFT-MC1,14,U,Unknown,450,750,cremations
KntSFT-MC1,15,U,Unknown,450,750,cremations
KntSFT-MC1,2,U,Unknown,450,750,inhumation
KntSFT-MC1,3,U,Unknown,450,750,inhumation
KntSFT-MC1,4,U,Unknown,450,750,inhumation
KntSFT-MC1,5,U,Unknown,450,750,inhumation
KntSFT-MC1,6,U,Unknown,450,750,inhumation
KntSFT-MC1,7,U,Unknown,450,750,inhumation
KntSFT-MC1,8,U,Unknown,450,750,inhumation
KntSFT-MC1,9,U,Unknown,450,750,inhumation
KntSFT-MC1,10,U,Unknown,450,750,inhumation
KntSFT-MC1,11,U,Unknown,450,750,inhumation
KntSFT-MC1,12,U,Unknown,450,750,inhumation
KntSFT-MC1,13,U,Unknown,450,750,inhumation
KntSHD-BI1,1,U,Young,500,700,inhumation
KntSIB-IC1,1,U,Adult,600,725,Inhumation
KntSIB-IC1,10/9,U,Adult,600,725,Inhumation
KntSIB-IC1,100,U,Adult,600,725,Inhumation
KntSIB-IC1,101,U,Adult,600,620,Inhumation
KntSIB-IC1,102/3,U,Old,600,725,Inhumation
KntSIB-IC1,103/2,U,Old,600,725,Inhumation
KntSIB-IC1,104,U,Adult,600,725,Inhumation
KntSIB-IC1,105,U,Adult,600,725,Inhumation
KntSIB-IC1,106,U,Adult,600,725,Inhumation
KntSIB-IC1,107,U,Adult,600,725,Inhumation
KntSIB-IC1,108,U,Adult,600,725,Inhumation
KntSIB-IC1,109,U,Adult,600,725,Inhumation
KntSIB-IC1,11,U,Yng adult,600,725,Inhumation
KntSIB-IC1,110,U,Adult,600,725,Inhumation
KntSIB-IC1,111,U,Adult,600,725,Inhumation
KntSIB-IC1,112,U,Adult,675,725,Inhumation
KntSIB-IC1,113,U,Adult,600,725,Inhumation
KntSIB-IC1,114,U,Child,600,725,Inhumation
KntSIB-IC1,115/6,U,Adult,600,725,Inhumation
KntSIB-IC1,116/5,U,Adult,600,725,Inhumation
KntSIB-IC1,117,U,Adult,625,725,Inhumation
KntSIB-IC1,118,U,Adult,600,725,Inhumation
KntSIB-IC1,119,U,Unknown,600,725,Inhumation
KntSIB-IC1,12,U,Adult,600,725,Inhumation
KntSIB-IC1,120,U,Adult,600,725,Inhumation
KntSIB-IC1,121,U,Adult,600,725,Inhumation
KntSIB-IC1,122,U,Adult,600,725,Inhumation
KntSIB-IC1,123,U,Old,600,725,Inhumation
KntSIB-IC1,124,U,Adult,600,725,Inhumation
KntSIB-IC1,125,U,Young,600,725,Inhumation
KntSIB-IC1,126,U,Old,600,725,Inhumation
KntSIB-IC1,127,U,Adult,600,725,Inhumation
KntSIB-IC1,128,U,Adult,600,725,Inhumation
KntSIB-IC1,129,U,Adult,600,725,Inhumation
KntSIB-IC1,13,U,Adult,600,725,Inhumation
KntSIB-IC1,130,U,Adult,600,725,Inhumation
KntSIB-IC1,131,U,Child,675,725,Inhumation
KntSIB-IC1,132,U,Old,600,725,Inhumation
KntSIB-IC1,133/4,U,Adult,600,725,Inhumation
KntSIB-IC1,134/3,U,Child,600,725,Inhumation
KntSIB-IC1,135/6,U,Adult,600,725,Inhumation
KntSIB-IC1,136/5,U,Adult,600,725,Inhumation
KntSIB-IC1,137,U,Adult,600,725,Inhumation
KntSIB-IC1,138,U,Adult,600,725,Inhumation
KntSIB-IC1,139,U,Adult,600,725,Inhumation
KntSIB-IC1,14,U,Adult,600,725,Inhumation
KntSIB-IC1,140,U,Adult,600,725,Inhumation
KntSIB-IC1,141,U,Adult,600,725,Inhumation
KntSIB-IC1,142,U,Adult,575,650,Inhumation
KntSIB-IC1,143,U,Adult,600,725,Inhumation
KntSIB-IC1,144,U,Adult,675,725,Inhumation
KntSIB-IC1,145,U,Old,600,725,Inhumation
KntSIB-IC1,146,U,Young,600,725,Inhumation
KntSIB-IC1,147,U,Young,600,725,Inhumation
KntSIB-IC1,148,U,Child,600,725,Inhumation
KntSIB-IC1,149,U,Child,600,725,Inhumation
KntSIB-IC1,15,U,Adult,600,725,Inhumation
KntSIB-IC1,150/1,U,Adult,670,725,Inhumation
KntSIB-IC1,151/0,U,Adult,630,670,Inhumation
KntSIB-IC1,152,U,Old,600,725,Inhumation
KntSIB-IC1,153,U,Child,600,725,Inhumation
KntSIB-IC1,154,U,Young,600,725,Inhumation
KntSIB-IC1,155/6/7,U,Adult,600,725,Inhumation
KntSIB-IC1,156/5/7,U,Young,600,725,Inhumation
KntSIB-IC1,157/6/5,U,Adult,600,725,Inhumation
KntSIB-IC1,158,U,Old,600,725,Inhumation
KntSIB-IC1,159/60,U,Child,600,725,Inhumation
KntSIB-IC1,16/17,U,Adult,600,725,Inhumation
KntSIB-IC1,160/59,U,Child,600,725,Inhumation
KntSIB-IC1,161,U,Adult,600,725,Inhumation
KntSIB-IC1,162,U,Adult,600,725,Inhumation
KntSIB-IC1,163,U,Adult,600,725,Inhumation
KntSIB-IC1,164,U,Adult,625,725,Inhumation
KntSIB-IC1,165,U,Old,600,725,Inhumation
KntSIB-IC1,166,U,Child,600,725,Inhumation
KntSIB-IC1,167,U,Child,600,725,Inhumation
KntSIB-IC1,168,U,Adult,600,725,Inhumation
KntSIB-IC1,169,U,Adult,600,725,Inhumation
KntSIB-IC1,17/16,U,Adult,600,725,Inhumation
KntSIB-IC1,170,U,Adult,600,725,Inhumation
KntSIB-IC1,171,U,Adult,600,725,Inhumation
KntSIB-IC1,172/3,U,Adult,660,690,Inhumation
KntSIB-IC1,173/2,U,Child,660,690,Inhumation
KntSIB-IC1,174,U,Adult,600,725,Inhumation
KntSIB-IC1,175,U,Adult,600,725,Inhumation
KntSIB-IC1,176,U,Adult,675,725,Inhumation
KntSIB-IC1,177,U,Adult,675,700,Inhumation
KntSIB-IC1,178,U,Adult,600,725,Inhumation
KntSIB-IC1,179,U,Child,600,725,Inhumation
KntSIB-IC1,18,U,Young,600,725,Inhumation
KntSIB-IC1,180,U,Adult,650,675,Inhumation
KntSIB-IC1,181,U,Child,600,725,Inhumation
KntSIB-IC1,19,U,Adult,600,725,Inhumation
KntSIB-IC1,2,U,Adult,600,725,Inhumation
KntSIB-IC1,20,U,Adult,600,725,Inhumation
KntSIB-IC1,21,U,Adult,600,725,Inhumation
KntSIB-IC1,22,U,Adult,600,725,Inhumation
KntSIB-IC1,23,U,Adult,600,725,Inhumation
KntSIB-IC1,24,U,Child,600,725,Inhumation
KntSIB-IC1,25,U,Child,600,725,Inhumation
KntSIB-IC1,26,U,Adult,600,725,Inhumation
KntSIB-IC1,27,U,Adult,600,725,Inhumation
KntSIB-IC1,28,U,Adult,600,725,Inhumation
KntSIB-IC1,29,U,Adult,630,660,Inhumation
KntSIB-IC1,3,U,Adult,600,725,Inhumation
KntSIB-IC1,30,U,Child,600,725,Inhumation
KntSIB-IC1,31,U,Adult,600,725,Inhumation
KntSIB-IC1,32,U,Adult,600,725,Inhumation
KntSIB-IC1,33,U,Adult,625,725,Inhumation
KntSIB-IC1,34,U,Child,600,725,Inhumation
KntSIB-IC1,35,U,Adult,575,650,Inhumation
KntSIB-IC1,36,U,Adult,650,700,Inhumation
KntSIB-IC1,37,U,Adult,625,725,Inhumation
KntSIB-IC1,38,U,Adult,600,725,Inhumation
KntSIB-IC1,39,U,Old,600,725,Inhumation
KntSIB-IC1,4,U,Adult,600,725,Inhumation
KntSIB-IC1,40,U,Adult,600,725,Inhumation
KntSIB-IC1,41,U,Child,600,725,Inhumation
KntSIB-IC1,42,U,Child?,600,725,Inhumation
KntSIB-IC1,43,U,Adult,600,725,Inhumation
KntSIB-IC1,44,U,Adult,600,725,Inhumation
KntSIB-IC1,45,U,Adult,600,725,Inhumation
KntSIB-IC1,46,U,Young,600,725,Inhumation
KntSIB-IC1,47,U,Young,600,725,Inhumation
KntSIB-IC1,48,U,Old,600,725,Inhumation
KntSIB-IC1,49,U,Adult,600,725,Inhumation
KntSIB-IC1,5,U,Adult,600,725,Inhumation
KntSIB-IC1,50,U,Child,600,725,Inhumation
KntSIB-IC1,51,U,Adult,600,725,Inhumation
KntSIB-IC1,52,U,Adult,600,725,Inhumation
KntSIB-IC1,53,U,Adult,600,725,Inhumation
KntSIB-IC1,54,U,Adult,600,725,Inhumation
KntSIB-IC1,55,U,Child,600,725,Inhumation
KntSIB-IC1,56,U,Adult,600,725,Inhumation
KntSIB-IC1,57,U,Adult,600,725,Inhumation
KntSIB-IC1,58,U,Adult,600,650,Inhumation
KntSIB-IC1,59,U,Adult,600,725,Inhumation
KntSIB-IC1,6/a,U,Adult,600,725,Inhumation
KntSIB-IC1,6/b,U,Adult,600,725,Inhumation
KntSIB-IC1,6/c,U,Adult,600,725,Inhumation
KntSIB-IC1,6/d,U,Adult,600,725,Inhumation
KntSIB-IC1,60,U,Adult,675,725,Inhumation
KntSIB-IC1,61,U,Young,600,725,Inhumation
KntSIB-IC1,62,U,Adult,640,700,Inhumation
KntSIB-IC1,63,U,Old,600,725,Inhumation
KntSIB-IC1,64,U,Adult,600,725,Inhumation
KntSIB-IC1,65,U,Old,600,725,Inhumation
KntSIB-IC1,66,U,Adult,600,725,Inhumation
KntSIB-IC1,67,U,Adult,600,725,Inhumation
KntSIB-IC1,68,U,Adult,600,725,Inhumation
KntSIB-IC1,69,U,Adult,600,630,Inhumation
KntSIB-IC1,7,U,Adult,600,725,Inhumation
KntSIB-IC1,70,U,Child,600,725,Inhumation
KntSIB-IC1,71,U,Adult,600,725,Inhumation
KntSIB-IC1,72,U,Adult,600,725,Inhumation
KntSIB-IC1,73,U,Child,600,725,Inhumation
KntSIB-IC1,74,U,Adult,600,725,Inhumation
KntSIB-IC1,75,U,Adult,600,725,Inhumation
KntSIB-IC1,76,U,Child,600,725,Inhumation
KntSIB-IC1,77,U,Adult,600,725,Inhumation
KntSIB-IC1,78,U,Adult,600,725,Inhumation
KntSIB-IC1,79,U,Adult,600,725,Inhumation
KntSIB-IC1,8,U,Old,600,725,Inhumation
KntSIB-IC1,80,U,Adult,600,725,Inhumation
KntSIB-IC1,81,U,Adult,650,725,Inhumation
KntSIB-IC1,82/a,U,Adult,600,725,Inhumation
KntSIB-IC1,83/4,U,Child,600,725,Inhumation
KntSIB-IC1,84/3,U,Child,600,725,Inhumation
KntSIB-IC1,85,U,Adult,600,725,Inhumation
KntSIB-IC1,86/7,U,Adult,600,725,Inhumation
KntSIB-IC1,87/6,U,Adult,600,725,Inhumation
KntSIB-IC1,88,U,Adult,600,725,Inhumation
KntSIB-IC1,89,U,Adult,600,725,Inhumation
KntSIB-IC1,9/10,U,Adult,600,725,Inhumation
KntSIB-IC1,90,U,Adult,600,725,Inhumation
KntSIB-IC1,91,U,Adult,600,725,Inhumation
KntSIB-IC1,92,U,Old,600,725,Inhumation
KntSIB-IC1,93,U,Child,660,690,Inhumation
KntSIB-IC1,94,U,Child,660,690,Inhumation
KntSIB-IC1,95,U,Adult,600,650,Inhumation
KntSIB-IC1,96,U,Child,600,725,Inhumation
KntSIB-IC1,97,U,Adult,600,725,Inhumation
KntSIB-IC1,98,U,Adult,600,630,Inhumation
KntSIB-IC1,99,U,Adult,600,725,Inhumation
KntSIB-IC2,1,U,Adult,600,725,Inhumation
KntSIB-IC2,10,U,Adult,625,725,Inhumation
KntSIB-IC2,11,U,Adult,600,725,Inhumation
KntSIB-IC2,12,U,Adult,600,725,Inhumation
KntSIB-IC2,13,U,Adult,630,660,Inhumation
KntSIB-IC2,14,U,Adult,600,725,Inhumation
KntSIB-IC2,15,U,Young,600,725,Inhumation
KntSIB-IC2,16,U,Young,600,725,Inhumation
KntSIB-IC2,17,U,Adult,600,725,Inhumation
KntSIB-IC2,18,U,Adult,600,725,Inhumation
KntSIB-IC2,19,U,Child,600,725,Inhumation
KntSIB-IC2,2,U,Adult,600,725,Inhumation
KntSIB-IC2,20,U,Old,600,725,Inhumation
KntSIB-IC2,21,U,Child,600,725,Inhumation
KntSIB-IC2,22,U,Adult,675,725,Inhumation
KntSIB-IC2,23,U,Adult,600,630,Inhumation
KntSIB-IC2,24,U,Child,600,725,Inhumation
KntSIB-IC2,25,U,Adult,625,725,Inhumation
KntSIB-IC2,26,U,Adult,600,725,Inhumation
KntSIB-IC2,27,U,Adult,600,650,Inhumation
KntSIB-IC2,28,U,Child,600,725,Inhumation
KntSIB-IC2,29,U,Adult,600,725,Inhumation
KntSIB-IC2,3,U,Adult,600,725,Inhumation
KntSIB-IC2,30,U,Adult,600,725,Inhumation
KntSIB-IC2,31,U,Adult,600,725,Inhumation
KntSIB-IC2,32,U,Adult,600,725,Inhumation
KntSIB-IC2,33,U,Adult,600,725,Inhumation
KntSIB-IC2,34,U,Adult,630,660,Inhumation
KntSIB-IC2,35/6,U,Adult,600,725,Inhumation
KntSIB-IC2,36/5,U,Child,600,725,Inhumation
KntSIB-IC2,37,U,Adult,600,725,Inhumation
KntSIB-IC2,38,U,Adult,600,725,Inhumation
KntSIB-IC2,39/40,U,Adult,600,725,Inhumation
KntSIB-IC2,4,U,Adult,600,725,Inhumation
KntSIB-IC2,40/39,U,Child,600,725,Inhumation
KntSIB-IC2,41,U,Child,600,725,Inhumation
KntSIB-IC2,42,U,Adult,600,725,Inhumation
KntSIB-IC2,43,U,Adult,625,725,Inhumation
KntSIB-IC2,44,U,Adult,630,660,Inhumation
KntSIB-IC2,45,U,Adult,600,725,Inhumation
KntSIB-IC2,46,U,Adult,575,650,Inhumation
KntSIB-IC2,47,U,Adult,600,725,Inhumation
KntSIB-IC2,48,U,Adult,630,660,Inhumation
KntSIB-IC2,5/a,U,Adult,600,725,Inhumation
KntSIB-IC2,5/b,U,Adult,600,725,Inhumation
KntSIB-IC2,5/c,U,Adult,600,725,Inhumation
KntSIB-IC2,5/d,U,Adult,600,725,Inhumation
KntSIB-IC2,6,U,Adult,600,625,Inhumation
KntSIB-IC2,7,U,Adult,600,725,Inhumation
KntSIB-IC2,8,U,Adult,600,725,Inhumation
KntSIB-IC2,9,U,Adult,575,650,Inhumation
KntSIT-IC1,A,U,Unknown,575,700,inhumation
KntSIT-IC1,B,U,Unknown,575,700,inhumation
KntSIT-IC1,C,U,Unknown,575,700,inhumation
KntSIT-IC1,D,U,Unknown,575,700,inhumation
KntSIT-IC1,E,U,Unknown,575,700,inhumation
KntSIT-IC1,F,U,Unknown,575,700,inhumation
KntSIT-IC1,G,U,Unknown,575,700,inhumation
KntSIT-IC1,H,U,Unknown,575,700,inhumation
KntSIT-IC1,I,U,Unknown,575,700,inhumation
KntSLD-BI1,1,U,Unknown,450,700,inhumation
KntSLD-IC1,1,U,Adult,625,700,Inhumation
KntSLD-IC1,10,U,3-6,625,700,Inhumation
KntSLD-IC1,11,U,12-15,625,700,Inhumation
KntSLD-IC1,12,F,55-65,625,700,Inhumation
KntSLD-IC1,13,M,20-30,625,700,Inhumation
KntSLD-IC1,14,U,Adult,625,700,Inhumation
KntSLD-IC1,15,F,18-22,625,700,Inhumation
KntSLD-IC1,16,M,20-30,625,700,Inhumation
KntSLD-IC1,17,M,40-45,625,700,Inhumation
KntSLD-IC1,18/a,F,30-40,640,700,Inhumation
KntSLD-IC1,18/b,U,3-4,640,700,Inhumation
KntSLD-IC1,19,F,18-25,625,700,Inhumation
KntSLD-IC1,2,U,Adult,625,700,Inhumation
KntSLD-IC1,20,F,20-30,625,700,Inhumation
KntSLD-IC1,21,M,20-30,625,700,Inhumation
KntSLD-IC1,22,M,30-40,625,700,Inhumation
KntSLD-IC1,23,M,20-30,625,700,Inhumation
KntSLD-IC1,24,M,20-30,625,700,Inhumation
KntSLD-IC1,25,F,20-30,625,700,Inhumation
KntSLD-IC1,26,U,Child,625,700,Inhumation
KntSLD-IC1,27,M,25-30,625,700,Inhumation
KntSLD-IC1,28,M,20-30,625,700,Inhumation
KntSLD-IC1,29,U,1-3,625,700,Inhumation
KntSLD-IC1,3,M,Adult,625,675,Inhumation
KntSLD-IC1,30,F,20-30,625,700,Inhumation
KntSLD-IC1,31,U,Child,625,700,Inhumation
KntSLD-IC1,32,F,20-30,625,700,Inhumation
KntSLD-IC1,33,F,20-30,625,700,Inhumation
KntSLD-IC1,34,M,30-45,625,700,Inhumation
KntSLD-IC1,35,U,12-15,625,700,Inhumation
KntSLD-IC1,36,M,18-25,625,700,Inhumation
KntSLD-IC1,37,M,35-45,625,700,Inhumation
KntSLD-IC1,38,U,Child,625,700,Inhumation
KntSLD-IC1,39,F,30-35,625,700,Inhumation
KntSLD-IC1,4,U,Adult,625,700,Inhumation
KntSLD-IC1,5,M,20-30,625,700,Inhumation
KntSLD-IC1,6,F?,30-40,625,700,Inhumation
KntSLD-IC1,7,M,Adult,625,675,Inhumation
KntSLD-IC1,8,M,20-30,575,650,Inhumation
KntSLD-IC1,9,M,35-45,625,700,Inhumation
KntSMC-IC1,23,M,Adult,650,750,inhumation
KntSMC-IC1,24,U,Unknown,650,750,inhumation
KntSMC-IC1,30,U,Unknown,650,750,inhumation
KntSMC-IC1,31,U,Unknown,650,750,inhumation
KntSMC-IC1,32,U,Unknown,650,750,inhumation
KntSMC-IC1,2012-01,,Unknown,0,0,inhumation
KntSMC-IC1,2012-02,F,Adult,0,0,inhumation
KntSMC-IC1,2012-03,F,Adult,0,0,inhumation
KntSMC-IC1,2012-04,U,4,0,0,inhumation
KntSMC-IC1,2012-05,,Unknown,0,0,inhumation
KntSMC-IC1,2012-06,M,25-35,0,0,inhumation
KntSMC-IC1,2014-15,U,Adult,650,750,inhumation
KntSMC-IC1,2014-16,U,Adult,650,750,inhumation
KntSMC-IC1,2014-17,U,Juvenile?,650,750,inhumation
KntSMC-IC1,2014-18,U,Adult,650,750,inhumation
KntSMC-IC1,25,U,Unknown,650,750,inhumation
KntSMC-IC1,26,U,Unknown,650,750,inhumation
KntSMC-IC1,27,U,Unknown,650,750,inhumation
KntSMC-IC1,28,U,Unknown,650,750,inhumation
KntSMC-IC1,29,U,Unknown,650,750,inhumation
KntSMC-IC1,1,U,Unknown,650,750,inhumation
KntSMC-IC1,2,U,Unknown,650,750,inhumation
KntSMC-IC1,3,U,Unknown,650,750,inhumation
KntSMC-IC1,4,U,Unknown,650,750,inhumation
KntSMC-IC1,5,U,Unknown,650,750,inhumation
KntSMC-IC1,6,U,Unknown,650,750,inhumation
KntSMC-IC1,7,U,Unknown,650,750,inhumation
KntSMC-IC1,8,U,Unknown,650,750,inhumation
KntSMC-IC1,9,U,Unknown,650,750,inhumation
KntSMC-IC1,10,U,Unknown,650,750,inhumation
KntSMC-IC1,11,U,Unknown,650,750,inhumation
KntSMC-IC1,12,U,Unknown,650,750,inhumation
KntSMC-IC1,13,U,Unknown,650,750,inhumation
KntSMC-IC1,14,U,Unknown,650,750,inhumation
KntSMC-IC1,15,U,Unknown,650,750,inhumation
KntSMC-IC1,16,U,Unknown,650,750,inhumation
KntSMC-IC1,17,U,Unknown,650,750,inhumation
KntSMC-IC1,18,U,Unknown,650,750,inhumation
KntSMC-IC1,19,U,Unknown,650,750,inhumation
KntSMC-IC1,20,U,Unknown,650,750,inhumation
KntSMC-IC1,21,U,Unknown,650,750,inhumation
KntSMC-IC1,22,U,Unknown,650,750,inhumation
KntSMC-IC1,33,U,Unknown,650,750,inhumation
KntSMC-IC1,34,U,Unknown,650,750,inhumation
KntSMC-IC1,35,U,Unknown,650,750,inhumation
KntSMC-IC1,36,U,Unknown,650,750,inhumation
KntSMC-IC1,37,U,Unknown,650,750,inhumation
KntSMC-IC1,38,U,Unknown,650,750,inhumation
KntSMC-IC1,39,U,Unknown,650,750,inhumation
KntSMC-IC4,52,U,Unknown,600,625,inhumation
KntSMC-IC4,55,U,Unknown,575,625,inhumation
KntSMC-IC4,58,U,8-9,600,700,inhumation
KntSMC-IC4,61,U,Unknown,600,700,inhumation
KntSMC-IC4,64,U,Unknown,570,650,inhumation
KntSMC-IC4,67,U,Unknown,570,600,inhumation
KntSMC-IC4,70,U,Unknown,600,700,inhumation
KntSMC-IC4,73,U,Unknown,500,600,inhumation
KntSMC-IC4,76,U,Unknown,500,600,inhumation
KntSMC-IC4,79,U,Unknown,575,625,inhumation
KntSMC-IC4,82,U,Unknown,570,650,inhumation
KntSMC-IC4,85,U,Unknown,500,600,inhumation
KntSND-BI1,1,U,Unknown,450,550,inhumation
KntSTD-BI1,1,U,Unknown,500,700,inhumation
KntSTD-BI2,1,U,Unknown,450,700,inhumation
KntSTD-BI3,1,U,Unknown,500,700,inhumation
KntSTD-IC1,1,U,Adult,540,590,inhumation
KntSTD-IC1,2,U,Unknown,540,590,inhumation
KntSTD-IC1,3,U,Unknown,540,590,inhumation
KntSWD-IC1,W1392,M?,18-25,550,600,inhumation
KntSWD-IC1,W1423,U,Unknown,500,600,inhumation
KntSWD-IC1,W1453,U,25-35,500,550,inhumation
KntSWD-IC1,W1462,M?,8-12,500,600,inhumation
KntSWD-IC1,W1464,U,13-40,500,600,inhumation
KntSWD-IC1,W1487,U,13+,500,600,inhumation
KntSWD-IC1,W1489,U,15-25,500,600,inhumation
KntSWD-IC1,W1490/,M?,13-15,500,600,inhumation
KntSWD-IC1,W1490/a,U,7-14,500,600,inhumation
KntSWD-IC1,W1491,M,25-35,550,600,inhumation
KntSWD-IC1,W1577,M?,25-35,500,600,inhumation
KntSWD-IC1,W1634,M?,18-25,575,600,inhumation
KntSWD-IC1,W1705,M?,20-30,550,600,inhumation
KntSWD-IC1,W1762,U,25-40,500,550,inhumation
KntSWD-IC1,W1767,U,20-30,550,600,inhumation
KntSWD-IC1,W1810/,U,18-25,500,600,inhumation
KntSWD-IC1,W1810/a,U,0-6,500,600,inhumation
KntSWD-IC1,W1895,M?,30-40,500,600,inhumation
KntSWD-IC1,W1898,U,Unknown,500,600,inhumation
KntSWD-IC1,C1004/a,U,25-40,575,650,inhumation
KntSWD-IC1,C1004/,F?,18-25,575,650,inhumation
KntSWD-IC1,C3864,U,11-14,500,750,inhumation
KntSWD-IC1,C3866,U,18-30,500,750,inhumation
KntSWD-IC1,C3885,M,25-35,575,625,inhumation
KntSWD-IC1,C3916,U,Unknown,500,750,inhumation
KntSWD-IC1,C3944,U,18+,550,600,inhumation
KntSWD-IC1,C3946,U,Unknown,600,700,inhumation
KntSWD-IC1,C3951,U,18-25,600,675,inhumation
KntSWD-IC1,C3953,U,8+,575,700,inhumation
KntSWD-IC1,C3998,U,18-35,600,700,inhumation
KntSWD-IC1,C4502/,U,20-30,650,700,inhumation
KntSWD-IC1,C4502/a,M?,15-20,650,700,inhumation
KntSWD-IC1,C4584,U,Unknown,650,700,inhumation
KntSWD-IC1,C4593,F?,30+,600,700,inhumation
KntSWD-IC1,C4597,U,5+,600,650,inhumation
KntSWD-IC1,C4614,M,50-100,575,700,inhumation
KntSWD-IC1,C4628,U,Unknown,500,750,inhumation
KntSWD-IC1,C4635,U,Unknown,500,550,inhumation
KntSWD-IC1,C4643,U,Unknown,500,550,inhumation
KntSWD-IC1,C4645,U,Unknown,600,700,inhumation
KntSWD-IC1,C4650,U,Unknown,600,650,inhumation
KntSWD-IC1,C4655,M?,20-30,450,550,inhumation
KntSWD-IC1,C4657,F?,15+,575,700,inhumation
KntSWD-IC1,C1027,M?,14-18,575,700,inhumation
KntSWD-IC1,C1031,U,13+,575,650,inhumation
KntSWD-IC1,C1035,U,Unknown,550,700,inhumation
KntSWD-IC1,C1045,U,Unknown,575,650,inhumation
KntSWD-IC1,C1048,U,2-40,575,625,inhumation
KntSWD-IC1,C1072,U,Unknown,600,700,inhumation
KntSWD-IC1,C1081,U,30-40,575,625,inhumation
KntSWD-IC1,C1107,U,Unknown,600,675,inhumation
KntSWD-IC1,C1110,U,25-45,600,675,inhumation
KntSWD-IC1,C1112,M?,6-8,550,700,inhumation
KntSWD-IC1,C1132,U,30-50,575,650,inhumation
KntSWD-IC1,C1136,U,Unknown,600,650,inhumation
KntSWD-IC1,C1137,U,20-30,550,700,inhumation
KntSWD-IC1,C1138,U,25-45,600,675,inhumation
KntSWD-IC1,C1145,U,Unknown,575,600,inhumation
KntSWD-IC1,C1154,U,20-25,600,650,inhumation
KntSWD-IC1,C1159,U,13+,575,650,inhumation
KntSWD-IC1,C1163,U,Unknown,600,650,inhumation
KntSWD-IC1,C1165,U,Unknown,600,700,inhumation
KntSWD-IC1,C1188,F?,30-40,600,650,inhumation
KntSWD-IC1,C1189,F?,18-25,575,650,inhumation
KntSWD-IC1,C1191,U,Unknown,575,700,inhumation
KntSWD-IC1,C1194,M?,18-25,600,650,inhumation
KntSWD-IC1,C1195,U,2+,600,650,inhumation
KntSWD-IC1,C1197,U,Unknown,600,675,inhumation
KntSWD-IC1,C1204,M?,20-25,575,650,inhumation
KntSWD-IC1,C1210,U,8-18,575,600,inhumation
KntSWD-IC1,C1214,U,2-3,600,650,inhumation
KntSWD-IC1,C1216,U,Unknown,575,650,inhumation
KntSWD-IC1,C1218,U,Unknown,575,650,inhumation
KntSWD-IC1,C1221,U,Unknown,575,600,inhumation
KntSWD-IC1,C1226,U,Unknown,575,650,inhumation
KntSWD-IC1,C1234,M?,20-35,550,700,inhumation
KntSWD-IC1,C1236,U,Unknown,600,700,inhumation
KntSWD-IC1,C1240,M?,18-25,575,700,inhumation
KntSWD-IC1,C1244horse,U,Unknown,600,625,inhumation
KntSWD-IC1,C1259,U,30-40,575,650,inhumation
KntSWD-IC1,C1261,U,Unknown,575,650,inhumation
KntSWD-IC1,C1267,U,16-25,600,650,inhumation
KntSWD-IC1,C1285,U,20-30,600,650,inhumation
KntSWD-IC1,C1286,U,Unknown,575,625,inhumation
KntSWD-IC1,C1325,U,25-30,600,650,inhumation
KntSWD-IC1,C1328,U,Unknown,500,600,inhumation
KntSWD-IC1,C1352,U,7-9,575,650,inhumation
KntSWD-IC1,C1366,U,Unknown,600,700,inhumation
KntSWD-IC1,C1379,U,Unknown,575,650,inhumation
KntSWD-IC1,C1382,U,30-45,600,700,inhumation
KntSWD-IC1,C1384,U,Unknown,600,700,inhumation
KntSWD-IC1,C1387,U,3-20,575,650,inhumation
KntSWD-IC1,C1391,U,25-35,600,700,inhumation
KntSWD-IC1,C1393,U,Unknown,600,700,inhumation
KntSWD-IC1,C1405,U,Unknown,575,650,inhumation
KntSWD-IC1,C1408,U,14-20,500,600,inhumation
KntSWD-IC1,C1414,U,Unknown,575,675,inhumation
KntSWD-IC1,C1421,U,Unknown,600,700,inhumation
KntSWD-IC1,C1439,U,3+,600,700,inhumation
KntSWD-IC1,C1464,U,Unknown,600,700,inhumation
KntSWD-IC1,C1466,U,Unknown,600,700,inhumation
KntSWD-IC1,C1467,U,Unknown,575,650,inhumation
KntSWD-IC1,C1521,U,5+,575,650,inhumation
KntSWD-IC1,C2401,U,7-9,625,700,inhumation
KntSWD-IC1,C2429,U,Unknown,600,700,inhumation
KntSWD-IC1,C2437,U,Unknown,600,700,inhumation
KntSWD-IC1,C2442,U,Unknown,600,700,inhumation
KntSWD-IC1,C2457,U,Unknown,600,700,inhumation
KntSWD-IC1,C2557,U,Unknown,600,700,inhumation
KntSWD-IC1,C2559,U,12-14,600,700,inhumation
KntSWD-IC1,C2816,U,3-8,600,650,inhumation
KntSWD-IC1,C2869,U,18-25,600,700,inhumation
KntSWD-IC1,C2899,U,Unknown,600,675,inhumation
KntSWD-IC1,C6047,U,Unknown,600,700,inhumation
KntSWD-IC1,C6101,M?,40-60,650,700,inhumation
KntSWD-IC1,C6155,U,Unknown,600,700,inhumation
KntSWD-IC1,C6159,U,Unknown,600,700,inhumation
KntSWD-IC1,C6161,U,Unknown,600,675,inhumation
KntSWD-IC1,C6165,U,Unknown,600,700,inhumation
KntSWD-IC1,C6167,U,Unknown,600,675,inhumation
KntSWD-IC1,C6171,U,Unknown,600,675,inhumation
KntSWD-IC1,C6191,U,Unknown,600,700,inhumation
KntSWD-IC1,C6406,U,4-6,625,650,inhumation
KntSWD-IC1,C6411,U,Unknown,600,700,inhumation
KntSWD-IC1,C6416,U,10-12,650,700,inhumation
KntSWD-IC1,C6421,U,13+,600,625,inhumation
KntSWD-IC1,C6423,U,Unknown,650,700,inhumation
KntSWD-IC1,C6427,U,Unknown,625,700,inhumation
KntSWD-IC1,C6429,U,Unknown,625,700,inhumation
KntSWD-IC1,C6491,U,4-5,600,700,inhumation
KntSWD-IC1,C6513,U,Unknown,600,700,inhumation
KntSWD-IC1,C6516,U,35-50,600,625,inhumation
KntSWD-IC1,C6520,U,Unknown,600,700,inhumation
KntSWD-IC1,C6524,U,25-35,650,700,inhumation
KntSWD-IC1,C6532,U,Unknown,600,650,inhumation
KntSWD-IC1,C6566,M?,8-10,625,700,inhumation
KntSWD-IC1,C6599,U,Unknown,625,700,inhumation
KntSWD-IC1,C6630,U,Unknown,650,700,inhumation
KntSWD-IC1,C6635,U,25-35,625,700,inhumation
KntSWD-IC1,C6640,U,25-45,625,700,inhumation
KntSWD-IC1,C6643,U,Unknown,600,650,inhumation
KntSWD-IC1,C6644,M?,6-7,600,700,inhumation
KntSWD-IC1,C6648,U,Unknown,600,700,inhumation
KntSWD-IC1,C6653,U,Unknown,625,650,inhumation
KntSWD-IC1,C6673,U,Unknown,600,675,inhumation
KntSWD-IC1,C6682,U,Unknown,600,700,inhumation
KntSWD-IC1,Pit 1522,U,20-30,400,750,inhumation
KntSWD-IC1,W1056,M?,20+,600,700,inhumation
KntSWD-IC1,W1071,U,3,600,700,inhumation
KntSWD-IC1,W1074/,U,50+,600,700,inhumation
KntSWD-IC1,W1074/a,F?,45+,600,700,inhumation
KntSWD-IC1,W1101,U,Unknown,650,700,inhumation
KntSWD-IC1,W1112,U,Unknown,600,700,inhumation
KntSWD-IC1,W1114,U,Unknown,600,700,inhumation
KntSWD-IC1,W1116,U,Unknown,600,700,inhumation
KntSWD-IC1,W1118,U,3-8,600,700,inhumation
KntSWD-IC1,W1120,U,Unknown,600,700,inhumation
KntSWD-IC1,W1122,U,4-6,600,700,inhumation
KntSWD-IC1,W1124,M?,25-45,575,650,inhumation
KntSWD-IC1,W1153,U,Unknown,600,700,inhumation
KntSWD-IC1,W1238,U,Unknown,600,700,inhumation
KntSWD-IC1,W1279,U,Unknown,650,700,inhumation
KntSWD-IC1,W1291,F?,30-45,600,700,inhumation
KntSWD-IC1,W1319,M?,25-35,600,700,inhumation
KntSWD-IC1,W1321,M?,20-30,600,700,inhumation
KntSWD-IC1,W1323,U,9-11,600,700,inhumation
KntSWD-IC1,W3005,U,Unknown,600,700,inhumation
KntSWD-IC1,W3007,U,Unknown,600,700,inhumation
KntSWD-IC1,W3009,U,Unknown,600,700,inhumation
KntSWD-IC1,W3031,M?,20-40,600,700,inhumation
KntSWD-IC1,W3080,M?,15-20,650,700,inhumation
KntSWD-IC1,W3083,U,9-10,650,700,inhumation
KntSWD-IC1,W3086,U,Unknown,600,700,inhumation
KntSWD-IC1,W3612,U,Unknown,600,700,inhumation
KntSWD-IC1,W5015,U,Unknown,600,700,inhumation
KntSWD-IC1,W5019,U,Unknown,600,700,inhumation
KntSWD-IC1,W5023,U,Unknown,600,700,inhumation
KntSWD-IC1,W5025,U,Unknown,600,700,inhumation
KntSWD-IC1,W5186,U,20-35,600,700,inhumation
KntSWD-IC1,W5233,U,Unknown,600,700,inhumation
KntSWD-IC1,W5361,U,Unknown,600,700,inhumation
KntSWD-IC1,W5374,U,Unknown,600,700,inhumation
KntSWD-IC1,W5379,U,15+,600,700,inhumation
KntSWD-IC1,6639,U,25-35,600,700,inhumation
KntSWD-IC1,C3029,U,Unknown,575,700,inhumation
KntSWD-IC1,C3707,U,Unknown,500,750,inhumation
KntSWD-IC1,C3713,M?,50+,550,650,inhumation
KntSWD-IC1,C3715,U,Unknown,500,750,inhumation
KntSWD-IC1,C3726,F?,18-25,500,750,inhumation
KntSWD-IC1,C3734,U,Unknown,500,750,inhumation
KntSWD-IC1,C3741,U,15-25,550,600,inhumation
KntSWD-IC1,C3747,F?,20-30,550,600,inhumation
KntSWD-IC1,C3751,U,Unknown,500,750,inhumation
KntSWD-IC1,C3755,M?,14-18,500,600,inhumation
KntSWD-IC1,C3757,U,Unknown,500,600,inhumation
KntSWD-IC1,C3761,U,13+,500,750,inhumation
KntSWD-IC1,C3762,U,18-25,550,600,inhumation
KntSWD-IC1,C3764,M?,16-20,450,550,inhumation
KntSWD-IC1,C3779,M?,20-30,575,625,inhumation
KntSWD-IC1,C3781,M?,18-20,550,700,inhumation
KntSWD-IC1,C3824,F?,45-100,550,700,inhumation
KntSWD-IC1,C3826,U,18-25,500,550,inhumation
KntSWD-IC1,C4659,F?,20-30,575,650,inhumation
KntSWD-IC1,C4665,U,20-30,575,625,inhumation
KntSWD-IC1,C4666,U,Unknown,500,750,inhumation
KntSWD-IC1,C4677,M?,20-30,575,600,inhumation
KntSWD-IC1,C4680,U,13+,575,600,inhumation
KntSWD-IC1,C4684,U,Unknown,500,600,inhumation
KntSWD-IC1,C4686,U,Unknown,500,600,inhumation
KntSWD-IC1,C4688,U,30-45,550,600,inhumation
KntSWD-IC1,C4692,U,Unknown,650,750,inhumation
KntSWD-IC1,C4699,M?,20-30,650,700,inhumation
KntSWD-IC1,C4707,U,Unknown,600,650,inhumation
KntSWD-IC1,C4710,U,Unknown,500,750,inhumation
KntSWD-IC1,C4721,U,Unknown,600,650,inhumation
KntSWD-IC1,C4726,U,7-10,500,550,inhumation
KntSWD-IC1,C6202,U,Unknown,600,675,inhumation
KntSWD-IC1,C6206,M?,17-20,600,650,inhumation
KntSWD-IC1,C6231,M,17-19,575,600,inhumation
KntSWT-IC1,1,U,Unknown,500,600,Inhumation
KntSWT-IC1,10,U,Unknown,500,600,Inhumation
KntSWT-IC1,11/a,U,Unknown,500,600,Inhumation
KntSWT-IC1,11/b,U,Unknown,500,600,Inhumation
KntSWT-IC1,12,U,Unknown,500,525,Inhumation
KntSWT-IC1,13,U,Unknown,500,600,Inhumation
KntSWT-IC1,14,U,Unknown,500,600,Inhumation
KntSWT-IC1,15,U,Unknown,500,600,Inhumation
KntSWT-IC1,16,U,Unknown,500,600,Inhumation
KntSWT-IC1,17,U,Unknown,500,600,Inhumation
KntSWT-IC1,18,U,Unknown,500,525,Inhumation
KntSWT-IC1,19,U,Unknown,500,525,Inhumation
KntSWT-IC1,2,U,Unknown,500,600,Inhumation
KntSWT-IC1,20,U,Unknown,500,525,Inhumation
KntSWT-IC1,21/a,U,Unknown,525,575,Inhumation
KntSWT-IC1,21/b,U,Unknown,500,600,Inhumation
KntSWT-IC1,21/c,U,Unknown,500,600,Inhumation
KntSWT-IC1,21/d,U,Unknown,500,600,Inhumation
KntSWT-IC1,21/e,U,Unknown,500,600,Inhumation
KntSWT-IC1,21/f,U,Unknown,500,600,Inhumation
KntSWT-IC1,22,U,Unknown,500,600,Inhumation
KntSWT-IC1,23,U,Unknown,500,600,Inhumation
KntSWT-IC1,24,U,Unknown,500,600,Inhumation
KntSWT-IC1,25,U,Unknown,500,600,Inhumation
KntSWT-IC1,26,U,Adult,500,600,Inhumation
KntSWT-IC1,27,U,Unknown,500,600,Inhumation
KntSWT-IC1,28,U,Unknown,500,600,Inhumation
KntSWT-IC1,29,U,Unknown,500,600,Inhumation
KntSWT-IC1,3,U,Unknown,500,600,Inhumation
KntSWT-IC1,30,U,Unknown,500,600,Inhumation
KntSWT-IC1,31,U,Unknown,500,600,Inhumation
KntSWT-IC1,32,U,Unknown,500,600,Inhumation
KntSWT-IC1,33/a,U,Adult,500,600,Inhumation
KntSWT-IC1,33/b,U,Child,500,600,Inhumation
KntSWT-IC1,4,U,Unknown,500,600,Inhumation
KntSWT-IC1,5/a,U,Unknown,500,600,Inhumation
KntSWT-IC1,5/b,U,Unknown,500,600,Inhumation
KntSWT-IC1,5/c,U,Unknown,500,600,Inhumation
KntSWT-IC1,6,U,Unknown,500,600,Inhumation
KntSWT-IC1,7,U,Unknown,500,600,Inhumation
KntSWT-IC1,8,U,Unknown,500,600,Inhumation
KntSWT-IC1,9,U,Unknown,525,575,Inhumation
KntSWY-BI1,1,U,Unknown,450,600,inhumation
KntTEY-BI1,1,U,Unknown,590,625,inhumation
KntTHU-BI1,1,F?,Adult,650,700,inhumation
KntTLY-BI1,1,U,Unknown,540,570,inhumation
KntUPC-IC1,1,U,Unknown,590,650,inhumation
KntWBH-BI1,1,U,Unknown,500,600,inhumation
KntWBR-MC1,1,U,Unknown,600,700,inhumation
KntWBX-BI1,1,U,Unknown,600,700,inhumation
KntWBX-IC1,1,U,Unknown,575,650,inhumation
KntWHF-BI1,1,F?,Adult,43,700,inhumation
KntWHF-IC1,1,U,Unknown,600,700,inhumation
KntWHF-IC1,2/,M,Adult,600,700,inhumation
KntWHF-IC1,2/a,F,Adult,600,700,inhumation
KntWHF-IC1,3,U,Unknown,600,700,inhumation
KntWHF-IC1,2017-01,M,under 21,600,680,inhumation
KntWHF-IC1,2017-02,F,45+,600,680,inhumation
KntWHF-IC1,2017-03,U,6-8,600,680,inhumation
KntWHF-IC1,2017-04,F,26-35,600,680,inhumation
KntWHF-IC1,2017-05,U,14-17,600,680,inhumation
KntWHF-IC1,2017-06,U,18-25,600,680,inhumation
KntWHF-IC1,2017-21,U,Unknown,600,680,inhumation
KntWHF-IC1,2017-X,,Unknown,600,680,inhumation
KntWHF-IC1,4,U,Unknown,600,700,inhumation
KntWHM-BI1,1,U,Unknown,500,700,inhumation
KntWHM-BI1,2,U,Unknown,500,700,inhumation
KntWHM-BI1,3,U,Unknown,500,700,inhumation
KntWHM-IC1,1,U,Unknown,500,600,Inhumation
KntWHM-IC1,2,U,Unknown,500,600,Inhumation
KntWHM-IC1,3,U,Unknown,500,600,Inhumation
KntWHM-IC1,4/a,U,Unknown,500,600,Inhumation
KntWHM-IC1,4/b,U,Unknown,550,600,Inhumation
KntWHM-IC1,5,U,Unknown,575,600,Inhumation
KntWHM-IC1,6,U,Unknown,500,600,Inhumation
KntWLD-BI1,1,U,Unknown,500,700,inhumation
KNTWRM-IC3,7003,M,35-45,575,650,inhumation
KNTWRM-IC3,7006,M,45+,575,650,inhumation
KNTWRM-IC3,7009,F,35-45,575,650,inhumation
KNTWRM-IC3,7010,M,23-29,575,650,inhumation
KNTWRM-IC3,7020,M,40-50,575,650,inhumation
KNTWRM-IC3,7023,F,under 50,575,650,inhumation
KNTWRM-IC3,7040,F,6-7,575,650,inhumation
KNTWRM-IC3,7049,M,40+,575,650,inhumation
KNTWRM-IC3,7067,M,18-25,575,650,inhumation
KNTWRM-IC3,7077,M,35-45,575,650,inhumation
KNTWRM-IC3,7095,U,5-6,575,650,inhumation
KNTWRM-IC3,7033,U,Unknown,575,650,inhumation
KNTWRM-IC3,7047,U,Unknown,575,650,inhumation
KNTWRM-IC3,7053,U,Unknown,575,650,inhumation
KNTWRM-IC3,7059,U,Unknown,575,650,inhumation
KNTWRM-IC3,7115,U,Unknown,575,650,inhumation
KntWWL-BI1,1,U,Unknown,590,700,inhumation
KntWYE-BI1,1,U,Unknown,450,700,inhumation
KntWYE-IC1,1,M,Yng adult,600,650,inhumation
KntWYE-IC1,2,U,Adult,600,650,inhumation
KntWYE-IC1,3,U,Unknown,600,650,inhumation
KntWYE-IC1,4,U,Adult,600,650,inhumation
KntWYE-IC1,5,U,Unknown,600,650,inhumation
KntWYE-IC1,6,U,Juvenile,600,650,inhumation
KntWYE-IC1,7,M,Adult,600,650,inhumation
KntWYE-IC1,A,U,Unknown,600,650,inhumation
KntWYE-IC1,8,U,Unknown,600,650,inhumation
KntWYE-IC2,1,U,Unknown,600,650,inhumation
KntWYE-IC2,2,U,Unknown,600,650,inhumation
MsxCWK-BI1,1,M,Unknown,450,900,inhumation
MsxWMR-IC1,1,M,Adult,700,750,inhumation
MsxWMR-IC1,2,M,Adult,700,750,inhumation execution
MsxWMR-IC1,3,U,Unknown,600,700,inhumation
MsxWMR-IC1,4,U,Unknown,600,700,inhumation
MsxWMR-IC1,5,U,Unknown,700,750,inhumation
MsxWMR-IC1,6,U,Unknown,700,750,inhumation
MsxWMR-IC1,7,U,Unknown,600,750,inhumation
MsxWMR-IC1,8,U,Unknown,600,750,inhumation
MsxWMR-IC2,01,U,Adult,410,550,cremation
MsxWMR-IC2,02,U,Adult,410,640,cremation
MsxWMR-IC2,03,U,Adult,410,640,cremation
MsxWMR-IC2,04/a,U,Adult,410,640,cremation
MsxWMR-IC2,05,M,Adult,410,640,cremation
MsxWMR-IC2,06,U,30+,430,640,cremation
MsxWMR-IC2,07,U,Adult,430,640,cremation
MsxWMR-IC2,08,U,Adult,430,640,cremation
MsxWMR-IC2,09,U,Adult,410,640,cremation
MsxWMR-IC2,10,U,Unknown,410,640,cremation
MsxWMR-IC2,11,U,26-35,500,640,inhumation
MsxWMR-IC2,12,F,Adult,575,600,inhumation
MsxWMR-IC2,04/b,U,1-15,410,640,cremation
OxfCSN-IC1,1,U,Unknown,450,700,inhumation
OxfCSN-IC1,2,U,Unknown,450,700,inhumation
OxfCSN-IC1,3,U,Unknown,450,700,inhumation
OxfCSN-IC1,4,U,Unknown,450,700,inhumation
OxfCSN-IC1,5,U,Unknown,450,700,inhumation
OxfCSN-IC1,6,U,Unknown,450,700,inhumation
OxfCSN-IC1,7,U,Unknown,450,700,inhumation
OxfCSN-IC1,8/,M,Unknown,450,700,inhumation
OxfCSN-IC1,8/a,F,Unknown,450,700,inhumation
OxfCSN-IC1,8/b,U,Child,450,700,inhumation
OxfCSN-IC3,1,U,Unknown,350,600,inhumation
OxfCSN-IC3,2,U,Unknown,475,525,inhumation
OxfCSN-IC3,3/,U,Child,350,600,inhumation
OxfCSN-IC3,3/a,U,Child,350,600,inhumation
OxfCSN-IC3,4,U,Adolescent,350,600,inhumation
OxfCSN-IC3,5,F,Adult,525,600,inhumation
OxfCSN-IC3,6,U,Unknown,350,600,inhumation
OxfCSN-IC3,7,M,Adult,350,600,inhumation
OxfCSN-IC3,8,M,Adult,350,600,inhumation
OxfCSN-IC5,1,M,Adult,500,600,inhumation
OxfCSN-IC5,2,F,Adult,500,550,inhumation
OxfCSN-IC5,3,M,Adult,500,600,inhumation
OxfCSN-IC5,4,M,Adult,500,525,inhumation
OxfCSN-IC5,5,M,Adult,500,600,inhumation
OxfCSN-IC5,6,M,Child,500,600,inhumation
OxfCSN-IC5,7,F,Adult,500,550,inhumation
OxfCSN-IC5,8,U,Child,500,600,inhumation
OxfDOT-BI1,1,F,Unknown,375,425,inhumation
OxfDOT-IC1,4,U,Unknown,475,525,inhumations
OxfDOT-IC1,5,U,Unknown,475,525,inhumations
OxfDOT-IC1,6,U,Unknown,475,525,inhumations
OxfDOT-IC1,7,U,Unknown,475,525,inhumations
OxfDOT-IC1,8,U,Unknown,475,525,inhumations
OxfDOT-IC1,1,U,Unknown,475,525,inhumation
OxfDOT-IC1,2,U,Unknown,475,525,inhumation
OxfDOT-IC1,3,U,Unknown,475,525,inhumations
OxfDOT-IC1,9,U,Unknown,475,525,inhumation
OxfDOT-IC1,1863,U,Unknown,575,700,inhumation
OxfDOT-IC1,1863:1,U,Unknown,475,525,inhumation
OxfDOT-IC2,12,U,Unknown,600,750,inhumation
OxfDOT-IC2,13,U,Unknown,600,750,inhumation
OxfDOT-IC2,14,U,Unknown,600,750,inhumation
OxfDOT-IC2,15,U,Unknown,600,750,inhumation
OxfDOT-IC2,11,U,Unknown,600,750,inhumation
OxfDOT-IC2,1,F?,Adult,600,750,inhumation
OxfDOT-IC2,2,U,12-15,600,750,inhumation
OxfDOT-IC2,3,M,Adult,600,750,inhumation
OxfDOT-IC2,4,M,Adult,600,750,inhumation
OxfDOT-IC2,5,M?,Adult,600,750,inhumation
OxfDOT-IC2,6,U,Unknown,600,750,inhumation
OxfDOT-IC2,7,U,Unknown,600,750,inhumation
OxfDOT-IC2,8,M?,Adult,600,750,inhumation
OxfDOT-IC2,9,U,6,600,750,inhumation
OxfDOT-IC2,10,U,Adult,600,750,inhumation
OxfDOT-IC3,1871:X,U,Unknown,350,425,inhumations
OxfDOT-IC3,1871:2,U,Unknown,350,425,inhumation
OxfDOT-IC3,1,U,Unknown,400,425,inhumation
OxfDOT-IC3,2,U,Unknown,375,425,inhumation
OxfDOT-IC3,3,U,Unknown,350,425,inhumation
OxfDOT-IC3,4,U,Unknown,350,425,inhumation
OxfDOT-IC3,5,F,Young,350,425,inhumation
OxfDOT-IC3,6,U,Unknown,350,425,inhumation
OxfDOT-MC1,1,M,20-25,425,525,inhumation
OxfDOT-MC1,2,U,Unknown,425,625,inhumation
OxfDOT-MC1,3,U,20-25,550,625,inhumation
OxfDOT-MC1,4,F?,20-25,425,625,inhumation
OxfDOT-MC1,5,F,20-25,500,550,inhumation
OxfDOT-MC1,6,M,25-30,450,575,inhumation
OxfDOT-MC1,8,F,25-30,425,475,inhumation
OxfDOT-MC1,10/,F,Adult,425,625,inhumation
OxfDOT-MC1,10/a,U,13-14,425,625,inhumation
OxfDOT-MC1,10/b,U,Adult,425,625,inhumation
OxfDOT-MC1,11,M,Adult,450,600,inhumation
OxfDOT-MC1,13/,U,Adult,425,625,inhumation
OxfDOT-MC1,13/a,U,1-3,425,625,inhumation
OxfDOT-MC1,14,U,8,425,625,inhumation
OxfDOT-MC1,15,U,10-11,425,625,inhumation
OxfDOT-MC1,18,F,17-23,500,575,inhumation
OxfDOT-MC1,19,U,1-2,425,625,inhumation
OxfDOT-MC1,20,M,45+,425,500,inhumation
OxfDOT-MC1,21,F?,Adult?,475,625,inhumation
OxfDOT-MC1,22,F?,30-35,575,625,inhumation
OxfDOT-MC1,24,M,30-35,525,615,inhumation
OxfDOT-MC1,25,F,Adult,425,625,inhumation
OxfDOT-MC1,26,M,35-40,475,600,inhumation
OxfDOT-MC1,26/2,U,Unknown,425,625,inhumation
OxfDOT-MC1,27,F,Adult,425,625,inhumation
OxfDOT-MC1,28,M,40-45,585,625,inhumation
OxfDOT-MC1,29,M?,16,500,600,inhumation
OxfDOT-MC1,30/,M,40-45,425,625,inhumation
OxfDOT-MC1,30/a,U,Adolescent,425,625,inhumation
OxfDOT-MC1,32,M,45+,475,525,inhumation
OxfDOT-MC1,33,M?,Adult?,425,625,inhumation
OxfDOT-MC1,34,M,25-30,525,575,inhumation
OxfDOT-MC1,35,U,11-12,450,550,inhumation
OxfDOT-MC1,37/,M,17-22,425,625,inhumation
OxfDOT-MC1,37/a,U,4,425,625,inhumation
OxfDOT-MC1,38,U,0-1,425,625,inhumation
OxfDOT-MC1,42,F,45+,500,525,inhumation
OxfDOT-MC1,43/,U,Adult,525,615,inhumation
OxfDOT-MC1,43/a,M,Adult,425,625,inhumation
OxfDOT-MC1,44,U,Adult,425,625,inhumation
OxfDOT-MC1,47,U,4,500,600,inhumation
OxfDOT-MC1,48,U,7,425,625,inhumation
OxfDOT-MC1,49,F,45+,450,550,inhumation
OxfDOT-MC1,50/,F,Adult,600,625,inhumation
OxfDOT-MC1,50/a,U,Adult,600,625,inhumation
OxfDOT-MC1,51,U,20-25,500,575,inhumation
OxfDOT-MC1,52,M,30-35,575,625,inhumation
OxfDOT-MC1,53,M,30-35,525,575,inhumation
OxfDOT-MC1,54,F,30-35,485,550,inhumation
OxfDOT-MC1,55,U,7,425,625,inhumation
OxfDOT-MC1,56,M,35-40,425,625,inhumation
OxfDOT-MC1,57,U,9,425,625,inhumation
OxfDOT-MC1,58,U,13-14,500,600,inhumation
OxfDOT-MC1,59,U,8,425,625,inhumation
OxfDOT-MC1,60,F,35-40,450,550,inhumation
OxfDOT-MC1,61,U,11-12,500,550,inhumation
OxfDOT-MC1,62,U,Adult,425,625,inhumation
OxfDOT-MC1,63,F,20-25,550,600,inhumation
OxfDOT-MC1,64,U,1-2,425,450,inhumation
OxfDOT-MC1,66,F,Adult,425,625,inhumation
OxfDOT-MC1,67,M,30-35,425,625,inhumation
OxfDOT-MC1,68,U,1-2,500,600,inhumation
OxfDOT-MC1,69,M,25-30,475,575,inhumation
OxfDOT-MC1,72,U,20-25,500,615,inhumation
OxfDOT-MC1,73,F,20-25,475,550,inhumation
OxfDOT-MC1,74,U,1-2,425,625,inhumation
OxfDOT-MC1,75,U,Adult,425,625,inhumation
OxfDOT-MC1,76,M,45+,425,625,inhumation
OxfDOT-MC1,77,F,35-40,525,575,inhumation
OxfDOT-MC1,78,U,0-2,425,625,inhumation
OxfDOT-MC1,81,F,25-30,425,625,inhumation
OxfDOT-MC1,82,M,20-25,500,600,inhumation
OxfDOT-MC1,83,F,Adult,450,500,inhumation
OxfDOT-MC1,86,U,7,425,625,inhumation
OxfDOT-MC1,91,F,20-25,500,600,inhumation
OxfDOT-MC1,92,U,6,425,625,inhumation
OxfDOT-MC1,101,M,30-35,425,625,inhumation
OxfDOT-MC1,102,F,15-20,525,575,inhumation
OxfDOT-MC1,103,U,4,425,625,inhumation
OxfDOT-MC1,104,M?,20-25,500,600,inhumation
OxfDOT-MC1,106,F,45+,425,625,inhumation
OxfDOT-MC1,107/,F,15-20,525,575,inhumation
OxfDOT-MC1,107/a,U,15-20,525,575,inhumation
OxfDOT-MC1,108,F?,20-25,425,625,inhumation
OxfDOT-MC1,109,F,45+,425,625,inhumation
OxfDOT-MC1,110,M,45+,550,600,inhumation
OxfDOT-MC1,117,M,30-35,425,625,inhumation
OxfDOT-MC1,118,U,1-2,425,625,inhumation
OxfDOT-MC1,120,U,Unknown,425,625,inhumation
OxfDOT-MC1,121,M,Adult,450,575,inhumation
OxfDOT-MC1,122,U,8,425,625,inhumation
OxfDOT-MC1,125,F?,11,450,550,inhumation
OxfDOT-MC1,126,U,Unknown,425,625,inhumation
OxfDOT-MC1,127,U,17-19,425,625,inhumation
OxfDOT-MC1,128,U,9,500,550,inhumation
OxfDOT-MC1,129,U,9-10,425,625,inhumation
OxfDOT-MC1,130,F,35-40,525,575,inhumation
OxfDOT-MC1,133/,M,40-45,600,625,inhumation
OxfDOT-MC1,133/a,F,Adult,600,625,inhumation
OxfDOT-MC1,134/,F,45+,550,625,inhumation
OxfDOT-MC1,134/a,U,Adol/adult,550,625,inhumation
OxfDOT-MC1,135,U,6-7,425,625,inhumation
OxfDOT-MC1,136,U,10,425,625,inhumation
OxfDOT-MC1,141/,M,30-35,450,575,inhumation
OxfDOT-MC1,141/a,U,14,450,575,inhumation
OxfDOT-MC1,141/b,U,Adult,450,575,inhumation
OxfDOT-MC1,148,F,Adult,425,625,inhumation
OxfDOT-MC1,149,U,6-7,475,550,inhumation
OxfDOT-MC1,150/,U,14,450,550,inhumation
OxfDOT-MC1,150/a,U,3,450,550,inhumation
OxfDOT-MC1,151,U,Unknown,425,625,inhumation
OxfDOT-MC1,152,U,17-19,425,625,inhumation
OxfDOT-MC1,161,M,30-35,475,625,inhumation
OxfDOT-MC1,164,M,35-40,425,625,inhumation
OxfDOT-MC1,C31,U,Adult,425,625,cremation
OxfDOT-MC1,C90,U,Unknown,425,625,cremation
OxfDOT-MC1,C111,U,Adult,425,625,cremation
OxfDOT-MC1,C165,U,Unknown,425,625,cremation
OxfEHM-IC2,3,U,Unknown,500,700,inhumations
OxfEHM-IC2,1,U,Unknown,500,600,inhumation
OxfEHM-IC2,2,U,Unknown,500,700,inhumations
OxfEHM-IC2,4,U,Unknown,600,700,inhumation
OxfEHM-MC1,1,U,Unknown,500,525,inhumation
OxfEHM-MC1,2,U,Unknown,500,525,inhumation
OxfEHM-MC1,3,U,Unknown,500,525,inhumation
OxfEHM-MC1,4,U,Unknown,500,525,inhumation
OxfEHM-MC1,5,U,Unknown,500,525,inhumation
OxfEHM-MC1,6,U,Unknown,500,525,inhumation
OxfEWM-IC1,2,U,Unknown,450,700,inhumation
OxfEWM-IC1,3,U,Unknown,450,700,inhumation
OxfEWM-IC1,4,U,Unknown,450,700,inhumation
OxfEWM-IC1,5,U,Unknown,450,700,inhumation
OxfEWM-IC1,6,U,Unknown,450,700,inhumation
OxfEWM-IC1,7,U,Unknown,450,700,inhumation
OxfEWM-IC1,8,U,Unknown,450,700,inhumation
OxfEWM-IC1,9,U,Unknown,450,700,inhumation
OxfEWM-IC1,10,U,Unknown,450,700,inhumation
OxfEWM-IC1,11,U,Unknown,450,700,inhumation
OxfEWM-IC1,12,U,Unknown,450,700,inhumation
OxfEWM-IC1,13,U,Unknown,450,700,inhumation
OxfEWM-IC1,14,U,Unknown,450,700,inhumation
OxfEWM-IC1,15,U,Unknown,450,700,inhumation
OxfEWM-IC1,1,U,Unknown,450,700,inhumation
OxfOFD-BC1,1,U,Unknown,400,500,cremation
OxfOFD-BI1,1,U,Unknown,450,900,inhumation
OxfOFD-BI2,1,U,Unknown,500,600,inhumation
OxfOFD-BI3,1,U,Unknown,475,525,inhumation
OxfOFD-IC1,1,U,Unknown,500,600,inhumation
OxfOFD-IC1,2,U,Unknown,500,600,inhumation
OxfOFD-IC1,3,U,Unknown,500,600,inhumation
OxfOFD-IC2,1,U,Unknown,475,525,inhumation
OxfOFD-IC3,1,U,Unknown,475,525,inhumation
OxfOFD-IC3,2,U,Unknown,500,600,inhumation
OxfSHT-IC1,1,M,Adult,600,700,inhumation
OxfSHT-IC1,2,U,4-6,600,700,inhumation
OxfSHT-IC1,3,F,Adult,600,700,inhumation
OxfSHT-IC1,4,U,Infant,600,700,inhumation
OxfSHT-IC1,5,M,Adult,600,700,inhumation
OxfSHT-IC1,6,U,Infant,600,700,inhumation
OxfSHT-IC1,7,M,Yng adult,600,700,inhumation
OxfSHT-IC1,8,M,Unknown,600,700,inhumation
OxfSHT-IC1,9,U,Infant,600,700,inhumation
OxfSHT-IC1,10,U,Infant,600,700,inhumation
OxfSHT-IC1,11,U,Infant,600,700,inhumation
OxfSHT-IC1,12,F,Unknown,600,700,inhumation
OxfSHT-IC1,13,U,0-1,600,700,inhumation
OxfSHT-IC1,14,M,12-14,600,700,inhumation
OxfSHT-IC1,15,U,8,600,700,inhumation
OxfSHT-IC1,16,U,8,600,700,inhumation
OxfSHT-IC1,17/,U,0-1,600,700,inhumation
OxfSHT-IC1,17/a,U,0-1,600,700,inhumation
OxfSHT-IC1,18,U,Infant,600,700,inhumation
OxfSHT-IC1,19,U,8,600,700,inhumation
OxfSHT-IC1,20,U,Infant,600,700,inhumation
OxfSHT-IC1,21,U,Infant,600,700,inhumation
OxfSHT-IC1,22,U,Unknown,600,700,inhumation?
OxfSHT-IC1,23,U,Infant,600,700,inhumation
OxfSHT-IC2,2,U,Unknown,400,900,inhumations
OxfSHT-IC2,3,U,Unknown,400,900,inhumations
OxfSHT-IC2,4,U,Unknown,400,900,inhumations
OxfSHT-IC2,5,U,Unknown,400,900,inhumations
OxfSHT-IC2,6,U,Unknown,400,900,inhumations
OxfSHT-IC2,7,U,Unknown,400,900,inhumations
OxfSHT-IC2,8,U,Unknown,400,900,inhumations
OxfSHT-IC2,9,U,Unknown,400,900,inhumations
OxfSHT-IC2,10,U,Unknown,400,900,inhumations
OxfSHT-IC2,11,U,Unknown,400,900,inhumations
OxfSHT-IC2,12,U,Unknown,400,900,inhumations
OxfSHT-IC2,13,U,Unknown,400,900,inhumations
OxfSHT-IC2,14,U,Unknown,400,900,inhumations
OxfSHT-IC2,15,U,Unknown,400,900,inhumations
OxfSHT-IC2,1,U,Unknown,400,900,inhumations
OxfSLK-IC2,112,U,Unknown,600,700,inhumations
OxfSLK-IC2,113,U,Unknown,600,700,inhumations
OxfSLK-IC2,29,U,Unknown,600,700,inhumations
OxfSLK-IC2,30,U,Unknown,600,700,inhumations
OxfSLK-IC2,31,U,Unknown,600,700,inhumations
OxfSLK-IC2,32,U,Unknown,600,700,inhumations
OxfSLK-IC2,33,U,Unknown,600,700,inhumations
OxfSLK-IC2,34,U,Unknown,600,700,inhumations
OxfSLK-IC2,35,U,Unknown,600,700,inhumations
OxfSLK-IC2,36,U,Unknown,600,700,inhumations
OxfSLK-IC2,37,U,Unknown,600,700,inhumations
OxfSLK-IC2,38,U,Unknown,600,700,inhumations
OxfSLK-IC2,39,U,Unknown,600,700,inhumations
OxfSLK-IC2,40,U,Unknown,600,700,inhumations
OxfSLK-IC2,41,U,Unknown,600,700,inhumations
OxfSLK-IC2,42,U,Unknown,600,700,inhumations
OxfSLK-IC2,43,U,Unknown,600,700,inhumations
OxfSLK-IC2,44,U,Unknown,600,700,inhumations
OxfSLK-IC2,45,U,Unknown,600,700,inhumations
OxfSLK-IC2,46,U,Unknown,600,700,inhumations
OxfSLK-IC2,47,U,Unknown,600,700,inhumations
OxfSLK-IC2,48,U,Unknown,600,700,inhumations
OxfSLK-IC2,49,U,Unknown,600,700,inhumations
OxfSLK-IC2,50,U,Unknown,600,700,inhumations
OxfSLK-IC2,51,U,Unknown,600,700,inhumations
OxfSLK-IC2,52,U,Unknown,600,700,inhumations
OxfSLK-IC2,53,U,Unknown,600,700,inhumations
OxfSLK-IC2,54,U,Unknown,600,700,inhumations
OxfSLK-IC2,55,U,Unknown,600,700,inhumations
OxfSLK-IC2,56,U,Unknown,600,700,inhumations
OxfSLK-IC2,57,U,Unknown,600,700,inhumations
OxfSLK-IC2,58,U,Unknown,600,700,inhumations
OxfSLK-IC2,59,U,Unknown,600,700,inhumations
OxfSLK-IC2,60,U,Unknown,600,700,inhumations
OxfSLK-IC2,61,U,Unknown,600,700,inhumations
OxfSLK-IC2,62,U,Unknown,600,700,inhumations
OxfSLK-IC2,63,U,Unknown,600,700,inhumations
OxfSLK-IC2,64,U,Unknown,600,700,inhumations
OxfSLK-IC2,65,U,Unknown,600,700,inhumations
OxfSLK-IC2,66,U,Unknown,600,700,inhumations
OxfSLK-IC2,67,U,Unknown,600,700,inhumations
OxfSLK-IC2,69,U,Unknown,600,700,inhumations
OxfSLK-IC2,70,U,Unknown,600,700,inhumations
OxfSLK-IC2,71,U,Unknown,600,700,inhumations
OxfSLK-IC2,72,U,Unknown,600,700,inhumations
OxfSLK-IC2,73,U,Unknown,600,700,inhumations
OxfSLK-IC2,74,U,Unknown,600,700,inhumations
OxfSLK-IC2,75,U,Unknown,600,700,inhumations
OxfSLK-IC2,76,U,Unknown,600,700,inhumations
OxfSLK-IC2,77,U,Unknown,600,700,inhumations
OxfSLK-IC2,78,U,Unknown,600,700,inhumations
OxfSLK-IC2,79,U,Unknown,600,700,inhumations
OxfSLK-IC2,80,U,Unknown,600,700,inhumations
OxfSLK-IC2,81,U,Unknown,600,700,inhumations
OxfSLK-IC2,82,U,Unknown,600,700,inhumations
OxfSLK-IC2,83,U,Unknown,600,700,inhumations
OxfSLK-IC2,84,U,Unknown,600,700,inhumations
OxfSLK-IC2,85,U,Unknown,600,700,inhumations
OxfSLK-IC2,86,U,Unknown,600,700,inhumations
OxfSLK-IC2,87,U,Unknown,600,700,inhumations
OxfSLK-IC2,88,U,Unknown,600,700,inhumations
OxfSLK-IC2,89,U,Unknown,600,700,inhumations
OxfSLK-IC2,90,U,Unknown,600,700,inhumations
OxfSLK-IC2,91,U,Unknown,600,700,inhumations
OxfSLK-IC2,92,U,Unknown,600,700,inhumations
OxfSLK-IC2,93,U,Unknown,600,700,inhumations
OxfSLK-IC2,94,U,Unknown,600,700,inhumations
OxfSLK-IC2,95,U,Unknown,600,700,inhumations
OxfSLK-IC2,96,U,Unknown,600,700,inhumations
OxfSLK-IC2,97,U,Unknown,600,700,inhumations
OxfSLK-IC2,98,U,Unknown,600,700,inhumations
OxfSLK-IC2,99,U,Unknown,600,700,inhumations
OxfSLK-IC2,100,U,Unknown,600,700,inhumations
OxfSLK-IC2,101,U,Unknown,600,700,inhumations
OxfSLK-IC2,102,U,Unknown,600,700,inhumations
OxfSLK-IC2,103,U,Unknown,600,700,inhumations
OxfSLK-IC2,104,U,Unknown,600,700,inhumations
OxfSLK-IC2,105,U,Unknown,600,700,inhumations
OxfSLK-IC2,106,U,Unknown,600,700,inhumations
OxfSLK-IC2,107,U,Unknown,600,700,inhumations
OxfSLK-IC2,108,U,Unknown,600,700,inhumations
OxfSLK-IC2,109,U,Unknown,600,700,inhumations
OxfSLK-IC2,14,U,Unknown,600,700,inhumation
OxfSLK-IC2,15,U,Unknown,600,700,inhumation
OxfSLK-IC2,a,U,Unknown,600,700,inhumation
OxfSLK-IC2,b,U,Unknown,600,700,inhumation
OxfSLK-IC2,1,U,Unknown,600,700,inhumation
OxfSLK-IC2,2,U,Unknown,600,700,inhumation
OxfSLK-IC2,3,U,Child,600,700,inhumation
OxfSLK-IC2,4,U,Child,600,700,inhumation
OxfSLK-IC2,5,U,Adult,600,700,inhumation
OxfSLK-IC2,6,U,Unknown,600,700,inhumation
OxfSLK-IC2,7,U,Unknown,600,700,inhumation
OxfSLK-IC2,8,U,Adult,625,700,inhumation
OxfSLK-IC2,9,U,Unknown,600,700,inhumation
OxfSLK-IC2,10,U,Unknown,600,700,inhumation
OxfSLK-IC2,11,U,Unknown,600,700,inhumation
OxfSLK-IC2,12,U,Child,600,700,inhumation
OxfSLK-IC2,13,U,Unknown,600,700,inhumation
OxfSLK-IC2,16,U,Adult,600,700,inhumation
OxfSLK-IC2,17,U,Unknown,600,700,inhumation
OxfSLK-IC2,18,U,Unknown,600,700,inhumation
OxfSLK-IC2,19/?,U,Unknown,600,625,inhumation
OxfSLK-IC2,20,U,Unknown,600,700,inhumation
OxfSLK-IC2,21,U,Unknown,600,700,inhumation
OxfSLK-IC2,26,U,Unknown,600,700,inhumations
OxfSLK-IC2,27,U,Unknown,600,700,inhumations
OxfSLK-IC2,22,F,40,600,700,inhumation
OxfSLK-IC2,23,F,17-21,600,700,inhumation
OxfSLK-IC2,24,U,Unknown,600,700,inhumation
OxfSLK-IC2,25,M,50+,600,700,inhumation
OxfSLK-IC2,28,U,Unknown,600,700,inhumations
OxfSLK-IC2,68,U,Unknown,600,700,inhumations
OxfSLK-IC2,110,U,Unknown,600,700,inhumation
OxfSLK-IC2,111,U,Unknown,600,700,inhumations
OxfSLK-IC3,1,M,Yng adult,450,700,inhumation
OxfSLK-MC1,a,M?,Adult,450,600,inhumation
OxfSLK-MC1,b,M,Adult,450,600,inhumation
OxfSLK-MC1,c,U,Unknown,450,600,inhumation
OxfSLK-MC1,d,U,Unknown,525,575,inhumation
OxfSLK-MC1,1,F,Adult,500,575,inhumation
OxfSLK-MC1,2,M,Adult,450,575,inhumation
OxfSLK-MC1,3,M,Adult,450,575,inhumation
OxfSLK-MC1,4,F,Adult,450,600,inhumation
OxfSLK-MC1,5,U,Unknown,450,600,inhumation
OxfSLK-MC1,6,M,Adult,450,525,inhumation
OxfSLK-MC1,7,F,Adult,450,600,inhumation
OxfSLK-MC1,8,U,Unknown,450,600,inhumation
OxfSLK-MC1,9/,U,Unknown,450,600,inhumation
OxfSLK-MC1,10,F,Adult,450,600,inhumation
OxfSLK-MC1,11,U,Unknown,450,600,inhumation
OxfSLK-MC1,12,F,Adult,500,600,inhumation
OxfSLK-MC1,9/a,U,Child,500,600,inhumation
OxfSLK-MC1,13/,F,Adult,500,525,inhumation
OxfSLK-MC1,13/a,M,Adult,500,575,inhumation
OxfSLK-MC1,14,U,Young,450,600,inhumation
OxfSLK-MC1,15,M,Adult,450,550,inhumation
OxfSLK-MC1,16,F,Adult,450,550,inhumation
OxfSLK-MC1,17,F,Child,450,550,inhumation
OxfSLK-MC1,18,F,Adult,475,500,inhumation
OxfSLK-MC1,19,M,Unknown,450,600,inhumation
OxfSLK-MC1,20,F,Adult,500,600,inhumation
OxfSLK-MC1,21,U,Unknown,450,600,inhumation
OxfSLK-MC1,22,F,Adult,500,550,inhumation
OxfSLK-MC1,23,F,Adult,525,600,inhumation
OxfSLK-MC1,24,F,Adult,500,550,inhumation
OxfSLK-MC1,25,U,Child,450,600,inhumation
OxfSLK-MC1,26,U,Adult,450,600,inhumation
OxfSLK-MC1,27,U,Adult,500,600,inhumation
OxfSLK-MC1,28,U,Adult,450,600,inhumation
OxfSLK-MC1,29,F,Child,450,550,inhumation
OxfSLK-MC1,30,M,Adult,450,600,inhumation
OxfSLK-MC1,31,M,Adult,475,500,inhumation
OxfSLK-MC1,32/,U,Unknown,450,600,inhumation
OxfSLK-MC1,33,M,Unknown,450,600,inhumation
OxfSLK-MC1,34,M,Unknown,450,600,inhumation
OxfSLK-MC1,35,F,Adult,450,600,inhumation
OxfSLK-MC1,36,F,Unknown,450,600,inhumation
OxfSLK-MC1,37,M,Unknown,450,600,inhumation
OxfSLK-MC1,38,M,Adult,450,600,inhumation
OxfSLK-MC1,39,F,Adult,450,600,inhumation
OxfSLK-MC1,40,F,Adult,525,575,inhumation
OxfSLK-MC1,41,F,Adult,450,600,inhumation
OxfSLK-MC1,42,M,Adult,450,600,inhumation
OxfSLK-MC1,43,M,Adult,500,550,inhumation
OxfSLK-MC1,44/,U,Unknown,500,600,inhumation
OxfSLK-MC1,44/a,M,Adult,450,575,inhumation
OxfSLK-MC1,45,F,Adult,450,550,inhumation
OxfSLK-MC1,46,F,Adult,475,525,inhumation
OxfSLK-MC1,47,F,Adult,450,600,inhumation
OxfSLK-MC1,48,F,Adult,450,550,inhumation
OxfSLK-MC1,49,F,Adult,500,575,inhumation
OxfSLK-MC1,50,M,Adult,450,575,inhumation
OxfSLK-MC1,51,F,Adult,525,550,inhumation
OxfSLK-MC1,52,F,Adult,450,600,inhumation
OxfSLK-MC1,53,F,Adult,450,600,inhumation
OxfSLK-MC1,54,F,Unknown,450,600,inhumation
OxfSLK-MC1,55,U,Unknown,450,600,inhumation
OxfSLK-MC1,56,F,Adult,500,600,inhumation
OxfSLK-MC1,57,F,Adult,450,525,inhumation
OxfSLK-MC1,58,U,Child,450,500,inhumation
OxfSLK-MC1,49/a,U,Unknown,500,575,inhumation
OxfSLK-MC1,40/a,U,Unknown,450,600,inhumation
OxfSLK-MC1,32b,U,Unknown,450,600,inhumation
OxfSLK-MC1,i,U,Unknown,450,600,cremation
OxfSLK-MC1,ii,U,Unknown,450,600,cremation
OxfSLK-MC1,iii,U,Unknown,450,600,cremation
OxfSLK-MC1,iv,U,Unknown,450,600,cremation
OxfSLK-MC1,v,U,Unknown,500,600,cremation
OxfSLK-MC1,vi,U,Unknown,450,600,cremation
OxfSLK-MC1,vii,U,Unknown,450,600,cremation
OxfSLK-MC1,viii,U,Unknown,450,600,cremation
OxfSLK-MC1,ix,U,Unknown,450,600,cremation
OxfSLK-MC1,xi,U,Unknown,450,600,cremation
OxfSLK-MC1,xii,U,Unknown,450,600,cremation
OxfSLK-MC1,xiii,U,Unknown,525,575,cremation
OxfWCH-IC1,1,U,Unknown,350,700,inhumation
OxfWCH-IC1,2,U,Unknown,350,700,inhumation
OxfYTN-IC1,1,U,Adult,575,625,inhumation
SmtBDM-IC1,2,U,Unknown,600,700,inhumation
SmtBDM-IC1,3,U,Unknown,600,700,inhumation
SmtBDM-IC1,4,U,Unknown,600,700,inhumation
SmtBDM-IC1,5,U,Unknown,600,700,inhumation
SmtBDM-IC1,1,U,Unknown,600,700,inhumation
SmtBDM-IC1,6,U,Unknown,600,700,inhumation
SmtBLD-IC1,1,F,35-50,600,700,inhumation
SmtBLD-IC1,2,U,Unknown,600,700,inhumation
SmtBLD-IC1,3,U,Unknown,600,700,inhumation
SmtBLD-IC1,4,U,Unknown,600,700,inhumation
SmtBLD-IC1,5,U,Child,600,700,inhumation
SmtBRN-IC1,1,M?,15,415,660,inhumation
SmtBRN-IC1,2,U,4-5,415,660,inhumation
SmtBRN-IC1,3,U,6 mon,415,660,inhumation
SmtBRN-IC1,4,M,30-35,415,660,inhumation
SmtBRN-IC1,5,U,30,415,660,inhumation
SmtBRN-IC1,6,F,Unknown,415,660,inhumation
SmtBRN-IC1,7,U,Unknown,560,660,inhumation
SmtBRN-IC1,8,U,Unknown,415,600,inhumation
SmtCDD-BI1,1,U,Unknown,375,425,inhumation
SmtCDD-BI2,1,U,Unknown,500,700,inhumation
SmtCMN-IC1,1,U,Child,600,700,inhumation
SmtCMN-IC1,2,U,Adult,600,700,inhumation
SmtCMN-IC1,3,U,Child,600,700,inhumation
SmtCMN-IC1,4,U,Adult,600,700,inhumation
SmtCMN-IC1,5,U,Infant,600,700,inhumation
SmtCMN-IC1,6,U,9,600,700,inhumation
SmtCMN-IC1,7,M,Old,600,700,inhumation
SmtCMN-IC1,8,U,40,600,700,inhumation
SmtCMN-IC1,9,U,1-5,600,700,inhumation
SmtCMN-IC1,10,U,Adult,600,700,inhumation
SmtCMN-IC1,11,F,30,100,400,inhumation
SmtCMN-IC1,12,M,Adult,600,700,inhumation
SmtCMN-IC1,13,M,Adult,600,700,inhumation
SmtCMN-IC1,14,F,Unknown,600,700,inhumation
SmtCMN-IC1,15,U,Yng adult,600,700,inhumation
SmtCMN-IC1,16,U,Unknown,600,700,inhumation
SmtCMN-IC1,17,U,12,600,700,inhumation
SmtCMN-IC1,18,U,6-8,600,700,inhumation
SmtCMN-IC1,19,U,16-18,600,700,inhumation
SmtCMN-IC1,20,M,30,600,700,inhumation
SmtCMN-IC1,21,U,5-7,600,700,inhumation
SmtCMN-IC1,22,U,Infant,600,700,inhumation
SmtCMN-IC1,23,M,25,600,700,inhumation
SmtCMN-IC1,24/a,U,Unknown,600,700,inhumation
SmtCMN-IC1,24/,U,Unknown,600,700,inhumation
SmtCMN-IC1,25,M,Elderly?,600,700,inhumation
SmtCMN-IC1,26,U,5-7,600,700,inhumation
SmtCMN-IC1,27,U,Child,600,700,inhumation
SmtCMN-IC1,28,U,16,600,700,inhumation
SmtCMN-IC1,29,U,Unknown,600,700,inhumation
SmtCMN-IC1,30,U,20-30,600,700,inhumation
SmtCMN-IC1,31,U,Yng child,600,700,inhumation
SmtCMN-IC1,32,U,10-12,600,700,inhumation
SmtCMN-IC1,33/,M?,Aged,600,700,inhumation
SmtCMN-IC1,33/a,U,Infant,600,700,inhumation
SmtCMN-IC1,34,U,Unknown,600,700,inhumation
SmtCMN-IC1,35,M,Unknown,600,700,inhumation
SmtCMN-IC1,36,U,Unknown,600,700,inhumation
SmtCMN-IC1,37,M,Unknown,600,700,inhumation
SmtCMN-IC1,38,U,Infant,600,700,inhumation
SmtCMN-IC1,39,U,Infant,600,700,inhumation
SmtCMN-IC1,40,F?,Unknown,600,700,inhumation
SmtCMN-IC1,41,U,Unknown,600,700,inhumation
SmtCMN-IC1,42,U,Unknown,600,700,inhumation
SmtCMN-IC1,43/a,U,Unknown,600,700,inhumation
SmtCMN-IC1,43/,U,Unknown,600,700,inhumation
SmtCMN-IC1,44,M,Mature ad,600,700,inhumation
SmtCMN-IC1,45,M,Mature ad,600,700,inhumation
SmtCMN-IC1,46,M,18,600,700,inhumation
SmtCMN-IC1,47,M,Adult,600,700,inhumation
SmtCMN-IC1,48,F?,Unknown,600,700,inhumation
SmtCMN-IC1,49,U,Infant,600,700,inhumation
SmtCMN-IC1,50,F?,16,600,700,inhumation
SmtCMN-IC1,51,U,Infant,600,700,inhumation
SmtCMN-IC1,52/53,F,Unknown,600,700,inhumation
SmtCMN-IC1,53/52,M,Unknown,600,700,inhumation
SmtCMN-IC1,54,M,7-8,600,700,inhumation
SmtCMN-IC1,55,M,20-25,600,700,inhumation
SmtCMN-IC1,56,M?,Unknown,600,700,inhumation
SmtCMN-IC1,57,U,Unknown,600,700,inhumation
SmtCMN-IC1,58,M?,Adult,600,700,inhumation
SmtCMN-IC1,59,M,past m-age,600,700,inhumation
SmtCMN-IC1,60,M,Unknown,600,700,inhumation
SmtCMN-IC1,61,U,Infant,600,700,inhumation
SmtCMN-IC1,62,U,Young,600,700,inhumation
SmtCMN-IC1,63,F?,Young,600,700,inhumation
SmtCMN-IC1,64,U,8-12,600,700,inhumation
SmtCMN-IC1,65,F,25,600,700,inhumation
SmtCMN-IC1,66,M,Unknown,600,700,inhumation
SmtCMN-IC1,67,U,Infant,600,700,inhumation
SmtCMN-IC1,68,M,20-30,600,700,inhumation
SmtCMN-IC1,69,U,Child,600,700,inhumation
SmtCMN-IC1,70,F,Unknown,600,700,inhumation
SmtCMN-IC1,71,M?,Old,600,700,inhumation
SmtCMN-IC1,72,U,Child,600,700,inhumation
SmtCMN-IC1,73,U,Unknown,600,700,inhumation
SmtCMN-IC1,74,M?,Unknown,600,700,inhumation
SmtCMN-IC1,75,U,Unknown,600,700,inhumation
SmtCMN-IC1,76,M?,Unknown,600,700,inhumation
SmtCMN-IC1,77,U,Unknown,600,700,inhumation
SmtCMN-IC1,78,U,Unknown,600,700,inhumation
SmtCMN-IC1,79,F,Teens,600,700,inhumation
SmtCMN-IC1,80,U,Unknown,600,700,inhumation
SmtCMN-IC1,81,U,Unknown,600,700,inhumation
SmtCMN-IC1,82/83,U,Unknown,600,700,inhumation
SmtCMN-IC1,83/82,U,Unknown,600,700,inhumation
SmtCMN-IC1,82/a,U,Child,600,700,inhumation
SmtCMN-IC1,82/b,U,Infant,600,700,inhumation
SmtCMN-IC1,84,U,6-7,600,700,inhumation
SmtCMN-IC1,85,U,Infant,600,700,inhumation
SmtCMN-IC1,86,U,Infant,600,700,inhumation
SmtCMN-IC1,87,M?,Unknown,600,700,inhumation
SmtCMN-IC1,88,U,9-10,600,700,inhumation
SmtCMN-IC1,89,F?,25,600,700,inhumation
SmtCMN-IC1,90,U,Unknown,600,700,inhumation
SmtCMN-IC1,91,M?,Unknown,600,700,inhumation
SmtCMN-IC1,92,U,Child,600,700,inhumation
SmtCMN-IC1,93,M?,25-30,600,700,inhumation
SmtCMN-IC1,94/,U,Unknown,600,700,inhumation
SmtCMN-IC1,94/a,U,Unknown,600,700,inhumation
SmtCMN-IC1,95,U,Unknown,600,700,inhumation
SmtCMN-IC1,96,U,Unknown,600,700,inhumation
SmtCMN-IC1,97,U,Child,600,700,inhumation
SmtCMN-IC1,98,U,Unknown,600,700,inhumation
SmtCMN-IC1,99,M?,Unknown,600,700,inhumation
SmtCMN-IC1,100/,F,Unknown,600,700,inhumation
SmtCMN-IC1,101,U,5-6,600,700,inhumation
SmtCMN-IC1,102,M?,Unknown,600,700,inhumation
SmtCMN-IC1,103,M,Unknown,600,700,inhumation
SmtCMN-IC1,104,U,Unknown,600,700,inhumation
SmtCMN-IC1,105,U,Unknown,600,700,inhumation
SmtCMN-IC1,106,U,Unknown,600,700,inhumation
SmtCMN-IC1,107,U,Unknown,600,700,inhumation
SmtCMN-IC1,108/,U,Unknown,600,700,inhumation
SmtCMN-IC1,108/a,U,Infant,600,700,inhumation
SmtCMN-IC1,109,M,30+,600,700,inhumation
SmtCPT-IC1,1,M,30,650,750,inhumation
SmtCPT-IC1,2,M,Unknown,650,750,inhumation
SmtCPT-IC1,3,U,Unknown,650,750,inhumation
SmtCPT-IC1,4,M,30-35,650,750,inhumation
SmtCPT-IC1,F001,M,Unknown,650,750,inhumation
SmtCPT-IC1,F005,U,Unknown,650,750,inhumation
SmtCTN-IC1,5,U,Unknown,400,500,inhumation
SmtCTN-IC1,7,U,Unknown,400,500,inhumation
SmtCTN-IC1,29,U,1 month,300,500,inhumation
SmtCTN-IC1,34,M,26-36,400,500,inhumation
SmtCTN-IC1,44,M,28-37,400,500,inhumation
SmtCTN-IC1,48,M,29-39,400,500,inhumation
SmtCTN-IC1,51,M,15-17,400,500,inhumation
SmtCTN-IC1,63,F,29-39,400,500,inhumation
SmtCTN-IC1,64,M,39-49,400,500,inhumation
SmtCTN-IC1,69,F,39-49,400,500,inhumation
SmtCTN-IC1,87,U,Adult,120,440,inhumation
SmtCTN-IC1,100,M,22-28,120,420,inhumation
SmtCTN-IC1,113,M,32-42,400,500,inhumation
SmtCTN-IC1,114,M,47-57,230,650,inhumation
SmtCTN-IC1,122,F,Elderly,350,670,inhumation
SmtCTN-IC1,124,F?,46-56,400,500,inhumation
SmtCTN-IC1,134,F,21-23,500,700,inhumation
SmtCTN-IC1,140,M,29-39,380,650,inhumation
SmtCTN-IC1,141,F?,20-22,400,500,inhumation
SmtCTN-IC1,149,F,32-42,400,500,inhumation
SmtCTN-IC1,154,M,25-35,450,770,inhumation
SmtCTN-IC1,159,F,21-23,400,500,inhumation
SmtCTN-IC1,169,F?,30-40,400,500,inhumation
SmtCTN-IC1,181,F,25-35,690,1020,inhumation
SmtCTN-IC1,197,F,20-30,390,650,inhumation
SmtCTN-IC1,200,F,31-41,380,660,inhumation
SmtCTN-IC1,203,F,18-20,130,610,inhumation
SmtCTN-IC1,257,F,30-40,500,750,inhumation
SmtCTN-IC1,259,F,22-32,255,640,inhumation
SmtCTN-IC1,286,M,17-19,400,500,inhumation
SmtCTN-IC1,288/289,M,Old,400,500,inhumation
SmtCTN-IC1,289/288,M,Adult,400,500,inhumation
SmtCTN-IC1,295,F,19-21,255,610,inhumation
SmtCTN-IC1,312,M,19-21,400,500,inhumation
SmtCTN-IC1,317/409,F,34-44,500,750,inhumation
SmtCTN-IC1,325/409,F,19-29,500,750,inhumation
SmtCTN-IC1,335,F,29-39,500,600,inhumation
SmtCTN-IC1,340,M,Old,500,750,inhumation
SmtCTN-IC1,351,F,19-21,500,700,inhumation
SmtCTN-IC1,357/409,F?,27-37,500,750,inhumation
SmtCTN-IC1,371/409,F,40-50,500,750,inhumation
SmtCTN-IC1,374,F,20-24,110,450,inhumation
SmtCTN-IC1,384,U,13-15,90,440,inhumation
SmtCTN-IC1,400/409,M,20-24,500,750,inhumation
SmtCTN-IC1,401,U,10-12,500,700,inhumation
SmtCTN-IC1,402,M,40+,500,700,inhumation
SmtCTN-IC1,404,M,30-40,605,685,inhumation
SmtCTN-IC1,405,U,6-8,660,800,inhumation
SmtCTN-IC1,407,U,5-7,600,700,inhumation
SmtCTN-IC1,408,F?,21-31,410,690,inhumation
SmtCTN-IC1,409/,U,12-14,620,1020,inhumation
SmtCTN-IC1,410/409,M,47-57,500,750,inhumation
SmtCTN-IC1,413,F,15-17,400,500,inhumation
SmtCTN-IC1,416/409,F,24-34,500,750,inhumation
SmtCTN-IC1,419,M,19-23,535,655,inhumation
SmtCTN-IC1,421,F,26-36,410,600,inhumation
SmtCTN-IC1,422,F,17-21,615,750,inhumation
SmtCTN-IC1,423,M,23-32,600,800,inhumation
SmtCTN-IC1,424,M,19-23,210,440,inhumation
SmtCTN-IC1,428,U,10-12,400,500,inhumation
SmtCTN-IC1,439/409,U,Adult,500,750,inhumation
SmtCTN-IC1,503,M,27-37,530,860,inhumation
SmtCTN-IC1,153,U,25-35,400,500,inhumation
SmtCVN-IC1,2,U,Unknown,300,600,inhumations
SmtCVN-IC1,3,U,Unknown,300,600,inhumations
SmtCVN-IC1,4,U,Unknown,300,600,inhumations
SmtCVN-IC1,5,U,Unknown,300,600,inhumations
SmtCVN-IC1,1,U,Unknown,300,600,inhumations
SmtECH-BI1,1,M,Unknown,600,700,inhumation
SmtGBY-IC1,1,M,35-45,650,810,inhumation
SmtGBY-IC1,3,U,Unknown,650,810,inhumation
SmtGBY-IC1,4/,M,17-25,650,810,inhumation
SmtGBY-IC1,4/a,U,25-35,650,810,inhumation
SmtGBY-IC1,5,U,Unknown,650,810,inhumation
SmtGBY-IC1,6,M,35-45,650,810,inhumation
SmtGBY-IC1,8,M,Unknown,650,810,inhumation
SmtGBY-IC1,9,U,Unknown,650,810,inhumation
SmtGBY-IC1,10,U,Unknown,650,810,inhumation
SmtGBY-IC1,11,M,Unknown,650,810,inhumation
SmtGBY-IC1,12,M,Unknown,650,810,inhumation
SmtGBY-IC1,13,U,25-35,650,810,inhumation
SmtGBY-IC1,14,M,25-35,650,810,inhumation
SmtGBY-IC1,15,M,Unknown,650,810,inhumation
SmtGBY-IC1,16,U,Unknown,650,810,inhumation
SmtGBY-IC1,17,U,Unknown,650,810,inhumation
SmtGBY-IC1,18,M,25-35,650,810,inhumation
SmtGBY-IC1,19/,U,Unknown,650,810,inhumation
SmtGBY-IC1,19/a,F,Unknown,650,810,inhumation
SmtGBY-IC1,20,U,Unknown,650,810,inhumation
SmtGBY-IC1,21,U,Unknown,650,810,inhumation
SmtGBY-IC1,22,M,Unknown,650,810,inhumation
SmtGBY-IC1,23,U,Unknown,650,810,inhumation
SmtGBY-IC1,24,U,Unknown,650,810,inhumation
SmtGBY-IC1,25,M,25-35,650,810,inhumation
SmtGBY-IC1,26,M,45+,650,810,inhumation
SmtGBY-IC1,27,M,Unknown,650,810,inhumation
SmtGBY-IC1,28,M,Unknown,650,810,inhumation
SmtGBY-IC1,29,M,35-45,650,810,inhumation
SmtGBY-IC1,30,M,35-45,650,810,inhumation
SmtGBY-IC1,31,M,Unknown,650,810,inhumation
SmtGBY-IC1,32,M,Unknown,650,810,inhumation
SmtGBY-IC1,33,M,25-45,650,810,inhumation
SmtGBY-IC1,34,M,17-25,650,810,inhumation
SmtGBY-IC1,35,M,45+,650,810,inhumation
SmtGBY-IC1,36,M,25-35,650,810,inhumation
SmtGBY-IC1,37,M,35-45,650,810,inhumation
SmtGBY-IC1,38,M,25-35,650,810,inhumation
SmtGBY-IC1,39,M,25-35,650,810,inhumation
SmtGBY-IC1,40,M,25-35,650,810,inhumation
SmtGBY-IC1,41,M,25-35,650,810,inhumation
SmtGBY-IC1,42,M,Unknown,650,810,inhumation
SmtGBY-IC1,43,M,Unknown,650,810,inhumation
SmtGBY-IC1,44,M,35-45,650,810,inhumation
SmtGBY-IC1,45,U,Unknown,650,810,inhumation
SmtGBY-IC1,46,M,17-25,650,810,inhumation
SmtGBY-IC1,47,M,35-45,650,810,inhumation
SmtGBY-IC1,48,M,35-45,650,810,inhumation
SmtGBY-IC1,49,M,25-35,650,810,inhumation
SmtGBY-IC1,50,M,Unknown,650,810,inhumation
SmtGBY-IC1,51,M,Unknown,650,810,inhumation
SmtGBY-IC1,52,M,45+,650,810,inhumation
SmtGBY-IC1,53,M,25-35,650,810,inhumation
SmtGBY-IC1,54,U,8-9,650,810,inhumation
SmtGBY-IC1,55,M,35-45,650,810,inhumation
SmtGBY-IC1,56,M,Unknown,650,810,inhumation
SmtGBY-IC1,57,M,Unknown,650,810,inhumation
SmtGBY-IC1,1887b,U,Unknown,650,810,inhumation
SmtGBY-IC1,EF56,U,Unknown,650,810,inhumation
SmtHBY-IC1,1,U,Unknown,400,700,inhumation
SmtHBY-IC1,2,U,Unknown,400,700,inhumation
SmtHBY-IC1,3,U,Unknown,400,700,inhumation
SmtHBY-IC1,4,U,Unknown,400,700,inhumation
SmtHBY-IC1,5,U,Unknown,400,700,inhumation
SmtHBY-IC1,6,U,Unknown,400,700,inhumation
SmtHBY-IC1,7,U,Unknown,400,700,inhumation
SmtHBY-IC1,8,U,Unknown,400,700,inhumation
SmtHBY-IC1,9,U,Unknown,400,700,inhumation
SmtHBY-IC1,10,U,Unknown,400,700,inhumation
SmtLBV-IC1,2,U,Unknown,700,900,inhumation
SmtLBV-IC1,3,U,Unknown,700,900,inhumation
SmtLBV-IC1,4,U,Unknown,700,900,inhumation
SmtLBV-IC1,5,U,Unknown,700,900,inhumation
SmtLBV-IC1,6,U,Unknown,700,900,inhumation
SmtLBV-IC1,7,U,Unknown,700,900,inhumation
SmtLBV-IC1,8,U,Unknown,700,900,inhumation
SmtLBV-IC1,9,U,Unknown,700,900,inhumation
SmtLBV-IC1,10,U,Unknown,700,900,inhumation
SmtLBV-IC1,1,U,Unknown,700,900,inhumation
SmtLYT-IC1,F25,M?,Unknown,470,870,inhumation
SmtLYT-IC1,F26/,U,Unknown,470,870,inhumation
SmtLYT-IC1,F26/a,M?,Unknown,470,870,inhumation
SmtLYT-IC1,F141,F,25-30,470,870,inhumation
SmtLYT-IC1,F142,F,17-20,470,870,inhumation
SmtLYT-IC1,F143,F,45+,470,870,inhumation
SmtLYT-IC1,F144,F,45+,470,870,inhumation
SmtLYT-IC1,F145,F,17-25+,470,870,inhumation
SmtLYT-IC1,F147,U,10,470,870,inhumation
SmtLYT-IC1,F159,F,17-18,470,650,inhumation
SmtLYT-IC1,F165,M,45-50,690,870,inhumation
SmtLYT-IC1,F160,F,35-45,470,870,inhumation
SmtLYT-IC1,CMB1,F,Unknown,470,870,inhumation
SmtLYT-IC1,CMB2,F,Unknown,470,870,inhumation
SmtLYT-IC1,CMB3,F,17-25+,470,870,inhumation
SmtLYT-IC1,CMBinf,F?,1-2,470,870,inhumation
SmtPBY-IC1,1,U,Unknown,400,900,inhumation
SmtPBY-IC1,2,U,Unknown,400,900,inhumation
SmtPBY-IC1,3,U,Unknown,400,900,inhumation
SmtPBY-IC1,4,U,Unknown,400,900,inhumation
SmtPBY-IC1,5,U,Unknown,400,900,inhumation
SmtPBY-IC1,6,U,Unknown,400,900,inhumation
SmtPBY-IC1,7,U,Unknown,400,900,inhumation
SmtPBY-IC1,8,U,Unknown,400,900,inhumation
SmtPBY-IC1,9,U,Unknown,400,900,inhumation
SmtPBY-IC1,10,U,Unknown,400,900,inhumation
SmtPBY-IC1,11,U,Unknown,400,900,inhumation
SmtPBY-IC1,12,U,Unknown,400,900,inhumation
SmtPBY-IC1,13,U,Unknown,400,900,inhumation
SmtPBY-IC1,14,U,Unknown,400,900,inhumation
SmtPBY-IC1,15,U,Unknown,400,900,inhumation
SmtPHD-IC1,1,U,Unknown,350,450,inhumations
SmtPHD-IC1,2,U,Unknown,350,450,inhumations
SmtPHD-IC1,3,U,Unknown,350,450,inhumations
SmtPHD-IC1,4,U,Unknown,350,450,inhumations
SmtPHD-IC1,5,U,Unknown,350,450,inhumations
SmtPHD-IC1,6,U,Unknown,350,450,inhumations
SmtPHD-IC1,7,U,Unknown,350,450,inhumations
SmtPHD-IC1,8,U,Unknown,350,450,inhumations
SmtPHD-IC1,9,U,Unknown,350,450,inhumations
SmtPHD-IC1,10,U,Unknown,350,450,inhumations
SmtPHD-IC1,11,U,Unknown,350,450,inhumations
SmtPHD-IC1,12,U,Unknown,350,450,inhumations
SmtPHD-IC1,13,U,Unknown,350,450,inhumations
SmtPHD-IC1,14,U,Unknown,350,450,inhumations
SmtPHD-IC1,15,U,Unknown,350,450,inhumations
SmtPHD-IC1,16,U,Unknown,350,450,inhumations
SmtPHD-IC1,17,U,Unknown,350,450,inhumations
SmtPHD-IC1,18,U,Unknown,350,450,inhumations
SmtPHD-IC1,19,U,Unknown,350,450,inhumations
SmtPHD-IC1,20,U,Unknown,350,450,inhumations
SmtPHD-IC1,21,U,Unknown,350,450,inhumations
SmtPHD-IC1,22,U,Unknown,350,450,inhumations
SmtPHD-IC1,23,U,Unknown,350,450,inhumations
SmtPHD-IC1,24,U,Unknown,350,450,inhumations
SmtPHD-IC1,25,U,Unknown,350,450,inhumations
SmtPHD-IC1,26,U,Unknown,350,450,inhumations
SmtPHD-IC1,27,U,Unknown,350,450,inhumations
SmtPHD-IC1,28,U,Unknown,350,450,inhumations
SmtPHD-IC1,29,U,Unknown,350,450,inhumations
SmtPHD-IC1,30,U,Unknown,350,450,inhumations
SmtPHD-IC1,31,U,Unknown,350,450,inhumations
SmtPHD-IC1,32,U,Unknown,350,450,inhumations
SmtPHD-IC1,33,U,Unknown,350,450,inhumations
SmtPHD-IC1,34,U,Unknown,350,450,inhumations
SmtPHD-IC1,35,U,Unknown,350,450,inhumations
SmtPHD-IC1,36,U,Unknown,350,450,inhumations
SmtPHD-IC1,37,U,Unknown,350,450,inhumations
SmtPHD-IC1,38,U,Unknown,350,450,inhumations
SmtPHD-IC1,39,U,Unknown,350,450,inhumations
SmtPHD-IC1,40,U,Unknown,350,450,inhumations
SmtPHD-IC1,41,U,Unknown,350,450,inhumations
SmtPHD-IC1,42,U,Unknown,350,450,inhumations
SmtPHD-IC1,43,U,Unknown,350,450,inhumations
SmtQCL-IC1,11,U,Unknown,600,700,inhumation
SmtQCL-IC1,1,U,Unknown,600,700,inhumation
SmtQCL-IC1,2,U,Unknown,600,700,inhumation
SmtQCL-IC1,3,U,Unknown,600,700,inhumation
SmtQCL-IC1,4,U,Unknown,600,700,inhumation
SmtQCL-IC1,5,U,Unknown,600,700,inhumation
SmtQCL-IC1,6,U,Unknown,600,700,inhumation
SmtQCL-IC1,7,U,Unknown,600,700,inhumation
SmtQCL-IC1,8,U,Unknown,600,700,inhumation
SmtQCL-IC1,9,U,Unknown,600,700,inhumation
SmtQCL-IC1,10,U,Unknown,600,700,inhumation
SmtSFD-IC1,1,U,Unknown,600,700,inhumation
SmtSFD-IC1,2,U,Unknown,600,700,inhumation
SmtSFD-IC1,3,U,Unknown,600,700,inhumation
SmtSFD-IC1,4,U,Unknown,600,700,inhumation
SmtSFD-IC1,5,U,Unknown,600,700,inhumation
SmtSFD-IC1,6,U,Unknown,600,700,inhumation
SmtWCB-IC1,2,U,Unknown,300,600,inhumations
SmtWCB-IC1,3,U,Unknown,300,600,inhumations
SmtWCB-IC1,4,U,Unknown,300,600,inhumations
SmtWCB-IC1,5,U,Unknown,300,600,inhumations
SmtWCB-IC1,1,U,Unknown,300,600,inhumations
SmtWCT-IC1,14,U,Unknown,500,600,inhumation
SmtWCT-IC1,15,U,Unknown,500,600,inhumation
SmtWCT-IC1,16,U,Unknown,500,600,inhumation
SmtWCT-IC1,17,U,Unknown,500,600,inhumation
SmtWCT-IC1,18,U,Unknown,500,600,inhumation
SmtWCT-IC1,19,U,Unknown,500,600,inhumation
SmtWCT-IC1,20,U,Unknown,500,600,inhumation
SmtWCT-IC1,21,U,Unknown,500,600,inhumation
SmtWCT-IC1,22,U,Unknown,500,600,inhumation
SmtWCT-IC1,1,U,Unknown,500,600,inhumation
SmtWCT-IC1,2,U,Unknown,500,600,inhumation
SmtWCT-IC1,3,U,Unknown,500,600,inhumation
SmtWCT-IC1,4,U,Unknown,500,600,inhumation
SmtWCT-IC1,5,U,Unknown,500,600,inhumation
SmtWCT-IC1,6,U,Unknown,500,600,inhumation
SmtWCT-IC1,7,U,Unknown,500,600,inhumation
SmtWCT-IC1,8,U,Unknown,500,600,inhumation
SmtWCT-IC1,9,U,Unknown,500,600,inhumation
SmtWCT-IC1,10,U,Unknown,500,600,inhumation
SmtWCT-IC1,11,U,Unknown,500,600,inhumation
SmtWCT-IC1,12,U,Unknown,500,600,inhumation
SmtWCT-IC1,13,U,Unknown,500,600,inhumation
SmtWSM-IC1,2,U,Unknown,600,800,inhumations
SmtWSM-IC1,3,U,Unknown,600,800,inhumations
SmtWSM-IC1,4,U,Unknown,600,800,inhumations
SmtWSM-IC1,5,U,Unknown,600,800,inhumations
SmtWSM-IC1,6,U,Unknown,600,800,inhumations
SmtWSM-IC1,7,U,Unknown,600,800,inhumations
SmtWSM-IC1,1,U,Unknown,600,800,inhumations
SryASD-BI1,1,U,Unknown,450,700,inhumation
SryASD-BI2,1,U,Unknown,450,700,inhumation
SryASD-IC1,S2,F,25-35,600,700,inhumation
SryASD-IC1,S4,M,15-24,600,700,inhumation
SryASD-IC1,S5,U,Unknown,600,700,inhumation
SryASD-IC1,S7,U,6-8,600,700,inhumation
SryASD-IC1,S13,F,45+,600,700,inhumation
SryASD-IC1,S14,U,6-8,600,700,inhumation
SryASD-IC1,S15,M,15-25,600,700,inhumation
SryASD-IC1,S16,U,Unknown,600,700,inhumation
SryASD-IC1,S17,U,4-6,600,700,inhumation
SryASD-IC1,S19,M,35-45,600,700,inhumation
SryASD-IC1,S23,M,45+,600,700,inhumation
SryASD-IC1,S24,M,45+,650,725,inhumation
SryASD-IC1,S25,F?,25-35,600,700,inhumation
SryASD-IC1,S26,U,4-6,600,700,inhumation
SryASD-IC1,S28,M,45+,600,700,inhumation
SryASD-IC1,S31,U,Unknown,600,700,inhumation
SryASD-IC1,S32,U,Unknown,600,700,inhumation
SryASD-IC1,S33,U,Unknown,600,700,inhumation
SryBLY-BC1,1,U,Unknown,450,600,cremation
SryBSD-BI1,1,U,Unknown,450,700,inhumation
SryBSD-IC1,1,M,25-35,640,700,inhumation
SryBSD-IC1,2,M,Unknown,0,0,inhumation
SryBSD-IC1,3,M,Adult,0,0,inhumation
SryBSD-IC1,4,M,Unknown,0,0,inhumation
SryBSD-IC1,5,M,Unknown,0,0,inhumation
SryBSD-IC1,6,M,Unknown,0,0,inhumation
SryBSD-IC1,7,M,Unknown,0,0,inhumation
SryBSD-IC2,1/,U,Adult,600,700,inhumation
SryBSD-IC2,2,U,Adult,600,700,inhumation
SryBSD-IC2,3,M,45+,600,700,inhumation
SryBSD-IC2,4,U,45+,600,700,inhumation
SryBSD-IC2,5,M,35-45,600,700,inhumation
SryBSD-IC2,6,U,10-12,600,700,inhumation
SryBSD-IC2,7,F?,35-45,600,700,inhumation
SryBSD-IC2,8,M,35-45,600,700,inhumation
SryBSD-IC2,9,M,35-45,600,700,inhumation
SryBSD-IC2,10,U,45+,600,700,inhumation
SryBSD-IC2,11,M,35-45,600,700,inhumation
SryBSD-IC2,12/,M?,Unknown,600,700,inhumation
SryBSD-IC2,12/a,M,35-45,600,700,inhumation
SryBSD-IC2,13,U,Unknown,600,700,inhumation
SryBSD-IC2,14,U,Adult,600,700,inhumation
SryBSD-IC2,15,F,15-20,600,700,inhumation
SryBSD-IC2,16,F?,25-35,600,700,inhumation
SryBSD-IC2,17,M?,15-20,600,700,inhumation
SryBSD-IC2,18,F?,25-35,600,700,inhumation
SryBSD-IC2,19,U,15-20,600,700,inhumation
SryBSD-IC2,20,U,Unknown,600,700,inhumation
SryBSD-IC2,21,M,25-35,600,700,inhumation
SryBSD-IC2,22,M?,Unknown,600,700,inhumation
SryBSD-IC2,23,F,45+,600,700,inhumation
SryBSD-IC2,24,M,35-45,600,700,inhumation
SryBSD-IC2,25,F,Unknown,600,700,inhumation
SryBSD-IC2,26,U,Unknown,600,700,inhumation
SryBSD-IC2,27,M,35-45,600,700,inhumation
SryBSD-IC2,28,U,Unknown,600,700,inhumation
SryBSD-IC2,29,F,25-35,600,700,inhumation
SryBSD-IC2,30,U,Adult,600,700,inhumation
SryBSD-IC2,31,U,Unknown,600,700,inhumation
SryBSD-IC2,32,U,Unknown,600,700,inhumation
SryBSD-IC2,33,U,20-25,600,700,inhumation
SryBSD-IC2,34,F?,Adult,600,700,inhumation
SryBSD-IC2,35,U,8-10,600,700,inhumation
SryBSD-IC2,36,F,25-35,600,700,inhumation
SryBSD-IC2,37,U,Unknown,600,700,inhumation
SryBSD-IC2,38,U,Unknown,600,700,inhumation
SryBSD-IC2,39,U,Unknown,600,700,inhumation
SryBSD-IC2,40,U,Unknown,600,700,inhumation
SryBSD-IC2,41,U,Unknown,600,700,inhumation
SryBSD-IC2,42,U,35-45,600,700,inhumation
SryBSD-IC2,43,U,Unknown,600,700,inhumation
SryBSD-IC2,44,M?,Adult,600,700,inhumation
SryBSD-IC2,1/a,U,Adult,600,700,inhumation
SryBSD-IC2,45,U,Adult,600,700,inhumation
SryBSD-IC2,46,U,8-10,600,700,inhumation
SryBSD-IC3,1,M,Unknown,550,600,inhumation
SryBSD-IC3,2,U,Unknown,550,600,inhumation
SryBTN-MC1,1,U,Unknown,450,600,inhumation
SryBTN-MC1,2,U,Unknown,450,600,inhumation
SryBTN-MC1,3,U,Unknown,450,600,inhumation
SryBTN-MC1,C1,U,Unknown,450,600,cremation
SryBTN-MC1,C2,U,Unknown,450,600,cremation
SryBTN-MC1,C3,U,Unknown,450,600,cremation
SryBTN-MC1,4,U,Unknown,450,600,inhumation
SryBTN-MC1,5,U,Unknown,450,600,inhumation
SryBTN-MC1,6,U,Unknown,450,600,inhumation
SryBTN-MC1,C4,U,Unknown,450,600,cremation
SryBTN-MC1,11,U,Unknown,450,600,inhumation
SryBTN-MC1,C9,U,Unknown,450,600,cremation
SryBTN-MC1,12,U,Unknown,450,600,inhumation
SryBTN-MC1,13,U,Unknown,450,600,inhumation
SryBTN-MC1,14,U,Unknown,450,600,inhumation
SryBTN-MC1,C5,U,Unknown,450,600,cremations
SryBTN-MC1,C6,U,Unknown,450,600,cremations
SryBTN-MC1,C7,U,Unknown,450,600,cremations
SryBTN-MC1,C8,U,Unknown,450,600,cremations
SryBTN-MC1,7,U,Unknown,450,600,inhumation
SryBTN-MC1,8,U,Unknown,450,600,inhumation
SryBTN-MC1,9,U,Unknown,450,600,inhumation
SryBTN-MC1,10,U,Unknown,450,600,inhumation
SryCDN-IC1,F1,U,Unknown,625,675,inhumation
SryCDN-IC1,F2,U,Child,625,675,inhumation
SryCDN-IC1,F3,U,Child,625,675,inhumation
SryCDN-IC1,F4,U,Child,625,675,inhumation
SryCDN-IC1,F5,M,Unknown,625,675,inhumation
SryCDN-IC1,F6,F,Unknown,625,675,inhumation
SryCDN-IC1,F7/,M,Unknown,625,675,inhumation
SryCDN-IC1,7/a,M,12,625,675,inhumation
SryCDN-IC1,7/b,F,Mature ad,625,675,inhumation
SryCDN-IC1,F8,U,Unknown,625,675,inhumation
SryCDN-IC1,18,U,Child,625,675,inhumation
SryCDN-IC1,19,U,Child,625,675,inhumation
SryCDN-IC1,F9,U,Unknown,625,675,inhumation
SryCDN-IC1,1,U,Unknown,625,675,inhumation
SryCDN-IC1,2,U,Unknown,625,675,inhumation
SryCDN-IC1,3,U,Unknown,625,675,inhumation
SryCDN-IC1,4,U,Unknown,625,675,inhumation
SryCDN-IC1,5,U,Unknown,625,675,inhumation
SryCDN-IC1,6,U,Unknown,625,675,inhumation
SryCDN-IC1,7,U,Unknown,625,675,inhumation
SryCDN-IC1,8,U,Unknown,625,675,inhumation
SryCDN-IC1,9,U,Unknown,625,675,inhumation
SryCDN-IC1,10,U,Unknown,625,675,inhumation
SryCDN-IC1,11,U,Unknown,625,675,inhumation
SryCDN-IC1,12,U,Unknown,625,675,inhumation
SryCDN-IC1,13,U,Unknown,625,675,inhumation
SryCDN-IC1,14,U,Unknown,625,675,inhumation
SryCDN-IC1,15,U,Unknown,625,675,inhumation
SryCDN-IC1,16,U,Unknown,625,675,inhumation
SryCDN-IC1,17/,U,Unknown,625,675,inhumation
SryCDN-IC4,6,U,Unknown,600,750,inhumation
SryCDN-IC4,7/,M,Unknown,600,750,inhumation
SryCDN-IC4,7/a,M,Unknown,600,750,inhumation
SryCDN-IC4,8,U,Unknown,600,750,inhumation
SryCDN-IC4,9,U,Unknown,600,750,inhumation
SryCDN-IC4,10,U,Unknown,600,750,inhumation
SryCDN-IC4,1,U,Unknown,600,750,inhumation
SryCDN-IC4,2,U,Unknown,600,750,inhumation
SryCDN-IC4,3,U,Unknown,600,750,inhumation
SryCDN-IC4,4,U,Unknown,600,750,inhumation
SryCDN-IC4,5,U,Unknown,600,750,inhumation
SryCGN-BI1,1,U,Unknown,450,650,inhumation
SryCYN-BI1,1,U,Unknown,450,525,inhumation
SryCYN-MC1,C2,U,Unknown,475,700,cremations
SryCYN-MC1,C3,U,Unknown,475,700,cremations
SryCYN-MC1,C4,U,Unknown,475,700,cremations
SryCYN-MC1,C5,U,Unknown,475,700,cremations
SryCYN-MC1,C6,U,Unknown,475,700,cremations
SryCYN-MC1,PAK2,U,Unknown,475,700,cremations
SryCYN-MC1,PAK3,U,Unknown,475,700,cremations
SryCYN-MC1,PAK4,U,Unknown,475,700,cremations
SryCYN-MC1,PAK5,U,Unknown,475,700,cremations
SryCYN-MC1,PAK6,U,Unknown,475,700,cremations
SryCYN-MC1,4:sk11,U,13+,525,600,inhumation
SryCYN-MC1,6,U,Unknown,475,700,inhumation
SryCYN-MC1,9,U,15+,525,625,inhumation
SryCYN-MC1,17,U,15+,500,600,inhumation
SryCYN-MC1,19,M?,45+,475,700,inhumation
SryCYN-MC1,26,U,Unknown,525,625,inhumation
SryCYN-MC1,32,U,13+,475,700,inhumation
SryCYN-MC1,36,F?,45+,475,700,inhumation
SryCYN-MC1,39,U,30+,475,700,inhumation
SryCYN-MC1,41,F?,30-45,475,700,inhumation
SryCYN-MC1,43,U,13+,475,700,inhumation
SryCYN-MC1,47,U,Unknown,475,700,inhumation
SryCYN-MC1,54,U,Unknown,475,700,inhumation
SryCYN-MC1,57,U,Unknown,475,700,inhumation
SryCYN-MC1,74,U,Unknown,575,600,inhumation
SryCYN-MC1,79,U,Unknown,475,700,inhumation
SryCYN-MC1,85,U,Unknown,525,625,inhumation
SryCYN-MC1,93,U,Unknown,475,700,inhumation
SryCYN-MC1,103,F,16-25,500,550,inhumation
SryCYN-MC1,113,U,Unknown,475,700,inhumation
SryCYN-MC1,115,U,13+,475,600,inhumation
SryCYN-MC1,133,U,Unknown,475,700,inhumation
SryCYN-MC1,135,U,Unknown,475,700,inhumation
SryCYN-MC1,144,U,Unknown,500,600,inhumation
SryCYN-MC1,147,M?,35-50,525,615,inhumation
SryCYN-MC1,164,F?,18-30,525,575,inhumation
SryCYN-MC1,197,U,13+,475,700,inhumation
SryCYN-MC1,198,U,Unknown,675,700,inhumation
SryCYN-MC1,200,U,Unknown,475,700,inhumation
SryCYN-MC1,204,U,Unknown,475,550,inhumation
SryCYN-MC1,208,U,Unknown,475,700,inhumation
SryCYN-MC1,210,U,13+,675,725,inhumation
SryCYN-MC1,212,U,Unknown,475,700,inhumation
SryCYN-MC1,216,F?,18-30,475,700,inhumation
SryCYN-MC1,231,U,Unknown,525,575,inhumation
SryCYN-MC1,236,U,13+,475,700,inhumation
SryCYN-MC1,260,U,Unknown,475,700,inhumation
SryCYN-MC1,274,U,Unknown,475,700,inhumation
SryCYN-MC1,282,U,Unknown,600,725,inhumation
SryCYN-MC1,327,M?,18+,475,700,inhumation
SryCYN-MC1,339,U,Unknown,525,625,inhumation
SryCYN-MC1,344,F?,15+,475,700,inhumation
SryCYN-MC1,347,F?,16-30,525,600,inhumation
SryCYN-MC1,352,M?,18+,475,525,inhumation
SryCYN-MC1,362,U,Unknown,475,700,inhumation
SryCYN-MC1,366,U,Unknown,475,700,inhumation
SryCYN-MC1,PAK18,U,Unknown,475,700,inhumation
SryCYN-MC1,PAK31,U,Unknown,475,700,inhumation
SryCYN-MC1,PAK59,U,Unknown,475,700,inhumation
SryCYN-MC1,PAK64,U,Unknown,475,700,inhumation
SryCYN-MC1,PAK66,U,Unknown,475,700,inhumation
SryCYN-MC1,PAK85,U,Unknown,475,700,inhumation
SryCYN-MC1,29,U,18+,475,700,cremation
SryCYN-MC1,Cut95,U,13+,475,700,cremation
SryCYN-MC1,PAKCut30,U,Unknown,475,700,cremation\/
SryCYN-MC1,PAKCxt69,U,Unknown,475,700,cremation?
SryCYN-MC1,PAK1,U,Unknown,475,700,cremations
SryCYN-MC1,ER1,F,30-40,475,700,cremation
SryCYN-MC1,ER2,M?,35+,475,700,inhumation
SryCYN-MC1,PAK25,U,Unknown,350,450,inhumation
SryCYN-MC1,PAK44,U,Unknown,350,450,inhumation
SryCYN-MC1,369,U,Unknown,420,610,inhumation
SryCYN-MC1,C1,U,Unknown,475,700,cremations
SryDKG-BI1,1,U,Unknown,450,650,inhumation
SryDKG-IC1,2,U,Unknown,600,750,inhumation
SryDKG-IC1,3,U,Unknown,600,750,inhumation
SryDKG-IC1,4,U,Unknown,600,750,inhumation
SryDKG-IC1,5,U,Unknown,600,750,inhumation
SryDKG-IC1,6,U,Unknown,600,750,inhumation
SryDKG-IC1,7,U,Unknown,600,750,inhumation
SryDKG-IC1,8,U,Unknown,600,750,inhumation
SryDKG-IC1,9,U,Unknown,600,750,inhumation
SryDKG-IC1,10,U,Unknown,600,750,inhumation
SryDKG-IC1,1,U,Unknown,600,750,inhumation
SryEHY-BI1,1,U,Youth,450,650,inhumation
SryEHY-IC1,2,U,Unknown,600,750,inhumation
SryEHY-IC1,1,U,Unknown,600,750,inhumation
SryESM-BI1,1,U,Unknown,300,750,inhumation
SryESM-IC1,2,U,Unknown,500,1100,inhumation
SryESM-IC1,3,U,Unknown,500,1100,inhumation
SryESM-IC1,4,U,Unknown,500,1100,inhumation
SryESM-IC1,5,U,Unknown,500,1100,inhumation
SryESM-IC1,6,U,Unknown,500,1100,inhumation
SryESM-IC1,1,U,Unknown,500,1100,inhumation
SryESR-IC1,1,U,Unknown,450,650,inhumation
SryESR-IC1,2,U,Unknown,450,650,inhumation
SryESR-IC1,3,U,Unknown,450,650,inhumation
SryEWL-BI1,1,U,Unknown,600,700,inhumation
SryEWL-MC1,1,U,Unknown,450,600,inhumation
SryEWL-MC1,2,M,35-40,450,550,inhumation
SryEWL-MC1,3,F?,Adult?,450,600,inhumation
SryEWL-MC1,4,U,Child,450,600,inhumation
SryEWL-MC1,5,U,Unknown,450,550,inhumation
SryEWL-MC1,6,U,Unknown,450,600,inhumation
SryEWL-MC1,7,U,Unknown,450,600,inhumation
SryEWL-MC1,C1,U,Unknown,450,600,cremation
SryEWL-MC1,C2,U,Unknown,450,600,cremation
SryEWL-MC1,8,F,30,450,600,inhumation
SryEWL-MC1,9,F,Unknown,450,600,inhumation
SryEWL-MC1,10,U,Unknown,450,600,inhumation
SryEWL-MC1,11,F,35-45,450,600,inhumation
SryFCM-IC1,2,U,Unknown,450,700,inhumation
SryFCM-IC1,3,U,Unknown,450,700,inhumation
SryFCM-IC1,1,U,Unknown,450,700,inhumation
SryFCM-IC3,B:2,U,Unknown,450,650,inhumation
SryFCM-IC3,B:3,U,Unknown,450,650,inhumation
SryFCM-IC3,B:4,U,Unknown,450,650,inhumation
SryFCM-IC3,B:5,U,Unknown,450,650,inhumation
SryFCM-IC3,B:6,U,Unknown,450,650,inhumation
SryFCM-IC3,B:7,U,Unknown,450,650,inhumation
SryFCM-IC3,B:8,U,Unknown,450,650,inhumation
SryFCM-IC3,B:9,U,Unknown,450,650,inhumation
SryFCM-IC3,B:10,U,Unknown,450,650,inhumation
SryFCM-IC3,B:11,U,Unknown,450,650,inhumation
SryFCM-IC3,B:12,U,Unknown,450,650,inhumation
SryFCM-IC3,B:13,U,Unknown,450,650,inhumation
SryFCM-IC3,B:14,U,Unknown,450,650,inhumation
SryFCM-IC3,B:15,U,Unknown,450,650,inhumation
SryFCM-IC3,B:16,U,Unknown,450,650,inhumation
SryFCM-IC3,B:17,U,Unknown,450,650,inhumation
SryFCM-IC3,B:18,U,Unknown,450,650,inhumation
SryFCM-IC3,B:19,U,Unknown,450,650,inhumation
SryFCM-IC3,B:20,U,Unknown,450,650,inhumation
SryFCM-IC3,B:21,U,Unknown,450,650,inhumation
SryFCM-IC3,B:22,U,Unknown,450,650,inhumation
SryFCM-IC3,B:23,U,Unknown,450,650,inhumation
SryFCM-IC3,B:24,U,Unknown,450,650,inhumation
SryFCM-IC3,B:25,U,Unknown,450,650,inhumation
SryFCM-IC3,B:26,U,Unknown,450,650,inhumation
SryFCM-IC3,E:2,U,Unknown,450,650,inhumations
SryFCM-IC3,E:3,U,Unknown,450,650,inhumations
SryFCM-IC3,E:4,U,Unknown,450,650,inhumations
SryFCM-IC3,E:5,U,Unknown,450,650,inhumations
SryFCM-IC3,E:6,U,Unknown,450,650,inhumations
SryFCM-IC3,E:7,U,Unknown,450,650,inhumations
SryFCM-IC3,E:8,U,Unknown,450,650,inhumations
SryFCM-IC3,E:9,U,Unknown,450,650,inhumations
SryFCM-IC3,E:10,U,Unknown,450,650,inhumations
SryFCM-IC3,B:1,U,Unknown,450,650,inhumation
SryFCM-IC3,E:1,U,Unknown,450,650,inhumations
SryFCM-IC3,D:OA,U,Unknown,450,650,Inhumation
SryFCM-IC3,C:1,U,Unknown,450,600,inhumation
SryFCM-IC3,C:2,U,Unknown,450,600,inhumation
SryFCM-IC3,C:3,U,Unknown,450,600,inhumation
SryFCM-IC3,C:4,U,Unknown,450,600,inhumation
SryFCM-IC3,C:5,U,Unknown,450,600,inhumation
SryFCM-IC3,C:6,U,Unknown,450,600,inhumation
SryFCM-IC3,A:1,U,Unknown,450,650,inhumations
SryFCM-IC3,A:2,U,Unknown,450,650,inhumations
SryFCM-IC3,A:3,U,Unknown,450,650,inhumations
SryFCM-IC3,A:4,U,Unknown,450,650,inhumations
SryFCM-IC3,A:5,U,Unknown,450,650,inhumations
SryFCM-IC3,A:6,U,Unknown,450,650,inhumations
SryFCM-IC3,A:7,U,Unknown,450,650,inhumations
SryFCM-IC3,A:8,U,Unknown,450,650,inhumations
SryFCM-IC3,A:9,U,Unknown,450,650,inhumations
SryFCM-IC3,A:10,U,Unknown,450,650,inhumations
SryFCM-IC3,A:11,U,Unknown,450,650,inhumations
SryFCM-IC3,A:12,U,Unknown,450,650,inhumations
SryFCM-IC3,A:13,U,Unknown,450,650,inhumations
SryFCM-IC3,A:14,U,Unknown,450,650,inhumations
SryFCM-IC3,A:15,U,Unknown,450,650,inhumations
SryFCM-IC3,A:16,U,Unknown,450,650,inhumations
SryFCM-IC3,A:17,U,Unknown,450,650,inhumations
SryFCM-IC3,A:18,U,Unknown,450,650,inhumations
SryFCM-IC3,A:19,U,Unknown,450,650,inhumations
SryFCM-IC3,A:20,U,Unknown,450,650,inhumations
SryFCM-IC6,1,U,Unknown,450,650,inhumation
SryFCM-IC6,2,U,Unknown,450,650,inhumation
SryGDN-MC1,11,U,Unknown,450,600,inhumation
SryGDN-MC1,55,U,Child,450,600,inhumation
SryGDN-MC1,56,U,Adult,450,550,inhumation
SryGDN-MC1,67,U,Child,450,600,inhumation
SryGDN-MC1,69,U,Old,450,600,inhumation
SryGDN-MC1,75,U,Unknown,450,550,inhumation
SryGDN-MC1,77,U,Unknown,450,550,inhumation
SryGDN-MC1,78,U,Unknown,450,550,inhumation
SryGDN-MC1,81,U,Unknown,450,550,inhumation
SryGDN-MC1,85,U,Unknown,450,550,inhumation
SryGDN-MC1,86,U,Unknown,450,550,inhumation
SryGDN-MC1,87,U,Unknown,450,600,inhumation
SryGDN-MC1,89,U,Child,450,600,inhumation
SryGDN-MC1,101,U,Unknown,450,600,inhumation
SryGDN-MC1,102,U,Child,450,600,inhumation
SryGDN-MC1,109,U,Unknown,450,550,inhumation
SryGDN-MC1,110,U,Unknown,450,600,inhumation
SryGDN-MC1,111,U,Unknown,450,525,inhumation
SryGDN-MC1,112,U,Unknown,450,600,inhumation
SryGDN-MC1,113,U,Unknown,475,550,inhumation
SryGDN-MC1,116,U,Unknown,475,550,inhumation
SryGDN-MC1,120,U,Unknown,450,600,inhumation
SryGDN-MC1,122,U,Child,450,600,inhumation
SryGDN-MC1,123,U,Unknown,450,550,inhumation
SryGDN-MC1,124/5,U,Unknown,450,550,inhumation
SryGDN-MC1,130,U,Unknown,450,550,inhumation
SryGDN-MC1,135,U,Unknown,450,550,inhumation
SryGDN-MC1,136,U,Child,450,600,inhumation
SryGDN-MC1,137,U,Child,450,550,inhumation
SryGDN-MC1,138,U,Unknown,450,600,inhumation
SryGDN-MC1,139,U,Unknown,450,550,inhumation
SryGDN-MC1,158,U,Unknown,450,600,inhumation
SryGDN-MC1,185,U,Unknown,450,550,inhumation
SryGDN-MC1,206,F,Adult,450,550,inhumation
SryGDN-MC1,208/9,U,Unknown,475,525,inhumation
SryGDN-MC1,213,U,Unknown,450,550,inhumation
SryGDN-MC1,214,U,Child,450,600,inhumation
SryGDN-MC1,215,U,Unknown,450,550,inhumation
SryGDN-MC1,223,U,Unknown,450,500,inhumation
SryGDN-MC1,225,U,Unknown,450,550,cremation
SryGDN-MC1,226,U,Unknown,450,550,cremation
SryGDN-MC1,227,U,Unknown,450,550,cremation
SryGDN-MC1,228,U,Unknown,450,550,cremation
SryGDN-MC1,229,U,Unknown,450,550,cremation
SryGDN-MC1,230,U,Unknown,450,550,cremation
SryGDN-MC1,231,U,Unknown,450,550,cremation
SryGDN-MC1,232,U,Unknown,450,550,cremation
SryGDN-MC1,233,U,Unknown,450,550,cremation
SryGDN-MC1,234,U,Unknown,450,550,cremation
SryGFD-IC1,1,U,Unknown,450,650,inhumation
SryGFD-IC1,2,U,Unknown,450,650,inhumation
SryGFD-IC1,3,U,Unknown,450,650,inhumation
SryGFD-IC1,4,U,Unknown,450,650,inhumation
SryGFD-IC1,5,U,Unknown,450,650,inhumation
SryGFD-IC1,6,U,Unknown,450,650,inhumation
SryGFD-IC1,7,U,Unknown,450,650,inhumation
SryGFD-IC1,8,U,Unknown,450,650,inhumation
SryGFD-IC1,9,U,Unknown,450,650,inhumation
SryGFD-IC1,10,U,Unknown,450,650,inhumation
SryLFD-BC1,1,U,Unknown,450,600,cremation
SryLHD-BI1,1,U,Unknown,450,700,Inhumation
SryLHD-BI2,1,U,Unknown,450,700,inhumation
SryMHM-IC1,000,U,Adult,450,600,Inhumation
SryMHM-IC1,0000,U,Adult,450,600,Inhumation
SryMHM-IC1,1,U,Adult,600,650,Inhumation
SryMHM-IC1,10,U,Adult,450,650,Inhumation
SryMHM-IC1,100,U,Adult,450,650,Inhumation
SryMHM-IC1,101,U,Adult,450,650,Inhumation
SryMHM-IC1,102,U,Adult,450,650,Inhumation
SryMHM-IC1,103,U,Child,450,650,Inhumation
SryMHM-IC1,104,U,Adult,450,650,Inhumation
SryMHM-IC1,105,U,Child,450,650,Inhumation
SryMHM-IC1,106,U,Adult,450,650,Inhumation
SryMHM-IC1,107,U,Adult,475,550,Inhumation
SryMHM-IC1,108,U,Adult,450,650,Inhumation
SryMHM-IC1,109,U,Adult,500,600,Inhumation
SryMHM-IC1,11/12,U,Adult,475,525,Inhumation
SryMHM-IC1,110,U,Adult,450,650,Inhumation
SryMHM-IC1,111,U,Adult,475,575,Inhumation
SryMHM-IC1,112,U,Adult,475,550,Inhumation
SryMHM-IC1,113,U,Adult,450,650,Inhumation
SryMHM-IC1,114,U,Adult,450,650,Inhumation
SryMHM-IC1,115,U,Adult,450,650,Inhumation
SryMHM-IC1,116,U,Adult,500,580,Inhumation
SryMHM-IC1,117,U,Adult,500,600,Inhumation
SryMHM-IC1,118,U,Adult,450,650,Inhumation
SryMHM-IC1,119,U,Adult,450,650,Inhumation
SryMHM-IC1,12/11,U,Adult,450,650,Inhumation
SryMHM-IC1,120,U,Adult,450,650,Inhumation
SryMHM-IC1,121,U,Adult,575,650,Inhumation
SryMHM-IC1,122,U,Adult,450,650,Inhumation
SryMHM-IC1,123,U,Adult,450,650,Inhumation
SryMHM-IC1,124,U,Adult,450,650,Inhumation
SryMHM-IC1,125,U,Adult,450,650,Inhumation
SryMHM-IC1,126,U,Adult,450,650,Inhumation
SryMHM-IC1,127,U,Adult,450,650,Inhumation
SryMHM-IC1,128,U,Adult,450,650,Inhumation
SryMHM-IC1,129,U,Adult,500,600,Inhumation
SryMHM-IC1,13,U,Adult,450,650,Inhumation
SryMHM-IC1,130,U,Adult,450,650,Inhumation
SryMHM-IC1,131,U,Adult,450,650,Inhumation
SryMHM-IC1,132,U,Adult,450,650,Inhumation
SryMHM-IC1,133,U,Adult,475,525,Inhumation
SryMHM-IC1,134,U,Adult,450,650,Inhumation
SryMHM-IC1,135,U,Adult,450,650,Inhumation
SryMHM-IC1,136,U,Adult,450,650,Inhumation
SryMHM-IC1,137,U,Adult,450,650,Inhumation
SryMHM-IC1,138,U,Adult,450,650,Inhumation
SryMHM-IC1,139,U,Adult,450,650,Inhumation
SryMHM-IC1,14,U,Adult,450,650,Inhumation
SryMHM-IC1,140,U,Adult,450,650,Inhumation
SryMHM-IC1,141,U,Adult,450,650,Inhumation
SryMHM-IC1,142,U,Adult,450,650,Inhumation
SryMHM-IC1,143,U,Adult,475,550,Inhumation
SryMHM-IC1,144,U,Adult,450,650,Inhumation
SryMHM-IC1,145,U,Adult,450,650,Inhumation
SryMHM-IC1,146,U,Adult,450,650,Inhumation
SryMHM-IC1,147,U,Adult,450,650,Inhumation
SryMHM-IC1,148,U,Adult,450,650,Inhumation
SryMHM-IC1,149,U,Adult,450,650,Inhumation
SryMHM-IC1,15,U,Adult,450,650,Inhumation
SryMHM-IC1,150,U,Adult,450,650,Inhumation
SryMHM-IC1,151,U,Adult,450,650,Inhumation
SryMHM-IC1,152,U,Adult,450,650,Inhumation
SryMHM-IC1,153,U,Adult,450,650,Inhumation
SryMHM-IC1,154,U,Adult,450,650,Inhumation
SryMHM-IC1,155,U,Adult,450,650,Inhumation
SryMHM-IC1,156,U,Adult,450,650,Inhumation
SryMHM-IC1,157,U,Adult,450,650,Inhumation
SryMHM-IC1,158,U,Adult,450,650,Inhumation
SryMHM-IC1,159,U,Adult,450,650,Inhumation
SryMHM-IC1,16,U,Adult,475,575,Inhumation
SryMHM-IC1,160,U,Adult,450,650,Inhumation
SryMHM-IC1,161,U,Adult,450,650,Inhumation
SryMHM-IC1,162,U,Adult,450,650,Inhumation
SryMHM-IC1,163,U,Adult,450,650,Inhumation
SryMHM-IC1,164,U,Adult,450,650,Inhumation
SryMHM-IC1,165,U,Adult,450,650,Inhumation
SryMHM-IC1,166,U,Adult,450,650,Inhumation
SryMHM-IC1,167,U,Adult,450,650,Inhumation
SryMHM-IC1,168,U,Adult,450,650,Inhumation
SryMHM-IC1,169,U,Adult,450,650,Inhumation
SryMHM-IC1,17/a,U,Adult,450,650,Inhumation
SryMHM-IC1,17/b,U,Adult,450,650,Inhumation
SryMHM-IC1,170,U,Adult,450,650,Inhumation
SryMHM-IC1,171,U,Adult,450,650,Inhumation
SryMHM-IC1,172,U,Adult,450,650,Inhumation
SryMHM-IC1,173,U,Adult,450,650,Inhumation
SryMHM-IC1,174,U,Adult,450,650,Inhumation
SryMHM-IC1,175,U,Adult,450,650,Inhumation
SryMHM-IC1,176,U,Adult,450,650,Inhumation
SryMHM-IC1,177,U,Adult,500,600,Inhumation
SryMHM-IC1,178,U,Adult,450,650,Inhumation
SryMHM-IC1,179,U,Adult,450,650,Inhumation
SryMHM-IC1,18,U,Child,450,650,Inhumation
SryMHM-IC1,180,U,Adult,450,650,Inhumation
SryMHM-IC1,181,U,Adult,450,650,Inhumation
SryMHM-IC1,182,U,Adult,450,650,Inhumation
SryMHM-IC1,183,U,Adult,450,650,Inhumation
SryMHM-IC1,184,U,Adult,450,650,Inhumation
SryMHM-IC1,185,U,Adult,450,650,Inhumation
SryMHM-IC1,186,U,Adult,450,650,Inhumation
SryMHM-IC1,187,U,Adult,450,650,Inhumation
SryMHM-IC1,188,U,Adult,450,650,Inhumation
SryMHM-IC1,189,U,Adult,450,650,Inhumation
SryMHM-IC1,19/20,U,Adult,450,650,Inhumation
SryMHM-IC1,190,U,Adult,450,650,Inhumation
SryMHM-IC1,191,U,Adult,450,650,Inhumation
SryMHM-IC1,192,U,Adult,450,650,Inhumation
SryMHM-IC1,193,U,Adult,450,650,Inhumation
SryMHM-IC1,194,U,Adult,475,550,Inhumation
SryMHM-IC1,195/a,U,Adult,450,650,Inhumation
SryMHM-IC1,195/b,U,Child,450,650,Inhumation
SryMHM-IC1,196,U,Adult,475,575,Inhumation
SryMHM-IC1,197,U,Adult,500,600,Inhumation
SryMHM-IC1,198,U,Adult,450,650,Inhumation
SryMHM-IC1,199,U,Adult,450,650,Inhumation
SryMHM-IC1,2,U,Adult,450,650,Inhumation
SryMHM-IC1,20/19,U,Adult,450,650,Inhumation
SryMHM-IC1,200,U,Adult,450,650,Inhumation
SryMHM-IC1,201,U,Adult,450,650,Inhumation
SryMHM-IC1,202,U,Adult,450,650,Inhumation
SryMHM-IC1,203,U,Adult,450,650,Inhumation
SryMHM-IC1,204,U,Adult,450,650,Inhumation
SryMHM-IC1,205/a,U,Adult,450,550,Inhumation
SryMHM-IC1,205/b,U,Adult,625,650,Inhumation
SryMHM-IC1,206,U,Adult,450,650,Inhumation
SryMHM-IC1,207,U,Adult,450,650,Inhumation
SryMHM-IC1,208,U,Adult,525,575,Inhumation
SryMHM-IC1,209,U,Adult,450,650,Inhumation
SryMHM-IC1,21,U,Adult,450,650,Inhumation
SryMHM-IC1,210,U,Adult,450,650,Inhumation
SryMHM-IC1,211,U,Adult,450,650,Inhumation
SryMHM-IC1,212,U,Adult,450,650,Inhumation
SryMHM-IC1,213,U,Adult,450,650,Inhumation
SryMHM-IC1,214,U,Adult,450,650,Inhumation
SryMHM-IC1,215,U,Adult,450,650,Inhumation
SryMHM-IC1,216,U,Adult,450,650,Inhumation
SryMHM-IC1,217,U,Adult,450,650,Inhumation
SryMHM-IC1,218,U,Adult,450,650,Inhumation
SryMHM-IC1,219,U,Adult,450,650,Inhumation
SryMHM-IC1,22,U,Adult,450,650,Inhumation
SryMHM-IC1,220,U,Adult,450,650,Inhumation
SryMHM-IC1,221,U,Adult,475,525,Inhumation
SryMHM-IC1,222,U,Adult,500,550,Inhumation
SryMHM-IC1,223,U,Adult,450,650,Inhumation
SryMHM-IC1,224,U,Adult,450,650,Inhumation
SryMHM-IC1,225,U,Adult,450,650,Inhumation
SryMHM-IC1,226,U,Adult,450,650,Inhumation
SryMHM-IC1,227,U,Adult,450,650,Inhumation
SryMHM-IC1,228,U,Adult,450,650,Inhumation
SryMHM-IC1,229,U,Adult,475,575,Inhumation
SryMHM-IC1,23,U,Adult,450,650,Inhumation
SryMHM-IC1,230,U,Adult,450,650,Inhumation
SryMHM-IC1,24,U,Adult,450,650,Inhumation
SryMHM-IC1,25,U,Adult,500,540,Inhumation
SryMHM-IC1,26,U,Adult,450,650,Inhumation
SryMHM-IC1,27,U,Adult,550,600,Inhumation
SryMHM-IC1,28,U,Adult,450,650,Inhumation
SryMHM-IC1,29,U,Adult,450,650,Inhumation
SryMHM-IC1,3,U,Adult,450,650,Inhumation
SryMHM-IC1,30,U,Adult,450,650,Inhumation
SryMHM-IC1,31,U,Adult,450,650,Inhumation
SryMHM-IC1,32,U,Adult,450,650,Inhumation
SryMHM-IC1,33,U,Adult,450,650,Inhumation
SryMHM-IC1,34,U,Adult,650,675,Inhumation
SryMHM-IC1,35,U,Adult,450,650,Inhumation
SryMHM-IC1,36,U,Adult,450,650,Inhumation
SryMHM-IC1,37,U,Adult,450,650,Inhumation
SryMHM-IC1,38,U,Adult,400,500,Inhumation
SryMHM-IC1,39,U,Adult,450,650,Inhumation
SryMHM-IC1,4,U,Adult,450,650,Inhumation
SryMHM-IC1,40,U,Adult,450,650,Inhumation
SryMHM-IC1,41,U,Adult,450,650,Inhumation
SryMHM-IC1,42,U,Adult,450,650,Inhumation
SryMHM-IC1,43,U,Adult,450,650,Inhumation
SryMHM-IC1,44/5,U,Adult,500,550,Inhumation
SryMHM-IC1,45/4,U,Adult,500,550,Inhumation
SryMHM-IC1,46,U,Child,450,650,Inhumation
SryMHM-IC1,47,U,Adult,450,650,Inhumation
SryMHM-IC1,48/a,U,Adult,450,650,Inhumation
SryMHM-IC1,48/b,U,Adult,450,650,Inhumation
SryMHM-IC1,49,U,Adult,500,550,Inhumation
SryMHM-IC1,5,U,Adult,450,650,Inhumation
SryMHM-IC1,50,U,Adult,575,625,Inhumation
SryMHM-IC1,51,U,Adult,450,650,Inhumation
SryMHM-IC1,52,U,Child,450,650,Inhumation
SryMHM-IC1,53,U,Adult,450,650,Inhumation
SryMHM-IC1,54,U,Adult,450,650,Inhumation
SryMHM-IC1,55,U,Adult,450,650,Inhumation
SryMHM-IC1,56,U,Adult,450,650,Inhumation
SryMHM-IC1,57,U,Child,450,650,Inhumation
SryMHM-IC1,58,U,Adult,450,650,Inhumation
SryMHM-IC1,59/60,U,Adult,450,650,Inhumation
SryMHM-IC1,6,U,Adult,450,650,Inhumation
SryMHM-IC1,60/59,U,Adult,450,650,Inhumation
SryMHM-IC1,61,U,Adult,500,550,Inhumation
SryMHM-IC1,62,U,Adult,450,600,Inhumation
SryMHM-IC1,63,U,Adult,450,650,Inhumation
SryMHM-IC1,64,U,Adult,450,650,Inhumation
SryMHM-IC1,65,U,Adult,450,650,Inhumation
SryMHM-IC1,66/7,U,Adult,475,525,Inhumation
SryMHM-IC1,67/6,U,Child,450,650,Inhumation
SryMHM-IC1,68,U,Adult,450,650,Inhumation
SryMHM-IC1,69/70,U,Adult,450,650,Inhumation
SryMHM-IC1,7,U,Adult,450,650,Inhumation
SryMHM-IC1,70/69,U,Adult,450,650,Inhumation
SryMHM-IC1,71,U,Adult,450,650,Inhumation
SryMHM-IC1,72,U,Adult,450,650,Inhumation
SryMHM-IC1,73,U,Adult,450,650,Inhumation
SryMHM-IC1,74,U,Adult,450,650,Inhumation
SryMHM-IC1,75,U,Adult,450,650,Inhumation
SryMHM-IC1,76,U,Adult,450,650,Inhumation
SryMHM-IC1,77,U,Adult,450,650,Inhumation
SryMHM-IC1,78/9,U,Adult,450,650,Inhumation
SryMHM-IC1,79/8,U,Adult,450,650,Inhumation
SryMHM-IC1,8,U,Adult,450,650,Inhumation
SryMHM-IC1,80/a,U,Adult,450,650,Inhumation
SryMHM-IC1,80/b,U,Adult,450,650,Inhumation
SryMHM-IC1,81,U,Adult,450,650,Inhumation
SryMHM-IC1,82,U,Adult,450,650,Inhumation
SryMHM-IC1,83,U,Adult,450,650,Inhumation
SryMHM-IC1,84,U,Adult,450,650,Inhumation
SryMHM-IC1,85,U,Adult,450,650,Inhumation
SryMHM-IC1,86,U,Adult,450,650,Inhumation
SryMHM-IC1,87,U,Adult,450,650,Inhumation
SryMHM-IC1,88,U,Adult,450,650,Inhumation
SryMHM-IC1,89,U,Adult,450,650,Inhumation
SryMHM-IC1,9,U,Adult,450,650,Inhumation
SryMHM-IC1,90,U,Adult,450,650,Inhumation
SryMHM-IC1,91,U,Adult,450,650,Inhumation
SryMHM-IC1,92,U,Adult,450,650,Inhumation
SryMHM-IC1,93,U,Adult,450,650,Inhumation
SryMHM-IC1,94,U,Adult,450,650,Inhumation
SryMHM-IC1,95,U,Adult,450,650,Inhumation
SryMHM-IC1,96,U,Adult,450,650,Inhumation
SryMHM-IC1,97,U,Adult,450,650,Inhumation
SryMHM-IC1,98,U,Adult,450,650,Inhumation
SryMHM-IC1,99,U,Adult,450,650,Inhumation
SryMKM-IC1,1,U,Unknown,450,650,inhumation
SryMKM-IC1,2,U,Unknown,450,700,inhumation
SryMRW-BI1,1,U,Unknown,475,550,inhumation
SryMRW-BI2,1,U,Child,450,700,inhumation
SryMRW-CC1,1,U,Unknown,450,700,cremations
SryPHM-BI1,1,U,Unknown,450,650,inhumation
SryPHM-BI2,1,U,Unknown,450,700,inhumation
SryPLY-BI1,1,U,Unknown,450,700,inhumation
SryPLY-BI2,1,U,Unknown,450,700,inhumation
SryPLY-IC1,1,U,Unknown,450,700,inhumation
SryPLY-IC1,2,U,Unknown,450,700,inhumation
SryPLY-IC1,3,U,Unknown,450,700,inhumation
SryPLY-IC1,4,U,Unknown,450,700,inhumation
SryPLY-IC1,5,U,Unknown,450,700,inhumation
SryPLY-IC1,6,U,Unknown,450,700,inhumation
SryPLY-IC1,7,U,Unknown,450,700,inhumation
SryPLY-IC1,8,U,Unknown,450,700,inhumation
SryPLY-IC1,9,U,Unknown,450,700,inhumation
SryPLY-IC1,10,U,Unknown,450,700,inhumation
SryPLY-IC1,11,U,Unknown,450,700,inhumation
SryPLY-IC1,12,U,Unknown,450,700,inhumation
SryPLY-IC1,13,U,Unknown,450,700,inhumation
SryPLY-IC1,14,U,Unknown,450,700,inhumation
SryPLY-IC1,15,U,Unknown,450,700,inhumation
SryPLY-IC1,16,U,Unknown,450,700,inhumation
SryPLY-IC1,17,U,Unknown,450,700,inhumation
SryPLY-IC1,18,U,Unknown,450,700,inhumation
SryPLY-IC1,19,U,Unknown,450,700,inhumation
SryPLY-IC1,20,U,Unknown,450,700,inhumation
SryPLY-IC1,21,U,Unknown,450,700,inhumation
SryPLY-IC1,22,U,Unknown,450,700,inhumation
SryPLY-IC1,23,U,Unknown,450,700,inhumation
SryPLY-IC1,24,U,Unknown,450,700,inhumation
SryPLY-IC1,25,U,Unknown,450,700,inhumation
SryPLY-IC1,26,U,Unknown,450,700,inhumation
SryPLY-IC1,27,U,Unknown,450,700,inhumation
SryPLY-IC1,28,U,Unknown,450,700,inhumation
SryPLY-IC1,29,U,Unknown,450,700,inhumation
SryPLY-IC1,30,U,Unknown,450,700,inhumation
SryPLY-IC1,31,U,Unknown,450,700,inhumation
SryPLY-IC1,32,U,Unknown,450,700,inhumation
SryPLY-IC1,33,U,Unknown,450,700,inhumation
SryPLY-IC1,34,U,Unknown,450,700,inhumation
SryPLY-IC1,35,U,Unknown,450,700,inhumation
SryPLY-IC1,36,U,Unknown,450,700,inhumation
SryPLY-IC1,37,U,Unknown,450,700,inhumation
SryPLY-IC1,38,U,Unknown,450,700,inhumation
SryPLY-IC1,39,U,Unknown,450,700,inhumation
SryPLY-IC1,40,U,Unknown,450,700,inhumation
SryPLY-IC1,41,U,Unknown,450,700,inhumation
SryPLY-IC1,42,U,Unknown,450,700,inhumation
SryPLY-IC1,43,U,Unknown,450,700,inhumation
SryPLY-IC1,44,U,Unknown,450,700,inhumation
SryPLY-IC1,45,U,Unknown,450,700,inhumation
SryPLY-IC1,46,U,Unknown,450,700,inhumation
SryPLY-IC1,47,U,Unknown,450,700,inhumation
SryPLY-IC1,48,U,Unknown,450,700,inhumation
SryPLY-IC1,49,U,Unknown,450,700,inhumation
SryPLY-IC1,50,U,Unknown,450,700,inhumation
SryPLY-IC1,51,U,Unknown,450,700,inhumation
SryPLY-IC1,52,U,Unknown,450,700,inhumation
SryPLY-IC1,53,U,Unknown,450,700,inhumation
SryPLY-IC1,54,U,Unknown,450,700,inhumation
SryPLY-IC1,55,U,Unknown,450,700,inhumation
SryPLY-IC1,56,U,Unknown,450,700,inhumation
SryPLY-IC1,57,U,Unknown,450,700,inhumation
SryPLY-IC1,58,U,Unknown,450,700,inhumation
SryPLY-IC1,59,U,Unknown,450,700,inhumation
SryPLY-IC1,60,U,Unknown,450,700,inhumation
SryPLY-IC2,1,U,Unknown,600,700,inhumation
SryPLY-IC2,2,U,Unknown,600,700,inhumation
SryPLY-IC2,3,U,Unknown,600,700,inhumation
SryPLY-IC2,4,U,Unknown,600,700,inhumation
SryPLY-IC2,5,U,Unknown,600,700,inhumation
SryPLY-IC2,6,U,Unknown,600,700,inhumation
SryPLY-IC2,7,U,Unknown,600,700,inhumation
SryPLY-IC2,8,U,Unknown,600,700,inhumation
SryPLY-IC3,1,U,Unknown,450,700,inhumation
SryPLY-IC3,2,U,Unknown,450,700,inhumation
SryPLY-IC3,3,U,Unknown,450,700,inhumation
SryPLY-IC3,4,U,Unknown,450,700,inhumation
SryPLY-IC3,5,U,Unknown,450,700,inhumation
SryPLY-IC3,6,U,Unknown,450,700,inhumation
SryPLY-IC3,7,U,Unknown,450,700,inhumation
SryPLY-IC3,8,U,Unknown,450,700,inhumation
SryPLY-IC3,9,U,Unknown,450,700,inhumation
SryPLY-IC3,10,U,Unknown,450,700,inhumation
SryPLY-IC3,11,U,Unknown,450,700,inhumation
SryPLY-IC3,12,U,Unknown,450,700,inhumation
SryPLY-IC3,13,U,Unknown,450,700,inhumation
SryPLY-IC3,14,U,Unknown,450,700,inhumation
SryPLY-IC3,15,U,Unknown,450,700,inhumation
SryPLY-IC3,16,U,Unknown,450,700,inhumation
SryPLY-IC3,17,U,Unknown,450,700,inhumation
SryPLY-IC3,18,U,Unknown,450,700,inhumation
SryPLY-IC3,19,U,Unknown,450,700,inhumation
SryPLY-IC3,20,U,Unknown,450,700,inhumation
SryPLY-IC3,21,U,Unknown,450,700,inhumation
SryPLY-IC3,22,U,Unknown,450,700,inhumation
SryPLY-IC3,23,U,Unknown,450,700,inhumation
SryPLY-IC3,24,U,Unknown,450,700,inhumation
SryPLY-IC3,25,U,Unknown,450,700,inhumation
SryPLY-IC3,26,U,Unknown,450,700,inhumation
SryPLY-IC3,27,U,Unknown,450,700,inhumation
SryPLY-IC3,28,U,Unknown,450,700,inhumation
SryPLY-IC3,29,U,Unknown,450,700,inhumation
SryPLY-IC3,30,U,Unknown,450,700,inhumation
SryPLY-IC3,31,U,Unknown,450,700,inhumation
SryPLY-IC3,32,U,Unknown,450,700,inhumation
SryPLY-IC3,33,U,Unknown,450,700,inhumation
SryPLY-IC3,34,U,Unknown,450,700,inhumation
SryPLY-IC3,35,U,Unknown,450,700,inhumation
SryPLY-IC3,36,U,Unknown,450,700,inhumation
SryPLY-IC3,37,U,Unknown,450,700,inhumation
SryPLY-IC3,38,U,Unknown,450,700,inhumation
SryPLY-IC3,39,U,Unknown,450,700,inhumation
SryPLY-IC3,40,U,Unknown,450,700,inhumation
SryPLY-IC3,41,U,Unknown,450,700,inhumation
SryPLY-IC3,42,U,Unknown,450,700,inhumation
SryPLY-IC3,43,U,Unknown,450,700,inhumation
SryPLY-IC3,44,U,Unknown,450,700,inhumation
SryPLY-IC3,45,U,Unknown,450,700,inhumation
SryPLY-IC3,46,U,Unknown,450,700,inhumation
SryPLY-IC3,47,U,Unknown,450,700,inhumation
SryPLY-IC3,48,U,Unknown,450,700,inhumation
SryPLY-IC3,49,U,Unknown,450,700,inhumation
SryPLY-IC3,50,U,Unknown,450,700,inhumation
SryPLY-IC3,51,U,Unknown,450,700,inhumation
SryPLY-IC3,52,U,Unknown,450,700,inhumation
SryPLY-IC3,53,U,Unknown,450,700,inhumation
SryPLY-IC3,54,U,Unknown,450,700,inhumation
SryPLY-IC3,55,U,Unknown,450,700,inhumation
SryPLY-IC3,56,U,Unknown,450,700,inhumation
SryPLY-IC3,57,U,Unknown,450,700,inhumation
SryPLY-IC3,58,U,Unknown,450,700,inhumation
SryPLY-IC3,59,U,Unknown,450,700,inhumation
SryPLY-IC3,60,U,Unknown,450,700,inhumation
SryPLY-IC3,61,U,Unknown,450,700,inhumation
SryPLY-IC3,62,U,Unknown,450,700,inhumation
SryPLY-IC3,63,U,Unknown,450,700,inhumation
SryPLY-IC3,64,U,Unknown,450,700,inhumation
SryPLY-IC3,65,U,Unknown,450,700,inhumation
SryPLY-IC3,66,U,Unknown,450,700,inhumation
SryPLY-IC3,67,U,Unknown,450,700,inhumation
SryPLY-IC3,68,U,Unknown,450,700,inhumation
SryPLY-IC3,69,U,Unknown,450,700,inhumation
SryPLY-IC3,70,U,Unknown,450,700,inhumation
SryPLY-IC3,71,U,Unknown,450,700,inhumation
SryPLY-IC3,72,U,Unknown,450,700,inhumation
SryPLY-IC3,73,U,Unknown,450,700,inhumation
SryPLY-IC3,74,U,Unknown,450,700,inhumation
SryPLY-IC3,75,U,Unknown,450,700,inhumation
SryPLY-IC3,76,U,Unknown,450,700,inhumation
SryPLY-IC3,77,U,Unknown,450,700,inhumation
SryPLY-IC3,78,U,Unknown,450,700,inhumation
SryPLY-IC3,79,U,Unknown,450,700,inhumation
SryPLY-IC3,80,U,Unknown,450,700,inhumation
SryPLY-IC3,81,U,Unknown,450,700,inhumation
SryPLY-IC3,82,U,Unknown,450,700,inhumation
SryPLY-IC3,83,U,Unknown,450,700,inhumation
SryPLY-IC3,84,U,Unknown,450,700,inhumation
SryPLY-IC3,85,U,Unknown,450,700,inhumation
SryPLY-IC3,86,U,Unknown,450,700,inhumation
SryPLY-IC3,87,U,Unknown,450,700,inhumation
SryPLY-IC3,88,U,Unknown,450,700,inhumation
SryPLY-IC3,89,U,Unknown,450,700,inhumation
SryPLY-IC3,90,U,Unknown,450,700,inhumation
SryPLY-IC3,91,U,Unknown,450,700,inhumation
SryPLY-IC3,92,U,Unknown,450,700,inhumation
SryPLY-IC3,93,U,Unknown,450,700,inhumation
SryPLY-IC3,94,U,Unknown,450,700,inhumation
SryPLY-IC3,95,U,Unknown,450,700,inhumation
SryPLY-IC3,96,U,Unknown,450,700,inhumation
SryPLY-IC3,97,U,Unknown,450,700,inhumation
SryPLY-IC3,98,U,Unknown,450,700,inhumation
SryPLY-IC3,99,U,Unknown,450,700,inhumation
SryPLY-IC3,100,U,Unknown,450,700,inhumation
SryPLY-IC3,101,U,Unknown,450,700,inhumation
SryPLY-IC3,102,U,Unknown,450,700,inhumation
SryPLY-IC3,103,U,Unknown,450,700,inhumation
SryPLY-IC3,104,U,Unknown,450,700,inhumation
SryPLY-IC3,105,U,Unknown,450,700,inhumation
SryPLY-IC3,106,U,Unknown,450,700,inhumation
SryPLY-IC3,107,U,Unknown,450,700,inhumation
SryRGT-BI1,1,U,Unknown,500,650,inhumation
SryRMD-BI1,1,U,Unknown,500,650,inhumation
SrySSD-IC1,1,U,Unknown,450,650,inhumation
SrySSD-IC1,2,U,Unknown,450,650,inhumation
SrySSD-IC1,3,U,Unknown,450,650,inhumation
SrySSD-IC1,4,U,Unknown,450,650,inhumation
SrySSD-IC1,5,U,Unknown,450,650,inhumation
SrySSD-IC1,6,U,Unknown,450,650,inhumation
SrySSD-IC1,7,U,Unknown,450,650,inhumation
SrySSD-IC1,8,U,Unknown,450,650,inhumation
SrySSD-IC1,9,U,Unknown,450,650,inhumation
SrySSD-IC1,10,U,Unknown,450,650,inhumation
SrySSD-IC1,11,U,Unknown,450,650,inhumation
SrySSD-IC1,12,U,Unknown,450,650,inhumation
SrySTN-IC1,1,U,Unknown,700,1000,inhumation
SrySTN-IC1,2,U,Unknown,700,1000,inhumation
SrySTN-IC1,3,U,Unknown,700,1000,inhumation
SrySTN-IC1,4,U,Unknown,700,1000,inhumation
SrySTN-IC1,5,U,Unknown,700,1000,inhumation
SrySTN-IC1,6,U,Unknown,700,1000,inhumation
SrySTN-IC1,7,U,Unknown,700,1000,inhumation
SrySTN-IC1,8,U,Unknown,700,1000,inhumation
SrySTN-IC1,9,U,Unknown,700,1000,inhumation
SrySTN-IC1,10,U,Unknown,700,1000,inhumation
SrySTN-IC1,11,U,Unknown,700,1000,inhumation
SrySTN-IC1,12,U,Unknown,700,1000,inhumation
SrySTN-IC1,13,U,Unknown,700,1000,inhumation
SrySTN-IC1,14,U,Unknown,700,1000,inhumation
SrySTN-IC1,15,U,Unknown,700,1000,inhumation
SrySTN-IC1,16,U,Unknown,700,1000,inhumation
SrySTN-IC1,17,U,Unknown,700,1000,inhumation
SrySTN-IC1,18,U,Unknown,700,1000,inhumation
SrySTN-IC1,19,U,Unknown,700,1000,inhumation
SrySTN-IC1,20,U,Unknown,700,1000,inhumation
SrySTN-IC4,2,U,Unknown,700,1000,inhumations
SrySTN-IC4,3,U,Unknown,700,1000,inhumations
SrySTN-IC4,4,U,Unknown,700,1000,inhumations
SrySTN-IC4,5,U,Unknown,700,1000,inhumations
SrySTN-IC4,6,U,Unknown,700,1000,inhumations
SrySTN-IC4,7,U,Unknown,700,1000,inhumations
SrySTN-IC4,8,U,Unknown,700,1000,inhumations
SrySTN-IC4,9,U,Unknown,700,1000,inhumations
SrySTN-IC4,10,U,Unknown,700,1000,inhumations
SrySTN-IC4,11,U,Unknown,700,1000,inhumations
SrySTN-IC4,12,U,Unknown,700,1000,inhumations
SrySTN-IC4,13,U,Unknown,700,1000,inhumations
SrySTN-IC4,14,U,Unknown,700,1000,inhumations
SrySTN-IC4,15,U,Unknown,700,1000,inhumations
SrySTN-IC4,16,U,Unknown,700,1000,inhumations
SrySTN-IC4,17,U,Unknown,700,1000,inhumations
SrySTN-IC4,18,U,Unknown,700,1000,inhumations
SrySTN-IC4,19,U,Unknown,700,1000,inhumations
SrySTN-IC4,20,U,Unknown,700,1000,inhumations
SrySTN-IC4,1,U,Unknown,700,1000,inhumations
SrySTN-MC1,1,M,Old,450,550,inhumation
SrySTN-MC1,2,F,Unknown,450,550,inhumation
SrySTN-MC1,3,M,Unknown,450,550,inhumation
SrySTN-MC1,4,U,Unknown,450,550,inhumation
SrySTN-MC1,5,U,Unknown,450,550,inhumation
SrySTN-MC1,6,U,Unknown,450,550,inhumation
SrySTN-MC1,7,U,Unknown,450,550,inhumation
SrySTN-MC1,8,U,Unknown,450,550,inhumation
SrySTN-MC1,9,U,Unknown,450,550,inhumation
SrySTN-MC1,10,U,Unknown,450,550,inhumation
SrySTN-MC1,C1,U,Unknown,450,550,cremation
SrySTN-MC1,C2,U,Unknown,450,550,cremation
SrySTS-IC1,2,U,Unknown,700,900,inhumation execution
SrySTS-IC1,3,U,Unknown,700,900,inhumation execution
SrySTS-IC1,4,U,Unknown,700,900,inhumation execution
SrySTS-IC1,5,U,Unknown,700,900,inhumation execution
SrySTS-IC1,6,U,Unknown,700,900,inhumation execution
SrySTS-IC1,7,U,Unknown,700,900,inhumation execution
SrySTS-IC1,8,U,Unknown,700,900,inhumation execution
SrySTS-IC1,9,U,Unknown,700,900,inhumation execution
SrySTS-IC1,10,U,Unknown,700,900,inhumation execution
SrySTS-IC1,11,U,Unknown,700,900,inhumation execution
SrySTS-IC1,12,U,Unknown,700,900,inhumation execution
SrySTS-IC1,13,U,Unknown,700,900,inhumation execution
SrySTS-IC1,14,U,Unknown,700,900,inhumation execution
SrySTS-IC1,15,U,Unknown,700,900,inhumation execution
SrySTS-IC1,16,U,Unknown,700,900,inhumation execution
SrySTS-IC1,17,U,Unknown,700,900,inhumation execution
SrySTS-IC1,18,U,Unknown,700,900,inhumation execution
SrySTS-IC1,19,U,Unknown,700,900,inhumation execution
SrySTS-IC1,20,U,Unknown,700,900,inhumation execution
SrySTS-IC1,21,U,Unknown,700,900,inhumation execution
SrySTS-IC1,22,U,Unknown,700,900,inhumation execution
SrySTS-IC1,23,U,Unknown,700,900,inhumation execution
SrySTS-IC1,24,U,Unknown,700,900,inhumation execution
SrySTS-IC1,25,U,Unknown,700,900,inhumation execution
SrySTS-IC1,26,U,Unknown,700,900,inhumation execution
SrySTS-IC1,27,U,Unknown,700,900,inhumation execution
SrySTS-IC1,28,U,Unknown,700,900,inhumation execution
SrySTS-IC1,1,U,Unknown,700,900,inhumation execution
SrySTS-IC1,29,U,Unknown,700,900,inhumation execution
SrySTS-IC1,30,U,Unknown,700,900,inhumation execution
SrySWK-BC1,1,U,Unknown,450,600,Cremation
SryWLN-IC1,1,U,Unknown,450,700,inhumation
SryWLN-IC1,2,U,Unknown,450,700,inhumation
SryWLN-IC1,3,U,Unknown,450,700,inhumation
SryWLN-IC1,4,U,Unknown,450,700,inhumation
SryWLN-IC1,5,U,Unknown,450,700,inhumation
SryWLN-IC1,6,U,Unknown,450,700,inhumation
SryWLN-IC1,7,U,Unknown,450,700,inhumation
SsxAGM-BI1,1,U,Unknown,450,700,inhumation
SsxALC-IC1,1,M?,14,600,700,inhumation
SsxALC-IC1,2,M?,Unknown,600,700,inhumation
SsxALC-IC1,3,M?,70,600,700,inhumation
SsxALF-IC2,1/,U,Unknown,500,625,inhumation
SsxALF-IC2,1/a,U,Unknown,500,625,inhumation
SsxALF-IC2,2/,U,Unknown,500,600,inhumation
SsxALF-IC2,2/a,U,Unknown,500,600,inhumationinhumation
SsxALF-IC2,3,U,Unknown,450,550,inhumation
SsxALF-IC2,4,U,Unknown,500,600,inhumation
SsxALF-IC2,5,U,Unknown,450,625,inhumation
SsxALF-IC2,6,U,Unknown,450,625,inhumation
SsxALF-IC2,7,U,Unknown,450,625,inhumation
SsxALF-IC2,36/a,U,Unknown,450,625,inhumation
SsxALF-IC2,37,U,Unknown,500,550,inhumation
SsxALF-IC2,38,U,Unknown,500,600,inhumation
SsxALF-IC2,39,U,Unknown,450,500,inhumation
SsxALF-IC2,40,U,Unknown,450,525,inhumation
SsxALF-IC2,41/,U,Unknown,575,625,inhumation
SsxALF-IC2,41/a,U,Unknown,500,625,inhumationinhumation
SsxALF-IC2,42,U,Unknown,575,625,inhumation
SsxALF-IC2,43,U,Unknown,525,575,inhumation
SsxALF-IC2,44,U,Unknown,450,625,inhumation
SsxALF-IC2,45/,U,Unknown,450,625,inhumation
SsxALF-IC2,45/a,U,Unknown,450,625,inhumation
SsxALF-IC2,46/,U,Unknown,475,525,inhumation
SsxALF-IC2,46/a,U,Unknown,475,525,inhumation
SsxALF-IC2,47,U,Unknown,525,575,inhumation
SsxALF-IC2,48,U,Unknown,500,600,inhumation
SsxALF-IC2,49,U,Unknown,450,550,inhumation
SsxALF-IC2,50,U,Unknown,450,625,inhumation
SsxALF-IC2,51,U,Unknown,450,625,inhumation
SsxALF-IC2,52,U,Unknown,450,525,inhumation
SsxALF-IC2,53,U,Unknown,450,625,inhumation
SsxALF-IC2,54,U,Unknown,575,625,inhumation
SsxALF-IC2,55,U,Unknown,525,625,inhumation
SsxALF-IC2,56,U,Unknown,500,550,inhumation
SsxALF-IC2,57,U,Unknown,450,500,inhumation
SsxALF-IC2,58,U,Unknown,450,625,inhumation
SsxALF-IC2,59,U,Unknown,500,550,inhumation
SsxALF-IC2,60,U,Unknown,475,525,inhumation
SsxALF-IC2,61/,U,Unknown,450,550,inhumationinhumation
SsxALF-IC2,62,U,Unknown,500,550,inhumation
SsxALF-IC2,63,U,Unknown,475,625,inhumation
SsxALF-IC2,64,U,Unknown,500,600,inhumation
SsxALF-IC2,65,U,Unknown,500,550,inhumation
SsxALF-IC2,66,U,Unknown,450,625,inhumation
SsxALF-IC2,67,U,Unknown,575,625,inhumation
SsxALF-IC2,68,U,Unknown,475,525,inhumation
SsxALF-IC2,69,U,Unknown,525,625,inhumation
SsxALF-IC2,69a,U,Unknown,500,550,inhumation
SsxALF-IC2,70,U,Unknown,450,625,inhumation
SsxALF-IC2,71,U,Unknown,450,625,inhumation
SsxALF-IC2,72,U,Unknown,450,625,inhumation
SsxALF-IC2,73,U,Unknown,450,625,inhumation
SsxALF-IC2,74,U,Unknown,450,625,inhumation
SsxALF-IC2,75,U,Unknown,450,625,inhumation
SsxALF-IC2,76,U,Unknown,450,625,inhumation
SsxALF-IC2,A,U,Unknown,450,500,inhumation
SsxALF-IC2,B,U,Unknown,450,500,inhumation
SsxALF-IC2,C,U,Unknown,500,550,inhumation
SsxALF-IC2,D,U,Unknown,450,525,inhumation
SsxALF-IC2,E,U,Unknown,500,600,inhumation
SsxALF-IC2,F,U,Unknown,450,550,inhumation
SsxALF-IC2,G,U,Unknown,450,625,inhumation
SsxALF-IC2,H,U,Unknown,500,600,inhumation
SsxALF-IC2,77,U,Unknown,450,625,inhumation
SsxALF-IC2,78,U,Unknown,450,625,inhumation
SsxALF-IC2,79,U,Unknown,500,600,inhumation
SsxALF-IC2,80,U,Unknown,450,625,inhumation
SsxALF-IC2,81,U,Unknown,450,600,inhumation
SsxALF-IC2,82,U,Unknown,450,550,inhumation
SsxALF-IC2,83,U,Unknown,500,600,inhumation
SsxALF-IC2,84,U,Unknown,500,600,inhumation
SsxALF-IC2,85,U,Unknown,450,625,inhumation
SsxALF-IC2,86,U,Unknown,500,600,inhumation
SsxALF-IC2,87,U,Unknown,500,550,inhumation
SsxALF-IC2,88,U,Unknown,500,600,inhumation
SsxALF-IC2,89,U,Unknown,500,575,inhumation
SsxALF-IC2,90,U,Unknown,500,550,inhumation
SsxALF-IC2,91,U,Unknown,450,500,inhumation
SsxALF-IC2,92/,U,Unknown,450,625,inhumation
SsxALF-IC2,92/a,U,Unknown,450,625,inhumation
SsxALF-IC2,93,U,Unknown,450,625,inhumation
SsxALF-IC2,94,U,Child,450,625,inhumation
SsxALF-IC2,95,U,Unknown,600,625,inhumation
SsxALF-IC2,96,U,Unknown,450,625,inhumation
SsxALF-IC2,97,U,Unknown,450,625,inhumation
SsxALF-IC2,98,U,Unknown,450,550,inhumation
SsxALF-IC2,99,U,Unknown,450,625,inhumation
SsxALF-IC2,100,U,Unknown,450,625,inhumation
SsxALF-IC2,101,U,Unknown,500,550,inhumation
SsxALF-IC2,102,U,Unknown,450,625,inhumation
SsxALF-IC2,103,U,Unknown,450,500,inhumationinhumation
SsxALF-IC2,104,U,Unknown,500,600,inhumation
SsxALF-IC2,105,U,Unknown,450,625,inhumation
SsxALF-IC2,106,U,Unknown,450,625,inhumation
SsxALF-IC2,107,U,Unknown,475,625,inhumation
SsxALF-IC2,108,U,Unknown,450,625,inhumation
SsxALF-IC2,K,U,Unknown,500,550,inhumation
SsxALF-IC2,L,U,Unknown,450,625,inhumation
SsxALF-IC2,8/,U,Adult,500,600,inhumation
SsxALF-IC2,8/a,U,Unknown,500,600,inhumation
SsxALF-IC2,9,U,Unknown,450,625,inhumation
SsxALF-IC2,10,U,Unknown,450,500,inhumation
SsxALF-IC2,11,M?,Adult,450,625,inhumation
SsxALF-IC2,12,U,Unknown,450,625,inhumation
SsxALF-IC2,13,U,Young,450,625,inhumation
SsxALF-IC2,14,U,Unknown,450,500,inhumation
SsxALF-IC2,14a,U,Unknown,450,500,inhumation
SsxALF-IC2,15,U,Unknown,500,550,inhumation
SsxALF-IC2,16/,U,Unknown,500,600,inhumation
SsxALF-IC2,16/a,U,Unknown,500,600,inhumation
SsxALF-IC2,17,U,Unknown,450,500,inhumation
SsxALF-IC2,18,U,Unknown,450,625,inhumation
SsxALF-IC2,19,U,Unknown,450,625,inhumation
SsxALF-IC2,20,U,Unknown,450,500,inhumation
SsxALF-IC2,21,U,Unknown,550,600,inhumation
SsxALF-IC2,22,U,Unknown,450,625,inhumation
SsxALF-IC2,23,U,Unknown,500,575,inhumation
SsxALF-IC2,24,U,Unknown,475,500,inhumation
SsxALF-IC2,25,U,Unknown,450,625,inhumation
SsxALF-IC2,26,U,Unknown,450,500,inhumation
SsxALF-IC2,27,U,Unknown,450,625,inhumation
SsxALF-IC2,28,U,Unknown,525,575,inhumation
SsxALF-IC2,29,U,Unknown,485,550,inhumation
SsxALF-IC2,30,U,Unknown,450,625,inhumation
SsxALF-IC2,31,U,Unknown,450,625,inhumation
SsxALF-IC2,32,U,Unknown,450,625,inhumation
SsxALF-IC2,33/,U,Unknown,600,625,inhumation
SsxALF-IC2,61/a,U,Unknown,450,625,inhumation
SsxALF-IC2,M,U,Unknown,500,600,inhumation
SsxALF-IC2,N,U,Unknown,450,625,inhumation
SsxALF-IC2,33/a,U,Unknown,600,625,inhumation
SsxALF-IC2,34,U,Unknown,550,615,inhumation
SsxALF-IC2,35,U,Unknown,525,600,inhumation
SsxALF-IC2,36,U,Unknown,450,625,inhumation
SsxALF-IC2,36/,U,Unknown,450,550,inhumation
SsxALF-IC3,1,U,Unknown,450,750,inhumation
SsxALF-IC4,1,M,40-45,600,750,inhumation
SsxALF-IC4,2,U,Unknown,600,750,inhumationinhumation
SsxALF-IC4,3,M?,Adult,600,750,inhumation
SsxALF-IC5,1,U,Unknown,600,750,inhumation
SsxALF-IC5,2,U,Unknown,600,750,inhumation
SsxALF-IC5,3,U,Unknown,600,750,inhumation
SsxALF-IC5,4,U,Unknown,600,750,inhumation
SsxALF-IC5,5,U,Unknown,600,750,inhumation
SsxALF-IC5,6,U,Unknown,600,750,inhumation
SsxALF-IC5,7,U,Unknown,600,750,inhumation
SsxALF-IC5,8,U,Unknown,600,750,inhumation
SsxBDD-IC1,1,M?,Unknown,500,600,inhumation
SsxBDD-IC1,2,M?,Unknown,500,600,inhumation
SsxBDD-IC1,3,M?,Unknown,500,600,inhumation
SsxBDD-IC1,4,M?,Unknown,500,600,inhumation
SsxBDD-IC1,5,F?,Unknown,500,600,inhumation
SsxBDD-IC1,6,M?,Unknown,500,600,inhumation
SsxBDD-IC3,1868,U,Unknown,450,600,inhumation
SsxBDD-IC3,1870,U,Unknown,450,600,inhumation
SsxBGN-IC1,2,U,Unknown,600,700,inhumation
SsxBGN-IC1,3,U,Unknown,600,700,inhumation
SsxBGN-IC1,4,U,Unknown,600,700,inhumation
SsxBGN-IC1,5,U,Unknown,600,700,inhumation
SsxBGN-IC1,6,U,Unknown,600,700,inhumation
SsxBGN-IC1,7,U,Unknown,600,700,inhumation
SsxBGN-IC1,1,U,Unknown,600,700,inhumation
SsxBHM-BI3,1,U,Unknown,450,650,inhumation
SsxBPH-BI1,1,U,Unknown,450,650,inhumation
SsxBPH-BI2,1,U,Unknown,-500,700,inhumation
SsxBPH-IC1,1,F?,Young,600,700,inhumation
SsxBPH-IC1,2,M?,Old,600,700,inhumation
SsxBPH-IC1,3,M?,Young,600,700,inhumation
SsxBPH-IC1,4,F?,Old,600,700,inhumation
SsxBPH-IC2,2,U,Unknown,450,700,inhumation
SsxBPH-IC2,3,U,Unknown,450,700,inhumation
SsxBPH-IC2,4,U,Unknown,450,700,inhumation
SsxBPH-IC2,5,U,Unknown,450,700,inhumation
SsxBPH-IC2,6,U,Unknown,450,700,inhumation
SsxBPH-IC2,7,U,Unknown,450,700,inhumation
SsxBPH-IC2,8,U,Unknown,450,700,inhumation
SsxBPH-IC2,9,U,Unknown,450,700,inhumation
SsxBPH-IC2,10,U,Unknown,450,700,inhumation
SsxBPH-IC2,11,U,Unknown,450,700,inhumation
SsxBPH-IC2,12,U,Unknown,450,700,inhumation
SsxBPH-IC2,13,U,Unknown,450,700,inhumation
SsxBPH-IC2,1,U,Unknown,450,700,inhumation
SsxBPS-MC1,1,U,Unknown,450,600,inhumation
SsxBPS-MC1,10,U,Unknown,450,550,inhumation
SsxBPS-MC1,11,U,Unknown,490,600,inhumation
SsxBPS-MC1,12,U,Unknown,490,525,inhumation
SsxBPS-MC1,13,U,Unknown,450,600,inhumation
SsxBPS-MC1,14,U,Unknown,450,550,inhumation
SsxBPS-MC1,15,U,Baby?,450,600,inhumation
SsxBPS-MC1,16,U,Unknown,450,600,inhumation
SsxBPS-MC1,17,U,Unknown,450,600,inhumation
SsxBPS-MC1,18,U,Unknown,450,600,inhumation
SsxBPS-MC1,19,U,Unknown,450,600,inhumation
SsxBPS-MC1,2,U,Unknown,450,550,inhumation
SsxBPS-MC1,20,U,Unknown,450,600,inhumation
SsxBPS-MC1,21,U,Child,450,600,inhumation
SsxBPS-MC1,47,U,Child,450,600,inhumation
SsxBPS-MC1,48,U,Unknown,450,600,inhumation
SsxBPS-MC1,50,U,Unknown,450,600,inhumation
SsxBPS-MC1,51,U,Child?,450,600,inhumation
SsxBPS-MC1,52,U,Child?,450,600,inhumation
SsxBPS-MC1,53,U,Unknown,450,600,inhumation
SsxBPS-MC1,54,U,Unknown,450,600,inhumation
SsxBPS-MC1,55,U,Unknown,450,600,inhumation
SsxBPS-MC1,56,U,Unknown,450,600,inhumation
SsxBPS-MC1,56i,U,Unknown,450,600,inhumation
SsxBPS-MC1,57,U,Unknown,450,600,inhumation
SsxBPS-MC1,58,U,Unknown,450,600,inhumation
SsxBPS-MC1,59,U,Unknown,450,600,inhumation
SsxBPS-MC1,60,U,Unknown,450,600,inhumation
SsxBPS-MC1,61,U,Unknown,490,550,inhumation
SsxBPS-MC1,62,U,Unknown,450,600,inhumation
SsxBPS-MC1,63,U,Unknown,450,600,inhumation
SsxBPS-MC1,64,U,Unknown,450,600,inhumation
SsxBPS-MC1,65,U,Unknown,490,550,inhumation
SsxBPS-MC1,66,U,Unknown,500,600,inhumation
SsxBPS-MC1,67,U,Unknown,500,600,inhumation
SsxBPS-MC1,68,U,Unknown,450,600,inhumation
SsxBPS-MC1,69,U,Unknown,500,600,inhumation
SsxBPS-MC1,70,U,Unknown,490,550,inhumation
SsxBPS-MC1,71,U,Unknown,500,600,inhumation
SsxBPS-MC1,72,U,Unknown,450,600,inhumation
SsxBPS-MC1,73,U,Unknown,450,600,inhumation
SsxBPS-MC1,74,U,Unknown,450,600,inhumation
SsxBPS-MC1,75,U,Unknown,490,600,inhumation
SsxBPS-MC1,76,U,Unknown,450,600,inhumation
SsxBPS-MC1,77,U,Unknown,450,600,inhumation
SsxBPS-MC1,78,U,Unknown,450,600,inhumation
SsxBPS-MC1,79,U,Unknown,450,600,inhumation
SsxBPS-MC1,81,U,Unknown,450,600,inhumation
SsxBPS-MC1,80,U,Unknown,450,600,inhumation
SsxBPS-MC1,84A,U,Unknown,450,600,inhumation
SsxBPS-MC1,84B,U,Baby,450,600,inhumation
SsxBPS-MC1,85,U,Young,490,550,inhumation
SsxBPS-MC1,87,U,Unknown,450,600,inhumation
SsxBPS-MC1,86,U,Unknown,500,600,inhumation
SsxBPS-MC1,92,U,Unknown,500,600,inhumation
SsxBPS-MC1,90,U,Unknown,450,600,inhumation
SsxBPS-MC1,91,U,Unknown,500,600,inhumation
SsxBPS-MC1,92B,U,Child,500,600,inhumation
SsxBPS-MC1,93,U,Unknown,500,600,inhumation
SsxBPS-MC1,94,U,Unknown,450,600,inhumation
SsxBPS-MC1,95,U,Unknown,450,600,inhumation
SsxBPS-MC1,96,U,Unknown,450,600,inhumation
SsxBPS-MC1,97,U,Unknown,450,600,inhumation
SsxBPS-MC1,98,U,Unknown,450,600,cremation
SsxBPS-MC1,99,U,Unknown,450,600,inhumation
SsxBPS-MC1,100,U,Young,450,600,inhumation
SsxBPS-MC1,101,U,Unknown,450,600,inhumation
SsxBPS-MC1,102,U,Unknown,450,600,inhumation
SsxBPS-MC1,103,U,Child,450,600,inhumation
SsxBPS-MC1,104,U,Unknown,450,600,inhumation
SsxBPS-MC1,105,U,Unknown,450,600,inhumation
SsxBPS-MC1,106,U,Unknown,450,600,cremation
SsxBPS-MC1,107,U,Unknown,450,600,cremation
SsxBPS-MC1,110,U,Unknown,450,600,inhumation
SsxBPS-MC1,111,U,Unknown,450,600,inhumation
SsxBPS-MC1,112,U,Unknown,450,600,inhumation
SsxBPS-MC1,113,U,Unknown,500,600,inhumation
SsxBPS-MC1,114,U,Unknown,500,600,inhumation
SsxBPS-MC1,115,U,Adult,450,600,cremation
SsxBPS-MC1,116,U,Child,450,600,inhumation
SsxBPS-MC1,117,U,Unknown,450,600,inhumation
SsxBPS-MC1,118,U,Unknown,450,600,inhumation
SsxBPS-MC1,89,U,Unknown,500,600,inhumation
SsxBPS-MC1,88,U,Unknown,450,600,inhumation
SsxBPS-MC1,22,U,Unknown,450,600,inhumation
SsxBPS-MC1,23,U,Unknown,450,600,inhumation
SsxBPS-MC1,24,U,Unknown,450,550,inhumation
SsxBPS-MC1,25,U,Unknown,450,600,inhumation
SsxBPS-MC1,26,U,Very young,450,550,inhumation
SsxBPS-MC1,27,U,Unknown,490,550,inhumation
SsxBPS-MC1,28,U,Unknown,450,600,inhumation
SsxBPS-MC1,29,U,Unknown,590,650,inhumation
SsxBPS-MC1,3,U,Unknown,450,600,inhumation
SsxBPS-MC1,30,U,Baby,450,600,inhumation
SsxBPS-MC1,31,U,Unknown,450,550,inhumation
SsxBPS-MC1,32,U,Unknown,450,600,inhumation
SsxBPS-MC1,33,U,Unknown,450,600,inhumation
SsxBPS-MC1,34,U,Unknown,450,600,inhumation
SsxBPS-MC1,35,U,Unknown,450,600,inhumation
SsxBPS-MC1,36,U,Baby,450,600,inhumation
SsxBPS-MC1,37,U,Unknown,450,600,cremation
SsxBPS-MC1,4,U,Unknown,450,600,inhumation
SsxBPS-MC1,40,U,Unknown,450,600,inhumation
SsxBPS-MC1,41,U,Child,450,600,inhumation
SsxBPS-MC1,42,U,Child,450,600,inhumation
SsxBPS-MC1,43,U,Unknown,450,600,inhumation
SsxBPS-MC1,44,U,Unknown,450,600,inhumation
SsxBPS-MC1,45,U,Unknown,450,600,inhumation
SsxBPS-MC1,5,U,Unknown,450,600,inhumation
SsxBPS-MC1,6,U,Unknown,450,600,inhumation
SsxBPS-MC1,7,U,Unknown,450,550,inhumation
SsxBPS-MC1,8,U,Unknown,450,600,inhumation
SsxBPS-MC1,9,U,Child,450,600,inhumation
SsxBPS-MC1,46,U,Unknown,450,600,inhumation
SsxBPS-MC1,83,U,Unknown,450,600,cremation
SsxBTN-BC1,1822,U,Unknown,-2000,700,cremation
SsxBTN-BC2,1,U,Child,500,700,cremation
SsxBTN-BC4,1,U,Unknown,450,700,cremation
SsxBTN-BC5,1,U,Unknown,500,700,cremation
SsxBTN-BI1,1,M,60,490,600,inhumation
SsxBTN-BI3,1,F?,Unknown,43,700,inhumation
SsxBTN-BI4,1,M?,Unknown,500,650,inhumation
SsxBTN-BI6,1,F,Unknown,450,650,inhumation
SsxBTN-BI7,1,U,Unknown,500,625,inhumation
SsxBTN-IC1,O,F,25,500,625,inhumation
SsxBTN-IC1,1,M,25,500,625,inhumation
SsxBTN-IC1,2,M,25-30,500,625,inhumation
SsxBTN-IC1,3,M?,25-30,500,625,inhumation
SsxBTN-IC1,4,M,25-30,500,625,inhumation
SsxBTN-IC1,5,M,55-60,500,625,inhumation
SsxBTN-IC2,1884i,U,Adult,450,650,inhumation
SsxBTN-IC2,1,M,30,525,600,inhumation
SsxBTN-IC2,2,M,35-40,575,700,inhumation
SsxBTN-IC2,3,F,40-45,490,550,inhumation
SsxBTN-IC2,1884,U,Adult,450,650,inhumation
SsxBTN-IC3,1,U,Unknown,-2000,1000,inhumation
SsxBTN-IC3,2,U,Unknown,-2000,1000,inhumation
SsxBTN-IC3,3,U,Unknown,-2000,1000,inhumation
SsxBTN-IC4,2/,U,Unknown,650,750,inhumation
SsxBTN-IC4,2/a,U,Unknown,650,750,inhumation
SsxBTN-IC4,3,U,Child,650,750,inhumation
SsxBTN-IC4,4,U,Unknown,650,750,inhumation
SsxBTN-IC4,5,U,Unknown,650,750,inhumation
SsxBTN-IC4,7,F?,35-40,650,750,inhumation
SsxBTN-IC4,250,F?,45+,650,750,inhumation
SsxBTN-IC4,263,F,18-25,640,880,inhumation
SsxBTN-IC4,267,M,45+,650,750,inhumation
SsxBTN-IC5,1,M,35,500,600,inhumation
SsxBTN-IC5,2,U,Unknown,500,600,inhumation
SsxBTN-IC7,1,U,Unknown,-2000,700,inhumation
SsxBTN-IC7,2,U,Unknown,-2000,700,inhumation
SsxBTN-IC7,3,U,Unknown,-2000,700,inhumation
SsxBTN-IC7,4,U,Unknown,-2000,700,inhumation
SsxBTN-IC7,5,U,Unknown,-2000,700,inhumation
SsxCHC-IC1,1,M,Adult,680,810,inhumation
SsxCHC-IC1,2,M,Adult,680,810,inhumation
SsxCHC-IC1,3,M,Adult,680,810,inhumation
SsxCHC-IC1,4,U,Adult,680,810,inhumation
SsxCHC-IC1,5,U,8+,680,810,inhumation
SsxCHC-IC1,6,U,14-16,680,810,inhumation
SsxCHC-IC2,1,U,Unknown,450,700,inhumation
SsxCHC-IC2,2,U,Unknown,450,700,inhumation
SsxCHC-IC2,3,U,Unknown,450,700,inhumation
SsxCMB-BI1,1,U,Unknown,450,700,inhumation
SsxCPH-BI1,1,U,Unknown,450,700,inhumation
SsxCPH-IC1,2/,U,Unknown,450,700,inhumation
SsxCPH-IC1,4/,U,Unknown,450,700,inhumation
SsxCPH-IC1,10,M,Unknown,450,700,inhumation
SsxCPH-IC1,12/a,U,Unknown,450,700,inhumation
SsxCPH-IC1,12/b,U,Unknown,450,700,inhumation
SsxCPH-IC1,12/c,U,Unknown,450,700,inhumation
SsxCPT-BC1,1,U,Unknown,450,650,cremation
SsxCPT-IC1,1,M,35-40,670,720,inhumation
SsxCPT-IC1,2,M,35-40,670,720,inhumation
SsxCPT-IC1,3,F,30-35,670,720,inhumation
SsxCPT-IC1,4/,M,20-25,670,720,inhumation
SsxCPT-IC1,4/a,F,45+,670,720,inhumation
SsxCPT-IC1,5,U,3-4,670,720,inhumation
SsxCPT-IC1,6,U,Infant?,670,720,inhumation
SsxCPT-IC1,7/,M,40-45,670,720,inhumation
SsxCPT-IC1,7/a,F,35-40,670,720,inhumation
SsxCPT-IC1,8,M,45+,670,720,inhumation
SsxCPT-IC1,9,u,12,670,720,inhumation
SsxCPT-IC1,173,M,25-30,670,720,inhumation
SsxCPT-IC1,174,M,30-35,670,720,inhumation
SsxCPT-MC1,10,F,45+,500,599,inhumation
SsxCPT-MC1,11,F,20-25,475,700,inhumation
SsxCPT-MC1,12/,M,35-40,500,599,inhumation
SsxCPT-MC1,12/a,M,35-40,575,625,inhumation
SsxCPT-MC1,13,F,11-13,500,599,inhumation
SsxCPT-MC1,14,F,20-25,500,599,inhumation
SsxCPT-MC1,15,u,3-4,500,599,inhumation
SsxCPT-MC1,16,U,Infant,475,700,cremation
SsxCPT-MC1,17,F,45+,475,700,inhumation
SsxCPT-MC1,18,F,20-25,475,525,inhumation
SsxCPT-MC1,19,M,35-40,475,700,inhumation
SsxCPT-MC1,20,U,7-10,475,700,cremation
SsxCPT-MC1,21,U,Adult?,475,700,cremation
SsxCPT-MC1,22,M,45+,475,525,inhumation
SsxCPT-MC1,23,F,45+,475,700,inhumation
SsxCPT-MC1,24,U,Unknown,475,700,inhumation
SsxCPT-MC1,25/,U,Unknown,475,700,cremation
SsxCPT-MC1,25/a,M,30-35,475,700,inhumation
SsxCPT-MC1,26,U,Unknown,475,700,Inhumation
SsxCPT-MC1,27,U,Unknown,475,700,inhumation
SsxCPT-MC1,28,M,45+,475,700,inhumation
SsxCPT-MC1,29,U,Unknown,475,700,Inhumation
SsxCPT-MC1,30,U,Unknown,475,700,inhumation
SsxCPT-MC1,31,M,45+,500,599,inhumation
SsxCPT-MC1,32,F,40-45,475,700,inhumation
SsxCPT-MC1,33,F,45+,500,599,inhumation
SsxCPT-MC1,34,M,20-40,475,700,cremation
SsxCPT-MC1,35,U,Young/adul,475,700,cremation
SsxCPT-MC1,36,U,Young/adul,475,700,cremation
SsxCPT-MC1,37,U,6-9 months,500,599,inhumation
SsxCPT-MC1,38,U,3-4,475,700,inhumation
SsxCPT-MC1,39,M,20-25,475,700,inhumation
SsxCPT-MC1,40/,U,Child,600,699,cremation
SsxCPT-MC1,41/a,U,11-12,475,700,inhumation
SsxCPT-MC1,41/,F,25-30,475,700,inhumation
SsxCPT-MC1,42,U,Adol/adult,475,700,cremation
SsxCPT-MC1,43/,U,Young/adul,475,700,cremation
SsxCPT-MC1,43/a,U,Unknown,475,700,cremation
SsxCPT-MC1,44,F,30+,600,699,inhumation
SsxCPT-MC1,45,U,Adol/adult,475,700,cremation
SsxCPT-MC1,46,M,35-40,600,699,inhumation
SsxCPT-MC1,47,U,30-35,475,700,inhumation
SsxCPT-MC1,48,F,35-40,600,699,inhumation
SsxCPT-MC1,49,F,30-35,475,700,inhumation
SsxCPT-MC1,50,F,20-25,475,700,inhumation
SsxCPT-MC1,51,U,1,475,700,inhumation
SsxCPT-MC1,52,F,25-30,475,700,inhumation
SsxCPT-MC1,53,U,Adult,475,700,cremation
SsxCPT-MC1,54,M,17-20,500,599,inhumation
SsxCPT-MC1,55,M?,45+,475,700,inhumation
SsxCPT-MC1,56,M,20-25,475,700,inhumation
SsxCPT-MC1,57,U,9-10,475,700,inhumation
SsxCPT-MC1,58,U,Adol/adult,475,700,cremation
SsxCPT-MC1,59,U,Adult,475,700,cremation
SsxCPT-MC1,60,U,15-17,475,700,inhumation
SsxCPT-MC1,61,U,Adol/adult,475,700,cremation
SsxCPT-MC1,62,M,45+,475,700,inhumation
SsxCPT-MC1,63,M,45+,500,599,inhumation
SsxCPT-MC1,64,U,Ch/adul,500,599,cremation
SsxCPT-MC1,65,U,2-8,475,700,inhumation
SsxCPT-MC1,66,U,8-9,475,700,inhumation
SsxCPT-MC1,67,M,45+,500,599,inhumation
SsxCPT-MC1,68,M,40-45,500,599,inhumation
SsxCPT-MC1,69,U,7-8,475,700,inhumation
SsxCPT-MC1,70,U,7-8,600,699,inhumation
SsxCPT-MC1,71,M,45+,600,699,inhumation
SsxCPT-MC1,72,F,45+,475,700,inhumation
SsxCPT-MC1,73,U,3-4,475,700,inhumation
SsxCPT-MC1,74/,U,Unknown,475,700,cremation
SsxCPT-MC1,74/a,U,Unknown,475,700,cremation
SsxCPT-MC1,75,U,Child,500,599,cremation
SsxCPT-MC1,76,U,8-9,475,700,inhumation
SsxCPT-MC1,77,U,Adol/adult,475,700,cremation
SsxCPT-MC1,78,F,45+,475,700,inhumation
SsxCPT-MC1,79,U,15-17,475,700,inhumation
SsxCPT-MC1,80,U,5-6,475,700,inhumation
SsxCPT-MC1,81,U,Ch/adul,475,700,cremation
SsxCPT-MC1,82,U,12-14,475,700,inhumation
SsxCPT-MC1,83,M?,Adult,475,525,cremation
SsxCPT-MC1,84,F,40-45,475,700,inhumation
SsxCPT-MC1,85,U,15-17,475,700,inhumation
SsxCPT-MC1,86,F?,40+,475,700,inhumation
SsxCPT-MC1,87,F,35-40,475,700,inhumation
SsxCPT-MC1,88,F,40+,475,700,inhumation
SsxCPT-MC1,89,U,3-4,475,700,inhumation
SsxCPT-MC1,90,U,3-6 months,500,599,inhumation
SsxCPT-MC1,91,M,16-18,475,700,inhumation
SsxCPT-MC1,92,U,Adult,475,700,cremation
SsxCPT-MC1,93,F,45+,475,700,inhumation
SsxCPT-MC1,94,U,Infant,475,700,cremation
SsxCPT-MC1,95,U,Ch/adul,475,700,inhumation
SsxCPT-MC1,96,U,7-8,475,700,inhumation
SsxCPT-MC1,97,F,20-25,500,599,inhumation
SsxCPT-MC1,98,U,1-2,475,700,inhumation
SsxCPT-MC1,99/,U,Neonate,475,700,inhumation
SsxCPT-MC1,99/a,M,45+,600,699,inhumation
SsxCPT-MC1,100,U,3-4,475,700,inhumation
SsxCPT-MC1,101,F,20-25,475,700,inhumation
SsxCPT-MC1,102,M,18-20,475,700,inhumation
SsxCPT-MC1,103,U,Unknown,475,700,cremation
SsxCPT-MC1,104,U,12-14,475,700,inhumation
SsxCPT-MC1,105,F,45+,475,700,inhumation
SsxCPT-MC1,106,U,Inf/child,475,700,cremation
SsxCPT-MC1,107,F,45+,500,599,inhumation
SsxCPT-MC1,108,F,18-20,475,700,inhumation
SsxCPT-MC1,109,M,25-30,475,700,inhumation
SsxCPT-MC1,110,U,Adol/adult,475,700,cremation
SsxCPT-MC1,111,F?,45+,475,700,inhumation
SsxCPT-MC1,112,U,Ch/adul,475,700,cremation
SsxCPT-MC1,113,M,12-13,600,699,inhumation
SsxCPT-MC1,114,U,1-2,475,700,inhumation
SsxCPT-MC1,115/,U,Unknown,500,599,cremation
SsxCPT-MC1,115/a,M,30-35,475,700,inhumation
SsxCPT-MC1,116,U,Adol/adult,475,700,cremation
SsxCPT-MC1,117,F,45+,500,599,inhumation
SsxCPT-MC1,118,M,30-35,475,700,inhumation
SsxCPT-MC1,119,U,Adol/adult,475,700,cremation
SsxCPT-MC1,120,F,3-35,475,700,inhumation
SsxCPT-MC1,121,M,13-16,575,625,inhumation
SsxCPT-MC1,122,U,Unknown,475,700,inhumation
SsxCPT-MC1,123,M,30-35,600,699,inhumation
SsxCPT-MC1,124/,U,Adult,475,700,cremation
SsxCPT-MC1,124/a,U,Child,475,700,cremation
SsxCPT-MC1,125,M,40-45,600,699,inhumation
SsxCPT-MC1,126,M,45+,500,599,inhumation
SsxCPT-MC1,127,U,Unknown,475,700,cremation
SsxCPT-MC1,128,F,30-35,500,599,inhumation
SsxCPT-MC1,129,U,Ch/adul,475,700,cremation
SsxCPT-MC1,130,F,25-30,500,599,inhumation
SsxCPT-MC1,131,U,Ch/adul,475,700,cremation
SsxCPT-MC1,132,U,Adult,475,700,cremation
SsxCPT-MC1,133/,U,Adult,475,700,cremation
SsxCPT-MC1,133/a,U,9-11,475,700,cremation
SsxCPT-MC1,134,F?,25-30,500,599,inhumation
SsxCPT-MC1,135,U,Unknown,475,700,cremation
SsxCPT-MC1,136,U,Adult,475,700,cremation
SsxCPT-MC1,137/,U,Unknown,475,700,cremation
SsxCPT-MC1,137/a,F,45+,475,700,inhumation
SsxCPT-MC1,138/,M,30-35,475,700,inhumation
SsxCPT-MC1,138/a,U,Adol/adult,475,700,cremation
SsxCPT-MC1,139,U,7,475,700,inhumation
SsxCPT-MC1,140,U,Ch/adul,475,700,cremation
SsxCPT-MC1,141,U,2,500,599,inhumation
SsxCPT-MC1,142,U,Unknown,475,700,cremation
SsxCPT-MC1,143,F,45+,475,700,inhumation
SsxCPT-MC1,144,M,25-30,475,700,inhumation
SsxCPT-MC1,145,M,30-35,500,599,inhumation
SsxCPT-MC1,146,U,Inf/child,475,700,cremation
SsxCPT-MC1,147,U,Adol/adult,475,700,cremation
SsxCPT-MC1,148/,U,Unknown,475,700,cremation
SsxCPT-MC1,148/a,M,20-25,600,699,inhumation
SsxCPT-MC1,149,U,2-3,475,700,inhumation
SsxCPT-MC1,150,M,30-35,475,700,inhumation
SsxCPT-MC1,151,F,45+,600,699,inhumation
SsxCPT-MC1,152,M,20-25,500,599,inhumation
SsxCPT-MC1,153,F,35-40,475,700,inhumation
SsxCPT-MC1,154,U,Child,475,700,cremation
SsxCPT-MC1,155,U,Adult,475,700,cremation
SsxCPT-MC1,156,U,Adult,475,700,cremation
SsxCPT-MC1,157,F,45+,475,700,inhumation
SsxCPT-MC1,158,U,Adult,475,700,cremation
SsxCPT-MC1,159,U,Adol/adult,600,699,cremation
SsxCPT-MC1,160,U,Adult,475,700,cremation
SsxCPT-MC1,161,U,5-10,475,700,inhumation
SsxCPT-MC1,162,M,30-35,475,700,inhumation
SsxCPT-MC1,163,M,20-25,500,599,inhumation
SsxCPT-MC1,164,U,45+,475,700,inhumation
SsxCPT-MC1,165,F,30-35,600,699,inhumation
SsxCPT-MC1,166,U,Adol/adult,475,700,cremation
SsxCPT-MC1,167,U,Adult,475,700,cremation
SsxCPT-MC1,168,U,Adult,475,700,cremation
SsxCPT-MC1,169,F,45+,475,700,inhumation
SsxCPT-MC1,170/,U,Unknown,600,699,inhumation
SsxCPT-MC1,170/a,F,45+,475,700,inhumation
SsxCPT-MC1,171,U,35-40,475,700,inhumation
SsxCPT-MC1,172,U,Unknown,475,700,inhumation
SsxCPT-MC1,175/,F,35-40,600,699,inhumation
SsxCPT-MC1,175/a,U,foetus,475,700,inhumation
SsxCPT-MC1,179,U,Unknown,475,700,cremation
SsxCPT-MC1,177,U,Unknown,475,700,cremation
SsxCPT-MC1,178,U,Unknown,500,599,cremation
SsxCPT-MC1,180,U,Unknown,475,700,cremation
SsxCPT-MC1,181,U,Unknown,475,700,cremation
SsxCPT-MC1,182,U,Unknown,475,700,cremation
SsxCPT-MC1,183,U,Adult,475,700,inhumation
SsxCPT-MC1,184,U,0,475,700,inhumation
SsxCPT-MC1,176,U,Unknown,475,700,cremation
SsxCPT-MC1,99/b,U,Unknown,475,700,cremation
SsxCYT-BI1,1,U,19-20,450,700,inhumation
SsxCYT-MC1,31,U,Unknown,500,700,cremationS
SsxCYT-MC1,32,U,Unknown,500,700,cremationS
SsxCYT-MC1,33,U,Unknown,500,700,cremationS
SsxCYT-MC1,1,U,Unknown,500,700,cremationS
SsxCYT-MC1,2,U,Unknown,500,700,cremationS
SsxCYT-MC1,3,U,Unknown,500,700,cremationS
SsxCYT-MC1,4,U,Unknown,500,700,cremationS
SsxCYT-MC1,5,U,Unknown,500,700,cremationS
SsxCYT-MC1,6,U,Unknown,500,700,cremationS
SsxCYT-MC1,7,U,Unknown,500,700,cremationS
SsxCYT-MC1,8,U,Unknown,500,700,cremationS
SsxCYT-MC1,9,U,Unknown,500,700,cremationS
SsxCYT-MC1,10,U,Unknown,500,700,cremationS
SsxCYT-MC1,11,U,Unknown,500,700,cremationS
SsxCYT-MC1,12,U,Unknown,500,700,cremationS
SsxCYT-MC1,14,U,Unknown,450,600,inhumation
SsxCYT-MC1,15,U,Unknown,450,600,inhumation
SsxCYT-MC1,16,U,Unknown,500,700,cremationS
SsxCYT-MC1,17,U,Unknown,500,700,cremationS
SsxCYT-MC1,18,U,Unknown,500,700,cremationS
SsxCYT-MC1,19,U,Unknown,500,700,cremationS
SsxCYT-MC1,20,U,Unknown,500,700,cremationS
SsxCYT-MC1,21,U,Unknown,500,700,cremationS
SsxCYT-MC1,22,U,Unknown,500,700,cremationS
SsxCYT-MC1,23,U,Unknown,500,700,cremationS
SsxCYT-MC1,24,U,Unknown,500,700,cremationS
SsxCYT-MC1,25,U,Unknown,500,700,cremationS
SsxCYT-MC1,26,U,Unknown,500,700,cremationS
SsxCYT-MC1,27,U,Unknown,500,700,cremationS
SsxCYT-MC1,28,U,Unknown,500,700,cremationS
SsxCYT-MC1,29,U,Unknown,500,700,cremationS
SsxCYT-MC1,30,U,Unknown,500,700,cremationS
SsxCYT-MC1,13,U,Unknown,500,700,cremation
SsxDTG-BI1,1,M?,Adult,575,650,inhumation
SsxEAS-BC1,1,U,Unknown,450,700,cremation
SsxEAS-IC1,232,U,After pube,650,700,inhumation
SsxEAS-IC1,233,U,Unknown,650,700,inhumation
SsxEAS-IC1,207,F,30,650,700,inhumation
SsxEAS-IC1,208,U,Adult,650,700,inhumation
SsxEAS-IC1,209,U,Adult,650,700,inhumation
SsxEAS-IC1,210,U,Adult,650,700,inhumation
SsxEAS-IC1,211,U,Juvenile,650,700,inhumation
SsxEAS-IC1,212,M?,Adult,650,700,inhumation
SsxEAS-IC1,213,U,Inf/neonat,650,700,inhumation
SsxEAS-IC1,214,F,35,650,700,inhumation
SsxEAS-IC1,215,F,18-22,650,700,inhumation
SsxEAS-IC1,216,F,50+,650,700,inhumation
SsxEAS-IC1,217,u,under 1,650,700,inhumation
SsxEAS-IC1,218,M,30-35,650,700,inhumation
SsxEAS-IC1,219,M,Adult,650,700,inhumation
SsxEAS-IC1,220,u,7,650,700,inhumation
SsxEAS-IC1,221,F,20-22,650,700,inhumation
SsxEAS-IC1,222,F?,7-8,650,700,inhumation
SsxEAS-IC1,223,F,40-45,650,700,inhumation
SsxEAS-IC1,224,M,30-35,650,700,inhumation
SsxEAS-IC1,225,M?,6,650,700,inhumation
SsxEAS-IC1,1:100,U,Unknown,650,700,inhumation
SsxEAS-IC1,101:190,U,Unknown,650,700,inhumation
SsxEAS-IC1,191:198,U,Unknown,650,700,inhumation
SsxEAS-IC1,199:204,U,Unknown,650,700,inhumation
SsxEAS-IC1,205:206,U,Unknown,650,700,inhumation
SsxEAS-IC1,226,M,30,650,700,inhumation
SsxEAS-IC1,227/,M,20-25,650,700,inhumation
SsxEAS-IC1,227/a,F,20-25,650,700,inhumation
SsxEAS-IC1,227/b,u,6-7,650,700,inhumation
SsxEAS-IC1,228/,M,Adult,650,700,inhumation
SsxEAS-IC1,228/a,u,8,650,700,inhumation
SsxEAS-IC1,229,u,Adult,650,700,inhumation
SsxEAS-IC1,230,u,4,650,700,inhumation
SsxEAS-IC1,231,u,4,650,700,inhumation
SsxEAS-MC1,ST1,U,Unknown,500,600,inhumation
SsxEAS-MC1,ST2,U,Unknown,500,600,inhumation
SsxEAS-MC1,ST3,U,Unknown,500,600,inhumation
SsxEAS-MC1,ST4,U,Unknown,500,600,inhumation
SsxEAS-MC1,ST5,U,Unknown,500,600,inhumation
SsxEAS-MC1,ST6,U,Unknown,500,600,inhumation
SsxEAS-MC1,ST7,U,Unknown,500,600,inhumation
SsxEAS-MC1,ST8,U,Unknown,525,625,inhumation
SsxEAS-MC1,ST9,U,Unknown,500,600,inhumation
SsxEAS-MC1,ST10,U,Unknown,500,600,inhumation
SsxEAS-MC1,ST11,U,Unknown,500,600,inhumation
SsxEAS-MC1,ST12,U,Unknown,475,525,inhumation
SsxEAS-MC1,ST13,U,Unknown,500,600,inhumation
SsxEAS-MC1,ST14,U,Unknown,500,600,inhumation
SsxEAS-MC1,ST15,U,Unknown,450,525,inhumation
SsxEAS-MC1,ST16,U,Unknown,500,600,inhumation
SsxEAS-MC1,ST17,U,Unknown,475,550,inhumation
SsxEAS-MC1,ST18,U,Unknown,500,600,inhumation
SsxEAS-MC1,ST19,U,Unknown,500,600,inhumation
SsxEAS-MC1,ST20,U,Unknown,500,600,inhumation
SsxEAS-MC1,ST21,U,Unknown,500,600,inhumation
SsxEAS-MC1,ST22,U,Unknown,500,600,inhumation
SsxEAS-MC1,ST23,U,Unknown,500,600,inhumation
SsxEAS-MC1,ST24,U,Unknown,500,600,inhumation
SsxEAS-MC1,ST25,U,Unknown,500,600,inhumation
SsxEAS-MC1,ST26,U,Unknown,500,600,inhumation
SsxEAS-MC1,ST27,U,Unknown,500,600,inhumation
SsxEAS-MC1,ST28,U,Unknown,500,600,inhumation
SsxEAS-MC1,ST29,U,Unknown,500,600,cremation
SsxEAS-MC1,ST30,U,Unknown,500,600,cremation
SsxEAS-MC1,ST31,U,Unknown,500,600,cremation
SsxEAS-MC1,STOA,U,Unknown,500,600,inhumation
SsxEAS-MC1,266,F,30-45,450,600,inhumation
SsxEAS-MC1,114,U,Unknown,450,600,inhumation
SsxEAS-MC1,124,U,1-5,450,550,inhumation
SsxEAS-MC1,136,U,1-5,450,575,inhumation
SsxEAS-MC1,139,F?,30-45,500,600,inhumation
SsxEAS-MC1,142,M,18-45,500,550,inhumation
SsxEAS-MC1,145,U,18-45,450,600,inhumation
SsxEAS-MC1,150,F,30-45,450,600,inhumation
SsxEAS-MC1,153,F,18-29,450,600,inhumation
SsxEAS-MC1,156,M,30-45,450,600,inhumation
SsxEAS-MC1,189,F?,18-45,490,550,inhumation
SsxEAS-MC1,192,F?,30-45+,450,700,inhumation
SsxEAS-MC1,195,U,1-5,475,575,inhumation
SsxEAS-MC1,198,U,6-11,450,550,inhumation
SsxEAS-MC1,206,U,1-5,450,500,inhumation
SsxEAS-MC1,210,F,30-45,450,600,inhumation
SsxEAS-MC1,213,M,30-45+,450,600,inhumation
SsxEAS-MC1,232,M,18-29,450,550,inhumation
SsxEAS-MC1,235,M,18-29,450,600,inhumation
SsxEAS-MC1,238,U,45+,450,600,inhumation
SsxEAS-MC1,247,U,6-11,450,600,inhumation
SsxEAS-MC1,250/,U,6-11,450,600,inhumation
SsxEAS-MC1,250/a,U,6-11,450,600,inhumation
SsxEAS-MC1,254,M,18-29,475,700,inhumation
SsxEAS-MC1,257,F,18-45,450,600,inhumation
SsxEAS-MC1,260,U,6-11,500,650,inhumation
SsxEAS-MC1,263,F,30-45,450,500,inhumation
SsxEAS-MC1,2,M,18-29,450,600,inhumation
SsxEAS-MC1,4,U,18-45,450,600,inhumation
SsxEAS-MC1,6,F,30+,500,550,inhumation
SsxEAS-MC1,13,F?,45+,450,600,inhumation
SsxEAS-MC1,36,U,18-45+,450,700,inhumation
SsxEAS-MC1,38,U,18-45+,500,675,inhumation
SsxEAS-MC1,42,M,45+,500,600,inhumation
SsxEAS-MC1,45,F?,18-29,450,600,inhumation
SsxEAS-MC1,48,M,18-45,450,700,inhumation
SsxEAS-MC1,51,U,45+,450,600,inhumation
SsxEAS-MC1,63,F,18-29,450,600,inhumation
SsxEAS-MC1,66,U,18-29,450,525,inhumation
SsxEAS-MC1,69,M?,45+,600,725,inhumation
SsxEAS-MC1,74,U,1-5,450,600,inhumation
SsxEAS-MC1,77,U,18-45+,450,600,inhumation
SsxEAS-MC1,80,U,1-5,450,600,inhumation
SsxEAS-MC1,83,U,18-45,450,600,inhumation
SsxEAS-MC1,86/,M,18-45,575,750,inhumation
SsxEAS-MC1,86/a,M,18-45+,575,750,inhumation
SsxEAS-MC1,94,F,30-45+,450,600,inhumation
SsxEAS-MC1,97,M,30-45,450,600,inhumation
SsxEAS-MC1,110,M,30-45,450,550,inhumation
SsxEAS-MC1,269,F,30-45,450,600,inhumation
SsxEAS-MC1,272,U,18-45+,450,600,inhumation
SsxEAS-MC1,275,U,18-45+,600,725,inhumation
SsxEAS-MC1,278,U,6-11,450,600,inhumation
SsxEAS-MC1,293,M,30-45+,600,725,inhumation
SsxEAS-MC1,308,M,18-29,450,600,inhumation
SsxEAS-MC1,311,F,18-45,450,600,inhumation
SsxEAS-MC1,314,M,18-29,600,725,inhumation
SsxEAS-MC1,317,U,1-5,450,600,inhumation
SsxEAS-MC1,321,F,30-45+,450,600,inhumation
SsxEAS-MC1,324,M,18-45,450,700,inhumation
SsxEAS-MC1,327,F,30-45,475,700,inhumation
SsxEAS-MC1,330,F,18-45,450,600,inhumation
SsxEAS-MC1,333,M,30-45,450,600,inhumation
SsxEAS-MC1,336,F,30-45,450,600,inhumation
SsxEAS-MC1,340,U,1-5,450,600,inhumation
SsxEAS-MC1,344,U,1-5,450,600,inhumation
SsxEAS-MC1,345,M,30-45,450,600,inhumation
SsxEAS-MC1,348,F?,30-45+,450,700,inhumation
SsxEAS-MC1,351,U,12-17,475,650,inhumation
SsxEAS-MC1,354,U,18-45+,500,600,inhumation
SsxEAS-MC1,357,U,1-11,475,650,inhumation
SsxEAS-MC1,360,U,18-45+,450,700,inhumation
SsxEAS-MC1,374,F,30-45,450,600,inhumation
SsxEAS-MC1,377,F?,18-45+,475,700,inhumation
SsxEAS-MC1,380,U,12-17,425,500,inhumation
SsxEAS-MC1,383,U,1-5,450,600,inhumation
SsxEAS-MC1,388,U,12-17,450,600,inhumation
SsxEAS-MC1,391,U,6-11,450,600,inhumation
SsxEAS-MC1,394,M,18-45+,450,600,inhumation
SsxEAS-MC1,401,M,30-45+,600,700,inhumation
SsxEAS-MC1,404,M?,45+,450,600,inhumation
SsxEAS-MC1,443,M,18-29,600,725,inhumation
SsxEAS-MC1,446,F,45+,525,575,inhumation
SsxEAS-MC1,449,U,1-5,450,600,inhumation
SsxEAS-MC1,452,M,18-29,525,650,inhumation
SsxEAS-MC1,462,U,18-45+,500,650,inhumation
SsxEAS-MC1,472,M,18-29,450,700,inhumation
SsxEAS-MC1,475,U,18-45+,450,600,inhumation
SsxEAS-MC1,478,U,6-11,450,600,inhumation
SsxEAS-MC1,487,M,45+,450,600,inhumation
SsxEAS-MC1,490,U,1-5,425,500,inhumation
SsxEAS-MC1,493,U,1-5,450,600,inhumation
SsxEAS-MC1,496,U,1-5,450,600,inhumation
SsxEAS-MC1,499,U,Unknown,450,600,inhumation
SsxEAS-MC1,562,M,30-45+,475,750,inhumation
SsxEAS-MC1,579,F,30-45+,475,600,inhumation
SsxEAS-MC1,584,U,1-5,450,550,inhumation
SsxEAS-MC1,587,M,18-29,475,700,inhumation
SsxEAS-MC1,590,M,30-45,450,600,inhumation
SsxEAS-MC1,593,F,30-45+,575,725,inhumation
SsxEAS-MC1,596/,M?,30-45,450,675,inhumation
SsxEAS-MC1,596/a,U,18-45,450,675,inhumation
SsxEAS-MC1,602,U,12-17,600,725,inhumation
SsxEAS-MC1,613,F,18-45+,450,600,inhumation
SsxEAS-MC1,616,M,30-45,600,725,inhumation
SsxEAS-MC1,630,F?,30-45+,500,550,inhumation
SsxEAS-MC1,633,U,18-45+,600,700,inhumation
SsxEAS-MC1,636,U,12-45+,490,550,inhumation
SsxEAS-MC1,639,F,30-45,450,650,inhumation
SsxEAS-MC1,643,M,30-45,450,700,inhumation
SsxEAS-MC1,646,U,1-5,475,700,inhumation
SsxEAS-MC1,649,F?,18-45+,450,500,inhumation
SsxEAS-MC1,652,U,18-45+,475,700,inhumation
SsxEAS-MC1,655,F,18-29,500,550,inhumation
SsxEAS-MC1,658,M,18-29,450,550,inhumation
SsxEAS-MC1,661,U,18-45,450,550,inhumation
SsxEAS-MC1,671,U,Unknown,450,700,inhumation
SsxEAS-MC1,674,U,12-17,450,600,inhumation
SsxEAS-MC1,680,M,18-45,450,550,inhumation
SsxEAS-MC1,692,U,6-11,450,600,inhumation
SsxEAS-MC1,698,M?,30-45,575,700,inhumation
SsxEAS-MC1,707,U,6-11,450,600,inhumation
SsxEAS-MC1,710,F?,18-45,450,600,inhumation
SsxEAS-MC1,718,M,30-45,475,700,inhumation
SsxEAS-MC1,721,U,1-5,450,600,inhumation
SsxEAS-MC1,731,U,18-45,450,600,inhumation
SsxEAS-MC1,734,M?,18-29,450,600,inhumation
SsxEAS-MC1,743,U,18-45,450,600,inhumation
SsxEAS-MC1,746,M,18-29,450,600,inhumation
SsxEAS-MC1,749,F,18-29,450,600,inhumation
SsxEAS-MC1,752,M?,30-45,475,525,inhumation
SsxEAS-MC1,755,M,30-45,475,625,inhumation
SsxEAS-MC1,764,F,18-29,475,700,inhumation
SsxEAS-MC1,767,M,30-45,575,725,inhumation
SsxEAS-MC1,772,U,12-17,600,725,inhumation
SsxEAS-MC1,776,M,18-29,450,550,inhumation
SsxEAS-MC1,779,F,30-45,450,550,inhumation
SsxEAS-MC1,782,M,18-29,450,525,inhumation
SsxEAS-MC1,786,F,45+,475,525,inhumation
SsxEAS-MC1,789,U,18-45+,450,675,inhumation
SsxEAS-MC1,792,M,18-45,450,600,inhumation
SsxEAS-MC1,795,M?,18-29,450,550,inhumation
SsxEAS-MC1,798,M,45+,600,700,inhumation
SsxEAS-MC1,803,F?,18-29,450,600,inhumation
SsxEAS-MC1,808,M?,30-45,490,550,inhumation
SsxEAS-MC1,811,M,18-29,475,525,inhumation
SsxEAS-MC1,814,M,18-29,450,600,inhumation
SsxEAS-MC1,817,M,18-29,450,600,inhumation
SsxEAS-MC1,820,M,18-29,575,650,inhumation
SsxEAS-MC1,825,U,18-45+,475,600,inhumation
SsxEAS-MC1,828,U,1-5,450,600,inhumation
SsxEAS-MC1,831,M,18-45,475,525,inhumation
SsxEAS-MC1,834,U,12-17,475,600,inhumation
SsxEAS-MC1,837,U,18-29,450,600,inhumation
SsxEAS-MC1,840,U,6-11,450,600,inhumation
SsxEAS-MC1,843,F,18-29,575,700,inhumation
SsxEAS-MC1,850,F,45+,490,550,inhumation
SsxEAS-MC1,882,U,Unknown,450,600,inhumation
SsxEAS-MC1,885,U,Unknown,450,600,inhumation
SsxEAS-MC1,886,U,Unknown,450,600,inhumation
SsxEAS-MC1,1001,U,18-45+,450,600,inhumation
SsxEAS-MC1,1002,U,1-45+,450,600,inhumation
SsxEAS-MC1,1004,U,6-11,450,700,inhumation
SsxEAS-MC1,1008,U,Unknown,475,600,inhumation
SsxEAS-MC1,1010,U,18-45+,475,600,inhumation
SsxEAS-MC1,1012,U,Unknown,450,550,inhumation
SsxEAS-MC1,1016,U,Unknown,500,550,inhumation
SsxEAS-MC1,1018/,M,18-29,450,550,inhumation
SsxEAS-MC1,1018/a,U,6-11,450,550,inhumation
SsxEAS-MC1,1020,U,18-45+,450,600,inhumation
SsxEAS-MC1,1022,M,30-45+,450,600,inhumation
SsxEAS-MC1,1024,U,12-45+,450,600,inhumation
SsxEAS-MC1,1026,U,1-45+,450,600,inhumation
SsxEAS-MC1,1028/,U,12-17,450,600,inhumation
SsxEAS-MC1,1028/a,M?,18-45,450,600,inhumation
SsxEAS-MC1,1030,M,30-45,625,725,inhumation
SsxEAS-MC1,1032,U,12-45+,500,550,inhumation
SsxEAS-MC1,1034,U,12-45+,450,700,inhumation
SsxEAS-MC1,1036,M,30-45+,450,700,inhumation
SsxEAS-MC1,1038,U,12-17,450,600,inhumation
SsxEAS-MC1,1044,U,18-45+,450,600,inhumation
SsxEAS-MC1,1046,U,18-29,450,600,inhumation
SsxEAS-MC1,1048,M,18-29,450,600,inhumation
SsxEAS-MC1,1050,M,18-29,575,700,inhumation
SsxEAS-MC1,1052,M,18-29,450,600,inhumation
SsxEAS-MC1,1056,M,18-29,450,600,inhumation
SsxEAS-MC1,1058,U,Unknown,450,600,inhumation
SsxEAS-MC1,1060/,M,30-45,450,600,inhumation
SsxEAS-MC1,1060/a,M?,18-29,450,600,inhumation
SsxEAS-MC1,1062,M,18-45,450,600,inhumation
SsxEAS-MC1,1066,M,18-29,575,700,inhumation
SsxEAS-MC1,1068,M?,18-45+,450,600,inhumation
SsxEAS-MC1,1070,F?,30-45,450,600,inhumation
SsxEAS-MC1,1072/,F,18-29,500,700,inhumation
SsxEAS-MC1,1072/a,U,18-45+,500,700,inhumation
SsxEAS-MC1,1074,M,18-29,450,600,inhumation
SsxEAS-MC1,1076,M,30-45,450,600,inhumation
SsxEAS-MC1,559,F?,30-45,450,600,cremation
SsxEAS-MC1,627/,U,8-15,450,550,cremation
SsxEAS-MC1,627/a,U,.5-3,450,550,cremation
SsxEAS-MC1,666,U,18-22,450,600,cremation
SsxEAS-MC1,677,U,Unknown,450,600,cremation
SsxEAS-MC1,685,M,30-50,450,600,cremation
SsxEAS-MC1,686,M,35-45,450,500,cremation
SsxEAS-MC1,689,F?,18-40,450,600,cremation
SsxEAS-MC1,695,U,Unknown,450,600,cremation
SsxEAS-MC1,701,U,5-8,450,600,cremation
SsxEAS-MC1,704,U,Unknown,450,600,cremation
SsxEAS-MC1,724,U,Unknown,450,600,cremation
SsxEAS-MC1,762,U,6-7,475,600,cremation
SsxEAS-MC1,801,F?,40+,450,600,cremation
SsxEAS-MC1,823,U,Unknown,450,600,cremation
SsxEAS-MC1,853,U,Unknown,450,600,cremation
SsxEAS-MC1,881,M?,18+,450,600,cremation
SsxEAS-MC1,1877 OA,NA,Unknown,450,600,inhumations
SsxEAS-MC1,MG,U,Unknown,450,600,inhumation
SsxEAS-MC1,1926/,U,Unknown,450,600,inhumation
SsxEAS-MC1,1926/a,U,Unknown,450,600,inhumation
SsxEAS-MC1,1929,U,Unknown,450,600,inhumation
SsxEAS-MC1,1960,U,Unknown,450,600,inhumation
SsxEAS-MC1,1973,U,Unknown,450,600,inhumation
SsxEAS-MC1,1006,U,0-1,625,700,inhumation
SsxEAS-MC1,642,U,Unknown,450,700,inhumation
SsxEDF-BC1,1,U,Unknown,450,800,cremation
SsxEDF-BI1,1,M?,Adult,-1000,900,inhumation
SsxESD-BI1,1,M,40,450,700,inhumation
SsxFAL-BI1,1,M,25,450,800,inhumation
SsxFAL-BI2,1,U,Unknown,450,800,inhumation
SsxFAL-IC1,7,M,Adult,200,750,inhumation
SsxFAL-IC1,15,U,Unknown,200,750,inhumation
SsxFAL-IC1,19,U,8,200,750,inhumation
SsxFAL-IC1,20,U,Unknown,200,750,inhumation
SsxFAL-IC1,21,U,Unknown,200,750,inhumation
SsxFAL-IC1,22,U,Adult,200,750,inhumation
SsxFAL-IC1,23,M,17-25,200,750,inhumation
SsxFRG-MC1,90,U,Unknown,450,600,inhumation
SsxFRG-MC1,91,U,Unknown,450,600,inhumation
SsxFRG-MC1,92,U,Unknown,450,600,inhumation
SsxFRG-MC1,93,U,Unknown,450,600,inhumation
SsxFRG-MC1,94,U,Unknown,450,600,inhumation
SsxFRG-MC1,95,U,Unknown,450,600,inhumation
SsxFRG-MC1,96,U,Unknown,450,600,inhumation
SsxFRG-MC1,97,U,Unknown,450,600,inhumation
SsxFRG-MC1,98,U,Unknown,450,600,inhumation
SsxFRG-MC1,99,U,Unknown,450,600,inhumation
SsxFRG-MC1,100,U,Unknown,450,600,inhumation
SsxFRG-MC1,101,U,Unknown,450,600,inhumation
SsxFRG-MC1,102,U,Unknown,450,600,inhumation
SsxFRG-MC1,103,U,Unknown,450,600,inhumation
SsxFRG-MC1,104,U,Unknown,450,600,inhumation
SsxFRG-MC1,105,U,Unknown,450,600,inhumation
SsxFRG-MC1,106,U,Unknown,450,600,inhumation
SsxFRG-MC1,107,U,Unknown,450,600,inhumation
SsxFRG-MC1,108,U,Unknown,450,600,inhumation
SsxFRG-MC1,109,U,Unknown,450,600,inhumation
SsxFRG-MC1,110,U,Unknown,450,600,inhumation
SsxFRG-MC1,111,U,Unknown,450,600,inhumation
SsxFRG-MC1,112,U,Unknown,450,600,inhumation
SsxFRG-MC1,113,U,Unknown,450,600,inhumation
SsxFRG-MC1,114,U,Unknown,450,600,inhumation
SsxFRG-MC1,115,U,Unknown,450,600,inhumation
SsxFRG-MC1,116,U,Unknown,450,600,inhumation
SsxFRG-MC1,117,U,Unknown,450,600,inhumation
SsxFRG-MC1,118,U,Unknown,450,600,inhumation
SsxFRG-MC1,119,U,Unknown,450,600,inhumation
SsxFRG-MC1,120,U,Unknown,450,600,inhumation
SsxFRG-MC1,121,U,Unknown,450,600,inhumation
SsxFRG-MC1,122,U,Unknown,450,600,inhumation
SsxFRG-MC1,123,U,Unknown,450,600,inhumation
SsxFRG-MC1,124,U,Unknown,450,600,inhumation
SsxFRG-MC1,125,U,Unknown,450,600,inhumation
SsxFRG-MC1,126,U,Unknown,450,600,inhumation
SsxFRG-MC1,127,U,Unknown,450,600,inhumation
SsxFRG-MC1,128,U,Unknown,450,600,inhumation
SsxFRG-MC1,129,U,Unknown,450,600,inhumation
SsxFRG-MC1,130,U,Unknown,450,600,inhumation
SsxFRG-MC1,131,U,Unknown,450,600,inhumation
SsxFRG-MC1,132,U,Unknown,450,600,inhumation
SsxFRG-MC1,133,U,Unknown,450,600,inhumation
SsxFRG-MC1,134,U,Unknown,450,600,inhumation
SsxFRG-MC1,135,U,Unknown,450,600,inhumation
SsxFRG-MC1,136,U,Unknown,450,600,inhumation
SsxFRG-MC1,137,U,Unknown,450,600,inhumation
SsxFRG-MC1,138,U,Unknown,450,600,inhumation
SsxFRG-MC1,168,U,Unknown,450,600,inhumation
SsxFRG-MC1,169,U,Unknown,450,600,inhumation
SsxFRG-MC1,170,U,Unknown,450,600,inhumation
SsxFRG-MC1,143,U,Unknown,450,600,cremation
SsxFRG-MC1,144,U,Unknown,450,600,cremation
SsxFRG-MC1,145,U,Unknown,450,600,cremations
SsxFRG-MC1,146,U,Unknown,450,600,cremations
SsxFRG-MC1,147,U,Unknown,450,600,cremations
SsxFRG-MC1,148,U,Unknown,450,600,cremations
SsxFRG-MC1,149,U,Unknown,450,600,cremations
SsxFRG-MC1,150,U,Unknown,450,600,cremations
SsxFRG-MC1,151,U,Unknown,450,600,cremations
SsxFRG-MC1,152,U,Unknown,450,600,cremations
SsxFRG-MC1,153,U,Unknown,450,600,cremations
SsxFRG-MC1,154,U,Unknown,450,600,cremations
SsxFRG-MC1,155,U,Unknown,450,600,cremations
SsxFRG-MC1,156,U,Unknown,450,600,cremations
SsxFRG-MC1,157,U,Unknown,450,600,cremations
SsxFRG-MC1,158,U,Unknown,450,600,cremations
SsxFRG-MC1,159,U,Unknown,450,600,cremations
SsxFRG-MC1,160,U,Unknown,450,600,cremations
SsxFRG-MC1,161,U,Unknown,450,600,cremations
SsxFRG-MC1,162,U,Unknown,450,600,cremations
SsxFRG-MC1,163,U,Unknown,450,600,cremations
SsxFRG-MC1,1,U,Unknown,450,600,inhumation
SsxFRG-MC1,2,U,Unknown,500,550,inhumation
SsxFRG-MC1,3,U,Unknown,450,600,inhumation
SsxFRG-MC1,4,U,Unknown,450,550,inhumation
SsxFRG-MC1,5,U,Unknown,450,550,inhumation
SsxFRG-MC1,6,U,Unknown,500,550,inhumation
SsxFRG-MC1,7,U,Unknown,450,500,inhumation
SsxFRG-MC1,8,U,Unknown,450,525,inhumation
SsxFRG-MC1,9,U,Unknown,450,525,inhumation
SsxFRG-MC1,10,U,Unknown,450,550,inhumation
SsxFRG-MC1,11,U,Unknown,450,600,inhumation
SsxFRG-MC1,12,U,Unknown,475,525,inhumation
SsxFRG-MC1,13,U,Unknown,450,600,inhumation
SsxFRG-MC1,14,U,Unknown,450,525,inhumation
SsxFRG-MC1,15,U,Unknown,450,550,inhumation
SsxFRG-MC1,16,U,Unknown,450,550,inhumation
SsxFRG-MC1,17,U,Child,450,550,inhumation
SsxFRG-MC1,18,U,Unknown,450,600,inhumation
SsxFRG-MC1,19,U,Unknown,500,550,inhumation
SsxFRG-MC1,20,U,Unknown,450,600,inhumation
SsxFRG-MC1,21,U,Unknown,450,525,inhumation
SsxFRG-MC1,22,U,Unknown,450,500,inhumation
SsxFRG-MC1,23,U,Unknown,450,600,inhumation
SsxFRG-MC1,24,U,Unknown,450,500,inhumation
SsxFRG-MC1,25,U,Child,450,600,inhumation
SsxFRG-MC1,26,U,Unknown,475,525,inhumation
SsxFRG-MC1,27,U,Unknown,450,525,inhumation
SsxFRG-MC1,28,U,Unknown,450,600,inhumation
SsxFRG-MC1,29,U,Unknown,450,500,inhumation
SsxFRG-MC1,30,U,Unknown,400,500,inhumation
SsxFRG-MC1,31,U,Unknown,475,525,inhumation
SsxFRG-MC1,32,U,Unknown,375,450,inhumation
SsxFRG-MC1,33,U,Unknown,425,500,inhumation
SsxFRG-MC1,34,U,Unknown,450,525,inhumation
SsxFRG-MC1,35,U,Unknown,450,600,inhumation
SsxFRG-MC1,36,U,Unknown,450,500,inhumation
SsxFRG-MC1,37,U,Unknown,450,600,inhumation
SsxFRG-MC1,38,U,Unknown,450,600,inhumation
SsxFRG-MC1,39,U,Unknown,500,550,inhumation
SsxFRG-MC1,40,U,Unknown,450,550,inhumation
SsxFRG-MC1,41,U,Unknown,450,550,inhumation
SsxFRG-MC1,42,U,Unknown,450,600,inhumation
SsxFRG-MC1,43,U,Unknown,450,600,inhumation
SsxFRG-MC1,44,U,Unknown,450,600,inhumation
SsxFRG-MC1,45,U,Unknown,450,600,inhumation
SsxFRG-MC1,46,U,Unknown,450,600,inhumation
SsxFRG-MC1,47,U,Unknown,400,500,inhumation
SsxFRG-MC1,48,U,Child,450,600,inhumation
SsxFRG-MC1,49,U,Unknown,400,500,inhumation
SsxFRG-MC1,50,U,Unknown,475,525,inhumation
SsxFRG-MC1,51,U,Unknown,450,600,inhumation
SsxFRG-MC1,52/,U,Adult,450,600,inhumation
SsxFRG-MC1,52/a,U,Unknown,450,600,inhumation
SsxFRG-MC1,53,U,Unknown,400,500,inhumation
SsxFRG-MC1,54,U,Unknown,450,600,inhumation
SsxFRG-MC1,55,U,Old,450,600,inhumation
SsxFRG-MC1,56,U,Unknown,450,600,inhumation
SsxFRG-MC1,57,U,Unknown,450,600,inhumation
SsxFRG-MC1,58,U,Child,450,525,inhumation
SsxFRG-MC1,59,U,Unknown,450,600,inhumation
SsxFRG-MC1,60,U,Unknown,450,525,inhumation
SsxFRG-MC1,61,U,Child,450,600,inhumation
SsxFRG-MC1,62,U,Unknown,500,550,inhumation
SsxFRG-MC1,63,U,Unknown,450,600,inhumation
SsxFRG-MC1,64,U,Unknown,450,600,inhumation
SsxFRG-MC1,65,U,Unknown,450,600,inhumation
SsxFRG-MC1,66,U,Unknown,450,600,inhumation
SsxFRG-MC1,67,U,Unknown,450,600,inhumation
SsxFRG-MC1,68,U,Unknown,450,600,inhumation
SsxFRG-MC1,69,U,Child,450,600,inhumation
SsxFRG-MC1,70,U,Unknown,450,600,inhumation
SsxFRG-MC1,71,U,Unknown,450,600,inhumation
SsxFRG-MC1,72,U,Unknown,450,600,inhumation
SsxFRG-MC1,73,U,Child,500,550,inhumation
SsxFRG-MC1,74,U,Unknown,475,550,inhumation
SsxFRG-MC1,75,U,Unknown,450,600,inhumation
SsxFRG-MC1,76,U,Unknown,450,600,inhumation
SsxFRG-MC1,77,U,Unknown,450,600,inhumation
SsxFRG-MC1,78,U,Unknown,450,600,inhumation
SsxFRG-MC1,79,U,Unknown,400,500,inhumation
SsxFRG-MC1,80,U,Unknown,450,525,inhumation
SsxFRG-MC1,81,U,Unknown,450,600,inhumation
SsxFRG-MC1,82,U,Unknown,350,500,inhumation
SsxFRG-MC1,83,U,Unknown,450,600,inhumation
SsxFRG-MC1,84,U,Unknown,450,600,inhumation
SsxFRG-MC1,85,U,Unknown,450,550,inhumation
SsxFRG-MC1,86,U,Unknown,450,600,inhumation
SsxFRG-MC1,87,U,Unknown,450,600,inhumation
SsxFRG-MC1,88,U,Unknown,450,600,inhumation
SsxFRG-MC1,89,U,Unknown,450,600,inhumation
SsxFRG-MC1,139,U,Unknown,450,600,cremation
SsxFRG-MC1,140,U,Unknown,450,600,inhumation
SsxFRG-MC1,C141,U,Unknown,450,600,cremation
SsxFRG-MC1,142,U,Unknown,450,600,cremations
SsxFRG-MC1,164,U,Unknown,450,600,inhumation
SsxFRG-MC1,165,U,Unknown,450,600,inhumation
SsxFRG-MC1,166,U,Child,450,600,inhumation
SsxFRG-MC1,167,U,Unknown,450,600,inhumation
SsxFRG-MC1,171,U,Unknown,450,600,cremation
SsxFRG-MC1,172,U,Unknown,450,600,cremation
SsxFRG-MC1,173,U,Unknown,450,600,cremation
SsxFRG-MC1,174,U,Unknown,450,600,cremation
SsxFRG-MC1,175,U,Unknown,450,600,cremation
SsxFRG-MC1,176,U,Unknown,450,600,inhumation
SsxFRG-MC1,177,U,Unknown,450,600,inhumation
SsxFRG-MC1,178,U,Unknown,350,500,inhumation
SsxFRG-MC1,179,U,0-1,450,600,inhumation
SsxFRG-MC1,180,U,Unknown,450,600,cremation
SsxFRG-MC1,181,U,Unknown,450,600,cremation
SsxFRG-MC1,182,U,30-40,450,600,inhumation
SsxFRG-MC1,183,U,30-40,450,600,inhumation
SsxFRG-MC1,184,U,Unknown,450,600,inhumation
SsxFRG-MC1,185,U,Unknown,450,600,inhumation
SsxFRG-MC1,186,U,Unknown,450,550,inhumation
SsxFRG-MC1,187,U,Adult,490,575,inhumation
SsxFRG-MC1,188,U,Unknown,525,550,inhumation
SsxFRG-MC1,189,U,Unknown,450,600,inhumation
SsxFRG-MC1,190,F?,Unknown,450,600,inhumation
SsxFRG-MC1,191,U,Unknown,450,600,inhumation
SsxFRG-MC1,192,U,Unknown,450,600,inhumation
SsxFRG-MC1,193,U,Unknown,450,600,inhumation
SsxFRG-MC1,194,U,Unknown,450,600,inhumation
SsxFRG-MC1,195,U,Unknown,450,600,inhumation
SsxFRG-MC1,196,U,Unknown,450,600,inhumation
SsxFRG-MC1,197,U,Unknown,450,600,inhumation
SsxFRG-MC1,198,U,Unknown,450,550,inhumation
SsxFRL-IC1,1,M,35-40,600,700,inhumation
SsxFRL-IC1,2,U,Unknown,600,700,inhumation
SsxFRL-IC1,3,U,Unknown,600,700,inhumation
SsxFRL-IC1,4,U,Unknown,600,700,inhumation
SsxFRL-IC1,5,U,Unknown,600,700,inhumation
SsxFRL-IC1,6,U,Unknown,600,700,inhumation
SsxFRL-IC1,7,U,Unknown,600,700,inhumation
SsxFRL-IC1,8,U,Unknown,600,700,inhumation
SsxFRL-IC1,9,U,Unknown,600,700,inhumation
SsxFRL-IC1,10,U,Unknown,600,700,inhumation
SsxFRL-IC1,11,U,Unknown,600,700,inhumation
SsxFRL-IC1,12,U,Unknown,600,700,inhumation
SsxFTG-CC1,barrow 3,U,Adult,450,650,cremation
SsxFTG-CC1,barrow 4,U,Unknown,450,650,cremation
SsxGLY-IC1,1,U,Unknown,600,700,inhumation
SsxGLY-IC1,2,U,Unknown,600,700,inhumation
SsxGLY-IC1,3,U,Unknown,600,700,inhumation
SsxGLY-IC1,4,U,Unknown,600,700,inhumation
SsxGLY-IC1,5,U,Unknown,600,700,inhumation
SsxGLY-IC1,6,U,Unknown,600,700,inhumation
SsxGLY-IC1,7,U,Unknown,600,700,inhumation
SsxGLY-IC1,8,U,Unknown,600,700,inhumation
SsxHSY-IC1,1,F,Unknown,43,700,inhumation
SsxHSY-IC1,2,F,Unknown,43,700,inhumation
SsxHSY-IC1,3/,U,Unknown,43,700,inhumation
SsxHSY-IC1,4,U,Unknown,43,700,inhumation
SsxHSY-IC1,5,U,Unknown,43,700,inhumation
SsxHVE-BI1,1,U,Unknown,520,600,inhumation
SsxHVE-IC1,1,U,Unknown,490,600,inhumation
SsxHVE-IC1,2,U,Unknown,490,600,inhumation
SsxHVE-IC1,3,U,Unknown,490,600,inhumation
SsxHVE-IC1,4,U,Unknown,490,600,inhumation
SsxHVE-IC1,5,U,Unknown,490,600,inhumation
SsxHVE-IC1,6,U,Unknown,490,600,inhumation
SsxHVE-IC1,7,F?,30-40,490,600,inhumation
SsxHVE-IC1,8,M?,60+,490,600,inhumation
SsxHVE-IC1,9,M,Mature ad,490,600,inhumation
SsxHVE-IC2,1,U,Unknown,43,700,inhumation
SsxHVE-IC2,2,U,Unknown,43,700,inhumation
SsxHVE-IC2,3,U,Unknown,43,700,inhumation
SsxHVE-IC2,4,U,Unknown,43,700,inhumation
SsxHVE-IC2,5,U,Unknown,43,700,inhumation
SsxHVE-IC2,6,U,Unknown,43,700,inhumation
SsxHVE-IC2,7,U,Unknown,43,700,inhumation
SsxKNL-IC2,1,U,Unknown,490,630,inhumation
SsxKNL-IC2,2,U,Unknown,490,630,inhumation
SsxKNL-IC2,3,U,Unknown,490,630,inhumation
SsxKNL-IC2,4,U,Unknown,490,630,inhumation
SsxKNL-IC2,5,U,Unknown,490,630,inhumation
SsxKNL-IC2,6,U,Unknown,490,630,inhumation
SsxKNL-IC2,7,U,Unknown,490,630,inhumation
SsxKNL-IC2,8,U,Unknown,490,630,inhumation
SsxKNL-IC2,9,U,Unknown,490,630,inhumation
SsxKNL-IC2,10,U,Unknown,490,630,inhumation
SsxKNL-IC2,11,U,Unknown,500,575,inhumation
SsxKNL-IC2,12,U,Unknown,490,630,inhumation
SsxKNL-IC2,13,U,Unknown,490,550,inhumation
SsxKNL-IC2,14,U,Unknown,490,630,inhumation
SsxKNL-IC2,15,U,Unknown,500,600,inhumation
SsxKNL-IC2,16,U,Unknown,490,630,inhumation
SsxKNL-IC2,17,U,Unknown,490,630,inhumation
SsxKNL-IC2,18,U,Unknown,490,630,inhumation
SsxKNL-IC2,19,U,Unknown,490,600,inhumation
SsxKNL-IC2,20,U,Unknown,490,550,inhumation
SsxKNL-IC2,21,U,Unknown,490,630,inhumation
SsxKNL-IC2,22,U,Unknown,490,630,inhumation
SsxKNL-IC2,23,U,Unknown,490,550,inhumation
SsxKNL-IC2,24,U,Unknown,490,600,inhumation
SsxKNL-IC2,25,U,Unknown,490,630,inhumation
SsxKNL-IC2,26,U,Unknown,490,630,inhumation
SsxKNL-IC2,27,U,Unknown,490,630,inhumation
SsxKNL-IC2,28,U,Unknown,490,630,inhumation
SsxKNL-IC2,29,U,Unknown,490,550,inhumation
SsxKNL-IC2,30,U,Unknown,490,630,inhumation
SsxKNL-IC2,31,U,Unknown,490,630,inhumation
SsxKNL-IC2,33,U,Unknown,570,630,inhumation
SsxKNL-IC2,32,U,Unknown,490,630,inhumation
SsxKYM-IC1,1,U,Unknown,480,550,inhumation
SsxKYM-IC1,B1,M,Yng adult,480,550,inhumation
SsxKYM-IC1,B2,F,Yng adult,480,550,inhumation
SsxKYM-IC1,B3,M,Mature ad,480,550,inhumation
SsxKYM-IC1,B4,F?,Mature ad,480,550,inhumation
SsxLCG-IC1,2,U,Unknown,450,600,inhumation
SsxLCG-IC1,3,U,Unknown,450,600,inhumation
SsxLCG-IC1,4,U,Unknown,450,600,inhumation
SsxLCG-IC1,5,U,Unknown,450,600,inhumation
SsxLCG-IC1,6,U,Unknown,450,600,inhumation
SsxLCG-IC1,1,U,Unknown,450,600,inhumation
SsxLCG-IC1,7,U,Unknown,450,600,inhumation
SsxLWS-BI2,1,U,Unknown,450,700,inhumation
SsxLWS-BI5,1,F,Unknown,500,600,inhumation
SsxMDN-IC1,1,U,Unknown,450,600,inhumation
SsxMDN-IC1,2,U,Unknown,450,600,inhumation
SsxMOS-BI1,1,U,Unknown,640,990,inhumation
SsxNWT-MC1,1,U,Unknown,500,700,inhumation
SsxNWT-MC1,C1,U,Unknown,600,700,cremation
SsxNWT-MC1,C2,U,Unknown,500,700,cremation
SsxNWT-MC1,C3,U,Unknown,500,700,cremation
SsxPGH-BC1,1,U,Unknown,450,650,cremation
SsxPTC-BI1,1,U,Unknown,450,790,inhumation
SsxPTC-BI2,1,U,Unknown,450,700,inhumation
SsxPTC-BI3,1,U,Unknown,450,700,inhumation
SsxPTC-BI4,1,U,Unknown,575,650,inhumation
SsxPTC-BI5,1,U,Unknown,450,700,inhumation
SsxPTC-BI5,2,U,Unknown,450,700,inhumation
SsxPTC-BI5,3,U,Unknown,450,700,inhumation
SsxPTC-IC1,4,U,Unknown,450,700,inhumationS
SsxPTC-IC1,5,U,Unknown,450,700,inhumationS
SsxPTC-IC1,6,U,Unknown,450,700,inhumationS
SsxPTC-IC1,7,U,Unknown,450,700,inhumationS
SsxPTC-IC1,8,U,Unknown,450,700,inhumationS
SsxPTC-IC1,1,U,Unknown,450,700,inhumation
SsxPTC-IC1,2,U,20,575,650,inhumation
SsxPTC-IC1,3,U,Unknown,450,700,inhumationS
SsxPTC-IC2,2,U,Unknown,450,700,inhumation
SsxPTC-IC2,3,U,Unknown,450,700,inhumation
SsxPTC-IC2,4,U,Unknown,450,700,inhumation
SsxPTC-IC2,5,U,Unknown,450,700,inhumation
SsxPTC-IC2,6,U,Unknown,450,700,inhumation
SsxPTC-IC2,1,U,Unknown,450,700,inhumation
SsxPTC-IC3,2,U,Unknown,450,700,inhumation
SsxPTC-IC3,3,U,Unknown,450,700,inhumation
SsxPTC-IC3,4,U,Unknown,450,700,inhumation
SsxPTC-IC3,5,U,Unknown,450,700,inhumation
SsxPTC-IC3,1,U,Unknown,450,700,inhumation
SsxPYC-IC1,1,U,Unknown,450,700,inhumation
SsxPYC-IC1,2,U,Unknown,450,700,inhumation
SsxPYC-IC1,3,U,Unknown,450,700,inhumation
SsxPYN-BI1,1,M,20,450,700,inhumation
SsxRDM-BI1,1,U,Unknown,450,700,inhumation
SsxRGM-MC1,1,U,Unknown,500,600,inhumation
SsxRGM-MC1,2,U,Unknown,500,600,inhumation
SsxRGM-MC1,3,U,Unknown,500,600,inhumation
SsxRGM-MC1,4,U,Unknown,500,600,inhumation
SsxRGM-MC1,5,U,Unknown,500,600,inhumation
SsxRGM-MC1,6,U,Unknown,500,600,inhumation
SsxRGM-MC1,7,U,Unknown,500,600,inhumation
SsxRGM-MC1,8,U,Unknown,500,600,inhumation
SsxRGM-MC1,9,U,Unknown,500,600,cremation
SsxRGM-MC1,10,U,Unknown,500,600,cremation
SsxRGM-MC1,11,U,Unknown,500,600,cremation
SsxRGM-MC1,12,U,Unknown,500,600,cremation
SsxRGM-MC1,13,U,Unknown,500,600,cremation
SsxRGM-MC1,14,U,Unknown,500,600,cremation
SsxRGM-MC1,15,U,Unknown,500,600,cremation
SsxRGN-BI1,1,U,Unknown,450,650,inhumation
SsxSAW-IC1,1,M,30-50,43,700,inhumation
SsxSAW-IC1,2,U,Adult,43,700,inhumation
SsxSAW-IC1,3,U,25-30,43,700,inhumation
SsxSAW-IC1,4,U,0-1,43,700,inhumation
SsxSAW-IC1,5,U,Unknown,43,700,inhumation
SsxSAW-IC1,6,U,Unknown,43,700,inhumation
SsxSAW-IC1,7,F,Adult,43,700,inhumation
SsxSAW-IC1,8,U,Adult,43,700,inhumation
SsxSAW-IC1,9,U,Unknown,43,700,inhumation
SsxSAW-IC1,10,U,Unknown,43,700,inhumation
SsxSAW-IC1,11,F,Unknown,43,700,inhumation
SsxSAW-IC1,12,F,30-40,43,700,inhumation
SsxSBS-BI1,1,F,40-45,600,700,inhumation
SsxSBS-CC1,1,U,Unknown,450,650,cremationS
SsxSBS-CC1,2,U,Unknown,450,650,cremationS
SsxSBS-CC1,3,U,Unknown,450,650,cremationS
SsxSBS-IC1,1,F,Adult,200,700,inhumation
SsxSBS-IC1,2,U,Unknown,200,700,inhumation
SsxSBS-IC1,3,F,Unknown,200,700,inhumation
SsxSBS-IC1,4,U,Unknown,200,700,inhumation
SsxSBS-IC1,5,U,Unknown,200,700,inhumation
SsxSBS-IC1,6,U,Unknown,200,700,inhumation
SsxSBS-IC1,7,U,Unknown,200,700,inhumation
SsxSBS-IC1,8,U,Unknown,200,700,inhumation
SsxSGT-BI1,1,U,Unknown,600,800,inhumation
SsxSHN-BI1,1,U,Unknown,450,650,inhumation
SsxSML-IC1,1,U,Unknown,475,550,inhumation
SsxSML-IC1,2,U,Unknown,475,550,inhumation
SsxSML-IC1,3,U,Unknown,475,550,inhumation
SsxSML-IC1,4,U,Unknown,475,550,inhumation
SsxSML-IC3,7,U,Unknown,450,700,inhumation
SsxSML-IC3,8,U,Unknown,450,700,inhumation
SsxSML-IC3,9,U,Unknown,450,700,inhumation
SsxSML-IC3,10,U,Unknown,450,700,inhumation
SsxSML-IC3,11,U,Unknown,450,700,inhumation
SsxSML-IC3,12,U,Unknown,450,700,inhumation
SsxSML-IC3,13,U,Unknown,450,700,inhumation
SsxSML-IC3,14,U,Unknown,450,700,inhumation
SsxSML-IC3,15,U,Unknown,450,700,inhumation
SsxSML-IC3,16,U,Unknown,450,700,inhumation
SsxSML-IC3,17,U,Unknown,450,700,inhumation
SsxSML-IC3,18,U,Unknown,450,700,inhumation
SsxSML-IC3,19,U,Unknown,450,700,inhumation
SsxSML-IC3,20,U,Unknown,450,700,inhumation
SsxSML-IC3,21,U,Unknown,450,700,inhumation
SsxSML-IC3,22,U,Unknown,450,700,inhumation
SsxSML-IC3,23,U,Unknown,450,700,inhumation
SsxSML-IC3,24,U,Unknown,450,700,inhumation
SsxSML-IC3,25,U,Unknown,450,700,inhumation
SsxSML-IC3,6,U,Unknown,450,700,inhumation
SsxSML-IC3,1,U,Unknown,450,620,inhumation
SsxSML-IC3,2,U,Unknown,475,550,inhumation
SsxSML-IC3,3,U,Unknown,475,550,inhumation
SsxSML-IC3,4,U,Unknown,475,550,inhumation
SsxSML-IC3,5,U,Unknown,450,650,inhumation
SsxSMN-IC1,1897:1&2,U,Unknown,450,600,inhumation
SsxSMN-IC1,1950,U,Unknown,450,625,inhumation
SsxSMN-IC1,Th1,U,Unknown,575,600,inhumation
SsxSMN-IC1,Th2,U,Unknown,450,625,inhumation
SsxSMN-IC1,Th3,U,Unknown,525,600,inhumation
SsxSMN-IC1,Th4,U,Unknown,450,625,inhumation
SsxSMN-IC1,Th5/,U,Unknown,450,625,inhumation
SsxSMN-IC1,Th5/a,U,Unknown,450,550,inhumation
SsxSMN-IC1,Th6,U,Unknown,500,550,inhumation
SsxSMN-IC1,Th7,U,Unknown,450,600,inhumation
SsxSMN-IC1,Th8,U,Unknown,450,625,inhumation
SsxSMN-IC1,Th9,U,Unknown,450,625,inhumation
SsxSMN-IC1,Th10,U,Unknown,450,625,inhumation
SsxSMN-IC1,Th11,U,Unknown,450,625,inhumation
SsxSMN-IC1,Th12,U,Unknown,450,550,inhumation
SsxSMN-IC1,Th13,U,Unknown,450,625,inhumation
SsxSMN-IC1,ThOA,U,Unknown,450,625,inhumation
SsxSMN-IC1,B1,U,Unknown,550,625,inhumation
SsxSMN-IC1,B2,U,Unknown,450,625,inhumation
SsxSMN-IC1,B3,U,Unknown,550,625,inhumation
SsxSMN-IC1,B4,U,Unknown,450,625,inhumation
SsxSMN-IC1,B5,U,Unknown,450,625,inhumation
SsxSMN-IC1,B6,U,Unknown,450,550,inhumation
SsxSMN-IC1,B7,U,Unknown,450,550,inhumation
SsxSMN-IC1,B8,U,Unknown,450,550,inhumation
SsxSMN-IC1,B9,U,Unknown,450,625,inhumation
SsxSMN-IC1,B10,U,Unknown,450,625,inhumation
SsxSMN-IC1,B11,U,Unknown,450,625,inhumation
SsxSMN-IC1,B12,U,Unknown,450,625,inhumation
SsxSMN-IC1,B13,U,Unknown,450,550,inhumation
SsxSMN-IC1,B14,U,Unknown,450,625,inhumation
SsxSMN-IC1,B15,U,Unknown,450,625,inhumation
SsxSMN-IC1,BOA,U,Unknown,450,625,Inhumation
SsxSMP-BC1,1,U,Unknown,500,550,cremation
SsxSTG-IC1,1,U,Unknown,450,700,inhumation
SsxSTG-IC1,2,U,Unknown,450,700,inhumation
SsxSTG-MC1,2,U,Unknown,450,700,inhumationS
SsxSTG-MC1,1,U,Unknown,450,700,inhumationS
SsxSTG-MC1,3,U,Unknown,450,700,cremation
SsxSTW-BI1,1,M,Adult,450,700,inhumation
SsxSTY-IC1,2,U,Unknown,450,650,inhumation
SsxSTY-IC1,3,U,Unknown,450,650,inhumation
SsxSTY-IC1,4,U,Unknown,450,650,inhumation
SsxSTY-IC1,5,U,Unknown,450,650,inhumation
SsxSTY-IC1,6,U,Unknown,450,650,inhumation
SsxSTY-IC1,7,U,Unknown,450,650,inhumation
SsxSTY-IC1,8,U,Unknown,450,650,inhumation
SsxSTY-IC1,9,U,Unknown,450,650,inhumation
SsxSTY-IC1,10,U,Unknown,450,650,inhumation
SsxSTY-IC1,1,U,Unknown,450,650,inhumation
SsxSUL-BI1,1,U,Unknown,450,700,inhumation
SsxSUL-MC1,3,U,Unknown,450,700,cremationS
SsxSUL-MC1,4,U,Unknown,450,700,cremationS
SsxSUL-MC1,5,U,Unknown,450,700,cremation
SsxSUL-MC1,6,U,Unknown,450,700,cremation
SsxSUL-MC1,8,U,Unknown,450,650,cremation
SsxSUL-MC1,10,U,Unknown,450,650,cremation
SsxSUL-MC1,12,U,Unknown,450,700,inhumation
SsxSUL-MC1,13,U,Unknown,450,700,inhumation
SsxSUL-MC1,14,U,Unknown,450,700,inhumation
SsxSUL-MC1,15,U,Unknown,450,700,inhumation
SsxSUL-MC1,16,U,Unknown,450,700,inhumation
SsxSUL-MC1,1,M,Adult,450,700,inhumation
SsxSUL-MC1,2,U,Unknown,450,700,cremationS
SsxSUL-MC1,7,U,Unknown,450,650,cremationS
SsxSUL-MC1,9,U,Unknown,450,650,cremation
SsxSUL-MC1,11,U,Unknown,450,700,inhumation
SsxSUL-MC1,17,M,Unknown,450,700,inhumation
SsxTGM-IC1,20012,U,Unknown,450,550,inhumation
SsxTGM-IC1,20119,U,Unknown,450,725,inhumation
SsxTGM-IC1,20152,U,Unknown,450,725,inhumation
SsxTGM-IC1,20163,U,Unknown,450,725,inhumation
SsxTGM-IC1,20176,U,Unknown,450,725,inhumation
SsxTGM-IC1,20218,U,Unknown,575,725,inhumation
SsxTGM-IC1,20220,U,Unknown,575,725,inhumation
SsxTGM-IC1,20224,U,Unknown,575,725,inhumation
SsxTGM-IC1,20655,U,Unknown,450,725,inhumation
SsxTWH-BC1,1,U,Unknown,450,650,cremation
SsxUNL-BI1,1,U,Unknown,450,700,inhumation
SsxUNL-IC1,1,U,Unknown,600,700,inhumation
SsxUNL-IC1,2,U,Unknown,600,700,inhumation
SsxUNL-IC1,3,U,Unknown,600,700,inhumation
SsxUNL-IC1,4,U,Unknown,600,700,inhumation
SsxUNL-IC1,5,U,Unknown,600,700,inhumation
SsxUNL-IC1,6,U,Unknown,600,700,inhumation
SsxUNL-IC1,7,U,Unknown,600,700,inhumation
SsxUNL-IC2,6,U,Unknown,450,700,inhumation
SsxUNL-IC2,7,U,Unknown,450,700,inhumation
SsxUNL-IC2,1,F,Unknown,450,700,inhumation
SsxUNL-IC2,2,U,Unknown,450,700,inhumation
SsxUNL-IC2,3,U,Unknown,450,700,inhumation
SsxUNL-IC2,4,U,Unknown,450,700,inhumation
SsxUNL-IC2,5,U,Unknown,450,700,inhumation
SsxUPB-IC1,1,M,Unknown,450,700,inhumation
SsxUPB-IC1,2,U,Unknown,450,700,inhumation
SsxWAJ-IC1,1,M,50,600,700,inhumation
SsxWAJ-IC1,2,U,9-10,600,700,inhumation
SsxWAJ-IC1,3,U,50,600,700,inhumation
SsxWAJ-IC1,4,U,Unknown,600,700,inhumation
SsxWAJ-IC1,5,F,Unknown,600,700,inhumation
SsxWAJ-IC1,6,F,late 20s,600,700,inhumation
SsxWAJ-IC1,7,M?,Elderly,600,700,inhumation
SsxWAJ-IC1,8,M,30,600,700,inhumation
SsxWMN-IC1,1,U,Unknown,450,700,inhumation
SsxWMN-IC1,2,U,Unknown,450,700,inhumation
SsxWMN-IC1,3,U,Unknown,450,700,inhumation
SsxWMN-IC1,4,U,Unknown,450,700,inhumation
SsxWMN-IC1,5,U,Unknown,450,700,inhumation
SsxWMN-IC1,6,U,Unknown,450,700,inhumation
SsxWMN-IC1,7,U,Unknown,450,700,inhumation
SsxWMN-IC1,8,U,Unknown,450,700,inhumation
SsxWMN-IC1,9,U,Unknown,450,700,inhumation
SsxWMN-IC1,10,U,Unknown,450,700,inhumation
SsxWMN-IC1,11,U,Unknown,450,700,inhumation
SsxWMN-IC1,12,U,Unknown,450,700,inhumation
WltABY-BI1,1,U,Unknown,475,525,inhumation
WltADB-IC1,40,M,46+,650,700,inhumation
WltADB-IC1,43/a,U,5-6,650,700,inhumation
WltADB-IC1,43/b,U,9-11,650,700,inhumation
WltADB-IC1,46,U,5-10,650,700,inhumation
WltADB-IC1,52,F,60+,650,700,inhumation
WltADB-IC1,53,F,46+,650,700,inhumation
WltADB-IC1,56,F,46+,650,700,inhumation
WltADB-IC1,59,M,46+,650,700,inhumation
WltADB-IC1,62,U,25+,650,700,inhumation
WltADB-IC1,65,F,46+,650,700,inhumation
WltADB-IC1,68,U,Neonate,650,700,inhumation
WltADB-IC1,71,M,25+,650,700,inhumation
WltADB-IC1,74,F,46+,650,700,inhumation
WltADB-IC1,80,M,26-35,650,700,inhumation
WltADB-IC1,Ctxt 2/a,U,18+,650,700,inhumation
WltADB-IC1,Ctxt 2/b,U,18+,650,700,inhumation
WltADB-IC1,Ctxt 2/c,U,18+,650,700,inhumation
WltADB-IC1,Ctxt 83,M,25-35,650,700,inhumation
WltADB-IC1,13,M,36-45,650,700,inhumation
WltADB-IC1,22,M,26-35,650,700,inhumation
WltADB-IC1,31,M,46+,650,700,inhumation
WltADB-IC1,04,F,26-35,650,700,inhumation
WltADB-IC1,34,F,26-35,650,700,inhumation
WltADB-IC1,37,F,26-35,650,700,inhumation
WltADB-IC1,07,M,36-45,650,700,inhumation
WltADB-IC1,28,M,46+,650,700,inhumation
WltADB-IC1,19,M,36-45,650,700,inhumation
WltADB-IC1,10,U,Neonate,650,700,inhumation
WltADB-IC1,16,M,26-35,650,700,inhumation
WltADB-IC1,25,F,46+,650,700,inhumation
WltAMB-BI1,1,M,20-45,450,900,inhumation
WltAMB-BI2,1,M,28-32,660,890,inhumation
WltAMB-BI3,1,U,Unknown,450,600,inhumation
WltAMB-IC1,1,U,Unknown,450,700,inhumation
WltAMB-IC1,2,U,Unknown,450,700,inhumation
WltAMB-IC1,3,U,Unknown,450,700,inhumation
WltAMB-IC2,310,U,45+,0,0,inhumation
WltAMB-IC2,316,F,45+,0,0,inhumation
WltAMB-IC2,313,U,6-7,0,0,inhumation
WltAMB-IC2,105,M,25+,0,0,inhumation
WltAMB-IC2,325,F,20-25,0,0,inhumation
WltAMB-IC2,363,M,35-45,0,0,inhumation
WltASY-BI1,1,F,18-25,650,700,inhumation
WltAVB-BI1,1,U,Unknown,600,700,Inhumation
WltAVB-IC1,2,U,Unknown,450,700,inhumation
WltAVB-IC1,3,U,Unknown,450,700,inhumation
WltAVB-IC1,4,U,Unknown,450,700,inhumation
WltAVB-IC1,5,U,Unknown,450,700,inhumation
WltAVB-IC1,6,U,Unknown,450,700,inhumation
WltAVB-IC1,7,U,Unknown,450,700,inhumation
WltAVB-IC1,1,U,Unknown,450,700,inhumation
WltAVD-BI1,1,M,25-30,600,700,inhumation
WltBCG-BI1,1,U,Unknown,650,700,inhumation
WltBCG-IC1,1,M,Young,600,700,inhumation
WltBCG-IC1,2,U,Unknown,600,700,inhumation
WltBCK-BI1,1,U,Unknown,450,700,inhumation
WltBFD-BI1,1,U,Unknown,400,700,inhumation
WltBHN-BI1,1,U,Unknown,600,700,inhumation
WltBPS-BI1,1,M,Adult,600,700,inhumation
WltBRK-IC1,1,M,40,550,600,inhumation
WltBRK-IC1,2,M,40,500,650,inhumation
WltBRK-IC1,3,M,60,500,600,inhumation
WltBRK-IC1,4,F?,Aged,500,650,inhumation
WltBRK-IC1,5,U,Unknown,500,615,inhumation
WltBRK-IC1,6,F,9,500,650,inhumation
WltBRK-IC1,7,M,50,500,650,inhumation
WltBRK-IC1,8,U,Unknown,500,650,inhumation
WltBRK-IC1,9,U,Unknown,500,650,inhumation
WltBRK-IC1,10,F,Unknown,500,650,inhumation
WltBRK-IC1,11,F,30,500,650,inhumation
WltBRK-IC1,12,U,Unknown,500,650,inhumation
WltBRK-IC1,13,M,60,500,650,inhumation
WltBRK-IC1,14,F,50,500,650,inhumation
WltBRK-IC1,15,M,30,500,650,inhumation
WltBRK-IC1,16,F,Elderly,500,650,inhumation
WltBRK-IC1,17,F,Old,500,650,inhumation
WltBRK-IC1,18,u,3-4,500,650,inhumation
WltBRK-IC1,19/,U,14-15,500,650,inhumation
WltBRK-IC1,20,U,16,500,650,inhumation
WltBRK-IC1,21,U,Unknown,500,650,inhumation
WltBRK-IC1,22,U,Unknown,500,650,inhumation
WltBRK-IC1,23,U,Unknown,500,650,inhumation
WltBRK-IC1,24,U,Unknown,500,650,inhumation
WltBRK-IC1,19/a,F,Oldish,500,650,inhumation
WltBSA-IC1,1,M?,26+,650,700,inhumation
WltBSA-IC1,2,F?,36-45,650,700,inhumation
WltBSJ-IC1,8,U,Unknown,575,650,inhumation
WltBSJ-IC1,9,U,Unknown,575,650,inhumation
WltBSJ-IC1,10,U,Unknown,575,650,inhumation
WltBSJ-IC1,11,U,Unknown,575,650,inhumation
WltBSJ-IC1,12,U,Unknown,575,650,inhumation
WltBSJ-IC1,13,U,Unknown,575,650,inhumation
WltBSJ-IC1,14,U,Unknown,575,650,inhumation
WltBSJ-IC1,15,U,Unknown,575,650,inhumation
WltBSJ-IC1,16,U,Unknown,575,650,inhumation
WltBSJ-IC1,17,U,Unknown,575,650,inhumation
WltBSJ-IC1,18,U,Unknown,575,650,inhumation
WltBSJ-IC1,19,U,Unknown,575,650,inhumation
WltBSJ-IC1,20,U,Unknown,575,650,inhumation
WltBSJ-IC1,21,U,Unknown,575,650,inhumation
WltBSJ-IC1,22,U,Unknown,575,650,inhumation
WltBSJ-IC1,23,U,Unknown,575,650,inhumation
WltBSJ-IC1,24,U,Unknown,575,650,inhumation
WltBSJ-IC1,25,U,Unknown,575,650,inhumation
WltBSJ-IC1,26,U,Unknown,575,650,inhumation
WltBSJ-IC1,27,U,Unknown,575,650,inhumation
WltBSJ-IC1,28,U,Unknown,575,650,inhumation
WltBSJ-IC1,29,U,Unknown,575,650,inhumation
WltBSJ-IC1,30,U,Unknown,575,650,inhumation
WltBSJ-IC1,2,U,Unknown,575,650,inhumation
WltBSJ-IC1,4,U,Unknown,575,650,inhumation
WltBSJ-IC1,5,U,Unknown,575,650,inhumation
WltBSJ-IC1,1,U,Unknown,575,650,inhumation
WltBSJ-IC1,3,U,Unknown,575,650,inhumation
WltBSJ-IC1,6,U,Unknown,575,650,inhumation
WltBSJ-IC1,7,U,Unknown,575,650,inhumation
WltBSJ-IC2,1,U,Unknown,575,700,inhumation
WltBSJ-IC2,2,U,Unknown,575,700,inhumation
WltBTW-BI1,1,M,35-45,540,680,inhumation
WltCBD-IC1,1,M?,38,500,600,inhumation
WltCBD-IC1,2,M,48,500,575,inhumation
WltCBD-IC1,3/,U,Unknown,485,550,inhumation
WltCBD-IC1,3/a,U,Infant,485,650,inhumation
WltCBD-IC1,3/b,U,Unknown,485,650,inhumation
WltCBD-IC1,4/,M?,16,485,550,inhumation
WltCBD-IC1,4/a,M,25-30,500,600,inhumation
WltCBD-IC1,5,M,20,485,650,inhumation
WltCBD-IC1,6,F,42,485,525,inhumation
WltCBD-IC1,7,U,Unknown,485,650,inhumation
WltCBD-IC1,8,U,2.5,485,650,inhumation
WltCBD-IC1,9,U,9,485,650,inhumation
WltCBD-IC1,10,U,9,485,650,inhumation
WltCBD-IC1,11,M,21,485,500,inhumation
WltCBD-IC1,12,F?,4,485,600,inhumation
WltCBD-IC1,13,U,20,485,650,inhumation
WltCBD-IC1,14,F,40,500,600,inhumation
WltCBD-IC1,15,M,17,485,575,inhumation
WltCBD-IC1,16,U,37,485,650,inhumation
WltCBD-IC1,17,M,17,485,650,inhumation
WltCBD-IC1,18,M,35,485,650,inhumation
WltCBD-IC1,19,F,37,485,550,inhumation
WltCBD-IC1,20,F,34,525,575,inhumation
WltCBD-IC1,21,U,35-40,485,650,inhumation
WltCBD-IC1,22,U,Unknown,485,650,inhumation
WltCBD-IC1,23,F?,Unknown,500,600,inhumation
WltCBD-IC1,24,U,Unknown,485,650,inhumation
WltCBD-IC1,25,U,Unknown,485,650,inhumation
WltCBD-IC1,26,U,Unknown,485,650,inhumation
WltCBD-IC1,27,F?,23,485,600,inhumation
WltCBD-IC1,28,U,0-3 months,485,650,inhumation
WltCBD-IC1,30,M,19,485,650,inhumation
WltCBD-IC1,31,F,22,485,575,inhumation
WltCBD-IC1,32,M?,35,485,650,inhumation
WltCBD-IC1,33,U,Unknown,485,650,inhumation
WltCBD-IC1,34,M,30,485,550,inhumation
WltCBD-IC1,G 1,U,Unknown,485,650,inhumation
WltCBD-IC1,G 2,U,Unknown,485,650,inhumation
WltCBD-IC1,G 3,U,Unknown,485,650,inhumation
WltCBD-IC1,G 4,U,Unknown,485,650,inhumation
WltCBD-IC1,G 5,U,Unknown,485,650,inhumation
WltCBD-IC1,G 6,U,Unknown,485,650,inhumation
WltCBD-IC1,G 7,U,Unknown,485,650,inhumation
WltCBD-IC1,G 8,U,Unknown,485,650,inhumation
WltCBD-IC1,G 9,U,Unknown,485,650,inhumation
WltCBD-IC1,G 10,U,Unknown,485,650,inhumation
WltCBD-IC1,G 11,U,Unknown,485,650,inhumation
WltCBD-IC1,G 12,U,Unknown,485,650,inhumation
WltCBD-IC1,G 13,U,Unknown,485,650,inhumation
WltCBD-IC1,G 14,U,Unknown,485,650,inhumation
WltCBD-IC1,G 15,U,Unknown,485,650,inhumation
WltCBD-IC1,G 16,U,Unknown,485,650,inhumation
WltCBD-IC1,G 17,U,Unknown,485,650,inhumation
WltCBD-IC1,G 18,U,Unknown,485,650,inhumation
WltCBD-IC1,G 19,U,Unknown,485,650,inhumation
WltCBD-IC1,G 20,U,Unknown,485,650,inhumation
WltCBD-IC1,G 21,U,Unknown,485,650,inhumation
WltCBD-IC1,G 22,U,Unknown,485,650,inhumation
WltCBD-IC1,G 23,U,Unknown,485,650,inhumation
WltCBD-IC1,G 24,U,Unknown,485,650,inhumation
WltCBD-IC1,G 25,U,Unknown,485,650,inhumation
WltCBD-IC1,G 26,U,Unknown,485,650,inhumation
WltCBD-IC1,G 27,U,Unknown,485,650,inhumation
WltCBD-IC1,G 28,U,Unknown,485,650,inhumation
WltCBD-IC1,G 29/,U,Unknown,485,650,inhumation
WltCBD-IC1,G 30,U,Unknown,485,650,inhumation
WltCBD-IC1,G 31,U,Unknown,485,650,inhumation
WltCBD-IC1,G 29/a,U,Unknown,485,650,inhumation
WltCBD-IC1,G 32,U,Unknown,485,650,inhumation
WltCBD-IC1,G 33,U,Unknown,485,650,inhumation
WltCBD-IC1,G 34,U,Unknown,485,650,inhumation
WltCBD-IC1,G 35,U,Unknown,485,650,inhumation
WltCBD-IC1,G 36,U,Unknown,485,650,inhumation
WltCBD-IC1,G 37,U,Unknown,485,650,inhumation
WltCBD-IC1,G 38,U,Unknown,485,650,inhumation
WltCBD-IC1,G 39,U,Unknown,485,650,inhumation
WltCBD-IC1,G 40,U,Unknown,485,650,inhumation
WltCBD-IC1,G 41,U,Unknown,485,650,inhumation
WltCBD-IC1,G 42,U,Unknown,485,650,inhumation
WltCBD-IC1,G 43,U,Unknown,485,650,inhumation
WltCBD-IC1,G 44,U,Unknown,485,650,inhumation
WltCBD-IC1,G 45,U,Unknown,485,650,inhumation
WltCBD-IC1,G 46,U,Unknown,485,650,inhumation
WltCBD-IC1,G 47,U,Unknown,485,650,inhumation
WltCBD-IC1,G 48,U,Unknown,485,650,inhumation
WltCBD-IC1,G 49,U,Unknown,485,650,inhumation
WltCBD-IC1,G 50,U,Unknown,485,650,inhumation
WltCBD-IC1,G 51,U,Unknown,485,650,inhumation
WltCBD-IC1,G 52,U,Unknown,485,650,inhumation
WltCBD-IC1,G 53,U,Unknown,485,650,inhumation
WltCBD-IC1,G 54/,U,Unknown,485,650,inhumation
WltCBD-IC1,G 54/a,U,Unknown,485,650,inhumation
WltCBD-IC1,G 55,U,Unknown,485,650,inhumation
WltCBD-IC1,G 56,U,Unknown,485,650,inhumation
WltCBD-IC1,G 57,U,Unknown,485,650,inhumation
WltCBD-IC1,G 58,U,Unknown,485,650,inhumation
WltCBD-IC1,G 59,U,Unknown,485,650,inhumation
WltCBD-IC1,G 60,U,Unknown,485,650,inhumation
WltCBD-IC1,G 61,U,Unknown,485,650,inhumation
WltCBD-IC1,G 62,U,Unknown,485,650,inhumation
WltCBD-IC1,G 63,U,Unknown,485,650,inhumation
WltCBD-IC1,G 64,U,Unknown,485,650,inhumation
WltCBD-IC1,G 65,U,Unknown,485,650,inhumation
WltCBD-IC1,G 66,U,Unknown,485,650,inhumation
WltCBD-IC1,G 67,U,Unknown,485,650,inhumation
WltCBD-IC1,G 68,U,Unknown,485,650,inhumation
WltCBD-IC1,G 69,U,Unknown,485,650,inhumation
WltCBD-IC1,G 70,U,Unknown,485,650,inhumation
WltCBD-IC1,G 71,U,Unknown,485,650,inhumation
WltCBD-IC1,G 72,U,Unknown,485,650,inhumation
WltCBD-IC1,G 73,U,Unknown,485,650,inhumation
WltCBD-IC1,G 74,U,Unknown,485,650,inhumation
WltCBD-IC1,G 75,U,Unknown,485,650,inhumation
WltCBD-IC1,G 76,U,Unknown,485,650,inhumation
WltCBD-IC1,G 77,U,Unknown,485,650,inhumation
WltCBD-IC1,G 78,U,Unknown,485,650,inhumation
WltCBD-IC1,G 79,U,Unknown,485,650,inhumation
WltCBD-IC1,G 80,U,Unknown,485,650,inhumation
WltCBD-IC1,G 81,U,Unknown,485,650,inhumation
WltCBD-IC1,G 82,U,Unknown,485,650,inhumation
WltCEN-BI1,1,U,Unknown,400,500,inhumation
WltCFD-BI1,1,U,Unknown,500,650,inhumation
WltCFD-BI2,1,U,Unknown,500,650,inhumation
WltCHL-BI1,1,U,Unknown,500,650,inhumation
WltCHL-BI2,1/,U,Unknown,600,725,inhumation
WltCHL-BI2,1/a,U,Unknown,600,725,inhumation
WltCLP-IC1,1,U,Unknown,475,625,inhumation
WltCLP-IC1,2,U,Unknown,475,625,inhumation
WltCLP-IC1,3,U,Unknown,475,615,inhumation
WltCLP-IC1,6,M?,Adult,475,550,inhumation
WltCLP-IC1,7,U,Unknown,525,615,inhumation
WltCLP-IC1,8,U,Unknown,600,625,inhumation
WltCLP-IC1,9,M,Adult,475,625,inhumation
WltCLP-IC1,10,F,25-35,475,550,inhumation
WltCLP-IC1,11A,U,Unknown,475,575,inhumation
WltCLP-IC1,11B,U,Unknown,475,550,inhumation
WltCLP-IC1,12,M,Adult,475,625,inhumation
WltCLP-IC1,13,U,Unknown,475,625,inhumation
WltCLP-IC1,14,U,Immature,475,625,inhumation
WltCLP-IC1,15,U,Child,475,625,inhumation
WltCLP-IC1,16,U,Child,475,625,inhumation
WltCLP-IC1,17A,F,Old,475,600,inhumation
WltCLP-IC1,17B,M,Adult,500,625,inhumation
WltCLP-IC1,18,U,Child,475,625,inhumation
WltCLP-IC1,19,U,Unknown,500,600,inhumation
WltCLP-IC1,20,M,40,525,575,inhumation
WltCLP-IC1,21,M,Adult,475,525,inhumation
WltCLP-IC1,22,U,Unknown,475,625,inhumation
WltCLP-IC1,23/,U,Unknown,525,600,inhumation
WltCLP-IC1,23/a,U,Unknown,500,575,inhumation
WltCLP-IC1,24,M,Adult,475,600,inhumation
WltCLP-IC1,25,F,30,475,525,inhumation
WltCLP-IC1,26,M,Adult,500,575,inhumation
WltCLP-IC1,27,U,Unknown,475,550,inhumation
WltCLP-IC1,28,U,Unknown,475,625,inhumation
WltCLP-IC1,29,U,Unknown,475,525,inhumation
WltCLP-IC1,30,U,Unknown,475,625,inhumation
WltCLP-IC1,31,U,Unknown,475,625,inhumation
WltCLP-IC1,32,U,Child,475,625,inhumation
WltCLP-IC1,33,U,Unknown,500,550,inhumation
WltCLP-IC1,34,U,Unknown,475,625,inhumation
WltCLP-IC1,35,U,Unknown,475,625,inhumation
WltCLP-IC1,36,U,Child,475,625,inhumation
WltCLP-IC1,37,U,Unknown,475,625,inhumation
WltCLP-IC1,38,U,Unknown,475,625,inhumation
WltCLP-IC1,39/,M,Unknown,475,625,inhumation
WltCLP-IC1,39/a,F,Unknown,475,625,inhumation
WltCLP-IC1,40,U,Unknown,475,625,inhumation
WltCLP-IC1,41,U,Unknown,500,600,inhumation
WltCLP-IC1,42,U,Unknown,525,575,inhumation
WltCLP-IC1,43,U,Infant,475,625,inhumation
WltCLP-IC1,44,U,Unknown,475,625,inhumation
WltCLP-IC1,45,U,Unknown,475,625,inhumation
WltCLP-IC1,46,U,Infant,475,625,inhumation
WltCLP-IC1,47,U,Unknown,475,625,inhumation
WltCLP-IC1,48,U,Unknown,500,600,inhumation
WltCLP-IC1,49/,U,Unknown,550,600,inhumation
WltCLP-IC1,49/a,U,Unknown,500,600,inhumation
WltCLP-IC1,50,U,Unknown,500,625,inhumation
WltCLP-IC1,51,U,Unknown,500,600,inhumation
WltCLP-IC1,52,U,Infant,475,625,inhumation
WltCLP-IC1,53,U,Infant,475,625,inhumation
WltCLP-IC1,54,U,Infant,475,625,inhumation
WltCLP-IC1,55/,U,Unknown,475,625,inhumation
WltCLP-IC1,55/a,U,Child,475,625,inhumation
WltCLP-IC1,56,U,Child,475,625,inhumation
WltCLP-IC1,57,U,Unknown,500,625,inhumation
WltCLP-IC1,58,U,Unknown,475,575,inhumation
WltCLP-IC1,59/,U,Unknown,475,575,inhumation
WltCLP-IC1,59/a,U,Child,475,575,inhumation
WltCLP-IC1,60,U,Unknown,525,550,inhumation
WltCLP-IC1,61/,U,Juvenile?,475,625,inhumation
WltCLP-IC1,61/a,U,Juvenile?,475,625,inhumation
WltCLP-IC1,62,U,Child,475,625,inhumation
WltCLP-IC1,63/,U,Unknown,500,550,inhumation
WltCLP-IC1,63/a,U,Unknown,500,550,inhumation
WltCLP-IC1,64,U,Unknown,475,625,inhumation
WltCOT-BI1,1,U,Unknown,600,650,inhumation
WltDGN-BI1,1,F?,Unknown,450,700,inhumation
WltDGN-IC1,2,U,Unknown,400,900,inhumation
WltDGN-IC1,3,U,Unknown,400,900,inhumation
WltDGN-IC1,4,U,Unknown,400,900,inhumation
WltDGN-IC1,5,U,Unknown,400,900,inhumation
WltDGN-IC1,6,U,Unknown,400,900,inhumation
WltDGN-IC1,7,U,Unknown,400,900,inhumation
WltDGN-IC1,8,U,Unknown,400,900,inhumation
WltDGN-IC1,9,U,Unknown,400,900,inhumation
WltDGN-IC1,10,U,Unknown,400,900,inhumation
WltDGN-IC1,11,U,Unknown,400,900,inhumation
WltDGN-IC1,12,U,Unknown,400,900,inhumation
WltDGN-IC1,13,U,Unknown,400,900,inhumation
WltDGN-IC1,14,U,Unknown,400,900,inhumation
WltDGN-IC1,15,U,Unknown,400,900,inhumation
WltDGN-IC1,16,U,Unknown,400,900,inhumation
WltDGN-IC1,17,U,Unknown,400,900,inhumation
WltDGN-IC1,18,U,Unknown,400,900,inhumation
WltDGN-IC1,19,U,Unknown,400,900,inhumation
WltDGN-IC1,20,U,Unknown,400,900,inhumation
WltDGN-IC1,21,U,Unknown,400,900,inhumation
WltDGN-IC1,22,U,Unknown,400,900,inhumation
WltDGN-IC1,24,U,Unknown,400,900,inhumation
WltDGN-IC1,25,U,Unknown,400,900,inhumation
WltDGN-IC1,26,U,Unknown,400,900,inhumation
WltDGN-IC1,27,U,Unknown,400,900,inhumation
WltDGN-IC1,28,U,Unknown,400,900,inhumation
WltDGN-IC1,29,U,Unknown,400,900,inhumation
WltDGN-IC1,30,U,Unknown,400,900,inhumation
WltDGN-IC1,1,U,Unknown,400,900,inhumation
WltDWN-MC1,200,U,Unknown,475,700,cremation
WltDWN-MC1,57/,M,20-25,500,550,inhumation
WltDWN-MC1,57/a,M,25-30,500,550,inhumation
WltDWN-MC1,76,M,35-40,600,700,inhumation
WltDWN-MC1,78,M,15-20,475,550,inhumation
WltDWN-MC1,61/,M?,15-18,475,525,inhumation
WltDWN-MC1,61/a,M,25-39,475,600,inhumation
WltDWN-MC1,38/,F,20-25,600,700,inhumation
WltDWN-MC1,38/a,U,5-6,600,700,inhumation
WltDWN-MC1,32/,F,35-40,475,600,inhumation
WltDWN-MC1,32/a,F,50+,475,600,inhumation
WltDWN-MC1,49,U,Unknown,500,600,inhumation
WltDWN-MC1,34,F,15-20,500,600,inhumation
WltDWN-MC1,40,F,20-25,500,600,inhumation
WltDWN-MC1,85,F,35-40,500,600,inhumation
WltDWN-MC1,98,F,30-35,575,700,inhumation
WltDWN-MC1,100,U,Unknown,575,700,inhumation
WltDWN-MC1,59,F?,30-35,575,700,inhumation
WltDWN-MC1,63,M,40-45,600,700,inhumation
WltDWN-MC1,71,F,35-45,575,700,inhumation
WltDWN-MC1,82,M,45-50,575,700,inhumation
WltDWN-MC1,106,M?,50+,575,700,inhumation
WltDWN-MC1,107,M?,30-35,475,600,inhumation
WltDWN-MC1,51,M,50+,475,700,inhumation
WltDWN-MC1,55,F,25-30,475,700,inhumation
WltDWN-MC1,65,M,30-35,475,600,inhumation
WltDWN-MC1,91,M?,20-25,475,700,inhumation
WltDWN-MC1,109,F,Adult,475,700,inhumation
WltDWN-MC1,41,U,2-3,475,700,inhumation
WltDWN-MC1,53,U,9-11,475,700,inhumation
WltDWN-MC1,67,U,12-15,475,700,inhumation
WltDWN-MC1,80,U,7-9,475,700,inhumation
WltDWN-MC1,87,U,3-6,475,700,inhumation
WltDWN-MC1,3,U,Adult,475,600,inhumation
WltDWN-MC1,5,U,Adult,475,700,inhumation
WltDWN-MC1,7,U,Adult,475,700,inhumation
WltDWN-MC1,9,U,20-25,475,700,inhumation
WltDWN-MC1,11,U,Adult,475,700,inhumation
WltDWN-MC1,13,U,30-35,475,600,inhumation
WltDWN-MC1,15,U,15-20,475,600,inhumation
WltDWN-MC1,17,U,Unknown,475,700,inhumation
WltDWN-MC1,19,U,Unknown,475,700,inhumation
WltDWN-MC1,21,U,20-25,475,575,inhumation
WltDWN-MC1,23,F?,40-45,475,700,inhumation
WltDWN-MC1,25,U,7-9,475,600,inhumation
WltEBW-BI1,1,M,50,575,650,inhumation
WltEFD-BI1,1,U,Unknown,450,700,inhumation
WltEKT-BI1,1,U,Unknown,500,650,inhumation
WltETN-BI1,1,U,Unknown,500,700,inhumation
WltEVL-BI1,1,U,Unknown,500,700,inhumation
WltFGD-IC1,1,U,Unknown,500,620,inhumation
WltFGD-IC1,2,U,Unknown,500,620,inhumation
WltGCV-BI1,1,U,Unknown,500,650,inhumation
WltGFT-IC1,1/,U,Unknown,500,650,inhumation
WltGFT-IC1,1/a,U,Unknown,500,650,inhumation
WltGFT-IC1,2,U,Unknown,500,650,inhumation
WltHDN-BI1,1,M,Unknown,500,700,inhumation
WltHYY-BI1,1,U,Unknown,450,700,inhumation
WltHYY-IC1,1,U,Unknown,600,800,inhumation
WltHYY-IC1,2,U,Unknown,600,800,inhumation
WltHYY-IC1,3,U,Unknown,600,800,inhumation
WltIDN-BI1,1,U,Unknown,500,650,inhumation
WltKDV-BI1,1,U,Unknown,600,700,inhumation
WltKDV-IC1,736/,M,45-50,625,700,inhumation
WltKDV-IC1,736/a,U,7-9,625,700,inhumation
WltKDV-IC1,759,F,25-35,625,700,inhumation
WltKDV-IC1,763,M,35-45,625,700,inhumation
WltKDV-IC1,768,U,12-15,625,700,inhumation
WltKDV-IC1,778,F,45+,625,700,inhumation
WltKDV-IC1,787,U,Unknown,625,700,inhumation
WltKDV-IC1,788,U,Unknown,625,700,inhumation
WltKDV-IC1,791,M,27-35,625,700,inhumation
WltKDV-IC1,795,U,Unknown,625,700,inhumation
WltKDV-IC1,798,F,17-25,625,700,inhumation
WltKDV-IC1,799,U,Unknown,625,700,inhumation
WltKDV-IC1,805,M?,17-20,625,700,inhumation
WltKDV-IC1,804,F,45+,625,700,inhumation
WltKDV-IC1,816,F,25-30,625,700,inhumation
WltKNK-IC1,2,U,Unknown,600,800,inhumation
WltKNK-IC1,3,U,Unknown,600,800,inhumation
WltKNK-IC1,4,U,Unknown,600,800,inhumation
WltKNK-IC1,1,U,Unknown,600,800,inhumation
WltLTG-IC1,1/,U,Unknown,500,600,inhumation
WltLTG-IC1,1/a,U,Unknown,500,600,inhumation
WltLVK-BI1,1,U,Unknown,500,650,inhumation
WltLVK-BI2,1,M,Unknown,675,700,inhumation
WltLVK-IC1,1,U,Unknown,500,600,inhumation
WltLVK-IC1,2,U,Unknown,500,600,inhumation
WltLVK-IC2,1,M,25-35,450,550,inhumation
WltLVK-IC2,2,F,25-35,450,550,inhumation
WltMBH-BI1,1,U,Unknown,475,600,inhumation
WltMBY-BI1,1,U,Unknown,625,700,inhumation
WltMDL-BI1,1,U,Unknown,500,550,inhumation
WltMDL-BI2,1,U,Unknown,450,600,inhumation
WltMGF-IC1,2,U,Unknown,450,700,inhumation
WltMGF-IC1,3,U,Unknown,450,700,inhumation
WltMGF-IC1,1,U,Unknown,450,700,inhumation
WltMLV-IC1,1,F,Yng adult,500,600,inhumation
WltMLV-IC1,2,F?,Adult,500,600,inhumation
WltMLV-IC1,3,U,Unknown,500,600,inhumation
WltMLV-IC1,4,F?,Adult,500,600,inhumation
WltMLV-IC1,5,U,2-4,500,600,inhumation
WltMLV-IC1,6,U,Mid teens,500,600,inhumation
WltMLV-IC1,7,U,Unknown,500,600,inhumation
WltMLV-IC1,8,F,Yng adult,500,600,inhumation
WltMLV-IC1,9,M,Yng adult,500,600,inhumation
WltMLV-IC1,10,U,Adult,500,600,inhumation
WltMLV-IC1,11,U,Adult,500,600,inhumation
WltMLV-IC1,12,U,6-10,500,600,inhumation
WltMLV-IC1,13,U,Adolescent,500,600,inhumation
WltMLV-IC1,14,U,Adult,500,600,inhumation
WltMLV-IC1,15,F?,Adult,500,600,inhumation
WltMLV-IC1,16,M?,Adult,500,600,inhumation
WltMLV-IC1,17,M/,Adult,500,600,inhumation
WltMLV-IC1,18,U,Immature,500,600,inhumation
WltMLV-IC1,19,F?,Adult,500,600,inhumation
WltMLV-IC1,20,U,Unknown,500,600,inhumation
WltMLV-IC1,21,U,Unknown,500,600,inhumation
WltMLV-IC1,22,M,Old,500,600,inhumation
WltMLV-IC1,23,F?,Older ad,500,600,inhumation
WltMLV-IC1,24,U,Adult,500,600,inhumation
WltMLV-IC1,25,M,Adult,500,600,inhumation
WltMLV-IC1,26,F?,Adult,500,600,inhumation
WltMLV-IC1,27,U,Immature,500,600,inhumation
WltMLV-IC1,28,U,3-7,500,600,inhumation
WltMLV-IC1,29,U,Adult,500,600,inhumation
WltMLV-IC1,30,U,1-3,500,600,inhumation
WltMLV-IC1,31,M,Adult,500,600,inhumation
WltMLV-IC1,32,M,Adult,500,600,inhumation
WltMLV-IC1,33,U,Adult,500,600,inhumation
WltMLV-IC1,34,M?,Adult,500,600,inhumation
WltMLV-IC1,35,M,Mature ad,500,600,inhumation
WltMLV-IC1,36,F,Yng adult,500,600,inhumation
WltMLV-IC1,37,U,Unknown,500,600,inhumation
WltMLV-IC1,38,U,10-14,500,600,inhumation
WltMLV-IC1,39,U,Adult,500,600,inhumation
WltMLV-IC1,40,U,Adult,500,600,inhumation
WltMLV-IC1,41,M?,Adult,500,600,inhumation
WltMLV-IC1,42,U,3-5,500,600,inhumation
WltMRE-BI1,1,F,Adult,600,700,inhumation
WltMSN-BI1,1,U,Unknown,450,650,inhumation
WltNNN-IC1,1/,M,35-50,500,650,inhumation
WltNNN-IC1,1/a,U,10-14,500,650,inhumation
WltNSM-BI1,1,U,Unknown,450,550,inhumation
WltNSM-BI2,1,U,Unknown,500,650,inhumation
WltNSM-BI4,1,U,Unknown,500,700,inhumation
WltNSM-IC1,1,U,Unknown,450,550,inhumation
WltNSM-IC1,2,U,Unknown,450,550,inhumation
WltNSM-IC2,1,U,Unknown,475,525,inhumation
WltNSM-IC2,2,U,Unknown,475,625,inhumation
WltNSM-IC2,3,U,Unknown,475,625,inhumation
WltNSM-IC2,4,F?,Unknown,475,625,inhumation
WltNSM-IC2,5,U,Unknown,475,625,inhumation
WltNSM-IC2,6/,U,14,475,625,inhumation
WltNSM-IC2,6/a,U,Infant,475,625,inhumation
WltNSM-IC2,7,U,Unknown,475,625,inhumation
WltNSM-IC2,8,U,Unknown,475,625,inhumation
WltNSM-IC2,9,U,15,475,575,inhumation
WltNSM-IC2,10,U,Unknown,475,625,inhumation
WltNSM-IC2,11,U,Unknown,450,550,inhumation
WltNSM-IC2,12,U,Aged,500,550,inhumation
WltNSM-IC2,13/,U,Unknown,475,625,inhumation
WltNSM-IC2,13/a,U,Child,475,625,inhumation
WltNSM-IC2,14,U,Young,475,550,inhumation
WltNSM-IC2,15,F?,Young,475,625,inhumation
WltNSM-IC2,16,U,Very young,475,625,inhumation
WltNSM-IC2,17,U,20-30,475,625,inhumation
WltNSM-IC2,18,U,Unknown,475,625,inhumation
WltNSM-IC2,19,U,Infant,475,625,inhumation
WltNSM-IC2,20,U,Infant,475,625,inhumation
WltNSM-IC2,21,U,Infant,475,625,inhumation
WltNSM-IC2,22,U,Adult,475,625,inhumation
WltNSM-IC2,23,U,Unknown,475,625,inhumation
WltNSM-IC2,24,U,Unknown,475,625,inhumation
WltNSM-IC2,25,U,Infant,475,625,inhumation
WltNSM-IC2,26,U,Adult,475,625,inhumation
WltNSM-IC2,27,U,Old,475,625,inhumation
WltNSM-IC2,28,F,Unknown,500,600,inhumation
WltNSM-IC2,29,U,Adult,475,625,inhumation
WltNSM-IC2,30/,F,Unknown,475,625,inhumation
WltNSM-IC2,30/a,U,Infant,475,625,inhumation
WltNSM-IC2,31,U,Adult,475,625,inhumation
WltNSM-IC2,32/,U,Adult,475,625,inhumation
WltNSM-IC2,32/a,U,Unknown,475,625,inhumation
WltNSM-IC2,32/b,U,Unknown,475,625,inhumation
WltNSM-IC2,33,U,Adult,475,625,inhumation
WltNSM-IC2,34,U,Adult,475,625,inhumation
WltNSM-IC2,35,U,Young,475,625,inhumation
WltNSM-IC2,36,U,40-60,550,600,inhumation
WltNSM-IC2,37,U,Young,475,625,inhumation
WltNSM-IC2,38,U,Adult,475,625,inhumation
WltNSM-IC2,39,U,Adult,475,625,inhumation
WltNSM-IC2,40,U,Adult,475,550,inhumation
WltNSM-IC2,41,U,Young,475,625,inhumation
WltNSM-IC2,42,U,30-40,475,500,inhumation
WltNSM-IC2,43,U,Adult,475,625,inhumation
WltNSM-IC2,44/,U,Adult,475,625,inhumation
WltNSM-IC2,44/a,U,Infant,475,625,inhumation
WltNSM-IC2,45,U,Young,475,625,inhumation
WltNSM-IC2,46,U,Adult,500,600,inhumation
WltNSM-IC2,47,U,Adult,475,625,inhumation
WltNSM-IC2,48,U,28-35,475,525,inhumation
WltNSM-IC2,49,U,Adult,475,625,inhumation
WltNSM-IC2,50,U,Young,475,625,inhumation
WltNSM-IC2,51,U,Adult,475,625,inhumation
WltNSM-IC2,52,U,Unknown,500,600,inhumation
WltNSM-IC2,53,U,Old,525,600,inhumation
WltNSM-IC2,54,U,Adult,450,550,inhumation
WltNSM-IC2,55,U,Unknown,475,625,inhumation
WltNSM-IC2,56,U,Infant,475,625,inhumation
WltNSM-IC2,57,F?,Old,475,625,inhumation
WltNSM-IC2,58/,U,Adult,475,625,inhumation
WltNSM-IC2,58/a,U,Child,475,625,inhumation
WltNSM-IC2,58/b,U,Child,475,625,inhumation
WltNSM-IC2,59,M,Adult,475,625,inhumation
WltNSM-IC2,60,U,Adult,475,625,inhumation
WltNSM-IC2,A1,U,Unknown,475,550,inhumation
WltNSM-IC2,A2,U,Unknown,525,575,inhumation
WltNSM-IC2,61/,F,Unknown,525,600,inhumation
WltNSM-IC2,61/a,U,Unknown,475,625,inhumation
WltNSM-IC2,62,U,Unknown,475,625,inhumation
WltNSM-IC2,63,U,Young,500,575,inhumation
WltNSM-IC2,64,M,20-25,475,625,inhumation
WltNSM-IC3,1,U,Unknown,500,650,inhumation
WltNSM-IC3,2,U,Unknown,500,650,inhumation
WltNSM-IC3,3,U,Unknown,500,650,inhumation
WltNSM-IC3,4,U,Unknown,500,650,inhumation
WltNSM-IC3,5,U,Unknown,500,650,inhumation
WltNSM-IC3,6,U,Unknown,500,650,inhumation
WltNSM-IC3,7,U,Unknown,500,650,inhumation
WltNSM-IC3,8,U,Unknown,500,650,inhumation
WltNSM-IC3,9,U,Unknown,500,650,inhumation
WltNSM-IC3,10,U,Unknown,500,650,inhumation
WltNSM-IC3,11,U,Unknown,500,650,inhumation
WltNSM-IC3,12,U,Unknown,500,650,inhumation
WltNSM-IC3,14,U,Unknown,500,650,inhumation
WltNSM-IC3,15,U,Unknown,500,650,inhumation
WltNSM-IC3,16,U,Unknown,500,650,inhumation
WltNSM-IC3,17,U,Unknown,500,650,inhumation
WltNSM-IC3,18,U,Unknown,500,650,inhumation
WltNSM-IC3,19,U,Unknown,500,650,inhumation
WltNSM-IC3,20,U,Unknown,500,650,inhumation
WltNSM-IC3,21,U,Unknown,500,650,inhumation
WltNSM-IC3,22,U,Unknown,500,650,inhumation
WltNSM-IC3,23,U,Unknown,500,650,inhumation
WltNSM-IC3,24,U,Unknown,500,650,inhumation
WltNSM-IC3,25,U,Unknown,500,650,inhumation
WltNSM-IC3,26,U,Unknown,500,650,inhumation
WltNSM-IC3,27,U,Unknown,500,650,inhumation
WltNSM-IC3,28,U,Unknown,500,650,inhumation
WltNSM-IC3,29,U,Unknown,500,650,inhumation
WltNSM-IC3,30,U,Unknown,500,650,inhumation
WltNSM-IC3,13,U,Unknown,500,650,inhumation
WltNSM-IC4,1,U,Unknown,600,800,inhumation
WltNSM-IC4,2,U,Unknown,600,800,inhumation
WltNSM-IC4,3,U,Unknown,600,800,inhumation
WltNSM-IC4,4,U,Unknown,600,800,inhumation
WltNSM-IC4,5,U,Unknown,600,800,inhumation
WltNSM-IC4,6,U,Unknown,600,800,inhumation
WltNSM-IC4,7,U,Unknown,600,800,inhumation
WltNSM-IC4,8,U,Unknown,600,800,inhumation
WltNSM-IC4,9,U,Unknown,600,800,inhumation
WltNSM-IC4,10,U,Unknown,600,800,inhumation
WltNSM-IC4,11,U,Unknown,600,800,inhumation
WltNSM-IC4,12,U,Unknown,600,800,inhumation
WltNSM-IC4,13,U,Unknown,600,800,inhumation
WltNSM-IC4,14,U,Unknown,600,800,inhumation
WltNSM-IC5,1,U,Unknown,400,900,inhumation
WltNSM-IC5,2,U,Unknown,400,900,inhumation
WltOSA-IC1,G11,U,Unknown,575,700,inhumation
WltPTN-IC1,8,U,Unknown,650,700,inhumation
WltPTN-IC1,9,U,Unknown,575,700,inhumation
WltPTN-IC1,10,U,Unknown,575,700,inhumation
WltPTN-IC1,11,U,Young girl,575,700,inhumation
WltPTN-IC1,1,U,Unknown,575,700,inhumation
WltPTN-IC1,2,U,Unknown,575,700,inhumation
WltPTN-IC1,3,U,Unknown,575,700,inhumation
WltPTN-IC1,4,U,Unknown,575,700,inhumation
WltPTN-IC1,5,U,Unknown,575,700,inhumation
WltPTN-IC1,6,U,Unknown,575,700,inhumation
WltPTN-IC1,7,U,Unknown,575,700,inhumation
WltPWY-MC1,F121,U,Unknown,450,625,cremation
WltPWY-MC1,1,U,Unknown,550,625,inhumation
WltPWY-MC1,10,U,Unknown,500,600,inhumation
WltPWY-MC1,100,U,Unknown,475,600,inhumation
WltPWY-MC1,101,U,Unknown,450,625,inhumation
WltPWY-MC1,102,U,Unknown,450,525,inhumation
WltPWY-MC1,103,U,Unknown,450,625,inhumation
WltPWY-MC1,104,U,Unknown,500,600,inhumation
WltPWY-MC1,105,U,Unknown,450,625,inhumation
WltPWY-MC1,106,U,Unknown,450,625,cremation
WltPWY-MC1,107,U,Unknown,450,625,cremation
WltPWY-MC1,11,U,Unknown,450,625,inhumation
WltPWY-MC1,12/13,U,Unknown,500,600,inhumation
WltPWY-MC1,13/12,U,Unknown,500,600,inhumation
WltPWY-MC1,14,U,Unknown,450,525,inhumation
WltPWY-MC1,15,U,Unknown,500,600,inhumation
WltPWY-MC1,16,U,Child,450,625,inhumation
WltPWY-MC1,17,U,Unknown,450,625,inhumation
WltPWY-MC1,18,U,Unknown,450,625,inhumation
WltPWY-MC1,19,U,Unknown,500,575,inhumation
WltPWY-MC1,2,U,Unknown,450,625,inhumation
WltPWY-MC1,20,U,Unknown,500,600,inhumation
WltPWY-MC1,21,U,Unknown,525,575,inhumation
WltPWY-MC1,22,U,Unknown,500,575,inhumation
WltPWY-MC1,23,U,Unknown,525,600,inhumation
WltPWY-MC1,24,U,Unknown,450,625,inhumation
WltPWY-MC1,25,U,Unknown,450,625,inhumation
WltPWY-MC1,26,U,Unknown,600,625,inhumation
WltPWY-MC1,27,U,Unknown,474,550,inhumation
WltPWY-MC1,28,U,Unknown,450,575,inhumation
WltPWY-MC1,29,U,Unknown,475,575,inhumation
WltPWY-MC1,3,U,Unknown,450,625,inhumation
WltPWY-MC1,30,U,Unknown,500,550,inhumation
WltPWY-MC1,31,U,Unknown,500,575,inhumation
WltPWY-MC1,32,U,Unknown,450,625,inhumation
WltPWY-MC1,33,U,Unknown,450,625,inhumation
WltPWY-MC1,34,U,Unknown,475,525,inhumation
WltPWY-MC1,35,U,Unknown,475,525,inhumation
WltPWY-MC1,36,U,Unknown,450,625,inhumation
WltPWY-MC1,37,U,Unknown,450,600,inhumation
WltPWY-MC1,38,U,Child,450,525,inhumation
WltPWY-MC1,39,U,Unknown,450,625,inhumation
WltPWY-MC1,4,U,Unknown,500,600,inhumation
WltPWY-MC1,40,U,Unknown,450,625,inhumation
WltPWY-MC1,41,U,Unknown,450,625,inhumation
WltPWY-MC1,42,U,Unknown,450,625,inhumation
WltPWY-MC1,43,U,Unknown,450,625,inhumation
WltPWY-MC1,44,U,Unknown,500,525,inhumation
WltPWY-MC1,45,U,Unknown,450,575,inhumation
WltPWY-MC1,46,U,Unknown,450,625,inhumation
WltPWY-MC1,47,U,Unknown,475,515,inhumation
WltPWY-MC1,48,U,Unknown,450,550,inhumation
WltPWY-MC1,49,U,Unknown,550,600,inhumation
WltPWY-MC1,5,U,Unknown,450,625,inhumation
WltPWY-MC1,50,U,Unknown,500,550,inhumation
WltPWY-MC1,51,U,Unknown,450,625,inhumation
WltPWY-MC1,52,U,Unknown,450,625,inhumation
WltPWY-MC1,53,U,Unknown,500,600,inhumation
WltPWY-MC1,54,U,Unknown,450,625,inhumation
WltPWY-MC1,55,U,Unknown,500,550,inhumation
WltPWY-MC1,56,U,Unknown,525,600,inhumation
WltPWY-MC1,57,U,Unknown,500,625,inhumation
WltPWY-MC1,58,U,Unknown,450,600,inhumation
WltPWY-MC1,59,U,Unknown,450,625,inhumation
WltPWY-MC1,6,U,Unknown,450,625,inhumation
WltPWY-MC1,60,U,Unknown,500,550,inhumation
WltPWY-MC1,61,U,Unknown,450,625,cremation
WltPWY-MC1,62,U,Unknown,475,575,inhumation
WltPWY-MC1,63,U,Unknown,450,500,inhumation
WltPWY-MC1,64,U,Unknown,475,600,inhumation
WltPWY-MC1,65,U,Unknown,450,625,inhumation
WltPWY-MC1,66,U,Unknown,450,500,inhumation
WltPWY-MC1,67,U,Unknown,500,525,inhumation
WltPWY-MC1,68,U,Unknown,450,575,inhumation
WltPWY-MC1,69,U,Unknown,450,625,inhumation
WltPWY-MC1,7,U,Unknown,485,600,inhumation
WltPWY-MC1,70,U,Unknown,475,550,inhumation
WltPWY-MC1,71,U,Unknown,450,625,inhumation
WltPWY-MC1,72,U,Unknown,450,625,inhumation
WltPWY-MC1,73,U,Infant,450,625,inhumation
WltPWY-MC1,74,U,Unknown,500,600,inhumation
WltPWY-MC1,75,U,Unknown,450,625,inhumation
WltPWY-MC1,76,U,Unknown,450,625,inhumation
WltPWY-MC1,77,U,Unknown,450,550,inhumation
WltPWY-MC1,78,U,Unknown,500,550,inhumation
WltPWY-MC1,79,U,Unknown,450,625,inhumation
WltPWY-MC1,8,U,Unknown,450,500,inhumation
WltPWY-MC1,80,U,Unknown,450,625,inhumation
WltPWY-MC1,81,U,Unknown,450,625,inhumation
WltPWY-MC1,82,U,Unknown,450,625,inhumation
WltPWY-MC1,83,U,Unknown,450,625,inhumation
WltPWY-MC1,84,U,Unknown,450,625,inhumation
WltPWY-MC1,85,U,Unknown,500,600,inhumation
WltPWY-MC1,86,U,Unknown,450,625,inhumation
WltPWY-MC1,87,U,Unknown,450,600,inhumation
WltPWY-MC1,88,U,Unknown,450,625,inhumation
WltPWY-MC1,89,U,Unknown,450,625,inhumation
WltPWY-MC1,9,U,Unknown,450,550,inhumation
WltPWY-MC1,90,U,Unknown,450,625,inhumation
WltPWY-MC1,91,U,Unknown,450,625,inhumation
WltPWY-MC1,92,U,Unknown,450,625,inhumation
WltPWY-MC1,93,U,Unknown,500,600,inhumation
WltPWY-MC1,94,U,Unknown,475,525,inhumation
WltPWY-MC1,95,U,Unknown,500,575,inhumation
WltPWY-MC1,96,U,Unknown,450,625,inhumation
WltPWY-MC1,97,U,Unknown,450,625,cremation
WltPWY-MC1,98,U,Unknown,450,625,inhumation
WltPWY-MC1,B,U,Unknown,450,525,inhumation
WltPWY-MC1,F125,U,Unknown,500,550,cremation
WltSFW-BI1,1,U,Unknown,450,700,inhumation
WltSTN-BI1,1,U,Unknown,500,620,inhumation
WltSTN-IC1,2,U,Unknown,600,625,inhumation
WltSTN-IC1,1,U,Unknown,600,625,inhumation
WltSTN-IC1,3,F,45-50,600,625,inhumation
WltSVY-BI1,1,M,24-28,400,700,inhumation
WltSWN-BI1,1,U,Unknown,450,700,inhumation
WltTSH-BI1,1,U,Unknown,500,650,inhumation
WltTWH-BI1,1,M,40-45,450,700,inhumation
WltTWH-BI3,1,U,Unknown,450,700,inhumation
WltTWH-BI4,1/1,M,30-45,525,575,inhumation
WltTWH-BI4,1/2,M,25-30,525,575,inhumation
WltTWH-BI4,1/3,M,45+,525,575,inhumation
WltTWH-BI4,1/4,M,18-25,525,575,inhumation
WltWBG-IC1,1,M,25-30,525,575,inhumation
WltWBG-IC1,2,U,Aged,450,600,inhumation
WltWBG-IC1,3,M?,16,450,600,inhumation
WltWBG-IC1,4,M,20-25,475,575,inhumation
WltWBG-IC1,5,M,Adult,450,600,inhumation
WltWBG-IC1,6,M,40-50,450,525,inhumation
WltWBG-IC1,7,U,8,450,525,inhumation
WltWBG-IC1,8,F,35-45,550,600,inhumation
WltWBG-IC1,9,F,Adult,500,550,inhumation
WltWBG-IC1,10,U,4-5,450,600,inhumation
WltWBH-BI1,1,M,30,575,700,inhumation
WltWBH-BI2,1,U,Unknown,450,700,inhumation
WltWBH-IC1,1,U,Unknown,500,550,inhumation
WltWBH-IC1,2,U,Unknown,500,600,inhumation
WltWBH-IC1,3,U,Unknown,500,600,inhumation
WltWBH-IC1,4,U,Unknown,500,600,inhumation
WltWBH-IC1,5,U,Unknown,500,600,inhumation
WltWBH-IC1,6,U,Unknown,500,600,inhumation
WltWBH-IC1,7,U,Unknown,500,600,inhumation
WltWBH-IC1,8,U,Unknown,500,600,inhumation
WltWBS-BI1,1,U,Unknown,450,700,inhumation
WltWBS-BI2,1,U,Unknown,450,650,Inhumation
WltWBS-IC1,2,U,Unknown,450,700,inhumation
WltWBS-IC1,3,U,Unknown,450,700,inhumation
WltWBS-IC1,4,U,Unknown,450,700,inhumation
WltWBS-IC1,5,U,Unknown,450,700,inhumation
WltWBS-IC1,1,U,Unknown,450,700,inhumation
WltWCL-BI1,1,U,Unknown,500,620,inhumation
WltWCL-BI2,1,F,20-25,475,525,inhumation
WltWGN-IC1,1,U,Child,500,550,inhumation
WltWGN-IC1,2,M,Elderly,500,650,inhumation
WltWKN-BI1,1,U,Unknown,600,700,inhumation
WltWKN-BI2,1,U,Unknown,450,700,inhumation
WltWLW-BI1,1,U,Unknown,500,650,inhumation
WltWLW-IC1,1,U,Unknown,450,700,inhumation
WltWLW-IC1,2,M,22,450,700,inhumation
WltWLW-IC2,1/,U,Unknown,600,900,inhumation
WltWLW-IC2,2/,U,Unknown,600,900,inhumation
WltWLW-IC2,4,U,Unknown,600,900,inhumation
WltWLW-IC2,5,U,Unknown,600,900,inhumation
WltWLW-IC2,6,U,Unknown,600,900,inhumation
WltWLW-IC2,7,U,Unknown,600,900,inhumation
WltWLW-IC2,8,U,Unknown,600,900,inhumation
WltWLW-IC2,9,U,Unknown,600,900,inhumation
WltWLW-IC2,10,U,Unknown,600,900,inhumation
WltWLW-IC2,11,U,Unknown,600,900,inhumation
WltWLW-IC2,12,U,Unknown,600,900,inhumation
WltWLW-IC2,13,U,Unknown,600,900,inhumation
WltWLW-IC2,14,U,Unknown,600,900,inhumation
WltWLW-IC2,15,U,Unknown,600,900,inhumation
WltWLW-IC2,16,U,Unknown,600,900,inhumation
WltWLW-IC2,17,U,Unknown,600,900,inhumation
WltWLW-IC2,18,U,Unknown,600,900,inhumation
WltWLW-IC3,1,U,Youth,450,700,inhumation
WltWLW-IC3,2,F,Elderly,450,700,inhumation
WltWLW-IC3,3,M,Young,450,700,inhumation
WltWLW-IC3,4,M,Unknown,450,700,inhumation
WltWLW-IC3,5,M,Unknown,450,700,inhumation
WltWLW-IC3,6,F,Unknown,450,700,inhumation
WltWLW-IC3,7/,F,Unknown,450,700,inhumation
WltWLW-IC3,8,U,Child,450,700,inhumation
WltWLW-IC3,9,U,Child,450,700,inhumation
WltWLW-IC3,10/,M,Unknown,450,700,inhumation
WltWLW-IC3,11,M,Unknown,450,700,inhumation
WltWLW-IC3,12,M,Unknown,450,700,inhumation
WltWLW-IC3,13/,M,Unknown,450,700,inhumation
WltWLW-IC3,7/a,F,Unknown,450,700,inhumation
WltWLW-IC3,10/a,M,Unknown,450,700,inhumation
WltWLW-IC3,10/b,M,Unknown,450,700,inhumation
WltWLW-IC3,13/a,U,Youth,450,700,inhumation
WltWMR-IC1,1,U,Unknown,575,650,inhumation
WltWMR-IC1,2,U,Unknown,575,650,inhumation
WltWMR-IC1,3,U,Unknown,575,650,inhumation
WltWOV-IC2,Tomb 6,U,Adult,500,600,inhumation
WltWOV-IC2,Tomb 7 sec,U,5,500,600,inhumation
WltWOV-IC2,6a,U,Unknown,500,600,inhumation
WltWOV-IC2,6b: 1,U,Adult,500,600,inhumation
WltWOV-IC2,6b: 2,U,Child,500,600,inhumation
WltWOV-IC2,6b: 3/,U,Adult,500,600,inhumation
WltWOV-IC2,6b: 4,U,Adult,400,500,inhumation
WltWOV-IC2,6b: OA,U,Unknown,500,600,Inhumation
WltWOV-IC2,Tomb 7: OA,U,Unknown,500,600,Inhumation
WltWSF-BI1,1,U,Unknown,400,700,inhumation
