?i	?coord	?label	?inception	?firstMention	?dissolved	?when	?start	?end	?orders	?diocese	?partOf	?sitelinks	?types
<http://www.wikidata.org/entity/Q1030249>	POINT(35.616667 32.450000)	"Battle of Fahl"@en				0635-01-01T00:00:00Z					"http://www.wikidata.org/entity/Q248984|http://www.wikidata.org/entity/Q29100"	21	"http://www.wikidata.org/entity/Q178561"
<http://www.wikidata.org/entity/Q1036947>	POINT(31.116667 30.900000)	"Battle of the Delta"@en				-1177-01-01T00:00:00Z					"http://www.wikidata.org/entity/Q1059758"	19	"http://www.wikidata.org/entity/Q1261499"
<http://www.wikidata.org/entity/Q1041463>	POINT(2.211400 48.560800)	"Battle of Saint-Denis"@en				1567-01-01T00:00:00Z					"http://www.wikidata.org/entity/Q233542"	11	"http://www.wikidata.org/entity/Q178561"
<http://www.wikidata.org/entity/Q1042049>	POINT(-0.175000 45.681000)	"Battle of Jarnac"@en				1569-03-13T00:00:00Z					"http://www.wikidata.org/entity/Q673175"	11	"http://www.wikidata.org/entity/Q178561"
<http://www.wikidata.org/entity/Q1048401>	POINT(26.566667 41.666667)	"Battle of Versinikia"@en				0813-06-26T00:00:00Z					"http://www.wikidata.org/entity/Q2288144"	19	"http://www.wikidata.org/entity/Q178561"
<http://www.wikidata.org/entity/Q104865053>	POINT(-1.416389 37.813611)	"Battle of Fahs al-Jullab"@en				1165-10-18T00:00:00Z					"http://www.wikidata.org/entity/Q2993572"	4	"http://www.wikidata.org/entity/Q178561"
<http://www.wikidata.org/entity/Q1048657>	POINT(46.018889 40.829722)	"Battle of Shamkor"@en				1195-06-08T00:00:00Z					"http://www.wikidata.org/entity/Q5547987"	11	"http://www.wikidata.org/entity/Q178561"
<http://www.wikidata.org/entity/Q104912693>	POINT(1.600000 50.216667)	"Battle of Crotoy"@en				1347-07-03T00:00:00Z						1	"http://www.wikidata.org/entity/Q1261499"
<http://www.wikidata.org/entity/Q1049530>	POINT(23.500000 58.500000)	"Battle of Karuse"@en				1270-03-02T00:00:00Z					"http://www.wikidata.org/entity/Q196409"	14	"http://www.wikidata.org/entity/Q178561"
<http://www.wikidata.org/entity/Q1049697>	POINT(18.643900 52.615600)	"Battle of Płowce"@en				1331-09-27T00:00:00Z					"http://www.wikidata.org/entity/Q583223"	14	"http://www.wikidata.org/entity/Q178561"
<http://www.wikidata.org/entity/Q105162351>	POINT(-5.003333 34.043333)	"Capture of Fez"@en				1554-01-17T00:00:00Z					"http://www.wikidata.org/entity/Q28493960"	8	"http://www.wikidata.org/entity/Q178561"
<http://www.wikidata.org/entity/Q1054975>	POINT(20.750300 38.959200)	"Battle of Preveza"@en				1538-10-08T00:00:00Z					"http://www.wikidata.org/entity/Q3119136"	36	"http://www.wikidata.org/entity/Q1261499|http://www.wikidata.org/entity/Q57598"
<http://www.wikidata.org/entity/Q1055755>	POINT(-5.978333 37.518333)	"Battle of Ilipa"@en				-0205-01-01T00:00:00Z					"http://www.wikidata.org/entity/Q6271"	27	"http://www.wikidata.org/entity/Q178561"
<http://www.wikidata.org/entity/Q10572590>	POINT(17.644722 59.858056)	"Battle of Uppsala"@en				1520-04-16T00:00:00Z						2	"http://www.wikidata.org/entity/Q178561"
<http://www.wikidata.org/entity/Q106103749>	POINT(15.308681 49.263203)	"Battle of Horní Dubenky"@en				1423-01-01T00:00:00Z					"http://www.wikidata.org/entity/Q478301"	1	"http://www.wikidata.org/entity/Q178561"
<http://www.wikidata.org/entity/Q1062615>	POINT(-2.981390 47.668600)	"Battle of Auray"@en				1364-10-07T00:00:00Z					"http://www.wikidata.org/entity/Q550172"	26	"http://www.wikidata.org/entity/Q178561"
<http://www.wikidata.org/entity/Q106542708>	POINT(-8.442222 40.923611)	"Battle of Cesar"@en				1035-03-29T00:00:00Z					"http://www.wikidata.org/entity/Q79791"	3	"http://www.wikidata.org/entity/Q178561"
<http://www.wikidata.org/entity/Q10671352>	POINT(13.910000 58.106000)	"Battle of Ettak"@en				1277-01-01T00:00:00Z						3	"http://www.wikidata.org/entity/Q178561"
<http://www.wikidata.org/entity/Q10671354>	POINT(16.916667 59.633333)	"Battle of Gataskogen"@en				1365-03-11T00:00:00Z						3	"http://www.wikidata.org/entity/Q178561"
<http://www.wikidata.org/entity/Q10671357>	POINT(16.431900 59.786400)	"Battle of Haraker"@en				1464-04-26T00:00:00Z						2	"http://www.wikidata.org/entity/Q178561"
<http://www.wikidata.org/entity/Q10671361>	POINT(16.237778 59.561944)	"Battle of Herrevadsbro"@en				1251-01-01T00:00:00Z						5	"http://www.wikidata.org/entity/Q178561"
<http://www.wikidata.org/entity/Q10671364>	POINT(11.108333 58.937500)	"Battle of Holmengrå"@en				1139-11-19T00:00:00Z					"http://www.wikidata.org/entity/Q1760671"	5	"http://www.wikidata.org/entity/Q178561"
<http://www.wikidata.org/entity/Q10671367>	POINT(16.391111 59.801111)	"Battle of Hällaskogen"@en				1437-01-26T00:00:00Z					"http://www.wikidata.org/entity/Q10646484"	1	"http://www.wikidata.org/entity/Q178561"
<http://www.wikidata.org/entity/Q10671413>	POINT(17.187130 56.745927)	"Battle of Öland"@en				1563-09-11T00:00:00Z					"http://www.wikidata.org/entity/Q158677"	4	"http://www.wikidata.org/entity/Q1261499"
<http://www.wikidata.org/entity/Q106767501>	POINT(11.155000 43.459000)	"Battle of Poggio Imperiale"@en				1479-09-16T00:00:00Z					"http://www.wikidata.org/entity/Q130515269"	1	"http://www.wikidata.org/entity/Q178561"
<http://www.wikidata.org/entity/Q106855846>	POINT(13.570000 42.850000)	"Battle of Ascurum"@en				-0045-01-01T00:00:00Z					"http://www.wikidata.org/entity/Q1238338"	1	"http://www.wikidata.org/entity/Q178561"
<http://www.wikidata.org/entity/Q107304813>	POINT(14.600000 45.066667)	"Siege of Curicta"@en				-0048-01-01T00:00:00Z						2	"http://www.wikidata.org/entity/Q178561"
<http://www.wikidata.org/entity/Q1073358>	POINT(27.745000 46.605000)	"Battle of Vaslui"@en				1475-01-10T00:00:00Z					"http://www.wikidata.org/entity/Q1080711"	23	"http://www.wikidata.org/entity/Q178561"
<http://www.wikidata.org/entity/Q107445561>	POINT(-3.371667 38.011667)	"Fall of Ubeda"@en					1212-07-23T00:00:00Z	1212-07-31T00:00:00Z			"http://www.wikidata.org/entity/Q2993572"	2	"http://www.wikidata.org/entity/Q178561|http://www.wikidata.org/entity/Q188055"
<http://www.wikidata.org/entity/Q107470306>	POINT(9.206395 45.163963)	"Battle of the Vernavola"@en				1154-08-01T00:00:00Z					"http://www.wikidata.org/entity/Q187742"	2	"http://www.wikidata.org/entity/Q178561"
<http://www.wikidata.org/entity/Q1076246>	POINT(25.618333 45.286945)	"Battle of Posada"@en					1330-11-17T00:00:00Z	1330-11-20T00:00:00Z				20	"http://www.wikidata.org/entity/Q178561"
<http://www.wikidata.org/entity/Q1082410>	POINT(25.482500 58.446667)	"Battle of St. Matthew's Day"@en				1217-09-28T00:00:00Z					"http://www.wikidata.org/entity/Q51662"	16	"http://www.wikidata.org/entity/Q178561"
<http://www.wikidata.org/entity/Q108293899>	POINT(15.539167 49.815833)	"Battle of Vilémov"@en				1469-03-07T00:00:00Z						3	"http://www.wikidata.org/entity/Q178561"
<http://www.wikidata.org/entity/Q108482058>	POINT(13.721774 49.311164)	"Siege of Horažďovice"@en					1307-06-01T00:00:00Z	1307-07-11T00:00:00Z				2	"http://www.wikidata.org/entity/Q178561"
<http://www.wikidata.org/entity/Q108482063>	POINT(13.143772 49.295683)	"Battle of Nýrsk"@en				1467-10-01T00:00:00Z					"http://www.wikidata.org/entity/Q478301"	1	"http://www.wikidata.org/entity/Q178561"
<http://www.wikidata.org/entity/Q1085253>	POINT(50.450000 53.450000)	"Battle of the Kondurcha River"@en				1391-06-26T00:00:00Z					"http://www.wikidata.org/entity/Q110425528"	20	"http://www.wikidata.org/entity/Q178561"
<http://www.wikidata.org/entity/Q108942993>	POINT(13.540380 50.328543)	"Siege of Zatec"@en					1421-09-19T00:00:00Z	1421-10-11T00:00:00Z			"http://www.wikidata.org/entity/Q478301"	1	"http://www.wikidata.org/entity/Q178561"
<http://www.wikidata.org/entity/Q108943041>	POINT(16.976370 50.447750)	"Battle of Pačkova"@en				1467-06-20T00:00:00Z						1	"http://www.wikidata.org/entity/Q178561"
<http://www.wikidata.org/entity/Q109017310>	POINT(-4.485556 48.390834)	"Battle of Brest"@en				1513-05-04T00:00:00Z					"http://www.wikidata.org/entity/Q636365"	1	"http://www.wikidata.org/entity/Q1261499"
<http://www.wikidata.org/entity/Q109017319>	POINT(-4.774380 48.376380)	"Battle of Blancs-Sablons Bay"@en				1513-05-05T00:00:00Z					"http://www.wikidata.org/entity/Q636365"	2	"http://www.wikidata.org/entity/Q1261499"
<http://www.wikidata.org/entity/Q109065541>	POINT(17.156736 48.808578)	"Battle of Holíč"@en				1315-07-20T00:00:00Z						2	"http://www.wikidata.org/entity/Q178561"
<http://www.wikidata.org/entity/Q1092099>	POINT(21.440555 56.236389)	"Battle of Skuodas"@en				1258-01-01T00:00:00Z					"http://www.wikidata.org/entity/Q16362506"	6	"http://www.wikidata.org/entity/Q178561"
<http://www.wikidata.org/entity/Q109232209>	POINT(15.057670 49.297383)	"Battle of Kamenice nad Lipou"@en				1425-11-09T00:00:00Z					"http://www.wikidata.org/entity/Q478301"	2	"http://www.wikidata.org/entity/Q178561"
<http://www.wikidata.org/entity/Q109279199>	POINT(17.378603 49.287515)	"Battle of Kroměříže"@en				1423-06-01T00:00:00Z					"http://www.wikidata.org/entity/Q478301"	1	"http://www.wikidata.org/entity/Q178561"
<http://www.wikidata.org/entity/Q109301504>	POINT(13.136944 43.769722)	"Battle of Cesano"@en				1462-08-21T00:00:00Z					"http://www.wikidata.org/entity/Q1404472"	1	"http://www.wikidata.org/entity/Q178561"
<http://www.wikidata.org/entity/Q109377039>	POINT(12.936289 43.582839)	"Battle of Nidastore"@en				1461-07-11T00:00:00Z					"http://www.wikidata.org/entity/Q1404472"	1	"http://www.wikidata.org/entity/Q178561"
<http://www.wikidata.org/entity/Q109377210>	POINT(36.181300 36.204500)	"Siege of Antioch"@en				-0050-01-01T00:00:00Z					"http://www.wikidata.org/entity/Q1192043"	4	"http://www.wikidata.org/entity/Q178561"
<http://www.wikidata.org/entity/Q109377380>	POINT(9.203720 45.317055)	"Battle of Siziano"@en				1159-07-22T00:00:00Z					"http://www.wikidata.org/entity/Q187742"	2	"http://www.wikidata.org/entity/Q178561"
<http://www.wikidata.org/entity/Q109377381>	POINT(9.198073 45.799391)	"Battle of Carcano"@en				1160-08-16T00:00:00Z					"http://www.wikidata.org/entity/Q187742"	2	"http://www.wikidata.org/entity/Q178561"
<http://www.wikidata.org/entity/Q109377957>	POINT(8.925768 45.006943)	"Battle of Casei Gerola"@en				1213-10-09T00:00:00Z					"http://www.wikidata.org/entity/Q187742"	2	"http://www.wikidata.org/entity/Q178561"
<http://www.wikidata.org/entity/Q109423305>	POINT(-8.474797 42.357400)	"Battle of Anceo"@en				0825-01-01T00:00:00Z					"http://www.wikidata.org/entity/Q79791"	2	"http://www.wikidata.org/entity/Q178561"
<http://www.wikidata.org/entity/Q1094996>	POINT(45.083333 32.916667)	"Battle of Dayr al-Aqul"@en				0876-04-12T00:00:00Z					"http://www.wikidata.org/entity/Q6067278"	9	"http://www.wikidata.org/entity/Q178561"
<http://www.wikidata.org/entity/Q109644500>	POINT(15.711273 50.188878)	"Battle of Libčany"@en				1437-02-08T00:00:00Z					"http://www.wikidata.org/entity/Q478301"	1	"http://www.wikidata.org/entity/Q178561"
<http://www.wikidata.org/entity/Q1098377>	POINT(3.003611 43.184722)	"Battle of Narbonne"@en					0436-01-01T00:00:00Z	0437-01-01T00:00:00Z			"http://www.wikidata.org/entity/Q122421806"	10	"http://www.wikidata.org/entity/Q178561|http://www.wikidata.org/entity/Q188055"
<http://www.wikidata.org/entity/Q1099263>	POINT(29.066700 40.183300)	"Siege of Bursa"@en					1317-01-01T00:00:00Z	1326-04-14T00:00:00Z			"http://www.wikidata.org/entity/Q630259"	24	"http://www.wikidata.org/entity/Q178561|http://www.wikidata.org/entity/Q188055"
<http://www.wikidata.org/entity/Q109935104>	POINT(17.381404 48.951919)	"Battle of Veselí nad Moravou"@en				1469-08-05T00:00:00Z					"http://www.wikidata.org/entity/Q4938121"	1	"http://www.wikidata.org/entity/Q178561"
<http://www.wikidata.org/entity/Q109935106>	POINT(14.730484 49.262857)	"Battle of Soběslavi"@en				1467-07-13T00:00:00Z						1	"http://www.wikidata.org/entity/Q178561"
<http://www.wikidata.org/entity/Q109935107>	POINT(14.459740 49.048749)	"Battle of Zámostí"@en				1351-11-24T00:00:00Z						1	"http://www.wikidata.org/entity/Q178561"
<http://www.wikidata.org/entity/Q109935109>	POINT(17.551152 49.091864)	"Battle of Uherský Brod"@en				1469-11-11T00:00:00Z						2	"http://www.wikidata.org/entity/Q178561"
<http://www.wikidata.org/entity/Q109935117>	POINT(15.586894 49.394565)	"Assault on Jihlava"@en				1402-01-01T00:00:00Z					"http://www.wikidata.org/entity/Q12038667"	2	"http://www.wikidata.org/entity/Q178561"
<http://www.wikidata.org/entity/Q11017694>	POINT(15.933333 38.550000)	"Battle of Nicotera"@en				1282-10-18T00:00:00Z					"http://www.wikidata.org/entity/Q2599340"	4	"http://www.wikidata.org/entity/Q1261499"
<http://www.wikidata.org/entity/Q110270676>	POINT(14.714452 49.228409)	"Battle of Dráchova"@en				1467-07-02T00:00:00Z						1	"http://www.wikidata.org/entity/Q178561"
<http://www.wikidata.org/entity/Q110463232>	POINT(-2.467500 36.840000)	"Conquest of Almeria"@en				1147-01-01T00:00:00Z						0	"http://www.wikidata.org/entity/Q178561"
<http://www.wikidata.org/entity/Q1109794>	POINT(9.216667 45.616667)	"Battle of Desio"@en				1277-01-28T00:00:00Z					"http://www.wikidata.org/entity/Q187742"	7	"http://www.wikidata.org/entity/Q178561"
<http://www.wikidata.org/entity/Q111207487>	POINT(-5.300000 35.886669)	"Battle of Ceuta (1182)"@en				1182-01-01T00:00:00Z					"http://www.wikidata.org/entity/Q79791"	2	"http://www.wikidata.org/entity/Q1261499"
<http://www.wikidata.org/entity/Q1113659>	POINT(-1.070833 53.932500)	"Battle of Fulford"@en				1066-09-26T00:00:00Z					"http://www.wikidata.org/entity/Q7053398"	31	"http://www.wikidata.org/entity/Q178561"
<http://www.wikidata.org/entity/Q11154360>	POINT(14.654445 49.411111)	"Battle of Tábor"@en				1420-07-09T00:00:00Z					"http://www.wikidata.org/entity/Q478301"	2	"http://www.wikidata.org/entity/Q178561"
<http://www.wikidata.org/entity/Q11154362>	POINT(15.876739 49.215966)	"Battle of Třebíč"@en					1468-05-21T00:00:00Z	1468-09-18T00:00:00Z			"http://www.wikidata.org/entity/Q4938121"	2	"http://www.wikidata.org/entity/Q178561"
<http://www.wikidata.org/entity/Q11154688>	POINT(15.283889 48.819444)	"Battle of Waidhofen"@en				1431-10-14T00:00:00Z					"http://www.wikidata.org/entity/Q478301"	2	"http://www.wikidata.org/entity/Q178561"
<http://www.wikidata.org/entity/Q11155697>	POINT(14.932778 49.387222)	"Battle of Kretsch"@en				1435-08-19T00:00:00Z					"http://www.wikidata.org/entity/Q478301"	4	"http://www.wikidata.org/entity/Q178561"
<http://www.wikidata.org/entity/Q11155804>	POINT(14.169741 50.000556)	"Battle of Loděnice"@en				1179-01-30T00:00:00Z						1	"http://www.wikidata.org/entity/Q178561"
<http://www.wikidata.org/entity/Q11155823>	POINT(16.434603 49.006236)	"Battle of Loděnice"@en				1185-12-17T00:00:00Z						3	"http://www.wikidata.org/entity/Q178561"
<http://www.wikidata.org/entity/Q11155959>	POINT(14.818261 49.534258)	"Battle of Mladá Vožice"@en				1420-04-14T00:00:00Z					"http://www.wikidata.org/entity/Q478301"	2	"http://www.wikidata.org/entity/Q178561"
<http://www.wikidata.org/entity/Q11156122>	POINT(13.643222 49.328028)	"Battle of Małym Borem"@en				1420-10-21T00:00:00Z					"http://www.wikidata.org/entity/Q478301"	2	"http://www.wikidata.org/entity/Q178561"
<http://www.wikidata.org/entity/Q11156164>	POINT(14.684003 49.843153)	"Battle of Poříčí nad Sázavou"@en					1420-05-28T00:00:00Z	1420-05-29T00:00:00Z			"http://www.wikidata.org/entity/Q478301"	3	"http://www.wikidata.org/entity/Q178561"
<http://www.wikidata.org/entity/Q11156425>	POINT(15.793341 50.204042)	"Battle of Strakhov Dvor"@en				1423-08-13T00:00:00Z					"http://www.wikidata.org/entity/Q478301"	2	"http://www.wikidata.org/entity/Q178561"
<http://www.wikidata.org/entity/Q11156638>	POINT(15.187438 49.941958)	"Battle of Vysoké"@en				1142-05-02T00:00:00Z						2	"http://www.wikidata.org/entity/Q178561"
<http://www.wikidata.org/entity/Q11156922>	POINT(14.421389 49.754444)	"Battle of Živohošť"@en				1419-11-04T00:00:00Z					"http://www.wikidata.org/entity/Q478301"	5	"http://www.wikidata.org/entity/Q178561"
<http://www.wikidata.org/entity/Q1115943>	POINT(3.323611 49.381667)	"Battle of Soissons"@en				0718-01-01T00:00:00Z						10	"http://www.wikidata.org/entity/Q178561"
<http://www.wikidata.org/entity/Q112016>	POINT(51.598611 30.708333)	"Battle of the Persian Gate on the Mountain"@en				-0329-01-15T00:00:00Z					"http://www.wikidata.org/entity/Q551888"	29	"http://www.wikidata.org/entity/Q178561|http://www.wikidata.org/entity/Q3817498|http://www.wikidata.org/entity/Q680838"
<http://www.wikidata.org/entity/Q1121532>	POINT(-5.900000 35.016700)	"Battle of Alcácer Quibir"@en				1578-08-14T00:00:00Z					"http://www.wikidata.org/entity/Q340075"	33	"http://www.wikidata.org/entity/Q178561"
<http://www.wikidata.org/entity/Q112181341>	POINT(-3.707939 37.237511)	"Battle of Medina Elvira"@en				0899-01-01T00:00:00Z						1	"http://www.wikidata.org/entity/Q178561"
<http://www.wikidata.org/entity/Q112229312>	POINT(14.428037 50.073685)	"Battle of Prague (1179)"@en				1179-02-03T00:00:00Z						2	"http://www.wikidata.org/entity/Q178561"
<http://www.wikidata.org/entity/Q112502975>	POINT(15.743611 50.137222)	"Battle of Podůlšan"@en				1421-01-01T00:00:00Z					"http://www.wikidata.org/entity/Q478301"	1	"http://www.wikidata.org/entity/Q178561"
<http://www.wikidata.org/entity/Q112503114>	POINT(13.474534 50.235730)	"Battle of Žatce"@en				1318-03-28T00:00:00Z						1	"http://www.wikidata.org/entity/Q178561"
<http://www.wikidata.org/entity/Q112653311>	POINT(16.071000 50.403111)	"Battle of Skalice"@en				1424-01-15T00:00:00Z					"http://www.wikidata.org/entity/Q478301"	1	"http://www.wikidata.org/entity/Q178561"
<http://www.wikidata.org/entity/Q1127337>	POINT(-3.000000 56.916667)	"Battle of Mons Graupius"@en				0083-01-01T00:00:00Z					"http://www.wikidata.org/entity/Q1258062"	31	"http://www.wikidata.org/entity/Q178561"
<http://www.wikidata.org/entity/Q1127353>	POINT(10.225000 36.765000)	"Battle of Ad Decimum"@en				0533-09-15T00:00:00Z					"http://www.wikidata.org/entity/Q1136575"	26	"http://www.wikidata.org/entity/Q178561"
<http://www.wikidata.org/entity/Q113009655>	POINT(10.337706 36.861984)	"Battle of Carthage"@en				0533-09-15T00:00:00Z					"http://www.wikidata.org/entity/Q1136575"	1	"http://www.wikidata.org/entity/Q178561"
<http://www.wikidata.org/entity/Q1130525>	POINT(2.873060 49.398060)	"Battle of Compiègne"@en				0715-09-30T00:00:00Z						10	"http://www.wikidata.org/entity/Q178561"
<http://www.wikidata.org/entity/Q1132306>	POINT(27.800000 41.150000)	"Battle of Tzirallum"@en				0313-05-01T00:00:00Z					"http://www.wikidata.org/entity/Q759835"	12	"http://www.wikidata.org/entity/Q178561"
<http://www.wikidata.org/entity/Q113317>	POINT(12.433333 37.800000)	"Battle of Lilybaeum"@en				-0217-01-01T00:00:00Z					"http://www.wikidata.org/entity/Q6271"	15	"http://www.wikidata.org/entity/Q1261499"
<http://www.wikidata.org/entity/Q1133574>	POINT(47.816700 30.500000)	"Battle of the Camel"@en				0656-11-10T00:00:00Z					"http://www.wikidata.org/entity/Q1417059"	43	"http://www.wikidata.org/entity/Q178561"
<http://www.wikidata.org/entity/Q113411070>	POINT(38.816818 56.713061)					1304-06-16T00:00:00Z					"http://www.wikidata.org/entity/Q21394533"	1	"http://www.wikidata.org/entity/Q178561"
<http://www.wikidata.org/entity/Q1134649>	POINT(12.200000 37.966700)	"Battle of the Aegates Islands"@en				-0240-01-01T00:00:00Z					"http://www.wikidata.org/entity/Q6286"	29	"http://www.wikidata.org/entity/Q1261499"
<http://www.wikidata.org/entity/Q113648919>	POINT(32.550000 29.966667)	"Battle of Suez"@en				1541-05-06T00:00:00Z					"http://www.wikidata.org/entity/Q762191"	3	"http://www.wikidata.org/entity/Q178561"
<http://www.wikidata.org/entity/Q113649166>	POINT(-3.277778 56.470278)	"Battle of Dunsinane"@en				1054-08-02T00:00:00Z						1	"http://www.wikidata.org/entity/Q178561"
<http://www.wikidata.org/entity/Q1136870>	POINT(1.420000 51.270278)	"Battle of Sandwich (1217)"@en				1217-08-24T00:00:00Z					"http://www.wikidata.org/entity/Q2086498"	14	"http://www.wikidata.org/entity/Q1261499"
<http://www.wikidata.org/entity/Q1137764>	POINT(14.500000 40.650000)	"Battle of Mons Lactarius"@en				0552-10-01T00:00:00Z					"http://www.wikidata.org/entity/Q477973"	26	"http://www.wikidata.org/entity/Q178561"
<http://www.wikidata.org/entity/Q1137980>	POINT(12.200000 44.416667)	"Battle of Ravenna"@en				1512-04-21T00:00:00Z					"http://www.wikidata.org/entity/Q636365"	21	"http://www.wikidata.org/entity/Q178561"
<http://www.wikidata.org/entity/Q1138660>	POINT(13.811389 37.971667)	"Battle of Himera"@en				-0479-01-01T00:00:00Z					"http://www.wikidata.org/entity/Q965986"	26	"http://www.wikidata.org/entity/Q178561"
<http://www.wikidata.org/entity/Q1138687>	POINT(12.716500 41.818000)	"Battle of Monte Porzio"@en				1167-06-05T00:00:00Z					"http://www.wikidata.org/entity/Q187742"	9	"http://www.wikidata.org/entity/Q178561"
<http://www.wikidata.org/entity/Q113947145>	POINT(0.560000 51.550000)	"Battle of Benfleet"@en				0894-01-01T00:00:00Z						3	"http://www.wikidata.org/entity/Q178561"
<http://www.wikidata.org/entity/Q1140646>	POINT(-0.897778 49.337222)	"Battle of Formigny"@en				1450-04-15T00:00:00Z					"http://www.wikidata.org/entity/Q12551"	26	"http://www.wikidata.org/entity/Q178561"
<http://www.wikidata.org/entity/Q1148862>	POINT(31.714722 31.329722)	"Battle of Fariskur"@en				1250-04-06T00:00:00Z					"http://www.wikidata.org/entity/Q51661"	23	"http://www.wikidata.org/entity/Q178561"
<http://www.wikidata.org/entity/Q1151812>	POINT(27.375000 36.685833)	"Battle of Cnidus"@en				-0393-01-01T00:00:00Z					"http://www.wikidata.org/entity/Q174904"	21	"http://www.wikidata.org/entity/Q178561"
<http://www.wikidata.org/entity/Q1160070>	POINT(14.783333 41.133333)	"Battle of Beneventum"@en				-0274-01-01T00:00:00Z					"http://www.wikidata.org/entity/Q596373"	31	"http://www.wikidata.org/entity/Q178561"
<http://www.wikidata.org/entity/Q116148546>	POINT(34.746319 31.865972)	"Battle of al-Uqhuwana"@en				1029-05-01T00:00:00Z						5	"http://www.wikidata.org/entity/Q178561"
<http://www.wikidata.org/entity/Q1163186>	POINT(13.400000 54.416667)	"Battle of Svolder"@en				0999-01-01T00:00:00Z					"http://www.wikidata.org/entity/Q253018"	31	"http://www.wikidata.org/entity/Q1261499"
<http://www.wikidata.org/entity/Q1165440>	POINT(-2.262274 48.089015)	"Battle of Mauron"@en				1352-08-22T00:00:00Z					"http://www.wikidata.org/entity/Q550172"	7	"http://www.wikidata.org/entity/Q178561"
<http://www.wikidata.org/entity/Q1165502>	POINT(38.800000 37.150000)	"Battle of Edessa"@en				0260-01-01T00:00:00Z					"http://www.wikidata.org/entity/Q3651755"	35	"http://www.wikidata.org/entity/Q178561"
<http://www.wikidata.org/entity/Q11688130>	POINT(16.700000 43.083333)	"Battle of Tauris"@en				-0047-01-01T00:00:00Z					"http://www.wikidata.org/entity/Q1238338"	3	"http://www.wikidata.org/entity/Q1261499"
<http://www.wikidata.org/entity/Q11688183>	POINT(-1.276081 38.381084)	"Battle of Helike"@en				-0227-01-01T00:00:00Z					"http://www.wikidata.org/entity/Q11915292"	6	"http://www.wikidata.org/entity/Q178561"
<http://www.wikidata.org/entity/Q11688184>	POINT(-2.350000 55.600000)	"Battle of Haddon Rig"@en				1542-09-03T00:00:00Z					"http://www.wikidata.org/entity/Q1640586"	3	"http://www.wikidata.org/entity/Q178561"
<http://www.wikidata.org/entity/Q11688214>	POINT(17.926944 50.664722)	"Battle of Opole"@en				1241-04-01T00:00:00Z					"http://www.wikidata.org/entity/Q2667645"	3	"http://www.wikidata.org/entity/Q178561"
<http://www.wikidata.org/entity/Q11688220>	POINT(17.048900 39.265000)	"Battle of Petelia"@en				-0207-01-01T00:00:00Z					"http://www.wikidata.org/entity/Q6271"	5	"http://www.wikidata.org/entity/Q178561"
<http://www.wikidata.org/entity/Q1169274>	POINT(9.783333 45.533333)	"Battle of Cortenuova"@en				1237-12-04T00:00:00Z					"http://www.wikidata.org/entity/Q187742"	12	"http://www.wikidata.org/entity/Q178561"
<http://www.wikidata.org/entity/Q117812087>	POINT(14.391000 49.979000)	"Battle of Zbraslav"@en				1429-05-02T00:00:00Z					"http://www.wikidata.org/entity/Q478301"	1	"http://www.wikidata.org/entity/Q178561"
<http://www.wikidata.org/entity/Q11794880>	POINT(19.943944 50.053250)	"Siege of Kraków (1345)"@en				1345-01-01T00:00:00Z						1	"http://www.wikidata.org/entity/Q178561"
<http://www.wikidata.org/entity/Q11794892>	POINT(13.483333 51.166667)	"Siege of Meissen (1015)"@en				1015-09-19T00:00:00Z						3	"http://www.wikidata.org/entity/Q178561"
<http://www.wikidata.org/entity/Q11794926>	POINT(17.876944 49.871389)	"Siege of Hradec Castle"@en				1060-01-01T00:00:00Z						2	"http://www.wikidata.org/entity/Q178561|http://www.wikidata.org/entity/Q188055"
<http://www.wikidata.org/entity/Q1184835>	POINT(16.319790 38.975596)	"Battle of Numistro"@en				-0209-01-01T00:00:00Z					"http://www.wikidata.org/entity/Q6271"	16	"http://www.wikidata.org/entity/Q178561"
<http://www.wikidata.org/entity/Q1187406>	POINT(0.333333 42.183333)	"Battle of Graus"@en				1063-05-14T00:00:00Z					"http://www.wikidata.org/entity/Q79791"	12	"http://www.wikidata.org/entity/Q178561"
<http://www.wikidata.org/entity/Q1187461>	POINT(23.533333 38.316667)	"Battle of Tanagra"@en				-0456-01-01T00:00:00Z						17	"http://www.wikidata.org/entity/Q178561"
<http://www.wikidata.org/entity/Q11881372>	POINT(22.900000 60.583333)	"Battle of Marttila"@en				1599-08-29T00:00:00Z					"http://www.wikidata.org/entity/Q924600"	2	"http://www.wikidata.org/entity/Q178561"
<http://www.wikidata.org/entity/Q118951>	POINT(9.975586 43.317186)	"Battle of Meloria"@en				1284-08-13T00:00:00Z						19	"http://www.wikidata.org/entity/Q1261499"
<http://www.wikidata.org/entity/Q11907073>	POINT(-0.383333 39.200000)	"Attack on Albalat"@en				1233-01-01T00:00:00Z					"http://www.wikidata.org/entity/Q2993587"	1	"http://www.wikidata.org/entity/Q178561"
<http://www.wikidata.org/entity/Q11907077>	POINT(3.279811 43.283325)	"Attack on Serinhan"@en				1286-02-01T00:00:00Z					"http://www.wikidata.org/entity/Q625133"	1	"http://www.wikidata.org/entity/Q178561"
<http://www.wikidata.org/entity/Q11908699>	POINT(1.933333 41.483333)	"Battle of Ad Pontes"@en				0792-01-01T00:00:00Z					"http://www.wikidata.org/entity/Q11915295"	1	"http://www.wikidata.org/entity/Q178561"
<http://www.wikidata.org/entity/Q11908704>	POINT(8.616667 44.916667)	"Battle of Alessandria"@en				1391-07-03T00:00:00Z					"http://www.wikidata.org/entity/Q187742"	6	"http://www.wikidata.org/entity/Q178561"
<http://www.wikidata.org/entity/Q11908705>	POINT(-4.700000 37.200000)	"Battle of Alameda"@en					0758-05-18T00:00:00Z	0758-05-19T00:00:00Z				7	"http://www.wikidata.org/entity/Q178561"
<http://www.wikidata.org/entity/Q11908706>	POINT(-3.600000 37.166667)	"Battle of Almosala"@en				1145-09-01T00:00:00Z					"http://www.wikidata.org/entity/Q11945453"	2	"http://www.wikidata.org/entity/Q178561"
<http://www.wikidata.org/entity/Q11908707>	POINT(0.166667 45.650000)	"Battle of Angumois"@en				0844-06-01T00:00:00Z						1	"http://www.wikidata.org/entity/Q178561"
<http://www.wikidata.org/entity/Q11908709>	POINT(36.398611 35.418333)	"Battle of Apameia"@en				-1500-01-01T00:00:00Z						1	"http://www.wikidata.org/entity/Q178561"
<http://www.wikidata.org/entity/Q11908710>	POINT(27.683333 37.933333)	"Battle of Arinnanda"@en				-1324-01-01T00:00:00Z						2	"http://www.wikidata.org/entity/Q178561"
<http://www.wikidata.org/entity/Q11908711>	POINT(-4.701150 37.380611)	"Battle of Arnisol"@en				1126-03-17T00:00:00Z					"http://www.wikidata.org/entity/Q5853330"	3	"http://www.wikidata.org/entity/Q178561"
<http://www.wikidata.org/entity/Q11908712>	POINT(3.116667 42.133333)	"Batlle of Emporion"@en				-0194-01-01T00:00:00Z					"http://www.wikidata.org/entity/Q11945466"	2	"http://www.wikidata.org/entity/Q178561"
<http://www.wikidata.org/entity/Q11908715>	POINT(28.516667 38.350000)	"Battle of Aulax"@en					1304-04-01T00:00:00Z	1304-05-01T00:00:00Z			"http://www.wikidata.org/entity/Q279078"	1	"http://www.wikidata.org/entity/Q178561"
<http://www.wikidata.org/entity/Q11908716>	POINT(-6.020000 43.250000)	"Battle of Olalíes"@en				0722-01-01T00:00:00Z					"http://www.wikidata.org/entity/Q79791"	2	"http://www.wikidata.org/entity/Q178561"
<http://www.wikidata.org/entity/Q11908717>	POINT(27.250000 37.850000)	"Battle of Ania"@en					1304-06-01T00:00:00Z	1304-07-01T00:00:00Z			"http://www.wikidata.org/entity/Q279078"	1	"http://www.wikidata.org/entity/Q178561"
<http://www.wikidata.org/entity/Q11908718>	POINT(-1.716667 38.916667)	"Battle of al-Lujj"@en				1146-02-12T00:00:00Z					"http://www.wikidata.org/entity/Q11945453"	5	"http://www.wikidata.org/entity/Q178561"
<http://www.wikidata.org/entity/Q11908720>	POINT(-2.440697 36.915094)	"Battle of Bayyana"@en				0891-01-01T00:00:00Z					"http://www.wikidata.org/entity/Q79791"	2	"http://www.wikidata.org/entity/Q178561"
<http://www.wikidata.org/entity/Q11908721>	POINT(1.800000 42.366667)	"Battle of Baltarga"@en				0942-01-01T00:00:00Z						1	"http://www.wikidata.org/entity/Q178561"
<http://www.wikidata.org/entity/Q11908733>	POINT(0.700000 41.683333)	"Battle of Corbins"@en				1126-01-01T00:00:00Z					"http://www.wikidata.org/entity/Q2993574"	4	"http://www.wikidata.org/entity/Q178561"
<http://www.wikidata.org/entity/Q11908734>	POINT(16.600000 38.900000)	"Battle of Catanzaro"@en				1297-01-01T00:00:00Z					"http://www.wikidata.org/entity/Q207327"	2	"http://www.wikidata.org/entity/Q178561"
<http://www.wikidata.org/entity/Q11908735>	POINT(-2.833333 42.766667)	"Battle of Conchas de Arganzón"@en				0801-01-01T00:00:00Z					"http://www.wikidata.org/entity/Q11915295"	2	"http://www.wikidata.org/entity/Q178561"
<http://www.wikidata.org/entity/Q11908736>	POINT(26.671111 40.413333)	"Battle of Gallipoli"@en				1305-01-01T00:00:00Z					"http://www.wikidata.org/entity/Q3434336"	1	"http://www.wikidata.org/entity/Q178561"
<http://www.wikidata.org/entity/Q11908737>	POINT(14.533333 37.716667)	"Battle of Gagliano"@en				1300-02-01T00:00:00Z					"http://www.wikidata.org/entity/Q2599340"	3	"http://www.wikidata.org/entity/Q178561"
<http://www.wikidata.org/entity/Q11908738>	POINT(26.671111 40.413333)	"Battle of Gallipoli"@en				1306-07-01T00:00:00Z					"http://www.wikidata.org/entity/Q3434336"	1	"http://www.wikidata.org/entity/Q178561"
<http://www.wikidata.org/entity/Q11908741>	POINT(32.971100 37.001400)	"Battle of Cibistra"@en				1304-08-23T00:00:00Z					"http://www.wikidata.org/entity/Q279078"	1	"http://www.wikidata.org/entity/Q178561"
<http://www.wikidata.org/entity/Q11908742>	POINT(27.608889 39.188333)	"Battle of Germe"@en					1304-04-01T00:00:00Z	1304-05-01T00:00:00Z			"http://www.wikidata.org/entity/Q279078"	1	"http://www.wikidata.org/entity/Q178561"
<http://www.wikidata.org/entity/Q11908745>	POINT(-6.216667 36.600000)	"Battle of Guadalete"@en				0745-04-01T00:00:00Z					"http://www.wikidata.org/entity/Q11945470"	3	"http://www.wikidata.org/entity/Q178561"
<http://www.wikidata.org/entity/Q11908748>	POINT(17.023333 38.908889)	"Battle of Le Castella"@en				1297-01-01T00:00:00Z						3	"http://www.wikidata.org/entity/Q178561"
<http://www.wikidata.org/entity/Q11908753>	POINT(3.133333 39.966667)	"Battle of Mallorca"@en				0813-01-01T00:00:00Z					"http://www.wikidata.org/entity/Q11926563"	2	"http://www.wikidata.org/entity/Q1261499"
<http://www.wikidata.org/entity/Q11908757>	POINT(23.266667 38.216667)	"Battle of Plataea"@en				-0430-01-01T00:00:00Z					"http://www.wikidata.org/entity/Q33745"	1	"http://www.wikidata.org/entity/Q178561"
<http://www.wikidata.org/entity/Q11908763>	POINT(9.566667 45.566667)	"Battle of Pons Aureoli"@en				0268-01-01T00:00:00Z						1	"http://www.wikidata.org/entity/Q178561"
<http://www.wikidata.org/entity/Q11908765>	POINT(3.179444 42.263889)	"Battle of Rhode"@en				-0194-01-01T00:00:00Z					"http://www.wikidata.org/entity/Q11945466"	2	"http://www.wikidata.org/entity/Q178561"
<http://www.wikidata.org/entity/Q11908769>	POINT(1.153056 43.243611)	"Battle of Salvetat"@en				1217-09-19T00:00:00Z					"http://www.wikidata.org/entity/Q51657"	3	"http://www.wikidata.org/entity/Q178561"
<http://www.wikidata.org/entity/Q11908772>	POINT(27.733333 38.083333)	"Battle of Tyras"@en					1304-06-01T00:00:00Z	1304-07-01T00:00:00Z			"http://www.wikidata.org/entity/Q279078"	1	"http://www.wikidata.org/entity/Q178561"
<http://www.wikidata.org/entity/Q11908777>	POINT(10.283333 43.666667)	"Battle of Foce Pisana"@en				1421-11-06T00:00:00Z					"http://www.wikidata.org/entity/Q20679154"	2	"http://www.wikidata.org/entity/Q1261499"
<http://www.wikidata.org/entity/Q11908782>	POINT(-6.054444 42.458056)	"Battle of las Babias"@en				0795-09-22T00:00:00Z					"http://www.wikidata.org/entity/Q79791"	10	"http://www.wikidata.org/entity/Q178561"
<http://www.wikidata.org/entity/Q11908789>	POINT(-4.050000 38.033333)	"Battle of Jandula"@en				0853-01-01T00:00:00Z						1	"http://www.wikidata.org/entity/Q178561"
<http://www.wikidata.org/entity/Q11908791>	POINT(26.345000 41.760833)	"Battle of Mont Hemus"@en				1306-07-14T00:00:00Z					"http://www.wikidata.org/entity/Q3434336"	1	"http://www.wikidata.org/entity/Q178561"
<http://www.wikidata.org/entity/Q11908795>	POINT(7.766667 36.900000)	"Battle of Bône"@en				1360-01-01T00:00:00Z					"http://www.wikidata.org/entity/Q2664602"	1	"http://www.wikidata.org/entity/Q1261499"
<http://www.wikidata.org/entity/Q11908797>	POINT(29.038333 41.050000)	"Battle of the Bosporus"@en				1352-02-21T00:00:00Z					"http://www.wikidata.org/entity/Q894486"	3	"http://www.wikidata.org/entity/Q1261499"
<http://www.wikidata.org/entity/Q11908798>	POINT(8.205586 40.604960)	"Battle of Porto Conte"@en				1353-09-04T00:00:00Z					"http://www.wikidata.org/entity/Q20108781|http://www.wikidata.org/entity/Q2471587"	7	"http://www.wikidata.org/entity/Q1261499"
<http://www.wikidata.org/entity/Q11908799>	POINT(3.166667 41.783333)	"Battle of Sant Feliu de Guíxols"@en					1285-08-03T00:00:00Z	1285-08-04T00:00:00Z			"http://www.wikidata.org/entity/Q625133"	1	"http://www.wikidata.org/entity/Q1261499"
<http://www.wikidata.org/entity/Q11914880>	POINT(2.816667 41.983333)	"Battle of Saint Mary"@en				1285-08-22T00:00:00Z					"http://www.wikidata.org/entity/Q625133"	2	"http://www.wikidata.org/entity/Q178561"
<http://www.wikidata.org/entity/Q11915296>	POINT(2.816667 41.983333)	"Conquest of Girona"@en				0785-01-01T00:00:00Z					"http://www.wikidata.org/entity/Q11915295"	2	"http://www.wikidata.org/entity/Q178561"
<http://www.wikidata.org/entity/Q11915297>	POINT(2.166667 41.401944)	"Siege of Barcelona"@en					0800-10-01T00:00:00Z	0801-04-07T00:00:00Z			"http://www.wikidata.org/entity/Q11915295"	10	"http://www.wikidata.org/entity/Q178561|http://www.wikidata.org/entity/Q188055"
<http://www.wikidata.org/entity/Q1192616>	POINT(44.516667 41.683333)	"Battle of Didgori"@en				1121-08-19T00:00:00Z					"http://www.wikidata.org/entity/Q5547987"	29	"http://www.wikidata.org/entity/Q178561"
<http://www.wikidata.org/entity/Q1194227>	POINT(-2.761667 47.655000)	"Siege of Vannes"@en					1342-01-01T00:00:00Z	1343-01-21T00:00:00Z			"http://www.wikidata.org/entity/Q550172"	7	"http://www.wikidata.org/entity/Q178561|http://www.wikidata.org/entity/Q188055"
<http://www.wikidata.org/entity/Q11942689>	POINT(16.516667 38.783333)	"Capture of Squillace"@en					1297-07-01T00:00:00Z	1297-09-01T00:00:00Z			"http://www.wikidata.org/entity/Q2599340"	2	"http://www.wikidata.org/entity/Q178561"
<http://www.wikidata.org/entity/Q11949521>	POINT(-0.116667 42.033333)	"Siege of Barbastro"@en				1065-01-01T00:00:00Z					"http://www.wikidata.org/entity/Q79791"	2	"http://www.wikidata.org/entity/Q178561"
<http://www.wikidata.org/entity/Q11949527>	POINT(-5.306434 35.889756)	"Siege of Ceuta"@en				1309-07-29T00:00:00Z					"http://www.wikidata.org/entity/Q21081322"	3	"http://www.wikidata.org/entity/Q178561|http://www.wikidata.org/entity/Q188055"
<http://www.wikidata.org/entity/Q11949559>	POINT(15.287500 37.069167)	"Siege of Syracuse"@en				1298-01-01T00:00:00Z					"http://www.wikidata.org/entity/Q207327"	3	"http://www.wikidata.org/entity/Q178561|http://www.wikidata.org/entity/Q188055"
<http://www.wikidata.org/entity/Q12001384>	POINT(9.466670 54.550000)	"Battle of Lyrskov Heath"@en				1043-10-04T00:00:00Z						5	"http://www.wikidata.org/entity/Q178561"
<http://www.wikidata.org/entity/Q12001388>	POINT(9.925278 56.038056)	"Battle of Nonnebjerget"@en				1340-11-10T00:00:00Z						3	"http://www.wikidata.org/entity/Q178561"
<http://www.wikidata.org/entity/Q12041940>	POINT(13.382500 49.741389)	"Siege of Pilsen"@en				1433-07-23T00:00:00Z	1433-07-14T00:00:00Z	1434-05-09T00:00:00Z			"http://www.wikidata.org/entity/Q478301"	4	"http://www.wikidata.org/entity/Q178561|http://www.wikidata.org/entity/Q188055"
<http://www.wikidata.org/entity/Q120531939>	POINT(44.003212 56.328453)	"Battle for Nizhniy Novgorod"@en				1439-01-01T00:00:00Z					"http://www.wikidata.org/entity/Q120629753"	3	"http://www.wikidata.org/entity/Q178561"
<http://www.wikidata.org/entity/Q1207310>	POINT(30.383333 54.500000)	"Battle of Orsha"@en				1514-09-18T00:00:00Z					"http://www.wikidata.org/entity/Q2634927"	27	"http://www.wikidata.org/entity/Q178561"
<http://www.wikidata.org/entity/Q121237458>	POINT(-8.686111 39.233889)	"Capture of Santarém"@en				1111-05-01T00:00:00Z					"http://www.wikidata.org/entity/Q2993574"	5	"http://www.wikidata.org/entity/Q178561"
<http://www.wikidata.org/entity/Q12156087>	POINT(0.133889 40.092222)	"Battle of Oropesa"@en				1521-06-01T00:00:00Z					"http://www.wikidata.org/entity/Q3098752"	2	"http://www.wikidata.org/entity/Q178561"
<http://www.wikidata.org/entity/Q12156091>	POINT(13.216667 43.716667)	"Battle of Sena Gallica"@en				-0081-04-01T00:00:00Z					"http://www.wikidata.org/entity/Q521868"	3	"http://www.wikidata.org/entity/Q178561"
<http://www.wikidata.org/entity/Q1219645>	POINT(-3.516667 42.350000)	"Battle of Atapuerca"@en				1054-09-07T00:00:00Z						9	"http://www.wikidata.org/entity/Q178561"
<http://www.wikidata.org/entity/Q12216247>	POINT(44.366111 33.315278)	"Capture of Baghdad"@en				1508-10-01T00:00:00Z					"http://www.wikidata.org/entity/Q130265577"	2	"http://www.wikidata.org/entity/Q178561"
<http://www.wikidata.org/entity/Q12253460>	POINT(-2.908056 42.884722)	"Battle of Andagoste"@en					-0037-01-01T00:00:00Z				"http://www.wikidata.org/entity/Q2422375"	2	"http://www.wikidata.org/entity/Q178561"
<http://www.wikidata.org/entity/Q12254993>	POINT(-2.042432 43.143188)	"Battle of Beotibar"@en				1321-09-27T00:00:00Z						2	"http://www.wikidata.org/entity/Q178561"
<http://www.wikidata.org/entity/Q122644258>	POINT(-15.431945 28.096111)	"Battle of the Guiniguada"@en				1478-07-07T00:00:00Z					"http://www.wikidata.org/entity/Q124409571"	1	"http://www.wikidata.org/entity/Q178561"
<http://www.wikidata.org/entity/Q1228713>	POINT(18.973389 48.154506)	"Battle of Palast"@en				1552-08-20T00:00:00Z						8	"http://www.wikidata.org/entity/Q178561"
<http://www.wikidata.org/entity/Q1230563>	POINT(12.498611 41.907222)	"Battle of the Colline Gate"@en				-0081-10-30T00:00:00Z					"http://www.wikidata.org/entity/Q1747183|http://www.wikidata.org/entity/Q521868"	17	"http://www.wikidata.org/entity/Q178561"
<http://www.wikidata.org/entity/Q1231054>	POINT(34.450000 31.516667)	"Battle of Gaza"@en				-0311-01-01T00:00:00Z					"http://www.wikidata.org/entity/Q1925514"	21	"http://www.wikidata.org/entity/Q178561"
<http://www.wikidata.org/entity/Q1231684>	POINT(4.365000 48.957500)	"Battle of Châlons"@en				0274-01-01T00:00:00Z					"http://www.wikidata.org/entity/Q116860805"	14	"http://www.wikidata.org/entity/Q178561"
<http://www.wikidata.org/entity/Q1233475>	POINT(-1.333889 42.989444)	"Battle of Roncevaux Pass"@en				0778-08-19T00:00:00Z					"http://www.wikidata.org/entity/Q11921393"	36	"http://www.wikidata.org/entity/Q178561"
<http://www.wikidata.org/entity/Q12336015>	POINT(9.293200 57.062400)	"Battle of St. Jørgensbjerg"@en				1441-06-17T00:00:00Z						2	"http://www.wikidata.org/entity/Q178561"
<http://www.wikidata.org/entity/Q1233768>	POINT(46.193187 37.011555)	"Battle of the Blarathon"@en				0591-08-01T00:00:00Z					"http://www.wikidata.org/entity/Q16931639|http://www.wikidata.org/entity/Q2320020"	11	"http://www.wikidata.org/entity/Q178561"
<http://www.wikidata.org/entity/Q1236849>	POINT(18.262500 51.113333)	"Battle of Byczyna"@en				1588-01-24T00:00:00Z					"http://www.wikidata.org/entity/Q3016850"	8	"http://www.wikidata.org/entity/Q178561"
<http://www.wikidata.org/entity/Q123760601>	POINT(6.006345 52.133250)	"Slag op de Vrijenberg"@en				1354-06-27T00:00:00Z					"http://www.wikidata.org/entity/Q13640736"	1	"http://www.wikidata.org/entity/Q178561"
<http://www.wikidata.org/entity/Q12428>	POINT(30.520600 39.776700)	"Battle of Dorylaeum"@en				1097-07-07T00:00:00Z					"http://www.wikidata.org/entity/Q51649"	35	"http://www.wikidata.org/entity/Q178561"
<http://www.wikidata.org/entity/Q1243260>	POINT(-4.659817 42.236950)	"Battle of Golpejera"@en				1072-01-18T00:00:00Z					"http://www.wikidata.org/entity/Q79791"	7	"http://www.wikidata.org/entity/Q178561"
<http://www.wikidata.org/entity/Q124427969>	POINT(14.535000 52.426111)	"Third War for Lebus"@en				1239-01-01T00:00:00Z						2	"http://www.wikidata.org/entity/Q178561"
<http://www.wikidata.org/entity/Q1246460>	POINT(-4.276667 42.340556)	"Battle of Llantada"@en				1068-07-19T00:00:00Z						5	"http://www.wikidata.org/entity/Q178561"
<http://www.wikidata.org/entity/Q124721242>	POINT(-2.130533 55.701920)	"Battle of Grindon"@en				1558-01-01T00:00:00Z						0	"http://www.wikidata.org/entity/Q178561"
<http://www.wikidata.org/entity/Q1247317>	POINT(33.916667 35.166667)	"Battle of Salamis"@en				-0305-01-01T00:00:00Z					"http://www.wikidata.org/entity/Q4515025"	21	"http://www.wikidata.org/entity/Q1261499"
<http://www.wikidata.org/entity/Q124958496>	POINT(39.503400 24.839800)	"Battle of Abraq"@en				0632-08-01T00:00:00Z					"http://www.wikidata.org/entity/Q1348630"	5	"http://www.wikidata.org/entity/Q178561"
<http://www.wikidata.org/entity/Q125179009>	POINT(9.029722 48.694722)	"Battle of Böblingen"@en				1525-05-22T00:00:00Z					"http://www.wikidata.org/entity/Q154031"	3	"http://www.wikidata.org/entity/Q178561"
<http://www.wikidata.org/entity/Q1254898>	POINT(9.116667 39.216667)	"Battle of Lucocisterna"@en				1324-02-29T00:00:00Z					"http://www.wikidata.org/entity/Q3403866"	7	"http://www.wikidata.org/entity/Q178561"
<http://www.wikidata.org/entity/Q1255093>	POINT(9.883781 47.906342)	"Battle of Wurzach"@en				1525-04-24T00:00:00Z					"http://www.wikidata.org/entity/Q154031"	2	"http://www.wikidata.org/entity/Q178561"
<http://www.wikidata.org/entity/Q125552181>	POINT(9.183333 36.733333)	"Hammadid capture of Béja (1015)"@en				1015-06-01T00:00:00Z					"http://www.wikidata.org/entity/Q127867977"	2	"http://www.wikidata.org/entity/Q178561"
<http://www.wikidata.org/entity/Q125861402>	POINT(-5.616111 40.712778)	"Battle of Alhandega"@en				0939-08-01T00:00:00Z					"http://www.wikidata.org/entity/Q79791"	1	"http://www.wikidata.org/entity/Q178561"
<http://www.wikidata.org/entity/Q1260622>	POINT(3.845900 49.404500)	"Battle of the Axona"@en				-0056-01-01T00:00:00Z					"http://www.wikidata.org/entity/Q202161"	22	"http://www.wikidata.org/entity/Q178561"
<http://www.wikidata.org/entity/Q126120057>	POINT(8.901104 45.056349)	"Battle of Scrivia"@en				1315-07-01T00:00:00Z						1	"http://www.wikidata.org/entity/Q178561"
<http://www.wikidata.org/entity/Q126415847>	POINT(3.240000 35.937500)	"Battle of Achir"@en				1016-06-01T00:00:00Z					"http://www.wikidata.org/entity/Q127867977"	3	"http://www.wikidata.org/entity/Q178561"
<http://www.wikidata.org/entity/Q1264908>	POINT(29.030000 41.015000)	"Battle of Chrysopolis"@en				0324-09-18T00:00:00Z						24	"http://www.wikidata.org/entity/Q178561"
<http://www.wikidata.org/entity/Q1265750>	POINT(39.016667 35.950000)	"Battle of Callinicum"@en				0531-04-21T00:00:00Z					"http://www.wikidata.org/entity/Q2326066"	21	"http://www.wikidata.org/entity/Q178561"
<http://www.wikidata.org/entity/Q1265867>	POINT(26.671100 40.413300)	"Battle of Gallipoli"@en				1312-01-01T00:00:00Z						11	"http://www.wikidata.org/entity/Q178561"
<http://www.wikidata.org/entity/Q12660806>	POINT(21.128000 55.706000)	"Battle of Memel"@en				1323-01-01T00:00:00Z					"http://www.wikidata.org/entity/Q16362506"	3	"http://www.wikidata.org/entity/Q178561"
<http://www.wikidata.org/entity/Q1267122>	POINT(35.213710 31.768319)	"Assyrian siege of Jerusalem"@en				-0700-01-01T00:00:00Z					"http://www.wikidata.org/entity/Q15089393"	18	"http://www.wikidata.org/entity/Q178561|http://www.wikidata.org/entity/Q188055"
<http://www.wikidata.org/entity/Q1267513>	POINT(7.333333 47.750000)	"Battle of Vosges"@en				-0057-01-01T00:00:00Z					"http://www.wikidata.org/entity/Q202161"	20	"http://www.wikidata.org/entity/Q178561"
<http://www.wikidata.org/entity/Q1267571>	POINT(6.100000 62.358333)	"Battle of Hjörungavágr"@en				0984-01-01T00:00:00Z						16	"http://www.wikidata.org/entity/Q1261499"
<http://www.wikidata.org/entity/Q1267656>	POINT(10.620530 45.580600)	"Battle of Lake Benacus"@en				0268-01-01T00:00:00Z					"http://www.wikidata.org/entity/Q116860805|http://www.wikidata.org/entity/Q12277247"	16	"http://www.wikidata.org/entity/Q178561"
<http://www.wikidata.org/entity/Q1268317>	POINT(34.989458 31.839300)	"Battle of Emmaus"@en				-0164-09-01T00:00:00Z					"http://www.wikidata.org/entity/Q7930888"	8	"http://www.wikidata.org/entity/Q178561"
<http://www.wikidata.org/entity/Q1268331>	POINT(35.233300 31.833300)	"Battle of Adasa"@en				-0160-03-01T00:00:00Z					"http://www.wikidata.org/entity/Q7930888"	7	"http://www.wikidata.org/entity/Q178561"
<http://www.wikidata.org/entity/Q1268339>	POINT(35.115443 31.885536)	"Battle of Beth Horon"@en				-0165-01-01T00:00:00Z					"http://www.wikidata.org/entity/Q7930888"	7	"http://www.wikidata.org/entity/Q178561"
<http://www.wikidata.org/entity/Q1268349>	POINT(35.123250 31.664000)	"Battle of Beth Zechariah"@en				-0161-05-01T00:00:00Z					"http://www.wikidata.org/entity/Q7930888"	9	"http://www.wikidata.org/entity/Q178561"
<http://www.wikidata.org/entity/Q1268733>	POINT(3.441667 50.233333)	"Battle of the Sabis"@en				-0056-01-01T00:00:00Z					"http://www.wikidata.org/entity/Q202161"	23	"http://www.wikidata.org/entity/Q178561"
<http://www.wikidata.org/entity/Q1268954>	POINT(12.283300 41.750000)	"Battle of Ostia"@en				0849-01-01T00:00:00Z						17	"http://www.wikidata.org/entity/Q178561"
<http://www.wikidata.org/entity/Q1273257>	POINT(-16.316667 28.485278)	"Battle of Aguere"@en				1494-11-24T00:00:00Z	1494-11-14T00:00:00Z	1494-11-15T00:00:00Z			"http://www.wikidata.org/entity/Q126682683"	8	"http://www.wikidata.org/entity/Q178561"
<http://www.wikidata.org/entity/Q127326210>	POINT(1.316667 35.366667)	"Battle of Chelif River"@en				1015-10-23T00:00:00Z					"http://www.wikidata.org/entity/Q127867977"	3	"http://www.wikidata.org/entity/Q178561"
<http://www.wikidata.org/entity/Q127424985>	POINT(34.746319 31.865972)	"Battle of Tawahin"@en				0978-08-20T00:00:00Z						1	"http://www.wikidata.org/entity/Q178561"
<http://www.wikidata.org/entity/Q1274566>	POINT(4.817778 45.727500)	"Battle of the Arar"@en				-0057-01-01T00:00:00Z					"http://www.wikidata.org/entity/Q202161"	22	"http://www.wikidata.org/entity/Q178561"
<http://www.wikidata.org/entity/Q12754327>	POINT(22.176100 43.180300)	"Battle of Kunovica"@en				1444-01-14T00:00:00Z					"http://www.wikidata.org/entity/Q14366850"	8	"http://www.wikidata.org/entity/Q178561"
<http://www.wikidata.org/entity/Q12756567>	POINT(10.280000 44.490000)	"Siege of Belgrade"@en					1440-04-01T00:00:00Z	1440-10-01T00:00:00Z			"http://www.wikidata.org/entity/Q107435543|http://www.wikidata.org/entity/Q124707304"	10	"http://www.wikidata.org/entity/Q178561|http://www.wikidata.org/entity/Q188055"
<http://www.wikidata.org/entity/Q127592395>	POINT(13.550000 45.950000)	"Battle of Isonzo"@en				1477-10-01T00:00:00Z					"http://www.wikidata.org/entity/Q1154983"	3	"http://www.wikidata.org/entity/Q178561"
<http://www.wikidata.org/entity/Q12763256>	POINT(17.730217 48.503284)	"Battle of Veľké Kostoľany"@en				1467-01-01T00:00:00Z					"http://www.wikidata.org/entity/Q478301"	2	"http://www.wikidata.org/entity/Q178561"
<http://www.wikidata.org/entity/Q12763257>	POINT(19.529572 48.079786)	"Battle of Sečany"@en				1562-04-15T00:00:00Z						2	"http://www.wikidata.org/entity/Q178561"
<http://www.wikidata.org/entity/Q1278576>	POINT(30.260730 36.281890)	"Battle of the Masts"@en				0655-01-01T00:00:00Z					"http://www.wikidata.org/entity/Q29100"	29	"http://www.wikidata.org/entity/Q1261499"
<http://www.wikidata.org/entity/Q1278821>	POINT(12.824722 37.583611)	"Battle of Selinus"@en				-0408-01-01T00:00:00Z					"http://www.wikidata.org/entity/Q21661228"	14	"http://www.wikidata.org/entity/Q178561"
<http://www.wikidata.org/entity/Q12790010>	POINT(31.736944 54.028333)	"Battle of the Vikhra River"@en				1386-05-07T00:00:00Z	1386-05-07T00:00:00Z					8	"http://www.wikidata.org/entity/Q178561"
<http://www.wikidata.org/entity/Q1281077>	POINT(35.208306 31.876083)	"Battle of Elasa"@en				-0159-04-01T00:00:00Z					"http://www.wikidata.org/entity/Q7930888"	11	"http://www.wikidata.org/entity/Q178561"
<http://www.wikidata.org/entity/Q1281436>	POINT(25.900000 41.933333)	"Battle of Mardia"@en				0316-01-01T00:00:00Z						17	"http://www.wikidata.org/entity/Q178561"
<http://www.wikidata.org/entity/Q1281559>	POINT(13.371192 45.769725)	"Battle of Isonzo"@en				0489-08-29T00:00:00Z					"http://www.wikidata.org/entity/Q3687147"	13	"http://www.wikidata.org/entity/Q178561"
<http://www.wikidata.org/entity/Q12869885>	POINT(44.566667 41.566667)	"Battle of Partskhisi"@en				1073-01-01T00:00:00Z					"http://www.wikidata.org/entity/Q5547987"	4	"http://www.wikidata.org/entity/Q178561"
<http://www.wikidata.org/entity/Q1287213>	POINT(13.700000 37.983333)	"Battle of Himera"@en				-0408-01-01T00:00:00Z					"http://www.wikidata.org/entity/Q21661228"	15	"http://www.wikidata.org/entity/Q178561"
<http://www.wikidata.org/entity/Q1288012>	POINT(9.827200 58.991600)	"Battle of Nesjar"@en				1016-01-01T00:00:00Z						11	"http://www.wikidata.org/entity/Q1261499"
<http://www.wikidata.org/entity/Q1288632>	POINT(26.785000 38.177222)	"Battle of Myonessus"@en				-0189-01-01T00:00:00Z					"http://www.wikidata.org/entity/Q486831"	15	"http://www.wikidata.org/entity/Q178561"
<http://www.wikidata.org/entity/Q1289831>	POINT(9.150000 45.183300)	"Battle of Pavia"@en				0271-01-01T00:00:00Z					"http://www.wikidata.org/entity/Q116860805|http://www.wikidata.org/entity/Q1516956"	14	"http://www.wikidata.org/entity/Q178561"
<http://www.wikidata.org/entity/Q1289843>	POINT(9.700000 45.050000)	"Battle of Placentia"@en				0271-01-01T00:00:00Z					"http://www.wikidata.org/entity/Q116860805|http://www.wikidata.org/entity/Q1516956"	14	"http://www.wikidata.org/entity/Q178561"
<http://www.wikidata.org/entity/Q128996>	POINT(30.533333 38.750000)	"Battle of Akroinon"@en				0740-01-01T00:00:00Z					"http://www.wikidata.org/entity/Q29100"	25	"http://www.wikidata.org/entity/Q178561"
<http://www.wikidata.org/entity/Q1290572>	POINT(35.094155 31.589383)	"Battle of Beth Zur"@en				-0163-10-01T00:00:00Z					"http://www.wikidata.org/entity/Q7930888"	9	"http://www.wikidata.org/entity/Q178561"
<http://www.wikidata.org/entity/Q1300742>	POINT(-2.175300 55.626930)	"Battle of Flodden"@en				1513-09-19T00:00:00Z					"http://www.wikidata.org/entity/Q636365"	25	"http://www.wikidata.org/entity/Q178561"
<http://www.wikidata.org/entity/Q130251284>	POINT(-7.240000 38.738333)	"Capture of Juromenha"@en				1170-11-01T00:00:00Z					"http://www.wikidata.org/entity/Q79791"	1	"http://www.wikidata.org/entity/Q178561"
<http://www.wikidata.org/entity/Q130251286>	POINT(-4.063478 38.845120)	"Battle of Calatrava"@en				1173-04-01T00:00:00Z					"http://www.wikidata.org/entity/Q2993572"	1	"http://www.wikidata.org/entity/Q178561"
<http://www.wikidata.org/entity/Q130279251>	POINT(48.516667 34.800000)	"Battle of Hamadan"@en				1503-07-01T00:00:00Z					"http://www.wikidata.org/entity/Q130265577"	4	"http://www.wikidata.org/entity/Q178561"
<http://www.wikidata.org/entity/Q130386021>	POINT(-3.810000 55.274000)	"Battle of Drumlanrig"@en				1548-03-01T00:00:00Z					"http://www.wikidata.org/entity/Q1640586"	1	"http://www.wikidata.org/entity/Q178561"
<http://www.wikidata.org/entity/Q130682761>	POINT(-7.941579 42.879708)	"Battle of Porto de Bois"@en				1371-01-01T00:00:00Z					"http://www.wikidata.org/entity/Q136483867"	1	"http://www.wikidata.org/entity/Q178561"
<http://www.wikidata.org/entity/Q130693551>	POINT(36.953611 35.822778)	"Battle of al-Funaydiq"@en				1060-09-05T00:00:00Z						5	"http://www.wikidata.org/entity/Q178561"
<http://www.wikidata.org/entity/Q131161345>	POINT(-7.341880 53.525608)	"Battle of Loch Trethin"@en				0634-01-01T00:00:00Z						0	"http://www.wikidata.org/entity/Q178561"
<http://www.wikidata.org/entity/Q13126298>	POINT(-4.269000 51.866000)	"Battle of Abergwili"@en				1022-01-01T00:00:00Z						1	"http://www.wikidata.org/entity/Q178561"
<http://www.wikidata.org/entity/Q13126299>	POINT(-3.830000 53.280000)	"Battle of Aber Towi"@en				1044-01-01T00:00:00Z						2	"http://www.wikidata.org/entity/Q178561"
<http://www.wikidata.org/entity/Q13126301>	POINT(-3.180000 51.480000)	"Battle of Rhymney"@en				1071-01-01T00:00:00Z					"http://www.wikidata.org/entity/Q54806280"	1	"http://www.wikidata.org/entity/Q178561"
<http://www.wikidata.org/entity/Q13126303>	POINT(-3.449472 52.499013)	"Battle of Cefn Carnedd"@en				0051-01-01T00:00:00Z					"http://www.wikidata.org/entity/Q11005053|http://www.wikidata.org/entity/Q2564724"	1	"http://www.wikidata.org/entity/Q178561"
<http://www.wikidata.org/entity/Q13126304>	POINT(-3.830000 53.280000)	"Battle of the Conwy"@en				0881-01-01T00:00:00Z						3	"http://www.wikidata.org/entity/Q178561"
<http://www.wikidata.org/entity/Q13126305>	POINT(-4.842222 51.845000)	"Battle of Gelli Carnant"@en				1096-01-01T00:00:00Z					"http://www.wikidata.org/entity/Q54806280"	1	"http://www.wikidata.org/entity/Q178561"
<http://www.wikidata.org/entity/Q13126306>	POINT(-2.867400 51.914900)	"Battle of Campston Hill"@en				1404-06-19T00:00:00Z					"http://www.wikidata.org/entity/Q4126360"	2	"http://www.wikidata.org/entity/Q178561"
<http://www.wikidata.org/entity/Q13126307>	POINT(-2.759230 51.763730)	"Battle of Craig-y-dorth"@en				1404-01-01T00:00:00Z						1	"http://www.wikidata.org/entity/Q178561"
<http://www.wikidata.org/entity/Q13126308>	POINT(-3.258030 52.501200)	"Battle of Ceri"@en				1228-01-01T00:00:00Z						1	"http://www.wikidata.org/entity/Q178561"
<http://www.wikidata.org/entity/Q13126309>	POINT(-4.364000 53.020000)	"Battle of Bron yr Erw"@en				1075-01-01T00:00:00Z						3	"http://www.wikidata.org/entity/Q178561"
<http://www.wikidata.org/entity/Q13126312>	POINT(-4.600000 52.060000)	"Battle of the Slate Bridge"@en				1087-01-01T00:00:00Z						1	"http://www.wikidata.org/entity/Q178561"
<http://www.wikidata.org/entity/Q13126314>	POINT(-4.235600 53.353510)	"Battle of Tal Moelfre"@en				1157-01-01T00:00:00Z					"http://www.wikidata.org/entity/Q54806280"	1	"http://www.wikidata.org/entity/Q178561"
<http://www.wikidata.org/entity/Q13126315>	POINT(-2.866459 51.914935)	"Battle of Grosmont"@en				1405-03-20T00:00:00Z						3	"http://www.wikidata.org/entity/Q178561"
<http://www.wikidata.org/entity/Q13126317>	POINT(-3.133000 53.166000)	"Alleluia Victory of Germanus"@en				0430-01-01T00:00:00Z						1	"http://www.wikidata.org/entity/Q178561"
<http://www.wikidata.org/entity/Q131386>	POINT(4.500278 47.537222)	"Battle of Alesia"@en					-0051-07-01T00:00:00Z	-0051-09-01T00:00:00Z			"http://www.wikidata.org/entity/Q202161"	50	"http://www.wikidata.org/entity/Q178561|http://www.wikidata.org/entity/Q188055"
<http://www.wikidata.org/entity/Q1314054>	POINT(1.733330 48.066700)	"Battle of the Herrings"@en				1429-03-02T00:00:00Z					"http://www.wikidata.org/entity/Q392213"	18	"http://www.wikidata.org/entity/Q178561"
<http://www.wikidata.org/entity/Q131542395>	POINT(-5.016667 37.800000)	"Battle of Almodóvar del Río"@en				1091-06-01T00:00:00Z					"http://www.wikidata.org/entity/Q2993574"	3	"http://www.wikidata.org/entity/Q178561"
<http://www.wikidata.org/entity/Q131686595>	POINT(-3.832222 37.336111)	"Battle of Puerto Lope"@en				1394-05-04T00:00:00Z					"http://www.wikidata.org/entity/Q79791"	1	"http://www.wikidata.org/entity/Q178561"
<http://www.wikidata.org/entity/Q131686617>	POINT(-9.150000 38.725278)	"Capture of Lisbon"@en				1094-11-01T00:00:00Z					"http://www.wikidata.org/entity/Q2993574"	2	"http://www.wikidata.org/entity/Q178561"
<http://www.wikidata.org/entity/Q131744871>	POINT(-4.056945 37.935000)	"Battle of Arjona"@en				1297-01-01T00:00:00Z					"http://www.wikidata.org/entity/Q21081322"	2	"http://www.wikidata.org/entity/Q178561"
<http://www.wikidata.org/entity/Q131765081>	POINT(-1.683333 38.516667)	"Battle of Hellín"@en				1448-12-01T00:00:00Z					"http://www.wikidata.org/entity/Q79791"	1	"http://www.wikidata.org/entity/Q178561"
<http://www.wikidata.org/entity/Q131765083>	POINT(-4.945278 36.493333)	"Battle of Río Verde"@en				1448-03-26T00:00:00Z					"http://www.wikidata.org/entity/Q79791"	1	"http://www.wikidata.org/entity/Q178561"
<http://www.wikidata.org/entity/Q131765084>	POINT(-4.490000 37.067778)	"Battle of Archidona"@en				1434-01-01T00:00:00Z					"http://www.wikidata.org/entity/Q79791"	1	"http://www.wikidata.org/entity/Q178561"
<http://www.wikidata.org/entity/Q13190>	POINT(18.050000 47.683333)	"Battle of Bolia"@en				0469-01-01T00:00:00Z					"http://www.wikidata.org/entity/Q1516956"	11	"http://www.wikidata.org/entity/Q178561"
<http://www.wikidata.org/entity/Q131969>	POINT(22.536945 38.795833)	"Battle of Thermopylae"@en				-0479-07-01T00:00:00Z					"http://www.wikidata.org/entity/Q1122337"	83	"http://www.wikidata.org/entity/Q178561|http://www.wikidata.org/entity/Q3817498"
<http://www.wikidata.org/entity/Q1328380>	POINT(36.953611 36.518056)	"Battle of Inab"@en				1149-07-06T00:00:00Z					"http://www.wikidata.org/entity/Q52145976"	22	"http://www.wikidata.org/entity/Q178561"
<http://www.wikidata.org/entity/Q1328537>	POINT(-8.216700 37.650000)	"Battle of Ourique"@en				1139-07-25T00:00:00Z					"http://www.wikidata.org/entity/Q2993574"	26	"http://www.wikidata.org/entity/Q178561"
<http://www.wikidata.org/entity/Q133566771>	POINT(3.024529 39.799730)	"Battle of Pujol de Son Sabater"@en				1522-08-25T00:00:00Z					"http://www.wikidata.org/entity/Q4975634"	1	"http://www.wikidata.org/entity/Q178561"
<http://www.wikidata.org/entity/Q1337059>	POINT(-2.161389 51.986389)	"Battle of Tewkesbury"@en				1471-05-04T00:00:00Z					"http://www.wikidata.org/entity/Q127751"	29	"http://www.wikidata.org/entity/Q178561"
<http://www.wikidata.org/entity/Q1339928>	POINT(-1.946111 52.108056)	"Battle of Evesham"@en				1265-08-04T00:00:00Z					"http://www.wikidata.org/entity/Q657967"	24	"http://www.wikidata.org/entity/Q178561"
<http://www.wikidata.org/entity/Q134067676>	POINT(40.730000 34.747000)	"Battle of Dura-Europos"@en				0165-01-01T00:00:00Z					"http://www.wikidata.org/entity/Q1790268"	0	"http://www.wikidata.org/entity/Q178561"
<http://www.wikidata.org/entity/Q1341824>	POINT(24.739445 59.435278)	"Battle of Lyndanisse"@en				1219-06-22T00:00:00Z					"http://www.wikidata.org/entity/Q51662"	25	"http://www.wikidata.org/entity/Q178561"
<http://www.wikidata.org/entity/Q1341972>	POINT(-8.844445 39.639444)	"Battle of Aljubarrota"@en				1385-08-14T00:00:00Z					"http://www.wikidata.org/entity/Q2105495"	29	"http://www.wikidata.org/entity/Q178561"
<http://www.wikidata.org/entity/Q1343168>	POINT(13.269512 49.855836)	"Battle of Nekmíř"@en				1419-12-01T00:00:00Z					"http://www.wikidata.org/entity/Q478301"	9	"http://www.wikidata.org/entity/Q178561"
<http://www.wikidata.org/entity/Q134415519>	POINT(43.300000 39.170000)	"Battle of Qara Darra"@en				1336-08-01T00:00:00Z						2	"http://www.wikidata.org/entity/Q178561"
<http://www.wikidata.org/entity/Q1353773>	POINT(10.062597 37.057944)	"Battle of the Great Plains"@en				-0202-01-01T00:00:00Z					"http://www.wikidata.org/entity/Q6271"	16	"http://www.wikidata.org/entity/Q178561"
<http://www.wikidata.org/entity/Q1354080>	POINT(1.326667 43.461111)	"Battle of Muret"@en				1213-09-19T00:00:00Z					"http://www.wikidata.org/entity/Q51657"	24	"http://www.wikidata.org/entity/Q178561"
<http://www.wikidata.org/entity/Q1355206>	POINT(15.039722 38.145556)	"Battle of Tyndaris"@en				-0256-01-01T00:00:00Z					"http://www.wikidata.org/entity/Q6286"	20	"http://www.wikidata.org/entity/Q1261499"
<http://www.wikidata.org/entity/Q135522442>	POINT(22.927222 37.938611)	"Siege of Corinth"@en					1458-05-24T00:00:00Z	1458-08-15T00:00:00Z			"http://www.wikidata.org/entity/Q122842001"	1	"http://www.wikidata.org/entity/Q178561"
<http://www.wikidata.org/entity/Q1355254>	POINT(35.999722 37.892500)	"Battle of Poimanenon"@en				1224-01-01T00:00:00Z					"http://www.wikidata.org/entity/Q42320984"	13	"http://www.wikidata.org/entity/Q178561"
<http://www.wikidata.org/entity/Q13553969>	POINT(34.872708 31.924794)	"Battle of Ramla"@en				1101-01-01T00:00:00Z					"http://www.wikidata.org/entity/Q4872159|http://www.wikidata.org/entity/Q52145365"	18	"http://www.wikidata.org/entity/Q178561"
<http://www.wikidata.org/entity/Q13553978>	POINT(34.873333 31.925000)	"Battle of Ramla"@en				1102-01-01T00:00:00Z					"http://www.wikidata.org/entity/Q130739570|http://www.wikidata.org/entity/Q52145365"	17	"http://www.wikidata.org/entity/Q178561"
<http://www.wikidata.org/entity/Q13553993>	POINT(34.872708 31.924794)	"Battle of Ramla"@en				1105-09-03T00:00:00Z					"http://www.wikidata.org/entity/Q130739570|http://www.wikidata.org/entity/Q52145365"	16	"http://www.wikidata.org/entity/Q178561"
<http://www.wikidata.org/entity/Q135587644>	POINT(-0.702778 49.275833)	"Siege of Bayeux (1417)"@en					1417-09-14T00:00:00Z	1417-09-28T00:00:00Z			"http://www.wikidata.org/entity/Q12551|http://www.wikidata.org/entity/Q3778618"	1	"http://www.wikidata.org/entity/Q178561|http://www.wikidata.org/entity/Q188055"
<http://www.wikidata.org/entity/Q1356189>	POINT(23.327800 40.193700)	"Battle of Potidaea"@en				-0431-01-01T00:00:00Z					"http://www.wikidata.org/entity/Q33745"	22	"http://www.wikidata.org/entity/Q178561"
<http://www.wikidata.org/entity/Q135732302>	POINT(31.356111 39.255281)	"Battle of the Zompe Bridge"@en				1074-01-01T00:00:00Z					"http://www.wikidata.org/entity/Q327150"	3	"http://www.wikidata.org/entity/Q178561"
<http://www.wikidata.org/entity/Q1357977>	POINT(14.533300 41.150000)	"Battle of the Caudine Forks"@en				-0320-01-01T00:00:00Z					"http://www.wikidata.org/entity/Q3953988"	24	"http://www.wikidata.org/entity/Q178561"
<http://www.wikidata.org/entity/Q1362014>	POINT(14.942531 40.481628)	"Battle of the Silarus"@en				-0211-01-01T00:00:00Z					"http://www.wikidata.org/entity/Q6271"	18	"http://www.wikidata.org/entity/Q178561"
<http://www.wikidata.org/entity/Q1362016>	POINT(14.783300 41.133300)	"Battle of Beneventum"@en				-0213-01-01T00:00:00Z					"http://www.wikidata.org/entity/Q6271"	14	"http://www.wikidata.org/entity/Q178561"
<http://www.wikidata.org/entity/Q1362023>	POINT(17.233333 40.466667)	"First Battle of Tarentum"@en				-0211-01-01T00:00:00Z					"http://www.wikidata.org/entity/Q6271"	2	"http://www.wikidata.org/entity/Q178561"
<http://www.wikidata.org/entity/Q1362035>	POINT(15.633333 41.316667)	"Battle of Herdonia"@en				-0211-01-01T00:00:00Z					"http://www.wikidata.org/entity/Q6271"	15	"http://www.wikidata.org/entity/Q178561"
<http://www.wikidata.org/entity/Q1362053>	POINT(22.400000 37.600000)	"Battle of Mantinea"@en				-0417-01-01T00:00:00Z					"http://www.wikidata.org/entity/Q33745"	19	"http://www.wikidata.org/entity/Q178561"
<http://www.wikidata.org/entity/Q136222825>	POINT(7.492040 51.752706)	"Battle of Ermen"@en				1242-07-04T00:00:00Z						0	"http://www.wikidata.org/entity/Q178561"
<http://www.wikidata.org/entity/Q136344>	POINT(39.595000 40.282500)	"Battle of Köse Dağ"@en				1243-07-03T00:00:00Z					"http://www.wikidata.org/entity/Q4301653"	30	"http://www.wikidata.org/entity/Q178561"
<http://www.wikidata.org/entity/Q1364027>	POINT(28.574239 37.873435)	"Battle of Antioch on the Meander"@en				1211-06-24T00:00:00Z					"http://www.wikidata.org/entity/Q1827267"	14	"http://www.wikidata.org/entity/Q178561"
<http://www.wikidata.org/entity/Q136437612>	POINT(34.472472 31.520778)	"Battle of Gaza"@en				1280-01-01T00:00:00Z						1	"http://www.wikidata.org/entity/Q178561"
<http://www.wikidata.org/entity/Q1367199>	POINT(7.661952 48.598709)	"Battle of Strasbourg"@en				0357-08-01T00:00:00Z						27	"http://www.wikidata.org/entity/Q178561"
<http://www.wikidata.org/entity/Q1369629>	POINT(0.351634 41.520680)	"Battle of Fraga"@en				1134-07-24T00:00:00Z					"http://www.wikidata.org/entity/Q2993574"	16	"http://www.wikidata.org/entity/Q178561|http://www.wikidata.org/entity/Q188055"
<http://www.wikidata.org/entity/Q13732826>	POINT(4.858611 51.700000)	"Capture of Geertruidenberg"@en				1573-08-28T00:00:00Z					"http://www.wikidata.org/entity/Q164432"	3	"http://www.wikidata.org/entity/Q178561"
<http://www.wikidata.org/entity/Q137567>	POINT(13.547222 41.995000)	"Battle of Asculum"@en				-0088-01-01T00:00:00Z					"http://www.wikidata.org/entity/Q677316"	12	"http://www.wikidata.org/entity/Q178561"
<http://www.wikidata.org/entity/Q1375800>	POINT(26.939444 42.937222)	"Battle of the Rishki Pass"@en				0759-01-01T00:00:00Z					"http://www.wikidata.org/entity/Q2288144"	14	"http://www.wikidata.org/entity/Q178561"
<http://www.wikidata.org/entity/Q1389951>	POINT(35.695833 33.247222)	"Battle of Panium"@en				-0199-01-01T00:00:00Z					"http://www.wikidata.org/entity/Q372330"	19	"http://www.wikidata.org/entity/Q178561"
<http://www.wikidata.org/entity/Q139442629>	POINT(1.395600 47.824300)	"Battle of Marchenoir"@en				1427-09-12T00:00:00Z						1	"http://www.wikidata.org/entity/Q178561"
<http://www.wikidata.org/entity/Q139808>	POINT(4.500000 49.000000)	"Battle of the Maureaco Fields"@en				0451-06-21T00:00:00Z					"http://www.wikidata.org/entity/Q608613"	59	"http://www.wikidata.org/entity/Q178561"
<http://www.wikidata.org/entity/Q139827452>	POINT(-4.779722 48.360556)	"Battle of Le Conquet"@en				1513-04-25T00:00:00Z						1	"http://www.wikidata.org/entity/Q1261499"
<http://www.wikidata.org/entity/Q139832023>	POINT(3.523333 50.358056)	"duel of Valenciennes"@en				1455-01-01T00:00:00Z						1	"http://www.wikidata.org/entity/Q178561"
<http://www.wikidata.org/entity/Q139855912>	POINT(10.100833 35.677222)	"fall of Kairouan"@en				0909-03-26T00:00:00Z					"http://www.wikidata.org/entity/Q122332970"	2	"http://www.wikidata.org/entity/Q178561"
<http://www.wikidata.org/entity/Q139856100>	POINT(8.715000 35.610556)	"Battle of Tabrashq"@en				0908-01-01T00:00:00Z					"http://www.wikidata.org/entity/Q122332970"	1	"http://www.wikidata.org/entity/Q178561"
<http://www.wikidata.org/entity/Q1400402>	POINT(28.976945 41.016667)	"Reconquest of Constantinople"@en				1261-08-01T00:00:00Z						23	"http://www.wikidata.org/entity/Q178561"
<http://www.wikidata.org/entity/Q140590752>	POINT(33.550000 38.250000)	"Battle of Aksaray"@en				1256-10-21T00:00:00Z					"http://www.wikidata.org/entity/Q4301653"	1	"http://www.wikidata.org/entity/Q178561"
<http://www.wikidata.org/entity/Q140661997>	POINT(0.196000 49.444000)	"Battle of the Seine"@en				1416-08-24T00:00:00Z					"http://www.wikidata.org/entity/Q12551"	1	"http://www.wikidata.org/entity/Q1261499"
<http://www.wikidata.org/entity/Q1407018>	POINT(51.650000 32.633333)	"Battle of Paraitacene"@en				-0316-01-01T00:00:00Z					"http://www.wikidata.org/entity/Q2543376"	18	"http://www.wikidata.org/entity/Q178561"
<http://www.wikidata.org/entity/Q1411508>	POINT(24.771389 55.165833)	"Battle of Wilkomierz"@en				1435-09-01T00:00:00Z					"http://www.wikidata.org/entity/Q2669939"	13	"http://www.wikidata.org/entity/Q178561"
<http://www.wikidata.org/entity/Q141257331>	POINT(3.220300 49.522500)					1419-02-11T00:00:00Z						1	"http://www.wikidata.org/entity/Q178561"
<http://www.wikidata.org/entity/Q141576096>	POINT(44.157000 35.416000)					1048-01-01T00:00:00Z					"http://www.wikidata.org/entity/Q1827267"	2	"http://www.wikidata.org/entity/Q178561"
<http://www.wikidata.org/entity/Q1421082>	POINT(26.540000 43.510000)	"Battle of Abritus"@en				0251-01-01T00:00:00Z					"http://www.wikidata.org/entity/Q11924841"	27	"http://www.wikidata.org/entity/Q178561"
<http://www.wikidata.org/entity/Q1422925>	POINT(-0.250000 49.083333)	"Battle of Val-ès-Dunes"@en				1047-08-10T00:00:00Z						12	"http://www.wikidata.org/entity/Q178561"
<http://www.wikidata.org/entity/Q1422948>	POINT(7.484167 51.585000)	"Battle of the Wülferichskamp"@en				1254-10-16T00:00:00Z						2	"http://www.wikidata.org/entity/Q178561"
<http://www.wikidata.org/entity/Q1424076>	POINT(18.670278 45.560278)	"Battle of Mursa Major"@en				0351-09-29T00:00:00Z					"http://www.wikidata.org/entity/Q3778588"	17	"http://www.wikidata.org/entity/Q178561"
<http://www.wikidata.org/entity/Q1424844>	POINT(23.649200 38.348100)	"Battle of Delium"@en				-0423-01-01T00:00:00Z					"http://www.wikidata.org/entity/Q33745"	21	"http://www.wikidata.org/entity/Q178561"
<http://www.wikidata.org/entity/Q1424959>	POINT(0.880884 47.371000)	"Battle of Nouy"@en				1044-08-28T00:00:00Z						2	"http://www.wikidata.org/entity/Q178561"
<http://www.wikidata.org/entity/Q1427630>	POINT(26.566700 41.666700)	"Battle of Adrianople"@en				1205-04-21T00:00:00Z					"http://www.wikidata.org/entity/Q2288144"	26	"http://www.wikidata.org/entity/Q178561"
<http://www.wikidata.org/entity/Q1428169>	POINT(-0.198889 51.665833)	"Battle of Barnet"@en				1471-04-14T00:00:00Z					"http://www.wikidata.org/entity/Q127751"	28	"http://www.wikidata.org/entity/Q178561"
<http://www.wikidata.org/entity/Q1429157>	POINT(-2.368410 51.488860)	"Battle of Deorham"@en				0577-01-01T00:00:00Z					"http://www.wikidata.org/entity/Q3435247"	18	"http://www.wikidata.org/entity/Q178561"
<http://www.wikidata.org/entity/Q1429804>	POINT(22.350000 39.516667)	"Battle of Crannon"@en				-0321-08-01T00:00:00Z					"http://www.wikidata.org/entity/Q28365"	16	"http://www.wikidata.org/entity/Q178561"
<http://www.wikidata.org/entity/Q1430939>	POINT(3.300000 47.650000)	"Battle of Fontenoy"@en				0841-06-29T00:00:00Z					"http://www.wikidata.org/entity/Q1663986"	18	"http://www.wikidata.org/entity/Q178561"
<http://www.wikidata.org/entity/Q1432659>	POINT(14.960833 38.472500)	"Battle of the Lipari Islands"@en				-0259-01-01T00:00:00Z					"http://www.wikidata.org/entity/Q6286"	21	"http://www.wikidata.org/entity/Q1261499"
<http://www.wikidata.org/entity/Q14360450>	POINT(5.042778 47.323889)	"Battle of Dijon"@en				0500-01-01T00:00:00Z						4	"http://www.wikidata.org/entity/Q178561"
<http://www.wikidata.org/entity/Q14360474>	POINT(4.340000 51.910000)	"Battle of Vlaardingen"@en				1351-01-01T00:00:00Z					"http://www.wikidata.org/entity/Q1758572"	4	"http://www.wikidata.org/entity/Q178561"
<http://www.wikidata.org/entity/Q1442050>	POINT(0.700833 51.715278)	"Battle of Maldon"@en				0991-08-15T00:00:00Z					"http://www.wikidata.org/entity/Q7053398"	22	"http://www.wikidata.org/entity/Q178561"
<http://www.wikidata.org/entity/Q1443091>	POINT(13.566700 41.216700)	"Battle of Garigliano"@en				1504-01-08T00:00:00Z					"http://www.wikidata.org/entity/Q2087151"	15	"http://www.wikidata.org/entity/Q178561"
<http://www.wikidata.org/entity/Q1456533>	POINT(2.271111 50.608056)	"Battle of Guinegate"@en				1479-08-07T00:00:00Z					"http://www.wikidata.org/entity/Q2209960"	10	"http://www.wikidata.org/entity/Q178561"
<http://www.wikidata.org/entity/Q1458166>	POINT(14.056667 41.091667)	"Battle of the Volturnus"@en				0554-10-01T00:00:00Z					"http://www.wikidata.org/entity/Q477973"	11	"http://www.wikidata.org/entity/Q178561"
<http://www.wikidata.org/entity/Q1458235>	POINT(-6.350000 36.783333)	"Battle of the Upper Baetis"@en				-0210-01-01T00:00:00Z					"http://www.wikidata.org/entity/Q6271"	21	"http://www.wikidata.org/entity/Q178561"
<http://www.wikidata.org/entity/Q1459058>	POINT(-8.312222 53.997500)	"Battle of Curlew Pass"@en				1599-08-15T00:00:00Z					"http://www.wikidata.org/entity/Q1361354"	8	"http://www.wikidata.org/entity/Q178561"
<http://www.wikidata.org/entity/Q1459494>	POINT(25.500000 41.983300)	"Battle of Klokotnitsa"@en				1230-03-16T00:00:00Z					"http://www.wikidata.org/entity/Q2288144"	21	"http://www.wikidata.org/entity/Q178561"
<http://www.wikidata.org/entity/Q1462345>	POINT(12.633055 49.795278)	"Battle of Tachov"@en					1427-08-12T00:00:00Z	1427-08-13T00:00:00Z			"http://www.wikidata.org/entity/Q478301"	9	"http://www.wikidata.org/entity/Q178561"
<http://www.wikidata.org/entity/Q1464620>	POINT(11.488611 45.596667)	"Battle of La Motta"@en				1513-10-17T00:00:00Z					"http://www.wikidata.org/entity/Q636365"	10	"http://www.wikidata.org/entity/Q178561"
<http://www.wikidata.org/entity/Q1468732>	POINT(14.431100 50.057800)	"Battle of Vyšehrad"@en					1419-08-25T00:00:00Z	1420-11-10T00:00:00Z			"http://www.wikidata.org/entity/Q478301"	8	"http://www.wikidata.org/entity/Q178561"
<http://www.wikidata.org/entity/Q14689>	POINT(27.500000 58.233333)	"Battle of the Ice"@en				1242-04-12T00:00:00Z					"http://www.wikidata.org/entity/Q51662"	47	"http://www.wikidata.org/entity/Q178561"
<http://www.wikidata.org/entity/Q1473857>	POINT(-1.312523 51.060494)	"Rout of Winchester"@en				1141-09-21T00:00:00Z					"http://www.wikidata.org/entity/Q743768"	9	"http://www.wikidata.org/entity/Q178561"
<http://www.wikidata.org/entity/Q1474647>	POINT(17.116667 39.083333)	"Battle of Crotona"@en				-0203-01-01T00:00:00Z					"http://www.wikidata.org/entity/Q6271"	16	"http://www.wikidata.org/entity/Q178561"
<http://www.wikidata.org/entity/Q14748163>	POINT(21.133333 55.700000)	"Battle of Memel"@en				1257-01-01T00:00:00Z					"http://www.wikidata.org/entity/Q196409"	4	"http://www.wikidata.org/entity/Q178561"
<http://www.wikidata.org/entity/Q1475533>	POINT(23.295393 40.283192)	"Battle of Spartolos"@en				-0428-01-01T00:00:00Z					"http://www.wikidata.org/entity/Q33745"	13	"http://www.wikidata.org/entity/Q178561"
<http://www.wikidata.org/entity/Q1476126>	POINT(13.366700 38.116700)	"Battle of Panormus"@en				-0250-01-01T00:00:00Z					"http://www.wikidata.org/entity/Q6286"	19	"http://www.wikidata.org/entity/Q178561"
<http://www.wikidata.org/entity/Q1476280>	POINT(22.724700 45.505600)	"Battle of Tapae"@en				0087-01-01T00:00:00Z					"http://www.wikidata.org/entity/Q13403337"	8	"http://www.wikidata.org/entity/Q178561"
<http://www.wikidata.org/entity/Q1478970>	POINT(10.323300 36.852800)	"Battle of Carthage"@en				0698-01-01T00:00:00Z					"http://www.wikidata.org/entity/Q925960"	16	"http://www.wikidata.org/entity/Q178561"
<http://www.wikidata.org/entity/Q1481920>	POINT(-4.000000 38.952778)	"Battle of Alarcos"@en				1195-07-26T00:00:00Z					"http://www.wikidata.org/entity/Q2993572"	25	"http://www.wikidata.org/entity/Q178561"
<http://www.wikidata.org/entity/Q1482311>	POINT(12.323000 42.484000)	"Battle of Lake Vadimo"@en				-0282-01-01T00:00:00Z					"http://www.wikidata.org/entity/Q3119190|http://www.wikidata.org/entity/Q3417663"	14	"http://www.wikidata.org/entity/Q178561"
<http://www.wikidata.org/entity/Q14855684>	POINT(4.433056 51.213333)	"Battle of Borgerhout"@en				1579-03-12T00:00:00Z					"http://www.wikidata.org/entity/Q164432"	6	"http://www.wikidata.org/entity/Q178561"
<http://www.wikidata.org/entity/Q1488817>	POINT(-3.461700 52.151900)	"Battle of Orewin Bridge"@en				1282-12-18T00:00:00Z						5	"http://www.wikidata.org/entity/Q178561"
<http://www.wikidata.org/entity/Q1495481>	POINT(-0.888000 53.035000)	"Battle of Stoke Field"@en				1487-06-16T00:00:00Z					"http://www.wikidata.org/entity/Q127751"	20	"http://www.wikidata.org/entity/Q178561"
<http://www.wikidata.org/entity/Q1500196>	POINT(15.644400 50.364700)	"Battle of Hořice"@en				1423-05-06T00:00:00Z					"http://www.wikidata.org/entity/Q478301"	9	"http://www.wikidata.org/entity/Q178561"
<http://www.wikidata.org/entity/Q1500202>	POINT(15.889722 40.283889)	"Battle of Grumentum"@en				-0206-01-01T00:00:00Z					"http://www.wikidata.org/entity/Q6271"	17	"http://www.wikidata.org/entity/Q178561"
<http://www.wikidata.org/entity/Q1500211>	POINT(1.249600 41.115700)	"Battle of Cissa"@en				-0217-01-01T00:00:00Z					"http://www.wikidata.org/entity/Q6271"	16	"http://www.wikidata.org/entity/Q178561"
<http://www.wikidata.org/entity/Q1500314>	POINT(39.033333 36.866667)	"Battle of Harran"@en				1104-05-07T00:00:00Z					"http://www.wikidata.org/entity/Q52145365"	30	"http://www.wikidata.org/entity/Q178561"
<http://www.wikidata.org/entity/Q1500532>	POINT(3.691700 47.683900)	"Battle of Cravant"@en				1423-07-31T00:00:00Z					"http://www.wikidata.org/entity/Q12551"	13	"http://www.wikidata.org/entity/Q178561"
<http://www.wikidata.org/entity/Q1504536>	POINT(21.168889 44.711944)	"Battles of Viminacium"@en				0599-01-01T00:00:00Z					"http://www.wikidata.org/entity/Q805050"	9	"http://www.wikidata.org/entity/Q178561"
<http://www.wikidata.org/entity/Q15074163>	POINT(15.211972 49.889750)	"Siege of Sion Castle"@en					1437-05-10T00:00:00Z	1437-09-15T00:00:00Z			"http://www.wikidata.org/entity/Q478301"	2	"http://www.wikidata.org/entity/Q178561"
<http://www.wikidata.org/entity/Q1508114>	POINT(2.924167 43.050556)	"Battle of the River Berre"@en				0737-01-01T00:00:00Z					"http://www.wikidata.org/entity/Q275918"	10	"http://www.wikidata.org/entity/Q178561"
<http://www.wikidata.org/entity/Q1509221>	POINT(22.980000 38.480000)	"Battle of Orchomenus"@en				-0085-01-01T00:00:00Z					"http://www.wikidata.org/entity/Q1647768"	15	"http://www.wikidata.org/entity/Q178561"
<http://www.wikidata.org/entity/Q1509663>	POINT(-2.521190 55.976920)	"Battle of Dunbar"@en				1296-04-27T00:00:00Z					"http://www.wikidata.org/entity/Q3242848"	20	"http://www.wikidata.org/entity/Q178561"
<http://www.wikidata.org/entity/Q1511005>	POINT(-1.933333 42.754445)	"Battle of Valdejunquera"@en				0920-07-31T00:00:00Z					"http://www.wikidata.org/entity/Q79791"	10	"http://www.wikidata.org/entity/Q178561"
<http://www.wikidata.org/entity/Q1512205>	POINT(8.216667 47.466667)	"Battle of Vindonissa"@en				0298-01-01T00:00:00Z						10	"http://www.wikidata.org/entity/Q178561"
<http://www.wikidata.org/entity/Q1516439>	POINT(1.405800 49.343300)	"Battle of Brémule"@en				1119-08-27T00:00:00Z					"http://www.wikidata.org/entity/Q21656700"	20	"http://www.wikidata.org/entity/Q178561"
<http://www.wikidata.org/entity/Q1518266>	POINT(-4.816667 41.600000)	"Battle of Simancas"@en				0939-07-24T00:00:00Z					"http://www.wikidata.org/entity/Q79791"	20	"http://www.wikidata.org/entity/Q178561"
<http://www.wikidata.org/entity/Q15197100>	POINT(-7.503333 54.902778)	"Battle of Binnion Hill"@en				1557-01-01T00:00:00Z						1	"http://www.wikidata.org/entity/Q178561"
<http://www.wikidata.org/entity/Q15197184>	POINT(-3.202000 54.984000)	"Battle of Dornock"@en				1333-04-02T00:00:00Z					"http://www.wikidata.org/entity/Q3310304"	4	"http://www.wikidata.org/entity/Q178561"
<http://www.wikidata.org/entity/Q15197201>	POINT(-31.181944 39.511944)	"Battle of Flores"@en					1592-05-20T00:00:00Z	1592-08-13T00:00:00Z			"http://www.wikidata.org/entity/Q430726"	5	"http://www.wikidata.org/entity/Q1261499"
<http://www.wikidata.org/entity/Q15197556>	POINT(48.257785 32.189220)	"Battle of the Uxian Defile"@en				-0330-12-01T00:00:00Z					"http://www.wikidata.org/entity/Q551888"	6	"http://www.wikidata.org/entity/Q178561"
<http://www.wikidata.org/entity/Q152295>	POINT(6.887778 51.042500)	"Battle of Worringen"@en				1288-06-12T00:00:00Z					"http://www.wikidata.org/entity/Q64064"	23	"http://www.wikidata.org/entity/Q178561"
<http://www.wikidata.org/entity/Q1523324>	POINT(3.373000 51.645000)	"Battle of Arnemuiden"@en				1338-09-23T00:00:00Z					"http://www.wikidata.org/entity/Q12551"	14	"http://www.wikidata.org/entity/Q1261499"
<http://www.wikidata.org/entity/Q1527286>	POINT(14.641581 40.756300)	"Battle of Nocera"@en				1132-07-31T00:00:00Z						8	"http://www.wikidata.org/entity/Q178561"
<http://www.wikidata.org/entity/Q1527386>	POINT(15.583333 41.683333)	"Battle of Rignano"@en				1137-01-01T00:00:00Z						9	"http://www.wikidata.org/entity/Q178561"
<http://www.wikidata.org/entity/Q15277676>	POINT(-3.066667 52.650000)	"Siege of Exeter"@en				0630-01-01T00:00:00Z						2	"http://www.wikidata.org/entity/Q178561|http://www.wikidata.org/entity/Q188055"
<http://www.wikidata.org/entity/Q1528017>	POINT(23.383333 41.233333)	"Battle of Demetritzes"@en				1185-11-14T00:00:00Z					"http://www.wikidata.org/entity/Q327150"	9	"http://www.wikidata.org/entity/Q178561"
<http://www.wikidata.org/entity/Q153702>	POINT(25.650000 42.433333)	"Battle of Beroia"@en				1122-01-01T00:00:00Z					"http://www.wikidata.org/entity/Q19908093"	19	"http://www.wikidata.org/entity/Q178561"
<http://www.wikidata.org/entity/Q153712>	POINT(8.850000 45.550000)	"Battle of Parabiago"@en				1339-02-21T00:00:00Z						7	"http://www.wikidata.org/entity/Q178561"
<http://www.wikidata.org/entity/Q1542647>	POINT(-0.453717 47.699813)	"Battle of Brissarthe"@en				0866-07-06T00:00:00Z						11	"http://www.wikidata.org/entity/Q178561"
<http://www.wikidata.org/entity/Q1543543>	POINT(12.837500 37.940833)	"Battle of the Crimissus"@en				-0340-01-01T00:00:00Z					"http://www.wikidata.org/entity/Q3025319"	15	"http://www.wikidata.org/entity/Q178561"
<http://www.wikidata.org/entity/Q1546180>	POINT(23.589167 40.759444)	"Battle of Stephaniana"@en				1344-05-01T00:00:00Z					"http://www.wikidata.org/entity/Q2658255"	7	"http://www.wikidata.org/entity/Q178561"
<http://www.wikidata.org/entity/Q1546379>	POINT(9.424906 47.593710)	"Battle of Lake Constance"@en				-0014-01-01T00:00:00Z						3	"http://www.wikidata.org/entity/Q1261499"
<http://www.wikidata.org/entity/Q1547153>	POINT(10.983333 45.433333)	"Battle of Verona"@en				0312-01-01T00:00:00Z						13	"http://www.wikidata.org/entity/Q178561"
<http://www.wikidata.org/entity/Q15531357>	POINT(-2.468056 36.840278)	"Battle of the Gulf of Almería"@en				1591-08-01T00:00:00Z					"http://www.wikidata.org/entity/Q164432"	3	"http://www.wikidata.org/entity/Q1261499"
<http://www.wikidata.org/entity/Q1557439>	POINT(8.278889 49.640556)	"Battle of Pfeddersheim"@en				1525-07-04T00:00:00Z	1525-06-23T00:00:00Z	1525-06-24T00:00:00Z			"http://www.wikidata.org/entity/Q154031"	5	"http://www.wikidata.org/entity/Q178561"
<http://www.wikidata.org/entity/Q15622355>	POINT(1.230469 41.228250)	"Battle of Castulo"@en				-0209-01-01T00:00:00Z					"http://www.wikidata.org/entity/Q1458235|http://www.wikidata.org/entity/Q6271"	2	"http://www.wikidata.org/entity/Q178561"
<http://www.wikidata.org/entity/Q1568965>	POINT(35.333300 39.916700)	"Battle of Pteria"@en				-0546-01-01T00:00:00Z					"http://www.wikidata.org/entity/Q8423"	23	"http://www.wikidata.org/entity/Q178561"
<http://www.wikidata.org/entity/Q15701718>	POINT(28.200556 59.379167)	"Siege of Narva"@en				1581-01-01T00:00:00Z	1581-09-14T00:00:00Z	1581-09-16T00:00:00Z			"http://www.wikidata.org/entity/Q246863"	7	"http://www.wikidata.org/entity/Q178561|http://www.wikidata.org/entity/Q188055"
<http://www.wikidata.org/entity/Q15710625>	POINT(35.000000 41.600000)	"Battle of Protopachium"@en				-0088-01-01T00:00:00Z					"http://www.wikidata.org/entity/Q1647768"	4	"http://www.wikidata.org/entity/Q178561"
<http://www.wikidata.org/entity/Q1575254>	POINT(-0.656389 47.383889)	"Battle of Roche-au-Moine"@en				1214-07-09T00:00:00Z					"http://www.wikidata.org/entity/Q19870743"	9	"http://www.wikidata.org/entity/Q178561"
<http://www.wikidata.org/entity/Q1576140>	POINT(-3.985000 48.686111)	"Battle of St Pol de Léon"@en				1346-06-17T00:00:00Z					"http://www.wikidata.org/entity/Q550172"	7	"http://www.wikidata.org/entity/Q178561"
<http://www.wikidata.org/entity/Q1578852>	POINT(26.896522 42.637633)	"Battle of Marcellae"@en				0792-01-01T00:00:00Z					"http://www.wikidata.org/entity/Q2288144"	13	"http://www.wikidata.org/entity/Q178561"
<http://www.wikidata.org/entity/Q1582486>	POINT(0.895833 45.208900)	"Battle of Auberoche"@en				1345-10-29T00:00:00Z					"http://www.wikidata.org/entity/Q12551"	14	"http://www.wikidata.org/entity/Q178561"
<http://www.wikidata.org/entity/Q1583689>	POINT(7.709170 48.732800)	"Battle of Brumath"@en				0356-01-01T00:00:00Z						9	"http://www.wikidata.org/entity/Q178561"
<http://www.wikidata.org/entity/Q1583991>	POINT(43.797222 33.363889)	"Battle of Misiche"@en				0244-01-01T00:00:00Z					"http://www.wikidata.org/entity/Q3651727"	15	"http://www.wikidata.org/entity/Q178561"
<http://www.wikidata.org/entity/Q15844349>	POINT(12.738000 49.487000)	"Battle at Brůdek"@en				1040-08-29T00:00:00Z	1040-08-22T00:00:00Z	1040-08-23T00:00:00Z				5	"http://www.wikidata.org/entity/Q178561"
<http://www.wikidata.org/entity/Q1587893>	POINT(-0.727778 48.765278)	"Battle of Tinchebray"@en				1106-09-28T00:00:00Z						20	"http://www.wikidata.org/entity/Q178561"
<http://www.wikidata.org/entity/Q15884770>	POINT(40.079167 36.840833)	"Battle of Ayn al-Warda"@en				0685-01-01T00:00:00Z					"http://www.wikidata.org/entity/Q3769089"	17	"http://www.wikidata.org/entity/Q178561"
<http://www.wikidata.org/entity/Q15889088>	POINT(-0.266667 39.683333)	"Battle of Morvedre"@en				1412-02-27T00:00:00Z					"http://www.wikidata.org/entity/Q9068557"	3	"http://www.wikidata.org/entity/Q178561"
<http://www.wikidata.org/entity/Q15890862>	POINT(15.216700 37.250000)	"Siege of Augusta"@en				1287-05-08T00:00:00Z					"http://www.wikidata.org/entity/Q2599340"	2	"http://www.wikidata.org/entity/Q178561|http://www.wikidata.org/entity/Q188055"
<http://www.wikidata.org/entity/Q15890877>	POINT(1.515000 41.744000)	"Battle of Calaf"@en				1465-03-09T00:00:00Z					"http://www.wikidata.org/entity/Q2476062"	2	"http://www.wikidata.org/entity/Q178561"
<http://www.wikidata.org/entity/Q15895729>	POINT(1.927000 41.468000)	"Battle of Martorell"@en				1114-01-01T00:00:00Z					"http://www.wikidata.org/entity/Q133406246"	6	"http://www.wikidata.org/entity/Q178561"
<http://www.wikidata.org/entity/Q15899584>	POINT(-0.400000 39.466666)	"Battle of Mislata"@en				1348-12-17T00:00:00Z					"http://www.wikidata.org/entity/Q11924838"	3	"http://www.wikidata.org/entity/Q178561"
<http://www.wikidata.org/entity/Q1591145>	POINT(-0.982500 37.600000)	"Battle of New Carthage"@en				-0208-01-01T00:00:00Z					"http://www.wikidata.org/entity/Q6271"	21	"http://www.wikidata.org/entity/Q178561"
<http://www.wikidata.org/entity/Q15934409>	POINT(4.866667 50.466667)	"Siege of Namur"@en				-0053-01-01T00:00:00Z					"http://www.wikidata.org/entity/Q202161"	4	"http://www.wikidata.org/entity/Q178561|http://www.wikidata.org/entity/Q188055"
<http://www.wikidata.org/entity/Q159512>	POINT(16.222778 51.145278)	"Battle of Legnica"@en				1241-04-16T00:00:00Z					"http://www.wikidata.org/entity/Q2092093|http://www.wikidata.org/entity/Q2667645"	43	"http://www.wikidata.org/entity/Q178561"
<http://www.wikidata.org/entity/Q15972096>	POINT(2.094100 48.260300)	"Battle of Étampes"@en				0604-01-01T00:00:00Z					"http://www.wikidata.org/entity/Q1921983"	1	"http://www.wikidata.org/entity/Q178561"
<http://www.wikidata.org/entity/Q15983960>	POINT(27.341900 37.941100)	"Battle of Ephesus"@en				1147-12-31T00:00:00Z					"http://www.wikidata.org/entity/Q51654"	11	"http://www.wikidata.org/entity/Q178561"
<http://www.wikidata.org/entity/Q160077>	POINT(28.935000 41.030000)	"Fall of Constantinople"@en					1453-04-15T00:00:00Z	1453-05-29T00:00:00Z			"http://www.wikidata.org/entity/Q630259|http://www.wikidata.org/entity/Q698985"	80	"http://www.wikidata.org/entity/Q1361229|http://www.wikidata.org/entity/Q178561|http://www.wikidata.org/entity/Q188055"
<http://www.wikidata.org/entity/Q16034065>	POINT(-2.646000 48.019000)	"Battle of Cadoret"@en				1345-06-25T00:00:00Z					"http://www.wikidata.org/entity/Q550172"	3	"http://www.wikidata.org/entity/Q178561"
<http://www.wikidata.org/entity/Q160387>	POINT(20.725000 38.925000)	"Battle of Actium"@en				-0030-08-31T00:00:00Z					"http://www.wikidata.org/entity/Q2116320"	66	"http://www.wikidata.org/entity/Q1261499"
<http://www.wikidata.org/entity/Q1606958>	POINT(13.395300 57.770000)	"Battle of Bogesund"@en				1520-01-19T00:00:00Z					"http://www.wikidata.org/entity/Q10678271"	9	"http://www.wikidata.org/entity/Q178561"
<http://www.wikidata.org/entity/Q1613521>	POINT(-3.166667 55.850000)	"Battle of Roslin"@en				1303-03-04T00:00:00Z					"http://www.wikidata.org/entity/Q1368240"	9	"http://www.wikidata.org/entity/Q178561"
<http://www.wikidata.org/entity/Q16158139>	POINT(-28.600000 38.300000)	"Action of Faial"@en					1594-06-22T00:00:00Z	1594-06-23T00:00:00Z			"http://www.wikidata.org/entity/Q430726"	2	"http://www.wikidata.org/entity/Q1261499"
<http://www.wikidata.org/entity/Q16163580>	POINT(-0.603889 39.358333)	"Battle of the Alcalans"@en				1129-01-01T00:00:00Z					"http://www.wikidata.org/entity/Q2993574"	5	"http://www.wikidata.org/entity/Q178561"
<http://www.wikidata.org/entity/Q16169269>	POINT(3.004200 43.183600)	"Siege of Narbonne"@en					0752-01-01T00:00:00Z	0759-01-01T00:00:00Z			"http://www.wikidata.org/entity/Q11915295|http://www.wikidata.org/entity/Q129124"	7	"http://www.wikidata.org/entity/Q178561|http://www.wikidata.org/entity/Q188055"
<http://www.wikidata.org/entity/Q16177430>	POINT(2.700000 42.200000)	"Battle of Besalú"@en				1285-09-01T00:00:00Z					"http://www.wikidata.org/entity/Q625133"	1	"http://www.wikidata.org/entity/Q178561"
<http://www.wikidata.org/entity/Q1618294>	POINT(14.063889 49.241944)	"Battle of Sudoměř"@en				1420-04-03T00:00:00Z					"http://www.wikidata.org/entity/Q478301"	11	"http://www.wikidata.org/entity/Q178561"
<http://www.wikidata.org/entity/Q1618756>	POINT(1.699170 47.829400)	"Battle of Meung-sur-Loire"@en				1429-06-15T00:00:00Z					"http://www.wikidata.org/entity/Q1094899|http://www.wikidata.org/entity/Q12551"	11	"http://www.wikidata.org/entity/Q178561"
<http://www.wikidata.org/entity/Q16207132>	POINT(28.950000 41.000000)	"Battle of Constantinople"@en				0378-01-01T00:00:00Z					"http://www.wikidata.org/entity/Q1366196"	11	"http://www.wikidata.org/entity/Q178561"
<http://www.wikidata.org/entity/Q16207231>	POINT(58.795833 36.213333)	"Battle of Nishapur"@en				0652-01-01T00:00:00Z					"http://www.wikidata.org/entity/Q19897841"	7	"http://www.wikidata.org/entity/Q178561"
<http://www.wikidata.org/entity/Q16253748>	POINT(14.500000 41.083333)	"Battle of Saticula"@en				-0341-01-01T00:00:00Z					"http://www.wikidata.org/entity/Q123014349|http://www.wikidata.org/entity/Q3782240"	4	"http://www.wikidata.org/entity/Q178561"
<http://www.wikidata.org/entity/Q16253753>	POINT(-0.872500 47.686389)	"Battle of Segré"@en				1066-01-01T00:00:00Z					"http://www.wikidata.org/entity/Q4962022"	1	"http://www.wikidata.org/entity/Q178561"
<http://www.wikidata.org/entity/Q16262987>	POINT(32.050000 54.783333)	"Siege of Smolensk"@en				1502-10-01T00:00:00Z	1502-06-01T00:00:00Z	1502-10-01T00:00:00Z			"http://www.wikidata.org/entity/Q1567698|http://www.wikidata.org/entity/Q2495491"	6	"http://www.wikidata.org/entity/Q178561|http://www.wikidata.org/entity/Q188055"
<http://www.wikidata.org/entity/Q1628304>	POINT(6.493611 47.837500)	"Battle of Magetobria"@en				-0062-01-01T00:00:00Z					"http://www.wikidata.org/entity/Q202161"	8	"http://www.wikidata.org/entity/Q178561"
<http://www.wikidata.org/entity/Q1631158>	POINT(-2.700000 42.427500)	"Battle of Nájera"@en				1367-04-11T00:00:00Z					"http://www.wikidata.org/entity/Q1205962"	19	"http://www.wikidata.org/entity/Q178561"
<http://www.wikidata.org/entity/Q16330226>	POINT(21.110833 38.303611)	"Battle of the Echinades"@en				-0321-01-01T00:00:00Z					"http://www.wikidata.org/entity/Q28365"	5	"http://www.wikidata.org/entity/Q1261499"
<http://www.wikidata.org/entity/Q1635231>	POINT(-2.100000 54.970000)	"Battle of Hexham"@en				1464-05-15T00:00:00Z					"http://www.wikidata.org/entity/Q127751"	18	"http://www.wikidata.org/entity/Q178561"
<http://www.wikidata.org/entity/Q16366324>	POINT(44.533333 41.450000)	"Battle of Bolnisi"@en				1228-01-01T00:00:00Z					"http://www.wikidata.org/entity/Q20582803"	5	"http://www.wikidata.org/entity/Q178561"
<http://www.wikidata.org/entity/Q1637986>	POINT(39.600000 40.050000)	"Battle of Satala"@en				0530-01-01T00:00:00Z					"http://www.wikidata.org/entity/Q2326066"	17	"http://www.wikidata.org/entity/Q178561"
<http://www.wikidata.org/entity/Q1638031>	POINT(18.068611 59.329444)	"Battle of Brunkeberg"@en				1471-10-10T00:00:00Z					"http://www.wikidata.org/entity/Q1277593"	15	"http://www.wikidata.org/entity/Q178561"
<http://www.wikidata.org/entity/Q1638751>	POINT(43.233333 41.016667)	"Battle of Shirimni"@en				1021-09-17T00:00:00Z					"http://www.wikidata.org/entity/Q862440"	11	"http://www.wikidata.org/entity/Q178561"
<http://www.wikidata.org/entity/Q1639273>	POINT(36.090000 40.390000)	"Battle of Anzen"@en				0838-07-22T00:00:00Z					"http://www.wikidata.org/entity/Q29100"	18	"http://www.wikidata.org/entity/Q178561"
<http://www.wikidata.org/entity/Q1639459>	POINT(35.697200 31.033300)	"Battle of Mu'tah"@en				0629-01-01T00:00:00Z					"http://www.wikidata.org/entity/Q29100"	44	"http://www.wikidata.org/entity/Q178561"
<http://www.wikidata.org/entity/Q163959>	POINT(6.766670 47.583300)	"Battle of Héricourt"@en				1474-11-13T00:00:00Z					"http://www.wikidata.org/entity/Q315342"	13	"http://www.wikidata.org/entity/Q178561"
<http://www.wikidata.org/entity/Q1640209>	POINT(25.250000 56.600000)	"Battle of Aizkraukle"@en				1279-03-12T00:00:00Z					"http://www.wikidata.org/entity/Q196409"	16	"http://www.wikidata.org/entity/Q178561"
<http://www.wikidata.org/entity/Q1644792>	POINT(12.697200 41.881900)	"Battle of Lake Regillus"@en				-0496-01-01T00:00:00Z					"http://www.wikidata.org/entity/Q12356285"	23	"http://www.wikidata.org/entity/Q178561"
<http://www.wikidata.org/entity/Q1648673>	POINT(-2.194722 55.236944)	"Battle of Otterburn"@en				1388-08-13T00:00:00Z					"http://www.wikidata.org/entity/Q1640586"	7	"http://www.wikidata.org/entity/Q178561"
<http://www.wikidata.org/entity/Q1649708>	POINT(12.900000 53.850000)	"Battle of Verchen"@en				1164-07-13T00:00:00Z						6	"http://www.wikidata.org/entity/Q178561"
<http://www.wikidata.org/entity/Q16506159>	POINT(12.863844 56.017228)	"Battle of Bunketofta"@en				1525-05-21T00:00:00Z						2	"http://www.wikidata.org/entity/Q178561"
<http://www.wikidata.org/entity/Q1651134>	POINT(3.013611 50.930000)	"Battle of Roosebeke"@en				1382-12-13T00:00:00Z					"http://www.wikidata.org/entity/Q12551"	12	"http://www.wikidata.org/entity/Q178561"
<http://www.wikidata.org/entity/Q16531530>	POINT(10.658889 45.321667)	"Battle of Volta Mantovana"@en				1080-10-21T00:00:00Z					"http://www.wikidata.org/entity/Q154764"	2	"http://www.wikidata.org/entity/Q178561"
<http://www.wikidata.org/entity/Q16531723>	POINT(1.661700 50.075700)	"Battle of Mons-en-Vimeu"@en				1421-09-08T00:00:00Z					"http://www.wikidata.org/entity/Q12551"	1	"http://www.wikidata.org/entity/Q178561"
<http://www.wikidata.org/entity/Q16537286>	POINT(48.364445 40.580000)	"Battle of Mollahasanli"@en				1578-11-25T00:00:00Z						6	"http://www.wikidata.org/entity/Q178561"
<http://www.wikidata.org/entity/Q165425>	POINT(21.300000 38.200000)	"Battle of Lepanto"@en				1571-10-17T00:00:00Z					"http://www.wikidata.org/entity/Q118929718|http://www.wikidata.org/entity/Q961430"	72	"http://www.wikidata.org/entity/Q1261499"
<http://www.wikidata.org/entity/Q1660792>	POINT(6.611944 36.367500)	"Battle of Cirta"@en				-0202-01-01T00:00:00Z					"http://www.wikidata.org/entity/Q6271"	10	"http://www.wikidata.org/entity/Q178561"
<http://www.wikidata.org/entity/Q1664736>	POINT(11.690231 52.047499)	"Battle of Frohse"@en				1278-01-17T00:00:00Z						3	"http://www.wikidata.org/entity/Q178561"
<http://www.wikidata.org/entity/Q1668787>	POINT(5.464639 50.721111)	"Battle of Othée"@en				1408-09-23T00:00:00Z						7	"http://www.wikidata.org/entity/Q178561"
<http://www.wikidata.org/entity/Q1669285>	POINT(31.289145 39.020439)	"Sack of Amorium"@en					0838-08-05T00:00:00Z	0838-08-19T00:00:00Z			"http://www.wikidata.org/entity/Q29100"	23	"http://www.wikidata.org/entity/Q178561|http://www.wikidata.org/entity/Q188055"
<http://www.wikidata.org/entity/Q1669489>	POINT(-0.650000 45.830000)	"Battle of Taillebourg"@en				1242-07-28T00:00:00Z					"http://www.wikidata.org/entity/Q3445341"	12	"http://www.wikidata.org/entity/Q178561"
<http://www.wikidata.org/entity/Q166961>	POINT(-2.718500 52.747500)	"Battle of Shrewsbury"@en				1403-07-30T00:00:00Z					"http://www.wikidata.org/entity/Q4126360"	15	"http://www.wikidata.org/entity/Q178561"
<http://www.wikidata.org/entity/Q1671704>	POINT(22.710300 37.808900)	"Battle of Nemea"@en				-0393-01-01T00:00:00Z					"http://www.wikidata.org/entity/Q651008"	17	"http://www.wikidata.org/entity/Q178561"
<http://www.wikidata.org/entity/Q1678637>	POINT(30.516667 39.783333)	"Battle of Dorylaeum"@en				1147-10-25T00:00:00Z					"http://www.wikidata.org/entity/Q51654"	19	"http://www.wikidata.org/entity/Q178561"
<http://www.wikidata.org/entity/Q16822586>	POINT(-3.090000 52.672000)	"Battle of Buttington"@en				0893-01-01T00:00:00Z					"http://www.wikidata.org/entity/Q7053398"	6	"http://www.wikidata.org/entity/Q178561"
<http://www.wikidata.org/entity/Q16822614>	POINT(10.361000 48.852000)	"Battle of Flochberg"@en				1150-02-08T00:00:00Z						3	"http://www.wikidata.org/entity/Q178561"
<http://www.wikidata.org/entity/Q16822665>	POINT(36.517558 33.603867)	"Battle of Marj Rahit"@en				0634-04-27T00:00:00Z					"http://www.wikidata.org/entity/Q248984"	10	"http://www.wikidata.org/entity/Q178561"
<http://www.wikidata.org/entity/Q16822717>	POINT(-3.140500 58.977111)	"Battle of Summerdale"@en				1529-05-19T00:00:00Z						1	"http://www.wikidata.org/entity/Q178561"
<http://www.wikidata.org/entity/Q16826489>	POINT(-1.416667 53.233333)	"Battle of Chesterfield"@en				1266-05-22T00:00:00Z						3	"http://www.wikidata.org/entity/Q178561"
<http://www.wikidata.org/entity/Q16840426>	POINT(-3.130000 37.300000)	"Battle of Guadix"@en				1362-01-23T00:00:00Z					"http://www.wikidata.org/entity/Q79791"	4	"http://www.wikidata.org/entity/Q178561"
<http://www.wikidata.org/entity/Q1688652>	POINT(14.997500 50.793333)	"Battle of Kratzau"@en				1428-11-11T00:00:00Z					"http://www.wikidata.org/entity/Q478301"	4	"http://www.wikidata.org/entity/Q178561"
<http://www.wikidata.org/entity/Q1692857>	POINT(-0.536111 52.686111)	"Battle of Losecoat Field"@en				1470-03-21T00:00:00Z					"http://www.wikidata.org/entity/Q127751"	15	"http://www.wikidata.org/entity/Q178561"
<http://www.wikidata.org/entity/Q16930987>	POINT(-2.955000 55.331000)	"Battle of Hornshole"@en				1514-01-01T00:00:00Z						3	"http://www.wikidata.org/entity/Q178561"
<http://www.wikidata.org/entity/Q16933440>	POINT(22.550000 38.800000)	"Battle of Scarpheia"@en				-0145-01-01T00:00:00Z					"http://www.wikidata.org/entity/Q6861027"	3	"http://www.wikidata.org/entity/Q178561"
<http://www.wikidata.org/entity/Q1700886>	POINT(9.772500 53.057600)	"Battle of Soltau"@en				1519-07-08T00:00:00Z					"http://www.wikidata.org/entity/Q1498028"	3	"http://www.wikidata.org/entity/Q178561"
<http://www.wikidata.org/entity/Q1704268>	POINT(0.694800 51.602800)	"Battle of Assandun"@en				1016-10-24T00:00:00Z					"http://www.wikidata.org/entity/Q7053398"	17	"http://www.wikidata.org/entity/Q178561"
<http://www.wikidata.org/entity/Q1720307>	POINT(28.000000 40.000000)	"Battle of the Hellespont"@en				-0320-01-01T00:00:00Z					"http://www.wikidata.org/entity/Q2910041"	14	"http://www.wikidata.org/entity/Q178561"
<http://www.wikidata.org/entity/Q17277303>	POINT(35.956389 41.734444)	"Battle of Halys"@en				-0081-01-01T00:00:00Z					"http://www.wikidata.org/entity/Q1991765"	5	"http://www.wikidata.org/entity/Q178561"
<http://www.wikidata.org/entity/Q173077>	POINT(0.534389 46.987611)	"Battle of Tours"@en				0732-10-14T00:00:00Z					"http://www.wikidata.org/entity/Q129124"	69	"http://www.wikidata.org/entity/Q178561"
<http://www.wikidata.org/entity/Q17374942>	POINT(1.845560 42.100000)	"Battle of Bergium"@en				-0194-01-01T00:00:00Z					"http://www.wikidata.org/entity/Q11945466"	2	"http://www.wikidata.org/entity/Q178561"
<http://www.wikidata.org/entity/Q174253>	POINT(22.957728 38.534199)	"Battle of Tegyra"@en				-0374-01-01T00:00:00Z					"http://www.wikidata.org/entity/Q499229"	15	"http://www.wikidata.org/entity/Q178561"
<http://www.wikidata.org/entity/Q1747219>	POINT(4.816670 43.950000)	"Battle of Avignon"@en				0737-01-01T00:00:00Z					"http://www.wikidata.org/entity/Q275918"	10	"http://www.wikidata.org/entity/Q178561"
<http://www.wikidata.org/entity/Q1748450>	POINT(-1.924000 55.471000)	"Battle of Hedgeley Moor"@en				1464-04-25T00:00:00Z					"http://www.wikidata.org/entity/Q127751"	17	"http://www.wikidata.org/entity/Q178561"
<http://www.wikidata.org/entity/Q1749390>	POINT(6.866667 47.016667)	"Battle of Coffrane"@en				1296-03-06T00:00:00Z						3	"http://www.wikidata.org/entity/Q178561"
<http://www.wikidata.org/entity/Q17515442>	POINT(16.256976 45.453327)	"Battle of Brest"@en				1592-07-19T00:00:00Z					"http://www.wikidata.org/entity/Q698985"	6	"http://www.wikidata.org/entity/Q178561"
<http://www.wikidata.org/entity/Q17515504>	POINT(21.374444 37.892222)	"Battle of Picotin"@en				1316-02-22T00:00:00Z					"http://www.wikidata.org/entity/Q2935366"	3	"http://www.wikidata.org/entity/Q178561"
<http://www.wikidata.org/entity/Q1754459>	POINT(15.300000 37.066700)	"Battle of Himera"@en				-0310-01-01T00:00:00Z					"http://www.wikidata.org/entity/Q3540196"	17	"http://www.wikidata.org/entity/Q178561"
<http://www.wikidata.org/entity/Q1754732>	POINT(9.566670 45.450000)	"Battle of Agnadello"@en				1509-05-24T00:00:00Z					"http://www.wikidata.org/entity/Q636365"	20	"http://www.wikidata.org/entity/Q178561"
<http://www.wikidata.org/entity/Q1758473>	POINT(-0.926000 53.585000)	"Battle of Hatfield Chase"@en				0633-10-12T00:00:00Z						16	"http://www.wikidata.org/entity/Q178561"
<http://www.wikidata.org/entity/Q17588055>	POINT(1.320247 41.624039)	"Battle of Rubinat"@en					1462-07-30T00:00:00Z	1462-07-31T00:00:00Z			"http://www.wikidata.org/entity/Q2476062"	2	"http://www.wikidata.org/entity/Q178561"
<http://www.wikidata.org/entity/Q17588057>	POINT(3.076111 42.135278)	"Battlle of Viladamat"@en				1467-11-30T00:00:00Z					"http://www.wikidata.org/entity/Q2476062"	2	"http://www.wikidata.org/entity/Q178561"
<http://www.wikidata.org/entity/Q1759500>	POINT(5.333333 47.850000)	"Battle of Lingones"@en				0298-01-01T00:00:00Z						13	"http://www.wikidata.org/entity/Q178561"
<http://www.wikidata.org/entity/Q175985>	POINT(11.133000 42.555000)	"Battle of Telamon"@en				-0224-01-01T00:00:00Z					"http://www.wikidata.org/entity/Q1123592"	22	"http://www.wikidata.org/entity/Q178561"
<http://www.wikidata.org/entity/Q17605393>	POINT(1.983330 42.450000)	"Battle of Llívia"@en				0731-01-01T00:00:00Z					"http://www.wikidata.org/entity/Q129124"	1	"http://www.wikidata.org/entity/Q178561"
<http://www.wikidata.org/entity/Q1760784>	POINT(37.508611 55.275000)	"Battle of Molodi"@en				1572-08-12T00:00:00Z	1572-08-09T00:00:00Z	1572-08-13T00:00:00Z			"http://www.wikidata.org/entity/Q923852"	17	"http://www.wikidata.org/entity/Q178561"
<http://www.wikidata.org/entity/Q17622605>	POINT(14.053600 40.848600)	"Battle of Cumae"@en				-0214-01-01T00:00:00Z					"http://www.wikidata.org/entity/Q6271"	5	"http://www.wikidata.org/entity/Q178561"
<http://www.wikidata.org/entity/Q17622618>	POINT(2.220000 51.290000)	"Battle of Margate"@en				1387-04-02T00:00:00Z						3	"http://www.wikidata.org/entity/Q1261499"
<http://www.wikidata.org/entity/Q17622621>	POINT(-5.682164 41.966128)	"Battle of Polvoraria"@en				0878-01-01T00:00:00Z						5	"http://www.wikidata.org/entity/Q178561"
<http://www.wikidata.org/entity/Q1762486>	POINT(8.900000 39.566700)	"Battle of Sanluri"@en				1409-07-09T00:00:00Z					"http://www.wikidata.org/entity/Q3403866"	7	"http://www.wikidata.org/entity/Q178561"
<http://www.wikidata.org/entity/Q17625790>	POINT(-2.766530 42.833186)	"Battle of Inglesmendi"@en				1367-03-27T00:00:00Z					"http://www.wikidata.org/entity/Q1205962"	3	"http://www.wikidata.org/entity/Q178561"
<http://www.wikidata.org/entity/Q176416>	POINT(21.665725 36.930136)	"Battle of Sphacteria"@en				-0424-01-01T00:00:00Z					"http://www.wikidata.org/entity/Q33745"	21	"http://www.wikidata.org/entity/Q178561"
<http://www.wikidata.org/entity/Q1770064>	POINT(0.183333 51.316700)	"Battle of Otford"@en				0776-01-01T00:00:00Z						6	"http://www.wikidata.org/entity/Q178561"
<http://www.wikidata.org/entity/Q1770727>	POINT(-3.071945 54.986111)	"Battle of Sark"@en				1448-11-01T00:00:00Z					"http://www.wikidata.org/entity/Q1640586"	4	"http://www.wikidata.org/entity/Q178561"
<http://www.wikidata.org/entity/Q1777327>	POINT(3.650000 50.933300)	"Battle of Gavere"@en				1453-07-23T00:00:00Z	1453-01-01T00:00:00Z				"http://www.wikidata.org/entity/Q1916584"	7	"http://www.wikidata.org/entity/Q178561"
<http://www.wikidata.org/entity/Q1778251>	POINT(14.266700 58.816700)	"Battle of Älgarås"@en				1205-11-21T00:00:00Z						11	"http://www.wikidata.org/entity/Q178561"
<http://www.wikidata.org/entity/Q1779008>	POINT(12.069598 43.546826)	"Battle of Anghiari"@en				1440-06-29T00:00:00Z					"http://www.wikidata.org/entity/Q2506432"	12	"http://www.wikidata.org/entity/Q178561"
<http://www.wikidata.org/entity/Q1784087>	POINT(6.301550 43.589969)	"Battle of Tourtour"@en				0973-01-01T00:00:00Z						11	"http://www.wikidata.org/entity/Q178561"
<http://www.wikidata.org/entity/Q1784785>	POINT(5.736250 44.459806)	"Battle of Mons Seleucus"@en				0353-08-01T00:00:00Z					"http://www.wikidata.org/entity/Q3778588"	15	"http://www.wikidata.org/entity/Q178561"
<http://www.wikidata.org/entity/Q1784832>	POINT(3.240278 50.095278)	"Battle of Vicy"@en				0717-03-25T00:00:00Z						9	"http://www.wikidata.org/entity/Q178561"
<http://www.wikidata.org/entity/Q178510>	POINT(18.647222 45.941389)	"Battle of Mohács"@en				1526-08-29T00:00:00Z					"http://www.wikidata.org/entity/Q124785345"	67	"http://www.wikidata.org/entity/Q178561"
<http://www.wikidata.org/entity/Q1785755>	POINT(-0.105000 47.541000)	"Battle of Baugé"@en				1421-03-30T00:00:00Z					"http://www.wikidata.org/entity/Q12551"	14	"http://www.wikidata.org/entity/Q178561"
<http://www.wikidata.org/entity/Q1786470>	POINT(30.216667 50.383333)	"Battle on the Irpin River"@en				1320-01-01T00:00:00Z						17	"http://www.wikidata.org/entity/Q178561"
<http://www.wikidata.org/entity/Q1787589>	POINT(13.964800 50.659800)	"Battle of Aussig"@en				1426-06-16T00:00:00Z					"http://www.wikidata.org/entity/Q478301"	11	"http://www.wikidata.org/entity/Q178561"
<http://www.wikidata.org/entity/Q178850>	POINT(23.566667 37.951389)	"Battle of Salamis"@en				-0479-09-24T00:00:00Z					"http://www.wikidata.org/entity/Q1122337"	67	"http://www.wikidata.org/entity/Q1261499"
<http://www.wikidata.org/entity/Q1788933>	POINT(0.516667 40.800000)	"Battle of Dertosa"@en				-0214-01-01T00:00:00Z					"http://www.wikidata.org/entity/Q6271"	16	"http://www.wikidata.org/entity/Q178561"
<http://www.wikidata.org/entity/Q1789809>	POINT(8.574201 50.156674)	"Kronberger feud"@en					1389-02-24T00:00:00Z	1389-05-22T00:00:00Z			"http://www.wikidata.org/entity/Q2359871"	3	"http://www.wikidata.org/entity/Q178561|http://www.wikidata.org/entity/Q467033"
<http://www.wikidata.org/entity/Q1792257>	POINT(16.975833 59.694167)	"Battle of Sparrsätra"@en				1247-01-01T00:00:00Z						7	"http://www.wikidata.org/entity/Q178561"
<http://www.wikidata.org/entity/Q1792643>	POINT(-5.615000 36.045000)	"Battle of Río Salado"@en				1340-11-07T00:00:00Z					"http://www.wikidata.org/entity/Q21081322"	22	"http://www.wikidata.org/entity/Q178561"
<http://www.wikidata.org/entity/Q179288>	POINT(21.120000 42.630000)	"Battle of Kosovo"@en				1389-07-06T00:00:00Z					"http://www.wikidata.org/entity/Q698985"	61	"http://www.wikidata.org/entity/Q178561"
<http://www.wikidata.org/entity/Q1794521>	POINT(14.216667 58.850000)	"Battle of Hova"@en				1275-06-14T00:00:00Z					"http://www.wikidata.org/entity/Q357200"	6	"http://www.wikidata.org/entity/Q178561"
<http://www.wikidata.org/entity/Q1794532>	POINT(13.652000 58.180000)	"Battle of Åsle"@en				1389-03-04T00:00:00Z						7	"http://www.wikidata.org/entity/Q178561"
<http://www.wikidata.org/entity/Q179455>	POINT(26.400000 40.200000)	"Battle of the Hellespont"@en				0324-07-01T00:00:00Z						19	"http://www.wikidata.org/entity/Q178561"
<http://www.wikidata.org/entity/Q179591>	POINT(16.132500 41.306389)	"Battle of Cannae"@en				-0215-07-29T00:00:00Z					"http://www.wikidata.org/entity/Q6271"	67	"http://www.wikidata.org/entity/Q178561"
<http://www.wikidata.org/entity/Q179670>	POINT(43.250000 36.360000)	"Battle of Gaugamela"@en				-0330-09-26T00:00:00Z					"http://www.wikidata.org/entity/Q551888"	64	"http://www.wikidata.org/entity/Q178561"
<http://www.wikidata.org/entity/Q1799032>	POINT(13.068889 43.140278)	"Battle of Camerinum"@en				-0294-01-01T00:00:00Z					"http://www.wikidata.org/entity/Q3984897"	11	"http://www.wikidata.org/entity/Q178561"
<http://www.wikidata.org/entity/Q18003965>	POINT(9.214783 39.086370)	"Naval Battle of Cagliari"@en				1325-01-06T00:00:00Z					"http://www.wikidata.org/entity/Q3403866"	3	"http://www.wikidata.org/entity/Q1261499"
<http://www.wikidata.org/entity/Q18005571>	POINT(3.000000 42.300000)	"Burning of Peralada"@en				1285-01-01T00:00:00Z					"http://www.wikidata.org/entity/Q625133"	1	"http://www.wikidata.org/entity/Q178561"
<http://www.wikidata.org/entity/Q18006531>	POINT(-5.055556 43.308889)	"Siege to Pelayo"@en				0735-01-01T00:00:00Z					"http://www.wikidata.org/entity/Q79791"	2	"http://www.wikidata.org/entity/Q178561|http://www.wikidata.org/entity/Q188055"
<http://www.wikidata.org/entity/Q18006574>	POINT(8.800000 39.566667)	"Battle of San Gavino"@en				1323-04-19T00:00:00Z					"http://www.wikidata.org/entity/Q3403866"	2	"http://www.wikidata.org/entity/Q178561"
<http://www.wikidata.org/entity/Q18008908>	POINT(-4.766670 37.883300)	"Battle of Secunda"@en				0747-01-01T00:00:00Z					"http://www.wikidata.org/entity/Q11945470"	3	"http://www.wikidata.org/entity/Q178561"
<http://www.wikidata.org/entity/Q18027703>	POINT(-3.155445 52.248408)	"Battle of Coleshill"@en				1150-01-01T00:00:00Z						1	"http://www.wikidata.org/entity/Q178561"
<http://www.wikidata.org/entity/Q1807089>	POINT(-2.816670 41.700000)	"Battle of Calatañazor"@en				1002-07-01T00:00:00Z					"http://www.wikidata.org/entity/Q79791"	11	"http://www.wikidata.org/entity/Q26913948"
<http://www.wikidata.org/entity/Q1807251>	POINT(-3.707945 37.237514)	"Battle of La Higueruela"@en				1431-07-01T00:00:00Z					"http://www.wikidata.org/entity/Q79791"	12	"http://www.wikidata.org/entity/Q178561"
<http://www.wikidata.org/entity/Q1811747>	POINT(27.100000 41.433333)	"Battle of Boulgarophygon"@en				0896-01-01T00:00:00Z					"http://www.wikidata.org/entity/Q18639147|http://www.wikidata.org/entity/Q2288144"	19	"http://www.wikidata.org/entity/Q178561"
<http://www.wikidata.org/entity/Q181293>	POINT(21.336136 48.744743)	"Battle of Rozgony"@en				1312-06-15T00:00:00Z						16	"http://www.wikidata.org/entity/Q178561"
<http://www.wikidata.org/entity/Q1814248>	POINT(4.683080 52.375953)	"Battle of Haarlemmermeer"@en				1573-06-05T00:00:00Z					"http://www.wikidata.org/entity/Q652271"	7	"http://www.wikidata.org/entity/Q1261499"
<http://www.wikidata.org/entity/Q181480>	POINT(14.451400 50.088800)	"Battle of Vítkov Hill"@en					1420-06-21T00:00:00Z	1420-07-23T00:00:00Z			"http://www.wikidata.org/entity/Q478301"	13	"http://www.wikidata.org/entity/Q178561"
<http://www.wikidata.org/entity/Q18162714>	POINT(16.377000 45.048000)	"Battle of Una"@en					1483-11-07T00:00:00Z	1483-11-08T00:00:00Z			"http://www.wikidata.org/entity/Q3502774|http://www.wikidata.org/entity/Q698985"	4	"http://www.wikidata.org/entity/Q178561"
<http://www.wikidata.org/entity/Q1818410>	POINT(-3.054000 52.860000)	"Battle of Maserfield"@en				0642-08-05T00:00:00Z						16	"http://www.wikidata.org/entity/Q178561"
<http://www.wikidata.org/entity/Q1822262>	POINT(-1.680833 48.114167)	"Siege of Rennes"@en					1356-10-11T00:00:00Z	1357-07-13T00:00:00Z			"http://www.wikidata.org/entity/Q550172"	6	"http://www.wikidata.org/entity/Q178561|http://www.wikidata.org/entity/Q188055"
<http://www.wikidata.org/entity/Q18245721>	POINT(19.027778 54.039722)	"Battle of Marienburg"@en				1422-10-06T00:00:00Z					"http://www.wikidata.org/entity/Q687151"	3	"http://www.wikidata.org/entity/Q178561"
<http://www.wikidata.org/entity/Q183249>	POINT(37.852020 58.068530)	"Battle of the Sit River"@en				1238-03-11T00:00:00Z					"http://www.wikidata.org/entity/Q1134220"	19	"http://www.wikidata.org/entity/Q178561"
<http://www.wikidata.org/entity/Q18330892>	POINT(-4.247300 50.521000)	"Battle of Hingston Down"@en				0838-01-01T00:00:00Z						5	"http://www.wikidata.org/entity/Q178561"
<http://www.wikidata.org/entity/Q1836863>	POINT(35.521611 32.595564)	"Battle of Belvoir Castle"@en				1182-07-22T00:00:00Z					"http://www.wikidata.org/entity/Q52145976"	13	"http://www.wikidata.org/entity/Q178561"
<http://www.wikidata.org/entity/Q1849818>	POINT(-1.247222 52.114444)	"Battle of Edgcote"@en				1469-08-04T00:00:00Z					"http://www.wikidata.org/entity/Q127751"	18	"http://www.wikidata.org/entity/Q178561"
<http://www.wikidata.org/entity/Q1852373>	POINT(-1.450000 54.366667)	"Battle of the Standard"@en				1138-08-29T00:00:00Z					"http://www.wikidata.org/entity/Q743768"	16	"http://www.wikidata.org/entity/Q178561"
<http://www.wikidata.org/entity/Q1855461>	POINT(-0.538653 53.233300)	"Battle of Lincoln"@en				1217-05-27T00:00:00Z					"http://www.wikidata.org/entity/Q2086498"	16	"http://www.wikidata.org/entity/Q178561"
<http://www.wikidata.org/entity/Q1855781>	POINT(30.853611 30.412222)	"Battle of Nikiou"@en				0646-05-01T00:00:00Z					"http://www.wikidata.org/entity/Q317519"	13	"http://www.wikidata.org/entity/Q178561"
<http://www.wikidata.org/entity/Q18649505>	POINT(-5.216700 37.350000)	"Battle of Munda"@en				-0213-01-01T00:00:00Z					"http://www.wikidata.org/entity/Q6271"	2	"http://www.wikidata.org/entity/Q178561"
<http://www.wikidata.org/entity/Q18712913>	POINT(16.798500 45.189300)	"Battle of Dubica"@en				1513-08-16T00:00:00Z					"http://www.wikidata.org/entity/Q698985"	4	"http://www.wikidata.org/entity/Q178561"
<http://www.wikidata.org/entity/Q188495>	POINT(2.141389 50.463333)	"Battle of Agincourt"@en				1415-11-03T00:00:00Z					"http://www.wikidata.org/entity/Q12551"	62	"http://www.wikidata.org/entity/Q178561|http://www.wikidata.org/entity/Q40890151"
<http://www.wikidata.org/entity/Q1885831>	POINT(1.850600 49.535000)	"Battle of Gerberoy"@en				1435-05-09T00:00:00Z					"http://www.wikidata.org/entity/Q12551"	9	"http://www.wikidata.org/entity/Q178561"
<http://www.wikidata.org/entity/Q1886703>	POINT(8.450000 39.066700)	"Battle of Sulci"@en				-0257-01-01T00:00:00Z					"http://www.wikidata.org/entity/Q6286"	17	"http://www.wikidata.org/entity/Q1261499"
<http://www.wikidata.org/entity/Q1887009>	POINT(-3.740000 48.630000)	"Battle of Morlaix"@en				1342-10-08T00:00:00Z					"http://www.wikidata.org/entity/Q550172"	13	"http://www.wikidata.org/entity/Q178561"
<http://www.wikidata.org/entity/Q1887057>	POINT(-2.050000 55.787500)	"Battle of Halidon Hill"@en				1333-07-27T00:00:00Z					"http://www.wikidata.org/entity/Q1368240"	22	"http://www.wikidata.org/entity/Q178561"
<http://www.wikidata.org/entity/Q1887701>	POINT(25.375576 37.106821)	"Battle of Naxos"@en				-0375-09-01T00:00:00Z					"http://www.wikidata.org/entity/Q499229"	13	"http://www.wikidata.org/entity/Q1261499"
<http://www.wikidata.org/entity/Q1887733>	POINT(14.466667 41.483333)	"Battle of Bovianum"@en				-0304-01-01T00:00:00Z					"http://www.wikidata.org/entity/Q3953988"	13	"http://www.wikidata.org/entity/Q178561"
<http://www.wikidata.org/entity/Q18890189>	POINT(35.731000 32.760150)	"Battle of al-Yaqusah"@en				0634-08-01T00:00:00Z					"http://www.wikidata.org/entity/Q248984"	5	"http://www.wikidata.org/entity/Q178561"
<http://www.wikidata.org/entity/Q1889668>	POINT(27.201667 42.466944)	"Battle of Rusokastro"@en				1332-07-26T00:00:00Z					"http://www.wikidata.org/entity/Q2288144"	14	"http://www.wikidata.org/entity/Q178561"
<http://www.wikidata.org/entity/Q1890225>	POINT(10.983300 45.433300)	"Battle of Verona"@en				0402-06-01T00:00:00Z					"http://www.wikidata.org/entity/Q3625654"	13	"http://www.wikidata.org/entity/Q178561"
<http://www.wikidata.org/entity/Q18920218>	POINT(44.344900 32.393400)	"Battle of Burs"@en				0636-01-01T00:00:00Z					"http://www.wikidata.org/entity/Q887684"	5	"http://www.wikidata.org/entity/Q178561"
<http://www.wikidata.org/entity/Q1892080>	POINT(-0.127220 45.041700)	"Battle of Coutras"@en				1587-10-20T00:00:00Z					"http://www.wikidata.org/entity/Q673175"	8	"http://www.wikidata.org/entity/Q178561"
<http://www.wikidata.org/entity/Q1892581>	POINT(14.053611 40.848611)	"Battle of Cumae"@en				-0473-01-01T00:00:00Z						20	"http://www.wikidata.org/entity/Q1261499"
<http://www.wikidata.org/entity/Q1894062>	POINT(13.256670 42.065830)	"Battle of Tagliacozzo"@en				1268-08-30T00:00:00Z					"http://www.wikidata.org/entity/Q131405361"	17	"http://www.wikidata.org/entity/Q178561"
<http://www.wikidata.org/entity/Q1895789>	POINT(11.883333 44.285556)	"Battle of Faventia"@en				0542-01-01T00:00:00Z					"http://www.wikidata.org/entity/Q477973"	12	"http://www.wikidata.org/entity/Q178561"
<http://www.wikidata.org/entity/Q1896360>	POINT(21.433300 42.000000)	"Battle of Skopje"@en				1004-01-01T00:00:00Z					"http://www.wikidata.org/entity/Q2817295"	13	"http://www.wikidata.org/entity/Q178561"
<http://www.wikidata.org/entity/Q1913209>	POINT(3.410000 51.060000)	"Battle of Axpoele"@en				1128-06-28T00:00:00Z						3	"http://www.wikidata.org/entity/Q178561"
<http://www.wikidata.org/entity/Q1919712>	POINT(3.532100 50.962800)	"Battle of Nevele"@en				1381-05-29T00:00:00Z					"http://www.wikidata.org/entity/Q12551|http://www.wikidata.org/entity/Q3458310"	2	"http://www.wikidata.org/entity/Q178561"
<http://www.wikidata.org/entity/Q192473>	POINT(26.600000 41.800000)	"Battle of Adrianople"@en				0378-08-10T00:00:00Z					"http://www.wikidata.org/entity/Q1366196"	51	"http://www.wikidata.org/entity/Q178561"
<http://www.wikidata.org/entity/Q192938>	POINT(27.242222 40.228056)	"Battle of the Granicus"@en				-0333-05-01T00:00:00Z					"http://www.wikidata.org/entity/Q551888"	48	"http://www.wikidata.org/entity/Q178561"
<http://www.wikidata.org/entity/Q1934137>	POINT(20.366667 41.766667)	"Battle of Torvioll"@en				1444-07-08T00:00:00Z					"http://www.wikidata.org/entity/Q136048217"	16	"http://www.wikidata.org/entity/Q178561"
<http://www.wikidata.org/entity/Q19367876>	POINT(-5.311940 35.888100)	"Battle of Ceuta"@en				1339-09-14T00:00:00Z					"http://www.wikidata.org/entity/Q21081322"	2	"http://www.wikidata.org/entity/Q1261499"
<http://www.wikidata.org/entity/Q19368006>	POINT(2.860280 42.846700)	"Capture of Fraissé"@en				1390-08-24T00:00:00Z					"http://www.wikidata.org/entity/Q20105790"	1	"http://www.wikidata.org/entity/Q178561"
<http://www.wikidata.org/entity/Q1939977>	POINT(-1.792000 51.525000)	"Battle of Ellandun"@en				0825-01-01T00:00:00Z						15	"http://www.wikidata.org/entity/Q178561"
<http://www.wikidata.org/entity/Q194226>	POINT(35.954722 32.814167)	"Battle of Yarmouk"@en					0636-08-18T00:00:00Z	0636-08-23T00:00:00Z			"http://www.wikidata.org/entity/Q248984"	61	"http://www.wikidata.org/entity/Q178561"
<http://www.wikidata.org/entity/Q194951>	POINT(19.400000 45.250000)	"Battle of Haram"@en				1125-01-01T00:00:00Z					"http://www.wikidata.org/entity/Q25894038"	6	"http://www.wikidata.org/entity/Q178561"
<http://www.wikidata.org/entity/Q19605437>	POINT(9.183111 39.233055)	"Battle of Quartu"@en					1354-02-01T00:00:00Z	1354-12-30T00:00:00Z			"http://www.wikidata.org/entity/Q20108781|http://www.wikidata.org/entity/Q2471587"	2	"http://www.wikidata.org/entity/Q178561"
<http://www.wikidata.org/entity/Q19606651>	POINT(2.296104 49.895522)	"Battle of Amiens"@en				1358-09-01T00:00:00Z					"http://www.wikidata.org/entity/Q12551"	2	"http://www.wikidata.org/entity/Q178561"
<http://www.wikidata.org/entity/Q19611623>	POINT(-6.308300 53.347300)	"Battle of Islandbridge"@en				0919-09-14T00:00:00Z						6	"http://www.wikidata.org/entity/Q178561"
<http://www.wikidata.org/entity/Q1968819>	POINT(12.993437 49.408272)	"Battle of Domažlice"@en				1431-08-23T00:00:00Z					"http://www.wikidata.org/entity/Q478301"	11	"http://www.wikidata.org/entity/Q178561"
<http://www.wikidata.org/entity/Q1968883>	POINT(-3.582010 56.420140)	"Battle of Methven"@en				1306-06-27T00:00:00Z					"http://www.wikidata.org/entity/Q1368240"	14	"http://www.wikidata.org/entity/Q178561"
<http://www.wikidata.org/entity/Q19692194>	POINT(30.500440 50.598570)	"Siege of Vyshgorod"@en					1173-09-15T00:00:00Z	1173-12-26T00:00:00Z				4	"http://www.wikidata.org/entity/Q178561"
<http://www.wikidata.org/entity/Q19692580>	POINT(31.283333 58.550000)	"Battle of the Novgorodians with the Suzdalians"@en				1169-01-01T00:00:00Z						4	"http://www.wikidata.org/entity/Q178561|http://www.wikidata.org/entity/Q188055"
<http://www.wikidata.org/entity/Q1972070>	POINT(2.350000 48.850000)	"Battle of Lutetia"@en				-0051-01-01T00:00:00Z					"http://www.wikidata.org/entity/Q202161"	12	"http://www.wikidata.org/entity/Q178561"
<http://www.wikidata.org/entity/Q1973800>	POINT(-6.945000 54.384000)	"Battle of the Yellow Ford"@en				1598-08-14T00:00:00Z					"http://www.wikidata.org/entity/Q1361354"	9	"http://www.wikidata.org/entity/Q178561"
<http://www.wikidata.org/entity/Q1974201>	POINT(14.733361 41.761833)	"Battle of Geronium"@en				-0216-01-01T00:00:00Z					"http://www.wikidata.org/entity/Q6271"	15	"http://www.wikidata.org/entity/Q178561"
<http://www.wikidata.org/entity/Q1975400>	POINT(31.116667 30.900000)	"Battle of the Nile"@en				-0046-01-01T00:00:00Z					"http://www.wikidata.org/entity/Q9377266"	16	"http://www.wikidata.org/entity/Q178561"
<http://www.wikidata.org/entity/Q19772473>	POINT(30.523611 50.450000)	"Siege of Kyiv"@en				1036-01-01T00:00:00Z						4	"http://www.wikidata.org/entity/Q178561|http://www.wikidata.org/entity/Q188055"
<http://www.wikidata.org/entity/Q1985934>	POINT(0.810000 50.880000)	"Battle of Winchelsea"@en				1350-09-06T00:00:00Z					"http://www.wikidata.org/entity/Q12551"	16	"http://www.wikidata.org/entity/Q1261499"
<http://www.wikidata.org/entity/Q1987213>	POINT(19.500000 41.300000)	"Battle of Dyrrhachium"@en				1081-10-24T00:00:00Z					"http://www.wikidata.org/entity/Q327150"	30	"http://www.wikidata.org/entity/Q178561"
<http://www.wikidata.org/entity/Q1989936>	POINT(31.716667 54.000000)	"Battle of Mstislavl"@en				1501-11-04T00:00:00Z					"http://www.wikidata.org/entity/Q1567698"	7	"http://www.wikidata.org/entity/Q178561"
<http://www.wikidata.org/entity/Q19901912>	POINT(-8.900000 42.233333)	"Battle of Bayona Islands"@en				1590-01-01T00:00:00Z					"http://www.wikidata.org/entity/Q164432|http://www.wikidata.org/entity/Q430726"	3	"http://www.wikidata.org/entity/Q1261499"
<http://www.wikidata.org/entity/Q1991963>	POINT(-2.017064 54.974092)	"Battle of Corbridge"@en				0918-01-01T00:00:00Z					"http://www.wikidata.org/entity/Q7053398"	7	"http://www.wikidata.org/entity/Q178561"
<http://www.wikidata.org/entity/Q1992574>	POINT(-1.047300 51.270400)	"Battle of Basing"@en				0871-01-26T00:00:00Z					"http://www.wikidata.org/entity/Q7053398"	10	"http://www.wikidata.org/entity/Q178561"
<http://www.wikidata.org/entity/Q1992687>	POINT(-2.226000 54.524000)	"Battle of Stainmore"@en				0954-01-01T00:00:00Z					"http://www.wikidata.org/entity/Q7053398"	5	"http://www.wikidata.org/entity/Q178561"
<http://www.wikidata.org/entity/Q1992706>	POINT(-6.525000 53.280000)	"Battle of Glenmama"@en				1000-01-04T00:00:00Z						5	"http://www.wikidata.org/entity/Q178561"
<http://www.wikidata.org/entity/Q200032>	POINT(42.590000 39.100000)	"Battle of Manzikert"@en				1071-09-01T00:00:00Z					"http://www.wikidata.org/entity/Q1827267"	64	"http://www.wikidata.org/entity/Q178561"
<http://www.wikidata.org/entity/Q200056>	POINT(9.449167 36.298889)	"Battle of Zama"@en				-0201-10-15T00:00:00Z					"http://www.wikidata.org/entity/Q6271"	57	"http://www.wikidata.org/entity/Q178561"
<http://www.wikidata.org/entity/Q20034937>	POINT(20.783300 49.883300)	"Battle of Gwoźdźcem"@en				1531-01-01T00:00:00Z						2	"http://www.wikidata.org/entity/Q178561"
<http://www.wikidata.org/entity/Q20054768>	POINT(36.380000 35.415000)	"Battle of Apamea"@en				0998-07-24T00:00:00Z					"http://www.wikidata.org/entity/Q29100"	11	"http://www.wikidata.org/entity/Q178561"
<http://www.wikidata.org/entity/Q20057046>	POINT(20.459422 54.874149)	"Battle of Rudavy"@en					1254-11-01T00:00:00Z	1254-12-01T00:00:00Z				2	"http://www.wikidata.org/entity/Q178561"
<http://www.wikidata.org/entity/Q200716>	POINT(22.847500 38.495000)	"Battle of Chaeronea"@en				-0337-08-01T00:00:00Z					"http://www.wikidata.org/entity/Q1669192"	51	"http://www.wikidata.org/entity/Q178561"
<http://www.wikidata.org/entity/Q2007212>	POINT(40.022222 39.973611)	"Battle of Otlukbeli"@en				1473-08-20T00:00:00Z					"http://www.wikidata.org/entity/Q3404625"	17	"http://www.wikidata.org/entity/Q178561"
<http://www.wikidata.org/entity/Q2008448>	POINT(34.751644 32.054408)	"Battle of Jaffa"@en				1192-08-15T00:00:00Z					"http://www.wikidata.org/entity/Q51655"	23	"http://www.wikidata.org/entity/Q178561"
<http://www.wikidata.org/entity/Q20103586>	POINT(-0.473611 38.698333)	"Battle of Alcoy"@en				1276-01-01T00:00:00Z					"http://www.wikidata.org/entity/Q2993587"	1	"http://www.wikidata.org/entity/Q178561"
<http://www.wikidata.org/entity/Q20104831>	POINT(21.137136 37.940006)	"Battle of Glarentza"@en				1315-01-01T00:00:00Z					"http://www.wikidata.org/entity/Q2935366"	1	"http://www.wikidata.org/entity/Q178561"
<http://www.wikidata.org/entity/Q20106465>	POINT(1.444000 43.604500)	"Siege of Tolosa"@en				0439-01-01T00:00:00Z					"http://www.wikidata.org/entity/Q3331223"	3	"http://www.wikidata.org/entity/Q178561|http://www.wikidata.org/entity/Q188055"
<http://www.wikidata.org/entity/Q2011697>	POINT(-6.380000 54.040000)	"Battle of Faughart"@en				1318-10-22T00:00:00Z					"http://www.wikidata.org/entity/Q4978527"	9	"http://www.wikidata.org/entity/Q178561"
<http://www.wikidata.org/entity/Q201526>	POINT(36.211109 36.837894)	"Battle of Issus"@en				-0332-10-31T00:00:00Z					"http://www.wikidata.org/entity/Q551888"	54	"http://www.wikidata.org/entity/Q178561"
<http://www.wikidata.org/entity/Q201692>	POINT(0.403333 46.522222)	"Battle of Poitiers"@en				1356-09-19T00:00:00Z					"http://www.wikidata.org/entity/Q12551"	52	"http://www.wikidata.org/entity/Q178561"
<http://www.wikidata.org/entity/Q2028927>	POINT(4.313077 50.843891)	"Battle of Scheut"@en				1356-08-25T00:00:00Z						2	"http://www.wikidata.org/entity/Q178561"
<http://www.wikidata.org/entity/Q20312996>	POINT(11.520000 45.540000)	"Battle of Treviso"@en				0541-01-01T00:00:00Z					"http://www.wikidata.org/entity/Q477973"	6	"http://www.wikidata.org/entity/Q178561"
<http://www.wikidata.org/entity/Q203225>	POINT(-0.912500 53.992500)	"Battle of Stamford Bridge"@en				1066-09-25T00:00:00Z					"http://www.wikidata.org/entity/Q7053398"	55	"http://www.wikidata.org/entity/Q178561"
<http://www.wikidata.org/entity/Q203366>	POINT(8.573778 47.161686)	"Battle of Gubel"@en				1531-11-03T00:00:00Z					"http://www.wikidata.org/entity/Q233594"	3	"http://www.wikidata.org/entity/Q178561"
<http://www.wikidata.org/entity/Q2034641>	POINT(33.476945 54.818611)	"Battle of Vedrosha"@en				1500-07-14T00:00:00Z					"http://www.wikidata.org/entity/Q2495491"	12	"http://www.wikidata.org/entity/Q178561"
<http://www.wikidata.org/entity/Q2034912>	POINT(36.516667 36.200000)	"Battle of Harim"@en				1164-08-12T00:00:00Z					"http://www.wikidata.org/entity/Q52145976"	15	"http://www.wikidata.org/entity/Q178561"
<http://www.wikidata.org/entity/Q203681>	POINT(22.383333 39.300000)	"Battle of Pharsalus"@en				-0047-06-04T00:00:00Z					"http://www.wikidata.org/entity/Q1238338"	46	"http://www.wikidata.org/entity/Q178561"
<http://www.wikidata.org/entity/Q2037147>	POINT(21.858800 50.806000)	"Battle of Zawichost"@en				1205-06-26T00:00:00Z						6	"http://www.wikidata.org/entity/Q178561"
<http://www.wikidata.org/entity/Q203729>	POINT(36.498028 34.555487)	"Battle of Kadesh"@en				-1273-05-01T00:00:00Z						56	"http://www.wikidata.org/entity/Q178561"
<http://www.wikidata.org/entity/Q2038283>	POINT(5.793829 53.076754)	"Battle of the Boarn"@en				0734-01-01T00:00:00Z					"http://www.wikidata.org/entity/Q492126"	15	"http://www.wikidata.org/entity/Q178561"
<http://www.wikidata.org/entity/Q20431182>	POINT(2.166667 41.401944)	"Battle of Barcelona"@en				0510-01-01T00:00:00Z						1	"http://www.wikidata.org/entity/Q178561"
<http://www.wikidata.org/entity/Q204636>	POINT(23.318000 38.240000)	"Battle of Plataea"@en				-0478-08-22T00:00:00Z					"http://www.wikidata.org/entity/Q1122337|http://www.wikidata.org/entity/Q76026"	52	"http://www.wikidata.org/entity/Q178561"
<http://www.wikidata.org/entity/Q20584437>	POINT(-3.835000 52.758000)	"Battle of Glyn Cyning"@en				1075-01-01T00:00:00Z						1	"http://www.wikidata.org/entity/Q178561"
<http://www.wikidata.org/entity/Q20584456>	POINT(-3.820000 53.320000)	"Battle of Llandudno"@en				0856-01-01T00:00:00Z						1	"http://www.wikidata.org/entity/Q178561"
<http://www.wikidata.org/entity/Q20584463>	POINT(-2.738500 52.228200)	"Battle of Llanllieni"@en				1052-01-01T00:00:00Z					"http://www.wikidata.org/entity/Q54806280"	1	"http://www.wikidata.org/entity/Q178561"
<http://www.wikidata.org/entity/Q20584475>	POINT(-3.333000 53.133000)	"Battle of Maes Maen Cymro"@en				1118-01-01T00:00:00Z						1	"http://www.wikidata.org/entity/Q178561"
<http://www.wikidata.org/entity/Q20584483>	POINT(-3.160000 52.240000)	"Battle of Maesyfed"@en				1195-01-01T00:00:00Z					"http://www.wikidata.org/entity/Q54806280"	1	"http://www.wikidata.org/entity/Q178561"
<http://www.wikidata.org/entity/Q20584525>	POINT(-4.235946 53.288325)	"Battle of Pentraeth"@en				1170-01-01T00:00:00Z						1	"http://www.wikidata.org/entity/Q178561"
<http://www.wikidata.org/entity/Q205887>	POINT(39.033333 36.866667)	"Battle of Carrhae"@en				-0052-06-07T00:00:00Z					"http://www.wikidata.org/entity/Q4346192"	49	"http://www.wikidata.org/entity/Q178561"
<http://www.wikidata.org/entity/Q20616054>	POINT(-0.853333 40.436667)	"Battle of Monteagudo"@en				1190-01-01T00:00:00Z						2	"http://www.wikidata.org/entity/Q178561"
<http://www.wikidata.org/entity/Q2063447>	POINT(24.104167 58.905556)	"Battle of Lode"@en				1573-01-23T00:00:00Z					"http://www.wikidata.org/entity/Q246863"	8	"http://www.wikidata.org/entity/Q178561"
<http://www.wikidata.org/entity/Q20638753>	POINT(36.165000 36.581667)	"Battle of Alexandretta"@en				0971-01-01T00:00:00Z					"http://www.wikidata.org/entity/Q29100"	12	"http://www.wikidata.org/entity/Q178561"
<http://www.wikidata.org/entity/Q20640741>	POINT(2.166667 41.401944)	"Battle of Barcelona"@en				0512-01-01T00:00:00Z					"http://www.wikidata.org/entity/Q379363"	4	"http://www.wikidata.org/entity/Q178561"
<http://www.wikidata.org/entity/Q2064142>	POINT(22.840100 39.158700)	"Battle of Halmyros"@en				1311-03-23T00:00:00Z						15	"http://www.wikidata.org/entity/Q178561"
<http://www.wikidata.org/entity/Q2065046>	POINT(-0.960000 51.460000)	"Battle of Reading"@en				0871-01-12T00:00:00Z					"http://www.wikidata.org/entity/Q7053398"	16	"http://www.wikidata.org/entity/Q178561"
<http://www.wikidata.org/entity/Q2066129>	POINT(3.290000 49.850000)	"Battle of St. Quentin"@en				1557-08-20T00:00:00Z	1557-08-12T00:00:00Z	1557-09-06T00:00:00Z			"http://www.wikidata.org/entity/Q273348"	17	"http://www.wikidata.org/entity/Q178561|http://www.wikidata.org/entity/Q188055|http://www.wikidata.org/entity/Q19841484"
<http://www.wikidata.org/entity/Q2070570>	POINT(40.433333 56.433333)	"Battle of Suzdal"@en				1445-07-16T00:00:00Z					"http://www.wikidata.org/entity/Q1949299"	10	"http://www.wikidata.org/entity/Q178561"
<http://www.wikidata.org/entity/Q207250>	POINT(12.085000 43.197500)	"Battle of Lake Trasimene"@en				-0216-06-17T00:00:00Z					"http://www.wikidata.org/entity/Q6271"	44	"http://www.wikidata.org/entity/Q178561"
<http://www.wikidata.org/entity/Q2072513>	POINT(16.483333 41.116667)	"Battle of Ruvo"@en				1503-02-23T00:00:00Z					"http://www.wikidata.org/entity/Q9001174"	7	"http://www.wikidata.org/entity/Q178561"
<http://www.wikidata.org/entity/Q2076444>	POINT(-0.370556 49.182200)	"Battle of Caen"@en					1346-07-01T00:00:00Z	1346-08-11T00:00:00Z			"http://www.wikidata.org/entity/Q12551"	20	"http://www.wikidata.org/entity/Q178561|http://www.wikidata.org/entity/Q188055"
<http://www.wikidata.org/entity/Q20768628>	POINT(-4.485278 37.408889)	"Battle of Lucena"@en				1483-05-02T00:00:00Z					"http://www.wikidata.org/entity/Q1552718"	6	"http://www.wikidata.org/entity/Q178561"
<http://www.wikidata.org/entity/Q2086785>	POINT(-2.893000 57.649000)	"Battle of Bauds"@en				0962-01-01T00:00:00Z						4	"http://www.wikidata.org/entity/Q178561"
<http://www.wikidata.org/entity/Q20875410>	POINT(15.557778 41.215556)	"Battle of Ascoli"@en				1392-04-18T00:00:00Z						1	"http://www.wikidata.org/entity/Q178561"
<http://www.wikidata.org/entity/Q20875449>	POINT(-5.302222 36.300278)	"Battle of the Guadiaro River"@en				1010-06-27T00:00:00Z					"http://www.wikidata.org/entity/Q3104848"	3	"http://www.wikidata.org/entity/Q178561"
<http://www.wikidata.org/entity/Q20876304>	POINT(14.250000 40.833333)	"Battle of the Navy"@en				1420-09-01T00:00:00Z					"http://www.wikidata.org/entity/Q20679154"	1	"http://www.wikidata.org/entity/Q178561"
<http://www.wikidata.org/entity/Q20876392>	POINT(0.896111 41.631667)	"Battle of Mollerussa"@en				1102-09-21T00:00:00Z					"http://www.wikidata.org/entity/Q2993574"	3	"http://www.wikidata.org/entity/Q178561"
<http://www.wikidata.org/entity/Q20876722>	POINT(9.116667 39.216945)	"Battle of Stampace"@en				1326-01-06T00:00:00Z					"http://www.wikidata.org/entity/Q3403866"	1	"http://www.wikidata.org/entity/Q1261499"
<http://www.wikidata.org/entity/Q2089132>	POINT(37.057500 35.995833)	"Battle of Hazir"@en				0637-06-01T00:00:00Z					"http://www.wikidata.org/entity/Q248984"	12	"http://www.wikidata.org/entity/Q178561"
<http://www.wikidata.org/entity/Q2091661>	POINT(3.381814 51.333589)	"Battle of Damme"@en				1213-05-31T00:00:00Z					"http://www.wikidata.org/entity/Q19870743"	9	"http://www.wikidata.org/entity/Q1261499"
<http://www.wikidata.org/entity/Q2092043>	POINT(2.303300 50.736100)	"Battle of Arques"@en				1303-04-04T00:00:00Z					"http://www.wikidata.org/entity/Q195983"	7	"http://www.wikidata.org/entity/Q178561"
<http://www.wikidata.org/entity/Q20925299>	POINT(10.750000 45.050000)	"Borgoforte Battle"@en				1397-11-06T00:00:00Z						2	"http://www.wikidata.org/entity/Q178561"
<http://www.wikidata.org/entity/Q209387>	POINT(32.950000 40.150000)	"Battle of Ankara"@en				1402-07-29T00:00:00Z					"http://www.wikidata.org/entity/Q110425973"	55	"http://www.wikidata.org/entity/Q178561"
<http://www.wikidata.org/entity/Q2094999>	POINT(27.406510 42.342500)	"Battle of Skafida"@en				1304-01-01T00:00:00Z					"http://www.wikidata.org/entity/Q2288144"	13	"http://www.wikidata.org/entity/Q178561"
<http://www.wikidata.org/entity/Q2095240>	POINT(8.970000 39.310000)	"Battle of Cornus"@en				-0214-01-01T00:00:00Z					"http://www.wikidata.org/entity/Q6271"	12	"http://www.wikidata.org/entity/Q178561"
<http://www.wikidata.org/entity/Q2095250>	POINT(28.397800 40.212500)	"Battle of the Rhyndacus"@en				-0072-01-01T00:00:00Z					"http://www.wikidata.org/entity/Q1764124"	5	"http://www.wikidata.org/entity/Q178561"
<http://www.wikidata.org/entity/Q2097266>	POINT(-4.867778 55.792500)	"Battle of Largs"@en				1263-10-09T00:00:00Z					"http://www.wikidata.org/entity/Q430572"	16	"http://www.wikidata.org/entity/Q178561"
<http://www.wikidata.org/entity/Q20987758>	POINT(32.545000 31.041667)	"Battle of Pelusium"@en				-0372-01-01T00:00:00Z						11	"http://www.wikidata.org/entity/Q178561"
<http://www.wikidata.org/entity/Q210354>	POINT(38.671389 53.607778)	"Battle of Kulikovo"@en				1380-09-16T00:00:00Z					"http://www.wikidata.org/entity/Q1134220"	53	"http://www.wikidata.org/entity/Q178561"
<http://www.wikidata.org/entity/Q2112779>	POINT(4.166670 51.900000)	"Capture of Brielle"@en				1572-04-01T00:00:00Z					"http://www.wikidata.org/entity/Q164432"	11	"http://www.wikidata.org/entity/Q178561"
<http://www.wikidata.org/entity/Q21152928>	POINT(-3.822600 37.958300)	"Battle of Iliturgi"@en				-0205-01-01T00:00:00Z					"http://www.wikidata.org/entity/Q6271"	2	"http://www.wikidata.org/entity/Q178561|http://www.wikidata.org/entity/Q188055"
<http://www.wikidata.org/entity/Q21187143>	POINT(-7.639000 54.277000)	"Battle of the Ford of the Biscuits"@en				1594-08-07T00:00:00Z					"http://www.wikidata.org/entity/Q1361354"	2	"http://www.wikidata.org/entity/Q178561"
<http://www.wikidata.org/entity/Q2118879>	POINT(23.087800 38.379200)	"Battle of Haliartus"@en				-0394-01-01T00:00:00Z					"http://www.wikidata.org/entity/Q651008"	15	"http://www.wikidata.org/entity/Q178561"
<http://www.wikidata.org/entity/Q2119353>	POINT(13.252778 43.713056)	"Battle of Sena Gallica"@en				0551-01-01T00:00:00Z					"http://www.wikidata.org/entity/Q477973"	15	"http://www.wikidata.org/entity/Q1261499"
<http://www.wikidata.org/entity/Q2119676>	POINT(26.387750 40.142369)	"Battle of Cynossema"@en				-0410-01-01T00:00:00Z					"http://www.wikidata.org/entity/Q33745"	13	"http://www.wikidata.org/entity/Q1261499"
<http://www.wikidata.org/entity/Q212220>	POINT(24.895833 43.705833)	"Battle of Nicopolis"@en				1396-09-25T00:00:00Z					"http://www.wikidata.org/entity/Q124683279|http://www.wikidata.org/entity/Q698985"	48	"http://www.wikidata.org/entity/Q178561"
<http://www.wikidata.org/entity/Q21234831>	POINT(17.050000 40.583333)	"Battle of Sapriportis"@en				-0209-01-01T00:00:00Z					"http://www.wikidata.org/entity/Q6271"	5	"http://www.wikidata.org/entity/Q1261499"
<http://www.wikidata.org/entity/Q21235220>	POINT(8.700000 39.700000)	"Battle of Uras"@en				1470-01-01T00:00:00Z						2	"http://www.wikidata.org/entity/Q178561"
<http://www.wikidata.org/entity/Q2127400>	POINT(5.376389 43.296667)	"Siege of Massilia"@en					-0048-04-17T00:00:00Z	-0048-09-04T00:00:00Z			"http://www.wikidata.org/entity/Q1238338"	16	"http://www.wikidata.org/entity/Q1261499|http://www.wikidata.org/entity/Q188055"
<http://www.wikidata.org/entity/Q2139756>	POINT(-3.097030 52.306810)	"Battle of Bryn Glas"@en				1402-07-01T00:00:00Z					"http://www.wikidata.org/entity/Q4126360"	8	"http://www.wikidata.org/entity/Q178561"
<http://www.wikidata.org/entity/Q2139987>	POINT(16.973333 42.867500)	"Battle of Curzola"@en				1298-09-15T00:00:00Z					"http://www.wikidata.org/entity/Q42377830"	18	"http://www.wikidata.org/entity/Q1261499"
<http://www.wikidata.org/entity/Q21532975>	POINT(3.690000 50.125556)	"Siege of Landrecies"@en					1543-05-01T00:00:00Z	1543-11-01T00:00:00Z				5	"http://www.wikidata.org/entity/Q178561|http://www.wikidata.org/entity/Q188055"
<http://www.wikidata.org/entity/Q2154977>	POINT(27.583300 43.216700)	"Battle of the Willows"@en				0377-01-01T00:00:00Z					"http://www.wikidata.org/entity/Q1366196"	13	"http://www.wikidata.org/entity/Q178561"
<http://www.wikidata.org/entity/Q2163922>	POINT(10.130000 45.080000)	"Second Battle of Bedriacum"@en					0069-10-23T00:00:00Z	0069-10-24T00:00:00Z			"http://www.wikidata.org/entity/Q470596|http://www.wikidata.org/entity/Q63146684"	11	"http://www.wikidata.org/entity/Q178561"
<http://www.wikidata.org/entity/Q2164009>	POINT(-0.013889 50.878611)	"Battle of Lewes"@en				1264-05-14T00:00:00Z					"http://www.wikidata.org/entity/Q657967"	18	"http://www.wikidata.org/entity/Q178561"
<http://www.wikidata.org/entity/Q21641828>	POINT(37.617778 55.755833)	"Siege of Moscow"@en				1238-01-01T00:00:00Z	1238-01-22T00:00:00Z	1238-01-27T00:00:00Z				7	"http://www.wikidata.org/entity/Q178561|http://www.wikidata.org/entity/Q188055"
<http://www.wikidata.org/entity/Q21643643>	POINT(28.216667 59.366667)	"Assault on Ivangorod"@en				1496-01-01T00:00:00Z	1496-08-28T00:00:00Z	1496-09-05T00:00:00Z			"http://www.wikidata.org/entity/Q1509437"	2	"http://www.wikidata.org/entity/Q178561|http://www.wikidata.org/entity/Q188055"
<http://www.wikidata.org/entity/Q2166297>	POINT(4.022500 49.145600)	"Battle of Durocortorum"@en				0356-01-01T00:00:00Z						13	"http://www.wikidata.org/entity/Q178561"
<http://www.wikidata.org/entity/Q2170603>	POINT(36.164444 36.838333)	"Battle of Issus"@en				0194-01-01T00:00:00Z					"http://www.wikidata.org/entity/Q243721"	16	"http://www.wikidata.org/entity/Q178561"
<http://www.wikidata.org/entity/Q219697>	POINT(-3.549028 38.343000)	"Battle of Las Navas de Tolosa"@en				1212-07-23T00:00:00Z					"http://www.wikidata.org/entity/Q2993572"	47	"http://www.wikidata.org/entity/Q178561"
<http://www.wikidata.org/entity/Q2204399>	POINT(-1.593333 54.772500)	"Battle of Neville's Cross"@en				1346-10-17T00:00:00Z					"http://www.wikidata.org/entity/Q12551|http://www.wikidata.org/entity/Q3310304"	18	"http://www.wikidata.org/entity/Q178561"
<http://www.wikidata.org/entity/Q22083877>	POINT(-6.885000 52.877000)	"Battle of Bellaghmoon"@en				0908-09-18T00:00:00Z						3	"http://www.wikidata.org/entity/Q178561"
<http://www.wikidata.org/entity/Q2213756>	POINT(6.693889 51.200278)	"Destruction of Neuss"@en				1586-07-26T00:00:00Z						4	"http://www.wikidata.org/entity/Q178561"
<http://www.wikidata.org/entity/Q2214882>	POINT(6.650833 52.613611)	"Battle of Ane"@en				1227-07-28T00:00:00Z						10	"http://www.wikidata.org/entity/Q178561"
<http://www.wikidata.org/entity/Q2219412>	POINT(38.300000 38.350000)	"Battle of Melitene"@en				1100-01-01T00:00:00Z					"http://www.wikidata.org/entity/Q12546"	18	"http://www.wikidata.org/entity/Q178561"
<http://www.wikidata.org/entity/Q222013>	POINT(-1.410278 52.591111)	"Battle of Bosworth Field"@en				1485-08-22T00:00:00Z					"http://www.wikidata.org/entity/Q127751"	46	"http://www.wikidata.org/entity/Q178561"
<http://www.wikidata.org/entity/Q22227287>	POINT(26.750000 40.550000)	"Battle of Kardia"@en				0872-01-01T00:00:00Z					"http://www.wikidata.org/entity/Q29100"	8	"http://www.wikidata.org/entity/Q178561"
<http://www.wikidata.org/entity/Q222520>	POINT(-3.937778 56.093333)	"Battle of Bannockburn"@en					1314-07-01T00:00:00Z	1314-07-02T00:00:00Z			"http://www.wikidata.org/entity/Q1368240"	51	"http://www.wikidata.org/entity/Q178561"
<http://www.wikidata.org/entity/Q223220>	POINT(22.142200 37.401100)	"Battle of Megalopolis"@en				-0330-01-01T00:00:00Z					"http://www.wikidata.org/entity/Q1432300"	18	"http://www.wikidata.org/entity/Q178561"
<http://www.wikidata.org/entity/Q2236672>	POINT(3.125000 45.708333)	"Battle of Vingeanne"@en				-0051-07-01T00:00:00Z					"http://www.wikidata.org/entity/Q202161"	5	"http://www.wikidata.org/entity/Q178561"
<http://www.wikidata.org/entity/Q2236796>	POINT(8.623570 53.127600)	"Battle of Altenesch"@en				1234-06-03T00:00:00Z					"http://www.wikidata.org/entity/Q875526"	7	"http://www.wikidata.org/entity/Q178561"
<http://www.wikidata.org/entity/Q2236911>	POINT(13.064228 53.034045)	"Battle of Gransee"@en				1316-08-01T00:00:00Z						2	"http://www.wikidata.org/entity/Q178561"
<http://www.wikidata.org/entity/Q2236918>	POINT(1.743611 49.261667)	"Battle of Gisors"@en				1198-10-04T00:00:00Z					"http://www.wikidata.org/entity/Q113836208"	9	"http://www.wikidata.org/entity/Q178561"
<http://www.wikidata.org/entity/Q2236963>	POINT(2.128330 50.987200)	"Battle of Gravelines"@en				1558-07-23T00:00:00Z					"http://www.wikidata.org/entity/Q2524228"	8	"http://www.wikidata.org/entity/Q178561"
<http://www.wikidata.org/entity/Q2236975>	POINT(9.130000 49.060000)	"Battle of Lauffen"@en				1534-05-23T00:00:00Z						3	"http://www.wikidata.org/entity/Q178561"
<http://www.wikidata.org/entity/Q2236985>	POINT(16.250000 48.416667)	"Battle of Leitzersdorf"@en				1484-01-01T00:00:00Z					"http://www.wikidata.org/entity/Q4825457"	4	"http://www.wikidata.org/entity/Q178561"
<http://www.wikidata.org/entity/Q2236999>	POINT(16.183333 48.666667)	"Battle of Mailberg"@en				1082-05-18T00:00:00Z						7	"http://www.wikidata.org/entity/Q178561"
<http://www.wikidata.org/entity/Q2237014>	POINT(15.224300 49.911500)	"Battle of Malešov"@en				1424-06-16T00:00:00Z					"http://www.wikidata.org/entity/Q478301"	7	"http://www.wikidata.org/entity/Q178561"
<http://www.wikidata.org/entity/Q2237076>	POINT(1.254324 47.390249)	"Battle of Pontlevoy"@en				1016-07-12T00:00:00Z						3	"http://www.wikidata.org/entity/Q178561"
<http://www.wikidata.org/entity/Q2237100>	POINT(13.726556 50.524056)	"Battle of Sellnitz"@en				1438-10-02T00:00:00Z					"http://www.wikidata.org/entity/Q478301"	5	"http://www.wikidata.org/entity/Q178561"
<http://www.wikidata.org/entity/Q2237128>	POINT(9.423866 47.419159)	"Battle of Vögelinsegg"@en				1403-05-24T00:00:00Z					"http://www.wikidata.org/entity/Q455747"	5	"http://www.wikidata.org/entity/Q178561"
<http://www.wikidata.org/entity/Q2237311>	POINT(16.565556 50.415556)	"Battle of Stará Jesenice"@en				1429-01-05T00:00:00Z					"http://www.wikidata.org/entity/Q478301"	3	"http://www.wikidata.org/entity/Q178561"
<http://www.wikidata.org/entity/Q2237365>	POINT(-1.230000 51.535000)	"Battle of Ashdown"@en				0871-01-12T00:00:00Z					"http://www.wikidata.org/entity/Q7053398"	14	"http://www.wikidata.org/entity/Q178561"
<http://www.wikidata.org/entity/Q2237367>	POINT(26.400000 40.200000)	"Battle of Byzantium"@en				-0316-01-01T00:00:00Z					"http://www.wikidata.org/entity/Q2543376"	7	"http://www.wikidata.org/entity/Q1261499"
<http://www.wikidata.org/entity/Q2237394>	POINT(-4.433333 37.466667)	"Battle of Cabra"@en				1079-01-01T00:00:00Z					"http://www.wikidata.org/entity/Q965692"	7	"http://www.wikidata.org/entity/Q178561"
<http://www.wikidata.org/entity/Q2237447>	POINT(3.400000 51.366700)	"Battle of Cadzand"@en				1337-11-01T00:00:00Z					"http://www.wikidata.org/entity/Q12551"	15	"http://www.wikidata.org/entity/Q178561"
<http://www.wikidata.org/entity/Q2237467>	POINT(2.487222 50.800000)	"Battle of Cassel"@en				1328-08-23T00:00:00Z					"http://www.wikidata.org/entity/Q12551"	13	"http://www.wikidata.org/entity/Q178561"
<http://www.wikidata.org/entity/Q2237470>	POINT(-2.934100 57.089900)	"Battle of Culblean"@en				1335-12-08T00:00:00Z					"http://www.wikidata.org/entity/Q1368240"	7	"http://www.wikidata.org/entity/Q178561"
<http://www.wikidata.org/entity/Q2237474>	POINT(10.073100 52.173300)	"Battle of Dinklar"@en				1367-09-11T00:00:00Z						3	"http://www.wikidata.org/entity/Q178561"
<http://www.wikidata.org/entity/Q2237484>	POINT(7.845000 44.805000)	"Battle of Ceresole"@en				1544-04-11T00:00:00Z					"http://www.wikidata.org/entity/Q15542964"	18	"http://www.wikidata.org/entity/Q178561"
<http://www.wikidata.org/entity/Q2237540>	POINT(10.113000 48.206000)	"Battle of Jedesheim"@en				1108-01-01T00:00:00Z						1	"http://www.wikidata.org/entity/Q178561"
<http://www.wikidata.org/entity/Q2237567>	POINT(34.871100 37.427800)	"Battle of Kopidnadon"@en				0788-09-01T00:00:00Z					"http://www.wikidata.org/entity/Q29100"	14	"http://www.wikidata.org/entity/Q178561"
<http://www.wikidata.org/entity/Q2237576>	POINT(31.288889 30.129444)	"Battle of Heliopolis"@en				0640-07-09T00:00:00Z					"http://www.wikidata.org/entity/Q317519"	18	"http://www.wikidata.org/entity/Q178561"
<http://www.wikidata.org/entity/Q2237594>	POINT(-6.416670 43.333300)	"Battle of Lutos"@en				0794-01-01T00:00:00Z					"http://www.wikidata.org/entity/Q79791"	17	"http://www.wikidata.org/entity/Q178561"
<http://www.wikidata.org/entity/Q2237614>	POINT(41.001400 38.142200)	"Battle of Martyropolis"@en				0588-01-01T00:00:00Z					"http://www.wikidata.org/entity/Q2320020"	8	"http://www.wikidata.org/entity/Q178561"
<http://www.wikidata.org/entity/Q2237629>	POINT(11.383300 43.950000)	"Battle of Mucellium"@en				0542-01-01T00:00:00Z					"http://www.wikidata.org/entity/Q477973"	8	"http://www.wikidata.org/entity/Q178561"
<http://www.wikidata.org/entity/Q2237785>	POINT(5.733333 34.833333)	"Battle of Vescera"@en				0682-01-01T00:00:00Z					"http://www.wikidata.org/entity/Q925960"	14	"http://www.wikidata.org/entity/Q178561"
<http://www.wikidata.org/entity/Q2237798>	POINT(23.323611 38.324167)	"Battle of Thebes"@en				-0334-01-01T00:00:00Z					"http://www.wikidata.org/entity/Q260684"	17	"http://www.wikidata.org/entity/Q178561|http://www.wikidata.org/entity/Q188055"
<http://www.wikidata.org/entity/Q2238843>	POINT(5.217500 50.801667)	"Battle of Brustem"@en				1467-10-28T00:00:00Z					"http://www.wikidata.org/entity/Q2330558"	8	"http://www.wikidata.org/entity/Q178561"
<http://www.wikidata.org/entity/Q2243653>	POINT(40.066700 36.850000)	"Battle of Resaena"@en				0243-01-01T00:00:00Z					"http://www.wikidata.org/entity/Q3651727"	16	"http://www.wikidata.org/entity/Q178561"
<http://www.wikidata.org/entity/Q2246615>	POINT(-2.257319 53.796373)	"Battle of Brunanburh"@en				0937-01-01T00:00:00Z					"http://www.wikidata.org/entity/Q7053398"	25	"http://www.wikidata.org/entity/Q178561"
<http://www.wikidata.org/entity/Q2246708>	POINT(35.300000 32.600000)	"Battle of Al-Fule"@en					1183-10-07T00:00:00Z	1183-10-13T00:00:00Z			"http://www.wikidata.org/entity/Q52145976"	15	"http://www.wikidata.org/entity/Q178561"
<http://www.wikidata.org/entity/Q2248041>	POINT(11.283333 44.483333)	"Battle of Casalecchio"@en				1402-07-05T00:00:00Z					"http://www.wikidata.org/entity/Q132452184"	10	"http://www.wikidata.org/entity/Q178561"
<http://www.wikidata.org/entity/Q2249697>	POINT(11.131000 43.413000)	"Battle of Colle Val d'Elsa"@en				1269-06-23T00:00:00Z					"http://www.wikidata.org/entity/Q187742"	7	"http://www.wikidata.org/entity/Q178561"
<http://www.wikidata.org/entity/Q2250674>	POINT(9.466670 46.133300)	"Battle of Delebio"@en					1432-11-27T00:00:00Z	1432-11-28T00:00:00Z			"http://www.wikidata.org/entity/Q2506432"	6	"http://www.wikidata.org/entity/Q178561"
<http://www.wikidata.org/entity/Q2253682>	POINT(-2.133333 52.583333)	"Battle of Tettenhall"@en				0910-08-10T00:00:00Z					"http://www.wikidata.org/entity/Q7053398"	11	"http://www.wikidata.org/entity/Q178561"
<http://www.wikidata.org/entity/Q2255524>	POINT(36.150000 36.200000)	"Battle of Antioch"@en				0218-06-08T00:00:00Z						12	"http://www.wikidata.org/entity/Q178561"
<http://www.wikidata.org/entity/Q2263382>	POINT(43.750000 39.400000)	"Battle of Rhandeia"@en				0062-01-01T00:00:00Z					"http://www.wikidata.org/entity/Q1192043"	10	"http://www.wikidata.org/entity/Q178561"
<http://www.wikidata.org/entity/Q2264459>	POINT(15.900000 41.266667)	"Battle of Cerignola"@en				1503-05-08T00:00:00Z					"http://www.wikidata.org/entity/Q9001174"	18	"http://www.wikidata.org/entity/Q178561"
<http://www.wikidata.org/entity/Q2265548>	POINT(25.540000 36.500000)	"Battle of Amorgos"@en				-0321-01-01T00:00:00Z					"http://www.wikidata.org/entity/Q28365"	8	"http://www.wikidata.org/entity/Q1261499"
<http://www.wikidata.org/entity/Q2265575>	POINT(-4.496282 48.381929)	"Battle of Deez Nutz"@en				1342-08-26T00:00:00Z					"http://www.wikidata.org/entity/Q550172"	8	"http://www.wikidata.org/entity/Q1261499"
<http://www.wikidata.org/entity/Q22690044>	POINT(6.468611 35.484167)	"Battle of Mamma"@en				0688-01-01T00:00:00Z					"http://www.wikidata.org/entity/Q925960"	6	"http://www.wikidata.org/entity/Q178561"
<http://www.wikidata.org/entity/Q2272823>	POINT(6.958976 50.942570)	"Battle of Cologne"@en				0716-01-01T00:00:00Z					"http://www.wikidata.org/entity/Q2796816"	12	"http://www.wikidata.org/entity/Q178561"
<http://www.wikidata.org/entity/Q2273280>	POINT(36.569471 36.237868)	"Battle of Immae"@en				0272-01-01T00:00:00Z					"http://www.wikidata.org/entity/Q3651746"	12	"http://www.wikidata.org/entity/Q178561"
<http://www.wikidata.org/entity/Q2274566>	POINT(12.966700 40.900000)	"Battle of Ponza"@en				1435-08-14T00:00:00Z					"http://www.wikidata.org/entity/Q20100434"	8	"http://www.wikidata.org/entity/Q178561"
<http://www.wikidata.org/entity/Q2281774>	POINT(36.461667 33.583889)	"Battle of Marj al-Rahit"@en				0684-08-18T00:00:00Z					"http://www.wikidata.org/entity/Q3769089"	15	"http://www.wikidata.org/entity/Q178561"
<http://www.wikidata.org/entity/Q2286942>	POINT(0.863056 40.720000)	"Battle of Ebro River"@en				-0216-01-01T00:00:00Z					"http://www.wikidata.org/entity/Q6271"	17	"http://www.wikidata.org/entity/Q1261499"
<http://www.wikidata.org/entity/Q2290648>	POINT(3.381086 51.156256)	"Battle of Beverhoutsveld"@en				1382-05-11T00:00:00Z						7	"http://www.wikidata.org/entity/Q178561"
<http://www.wikidata.org/entity/Q2290814>	POINT(36.715590 34.736780)	"Battle of Wadi al-Khaznadar"@en					1299-12-29T00:00:00Z	1299-12-30T00:00:00Z			"http://www.wikidata.org/entity/Q2397066"	21	"http://www.wikidata.org/entity/Q178561"
<http://www.wikidata.org/entity/Q2291971>	POINT(-0.500000 41.366667)	"Battle of Ilerda"@en					-0048-06-01T00:00:00Z	-0048-08-01T00:00:00Z			"http://www.wikidata.org/entity/Q1238338"	15	"http://www.wikidata.org/entity/Q178561|http://www.wikidata.org/entity/Q198"
<http://www.wikidata.org/entity/Q2292026>	POINT(23.918333 42.356111)	"Battle of the Gates of Trajan"@en				0986-08-17T00:00:00Z					"http://www.wikidata.org/entity/Q2817295"	21	"http://www.wikidata.org/entity/Q178561"
<http://www.wikidata.org/entity/Q2292431>	POINT(11.883300 43.463000)	"Battle of Arretium"@en				-0283-01-01T00:00:00Z					"http://www.wikidata.org/entity/Q16543461|http://www.wikidata.org/entity/Q3417663"	15	"http://www.wikidata.org/entity/Q178561"
<http://www.wikidata.org/entity/Q2293284>	POINT(-3.033330 35.916700)	"Battle of Alborán"@en				1540-10-11T00:00:00Z					"http://www.wikidata.org/entity/Q118929718"	9	"http://www.wikidata.org/entity/Q1261499"
<http://www.wikidata.org/entity/Q2297059>	POINT(-1.226389 50.777500)	"Battle of the Solent"@en					1545-07-28T00:00:00Z	1545-07-29T00:00:00Z			"http://www.wikidata.org/entity/Q15542964"	12	"http://www.wikidata.org/entity/Q1261499"
<http://www.wikidata.org/entity/Q2297338>	POINT(-2.486944 47.937500)	"Combat of the Thirty"@en				1351-04-03T00:00:00Z					"http://www.wikidata.org/entity/Q550172"	17	"http://www.wikidata.org/entity/Q178561|http://www.wikidata.org/entity/Q67197375"
<http://www.wikidata.org/entity/Q2299845>	POINT(41.001400 38.142200)	"Battle of Tigranocerta"@en				-0068-10-06T00:00:00Z					"http://www.wikidata.org/entity/Q1764124"	26	"http://www.wikidata.org/entity/Q178561"
<http://www.wikidata.org/entity/Q23015216>	POINT(13.271308 50.375983)	"Siege of Cadaň"@en					1421-09-12T00:00:00Z	1421-09-17T00:00:00Z			"http://www.wikidata.org/entity/Q478301"	1	"http://www.wikidata.org/entity/Q178561|http://www.wikidata.org/entity/Q188055"
<http://www.wikidata.org/entity/Q2305651>	POINT(-2.242222 51.440278)	"Battle of Edington"@en				0878-05-01T00:00:00Z					"http://www.wikidata.org/entity/Q7053398"	27	"http://www.wikidata.org/entity/Q178561"
<http://www.wikidata.org/entity/Q2309606>	POINT(9.166670 45.466700)	"Battle of Mediolanum"@en				0259-01-01T00:00:00Z						12	"http://www.wikidata.org/entity/Q178561"
<http://www.wikidata.org/entity/Q2330778>	POINT(22.400000 37.600000)	"Battle of Mantinea"@en				-0206-01-01T00:00:00Z					"http://www.wikidata.org/entity/Q75626"	14	"http://www.wikidata.org/entity/Q178561"
<http://www.wikidata.org/entity/Q2331925>	POINT(29.033333 40.983333)	"Battle of Chalcedon"@en				-0073-01-01T00:00:00Z					"http://www.wikidata.org/entity/Q1764124"	9	"http://www.wikidata.org/entity/Q178561"
<http://www.wikidata.org/entity/Q233344>	POINT(14.942531 40.481628)	"Battle of the Silarius River"@en				-0070-01-01T00:00:00Z					"http://www.wikidata.org/entity/Q194378"	14	"http://www.wikidata.org/entity/Q178561"
<http://www.wikidata.org/entity/Q233350>	POINT(13.933333 50.666667)	"Second Battle of Chlumec"@en				1126-02-25T00:00:00Z						9	"http://www.wikidata.org/entity/Q178561"
<http://www.wikidata.org/entity/Q233352>	POINT(22.864000 38.501000)	"Battle of Chaeronea"@en				-0085-01-01T00:00:00Z					"http://www.wikidata.org/entity/Q1647768"	23	"http://www.wikidata.org/entity/Q178561"
<http://www.wikidata.org/entity/Q233363>	POINT(14.778056 41.131111)	"Second Battle of Beneventum"@en				-0211-01-01T00:00:00Z					"http://www.wikidata.org/entity/Q6271"	2	"http://www.wikidata.org/entity/Q178561"
<http://www.wikidata.org/entity/Q233373>	POINT(14.250000 41.083333)	"Battle of Capua"@en				-0210-01-01T00:00:00Z					"http://www.wikidata.org/entity/Q6271"	16	"http://www.wikidata.org/entity/Q178561"
<http://www.wikidata.org/entity/Q233386>	POINT(15.633333 41.316667)	"Battle of Herdonia"@en				-0209-01-01T00:00:00Z					"http://www.wikidata.org/entity/Q6271"	19	"http://www.wikidata.org/entity/Q178561"
<http://www.wikidata.org/entity/Q233399>	POINT(22.400000 37.600000)	"Battle of Mantinea"@en				-0361-06-29T00:00:00Z					"http://www.wikidata.org/entity/Q3200440"	24	"http://www.wikidata.org/entity/Q178561"
<http://www.wikidata.org/entity/Q233402>	POINT(14.527500 40.926111)	"Battle of Nola"@en				-0214-08-01T00:00:00Z					"http://www.wikidata.org/entity/Q6271"	16	"http://www.wikidata.org/entity/Q178561"
<http://www.wikidata.org/entity/Q233406>	POINT(17.233333 40.466667)	"Second Battle of Tarentum"@en				-0208-01-01T00:00:00Z					"http://www.wikidata.org/entity/Q6271"	1	"http://www.wikidata.org/entity/Q178561"
<http://www.wikidata.org/entity/Q233416>	POINT(-0.336111 51.755000)	"Second Battle of St Albans"@en				1461-02-26T00:00:00Z					"http://www.wikidata.org/entity/Q127751"	22	"http://www.wikidata.org/entity/Q178561"
<http://www.wikidata.org/entity/Q2334735>	POINT(24.750000 42.150000)	"Battle of Philippopolis"@en				0250-01-01T00:00:00Z					"http://www.wikidata.org/entity/Q11924841"	7	"http://www.wikidata.org/entity/Q178561"
<http://www.wikidata.org/entity/Q2334746>	POINT(22.830000 39.360000)	"Battle of Cynoscephalae"@en				-0363-01-01T00:00:00Z					"http://www.wikidata.org/entity/Q499229"	17	"http://www.wikidata.org/entity/Q178561"
<http://www.wikidata.org/entity/Q233568>	POINT(35.459555 32.798306)	"Battle of Hattin"@en					1187-07-10T00:00:00Z	1187-07-11T00:00:00Z			"http://www.wikidata.org/entity/Q52145976"	62	"http://www.wikidata.org/entity/Q178561"
<http://www.wikidata.org/entity/Q2347053>	POINT(22.419935 39.632098)	"Battle of Callinicus"@en				-0170-01-01T00:00:00Z					"http://www.wikidata.org/entity/Q76118"	15	"http://www.wikidata.org/entity/Q178561"
<http://www.wikidata.org/entity/Q2351714>	POINT(21.683333 36.900000)	"Battle of Zonchio"@en				1499-09-03T00:00:00Z					"http://www.wikidata.org/entity/Q1153331"	20	"http://www.wikidata.org/entity/Q1261499"
<http://www.wikidata.org/entity/Q2357112>	POINT(5.683333 50.866667)	"Spanish Fury at Maastricht"@en				1576-10-30T00:00:00Z					"http://www.wikidata.org/entity/Q164432"	4	"http://www.wikidata.org/entity/Q178561"
<http://www.wikidata.org/entity/Q2364604>	POINT(25.268900 57.313900)	"Battles of Wenden"@en				1578-10-31T00:00:00Z					"http://www.wikidata.org/entity/Q246863"	12	"http://www.wikidata.org/entity/Q178561"
<http://www.wikidata.org/entity/Q2364744>	POINT(7.700000 45.066667)	"Battle of Turin"@en				0312-01-01T00:00:00Z						13	"http://www.wikidata.org/entity/Q178561"
<http://www.wikidata.org/entity/Q23656886>	POINT(11.136830 44.836460)	"Battle of San Felice"@en				1332-12-03T00:00:00Z						4	"http://www.wikidata.org/entity/Q178561"
<http://www.wikidata.org/entity/Q2368123>	POINT(-3.030000 55.935000)	"Battle of Pinkie"@en				1547-09-20T00:00:00Z					"http://www.wikidata.org/entity/Q1640586"	13	"http://www.wikidata.org/entity/Q178561"
<http://www.wikidata.org/entity/Q2371616>	POINT(18.074000 59.331000)	"Conquest of Stockholm"@en				1523-06-17T00:00:00Z					"http://www.wikidata.org/entity/Q688308"	7	"http://www.wikidata.org/entity/Q178561"
<http://www.wikidata.org/entity/Q2371630>	POINT(17.900000 59.466667)	"Battle of Rotebro"@en				1497-09-28T00:00:00Z					"http://www.wikidata.org/entity/Q3424236"	6	"http://www.wikidata.org/entity/Q178561"
<http://www.wikidata.org/entity/Q2386251>	POINT(5.333333 52.833333)	"Battle on the Zuiderzee"@en				1573-10-21T00:00:00Z					"http://www.wikidata.org/entity/Q164432"	9	"http://www.wikidata.org/entity/Q1261499"
<http://www.wikidata.org/entity/Q2387677>	POINT(1.855556 50.947500)	"Siege of Calais"@en				1436-01-01T00:00:00Z	1436-06-01T00:00:00Z	1436-07-01T00:00:00Z			"http://www.wikidata.org/entity/Q12551"	6	"http://www.wikidata.org/entity/Q178561|http://www.wikidata.org/entity/Q188055"
<http://www.wikidata.org/entity/Q2388708>	POINT(-6.816667 34.050000)	"Battle of Salé"@en				1260-09-17T00:00:00Z	1260-09-17T00:00:00Z	1260-09-30T00:00:00Z			"http://www.wikidata.org/entity/Q21081322"	5	"http://www.wikidata.org/entity/Q178561|http://www.wikidata.org/entity/Q188055|http://www.wikidata.org/entity/Q3199915"
<http://www.wikidata.org/entity/Q2394344>	POINT(36.720000 35.900000)	"Battle of Sarmin"@en				1115-09-21T00:00:00Z					"http://www.wikidata.org/entity/Q52145365"	18	"http://www.wikidata.org/entity/Q178561"
<http://www.wikidata.org/entity/Q2401276>	POINT(36.750000 35.133333)	"Battle of Hamath"@en				-0604-01-01T00:00:00Z						10	"http://www.wikidata.org/entity/Q178561"
<http://www.wikidata.org/entity/Q2403565>	POINT(43.070000 42.240000)	"Battle of Chikhori"@en				1463-08-01T00:00:00Z					"http://www.wikidata.org/entity/Q3032396"	8	"http://www.wikidata.org/entity/Q178561"
<http://www.wikidata.org/entity/Q24074723>	POINT(2.209167 41.447222)	"Battle of Santa Coloma de Gramenet"@en				1471-12-05T00:00:00Z					"http://www.wikidata.org/entity/Q2476062"	2	"http://www.wikidata.org/entity/Q178561"
<http://www.wikidata.org/entity/Q2408278>	POINT(27.890000 40.380000)	"Battle of Cyzicus"@en				0193-01-01T00:00:00Z						11	"http://www.wikidata.org/entity/Q178561"
<http://www.wikidata.org/entity/Q2408921>	POINT(1.127000 49.882000)	"Battle of Arques"@en					1589-09-15T00:00:00Z	1589-09-29T00:00:00Z			"http://www.wikidata.org/entity/Q3778623"	10	"http://www.wikidata.org/entity/Q178561"
<http://www.wikidata.org/entity/Q2416094>	POINT(10.062597 37.057944)	"Battle of Utica"@en				-0048-01-01T00:00:00Z					"http://www.wikidata.org/entity/Q1238338"	10	"http://www.wikidata.org/entity/Q178561"
<http://www.wikidata.org/entity/Q2421563>	POINT(0.161667 44.510000)	"Siege of Marmande"@en				1219-01-01T00:00:00Z	1218-10-01T00:00:00Z	1219-06-01T00:00:00Z			"http://www.wikidata.org/entity/Q51657"	5	"http://www.wikidata.org/entity/Q178561|http://www.wikidata.org/entity/Q188055"
<http://www.wikidata.org/entity/Q2423998>	POINT(31.500000 51.766667)	"Battle of Listven"@en				1024-01-01T00:00:00Z						5	"http://www.wikidata.org/entity/Q178561"
<http://www.wikidata.org/entity/Q2427731>	POINT(-19.282000 65.501000)	"Battle of Örlygsstaðir"@en				1238-08-28T00:00:00Z					"http://www.wikidata.org/entity/Q2314899"	8	"http://www.wikidata.org/entity/Q178561"
<http://www.wikidata.org/entity/Q2428651>	POINT(3.276000 50.829000)	"Battle of Florennes"@en				1015-09-12T00:00:00Z						2	"http://www.wikidata.org/entity/Q178561"
<http://www.wikidata.org/entity/Q24289588>	POINT(-0.347500 46.115555)	"Battle of Chiset"@en				1373-03-29T00:00:00Z					"http://www.wikidata.org/entity/Q12551"	3	"http://www.wikidata.org/entity/Q178561"
<http://www.wikidata.org/entity/Q2431866>	POINT(3.916389 51.649722)	"Battle of Zierikzee"@en					1304-08-18T00:00:00Z	1304-08-19T00:00:00Z			"http://www.wikidata.org/entity/Q195983"	9	"http://www.wikidata.org/entity/Q1261499"
<http://www.wikidata.org/entity/Q2435881>	POINT(12.200000 44.416667)	"Battle of Ravenna"@en				0432-01-01T00:00:00Z					"http://www.wikidata.org/entity/Q124154559"	9	"http://www.wikidata.org/entity/Q178561"
<http://www.wikidata.org/entity/Q244356>	POINT(35.357000 32.550000)	"Battle of Ain Jalut"@en				1260-09-10T00:00:00Z					"http://www.wikidata.org/entity/Q2397066"	50	"http://www.wikidata.org/entity/Q178561"
<http://www.wikidata.org/entity/Q2445761>	POINT(1.599351 50.081764)	"Battle of Saucourt-en-Vimeu"@en				0881-08-03T00:00:00Z						11	"http://www.wikidata.org/entity/Q178561"
<http://www.wikidata.org/entity/Q244980>	POINT(20.466667 44.816667)	"Siege of Belgrade"@en					1456-07-13T00:00:00Z	1456-07-31T00:00:00Z			"http://www.wikidata.org/entity/Q107435543|http://www.wikidata.org/entity/Q118956301"	44	"http://www.wikidata.org/entity/Q178561|http://www.wikidata.org/entity/Q188055"
<http://www.wikidata.org/entity/Q2451436>	POINT(29.718667 40.428667)	"Battle of Nicaea"@en				0193-01-01T00:00:00Z						10	"http://www.wikidata.org/entity/Q178561"
<http://www.wikidata.org/entity/Q2453421>	POINT(7.803055 63.062500)	"Battle of Rastarkalv"@en				0955-01-01T00:00:00Z						6	"http://www.wikidata.org/entity/Q178561"
<http://www.wikidata.org/entity/Q2456292>	POINT(46.456650 24.886660)	"Battle of Yamama"@en				0632-01-01T00:00:00Z					"http://www.wikidata.org/entity/Q1348630"	27	"http://www.wikidata.org/entity/Q178561"
<http://www.wikidata.org/entity/Q2457256>	POINT(1.876944 47.884583)	"Battle of Orleans"@en				0463-01-01T00:00:00Z					"http://www.wikidata.org/entity/Q125694650"	9	"http://www.wikidata.org/entity/Q178561"
<http://www.wikidata.org/entity/Q2457514>	POINT(4.400000 51.216667)	"French Fury"@en				1583-01-17T00:00:00Z					"http://www.wikidata.org/entity/Q164432"	6	"http://www.wikidata.org/entity/Q178561"
<http://www.wikidata.org/entity/Q2459925>	POINT(-2.850000 39.983300)	"Battle of Uclés"@en				1108-06-05T00:00:00Z					"http://www.wikidata.org/entity/Q2993574"	17	"http://www.wikidata.org/entity/Q178561"
<http://www.wikidata.org/entity/Q2462109>	POINT(-2.866667 47.500000)	"Battle of Morbihan"@en				-0055-01-01T00:00:00Z					"http://www.wikidata.org/entity/Q202161"	13	"http://www.wikidata.org/entity/Q1261499"
<http://www.wikidata.org/entity/Q2464364>	POINT(35.883333 40.300000)	"Battle of Zela"@en				-0066-01-01T00:00:00Z					"http://www.wikidata.org/entity/Q1764124"	8	"http://www.wikidata.org/entity/Q178561"
<http://www.wikidata.org/entity/Q2473814>	POINT(-4.686667 41.287222)	"First Battle of Olmedo"@en				1445-05-28T00:00:00Z					"http://www.wikidata.org/entity/Q56318696"	8	"http://www.wikidata.org/entity/Q178561"
<http://www.wikidata.org/entity/Q2478491>	POINT(15.561400 38.180000)	"Battle of Messana"@en				-0263-01-01T00:00:00Z					"http://www.wikidata.org/entity/Q6286"	21	"http://www.wikidata.org/entity/Q178561"
<http://www.wikidata.org/entity/Q2479447>	POINT(27.836100 38.920800)	"Battle of Thyatira"@en				0366-01-01T00:00:00Z					"http://www.wikidata.org/entity/Q316284"	15	"http://www.wikidata.org/entity/Q178561"
<http://www.wikidata.org/entity/Q2484843>	POINT(43.784167 34.521389)	"Battle of Nahrawan"@en				0659-01-01T00:00:00Z					"http://www.wikidata.org/entity/Q1417059"	25	"http://www.wikidata.org/entity/Q178561"
<http://www.wikidata.org/entity/Q2487876>	POINT(12.424500 42.028817)	"Battle of the Cremera"@en				-0476-01-01T00:00:00Z						16	"http://www.wikidata.org/entity/Q178561"
<http://www.wikidata.org/entity/Q24930919>	POINT(0.695583 45.020694)	"Battle of Vergt"@en				1562-10-19T00:00:00Z						3	"http://www.wikidata.org/entity/Q178561"
<http://www.wikidata.org/entity/Q24972013>	POINT(-7.816667 54.166667)	"Battle of Magh Slecht"@en				1256-01-01T00:00:00Z						2	"http://www.wikidata.org/entity/Q178561"
<http://www.wikidata.org/entity/Q2497690>	POINT(-4.618000 54.081000)	"Battle of Ronaldsway"@en				1275-10-08T00:00:00Z					"http://www.wikidata.org/entity/Q27628419"	5	"http://www.wikidata.org/entity/Q178561"
<http://www.wikidata.org/entity/Q2498197>	POINT(34.746319 31.865972)	"Battle of Yibneh"@en				1123-06-05T00:00:00Z					"http://www.wikidata.org/entity/Q52145365"	12	"http://www.wikidata.org/entity/Q178561"
<http://www.wikidata.org/entity/Q2498565>	POINT(22.433333 38.900000)	"First Battle of Lamia"@en				-0208-01-01T00:00:00Z					"http://www.wikidata.org/entity/Q75626"	8	"http://www.wikidata.org/entity/Q178561"
<http://www.wikidata.org/entity/Q2498572>	POINT(22.433333 38.900000)	"Second Battle of Lamia"@en				-0208-01-01T00:00:00Z					"http://www.wikidata.org/entity/Q75626"	7	"http://www.wikidata.org/entity/Q178561"
<http://www.wikidata.org/entity/Q2501098>	POINT(31.433333 50.050000)	"Battle of the Alta River"@en				1068-01-01T00:00:00Z						7	"http://www.wikidata.org/entity/Q178561"
<http://www.wikidata.org/entity/Q2505574>	POINT(5.466667 50.783333)	"Ambiorix's Revolt"@en				-0053-10-01T00:00:00Z					"http://www.wikidata.org/entity/Q202161"	13	"http://www.wikidata.org/entity/Q178561"
<http://www.wikidata.org/entity/Q2508958>	POINT(47.450000 43.583333)	"Battle of the Terek River"@en				1395-04-23T00:00:00Z					"http://www.wikidata.org/entity/Q110425633"	12	"http://www.wikidata.org/entity/Q178561"
<http://www.wikidata.org/entity/Q2510875>	POINT(26.229000 47.425000)	"Battle of Baia"@en				1467-12-15T00:00:00Z						14	"http://www.wikidata.org/entity/Q178561"
<http://www.wikidata.org/entity/Q2511359>	POINT(5.534000 51.893000)	"Assault on Nijmegen"@en				1589-08-10T00:00:00Z					"http://www.wikidata.org/entity/Q524189"	2	"http://www.wikidata.org/entity/Q178561"
<http://www.wikidata.org/entity/Q251597>	POINT(7.616667 47.483333)	"Battle of Dornach"@en				1499-07-31T00:00:00Z					"http://www.wikidata.org/entity/Q165136"	16	"http://www.wikidata.org/entity/Q178561"
<http://www.wikidata.org/entity/Q2518498>	POINT(12.917667 41.777306)	"Battle of Corbio"@en				-0445-01-01T00:00:00Z						8	"http://www.wikidata.org/entity/Q178561"
<http://www.wikidata.org/entity/Q2520025>	POINT(4.700000 52.600000)	"Battle of Baduhenna Wood"@en				0028-01-01T00:00:00Z					"http://www.wikidata.org/entity/Q1516956"	8	"http://www.wikidata.org/entity/Q178561"
<http://www.wikidata.org/entity/Q2521439>	POINT(-2.772780 52.553100)	"Battle of Caer Caradoc"@en				0050-01-01T00:00:00Z					"http://www.wikidata.org/entity/Q1258062"	10	"http://www.wikidata.org/entity/Q178561"
<http://www.wikidata.org/entity/Q2524627>	POINT(-0.606667 45.041389)	"Battle of the River Garonne"@en				0732-01-01T00:00:00Z					"http://www.wikidata.org/entity/Q129124"	14	"http://www.wikidata.org/entity/Q178561"
<http://www.wikidata.org/entity/Q25247871>	POINT(28.933333 42.033333)	"Battle of Constantinople"@en				0922-01-01T00:00:00Z					"http://www.wikidata.org/entity/Q20747555|http://www.wikidata.org/entity/Q2288144"	10	"http://www.wikidata.org/entity/Q178561"
<http://www.wikidata.org/entity/Q252698>	POINT(26.350000 59.350000)	"Battle of Wesenberg"@en				1268-02-28T00:00:00Z					"http://www.wikidata.org/entity/Q51662"	20	"http://www.wikidata.org/entity/Q178561"
<http://www.wikidata.org/entity/Q2527770>	POINT(26.450000 42.916667)	"Battle of Devina"@en				1279-07-17T00:00:00Z					"http://www.wikidata.org/entity/Q2288144"	8	"http://www.wikidata.org/entity/Q178561"
<http://www.wikidata.org/entity/Q2527826>	POINT(28.976018 41.012240)	"Battle of Pegae"@en				0921-03-01T00:00:00Z					"http://www.wikidata.org/entity/Q20747555"	12	"http://www.wikidata.org/entity/Q178561"
<http://www.wikidata.org/entity/Q2528398>	POINT(31.382600 31.045600)	"Battle of Mansurah"@en					1250-02-15T00:00:00Z	1250-02-18T00:00:00Z			"http://www.wikidata.org/entity/Q51661"	20	"http://www.wikidata.org/entity/Q178561"
<http://www.wikidata.org/entity/Q2530225>	POINT(-7.626000 39.021000)	"Battle of Atoleiros"@en				1384-04-14T00:00:00Z					"http://www.wikidata.org/entity/Q2105495"	13	"http://www.wikidata.org/entity/Q178561"
<http://www.wikidata.org/entity/Q2530931>	POINT(18.800000 45.283333)	"Battle of Cibalae"@en				0314-10-08T00:00:00Z						17	"http://www.wikidata.org/entity/Q178561"
<http://www.wikidata.org/entity/Q2530973>	POINT(36.710000 34.720000)	"Battle of Emesa"@en				0272-01-01T00:00:00Z					"http://www.wikidata.org/entity/Q3651746"	12	"http://www.wikidata.org/entity/Q178561"
<http://www.wikidata.org/entity/Q2531046>	POINT(5.638610 50.480000)	"Battle of Amblève"@en				0716-01-01T00:00:00Z						9	"http://www.wikidata.org/entity/Q178561"
<http://www.wikidata.org/entity/Q2531443>	POINT(4.700000 50.883000)	"Battle of Leuven"@en				0891-01-01T00:00:00Z						9	"http://www.wikidata.org/entity/Q178561"
<http://www.wikidata.org/entity/Q2533670>	POINT(26.560278 47.078333)	"Battle of Valea Albă"@en				1476-07-26T00:00:00Z					"http://www.wikidata.org/entity/Q2628122"	14	"http://www.wikidata.org/entity/Q178561"
<http://www.wikidata.org/entity/Q25340547>	POINT(1.444000 43.604500)	"Battle of Toulouse"@en				0844-01-01T00:00:00Z						2	"http://www.wikidata.org/entity/Q178561"
<http://www.wikidata.org/entity/Q2535988>	POINT(-6.283694 36.550000)	"Capture of Cadiz"@en					1596-06-30T00:00:00Z	1596-07-15T00:00:00Z				10	"http://www.wikidata.org/entity/Q178561"
<http://www.wikidata.org/entity/Q2536997>	POINT(30.766667 58.200000)	"Battle of Shelon"@en				1471-07-23T00:00:00Z					"http://www.wikidata.org/entity/Q4304362"	21	"http://www.wikidata.org/entity/Q178561"
<http://www.wikidata.org/entity/Q2540658>	POINT(26.000000 44.183300)	"Battle of Călugăreni"@en				1595-08-23T00:00:00Z					"http://www.wikidata.org/entity/Q690361"	14	"http://www.wikidata.org/entity/Q178561"
<http://www.wikidata.org/entity/Q25420405>	POINT(10.233333 45.533333)	"Battle of Brescia"@en				0312-01-01T00:00:00Z						4	"http://www.wikidata.org/entity/Q178561"
<http://www.wikidata.org/entity/Q2542813>	POINT(44.569722 31.617778)	"Battle of Ullais"@en				0633-05-01T00:00:00Z					"http://www.wikidata.org/entity/Q887684"	17	"http://www.wikidata.org/entity/Q178561"
<http://www.wikidata.org/entity/Q2542852>	POINT(36.160600 36.198900)	"Battle of the Oenoparus"@en				-0144-01-01T00:00:00Z					"http://www.wikidata.org/entity/Q90673916"	10	"http://www.wikidata.org/entity/Q178561"
<http://www.wikidata.org/entity/Q25456539>	POINT(-1.083333 54.600000)	"Battle of Heworth Moor"@en				1453-09-02T00:00:00Z						1	"http://www.wikidata.org/entity/Q178561|http://www.wikidata.org/entity/Q997267"
<http://www.wikidata.org/entity/Q2549350>	POINT(31.416389 38.357500)	"Battle of Philomelion"@en				1116-01-01T00:00:00Z					"http://www.wikidata.org/entity/Q1827267"	13	"http://www.wikidata.org/entity/Q178561"
<http://www.wikidata.org/entity/Q25517452>	POINT(13.310805 53.743195)	"Battle of the Tollense River"@en				-1249-01-01T00:00:00Z						18	"http://www.wikidata.org/entity/Q178561"
<http://www.wikidata.org/entity/Q25540867>	POINT(44.203611 41.331667)	"Capture of Dmanisi"@en				1123-01-01T00:00:00Z					"http://www.wikidata.org/entity/Q5547987"	2	"http://www.wikidata.org/entity/Q178561"
<http://www.wikidata.org/entity/Q25628>	POINT(36.050000 54.566667)	"Great stand on the Ugra river"@en				1480-01-01T00:00:00Z					"http://www.wikidata.org/entity/Q2365500"	29	"http://www.wikidata.org/entity/Q178561"
<http://www.wikidata.org/entity/Q2568416>	POINT(22.943900 40.640300)	"Battle of Thessalonica"@en				0380-01-01T00:00:00Z					"http://www.wikidata.org/entity/Q1366196"	11	"http://www.wikidata.org/entity/Q178561"
<http://www.wikidata.org/entity/Q2570386>	POINT(43.939400 33.991100)	"Battle of al-Anbar"@en				0633-01-01T00:00:00Z					"http://www.wikidata.org/entity/Q887684"	17	"http://www.wikidata.org/entity/Q178561"
<http://www.wikidata.org/entity/Q2571558>	POINT(36.364167 36.531389)	"Battle of Mari"@en				1266-08-31T00:00:00Z						15	"http://www.wikidata.org/entity/Q178561"
<http://www.wikidata.org/entity/Q2572780>	POINT(6.195000 52.140000)	"Capture of Zutphen"@en				1572-06-20T00:00:00Z					"http://www.wikidata.org/entity/Q164432"	1	"http://www.wikidata.org/entity/Q178561"
<http://www.wikidata.org/entity/Q2575044>	POINT(-2.885555 53.167500)	"Battle of Chester"@en				0615-01-01T00:00:00Z					"http://www.wikidata.org/entity/Q3435247"	16	"http://www.wikidata.org/entity/Q178561"
<http://www.wikidata.org/entity/Q2575960>	POINT(-2.320833 55.636944)	"Battle of Carham"@en				1010-01-01T00:00:00Z						8	"http://www.wikidata.org/entity/Q178561"
<http://www.wikidata.org/entity/Q2576269>	POINT(43.480217 32.557357)	"Battle of Ayn al-Tamr"@en				0633-01-01T00:00:00Z					"http://www.wikidata.org/entity/Q887684"	14	"http://www.wikidata.org/entity/Q178561"
<http://www.wikidata.org/entity/Q2586793>	POINT(14.783300 41.133300)	"Battle of Beneventum"@en				-0211-01-01T00:00:00Z					"http://www.wikidata.org/entity/Q6271"	9	"http://www.wikidata.org/entity/Q178561"
<http://www.wikidata.org/entity/Q2588587>	POINT(41.216700 37.066700)	"Battle of Nisibis"@en				0217-01-01T00:00:00Z					"http://www.wikidata.org/entity/Q3651748"	20	"http://www.wikidata.org/entity/Q178561"
<http://www.wikidata.org/entity/Q2589772>	POINT(5.134440 50.722200)	"Battle of Montenaken"@en				1465-10-29T00:00:00Z					"http://www.wikidata.org/entity/Q2330558"	6	"http://www.wikidata.org/entity/Q178561"
<http://www.wikidata.org/entity/Q2597432>	POINT(21.683300 36.900000)	"Battle of Modon"@en				1500-08-03T00:00:00Z					"http://www.wikidata.org/entity/Q1153331"	11	"http://www.wikidata.org/entity/Q1261499"
<http://www.wikidata.org/entity/Q2599844>	POINT(26.702929 53.018119)	"Battle of Kletsk"@en				1506-08-15T00:00:00Z					"http://www.wikidata.org/entity/Q1567698|http://www.wikidata.org/entity/Q4242966"	9	"http://www.wikidata.org/entity/Q178561"
<http://www.wikidata.org/entity/Q2602904>	POINT(1.342000 49.059000)	"Battle of Cocherel"@en				1364-05-24T00:00:00Z					"http://www.wikidata.org/entity/Q12551"	13	"http://www.wikidata.org/entity/Q178561"
<http://www.wikidata.org/entity/Q2603935>	POINT(19.683333 40.900000)	"Battle of Savra"@en				1385-09-26T00:00:00Z					"http://www.wikidata.org/entity/Q698985"	17	"http://www.wikidata.org/entity/Q178561"
<http://www.wikidata.org/entity/Q2617894>	POINT(22.583333 40.366667)	"Battle of Pydna"@en				-0147-01-01T00:00:00Z					"http://www.wikidata.org/entity/Q552373"	15	"http://www.wikidata.org/entity/Q178561"
<http://www.wikidata.org/entity/Q2623793>	POINT(29.155000 54.897500)	"Battle of Ula"@en				1564-02-05T00:00:00Z					"http://www.wikidata.org/entity/Q246863"	9	"http://www.wikidata.org/entity/Q178561"
<http://www.wikidata.org/entity/Q2628015>	POINT(41.675556 39.979722)	"Battle of Kapetron"@en				1048-09-24T00:00:00Z					"http://www.wikidata.org/entity/Q1827267"	16	"http://www.wikidata.org/entity/Q178561"
<http://www.wikidata.org/entity/Q2628082>	POINT(37.188300 38.201400)	"Battle of Elbistan"@en				1277-04-18T00:00:00Z					"http://www.wikidata.org/entity/Q51614"	12	"http://www.wikidata.org/entity/Q178561"
<http://www.wikidata.org/entity/Q2628112>	POINT(14.250000 37.066667)	"Battle of Gela"@en				-0404-01-01T00:00:00Z					"http://www.wikidata.org/entity/Q21661228"	12	"http://www.wikidata.org/entity/Q178561"
<http://www.wikidata.org/entity/Q2628454>	POINT(12.508611 41.885833)	"Sack of Rome"@en				0546-01-01T00:00:00Z					"http://www.wikidata.org/entity/Q477973"	18	"http://www.wikidata.org/entity/Q178561|http://www.wikidata.org/entity/Q188055|http://www.wikidata.org/entity/Q19841484"
<http://www.wikidata.org/entity/Q2630913>	POINT(-1.185000 40.936111)	"Battle of Cutanda"@en				1120-06-24T00:00:00Z					"http://www.wikidata.org/entity/Q79791"	10	"http://www.wikidata.org/entity/Q178561"
<http://www.wikidata.org/entity/Q2632506>	POINT(17.240833 40.418056)	"Battle of Tarentum"@en				-0208-01-01T00:00:00Z					"http://www.wikidata.org/entity/Q6271"	10	"http://www.wikidata.org/entity/Q178561|http://www.wikidata.org/entity/Q188055"
<http://www.wikidata.org/entity/Q2632522>	POINT(17.240833 40.418056)	"Battle of Tarentum"@en				-0211-03-01T00:00:00Z					"http://www.wikidata.org/entity/Q6271"	11	"http://www.wikidata.org/entity/Q178561|http://www.wikidata.org/entity/Q188055"
<http://www.wikidata.org/entity/Q2633662>	POINT(-2.916667 55.016667)	"Battle of Arfderydd"@en				0573-01-01T00:00:00Z						11	"http://www.wikidata.org/entity/Q178561"
<http://www.wikidata.org/entity/Q263799>	POINT(12.962500 56.795833)	"Battle of Mared"@en				1563-11-09T00:00:00Z					"http://www.wikidata.org/entity/Q158677"	4	"http://www.wikidata.org/entity/Q178561"
<http://www.wikidata.org/entity/Q264737>	POINT(6.601111 50.675278)	"Battle of Tolbiac"@en				0496-01-01T00:00:00Z						26	"http://www.wikidata.org/entity/Q178561"
<http://www.wikidata.org/entity/Q264911>	POINT(13.636783 50.521159)	"Battle of Brüx"@en				1421-08-05T00:00:00Z					"http://www.wikidata.org/entity/Q478301"	6	"http://www.wikidata.org/entity/Q178561"
<http://www.wikidata.org/entity/Q26492889>	POINT(15.283247 49.663133)	"Battle of Melechov"@en				1420-05-01T00:00:00Z					"http://www.wikidata.org/entity/Q478301"	1	"http://www.wikidata.org/entity/Q178561"
<http://www.wikidata.org/entity/Q26493>	POINT(61.345353 37.391933)	"Battle of Dandanaqan"@en				1040-05-29T00:00:00Z					"http://www.wikidata.org/entity/Q119726730"	26	"http://www.wikidata.org/entity/Q178561"
<http://www.wikidata.org/entity/Q2657536>	POINT(-1.395833 54.096945)	"Battle of Boroughbridge"@en				1322-03-24T00:00:00Z					"http://www.wikidata.org/entity/Q3778609"	10	"http://www.wikidata.org/entity/Q178561"
<http://www.wikidata.org/entity/Q2663351>	POINT(21.084080 52.508136)	"Battle of the River Bug"@en					1018-07-28T00:00:00Z	1018-07-29T00:00:00Z			"http://www.wikidata.org/entity/Q2388056"	7	"http://www.wikidata.org/entity/Q178561"
<http://www.wikidata.org/entity/Q2664371>	POINT(10.180000 36.800833)	"Conquest of Tunis"@en					1574-07-22T00:00:00Z	1574-09-23T00:00:00Z			"http://www.wikidata.org/entity/Q118929718"	20	"http://www.wikidata.org/entity/Q178561|http://www.wikidata.org/entity/Q188055"
<http://www.wikidata.org/entity/Q2664985>	POINT(17.614167 59.871944)	"Battle of Fýrisvellir"@en				0980-01-01T00:00:00Z						12	"http://www.wikidata.org/entity/Q178561"
<http://www.wikidata.org/entity/Q2665461>	POINT(37.891158 36.061033)	"Battle of Barbalissos"@en				0252-01-01T00:00:00Z					"http://www.wikidata.org/entity/Q3651755"	13	"http://www.wikidata.org/entity/Q178561"
<http://www.wikidata.org/entity/Q2665646>	POINT(21.766667 38.316667)	"Battle of Rhium"@en				-0428-01-01T00:00:00Z					"http://www.wikidata.org/entity/Q33745"	11	"http://www.wikidata.org/entity/Q1261499"
<http://www.wikidata.org/entity/Q2666515>	POINT(41.864167 36.322500)	"Battle of Singara"@en				0344-01-01T00:00:00Z					"http://www.wikidata.org/entity/Q125547657|http://www.wikidata.org/entity/Q3651756"	13	"http://www.wikidata.org/entity/Q178561"
<http://www.wikidata.org/entity/Q2670926>	POINT(15.866667 38.333333)	"Battle of Seminara"@en				1495-07-07T00:00:00Z					"http://www.wikidata.org/entity/Q1355145"	10	"http://www.wikidata.org/entity/Q178561"
<http://www.wikidata.org/entity/Q2692278>	POINT(23.839444 58.694444)	"Battle of Lihula"@en				1220-08-15T00:00:00Z					"http://www.wikidata.org/entity/Q51662"	12	"http://www.wikidata.org/entity/Q178561"
<http://www.wikidata.org/entity/Q2700721>	POINT(45.166700 34.283300)	"Battle of Jalula"@en				0637-04-01T00:00:00Z					"http://www.wikidata.org/entity/Q887684"	14	"http://www.wikidata.org/entity/Q178561"
<http://www.wikidata.org/entity/Q2705449>	POINT(12.769444 41.723056)	"Battle of Mount Algidus"@en				-0457-01-01T00:00:00Z					"http://www.wikidata.org/entity/Q7362293"	9	"http://www.wikidata.org/entity/Q178561"
<http://www.wikidata.org/entity/Q2706752>	POINT(37.233300 34.233300)	"Battle of al-Qaryatayn"@en				0634-06-01T00:00:00Z					"http://www.wikidata.org/entity/Q248984"	15	"http://www.wikidata.org/entity/Q178561"
<http://www.wikidata.org/entity/Q2707112>	POINT(37.830556 40.305278)	"Battle of the Lycus"@en				-0065-01-01T00:00:00Z					"http://www.wikidata.org/entity/Q1764124"	11	"http://www.wikidata.org/entity/Q178561"
<http://www.wikidata.org/entity/Q2707263>	POINT(22.724700 45.505600)	"Third Battle of Tapae"@en				0101-09-01T00:00:00Z					"http://www.wikidata.org/entity/Q4349810"	15	"http://www.wikidata.org/entity/Q178561"
<http://www.wikidata.org/entity/Q2707586>	POINT(10.992531 45.426250)	"Battle of Verona"@en				0249-01-01T00:00:00Z						5	"http://www.wikidata.org/entity/Q178561"
<http://www.wikidata.org/entity/Q2708535>	POINT(34.136000 40.423800)	"Battle of the River Amnias"@en				-0088-01-01T00:00:00Z					"http://www.wikidata.org/entity/Q1647768"	9	"http://www.wikidata.org/entity/Q178561"
<http://www.wikidata.org/entity/Q2712298>	POINT(21.833333 40.800000)	"Battle of Ostrovo"@en				1041-01-01T00:00:00Z					"http://www.wikidata.org/entity/Q195812"	9	"http://www.wikidata.org/entity/Q178561"
<http://www.wikidata.org/entity/Q2713449>	POINT(26.559444 41.678056)	"Siege of Adrianople (813)"@en				0813-01-01T00:00:00Z	0813-06-26T00:00:00Z	0813-10-01T00:00:00Z			"http://www.wikidata.org/entity/Q2288144"	11	"http://www.wikidata.org/entity/Q178561|http://www.wikidata.org/entity/Q188055"
<http://www.wikidata.org/entity/Q271873>	POINT(9.567500 44.987500)	"Battle of the Trebia"@en				-0217-12-01T00:00:00Z					"http://www.wikidata.org/entity/Q6271"	41	"http://www.wikidata.org/entity/Q178561"
<http://www.wikidata.org/entity/Q2724154>	POINT(26.566667 41.666667)	"Battle of Adrianople"@en				1254-01-01T00:00:00Z					"http://www.wikidata.org/entity/Q2288144"	9	"http://www.wikidata.org/entity/Q178561"
<http://www.wikidata.org/entity/Q2724181>	POINT(-0.498173 42.087075)	"Battle of Alcoraz"@en				1096-01-01T00:00:00Z					"http://www.wikidata.org/entity/Q79791"	14	"http://www.wikidata.org/entity/Q178561"
<http://www.wikidata.org/entity/Q2726734>	POINT(36.714462 34.723185)	"Second Battle of Homs"@en				1281-11-05T00:00:00Z					"http://www.wikidata.org/entity/Q2397066"	23	"http://www.wikidata.org/entity/Q178561"
<http://www.wikidata.org/entity/Q273069>	POINT(10.920000 48.350000)	"Battle of Lechfeld"@en				0955-08-10T00:00:00Z					"http://www.wikidata.org/entity/Q282226"	41	"http://www.wikidata.org/entity/Q178561"
<http://www.wikidata.org/entity/Q2732255>	POINT(36.248177 33.360840)	"Battle of Marj al-Saffar"@en					1303-04-28T00:00:00Z	1303-04-30T00:00:00Z			"http://www.wikidata.org/entity/Q2397066"	24	"http://www.wikidata.org/entity/Q178561"
<http://www.wikidata.org/entity/Q2734129>	POINT(-5.444445 41.495833)	"Battle of Toro"@en				1476-03-10T00:00:00Z					"http://www.wikidata.org/entity/Q282135"	12	"http://www.wikidata.org/entity/Q178561"
<http://www.wikidata.org/entity/Q2737232>	POINT(-1.159000 54.227000)	"Battle of Old Byland"@en				1322-10-22T00:00:00Z					"http://www.wikidata.org/entity/Q3242848"	8	"http://www.wikidata.org/entity/Q178561"
<http://www.wikidata.org/entity/Q2741713>	POINT(0.500000 51.316700)	"Battle of Aylesford"@en				0455-01-01T00:00:00Z					"http://www.wikidata.org/entity/Q3435247"	7	"http://www.wikidata.org/entity/Q178561"
<http://www.wikidata.org/entity/Q2744068>	POINT(-9.000000 42.750000)	"Battle of Muros Bay"@en				1543-07-25T00:00:00Z					"http://www.wikidata.org/entity/Q15542964"	6	"http://www.wikidata.org/entity/Q1261499"
<http://www.wikidata.org/entity/Q2746040>	POINT(9.266670 45.316700)	"Battle of Landriano"@en				1529-06-21T00:00:00Z					"http://www.wikidata.org/entity/Q1429256|http://www.wikidata.org/entity/Q273348"	9	"http://www.wikidata.org/entity/Q178561"
<http://www.wikidata.org/entity/Q2750179>	POINT(1.950000 43.316667)	"Siege of Castelnòu d'Arri"@en				1211-09-01T00:00:00Z					"http://www.wikidata.org/entity/Q51657"	4	"http://www.wikidata.org/entity/Q178561|http://www.wikidata.org/entity/Q188055"
<http://www.wikidata.org/entity/Q2756897>	POINT(36.483333 31.533333)	"Battle of Bosra"@en					0634-06-01T00:00:00Z	0634-07-01T00:00:00Z			"http://www.wikidata.org/entity/Q248984"	16	"http://www.wikidata.org/entity/Q178561"
<http://www.wikidata.org/entity/Q27627609>	POINT(17.616667 48.966667)	"Battle of Olšava"@en				1116-05-20T00:00:00Z						3	"http://www.wikidata.org/entity/Q178561"
<http://www.wikidata.org/entity/Q277345>	POINT(15.233300 38.216700)	"Battle of Mylae"@en				-0259-01-01T00:00:00Z					"http://www.wikidata.org/entity/Q6286"	29	"http://www.wikidata.org/entity/Q1261499"
<http://www.wikidata.org/entity/Q27759>	POINT(1.887778 50.256389)	"Battle of Crécy"@en				1346-09-03T00:00:00Z					"http://www.wikidata.org/entity/Q12551"	51	"http://www.wikidata.org/entity/Q178561"
<http://www.wikidata.org/entity/Q2781949>	POINT(-4.760277 51.764239)	"Battle of Mynydd Carn"@en				1081-01-01T00:00:00Z						5	"http://www.wikidata.org/entity/Q178561"
<http://www.wikidata.org/entity/Q27832144>	POINT(19.050000 47.466667)	"Siege of Buda"@en				1598-01-01T00:00:00Z	1598-10-05T00:00:00Z	1598-11-02T00:00:00Z			"http://www.wikidata.org/entity/Q690361"	4	"http://www.wikidata.org/entity/Q178561|http://www.wikidata.org/entity/Q188055"
<http://www.wikidata.org/entity/Q27863955>	POINT(10.250000 36.816667)	"Battle of Lake Tunis"@en				-0148-07-24T00:00:00Z					"http://www.wikidata.org/entity/Q6334"	5	"http://www.wikidata.org/entity/Q1261499"
<http://www.wikidata.org/entity/Q278903>	POINT(22.884225 37.934142)	"Battle of Lechaeum"@en				-0390-01-01T00:00:00Z					"http://www.wikidata.org/entity/Q651008"	18	"http://www.wikidata.org/entity/Q178561"
<http://www.wikidata.org/entity/Q27900>	POINT(28.975000 41.012500)	"Siege of Constantinople"@en					0717-07-15T00:00:00Z	0718-08-15T00:00:00Z			"http://www.wikidata.org/entity/Q29100"	47	"http://www.wikidata.org/entity/Q178561|http://www.wikidata.org/entity/Q188055"
<http://www.wikidata.org/entity/Q2792009>	POINT(2.516667 39.516667)	"Battle of Portopí"@en				1229-09-19T00:00:00Z					"http://www.wikidata.org/entity/Q1106980"	6	"http://www.wikidata.org/entity/Q178561"
<http://www.wikidata.org/entity/Q27940416>	POINT(43.530000 36.310000)	"Battle of Khazir"@en				0686-08-06T00:00:00Z					"http://www.wikidata.org/entity/Q3769089"	10	"http://www.wikidata.org/entity/Q178561"
<http://www.wikidata.org/entity/Q2799746>	POINT(7.671126 48.608588)	"Battle of Hausbergen"@en				1262-03-08T00:00:00Z						5	"http://www.wikidata.org/entity/Q178561"
<http://www.wikidata.org/entity/Q280439>	POINT(25.170000 48.689400)	"Battle of Obertyn"@en				1531-08-22T00:00:00Z						9	"http://www.wikidata.org/entity/Q178561"
<http://www.wikidata.org/entity/Q281013>	POINT(-2.725000 51.813000)	"Battle of Monmouth"@en				1233-12-02T00:00:00Z					"http://www.wikidata.org/entity/Q54806280"	3	"http://www.wikidata.org/entity/Q178561"
<http://www.wikidata.org/entity/Q281089>	POINT(-2.718889 52.363750)	"Battle of Ludford Bridge"@en				1459-10-12T00:00:00Z					"http://www.wikidata.org/entity/Q127751"	19	"http://www.wikidata.org/entity/Q178561"
<http://www.wikidata.org/entity/Q281648>	POINT(-3.560000 56.360000)	"Battle of Dupplin Moor"@en					1332-08-18T00:00:00Z	1332-08-19T00:00:00Z			"http://www.wikidata.org/entity/Q3310304"	14	"http://www.wikidata.org/entity/Q178561"
<http://www.wikidata.org/entity/Q28169617>	POINT(44.421111 32.542500)	"Fall of Babylon"@en				-0538-01-01T00:00:00Z						20	"http://www.wikidata.org/entity/Q178561"
<http://www.wikidata.org/entity/Q283015>	POINT(1.649170 46.795800)	"Battle of Beaugency"@en				1429-06-26T00:00:00Z	1429-07-04T00:00:00Z	1429-07-05T00:00:00Z			"http://www.wikidata.org/entity/Q12551"	13	"http://www.wikidata.org/entity/Q178561"
<http://www.wikidata.org/entity/Q283062>	POINT(14.773333 41.134167)	"Battle of Benevento"@en				1266-03-05T00:00:00Z					"http://www.wikidata.org/entity/Q131405361"	28	"http://www.wikidata.org/entity/Q178561"
<http://www.wikidata.org/entity/Q283364>	POINT(8.908611 45.603333)	"Battle of Legnano"@en				1176-06-05T00:00:00Z					"http://www.wikidata.org/entity/Q187742"	32	"http://www.wikidata.org/entity/Q178561"
<http://www.wikidata.org/entity/Q2841547>	POINT(11.883333 44.283333)	"Battle of Faventia"@en				-0081-09-01T00:00:00Z					"http://www.wikidata.org/entity/Q521868"	4	"http://www.wikidata.org/entity/Q178561"
<http://www.wikidata.org/entity/Q28454990>	POINT(4.357068 52.011577)	"Battle of Delft"@en				1573-10-01T00:00:00Z					"http://www.wikidata.org/entity/Q164432"	6	"http://www.wikidata.org/entity/Q178561"
<http://www.wikidata.org/entity/Q28496874>	POINT(5.066667 36.750000)	"Capture of Béjaïa"@en				1510-01-15T00:00:00Z						6	"http://www.wikidata.org/entity/Q178561"
<http://www.wikidata.org/entity/Q2855373>	POINT(29.690556 40.486944)	"Battle of Petroe"@en				1057-08-20T00:00:00Z						6	"http://www.wikidata.org/entity/Q178561"
<http://www.wikidata.org/entity/Q28554166>	POINT(57.000000 37.000000)	"Battle of Megara"@en				1359-01-01T00:00:00Z					"http://www.wikidata.org/entity/Q117446403"	4	"http://www.wikidata.org/entity/Q1261499"
<http://www.wikidata.org/entity/Q28662986>	POINT(7.751889 36.883222)	"Battle of Hippo Regius"@en				-0045-01-01T00:00:00Z					"http://www.wikidata.org/entity/Q1238338"	4	"http://www.wikidata.org/entity/Q1261499"
<http://www.wikidata.org/entity/Q28669027>	POINT(28.040278 38.488333)	"Battle of Sardis"@en				-0394-01-01T00:00:00Z					"http://www.wikidata.org/entity/Q174904"	3	"http://www.wikidata.org/entity/Q178561"
<http://www.wikidata.org/entity/Q28717575>	POINT(37.150000 36.200000)	"Sack of Aleppo"@en				0962-12-27T00:00:00Z					"http://www.wikidata.org/entity/Q29100"	5	"http://www.wikidata.org/entity/Q178561"
<http://www.wikidata.org/entity/Q28722719>	POINT(17.634445 47.684167)	"Siege of Győr"@en				1598-01-01T00:00:00Z					"http://www.wikidata.org/entity/Q690361"	3	"http://www.wikidata.org/entity/Q178561|http://www.wikidata.org/entity/Q188055"
<http://www.wikidata.org/entity/Q28729885>	POINT(26.028889 39.821944)	"Battle of Tenedos"@en				-0072-01-01T00:00:00Z					"http://www.wikidata.org/entity/Q1764124"	4	"http://www.wikidata.org/entity/Q178561"
<http://www.wikidata.org/entity/Q2878470>	POINT(-0.100000 40.616700)	"Battle of Morella"@en				1084-08-20T00:00:00Z					"http://www.wikidata.org/entity/Q79791"	4	"http://www.wikidata.org/entity/Q178561"
<http://www.wikidata.org/entity/Q288345>	POINT(-0.555000 53.235000)	"Battle of Lincoln"@en				1141-02-02T00:00:00Z					"http://www.wikidata.org/entity/Q743768"	16	"http://www.wikidata.org/entity/Q178561"
<http://www.wikidata.org/entity/Q2887806>	POINT(-1.361153 42.589528)	"Battle of Aibar"@en				1451-11-03T00:00:00Z					"http://www.wikidata.org/entity/Q1584610"	5	"http://www.wikidata.org/entity/Q178561"
<http://www.wikidata.org/entity/Q2887810>	POINT(27.950000 44.083333)	"Battle of Adamclisi"@en					0101-01-01T00:00:00Z	0102-01-01T00:00:00Z			"http://www.wikidata.org/entity/Q4349810"	9	"http://www.wikidata.org/entity/Q178561"
<http://www.wikidata.org/entity/Q2887822>	POINT(-9.077930 38.871070)	"Battle of Alfarrobeira"@en				1449-05-29T00:00:00Z						11	"http://www.wikidata.org/entity/Q178561"
<http://www.wikidata.org/entity/Q2887854>	POINT(-2.607580 55.536750)	"Battle of Ancrum Moor"@en				1545-03-09T00:00:00Z					"http://www.wikidata.org/entity/Q1640586"	7	"http://www.wikidata.org/entity/Q178561"
<http://www.wikidata.org/entity/Q2887859>	POINT(5.111400 45.693700)	"Battle of Anthon"@en				1430-06-11T00:00:00Z					"http://www.wikidata.org/entity/Q12551"	2	"http://www.wikidata.org/entity/Q178561"
<http://www.wikidata.org/entity/Q2887879>	POINT(1.978300 50.855600)	"Battle of Ardres"@en				1351-01-01T00:00:00Z					"http://www.wikidata.org/entity/Q12551"	5	"http://www.wikidata.org/entity/Q178561"
<http://www.wikidata.org/entity/Q2887887>	POINT(-2.999444 55.150833)	"Battle of Arkinholm"@en				1455-05-01T00:00:00Z						4	"http://www.wikidata.org/entity/Q178561"
<http://www.wikidata.org/entity/Q2887924>	POINT(37.000000 36.566667)	"Battle of Azaz"@en					1030-08-14T00:00:00Z	1030-08-16T00:00:00Z			"http://www.wikidata.org/entity/Q29100"	17	"http://www.wikidata.org/entity/Q178561"
<http://www.wikidata.org/entity/Q2887977>	POINT(48.850000 32.050000)	"Battle of Hormozdgan"@en				0224-04-28T00:00:00Z						18	"http://www.wikidata.org/entity/Q178561"
<http://www.wikidata.org/entity/Q2888022>	POINT(-0.770000 43.490000)	"Battle of Orthez"@en				1569-09-03T00:00:00Z					"http://www.wikidata.org/entity/Q673175"	5	"http://www.wikidata.org/entity/Q178561"
<http://www.wikidata.org/entity/Q2888065>	POINT(10.062258 37.056528)	"Battle of Utica"@en				-0202-01-01T00:00:00Z					"http://www.wikidata.org/entity/Q6271"	14	"http://www.wikidata.org/entity/Q178561"
<http://www.wikidata.org/entity/Q2888088>	POINT(10.130000 37.110000)	"Battle of the Bagradas River"@en				-0239-01-01T00:00:00Z					"http://www.wikidata.org/entity/Q1132393"	11	"http://www.wikidata.org/entity/Q178561"
<http://www.wikidata.org/entity/Q2888093>	POINT(-0.255000 39.001111)	"Battle of Bairén"@en				1097-01-01T00:00:00Z					"http://www.wikidata.org/entity/Q2993574"	8	"http://www.wikidata.org/entity/Q178561"
<http://www.wikidata.org/entity/Q2888101>	POINT(-2.070278 47.704444)	"Battle of Ballon"@en				0845-11-22T00:00:00Z						10	"http://www.wikidata.org/entity/Q178561"
<http://www.wikidata.org/entity/Q2888138>	POINT(6.021940 47.243100)	"Battle of Besançon"@en				1575-06-21T00:00:00Z					"http://www.wikidata.org/entity/Q673175"	3	"http://www.wikidata.org/entity/Q178561"
<http://www.wikidata.org/entity/Q2888154>	POINT(-1.750000 47.483333)	"Battle of Blain"@en				0843-05-28T00:00:00Z						5	"http://www.wikidata.org/entity/Q178561"
<http://www.wikidata.org/entity/Q2888155>	POINT(21.334700 41.031900)	"Battle of Bitola"@en				1015-01-01T00:00:00Z					"http://www.wikidata.org/entity/Q2288144"	10	"http://www.wikidata.org/entity/Q178561"
<http://www.wikidata.org/entity/Q2888157>	POINT(-0.670000 45.130000)	"Battle of Blaye"@en				1593-04-18T00:00:00Z					"http://www.wikidata.org/entity/Q430726|http://www.wikidata.org/entity/Q673175"	5	"http://www.wikidata.org/entity/Q1261499"
<http://www.wikidata.org/entity/Q2888174>	POINT(5.731540 53.183483)	"Battle of Boksum"@en				1586-01-17T00:00:00Z					"http://www.wikidata.org/entity/Q164432"	8	"http://www.wikidata.org/entity/Q178561"
<http://www.wikidata.org/entity/Q2888197>	POINT(-1.341389 53.864444)	"Battle of Bramham Moor"@en				1408-02-28T00:00:00Z						5	"http://www.wikidata.org/entity/Q178561"
<http://www.wikidata.org/entity/Q2888222>	POINT(-6.650000 42.716700)	"Battle of the Burbia River"@en				0791-01-01T00:00:00Z					"http://www.wikidata.org/entity/Q79791"	15	"http://www.wikidata.org/entity/Q178561"
<http://www.wikidata.org/entity/Q2888239>	POINT(12.844074 43.513296)	"Battle of Canturino"@en				1363-04-30T00:00:00Z						3	"http://www.wikidata.org/entity/Q178561"
<http://www.wikidata.org/entity/Q2888241>	POINT(11.752619 43.737611)	"Battle of Campaldino"@en				1289-06-18T00:00:00Z					"http://www.wikidata.org/entity/Q187742"	8	"http://www.wikidata.org/entity/Q178561"
<http://www.wikidata.org/entity/Q2888296>	POINT(-5.300278 35.895833)	"Conquest of Ceuta"@en				1415-08-30T00:00:00Z					"http://www.wikidata.org/entity/Q340075"	20	"http://www.wikidata.org/entity/Q178561"
<http://www.wikidata.org/entity/Q2888317>	POINT(-2.391000 53.873000)	"Battle of Clitheroe"@en				1138-06-17T00:00:00Z					"http://www.wikidata.org/entity/Q743768"	4	"http://www.wikidata.org/entity/Q178561"
<http://www.wikidata.org/entity/Q2888347>	POINT(-3.600000 39.450000)	"Battle of Consuegra"@en				1097-08-15T00:00:00Z					"http://www.wikidata.org/entity/Q2993574"	8	"http://www.wikidata.org/entity/Q178561"
<http://www.wikidata.org/entity/Q2888359>	POINT(-0.948600 47.848900)	"Battle of Craon"@en					1592-05-21T00:00:00Z	1592-05-24T00:00:00Z			"http://www.wikidata.org/entity/Q115828870"	5	"http://www.wikidata.org/entity/Q178561"
<http://www.wikidata.org/entity/Q2888408>	POINT(44.945000 30.108000)	"Battle of Dhi Qar"@en				0609-01-01T00:00:00Z						21	"http://www.wikidata.org/entity/Q178561"
<http://www.wikidata.org/entity/Q2888412>	POINT(44.733333 41.766667)	"Battle of Digomi"@en				1567-01-01T00:00:00Z					"http://www.wikidata.org/entity/Q122155240"	7	"http://www.wikidata.org/entity/Q178561"
<http://www.wikidata.org/entity/Q2888470>	POINT(22.941667 39.350000)	"Battle of Demetrias"@en				1270-01-01T00:00:00Z					"http://www.wikidata.org/entity/Q66683331"	9	"http://www.wikidata.org/entity/Q1261499"
<http://www.wikidata.org/entity/Q2888472>	POINT(1.701082 46.837938)	"Battle of Déols"@en				0469-01-01T00:00:00Z					"http://www.wikidata.org/entity/Q125694650"	6	"http://www.wikidata.org/entity/Q178561"
<http://www.wikidata.org/entity/Q2888767>	POINT(-3.299444 55.654167)	"Action at Happrew"@en				1304-01-01T00:00:00Z					"http://www.wikidata.org/entity/Q1368240"	3	"http://www.wikidata.org/entity/Q178561"
<http://www.wikidata.org/entity/Q2888805>	POINT(-19.300000 65.533300)	"Battle of Haugsnes"@en				1246-04-19T00:00:00Z					"http://www.wikidata.org/entity/Q2314899"	6	"http://www.wikidata.org/entity/Q178561"
<http://www.wikidata.org/entity/Q2888864>	POINT(-1.731944 47.723889)	"Battle of Jengland"@en				0851-08-22T00:00:00Z						8	"http://www.wikidata.org/entity/Q178561"
<http://www.wikidata.org/entity/Q2888869>	POINT(-6.137778 36.681667)	"Battle of Jerez"@en				1231-01-01T00:00:00Z					"http://www.wikidata.org/entity/Q79791"	9	"http://www.wikidata.org/entity/Q178561"
<http://www.wikidata.org/entity/Q2888888>	POINT(28.098000 41.111000)	"Battle of Kalavrye"@en				1078-01-01T00:00:00Z						12	"http://www.wikidata.org/entity/Q178561"
<http://www.wikidata.org/entity/Q2889149>	POINT(2.883333 39.483333)	"Battle of Llucmajor"@en				1349-11-02T00:00:00Z						4	"http://www.wikidata.org/entity/Q178561"
<http://www.wikidata.org/entity/Q2889171>	POINT(2.351830 48.856600)	"Battle of Lutetia"@en				0383-01-01T00:00:00Z						3	"http://www.wikidata.org/entity/Q178561"
<http://www.wikidata.org/entity/Q2889207>	POINT(22.000000 37.170000)	"Battle of Makryplagi"@en				1263-01-01T00:00:00Z					"http://www.wikidata.org/entity/Q107033914"	9	"http://www.wikidata.org/entity/Q178561"
<http://www.wikidata.org/entity/Q2889222>	POINT(14.520555 35.895000)	"Battle of Malta"@en				1283-07-15T00:00:00Z					"http://www.wikidata.org/entity/Q2599340"	11	"http://www.wikidata.org/entity/Q1261499"
<http://www.wikidata.org/entity/Q2889228>	POINT(36.933300 37.583300)	"Battle of Marash"@en				0953-01-01T00:00:00Z					"http://www.wikidata.org/entity/Q29100"	8	"http://www.wikidata.org/entity/Q178561"
<http://www.wikidata.org/entity/Q2889262>	POINT(12.666667 41.766667)	"Battle of Marino"@en				1379-05-08T00:00:00Z					"http://www.wikidata.org/entity/Q26189"	4	"http://www.wikidata.org/entity/Q178561"
<http://www.wikidata.org/entity/Q2889320>	POINT(-1.823890 47.825560)	"Battle of Messac"@en				0843-01-01T00:00:00Z					"http://www.wikidata.org/entity/Q3153848"	3	"http://www.wikidata.org/entity/Q178561"
<http://www.wikidata.org/entity/Q2889370>	POINT(1.942220 43.509400)	"Battle of Montjuèi"@en				1411-04-01T00:00:00Z					"http://www.wikidata.org/entity/Q51657"	4	"http://www.wikidata.org/entity/Q178561"
<http://www.wikidata.org/entity/Q2889375>	POINT(5.136990 49.271606)	"Battle of Montfaucon"@en				0882-01-01T00:00:00Z						1	"http://www.wikidata.org/entity/Q178561"
<http://www.wikidata.org/entity/Q2889394>	POINT(2.699900 49.153900)	"Battle of Montépilloy"@en				1429-09-02T00:00:00Z					"http://www.wikidata.org/entity/Q12551"	2	"http://www.wikidata.org/entity/Q178561"
<http://www.wikidata.org/entity/Q2889436>	POINT(24.416667 36.683333)	"Battle of Melos"@en				-0414-01-01T00:00:00Z					"http://www.wikidata.org/entity/Q33745"	15	"http://www.wikidata.org/entity/Q178561"
<http://www.wikidata.org/entity/Q2889520>	POINT(37.833333 40.300000)	"Battle of Nicopolis"@en				-0047-01-01T00:00:00Z					"http://www.wikidata.org/entity/Q18408280"	11	"http://www.wikidata.org/entity/Q178561"
<http://www.wikidata.org/entity/Q2889540>	POINT(-1.654000 42.758000)	"Battle of Noáin"@en				1521-06-30T00:00:00Z					"http://www.wikidata.org/entity/Q3312328|http://www.wikidata.org/entity/Q698281"	9	"http://www.wikidata.org/entity/Q178561"
<http://www.wikidata.org/entity/Q2889573>	POINT(-2.883333 43.200000)	"Battle of Padura"@en				0888-01-01T00:00:00Z						4	"http://www.wikidata.org/entity/Q178561"
<http://www.wikidata.org/entity/Q2889598>	POINT(-8.556389 41.064444)	"Battle of Pedroso"@en				1071-01-24T00:00:00Z						7	"http://www.wikidata.org/entity/Q178561"
<http://www.wikidata.org/entity/Q2889660>	POINT(0.206944 47.768889)	"Battle of Pontvallain"@en				1370-12-04T00:00:00Z					"http://www.wikidata.org/entity/Q12551"	8	"http://www.wikidata.org/entity/Q178561"
<http://www.wikidata.org/entity/Q2889681>	POINT(21.702778 36.755556)	"Battle of Sapienza"@en				1354-11-12T00:00:00Z					"http://www.wikidata.org/entity/Q2471587"	9	"http://www.wikidata.org/entity/Q1261499"
<http://www.wikidata.org/entity/Q2889689>	POINT(11.800000 44.700000)	"Battle of Portomaggiore"@en				1395-04-16T00:00:00Z						3	"http://www.wikidata.org/entity/Q178561"
<http://www.wikidata.org/entity/Q2889701>	POINT(21.500000 37.670000)	"Battle of Prinitza"@en				1263-01-01T00:00:00Z					"http://www.wikidata.org/entity/Q107033914"	9	"http://www.wikidata.org/entity/Q178561"
<http://www.wikidata.org/entity/Q2889727>	POINT(37.460000 37.706944)	"Battle of Raban"@en				0958-01-01T00:00:00Z					"http://www.wikidata.org/entity/Q29100"	10	"http://www.wikidata.org/entity/Q178561"
<http://www.wikidata.org/entity/Q2889732>	POINT(-1.589000 51.693100)	"Battle of Radcot Bridge"@en				1387-12-27T00:00:00Z						2	"http://www.wikidata.org/entity/Q178561"
<http://www.wikidata.org/entity/Q2889856>	POINT(-1.397500 48.260278)	"Battle of Saint-Aubin-du-Cormier"@en				1488-08-06T00:00:00Z					"http://www.wikidata.org/entity/Q777345"	11	"http://www.wikidata.org/entity/Q178561"
<http://www.wikidata.org/entity/Q2889892>	POINT(-6.950000 37.250000)	"Battle of Saltes Island"@en				1381-07-25T00:00:00Z					"http://www.wikidata.org/entity/Q7784850"	7	"http://www.wikidata.org/entity/Q1261499"
<http://www.wikidata.org/entity/Q2889924>	POINT(10.758144 43.688978)	"Battle of San Romano"@en				1432-06-10T00:00:00Z					"http://www.wikidata.org/entity/Q2506432"	7	"http://www.wikidata.org/entity/Q178561"
<http://www.wikidata.org/entity/Q2889962>	POINT(23.100000 37.250000)	"Battle of Settepozzi"@en				1263-01-01T00:00:00Z					"http://www.wikidata.org/entity/Q1305130"	12	"http://www.wikidata.org/entity/Q178561"
<http://www.wikidata.org/entity/Q2890025>	POINT(-3.025740 55.011220)	"Battle of Solway Moss"@en				1542-12-04T00:00:00Z					"http://www.wikidata.org/entity/Q1640586"	12	"http://www.wikidata.org/entity/Q178561"
<http://www.wikidata.org/entity/Q2890062>	POINT(5.125577 50.712817)	"Battle of Steppes"@en				1213-10-13T00:00:00Z					"http://www.wikidata.org/entity/Q18286238"	8	"http://www.wikidata.org/entity/Q178561"
<http://www.wikidata.org/entity/Q2890102>	POINT(7.433333 36.466667)	"Battle of Suthul"@en				-0109-01-01T00:00:00Z					"http://www.wikidata.org/entity/Q827612"	8	"http://www.wikidata.org/entity/Q178561"
<http://www.wikidata.org/entity/Q2890177>	POINT(22.900000 40.650000)	"Battle of Thessalonica"@en				1000-01-01T00:00:00Z					"http://www.wikidata.org/entity/Q2817295"	10	"http://www.wikidata.org/entity/Q178561"
<http://www.wikidata.org/entity/Q2890214>	POINT(12.243889 43.460833)	"Battle of Tifernum"@en				-0296-01-01T00:00:00Z					"http://www.wikidata.org/entity/Q3984897"	8	"http://www.wikidata.org/entity/Q178561"
<http://www.wikidata.org/entity/Q2890236>	POINT(-1.403856 41.811403)	"Battle of Torà"@en				1006-01-01T00:00:00Z					"http://www.wikidata.org/entity/Q79791"	5	"http://www.wikidata.org/entity/Q178561"
<http://www.wikidata.org/entity/Q2890242>	POINT(-1.588611 48.496667)	"Battle of Trans-la-Forêt"@en				0939-08-01T00:00:00Z						4	"http://www.wikidata.org/entity/Q178561"
<http://www.wikidata.org/entity/Q2890289>	POINT(5.425278 46.007778)	"Battle of Varey"@en				1325-08-07T00:00:00Z						2	"http://www.wikidata.org/entity/Q178561"
<http://www.wikidata.org/entity/Q2890297>	POINT(-1.634167 42.195278)	"Battle of Valtierra"@en				1110-01-24T00:00:00Z					"http://www.wikidata.org/entity/Q79791"	6	"http://www.wikidata.org/entity/Q178561"
<http://www.wikidata.org/entity/Q2890308>	POINT(-1.223600 48.716400)	"Battle of Vernix"@en				-0055-01-01T00:00:00Z					"http://www.wikidata.org/entity/Q202161"	3	"http://www.wikidata.org/entity/Q178561"
<http://www.wikidata.org/entity/Q2890310>	POINT(9.440560 42.494700)	"Battle of Vescovato"@en				1564-07-05T00:00:00Z						1	"http://www.wikidata.org/entity/Q178561"
<http://www.wikidata.org/entity/Q2890331>	POINT(2.677000 47.943000)	"Battle of Vimory"@en				1587-10-26T00:00:00Z					"http://www.wikidata.org/entity/Q673175"	6	"http://www.wikidata.org/entity/Q178561"
<http://www.wikidata.org/entity/Q2890338>	POINT(-5.133330 41.550000)	"Battle of Villalar"@en				1521-04-23T00:00:00Z					"http://www.wikidata.org/entity/Q151663"	10	"http://www.wikidata.org/entity/Q178561"
<http://www.wikidata.org/entity/Q2890458>	POINT(6.205000 52.147500)	"Battle of Zutphen"@en				1586-09-22T00:00:00Z					"http://www.wikidata.org/entity/Q164432"	12	"http://www.wikidata.org/entity/Q178561"
<http://www.wikidata.org/entity/Q2890678>	POINT(3.183330 41.850000)	"Battle of Les Formigues"@en					1285-09-04T00:00:00Z	1285-09-11T00:00:00Z			"http://www.wikidata.org/entity/Q625133"	7	"http://www.wikidata.org/entity/Q1261499"
<http://www.wikidata.org/entity/Q2890722>	POINT(21.066667 38.366667)	"Battle of the Echinades"@en				1427-01-01T00:00:00Z					"http://www.wikidata.org/entity/Q66683331"	6	"http://www.wikidata.org/entity/Q1261499"
<http://www.wikidata.org/entity/Q2890809>	POINT(-3.895330 36.790856)	"Battle of the Peñón of Frigiliana"@en				1569-06-21T00:00:00Z					"http://www.wikidata.org/entity/Q685757"	4	"http://www.wikidata.org/entity/Q178561"
<http://www.wikidata.org/entity/Q2890815>	POINT(-0.300000 39.583333)	"Battle of the Puig"@en				1237-08-22T00:00:00Z					"http://www.wikidata.org/entity/Q2993587"	8	"http://www.wikidata.org/entity/Q178561"
<http://www.wikidata.org/entity/Q2890816>	POINT(8.674918 36.291028)	"Battle of the Muthul"@en				-0107-01-01T00:00:00Z					"http://www.wikidata.org/entity/Q827612"	11	"http://www.wikidata.org/entity/Q178561"
<http://www.wikidata.org/entity/Q2890887>	POINT(2.856111 42.455556)	"Battle of the Col de Panissars"@en					1285-10-07T00:00:00Z	1285-10-08T00:00:00Z			"http://www.wikidata.org/entity/Q625133"	5	"http://www.wikidata.org/entity/Q178561"
<http://www.wikidata.org/entity/Q2890906>	POINT(35.609167 33.103333)	"Battle of Lake Huleh"@en				1157-06-26T00:00:00Z					"http://www.wikidata.org/entity/Q12546"	12	"http://www.wikidata.org/entity/Q178561"
<http://www.wikidata.org/entity/Q2890945>	POINT(12.643000 57.040000)	"Battle of Axtorna"@en				1565-10-20T00:00:00Z					"http://www.wikidata.org/entity/Q158677"	8	"http://www.wikidata.org/entity/Q178561"
<http://www.wikidata.org/entity/Q289492>	POINT(43.343611 35.991111)	"Battle of the Zab"@en				0750-01-29T00:00:00Z					"http://www.wikidata.org/entity/Q5933860"	29	"http://www.wikidata.org/entity/Q178561"
<http://www.wikidata.org/entity/Q29056780>	POINT(-0.366667 51.433333)	"Battle of the Thames"@en				0043-01-01T00:00:00Z					"http://www.wikidata.org/entity/Q1258062"	2	"http://www.wikidata.org/entity/Q178561"
<http://www.wikidata.org/entity/Q2916261>	POINT(44.723056 40.119444)	"Battle of Garni"@en				1225-08-01T00:00:00Z					"http://www.wikidata.org/entity/Q20582803"	16	"http://www.wikidata.org/entity/Q178561"
<http://www.wikidata.org/entity/Q2920325>	POINT(35.240833 32.054444)	"Battle of the Ascent of Lebonah"@en				-0166-01-01T00:00:00Z					"http://www.wikidata.org/entity/Q7930888"	5	"http://www.wikidata.org/entity/Q178561"
<http://www.wikidata.org/entity/Q2920414>	POINT(41.675556 39.979722)	"Battle of Basian"@en				1202-08-03T00:00:00Z					"http://www.wikidata.org/entity/Q5547987"	15	"http://www.wikidata.org/entity/Q178561"
<http://www.wikidata.org/entity/Q2923372>	POINT(9.333611 52.210556)	"Battle of Süntel"@en				0782-01-01T00:00:00Z					"http://www.wikidata.org/entity/Q499909"	6	"http://www.wikidata.org/entity/Q178561"
<http://www.wikidata.org/entity/Q2949566>	POINT(44.400000 32.033333)	"Battle of Dayr al-Jamajim"@en				0701-01-01T00:00:00Z					"http://www.wikidata.org/entity/Q35583796"	6	"http://www.wikidata.org/entity/Q178561"
<http://www.wikidata.org/entity/Q29513472>	POINT(-4.816667 37.266667)	"Battle of Lauro"@en				-0044-04-01T00:00:00Z					"http://www.wikidata.org/entity/Q1238338"	4	"http://www.wikidata.org/entity/Q178561"
<http://www.wikidata.org/entity/Q2979703>	POINT(9.166667 45.466667)	"Po Valley Raid"@en				-0202-01-01T00:00:00Z					"http://www.wikidata.org/entity/Q6271"	13	"http://www.wikidata.org/entity/Q178561|http://www.wikidata.org/entity/Q476807|http://www.wikidata.org/entity/Q645883"
<http://www.wikidata.org/entity/Q2984753>	POINT(4.852778 46.780556)	"Battle of Cavillonum"@en				-0057-01-01T00:00:00Z					"http://www.wikidata.org/entity/Q202161"	3	"http://www.wikidata.org/entity/Q178561"
<http://www.wikidata.org/entity/Q2984951>	POINT(-0.412200 45.280700)	"Battle of the Seven"@en				1402-05-28T00:00:00Z					"http://www.wikidata.org/entity/Q12551"	2	"http://www.wikidata.org/entity/Q178561"
<http://www.wikidata.org/entity/Q3031201>	POINT(-20.833333 65.833333)	"Battle of the Gulf"@en				1244-07-02T00:00:00Z					"http://www.wikidata.org/entity/Q2314899"	4	"http://www.wikidata.org/entity/Q178561"
<http://www.wikidata.org/entity/Q30600045>	POINT(26.800000 40.450000)	"Battle of Gallipoli"@en				1416-06-07T00:00:00Z					"http://www.wikidata.org/entity/Q1420791"	13	"http://www.wikidata.org/entity/Q1261499"
<http://www.wikidata.org/entity/Q3066445>	POINT(-5.453889 36.127500)	"Siege of Algeciras"@en					1342-08-11T00:00:00Z	1344-04-03T00:00:00Z			"http://www.wikidata.org/entity/Q21081322"	11	"http://www.wikidata.org/entity/Q178561|http://www.wikidata.org/entity/Q188055"
<http://www.wikidata.org/entity/Q30693443>	POINT(22.416667 39.634722)	"Battle of Larissa"@en				1083-07-01T00:00:00Z					"http://www.wikidata.org/entity/Q327150"	5	"http://www.wikidata.org/entity/Q178561"
<http://www.wikidata.org/entity/Q3079892>	POINT(39.600000 24.466667)	"Invasion of Banu Qaynuqa"@en				0624-01-01T00:00:00Z						20	"http://www.wikidata.org/entity/Q178561"
<http://www.wikidata.org/entity/Q3099190>	POINT(-27.653000 38.644000)	"Battle of Ponta Delgada"@en				1582-08-05T00:00:00Z					"http://www.wikidata.org/entity/Q3298746"	12	"http://www.wikidata.org/entity/Q1261499"
<http://www.wikidata.org/entity/Q3108206>	POINT(3.583333 51.450000)	"Capture of Flushing"@en				1572-04-16T00:00:00Z					"http://www.wikidata.org/entity/Q164432"	3	"http://www.wikidata.org/entity/Q178561"
<http://www.wikidata.org/entity/Q312268>	POINT(28.976018 41.012240)	"Siege of Constantinople"@en					0626-06-01T00:00:00Z	0626-07-01T00:00:00Z			"http://www.wikidata.org/entity/Q2326099|http://www.wikidata.org/entity/Q25198592"	32	"http://www.wikidata.org/entity/Q178561|http://www.wikidata.org/entity/Q188055"
<http://www.wikidata.org/entity/Q316604>	POINT(11.566667 51.616667)	"Battle of Welfesholz"@en				1115-02-18T00:00:00Z						8	"http://www.wikidata.org/entity/Q178561"
<http://www.wikidata.org/entity/Q316877>	POINT(6.181250 48.695278)	"Battle of Nancy"@en					1476-10-31T00:00:00Z	1477-01-14T00:00:00Z			"http://www.wikidata.org/entity/Q315342"	29	"http://www.wikidata.org/entity/Q178561|http://www.wikidata.org/entity/Q188055"
<http://www.wikidata.org/entity/Q3174545>	POINT(-1.650000 42.816667)	"Battle of Pamplona"@en				1521-05-30T00:00:00Z					"http://www.wikidata.org/entity/Q3312328|http://www.wikidata.org/entity/Q698281"	9	"http://www.wikidata.org/entity/Q178561"
<http://www.wikidata.org/entity/Q31840519>	POINT(15.817027 50.156929)	"Battle of Wysoka"@en					1436-11-15T00:00:00Z	1436-11-16T00:00:00Z			"http://www.wikidata.org/entity/Q478301"	2	"http://www.wikidata.org/entity/Q178561"
<http://www.wikidata.org/entity/Q31900>	POINT(23.978333 38.118056)	"Battle of Marathon"@en				-0489-09-07T00:00:00Z					"http://www.wikidata.org/entity/Q2362482"	76	"http://www.wikidata.org/entity/Q178561"
<http://www.wikidata.org/entity/Q319124>	POINT(30.990000 38.950000)	"Battle of Ipsus"@en				-0300-01-01T00:00:00Z					"http://www.wikidata.org/entity/Q4515025"	37	"http://www.wikidata.org/entity/Q178561"
<http://www.wikidata.org/entity/Q3195891>	POINT(-1.700500 55.426200)	"Battle of Alnwick"@en				1093-11-19T00:00:00Z						8	"http://www.wikidata.org/entity/Q178561"
<http://www.wikidata.org/entity/Q319592>	POINT(7.350000 46.216667)	"Battle on the Planta"@en				1475-11-22T00:00:00Z					"http://www.wikidata.org/entity/Q315342"	11	"http://www.wikidata.org/entity/Q178561"
<http://www.wikidata.org/entity/Q319637>	POINT(7.594822 47.507564)	"Battle of Bruderholz"@en				1499-03-31T00:00:00Z					"http://www.wikidata.org/entity/Q165136"	8	"http://www.wikidata.org/entity/Q178561"
<http://www.wikidata.org/entity/Q319893>	POINT(9.727680 53.927700)	"Battle of Stellau"@en				1201-01-01T00:00:00Z						6	"http://www.wikidata.org/entity/Q178561"
<http://www.wikidata.org/entity/Q3233509>	POINT(19.317222 40.642778)	"Battle of the Aous"@en				-0197-01-01T00:00:00Z					"http://www.wikidata.org/entity/Q75665"	14	"http://www.wikidata.org/entity/Q178561"
<http://www.wikidata.org/entity/Q3235767>	POINT(27.233300 36.850000)	"Battle of Cos"@en				-0260-01-01T00:00:00Z					"http://www.wikidata.org/entity/Q1076902|http://www.wikidata.org/entity/Q1330607"	16	"http://www.wikidata.org/entity/Q1261499"
<http://www.wikidata.org/entity/Q3242126>	POINT(31.173056 36.830000)	"Battle of the Eurymedon"@en				-0189-01-01T00:00:00Z					"http://www.wikidata.org/entity/Q486831"	18	"http://www.wikidata.org/entity/Q178561"
<http://www.wikidata.org/entity/Q325985>	POINT(35.083333 32.933333)	"Siege of Acre"@en					1291-04-11T00:00:00Z	1291-05-25T00:00:00Z			"http://www.wikidata.org/entity/Q115867251"	36	"http://www.wikidata.org/entity/Q178561|http://www.wikidata.org/entity/Q188055"
<http://www.wikidata.org/entity/Q3267709>	POINT(9.290000 56.239000)	"Battle of Grathe Heath"@en				1157-01-01T00:00:00Z					"http://www.wikidata.org/entity/Q106839672"	9	"http://www.wikidata.org/entity/Q178561"
<http://www.wikidata.org/entity/Q3268397>	POINT(26.050000 39.816667)	"Battle of Tenedos"@en				-0085-01-01T00:00:00Z					"http://www.wikidata.org/entity/Q1647768"	10	"http://www.wikidata.org/entity/Q1261499"
<http://www.wikidata.org/entity/Q326989>	POINT(8.633000 47.090000)	"Battle of Morgarten"@en				1315-11-23T00:00:00Z					"http://www.wikidata.org/entity/Q692606"	27	"http://www.wikidata.org/entity/Q178561"
<http://www.wikidata.org/entity/Q3277009>	POINT(17.709963 48.388919)	"Battle of Trnava"@en				1430-05-07T00:00:00Z	1430-04-23T00:00:00Z	1430-04-28T00:00:00Z			"http://www.wikidata.org/entity/Q478301"	8	"http://www.wikidata.org/entity/Q178561"
<http://www.wikidata.org/entity/Q32832>	POINT(27.883333 43.216667)	"Battle of Varna"@en				1444-11-10T00:00:00Z					"http://www.wikidata.org/entity/Q14366850"	48	"http://www.wikidata.org/entity/Q178561"
<http://www.wikidata.org/entity/Q3298782>	POINT(20.533300 41.516700)	"Battle of Oranik"@en				1456-05-27T00:00:00Z					"http://www.wikidata.org/entity/Q61116375|http://www.wikidata.org/entity/Q698985"	8	"http://www.wikidata.org/entity/Q178561"
<http://www.wikidata.org/entity/Q330>	POINT(9.316667 45.366667)	"Battle of Marignano"@en					1515-09-23T00:00:00Z	1515-09-24T00:00:00Z			"http://www.wikidata.org/entity/Q636365"	37	"http://www.wikidata.org/entity/Q178561"
<http://www.wikidata.org/entity/Q3301210>	POINT(20.533300 41.516700)	"Battle of Oranik"@en				1448-08-23T00:00:00Z					"http://www.wikidata.org/entity/Q60489|http://www.wikidata.org/entity/Q61116375"	6	"http://www.wikidata.org/entity/Q178561"
<http://www.wikidata.org/entity/Q3302805>	POINT(-5.016670 38.183300)	"Battle of Aqbat al-Bakr"@en				1010-06-08T00:00:00Z					"http://www.wikidata.org/entity/Q3104848"	8	"http://www.wikidata.org/entity/Q178561"
<http://www.wikidata.org/entity/Q3303638>	POINT(20.449500 54.447600)	"Battle of Krücken"@en				1249-12-06T00:00:00Z					"http://www.wikidata.org/entity/Q2665664"	6	"http://www.wikidata.org/entity/Q178561"
<http://www.wikidata.org/entity/Q33039195>	POINT(-4.270000 53.140000)	"Battle of Tuthill"@en				1461-10-25T00:00:00Z					"http://www.wikidata.org/entity/Q127751"	2	"http://www.wikidata.org/entity/Q178561"
<http://www.wikidata.org/entity/Q3310201>	POINT(32.010000 36.530000)	"Battle of Korakesion"@en				-0066-01-01T00:00:00Z					"http://www.wikidata.org/entity/Q3778709"	7	"http://www.wikidata.org/entity/Q1261499"
<http://www.wikidata.org/entity/Q3338499>	POINT(20.801667 41.116945)	"Battle of Ohrid"@en					1464-09-23T00:00:00Z	1464-09-24T00:00:00Z			"http://www.wikidata.org/entity/Q698985"	10	"http://www.wikidata.org/entity/Q178561"
<http://www.wikidata.org/entity/Q335330>	POINT(24.286389 41.013056)	"Battle of Philippi"@en					-0041-10-01T00:00:00Z	-0041-10-21T00:00:00Z			"http://www.wikidata.org/entity/Q2583092"	39	"http://www.wikidata.org/entity/Q178561"
<http://www.wikidata.org/entity/Q3353382>	POINT(12.966700 55.450000)	"Battle of Fotevik"@en				1134-06-11T00:00:00Z					"http://www.wikidata.org/entity/Q106839672"	9	"http://www.wikidata.org/entity/Q178561"
<http://www.wikidata.org/entity/Q3353388>	POINT(12.810833 56.651389)	"Battle of Niså"@en				1062-08-15T00:00:00Z						11	"http://www.wikidata.org/entity/Q178561"
<http://www.wikidata.org/entity/Q33570>	POINT(20.124722 53.486111)	"Battle of Grunwald"@en				1410-07-24T00:00:00Z					"http://www.wikidata.org/entity/Q937255"	72	"http://www.wikidata.org/entity/Q178561"
<http://www.wikidata.org/entity/Q335871>	POINT(36.701111 39.836667)	"Battle of Bathys Ryax"@en				0872-01-01T00:00:00Z					"http://www.wikidata.org/entity/Q29100"	9	"http://www.wikidata.org/entity/Q178561"
<http://www.wikidata.org/entity/Q339321>	POINT(12.466945 41.935556)	"Battle of the Milvian Bridge"@en				0312-10-29T00:00:00Z					"http://www.wikidata.org/entity/Q759835"	45	"http://www.wikidata.org/entity/Q178561"
<http://www.wikidata.org/entity/Q3395349>	POINT(21.200000 42.600000)	"Battle of Tripolje"@en				1402-11-30T00:00:00Z					"http://www.wikidata.org/entity/Q698985"	7	"http://www.wikidata.org/entity/Q178561"
<http://www.wikidata.org/entity/Q3401002>	POINT(-3.995000 51.884000)	"Battle of Cadfan"@en				1257-01-01T00:00:00Z						5	"http://www.wikidata.org/entity/Q178561"
<http://www.wikidata.org/entity/Q3403266>	POINT(-1.630096 54.377358)	"Battle of Catraeth"@en				0600-01-01T00:00:00Z						8	"http://www.wikidata.org/entity/Q178561"
<http://www.wikidata.org/entity/Q3403450>	POINT(-3.204000 52.776000)	"Battle of Mechain"@en				1069-01-01T00:00:00Z						3	"http://www.wikidata.org/entity/Q178561"
<http://www.wikidata.org/entity/Q3406467>	POINT(-2.954000 51.718000)	"Battle of Pwll Melyn"@en				1405-05-14T00:00:00Z					"http://www.wikidata.org/entity/Q4126360"	5	"http://www.wikidata.org/entity/Q178561"
<http://www.wikidata.org/entity/Q3406664>	POINT(-3.324000 52.649000)	"Battle of Maes Moydog"@en				1295-03-12T00:00:00Z						5	"http://www.wikidata.org/entity/Q178561"
<http://www.wikidata.org/entity/Q3434300>	POINT(44.700000 33.181389)	"Battle of Opis"@en				-0538-09-01T00:00:00Z					"http://www.wikidata.org/entity/Q8423"	16	"http://www.wikidata.org/entity/Q178561"
<http://www.wikidata.org/entity/Q3435342>	POINT(14.649000 55.293000)	"Action of 7 July 1565"@en				1565-07-07T00:00:00Z					"http://www.wikidata.org/entity/Q158677"	6	"http://www.wikidata.org/entity/Q1261499"
<http://www.wikidata.org/entity/Q3435834>	POINT(16.666667 56.733333)	"Action of 26 July 1566"@en				1566-08-05T00:00:00Z					"http://www.wikidata.org/entity/Q158677"	3	"http://www.wikidata.org/entity/Q1261499"
<http://www.wikidata.org/entity/Q3436163>	POINT(11.700000 54.300000)	"Action of 4 June 1565"@en				1565-06-04T00:00:00Z					"http://www.wikidata.org/entity/Q158677"	3	"http://www.wikidata.org/entity/Q1261499"
<http://www.wikidata.org/entity/Q3436319>	POINT(19.454400 41.325600)	"Battle of Dyrrhachium"@en				1018-02-01T00:00:00Z					"http://www.wikidata.org/entity/Q2288144"	11	"http://www.wikidata.org/entity/Q178561"
<http://www.wikidata.org/entity/Q34588915>	POINT(28.330000 41.000000)	"Battle of Melantias"@en				0559-03-01T00:00:00Z						8	"http://www.wikidata.org/entity/Q178561"
<http://www.wikidata.org/entity/Q3485813>	POINT(30.695560 36.908120)	"Siege of Antalya"@en				1207-03-01T00:00:00Z					"http://www.wikidata.org/entity/Q1827267"	8	"http://www.wikidata.org/entity/Q178561|http://www.wikidata.org/entity/Q188055"
<http://www.wikidata.org/entity/Q3485815>	POINT(4.628611 43.676944)	"Siege of Arles"@en				1240-01-01T00:00:00Z	1240-06-01T00:00:00Z	1240-09-01T00:00:00Z				1	"http://www.wikidata.org/entity/Q178561|http://www.wikidata.org/entity/Q188055"
<http://www.wikidata.org/entity/Q3485816>	POINT(4.628611 43.676944)	"Siege of Arles"@en					1368-04-19T00:00:00Z	1368-05-09T00:00:00Z			"http://www.wikidata.org/entity/Q12551"	1	"http://www.wikidata.org/entity/Q178561|http://www.wikidata.org/entity/Q188055"
<http://www.wikidata.org/entity/Q3485817>	POINT(4.628611 43.676944)	"Siege of Arles"@en					1251-01-01T00:00:00Z	1251-05-07T00:00:00Z				1	"http://www.wikidata.org/entity/Q178561|http://www.wikidata.org/entity/Q188055"
<http://www.wikidata.org/entity/Q3485819>	POINT(4.628611 43.676944)	"Siege of Arles"@en				0534-01-01T00:00:00Z						1	"http://www.wikidata.org/entity/Q178561|http://www.wikidata.org/entity/Q188055"
<http://www.wikidata.org/entity/Q3485824>	POINT(-3.280000 47.803889)	"Siege of Hennebont"@en					1342-05-01T00:00:00Z	1342-06-01T00:00:00Z			"http://www.wikidata.org/entity/Q550172"	8	"http://www.wikidata.org/entity/Q178561|http://www.wikidata.org/entity/Q188055"
<http://www.wikidata.org/entity/Q3485834>	POINT(2.087500 49.434167)	"Siège de Beauvais"@en					1472-07-06T00:00:00Z	1472-07-31T00:00:00Z				3	"http://www.wikidata.org/entity/Q178561|http://www.wikidata.org/entity/Q188055"
<http://www.wikidata.org/entity/Q3485837>	POINT(4.644167 43.808056)	"Siege of Beaucaire"@en					1216-06-10T00:00:00Z	1216-08-31T00:00:00Z			"http://www.wikidata.org/entity/Q51657"	4	"http://www.wikidata.org/entity/Q178561|http://www.wikidata.org/entity/Q188055"
<http://www.wikidata.org/entity/Q3485846>	POINT(-0.370556 49.182200)	"Siege of Caen"@en				1417-09-29T00:00:00Z	1417-08-27T00:00:00Z	1417-09-28T00:00:00Z			"http://www.wikidata.org/entity/Q12551"	3	"http://www.wikidata.org/entity/Q178561|http://www.wikidata.org/entity/Q188055"
<http://www.wikidata.org/entity/Q3485850>	POINT(3.234722 50.175833)	"Siege of Cambrai"@en					1339-09-01T00:00:00Z	1339-10-01T00:00:00Z				2	"http://www.wikidata.org/entity/Q178561|http://www.wikidata.org/entity/Q188055"
<http://www.wikidata.org/entity/Q3485852>	POINT(2.351944 43.213055)	"Siege of Carcassonne"@en					1209-08-08T00:00:00Z	1209-08-22T00:00:00Z			"http://www.wikidata.org/entity/Q51657"	7	"http://www.wikidata.org/entity/Q178561|http://www.wikidata.org/entity/Q188055"
<http://www.wikidata.org/entity/Q3485874>	POINT(1.077778 49.921667)	"Siege of Dieppe"@en					1442-11-11T00:00:00Z	1443-08-24T00:00:00Z			"http://www.wikidata.org/entity/Q12551"	2	"http://www.wikidata.org/entity/Q178561|http://www.wikidata.org/entity/Q188055"
<http://www.wikidata.org/entity/Q3485888>	POINT(-1.198611 48.352500)	"Siege of Fougeres"@en					1449-04-02T00:00:00Z	1449-11-13T00:00:00Z			"http://www.wikidata.org/entity/Q12551"	2	"http://www.wikidata.org/entity/Q178561|http://www.wikidata.org/entity/Q188055"
<http://www.wikidata.org/entity/Q3485920>	POINT(29.107500 37.835833)	"Siege of Laodicea"@en				1119-01-01T00:00:00Z					"http://www.wikidata.org/entity/Q630259"	5	"http://www.wikidata.org/entity/Q178561|http://www.wikidata.org/entity/Q188055"
<http://www.wikidata.org/entity/Q3485923>	POINT(1.816670 43.683300)	"Siege of Lavaur"@en					1211-03-01T00:00:00Z	1211-05-10T00:00:00Z			"http://www.wikidata.org/entity/Q51657"	3	"http://www.wikidata.org/entity/Q178561|http://www.wikidata.org/entity/Q188055"
<http://www.wikidata.org/entity/Q3485938>	POINT(1.717220 48.990800)	"Siege of Mantes"@en				1364-04-15T00:00:00Z					"http://www.wikidata.org/entity/Q12551"	2	"http://www.wikidata.org/entity/Q178561|http://www.wikidata.org/entity/Q188055"
<http://www.wikidata.org/entity/Q3485951>	POINT(5.376389 43.296667)	"Siege of Marseille"@en					1524-08-11T00:00:00Z	1524-09-01T00:00:00Z			"http://www.wikidata.org/entity/Q698281"	8	"http://www.wikidata.org/entity/Q178561|http://www.wikidata.org/entity/Q188055"
<http://www.wikidata.org/entity/Q3485953>	POINT(2.887778 48.959444)	"Battle of Mello"@en					1358-06-17T00:00:00Z	1358-06-18T00:00:00Z			"http://www.wikidata.org/entity/Q7126013"	3	"http://www.wikidata.org/entity/Q178561|http://www.wikidata.org/entity/Q188055"
<http://www.wikidata.org/entity/Q3485955>	POINT(6.176944 49.119722)	"Siege of Metz"@en					1444-09-19T00:00:00Z	1445-03-01T00:00:00Z				1	"http://www.wikidata.org/entity/Q178561|http://www.wikidata.org/entity/Q188055"
<http://www.wikidata.org/entity/Q3485961>	POINT(1.909960 49.005000)	"Siege of Meulan"@en					1364-04-18T00:00:00Z	1364-04-19T00:00:00Z			"http://www.wikidata.org/entity/Q12551"	1	"http://www.wikidata.org/entity/Q178561|http://www.wikidata.org/entity/Q188055"
<http://www.wikidata.org/entity/Q3485969>	POINT(-1.553889 47.217222)	"Siege of Nantes"@en					1380-11-01T00:00:00Z	1381-01-22T00:00:00Z			"http://www.wikidata.org/entity/Q12551"	1	"http://www.wikidata.org/entity/Q178561|http://www.wikidata.org/entity/Q188055"
<http://www.wikidata.org/entity/Q3485976>	POINT(2.351830 48.856600)	"Siege of Paris"@en					1370-10-09T00:00:00Z	1370-10-11T00:00:00Z			"http://www.wikidata.org/entity/Q12551"	2	"http://www.wikidata.org/entity/Q178561|http://www.wikidata.org/entity/Q188055"
<http://www.wikidata.org/entity/Q3485978>	POINT(2.351830 48.856600)	"Siege of Paris"@en				1420-12-10T00:00:00Z					"http://www.wikidata.org/entity/Q12551"	2	"http://www.wikidata.org/entity/Q178561|http://www.wikidata.org/entity/Q188055"
<http://www.wikidata.org/entity/Q3485979>	POINT(2.351830 48.856600)	"Siege of Paris"@en					1435-06-10T00:00:00Z	1436-04-26T00:00:00Z			"http://www.wikidata.org/entity/Q12551"	7	"http://www.wikidata.org/entity/Q178561|http://www.wikidata.org/entity/Q188055"
<http://www.wikidata.org/entity/Q3485982>	POINT(2.351830 48.856600)	"Siege of Paris"@en				1429-09-17T00:00:00Z	1429-08-26T00:00:00Z	1429-09-13T00:00:00Z			"http://www.wikidata.org/entity/Q12551"	13	"http://www.wikidata.org/entity/Q178561|http://www.wikidata.org/entity/Q188055"
<http://www.wikidata.org/entity/Q3485999>	POINT(-1.176389 47.740556)	"Siege of Pouancé"@en					1432-01-15T00:00:00Z	1432-03-02T00:00:00Z			"http://www.wikidata.org/entity/Q12551"	2	"http://www.wikidata.org/entity/Q178561|http://www.wikidata.org/entity/Q188055"
<http://www.wikidata.org/entity/Q3486012>	POINT(1.608330 49.019700)	"Siege of Rolleboise"@en					1364-03-18T00:00:00Z	1364-04-17T00:00:00Z			"http://www.wikidata.org/entity/Q12551"	1	"http://www.wikidata.org/entity/Q178561|http://www.wikidata.org/entity/Q188055"
<http://www.wikidata.org/entity/Q3486015>	POINT(4.948900 48.637800)	"Siege of Saint-Dizier"@en					1544-07-20T00:00:00Z	1544-08-27T00:00:00Z			"http://www.wikidata.org/entity/Q15542964"	4	"http://www.wikidata.org/entity/Q178561|http://www.wikidata.org/entity/Q188055"
<http://www.wikidata.org/entity/Q3486017>	POINT(-0.521111 45.944167)	"Siege of Saint-Jean-d'Angély"@en				1351-08-01T00:00:00Z	1351-03-01T00:00:00Z	1351-09-01T00:00:00Z			"http://www.wikidata.org/entity/Q12551"	3	"http://www.wikidata.org/entity/Q178561|http://www.wikidata.org/entity/Q188055"
<http://www.wikidata.org/entity/Q3486053>	POINT(0.927778 48.738889)	"Siege of Verneuil"@en				1173-01-01T00:00:00Z	1173-06-30T00:00:00Z	1173-07-01T00:00:00Z			"http://www.wikidata.org/entity/Q2345927"	2	"http://www.wikidata.org/entity/Q178561|http://www.wikidata.org/entity/Q188055"
<http://www.wikidata.org/entity/Q3486070>	POINT(4.628611 43.676944)	"Sieges of Arles"@en					0566-01-01T00:00:00Z	0570-01-01T00:00:00Z				1	"http://www.wikidata.org/entity/Q178561|http://www.wikidata.org/entity/Q188055"
<http://www.wikidata.org/entity/Q3491975>	POINT(10.033333 45.133333)	"Battle of Cremona"@en				-0199-01-01T00:00:00Z					"http://www.wikidata.org/entity/Q3417663"	11	"http://www.wikidata.org/entity/Q178561"
<http://www.wikidata.org/entity/Q3491983>	POINT(27.251471 41.440314)	"Battle of Arcadiopolis"@en				1194-01-01T00:00:00Z					"http://www.wikidata.org/entity/Q2288144"	8	"http://www.wikidata.org/entity/Q178561"
<http://www.wikidata.org/entity/Q3493159>	POINT(15.219478 49.991526)	"Battle of Kutná Hora"@en				1421-12-30T00:00:00Z					"http://www.wikidata.org/entity/Q478301"	9	"http://www.wikidata.org/entity/Q178561"
<http://www.wikidata.org/entity/Q349318>	POINT(19.949673 40.704939)	"Siege of Berat"@en					1280-01-01T00:00:00Z	1281-01-01T00:00:00Z				8	"http://www.wikidata.org/entity/Q178561|http://www.wikidata.org/entity/Q188055"
<http://www.wikidata.org/entity/Q3494883>	POINT(23.309300 45.621900)	"Battle of Sarmisegetusa"@en				0106-01-01T00:00:00Z					"http://www.wikidata.org/entity/Q2078442"	12	"http://www.wikidata.org/entity/Q178561"
<http://www.wikidata.org/entity/Q3496783>	POINT(35.114200 31.885800)	"Battle of Beth Horon"@en				0066-01-01T00:00:00Z					"http://www.wikidata.org/entity/Q202578"	11	"http://www.wikidata.org/entity/Q178561"
<http://www.wikidata.org/entity/Q3498428>	POINT(36.688889 36.394722)	"Battle of Mount Gindarus"@en				-0037-01-01T00:00:00Z					"http://www.wikidata.org/entity/Q55630237"	14	"http://www.wikidata.org/entity/Q178561"
<http://www.wikidata.org/entity/Q3501395>	POINT(17.252833 49.588472)	"Battle of Olomouc"@en				1241-01-01T00:00:00Z						4	"http://www.wikidata.org/entity/Q26913948"
<http://www.wikidata.org/entity/Q3502194>	POINT(9.700000 45.033333)	"Battle of Placentia"@en				-0193-01-01T00:00:00Z					"http://www.wikidata.org/entity/Q3417663"	8	"http://www.wikidata.org/entity/Q178561"
<http://www.wikidata.org/entity/Q3503678>	POINT(12.660000 56.040000)	"Battle of Helsingborg"@en				1362-07-16T00:00:00Z					"http://www.wikidata.org/entity/Q317210"	11	"http://www.wikidata.org/entity/Q1261499"
<http://www.wikidata.org/entity/Q3511112>	POINT(36.438192 34.884628)	"Battle of Ba'rin"@en				1137-08-08T00:00:00Z	1137-06-01T00:00:00Z	1137-06-01T00:00:00Z			"http://www.wikidata.org/entity/Q52145365"	12	"http://www.wikidata.org/entity/Q178561|http://www.wikidata.org/entity/Q188055"
<http://www.wikidata.org/entity/Q3544388>	POINT(-4.395250 42.210333)	"Battle of Tamarón"@en				1037-09-10T00:00:00Z						8	"http://www.wikidata.org/entity/Q178561"
<http://www.wikidata.org/entity/Q3544422>	POINT(23.550000 41.083300)	"Battle of Serres"@en				1205-06-01T00:00:00Z					"http://www.wikidata.org/entity/Q3544429"	7	"http://www.wikidata.org/entity/Q178561"
<http://www.wikidata.org/entity/Q354560>	POINT(12.199445 44.417778)	"Siege of Ravenna"@en					0490-01-01T00:00:00Z	0493-03-06T00:00:00Z			"http://www.wikidata.org/entity/Q3687147"	9	"http://www.wikidata.org/entity/Q178561|http://www.wikidata.org/entity/Q188055"
<http://www.wikidata.org/entity/Q3621804>	POINT(26.896522 42.637633)	"Battle of Marcellae"@en				0756-01-01T00:00:00Z					"http://www.wikidata.org/entity/Q2288144"	14	"http://www.wikidata.org/entity/Q178561"
<http://www.wikidata.org/entity/Q3622249>	POINT(23.550000 41.083300)	"Battle of Serres"@en				1196-01-01T00:00:00Z					"http://www.wikidata.org/entity/Q2288144"	8	"http://www.wikidata.org/entity/Q178561"
<http://www.wikidata.org/entity/Q3623153>	POINT(27.266667 44.116667)	"Battle of Silistra"@en				0968-01-01T00:00:00Z					"http://www.wikidata.org/entity/Q2991800"	6	"http://www.wikidata.org/entity/Q178561"
<http://www.wikidata.org/entity/Q3623158>	POINT(12.386389 43.460278)	"Battle of Faesulae"@en				-0224-01-01T00:00:00Z					"http://www.wikidata.org/entity/Q3417663"	9	"http://www.wikidata.org/entity/Q178561"
<http://www.wikidata.org/entity/Q3623166>	POINT(22.900000 40.650000)	"Battle of Thessalonica"@en				1014-01-01T00:00:00Z					"http://www.wikidata.org/entity/Q2288144"	8	"http://www.wikidata.org/entity/Q178561"
<http://www.wikidata.org/entity/Q3625055>	POINT(14.250000 40.833300)	"Capture of Neapolis"@en				-0326-01-01T00:00:00Z					"http://www.wikidata.org/entity/Q3953988"	5	"http://www.wikidata.org/entity/Q178561"
<http://www.wikidata.org/entity/Q3636238>	POINT(12.461111 41.891667)	"Battle of the Janiculum"@en				-0475-01-01T00:00:00Z					"http://www.wikidata.org/entity/Q3401862"	3	"http://www.wikidata.org/entity/Q178561"
<http://www.wikidata.org/entity/Q3636241>	POINT(35.390383 32.687114)	"Battle of Mount Tabor"@en				0067-09-01T00:00:00Z					"http://www.wikidata.org/entity/Q202578"	2	"http://www.wikidata.org/entity/Q178561"
<http://www.wikidata.org/entity/Q3636244>	POINT(-5.180278 56.413055)	"Battle of the Pass of Brander"@en				1308-01-01T00:00:00Z					"http://www.wikidata.org/entity/Q1368240"	8	"http://www.wikidata.org/entity/Q178561"
<http://www.wikidata.org/entity/Q3636293>	POINT(11.091667 44.409167)	"Battle of Silva Litana"@en				-0215-01-01T00:00:00Z					"http://www.wikidata.org/entity/Q6271"	8	"http://www.wikidata.org/entity/Q178561"
<http://www.wikidata.org/entity/Q3636302>	POINT(22.562800 38.805300)	"Battle of Thermopylae 279 BCE"@en				-0278-01-01T00:00:00Z					"http://www.wikidata.org/entity/Q28963747"	10	"http://www.wikidata.org/entity/Q178561"
<http://www.wikidata.org/entity/Q3636313>	POINT(26.566700 41.666700)	"Battle of Adrianópolis"@en				0718-07-01T00:00:00Z					"http://www.wikidata.org/entity/Q27900"	3	"http://www.wikidata.org/entity/Q178561"
<http://www.wikidata.org/entity/Q3636315>	POINT(9.000000 40.383300)	"Battle of Aidu de Turdu"@en				1347-01-01T00:00:00Z					"http://www.wikidata.org/entity/Q3403866"	3	"http://www.wikidata.org/entity/Q178561"
<http://www.wikidata.org/entity/Q3636319>	POINT(29.919167 31.198056)	"Battle of Alexandria"@en					-0029-07-31T00:00:00Z	-0029-08-01T00:00:00Z			"http://www.wikidata.org/entity/Q2116320"	8	"http://www.wikidata.org/entity/Q178561"
<http://www.wikidata.org/entity/Q3636320>	POINT(10.671785 43.814726)	"Battle of Altopascio"@en				1325-10-01T00:00:00Z					"http://www.wikidata.org/entity/Q187742"	3	"http://www.wikidata.org/entity/Q178561"
<http://www.wikidata.org/entity/Q3636328>	POINT(12.628333 41.447222)	"Battle of Antium"@en				-0483-01-01T00:00:00Z					"http://www.wikidata.org/entity/Q3940478"	2	"http://www.wikidata.org/entity/Q178561"
<http://www.wikidata.org/entity/Q3636337>	POINT(45.350000 32.133333)	"Alid revolt of 762–763"@en					0762-09-01T00:00:00Z	0763-02-01T00:00:00Z				13	"http://www.wikidata.org/entity/Q124734|http://www.wikidata.org/entity/Q178561"
<http://www.wikidata.org/entity/Q3636352>	POINT(-0.306944 51.478611)	"Battle of Brentford"@en				1016-01-01T00:00:00Z					"http://www.wikidata.org/entity/Q7053398"	7	"http://www.wikidata.org/entity/Q178561"
<http://www.wikidata.org/entity/Q3636364>	POINT(-3.716667 38.016667)	"Battle of Cantich"@en				1009-11-11T00:00:00Z					"http://www.wikidata.org/entity/Q3104848"	5	"http://www.wikidata.org/entity/Q178561"
<http://www.wikidata.org/entity/Q3636368>	POINT(14.733333 38.150000)	"Battle of Cape Orlando"@en				1299-07-11T00:00:00Z					"http://www.wikidata.org/entity/Q122463704"	4	"http://www.wikidata.org/entity/Q1261499"
<http://www.wikidata.org/entity/Q3636372>	POINT(10.460000 45.250000)	"Battle of Casaloldo"@en				1509-05-20T00:00:00Z					"http://www.wikidata.org/entity/Q636365"	4	"http://www.wikidata.org/entity/Q178561"
<http://www.wikidata.org/entity/Q3636387>	POINT(22.864000 38.501000)	"Battle of Chaeronea"@en				-0086-01-01T00:00:00Z					"http://www.wikidata.org/entity/Q1647768"	3	"http://www.wikidata.org/entity/Q178561"
<http://www.wikidata.org/entity/Q3636400>	POINT(27.888611 40.380000)	"Battle of the Cyzicus"@en				1303-10-01T00:00:00Z					"http://www.wikidata.org/entity/Q279078"	4	"http://www.wikidata.org/entity/Q178561"
<http://www.wikidata.org/entity/Q3636407>	POINT(26.600000 38.100000)	"Battle of Corycus"@en				-0190-09-01T00:00:00Z					"http://www.wikidata.org/entity/Q486831"	9	"http://www.wikidata.org/entity/Q1261499"
<http://www.wikidata.org/entity/Q3636411>	POINT(-4.621000 52.096000)	"Battle of Crug Mawr"@en				1136-10-01T00:00:00Z					"http://www.wikidata.org/entity/Q54806280"	10	"http://www.wikidata.org/entity/Q178561"
<http://www.wikidata.org/entity/Q3636427>	POINT(12.513333 41.974444)	"Battle of Fidenae"@en				-0425-01-01T00:00:00Z					"http://www.wikidata.org/entity/Q3119190"	3	"http://www.wikidata.org/entity/Q178561"
<http://www.wikidata.org/entity/Q3636428>	POINT(12.532200 37.937200)	"Battle of Falconaria"@en				1299-12-08T00:00:00Z					"http://www.wikidata.org/entity/Q2599340"	5	"http://www.wikidata.org/entity/Q178561"
<http://www.wikidata.org/entity/Q3636441>	POINT(7.775308 44.953086)	"Battle of Gamenario"@en				1345-04-30T00:00:00Z					"http://www.wikidata.org/entity/Q187742"	3	"http://www.wikidata.org/entity/Q178561"
<http://www.wikidata.org/entity/Q3636456>	POINT(10.953889 45.088611)	"Battle of Governolo"@en				1397-09-05T00:00:00Z						3	"http://www.wikidata.org/entity/Q178561"
<http://www.wikidata.org/entity/Q3636499>	POINT(14.540000 40.150000)	"Battle of Licosa"@en				0846-01-01T00:00:00Z					"http://www.wikidata.org/entity/Q18432514"	4	"http://www.wikidata.org/entity/Q1261499"
<http://www.wikidata.org/entity/Q3636508>	POINT(12.606103 41.587917)	"Battle of Longula"@en				-0483-01-01T00:00:00Z					"http://www.wikidata.org/entity/Q3940478"	2	"http://www.wikidata.org/entity/Q178561"
<http://www.wikidata.org/entity/Q3636513>	POINT(8.783333 40.266667)	"Battle of Macomer"@en				1478-05-28T00:00:00Z						4	"http://www.wikidata.org/entity/Q178561"
<http://www.wikidata.org/entity/Q3636537>	POINT(16.216667 41.350000)	"Battle of Montemaggiore"@en				1041-05-10T00:00:00Z					"http://www.wikidata.org/entity/Q74011"	7	"http://www.wikidata.org/entity/Q178561"
<http://www.wikidata.org/entity/Q3636538>	POINT(16.233333 40.750000)	"Battle of Montepeloso"@en				1041-09-09T00:00:00Z					"http://www.wikidata.org/entity/Q74011"	10	"http://www.wikidata.org/entity/Q178561"
<http://www.wikidata.org/entity/Q3636556>	POINT(15.752600 41.051500)	"Battle of Olivento"@en				1041-03-23T00:00:00Z					"http://www.wikidata.org/entity/Q74011"	9	"http://www.wikidata.org/entity/Q178561"
<http://www.wikidata.org/entity/Q3636565>	POINT(8.000000 45.000000)	"Battle on the Po"@en				1431-06-15T00:00:00Z					"http://www.wikidata.org/entity/Q2506432"	7	"http://www.wikidata.org/entity/Q178561"
<http://www.wikidata.org/entity/Q3636579>	POINT(11.790000 44.970000)	"Battle of Polesella"@en				1510-01-01T00:00:00Z					"http://www.wikidata.org/entity/Q636365"	7	"http://www.wikidata.org/entity/Q178561"
<http://www.wikidata.org/entity/Q3636595>	POINT(12.200000 44.416667)	"Battle of Ravenna"@en				0729-01-01T00:00:00Z						5	"http://www.wikidata.org/entity/Q178561"
<http://www.wikidata.org/entity/Q3636618>	POINT(36.566952 35.266707)	"Battle of Shaizar"@en					1111-09-20T00:00:00Z	1111-10-06T00:00:00Z			"http://www.wikidata.org/entity/Q52145365"	13	"http://www.wikidata.org/entity/Q178561"
<http://www.wikidata.org/entity/Q3636630>	POINT(-6.579583 32.003861)	"Battle of Tadla"@en				1554-09-01T00:00:00Z					"http://www.wikidata.org/entity/Q28493960"	7	"http://www.wikidata.org/entity/Q178561"
<http://www.wikidata.org/entity/Q3636635>	POINT(17.276944 39.885000)	"Battle of Thurii"@en				-0279-01-01T00:00:00Z						2	"http://www.wikidata.org/entity/Q178561"
<http://www.wikidata.org/entity/Q3636653>	POINT(12.401389 42.023889)	"Battle of Veii"@en				-0474-01-01T00:00:00Z					"http://www.wikidata.org/entity/Q3119190"	3	"http://www.wikidata.org/entity/Q178561"
<http://www.wikidata.org/entity/Q3636654>	POINT(12.401389 42.023889)	"Battle of Veii"@en				-0479-01-01T00:00:00Z					"http://www.wikidata.org/entity/Q3119190"	2	"http://www.wikidata.org/entity/Q178561"
<http://www.wikidata.org/entity/Q3652215>	POINT(43.132806 41.128889)	"Battle of Çıldır"@en				1578-08-19T00:00:00Z					"http://www.wikidata.org/entity/Q8140679"	11	"http://www.wikidata.org/entity/Q178561"
<http://www.wikidata.org/entity/Q3654656>	POINT(10.630000 43.660000)	"Battle of Campo delle Mosche"@en				1359-07-31T00:00:00Z						2	"http://www.wikidata.org/entity/Q178561"
<http://www.wikidata.org/entity/Q3656049>	POINT(10.933333 44.650000)	"Battle of Mutina"@en				-0192-01-01T00:00:00Z					"http://www.wikidata.org/entity/Q3417663"	8	"http://www.wikidata.org/entity/Q178561"
<http://www.wikidata.org/entity/Q3656504>	POINT(16.616667 59.633333)	"Battle of Västerås"@en				1521-04-29T00:00:00Z					"http://www.wikidata.org/entity/Q688308"	4	"http://www.wikidata.org/entity/Q178561"
<http://www.wikidata.org/entity/Q3656902>	POINT(22.633300 41.433300)	"Battle of Strumica"@en				1014-01-01T00:00:00Z					"http://www.wikidata.org/entity/Q2288144"	7	"http://www.wikidata.org/entity/Q178561"
<http://www.wikidata.org/entity/Q3656916>	POINT(28.890278 41.030556)	"Battle of Katasyrtai"@en				0917-01-01T00:00:00Z					"http://www.wikidata.org/entity/Q20747555"	11	"http://www.wikidata.org/entity/Q178561"
<http://www.wikidata.org/entity/Q3656928>	POINT(22.900000 40.650000)	"Battle of Thessalonica"@en				1040-01-01T00:00:00Z					"http://www.wikidata.org/entity/Q2288144"	7	"http://www.wikidata.org/entity/Q178561"
<http://www.wikidata.org/entity/Q3656964>	POINT(22.900000 40.650000)	"Battle of Thessalonica"@en				1040-01-01T00:00:00Z					"http://www.wikidata.org/entity/Q2288144"	7	"http://www.wikidata.org/entity/Q178561"
<http://www.wikidata.org/entity/Q3656971>	POINT(25.650000 42.433333)	"Battle of Boruy"@en				1208-06-01T00:00:00Z					"http://www.wikidata.org/entity/Q3544429"	6	"http://www.wikidata.org/entity/Q178561"
<http://www.wikidata.org/entity/Q3658075>	POINT(21.616700 40.866700)	"Battle of Setina"@en				1017-01-01T00:00:00Z					"http://www.wikidata.org/entity/Q2288144"	11	"http://www.wikidata.org/entity/Q178561"
<http://www.wikidata.org/entity/Q367025>	POINT(13.833333 58.233333)	"Battle of Lena"@en				1208-01-31T00:00:00Z						13	"http://www.wikidata.org/entity/Q178561"
<http://www.wikidata.org/entity/Q369560>	POINT(44.335000 33.347500)	"Siege of Baghdad"@en					1258-02-05T00:00:00Z	1258-02-17T00:00:00Z			"http://www.wikidata.org/entity/Q113151289"	56	"http://www.wikidata.org/entity/Q178561|http://www.wikidata.org/entity/Q188055|http://www.wikidata.org/entity/Q19841484"
<http://www.wikidata.org/entity/Q3696185>	POINT(41.683333 27.516667)	"Battle of Buzakha"@en				0632-09-04T00:00:00Z					"http://www.wikidata.org/entity/Q1348630"	13	"http://www.wikidata.org/entity/Q178561"
<http://www.wikidata.org/entity/Q3710019>	POINT(16.416667 41.266667)	"Barletta Challenge"@en				1502-09-20T00:00:00Z						2	"http://www.wikidata.org/entity/Q178561"
<http://www.wikidata.org/entity/Q371409>	POINT(15.634167 58.413611)	"Battle of Stångebro"@en				1598-10-05T00:00:00Z					"http://www.wikidata.org/entity/Q924600"	13	"http://www.wikidata.org/entity/Q178561"
<http://www.wikidata.org/entity/Q3736445>	POINT(25.596111 58.359444)	"Battle of Viljandi"@en				1211-03-01T00:00:00Z						6	"http://www.wikidata.org/entity/Q178561|http://www.wikidata.org/entity/Q188055"
<http://www.wikidata.org/entity/Q3736944>	POINT(27.881667 57.585833)	"Battle of the Siritsa River"@en				1501-08-27T00:00:00Z					"http://www.wikidata.org/entity/Q1567698"	9	"http://www.wikidata.org/entity/Q178561"
<http://www.wikidata.org/entity/Q3738385>	POINT(23.173333 58.582500)	"Battle of Muhu"@en				1227-01-08T00:00:00Z						6	"http://www.wikidata.org/entity/Q178561"
<http://www.wikidata.org/entity/Q3738418>	POINT(24.050000 57.050000)	"Battle of Riga"@en				1215-01-01T00:00:00Z					"http://www.wikidata.org/entity/Q196409"	4	"http://www.wikidata.org/entity/Q178561"
<http://www.wikidata.org/entity/Q3738423>	POINT(26.722500 58.380000)	"Siege of Tartu"@en				1224-08-22T00:00:00Z					"http://www.wikidata.org/entity/Q196409"	6	"http://www.wikidata.org/entity/Q178561|http://www.wikidata.org/entity/Q188055"
<http://www.wikidata.org/entity/Q3739139>	POINT(24.850000 57.183333)	"Battle of Turaida"@en				1211-01-01T00:00:00Z					"http://www.wikidata.org/entity/Q196409"	4	"http://www.wikidata.org/entity/Q178561"
<http://www.wikidata.org/entity/Q3739148>	POINT(25.593333 58.359722)	"Battle of Viljandi"@en				1223-02-05T00:00:00Z					"http://www.wikidata.org/entity/Q196409"	2	"http://www.wikidata.org/entity/Q178561"
<http://www.wikidata.org/entity/Q3739189>	POINT(25.270000 57.313333)	"Battle of Cēsis"@en				1210-01-01T00:00:00Z					"http://www.wikidata.org/entity/Q196409"	3	"http://www.wikidata.org/entity/Q178561"
<http://www.wikidata.org/entity/Q3739195>	POINT(26.504722 58.057500)	"Battle of Otepää"@en				1217-02-01T00:00:00Z					"http://www.wikidata.org/entity/Q196409"	5	"http://www.wikidata.org/entity/Q178561"
<http://www.wikidata.org/entity/Q3751377>	POINT(-3.100000 42.633333)	"Battle of Pancorbo"@en				0816-01-01T00:00:00Z					"http://www.wikidata.org/entity/Q11915295|http://www.wikidata.org/entity/Q79791"	14	"http://www.wikidata.org/entity/Q178561"
<http://www.wikidata.org/entity/Q3751537>	POINT(-2.466670 42.350000)	"Battle of Albelda"@en				0851-01-01T00:00:00Z					"http://www.wikidata.org/entity/Q79791"	11	"http://www.wikidata.org/entity/Q178561"
<http://www.wikidata.org/entity/Q3751571>	POINT(-3.870000 39.800000)	"Battle of Guadalacete"@en				0852-01-01T00:00:00Z					"http://www.wikidata.org/entity/Q79791"	13	"http://www.wikidata.org/entity/Q178561"
<http://www.wikidata.org/entity/Q3752313>	POINT(-2.700000 42.583300)	"Battle of Monte Laturce"@en				0859-01-01T00:00:00Z					"http://www.wikidata.org/entity/Q79791"	12	"http://www.wikidata.org/entity/Q178561"
<http://www.wikidata.org/entity/Q3754937>	POINT(-3.500000 41.366667)	"Battle of Candespina"@en				1110-11-02T00:00:00Z						5	"http://www.wikidata.org/entity/Q178561"
<http://www.wikidata.org/entity/Q3766009>	POINT(11.795114 43.406746)	"Battle of Pieve al Toppo"@en				1288-01-01T00:00:00Z					"http://www.wikidata.org/entity/Q187742"	4	"http://www.wikidata.org/entity/Q178561"
<http://www.wikidata.org/entity/Q3774767>	POINT(22.566111 36.761667)	"Battle of Gythium"@en				-0194-01-01T00:00:00Z					"http://www.wikidata.org/entity/Q2073517"	8	"http://www.wikidata.org/entity/Q178561"
<http://www.wikidata.org/entity/Q3775989>	POINT(-3.916667 56.066667)	"Battle of Sauchieburn"@en				1488-06-20T00:00:00Z						8	"http://www.wikidata.org/entity/Q178561"
<http://www.wikidata.org/entity/Q3781410>	POINT(0.650000 41.750000)	"Battle of Albesa"@en				1003-03-03T00:00:00Z					"http://www.wikidata.org/entity/Q79791"	5	"http://www.wikidata.org/entity/Q178561"
<http://www.wikidata.org/entity/Q378957>	POINT(8.866667 45.250000)	"Battle of Ticinus"@en				-0217-11-01T00:00:00Z					"http://www.wikidata.org/entity/Q6271"	33	"http://www.wikidata.org/entity/Q178561"
<http://www.wikidata.org/entity/Q379280>	POINT(13.350000 38.166700)	"Battle of Mount Erice"@en					-0248-01-01T00:00:00Z	-0240-01-01T00:00:00Z			"http://www.wikidata.org/entity/Q6286"	6	"http://www.wikidata.org/entity/Q178561"
<http://www.wikidata.org/entity/Q3817182>	POINT(-1.916667 41.850000)	"Battle of Araviana"@en				1359-10-02T00:00:00Z					"http://www.wikidata.org/entity/Q2664602"	5	"http://www.wikidata.org/entity/Q178561"
<http://www.wikidata.org/entity/Q3817235>	POINT(21.350000 38.050000)	"Battle of Manolada"@en				1316-07-13T00:00:00Z					"http://www.wikidata.org/entity/Q2935366"	5	"http://www.wikidata.org/entity/Q178561"
<http://www.wikidata.org/entity/Q3817928>	POINT(51.433300 35.583300)	"Battle of Ray"@en				0811-05-05T00:00:00Z					"http://www.wikidata.org/entity/Q3778593"	9	"http://www.wikidata.org/entity/Q178561"
<http://www.wikidata.org/entity/Q3822130>	POINT(-6.350000 36.783333)	"Battle of Carteia"@en				-0205-01-01T00:00:00Z					"http://www.wikidata.org/entity/Q6271"	4	"http://www.wikidata.org/entity/Q178561"
<http://www.wikidata.org/entity/Q3822486>	POINT(-5.415058 36.160331)	"Battle of Carteia"@en				-0205-01-01T00:00:00Z					"http://www.wikidata.org/entity/Q6271"	5	"http://www.wikidata.org/entity/Q1261499"
<http://www.wikidata.org/entity/Q3822861>	POINT(8.850000 44.733333)	"Battle of Serravalle"@en				1544-06-14T00:00:00Z					"http://www.wikidata.org/entity/Q15542964"	7	"http://www.wikidata.org/entity/Q178561"
<http://www.wikidata.org/entity/Q38250784>	POINT(8.300000 46.500000)	"Second Battle of Ulrichen"@en				1419-01-01T00:00:00Z						1	"http://www.wikidata.org/entity/Q178561"
<http://www.wikidata.org/entity/Q38251286>	POINT(14.600000 40.600000)	"Battle of Capo d'Orso"@en					1528-05-08T00:00:00Z	1528-05-09T00:00:00Z			"http://www.wikidata.org/entity/Q1429256"	3	"http://www.wikidata.org/entity/Q1261499"
<http://www.wikidata.org/entity/Q38251362>	POINT(10.000000 42.800000)	"Battle of Pianosa"@en				1519-04-25T00:00:00Z						3	"http://www.wikidata.org/entity/Q1261499"
<http://www.wikidata.org/entity/Q382967>	POINT(36.298333 33.512222)	"Siege of Damascus"@en				1148-07-28T00:00:00Z	1148-07-31T00:00:00Z	1148-08-04T00:00:00Z			"http://www.wikidata.org/entity/Q51654"	25	"http://www.wikidata.org/entity/Q178561|http://www.wikidata.org/entity/Q188055"
<http://www.wikidata.org/entity/Q384729>	POINT(11.950000 43.016667)	"Second Battle of Clusium"@en				-0081-01-01T00:00:00Z					"http://www.wikidata.org/entity/Q521868"	3	"http://www.wikidata.org/entity/Q178561"
<http://www.wikidata.org/entity/Q385604>	POINT(40.955000 37.180000)	"Battle of Dara"@en				0530-06-01T00:00:00Z					"http://www.wikidata.org/entity/Q2326066"	29	"http://www.wikidata.org/entity/Q178561"
<http://www.wikidata.org/entity/Q386578>	POINT(10.140000 45.090000)	"First Battle of Bedriacum"@en				0069-04-12T00:00:00Z					"http://www.wikidata.org/entity/Q470596|http://www.wikidata.org/entity/Q63146684"	10	"http://www.wikidata.org/entity/Q178561"
<http://www.wikidata.org/entity/Q389257>	POINT(26.800000 39.033333)	"Battle of Arginusae"@en				-0405-09-01T00:00:00Z					"http://www.wikidata.org/entity/Q9001160"	26	"http://www.wikidata.org/entity/Q1261499"
<http://www.wikidata.org/entity/Q389540>	POINT(15.871389 46.418611)	"Battle of the Save"@en				0388-01-01T00:00:00Z						17	"http://www.wikidata.org/entity/Q178561"
<http://www.wikidata.org/entity/Q38977>	POINT(15.481111 49.739722)	"Battle of Deutschbrod"@en				1422-01-10T00:00:00Z					"http://www.wikidata.org/entity/Q478301"	5	"http://www.wikidata.org/entity/Q178561"
<http://www.wikidata.org/entity/Q39071913>	POINT(2.732500 47.996944)	"Siege of Montargis"@en					1427-07-24T00:00:00Z	1427-09-14T00:00:00Z			"http://www.wikidata.org/entity/Q12551"	6	"http://www.wikidata.org/entity/Q178561|http://www.wikidata.org/entity/Q188055"
<http://www.wikidata.org/entity/Q391087>	POINT(22.566700 39.416700)	"Battle of Cynoscephalae"@en				-0196-01-01T00:00:00Z					"http://www.wikidata.org/entity/Q75665"	37	"http://www.wikidata.org/entity/Q178561"
<http://www.wikidata.org/entity/Q39154>	POINT(3.323611 49.381667)	"Battle of Soissons"@en				0486-01-01T00:00:00Z						23	"http://www.wikidata.org/entity/Q178561"
<http://www.wikidata.org/entity/Q3920750>	POINT(22.370000 55.740000)	"Battle of Medininkai"@en				1320-08-04T00:00:00Z					"http://www.wikidata.org/entity/Q16362506"	9	"http://www.wikidata.org/entity/Q178561"
<http://www.wikidata.org/entity/Q3920896>	POINT(25.900000 54.450000)	"Battle of Ašmena"@en				1432-12-17T00:00:00Z					"http://www.wikidata.org/entity/Q2669939"	6	"http://www.wikidata.org/entity/Q178561"
<http://www.wikidata.org/entity/Q392213>	POINT(1.908890 47.902500)	"Siege of Orléans"@en					1428-10-30T00:00:00Z	1429-05-26T00:00:00Z			"http://www.wikidata.org/entity/Q1094899|http://www.wikidata.org/entity/Q12551"	39	"http://www.wikidata.org/entity/Q178561|http://www.wikidata.org/entity/Q188055"
<http://www.wikidata.org/entity/Q392538>	POINT(-6.901389 38.923056)	"Battle of Sagrajas"@en				1086-10-23T00:00:00Z					"http://www.wikidata.org/entity/Q2993574"	45	"http://www.wikidata.org/entity/Q178561"
<http://www.wikidata.org/entity/Q3951347>	POINT(15.150000 37.550000)	"Naval Battle of Ognina"@en				1356-01-01T00:00:00Z						4	"http://www.wikidata.org/entity/Q1261499"
<http://www.wikidata.org/entity/Q396501>	POINT(25.482778 58.549445)	"Battle of Lehola"@en				1215-01-01T00:00:00Z					"http://www.wikidata.org/entity/Q196409"	6	"http://www.wikidata.org/entity/Q178561"
<http://www.wikidata.org/entity/Q398174>	POINT(29.719500 40.429000)	"Siege of Nicaea"@en				0727-01-01T00:00:00Z					"http://www.wikidata.org/entity/Q29100"	13	"http://www.wikidata.org/entity/Q178561|http://www.wikidata.org/entity/Q188055"
<http://www.wikidata.org/entity/Q402237>	POINT(11.083333 44.500000)	"Battle of Zappolino"@en				1325-11-15T00:00:00Z					"http://www.wikidata.org/entity/Q187742|http://www.wikidata.org/entity/Q7968673"	8	"http://www.wikidata.org/entity/Q178561"
<http://www.wikidata.org/entity/Q403416>	POINT(26.668333 42.927500)	"Battle of Pliska"@en				0811-07-30T00:00:00Z					"http://www.wikidata.org/entity/Q2288144"	30	"http://www.wikidata.org/entity/Q178561"
<http://www.wikidata.org/entity/Q4087397>	POINT(28.365000 50.021111)	"Battle of Piatka"@en				1593-02-02T00:00:00Z					"http://www.wikidata.org/entity/Q2505294"	4	"http://www.wikidata.org/entity/Q178561"
<http://www.wikidata.org/entity/Q4087405>	POINT(2.395555 47.083611)	"Siege of Avaricum"@en				-0051-04-01T00:00:00Z					"http://www.wikidata.org/entity/Q202161"	12	"http://www.wikidata.org/entity/Q178561|http://www.wikidata.org/entity/Q188055"
<http://www.wikidata.org/entity/Q4087407>	POINT(27.016667 39.583333)	"Battle of Adramyttium"@en				1205-03-26T00:00:00Z					"http://www.wikidata.org/entity/Q42320984"	8	"http://www.wikidata.org/entity/Q178561"
<http://www.wikidata.org/entity/Q4087416>	POINT(44.340800 40.023400)	"Battle of Vardanakert"@en				0702-12-01T00:00:00Z						11	"http://www.wikidata.org/entity/Q178561"
<http://www.wikidata.org/entity/Q4087422>	POINT(-3.673889 56.161944)	"Battle of Dollar"@en				0875-01-01T00:00:00Z					"http://www.wikidata.org/entity/Q7429971"	3	"http://www.wikidata.org/entity/Q178561"
<http://www.wikidata.org/entity/Q4087439>	POINT(-4.270560 55.827700)	"Battle of Langside"@en				1568-05-23T00:00:00Z					"http://www.wikidata.org/entity/Q6762017"	7	"http://www.wikidata.org/entity/Q178561"
<http://www.wikidata.org/entity/Q4087460>	POINT(-4.402000 55.861000)	"Battle of Renfrew"@en				1164-01-01T00:00:00Z						3	"http://www.wikidata.org/entity/Q178561"
<http://www.wikidata.org/entity/Q4087465>	POINT(-4.408000 54.319000)	"Battle of Skyhill"@en				1079-01-01T00:00:00Z						5	"http://www.wikidata.org/entity/Q178561"
<http://www.wikidata.org/entity/Q4087468>	POINT(1.427000 51.275000)	"Battle of Sandwich (1460)"@en				1460-01-01T00:00:00Z					"http://www.wikidata.org/entity/Q127751"	10	"http://www.wikidata.org/entity/Q1261499"
<http://www.wikidata.org/entity/Q4087472>	POINT(-7.349597 40.756846)	"Battle of Trancoso"@en				1385-06-06T00:00:00Z					"http://www.wikidata.org/entity/Q2105495"	8	"http://www.wikidata.org/entity/Q178561"
<http://www.wikidata.org/entity/Q4094740>	POINT(35.425556 56.406667)	"Battle of Bortenevo"@en				1317-12-30T00:00:00Z						3	"http://www.wikidata.org/entity/Q178561"
<http://www.wikidata.org/entity/Q4110452>	POINT(30.523611 50.450000)	"Sack of Kyiv"@en				1169-01-01T00:00:00Z	1169-03-15T00:00:00Z	1169-03-19T00:00:00Z				9	"http://www.wikidata.org/entity/Q178561|http://www.wikidata.org/entity/Q188055"
<http://www.wikidata.org/entity/Q4117011>	POINT(-4.900000 34.300000)	"Battle of Wadi al-Laban"@en					1558-04-12T00:00:00Z	1558-04-16T00:00:00Z			"http://www.wikidata.org/entity/Q28493960"	9	"http://www.wikidata.org/entity/Q178561"
<http://www.wikidata.org/entity/Q4118163>	POINT(-5.453889 36.127500)	"Siege of Algeciras"@en					1309-07-01T00:00:00Z	1310-01-01T00:00:00Z			"http://www.wikidata.org/entity/Q21081322"	6	"http://www.wikidata.org/entity/Q178561|http://www.wikidata.org/entity/Q188055"
<http://www.wikidata.org/entity/Q4118271>	POINT(-5.083333 37.533333)	"Battle of Écija"@en				1275-09-01T00:00:00Z					"http://www.wikidata.org/entity/Q21081322"	7	"http://www.wikidata.org/entity/Q178561"
<http://www.wikidata.org/entity/Q4118683>	POINT(-5.453889 36.127500)	"Siege of Algeciras"@en					1278-07-01T00:00:00Z	1279-08-12T00:00:00Z			"http://www.wikidata.org/entity/Q79791"	10	"http://www.wikidata.org/entity/Q178561|http://www.wikidata.org/entity/Q188055"
<http://www.wikidata.org/entity/Q41371473>	POINT(15.318000 37.844000)	"Battle of Caltavuturo"@en				0881-01-01T00:00:00Z					"http://www.wikidata.org/entity/Q3687154"	7	"http://www.wikidata.org/entity/Q178561"
<http://www.wikidata.org/entity/Q4141460>	POINT(-8.748000 53.310500)	"Second Battle of Athenry"@en				1316-08-18T00:00:00Z					"http://www.wikidata.org/entity/Q4978527"	3	"http://www.wikidata.org/entity/Q178561"
<http://www.wikidata.org/entity/Q4207050>	POINT(15.100000 38.050000)	"Battle of Abacaenum"@en				-0392-01-01T00:00:00Z					"http://www.wikidata.org/entity/Q3025319"	8	"http://www.wikidata.org/entity/Q178561"
<http://www.wikidata.org/entity/Q4244801>	POINT(15.550000 38.183333)	"Battle of Messene"@en				-0396-01-01T00:00:00Z					"http://www.wikidata.org/entity/Q3025319"	10	"http://www.wikidata.org/entity/Q178561"
<http://www.wikidata.org/entity/Q425535>	POINT(10.824967 60.119361)	"Battle of Hakadal"@en				0860-01-01T00:00:00Z					"http://www.wikidata.org/entity/Q7884902"	3	"http://www.wikidata.org/entity/Q178561"
<http://www.wikidata.org/entity/Q425617>	POINT(0.940000 48.755000)	"Battle of Verneuil"@en				1424-08-17T00:00:00Z					"http://www.wikidata.org/entity/Q12551"	19	"http://www.wikidata.org/entity/Q178561"
<http://www.wikidata.org/entity/Q4262569>	POINT(39.587681 52.605949)	"Battle of Lipitsa"@en				1216-04-29T00:00:00Z					"http://www.wikidata.org/entity/Q4288098"	8	"http://www.wikidata.org/entity/Q178561"
<http://www.wikidata.org/entity/Q4269619>	POINT(15.087222 37.502778)	"Battle of Catana"@en				-0396-01-01T00:00:00Z					"http://www.wikidata.org/entity/Q3025319"	11	"http://www.wikidata.org/entity/Q1261499"
<http://www.wikidata.org/entity/Q427565>	POINT(27.100000 37.550000)	"Battle of Lade"@en				-0493-01-01T00:00:00Z					"http://www.wikidata.org/entity/Q208261"	27	"http://www.wikidata.org/entity/Q178561"
<http://www.wikidata.org/entity/Q427853>	POINT(14.250000 41.083333)	"Battle of Capua"@en				-0211-01-01T00:00:00Z					"http://www.wikidata.org/entity/Q6271"	15	"http://www.wikidata.org/entity/Q178561"
<http://www.wikidata.org/entity/Q431205>	POINT(44.080000 33.325000)	"Battle of Cunaxa"@en				-0400-01-01T00:00:00Z					"http://www.wikidata.org/entity/Q651855"	32	"http://www.wikidata.org/entity/Q178561"
<http://www.wikidata.org/entity/Q4337418>	POINT(28.656389 56.711944)	"Siege of Opochka"@en				1517-01-01T00:00:00Z	1517-09-30T00:00:00Z	1517-10-28T00:00:00Z			"http://www.wikidata.org/entity/Q2634927"	4	"http://www.wikidata.org/entity/Q178561|http://www.wikidata.org/entity/Q188055"
<http://www.wikidata.org/entity/Q4337432>	POINT(28.800000 55.483333)	"Siege of Polotsk (1563)"@en				1563-01-01T00:00:00Z						6	"http://www.wikidata.org/entity/Q178561"
<http://www.wikidata.org/entity/Q4337445>	POINT(32.045278 54.782778)	"Siege of Smolensk"@en				1404-01-01T00:00:00Z						3	"http://www.wikidata.org/entity/Q178561|http://www.wikidata.org/entity/Q188055|http://www.wikidata.org/entity/Q20982807"
<http://www.wikidata.org/entity/Q4337451>	POINT(22.950000 40.633333)	"Siege of Thessalonica"@en					0617-01-01T00:00:00Z	0618-01-01T00:00:00Z			"http://www.wikidata.org/entity/Q25198592|http://www.wikidata.org/entity/Q632976"	9	"http://www.wikidata.org/entity/Q178561|http://www.wikidata.org/entity/Q188055"
<http://www.wikidata.org/entity/Q44062>	POINT(15.224722 49.989722)	"Battle of Nebovidy"@en				1422-01-15T00:00:00Z					"http://www.wikidata.org/entity/Q478301"	6	"http://www.wikidata.org/entity/Q178561"
<http://www.wikidata.org/entity/Q444201>	POINT(4.299444 46.951667)	"Battle of Autun"@en				0532-01-01T00:00:00Z						9	"http://www.wikidata.org/entity/Q178561"
<http://www.wikidata.org/entity/Q446410>	POINT(16.230278 47.736667)	"Battle of the Leitha River"@en				1246-06-22T00:00:00Z						13	"http://www.wikidata.org/entity/Q178561"
<http://www.wikidata.org/entity/Q44732>	POINT(3.275833 50.828889)	"Battle of the Golden Spurs"@en				1302-07-19T00:00:00Z					"http://www.wikidata.org/entity/Q195983"	40	"http://www.wikidata.org/entity/Q178561"
<http://www.wikidata.org/entity/Q451404>	POINT(8.530833 47.373611)	"Battle of St. Jakob an der Sihl"@en				1443-07-31T00:00:00Z					"http://www.wikidata.org/entity/Q438252"	9	"http://www.wikidata.org/entity/Q178561"
<http://www.wikidata.org/entity/Q451853>	POINT(7.618000 47.542000)	"Battle of St. Jakob an der Birs"@en				1444-09-04T00:00:00Z					"http://www.wikidata.org/entity/Q438252"	11	"http://www.wikidata.org/entity/Q178561"
<http://www.wikidata.org/entity/Q4525673>	POINT(35.571864 32.717958)	"Battle of Al-Sannabra"@en				1113-07-05T00:00:00Z					"http://www.wikidata.org/entity/Q52145365"	10	"http://www.wikidata.org/entity/Q178561"
<http://www.wikidata.org/entity/Q4562817>	POINT(-6.611940 53.577500)	"Battle of Tara"@en				0980-01-01T00:00:00Z						5	"http://www.wikidata.org/entity/Q178561"
<http://www.wikidata.org/entity/Q456993>	POINT(35.216700 31.783300)	"Siege of Jerusalem"@en					1099-06-13T00:00:00Z	1099-07-21T00:00:00Z			"http://www.wikidata.org/entity/Q51649"	49	"http://www.wikidata.org/entity/Q178561|http://www.wikidata.org/entity/Q188055"
<http://www.wikidata.org/entity/Q4571871>	POINT(14.425000 63.129167)	"Battle of Storsjön"@en				1178-01-01T00:00:00Z						3	"http://www.wikidata.org/entity/Q178561"
<http://www.wikidata.org/entity/Q4580894>	POINT(18.056111 59.291203)	"Battle of Brännkyrka"@en				1518-07-27T00:00:00Z					"http://www.wikidata.org/entity/Q10678271"	4	"http://www.wikidata.org/entity/Q178561"
<http://www.wikidata.org/entity/Q4590555>	POINT(-4.210680 55.609260)	"Battle of Loudoun Hill"@en				1307-05-18T00:00:00Z					"http://www.wikidata.org/entity/Q3242848"	12	"http://www.wikidata.org/entity/Q178561"
<http://www.wikidata.org/entity/Q461599>	POINT(23.166667 38.265555)	"Battle of Leuctra"@en				-0370-07-01T00:00:00Z					"http://www.wikidata.org/entity/Q499229"	40	"http://www.wikidata.org/entity/Q178561"
<http://www.wikidata.org/entity/Q462099>	POINT(10.510483 46.667772)	"Battle of Calven"@en				1499-05-31T00:00:00Z					"http://www.wikidata.org/entity/Q165136"	10	"http://www.wikidata.org/entity/Q178561"
<http://www.wikidata.org/entity/Q4677183>	POINT(-3.777000 55.674900)	"Action at Lanark"@en				1297-05-01T00:00:00Z					"http://www.wikidata.org/entity/Q3242848"	3	"http://www.wikidata.org/entity/Q178561"
<http://www.wikidata.org/entity/Q4677237>	POINT(12.080111 54.182361)	"Action of 12 July 1564"@en				1564-07-12T00:00:00Z					"http://www.wikidata.org/entity/Q158677"	1	"http://www.wikidata.org/entity/Q1261499"
<http://www.wikidata.org/entity/Q46861274>	POINT(5.463060 50.779440)	"Siege of the Atuatuci"@en				-0056-09-01T00:00:00Z					"http://www.wikidata.org/entity/Q202161"	6	"http://www.wikidata.org/entity/Q178561|http://www.wikidata.org/entity/Q188055|http://www.wikidata.org/entity/Q19841484"
<http://www.wikidata.org/entity/Q46984287>	POINT(-2.646111 42.917500)	"Battle of Miñano Mayor"@en				1521-04-29T00:00:00Z					"http://www.wikidata.org/entity/Q151663"	2	"http://www.wikidata.org/entity/Q178561"
<http://www.wikidata.org/entity/Q472614>	POINT(8.883330 46.383300)	"Battle of Giornico"@en				1478-12-28T00:00:00Z					"http://www.wikidata.org/entity/Q870077"	9	"http://www.wikidata.org/entity/Q178561"
<http://www.wikidata.org/entity/Q47299>	POINT(27.617792 38.546466)	"Battle of Corupedium"@en				-0280-01-01T00:00:00Z					"http://www.wikidata.org/entity/Q2912306"	29	"http://www.wikidata.org/entity/Q178561"
<http://www.wikidata.org/entity/Q473669>	POINT(28.004607 57.536309)	"Battle of Lake Smolina"@en				1502-09-23T00:00:00Z					"http://www.wikidata.org/entity/Q1567698"	4	"http://www.wikidata.org/entity/Q178561"
<http://www.wikidata.org/entity/Q474399>	POINT(-7.837778 52.124722)	"Battle of Affane"@en				1565-02-01T00:00:00Z						5	"http://www.wikidata.org/entity/Q178561"
<http://www.wikidata.org/entity/Q47467317>	POINT(14.353056 37.765833)	"Battle of Sperlinga"@en					1283-01-01T00:00:00Z				"http://www.wikidata.org/entity/Q207327"	0	"http://www.wikidata.org/entity/Q178561"
<http://www.wikidata.org/entity/Q477592>	POINT(9.231350 52.693200)	"Battle of Drakenburg"@en				1547-06-02T00:00:00Z					"http://www.wikidata.org/entity/Q168556"	8	"http://www.wikidata.org/entity/Q178561"
<http://www.wikidata.org/entity/Q477778>	POINT(9.620000 47.220000)	"Battle of Frastanz"@en				1499-04-20T00:00:00Z					"http://www.wikidata.org/entity/Q165136"	8	"http://www.wikidata.org/entity/Q178561"
<http://www.wikidata.org/entity/Q481552>	POINT(10.219000 43.548000)	"Battle of Giglio"@en				1241-05-10T00:00:00Z					"http://www.wikidata.org/entity/Q187742"	13	"http://www.wikidata.org/entity/Q1261499"
<http://www.wikidata.org/entity/Q4844238>	POINT(26.035000 40.730556)	"Battle of Sırp Sındığı"@en				1364-01-01T00:00:00Z					"http://www.wikidata.org/entity/Q698985"	6	"http://www.wikidata.org/entity/Q178561"
<http://www.wikidata.org/entity/Q4845152>	POINT(1.352000 51.314000)	"Battle of Wippedesfleot"@en				0466-01-01T00:00:00Z					"http://www.wikidata.org/entity/Q3435247"	4	"http://www.wikidata.org/entity/Q178561"
<http://www.wikidata.org/entity/Q4870208>	POINT(-3.828000 53.282000)	"Battle of Aberconwy"@en				1194-01-01T00:00:00Z						3	"http://www.wikidata.org/entity/Q178561"
<http://www.wikidata.org/entity/Q4870221>	POINT(2.350000 48.850000)	"Battle of Agendicum"@en				-0051-01-01T00:00:00Z						1	"http://www.wikidata.org/entity/Q178561"
<http://www.wikidata.org/entity/Q4870253>	POINT(-4.561987 55.937201)	"Battle of Alclud Ford"@en				0580-01-01T00:00:00Z						3	"http://www.wikidata.org/entity/Q178561"
<http://www.wikidata.org/entity/Q4870257>	POINT(-4.559722 57.941667)	"Battle of Aldy Charrish"@en				1487-07-20T00:00:00Z						1	"http://www.wikidata.org/entity/Q178561"
<http://www.wikidata.org/entity/Q4870264>	POINT(-5.756229 41.499430)	"Battle of Alhandic"@en				0939-08-10T00:00:00Z					"http://www.wikidata.org/entity/Q79791"	7	"http://www.wikidata.org/entity/Q178561"
<http://www.wikidata.org/entity/Q4870269>	POINT(-4.116000 58.031000)	"Battle of Alltan-Beath"@en				1542-01-01T00:00:00Z						1	"http://www.wikidata.org/entity/Q178561"
<http://www.wikidata.org/entity/Q4870274>	POINT(-0.216667 39.750000)	"Battle of Almenara"@en				1521-07-28T00:00:00Z					"http://www.wikidata.org/entity/Q3098752"	3	"http://www.wikidata.org/entity/Q178561"
<http://www.wikidata.org/entity/Q4870275>	POINT(-1.717222 55.416667)	"Battle of Alnwick"@en				1174-07-20T00:00:00Z					"http://www.wikidata.org/entity/Q2345927"	6	"http://www.wikidata.org/entity/Q178561"
<http://www.wikidata.org/entity/Q4870287>	POINT(36.232000 36.479500)	"Battle of Amanus Pass"@en				-0038-01-01T00:00:00Z					"http://www.wikidata.org/entity/Q55630237"	7	"http://www.wikidata.org/entity/Q178561"
<http://www.wikidata.org/entity/Q4870309>	POINT(43.572800 40.507500)	"Battle of Ani"@en				1042-01-01T00:00:00Z					"http://www.wikidata.org/entity/Q133503809"	8	"http://www.wikidata.org/entity/Q178561"
<http://www.wikidata.org/entity/Q4870310>	POINT(-3.242000 54.990000)	"Battle of Annan"@en				1332-12-24T00:00:00Z					"http://www.wikidata.org/entity/Q1368240"	6	"http://www.wikidata.org/entity/Q178561"
<http://www.wikidata.org/entity/Q4870331>	POINT(4.628000 43.677000)	"Battle of Arelate"@en				0458-01-01T00:00:00Z					"http://www.wikidata.org/entity/Q121010008"	5	"http://www.wikidata.org/entity/Q178561"
<http://www.wikidata.org/entity/Q4870346>	POINT(44.316667 35.466667)	"Battle of Arrapha"@en				-0615-01-01T00:00:00Z						9	"http://www.wikidata.org/entity/Q178561"
<http://www.wikidata.org/entity/Q4870364>	POINT(-6.216667 55.083333)	"Battle of Aura"@en				1583-04-01T00:00:00Z						1	"http://www.wikidata.org/entity/Q178561"
<http://www.wikidata.org/entity/Q4870386>	POINT(43.476944 39.608333)	"Battle of Bagavan"@en				0371-01-01T00:00:00Z					"http://www.wikidata.org/entity/Q132573589|http://www.wikidata.org/entity/Q3778778"	10	"http://www.wikidata.org/entity/Q178561"
<http://www.wikidata.org/entity/Q4870420>	POINT(2.166670 41.401900)	"Battle of Barcelona"@en					1359-06-17T00:00:00Z	1359-06-19T00:00:00Z			"http://www.wikidata.org/entity/Q2664602"	4	"http://www.wikidata.org/entity/Q1261499"
<http://www.wikidata.org/entity/Q4870423>	POINT(-2.708300 56.501100)	"Battle of Barry"@en				1010-02-08T00:00:00Z						2	"http://www.wikidata.org/entity/Q178561"
<http://www.wikidata.org/entity/Q4870435>	POINT(-4.651111 57.700833)	"Battle of Bealach nam Broig"@en				1299-01-01T00:00:00Z						1	"http://www.wikidata.org/entity/Q178561"
<http://www.wikidata.org/entity/Q4870466>	POINT(-1.786808 51.485458)	"Battle of Beran Byrig"@en				0556-01-01T00:00:00Z					"http://www.wikidata.org/entity/Q3435247"	3	"http://www.wikidata.org/entity/Q178561"
<http://www.wikidata.org/entity/Q4870470>	POINT(-9.519722 39.427222)	"Battle of the Berlengas"@en				1591-07-15T00:00:00Z						2	"http://www.wikidata.org/entity/Q1261499"
<http://www.wikidata.org/entity/Q4870471>	POINT(0.482400 44.843800)	"Battle of Bergerac"@en				1345-08-01T00:00:00Z					"http://www.wikidata.org/entity/Q12551"	6	"http://www.wikidata.org/entity/Q178561"
<http://www.wikidata.org/entity/Q4870492>	POINT(-3.609444 50.319444)	"Battle of Blackpool Sands"@en				1404-01-01T00:00:00Z						3	"http://www.wikidata.org/entity/Q178561"
<http://www.wikidata.org/entity/Q4870496>	POINT(-4.553611 57.576667)	"Battle of Blar Na Pairce"@en				1480-01-01T00:00:00Z						1	"http://www.wikidata.org/entity/Q178561"
<http://www.wikidata.org/entity/Q4870500>	POINT(-6.116667 56.650000)	"Battle of Bloody Bay"@en				1480-01-01T00:00:00Z						2	"http://www.wikidata.org/entity/Q1261499"
<http://www.wikidata.org/entity/Q4870514>	POINT(-1.198731 50.603461)	"Battle of Bonchurch"@en				1545-07-01T00:00:00Z					"http://www.wikidata.org/entity/Q5502260"	2	"http://www.wikidata.org/entity/Q178561"
<http://www.wikidata.org/entity/Q4870526>	POINT(-3.183333 55.933333)	"Battle of Boroughmuir"@en				1335-08-07T00:00:00Z					"http://www.wikidata.org/entity/Q3310304"	5	"http://www.wikidata.org/entity/Q178561"
<http://www.wikidata.org/entity/Q4870528>	POINT(30.383333 54.500000)	"Battle of Borysthenes"@en				1514-01-01T00:00:00Z						2	"http://www.wikidata.org/entity/Q178561"
<http://www.wikidata.org/entity/Q4870532>	POINT(36.483333 32.516667)	"Battle of Bosra"@en				1147-01-01T00:00:00Z					"http://www.wikidata.org/entity/Q51654"	10	"http://www.wikidata.org/entity/Q178561"
<http://www.wikidata.org/entity/Q4870545>	POINT(22.833333 52.750000)	"Battle of Brańsk"@en				1264-07-02T00:00:00Z						4	"http://www.wikidata.org/entity/Q178561"
<http://www.wikidata.org/entity/Q4870565>	POINT(12.533056 57.930000)	"Battle of Brobacka"@en				1566-08-09T00:00:00Z					"http://www.wikidata.org/entity/Q158677"	2	"http://www.wikidata.org/entity/Q178561"
<http://www.wikidata.org/entity/Q4870578>	POINT(16.253333 60.131389)	"Battle of Brunnbäck Ferry"@en				1521-04-01T00:00:00Z					"http://www.wikidata.org/entity/Q688308"	3	"http://www.wikidata.org/entity/Q178561"
<http://www.wikidata.org/entity/Q4870579>	POINT(-4.290000 52.990000)	"Battle of Bryn Derwin"@en				1255-06-08T00:00:00Z						3	"http://www.wikidata.org/entity/Q178561"
<http://www.wikidata.org/entity/Q4870592>	POINT(-5.318000 56.846000)	"Battle of Bun Garbhain"@en				1570-01-01T00:00:00Z						1	"http://www.wikidata.org/entity/Q178561"
<http://www.wikidata.org/entity/Q4870596>	POINT(-1.623800 52.806700)	"Battle of Burton Bridge"@en					1322-03-15T00:00:00Z	1322-03-18T00:00:00Z			"http://www.wikidata.org/entity/Q3778609"	5	"http://www.wikidata.org/entity/Q178561"
<http://www.wikidata.org/entity/Q4870614>	POINT(-9.439167 51.888611)	"Battle of Callann"@en				1261-08-01T00:00:00Z						4	"http://www.wikidata.org/entity/Q178561"
<http://www.wikidata.org/entity/Q4870650>	POINT(14.208333 41.106111)	"Battle of Capua"@en					1348-01-19T00:00:00Z	1348-01-23T00:00:00Z			"http://www.wikidata.org/entity/Q11347454"	2	"http://www.wikidata.org/entity/Q178561"
<http://www.wikidata.org/entity/Q4870658>	POINT(-5.633333 37.466667)	"Battle of Carmona"@en				-0206-01-01T00:00:00Z					"http://www.wikidata.org/entity/Q6271"	1	"http://www.wikidata.org/entity/Q178561"
<http://www.wikidata.org/entity/Q4870685>	POINT(-3.066667 52.650000)	"Battle of Cefn Digoll"@en				0630-01-01T00:00:00Z						3	"http://www.wikidata.org/entity/Q178561"
<http://www.wikidata.org/entity/Q4870691>	POINT(-3.000000 42.633333)	"Battle of Cellorigo"@en				0882-01-01T00:00:00Z					"http://www.wikidata.org/entity/Q79791"	5	"http://www.wikidata.org/entity/Q178561"
<http://www.wikidata.org/entity/Q4870698>	POINT(-3.466667 41.900000)	"Battle of Cervera"@en				1000-08-04T00:00:00Z					"http://www.wikidata.org/entity/Q79791"	9	"http://www.wikidata.org/entity/Q178561"
<http://www.wikidata.org/entity/Q4870706>	POINT(-3.084720 58.475000)	"Battle of Champions"@en				1478-01-01T00:00:00Z						1	"http://www.wikidata.org/entity/Q178561"
<http://www.wikidata.org/entity/Q4870749>	POINT(13.227379 43.385872)	"Battle of Cingoli"@en				1250-01-01T00:00:00Z						4	"http://www.wikidata.org/entity/Q178561"
<http://www.wikidata.org/entity/Q4870750>	POINT(-1.968000 51.719000)	"Battle of Cirencester"@en				0628-01-01T00:00:00Z						5	"http://www.wikidata.org/entity/Q178561"
<http://www.wikidata.org/entity/Q4870756>	POINT(-4.259722 57.488333)	"Battle of Clachnaharry"@en				1454-01-01T00:00:00Z						2	"http://www.wikidata.org/entity/Q178561"
<http://www.wikidata.org/entity/Q4870775>	POINT(-3.136389 37.788056)	"Battle of Collejares"@en				1406-01-01T00:00:00Z					"http://www.wikidata.org/entity/Q79791"	6	"http://www.wikidata.org/entity/Q178561"
<http://www.wikidata.org/entity/Q4870784>	POINT(-6.130000 54.480000)	"Battle of Connor"@en				1315-09-01T00:00:00Z					"http://www.wikidata.org/entity/Q4978527"	5	"http://www.wikidata.org/entity/Q178561"
<http://www.wikidata.org/entity/Q4870791>	POINT(-5.116667 56.841389)	"Battle of Corpach"@en				1470-01-01T00:00:00Z						2	"http://www.wikidata.org/entity/Q178561"
<http://www.wikidata.org/entity/Q4870792>	POINT(-2.444000 57.101800)	"Battle of Corrichie"@en				1562-11-07T00:00:00Z						3	"http://www.wikidata.org/entity/Q178561"
<http://www.wikidata.org/entity/Q4870796>	POINT(29.983333 39.416667)	"Battle of Cotyaeum"@en				0492-01-01T00:00:00Z					"http://www.wikidata.org/entity/Q1605229"	5	"http://www.wikidata.org/entity/Q178561"
<http://www.wikidata.org/entity/Q4870800>	POINT(-3.878000 56.987000)	"Battle of Craig Cailloc"@en				1441-01-01T00:00:00Z						1	"http://www.wikidata.org/entity/Q178561"
<http://www.wikidata.org/entity/Q4870802>	POINT(-2.207000 57.189000)	"Battle of Craibstone"@en				1571-11-30T00:00:00Z					"http://www.wikidata.org/entity/Q6762017"	2	"http://www.wikidata.org/entity/Q178561"
<http://www.wikidata.org/entity/Q4870805>	POINT(-8.615000 54.356000)	"Battle of Creadran Cille"@en				1257-01-01T00:00:00Z						1	"http://www.wikidata.org/entity/Q178561"
<http://www.wikidata.org/entity/Q4870809>	POINT(-3.104000 52.939000)	"Battle of Crogen"@en				1165-01-01T00:00:00Z					"http://www.wikidata.org/entity/Q54806280"	4	"http://www.wikidata.org/entity/Q178561"
<http://www.wikidata.org/entity/Q4870814>	POINT(44.592000 33.104000)	"Battle of Ctesiphon"@en				0165-01-01T00:00:00Z					"http://www.wikidata.org/entity/Q1790268"	5	"http://www.wikidata.org/entity/Q178561"
<http://www.wikidata.org/entity/Q4870837>	POINT(-4.687778 56.423611)	"Battle of Dalrigh"@en				1306-01-01T00:00:00Z					"http://www.wikidata.org/entity/Q1368240"	6	"http://www.wikidata.org/entity/Q178561"
<http://www.wikidata.org/entity/Q4870840>	POINT(-1.247220 52.114400)	"Battle of Danes Moor"@en				1469-08-02T00:00:00Z					"http://www.wikidata.org/entity/Q7053398"	1	"http://www.wikidata.org/entity/Q178561"
<http://www.wikidata.org/entity/Q4870878>	POINT(-4.428000 57.597000)	"Battle of Dingwall"@en				1411-01-01T00:00:00Z					"http://www.wikidata.org/entity/Q499247"	1	"http://www.wikidata.org/entity/Q178561"
<http://www.wikidata.org/entity/Q4870887>	POINT(26.687700 46.755500)	"Battle of Orbic"@en				1457-01-01T00:00:00Z						4	"http://www.wikidata.org/entity/Q178561"
<http://www.wikidata.org/entity/Q4870907>	POINT(5.340000 51.975000)	"Battle of Dorestad"@en				0695-01-01T00:00:00Z					"http://www.wikidata.org/entity/Q492126"	9	"http://www.wikidata.org/entity/Q178561"
<http://www.wikidata.org/entity/Q4870911>	POINT(1.311000 51.130000)	"Battle of Dover"@en				1217-01-01T00:00:00Z					"http://www.wikidata.org/entity/Q2086498"	2	"http://www.wikidata.org/entity/Q1261499"
<http://www.wikidata.org/entity/Q4870923>	POINT(-4.516667 57.583333)	"Battle of Drumchatt"@en				1497-01-01T00:00:00Z						1	"http://www.wikidata.org/entity/Q178561"
<http://www.wikidata.org/entity/Q4870925>	POINT(-5.179722 56.920556)	"Battle of Drumlui"@en				1330-01-01T00:00:00Z						2	"http://www.wikidata.org/entity/Q178561"
<http://www.wikidata.org/entity/Q4870929>	POINT(-4.450000 58.433300)	"Battle of Drumnacoub"@en				1400-01-01T00:00:00Z						1	"http://www.wikidata.org/entity/Q178561"
<http://www.wikidata.org/entity/Q4870937>	POINT(-2.352000 55.770000)	"Battle of Duns"@en				1372-01-01T00:00:00Z					"http://www.wikidata.org/entity/Q1640586"	5	"http://www.wikidata.org/entity/Q178561"
<http://www.wikidata.org/entity/Q4870943>	POINT(-9.066381 52.911361)	"Battle of Dysert O'Dea"@en				1318-05-18T00:00:00Z					"http://www.wikidata.org/entity/Q4978527"	3	"http://www.wikidata.org/entity/Q178561"
<http://www.wikidata.org/entity/Q4870969>	POINT(5.327222 51.731111)	"Battle of Empel"@en					1585-12-07T00:00:00Z	1585-12-08T00:00:00Z			"http://www.wikidata.org/entity/Q164432"	10	"http://www.wikidata.org/entity/Q178561"
<http://www.wikidata.org/entity/Q4870973>	POINT(-1.279722 41.598611)	"Battle of Épila"@en				1348-07-29T00:00:00Z					"http://www.wikidata.org/entity/Q11924838"	5	"http://www.wikidata.org/entity/Q178561"
<http://www.wikidata.org/entity/Q4870988>	POINT(-1.512472 42.008304)	"Battle of Estercuel"@en				0975-07-11T00:00:00Z					"http://www.wikidata.org/entity/Q79791"	3	"http://www.wikidata.org/entity/Q178561"
<http://www.wikidata.org/entity/Q4870992>	POINT(-3.068000 53.199000)	"Battle of Ewloe"@en				1157-01-01T00:00:00Z					"http://www.wikidata.org/entity/Q16800077|http://www.wikidata.org/entity/Q54806280"	4	"http://www.wikidata.org/entity/Q178561"
<http://www.wikidata.org/entity/Q4870998>	POINT(15.631111 60.607222)	"Battle of Falun"@en				1521-02-05T00:00:00Z					"http://www.wikidata.org/entity/Q688308"	3	"http://www.wikidata.org/entity/Q178561"
<http://www.wikidata.org/entity/Q4871006>	POINT(-7.690015 54.954061)	"Battle of Farsetmore"@en				1567-05-08T00:00:00Z						2	"http://www.wikidata.org/entity/Q178561"
<http://www.wikidata.org/entity/Q4871013>	POINT(10.066667 44.866667)	"Battle of Fidentia"@en				-0081-09-01T00:00:00Z					"http://www.wikidata.org/entity/Q521868"	3	"http://www.wikidata.org/entity/Q178561"
<http://www.wikidata.org/entity/Q4871022>	POINT(5.398020 61.362975)	"Battle of Fjaler"@en				0880-01-01T00:00:00Z					"http://www.wikidata.org/entity/Q7884902"	2	"http://www.wikidata.org/entity/Q178561"
<http://www.wikidata.org/entity/Q4871029>	POINT(-31.181900 39.511900)	"Battle of Flores"@en					1591-08-30T00:00:00Z	1591-09-01T00:00:00Z			"http://www.wikidata.org/entity/Q430726"	11	"http://www.wikidata.org/entity/Q1261499"
<http://www.wikidata.org/entity/Q4871030>	POINT(1.450000 38.700000)	"Battle of Formentera"@en				1529-11-04T00:00:00Z					"http://www.wikidata.org/entity/Q118929718"	13	"http://www.wikidata.org/entity/Q1261499"
<http://www.wikidata.org/entity/Q4871069>	POINT(13.547222 41.995000)	"Battle of Fucine Lake"@en				-0088-01-01T00:00:00Z					"http://www.wikidata.org/entity/Q677316"	10	"http://www.wikidata.org/entity/Q178561"
<http://www.wikidata.org/entity/Q4871082>	POINT(44.466667 41.550000)	"Battle of Garisi"@en				1556-01-01T00:00:00Z					"http://www.wikidata.org/entity/Q122155240"	7	"http://www.wikidata.org/entity/Q178561"
<http://www.wikidata.org/entity/Q4871083>	POINT(7.684198 45.077697)	"Battle of Gatae"@en				0103-01-01T00:00:00Z						0	"http://www.wikidata.org/entity/Q178561"
<http://www.wikidata.org/entity/Q4871095>	POINT(31.264569 30.074942)	"Battle of Ghamra"@en				0632-09-01T00:00:00Z					"http://www.wikidata.org/entity/Q1348630"	10	"http://www.wikidata.org/entity/Q178561"
<http://www.wikidata.org/entity/Q4871105>	POINT(-4.234444 55.862972)	"Battle of Glasgow"@en				1560-03-28T00:00:00Z						1	"http://www.wikidata.org/entity/Q178561"
<http://www.wikidata.org/entity/Q4871106>	POINT(-4.234444 55.862972)	"Battle of Glasgow"@en				1544-03-26T00:00:00Z						2	"http://www.wikidata.org/entity/Q178561"
<http://www.wikidata.org/entity/Q4871110>	POINT(-3.251002 57.348964)	"Battle of Glenlivet"@en				1594-10-03T00:00:00Z						2	"http://www.wikidata.org/entity/Q178561"
<http://www.wikidata.org/entity/Q4871112>	POINT(-4.487000 55.090000)	"Battle of Glen Trool"@en				1307-03-01T00:00:00Z					"http://www.wikidata.org/entity/Q3242848"	7	"http://www.wikidata.org/entity/Q178561"
<http://www.wikidata.org/entity/Q4871113>	POINT(-6.266667 55.183333)	"Battle of Glentaisie"@en				1565-05-12T00:00:00Z						1	"http://www.wikidata.org/entity/Q178561"
<http://www.wikidata.org/entity/Q4871168>	POINT(-1.569520 51.127440)	"Battle of Guoloph"@en				0437-01-01T00:00:00Z					"http://www.wikidata.org/entity/Q3435247"	3	"http://www.wikidata.org/entity/Q178561"
<http://www.wikidata.org/entity/Q4871191>	POINT(-3.516667 58.483333)	"Battle of Harpsdale"@en				1426-01-01T00:00:00Z						1	"http://www.wikidata.org/entity/Q178561"
<http://www.wikidata.org/entity/Q4871212>	POINT(-2.717500 52.056000)	"Battle of Hereford"@en				0760-01-01T00:00:00Z						3	"http://www.wikidata.org/entity/Q178561"
<http://www.wikidata.org/entity/Q4871252>	POINT(-2.688889 40.147500)	"Battle of Huete"@en				1164-01-01T00:00:00Z						3	"http://www.wikidata.org/entity/Q178561"
<http://www.wikidata.org/entity/Q4871276>	POINT(-5.085000 56.831389)	"Battle of Inverlochy"@en				1431-09-01T00:00:00Z						1	"http://www.wikidata.org/entity/Q178561"
<http://www.wikidata.org/entity/Q4871277>	POINT(-4.160000 57.038889)	"Battle of Invernahavon"@en				1386-01-01T00:00:00Z						1	"http://www.wikidata.org/entity/Q178561"
<http://www.wikidata.org/entity/Q4871281>	POINT(-2.318000 57.335000)	"Battle of Inverurie"@en				1308-05-31T00:00:00Z					"http://www.wikidata.org/entity/Q1368240"	7	"http://www.wikidata.org/entity/Q178561"
<http://www.wikidata.org/entity/Q4871410>	POINT(-6.876900 53.727200)	"Battle of Kells"@en				1315-11-01T00:00:00Z					"http://www.wikidata.org/entity/Q4978527"	4	"http://www.wikidata.org/entity/Q178561"
<http://www.wikidata.org/entity/Q4871462>	POINT(-3.862500 56.389444)	"Battle of Knock Mary"@en				1511-01-01T00:00:00Z						1	"http://www.wikidata.org/entity/Q178561"
<http://www.wikidata.org/entity/Q4871519>	POINT(-1.383330 47.266700)	"Battle of La Rochelle"@en				1420-01-08T00:00:00Z					"http://www.wikidata.org/entity/Q12551"	5	"http://www.wikidata.org/entity/Q1261499"
<http://www.wikidata.org/entity/Q4871547>	POINT(-5.093900 57.869000)	"Battle of Leckmelm"@en				1586-01-01T00:00:00Z						1	"http://www.wikidata.org/entity/Q178561"
<http://www.wikidata.org/entity/Q4871564>	POINT(-3.634000 55.971000)	"Battle of Linlithgow Bridge"@en				1526-09-14T00:00:00Z						2	"http://www.wikidata.org/entity/Q178561"
<http://www.wikidata.org/entity/Q4871565>	POINT(-3.066667 37.766667)	"Battle of Linuesa"@en				1361-12-21T00:00:00Z					"http://www.wikidata.org/entity/Q79791"	4	"http://www.wikidata.org/entity/Q178561"
<http://www.wikidata.org/entity/Q4871578>	POINT(-4.010190 51.656977)	"Battle of Llwchwr"@en				1136-01-01T00:00:00Z					"http://www.wikidata.org/entity/Q54806280"	3	"http://www.wikidata.org/entity/Q178561"
<http://www.wikidata.org/entity/Q4871579>	POINT(-3.996000 51.884000)	"Battle of Llandeilo Fawr"@en				1282-06-24T00:00:00Z					"http://www.wikidata.org/entity/Q5162450"	4	"http://www.wikidata.org/entity/Q178561"
<http://www.wikidata.org/entity/Q4871580>	POINT(-5.000000 57.000000)	"Battle of Lochaber"@en				1429-06-01T00:00:00Z						1	"http://www.wikidata.org/entity/Q178561"
<http://www.wikidata.org/entity/Q4871581>	POINT(-5.030000 54.974000)	"Battle of Loch Ryan"@en				1307-02-18T00:00:00Z					"http://www.wikidata.org/entity/Q3242848"	5	"http://www.wikidata.org/entity/Q178561"
<http://www.wikidata.org/entity/Q4871582>	POINT(-5.111390 41.825280)	"Battle of Lobregal"@en				1160-01-01T00:00:00Z						3	"http://www.wikidata.org/entity/Q178561"
<http://www.wikidata.org/entity/Q4871583>	POINT(-3.440000 55.128900)	"Battle of Lochmaben Fair"@en				1484-07-31T00:00:00Z						2	"http://www.wikidata.org/entity/Q178561"
<http://www.wikidata.org/entity/Q4871586>	POINT(-4.451000 57.550000)	"Battle of Logiebride"@en				1597-01-01T00:00:00Z					"http://www.wikidata.org/entity/Q499247"	1	"http://www.wikidata.org/entity/Q178561"
<http://www.wikidata.org/entity/Q4871604>	POINT(-9.066178 53.126383)	"Battle of Lough Raska"@en				1317-08-23T00:00:00Z						2	"http://www.wikidata.org/entity/Q178561"
<http://www.wikidata.org/entity/Q4871609>	POINT(18.705600 54.089400)	"Battle of Lubieszów"@en				1577-04-27T00:00:00Z					"http://www.wikidata.org/entity/Q617281"	3	"http://www.wikidata.org/entity/Q178561"
<http://www.wikidata.org/entity/Q4871615>	POINT(0.169700 46.130800)	"Battle of Lunalonge"@en				1349-06-01T00:00:00Z					"http://www.wikidata.org/entity/Q12551"	3	"http://www.wikidata.org/entity/Q178561"
<http://www.wikidata.org/entity/Q4871616>	POINT(-2.703750 57.119740)	"Battle of Lumphanan"@en				1057-08-21T00:00:00Z						7	"http://www.wikidata.org/entity/Q178561"
<http://www.wikidata.org/entity/Q4871621>	POINT(19.750000 53.500000)	"Battle of Löbau"@en				1263-01-01T00:00:00Z					"http://www.wikidata.org/entity/Q723800"	3	"http://www.wikidata.org/entity/Q178561"
<http://www.wikidata.org/entity/Q4871648>	POINT(1.550000 45.166700)	"Battle of Malemort"@en				1177-04-28T00:00:00Z						1	"http://www.wikidata.org/entity/Q178561"
<http://www.wikidata.org/entity/Q4871653>	POINT(-4.428000 57.597000)	"Battle of Mam Garvia"@en				1187-01-01T00:00:00Z						1	"http://www.wikidata.org/entity/Q178561"
<http://www.wikidata.org/entity/Q4871691>	POINT(44.240000 33.823333)	"Battle of Maskin"@en				0691-10-01T00:00:00Z					"http://www.wikidata.org/entity/Q3769089"	11	"http://www.wikidata.org/entity/Q178561"
<http://www.wikidata.org/entity/Q4871718>	POINT(0.426664 50.930454)	"Battle of Mercredesburne"@en				0485-01-01T00:00:00Z					"http://www.wikidata.org/entity/Q3435247"	5	"http://www.wikidata.org/entity/Q178561"
<http://www.wikidata.org/entity/Q4871725>	POINT(20.527500 41.525000)	"Battle of Meçad"@en				1465-01-01T00:00:00Z					"http://www.wikidata.org/entity/Q698985"	5	"http://www.wikidata.org/entity/Q178561"
<http://www.wikidata.org/entity/Q4871751>	POINT(-3.786111 37.338889)	"Battle of Moclín"@en				1280-06-23T00:00:00Z					"http://www.wikidata.org/entity/Q79791"	6	"http://www.wikidata.org/entity/Q178561"
<http://www.wikidata.org/entity/Q4871754>	POINT(-4.154000 53.230000)	"Battle of Moel-y-don"@en				1282-11-13T00:00:00Z					"http://www.wikidata.org/entity/Q5162450"	4	"http://www.wikidata.org/entity/Q178561"
<http://www.wikidata.org/entity/Q4871760>	POINT(-6.230000 54.480000)	"Battle of Moira"@en				0637-06-24T00:00:00Z						4	"http://www.wikidata.org/entity/Q178561"
<http://www.wikidata.org/entity/Q4871762>	POINT(-6.370000 54.080000)	"Battle of Moiry Pass"@en				1315-09-01T00:00:00Z					"http://www.wikidata.org/entity/Q4978527"	4	"http://www.wikidata.org/entity/Q178561"
<http://www.wikidata.org/entity/Q4871780>	POINT(-4.000000 39.000000)	"Battle of Montiel"@en				1143-03-08T00:00:00Z					"http://www.wikidata.org/entity/Q2993574"	4	"http://www.wikidata.org/entity/Q178561"
<http://www.wikidata.org/entity/Q4871798>	POINT(29.217314 37.634790)	"Battle of Mount Cadmus"@en				1148-01-06T00:00:00Z					"http://www.wikidata.org/entity/Q51654"	16	"http://www.wikidata.org/entity/Q178561"
<http://www.wikidata.org/entity/Q4871805>	POINT(21.975000 37.456944)	"Battle of Mount Lycaeum"@en				-0226-01-01T00:00:00Z					"http://www.wikidata.org/entity/Q1474893"	5	"http://www.wikidata.org/entity/Q178561"
<http://www.wikidata.org/entity/Q4871806>	POINT(29.221389 40.069444)	"Battle of Mount Olympus"@en				-0188-01-01T00:00:00Z					"http://www.wikidata.org/entity/Q2556352"	5	"http://www.wikidata.org/entity/Q178561"
<http://www.wikidata.org/entity/Q4871811>	POINT(14.170014 41.065864)	"Battle of Mount Tifata"@en				-0082-11-01T00:00:00Z					"http://www.wikidata.org/entity/Q2734925"	6	"http://www.wikidata.org/entity/Q178561"
<http://www.wikidata.org/entity/Q4871830>	POINT(23.656000 37.941000)	"Battle of Munichia"@en				-0403-01-01T00:00:00Z					"http://www.wikidata.org/entity/Q6644963"	6	"http://www.wikidata.org/entity/Q178561"
<http://www.wikidata.org/entity/Q4871831>	POINT(-3.797000 52.506000)	"Battle of Mynydd Hyddgen"@en				1401-06-01T00:00:00Z					"http://www.wikidata.org/entity/Q4126360"	6	"http://www.wikidata.org/entity/Q178561"
<http://www.wikidata.org/entity/Q4871832>	POINT(-1.340900 54.095600)	"Battle of Myton"@en				1319-09-28T00:00:00Z					"http://www.wikidata.org/entity/Q3242848"	4	"http://www.wikidata.org/entity/Q178561"
<http://www.wikidata.org/entity/Q4871866>	POINT(46.546303 24.617387)	"Battle of Naqra"@en				0633-10-04T00:00:00Z					"http://www.wikidata.org/entity/Q1348630"	8	"http://www.wikidata.org/entity/Q178561"
<http://www.wikidata.org/entity/Q4871876>	POINT(-2.294722 55.756389)	"Battle of Nesbit Moor"@en				1402-01-01T00:00:00Z					"http://www.wikidata.org/entity/Q1640586"	2	"http://www.wikidata.org/entity/Q178561"
<http://www.wikidata.org/entity/Q4871877>	POINT(-2.174100 55.452300)	"Battle of Nesbit Moor"@en				1355-01-01T00:00:00Z					"http://www.wikidata.org/entity/Q1640586"	4	"http://www.wikidata.org/entity/Q178561"
<http://www.wikidata.org/entity/Q4871895>	POINT(-2.398500 51.660000)	"Battle of Nibley Green"@en				1469-03-29T00:00:00Z						5	"http://www.wikidata.org/entity/Q178561"
<http://www.wikidata.org/entity/Q4871910>	POINT(1.372500 52.804167)	"Battle of North Walsham"@en				1381-07-03T00:00:00Z					"http://www.wikidata.org/entity/Q498871"	4	"http://www.wikidata.org/entity/Q178561"
<http://www.wikidata.org/entity/Q4871912>	POINT(-0.905000 52.237000)	"Battle of Northampton"@en				1264-04-01T00:00:00Z					"http://www.wikidata.org/entity/Q657967"	1	"http://www.wikidata.org/entity/Q178561"
<http://www.wikidata.org/entity/Q4871928>	POINT(4.360054 43.836699)	"Battle of Nîmes"@en				0736-01-01T00:00:00Z						6	"http://www.wikidata.org/entity/Q178561"
<http://www.wikidata.org/entity/Q4871929>	POINT(7.066667 46.100000)	"Battle of Octodurus"@en					-0056-01-01T00:00:00Z	-0055-01-01T00:00:00Z			"http://www.wikidata.org/entity/Q202161"	13	"http://www.wikidata.org/entity/Q178561"
<http://www.wikidata.org/entity/Q4871955>	POINT(9.823753 63.275036)	"Battle of Orkdal"@en				0870-01-01T00:00:00Z					"http://www.wikidata.org/entity/Q7884902"	3	"http://www.wikidata.org/entity/Q178561"
<http://www.wikidata.org/entity/Q4871982>	POINT(20.833333 42.900000)	"Battle of Pantina"@en				1167-01-01T00:00:00Z						6	"http://www.wikidata.org/entity/Q178561"
<http://www.wikidata.org/entity/Q4871998>	POINT(-0.440556 39.502778)	"Battle of Paterna"@en				1065-01-01T00:00:00Z					"http://www.wikidata.org/entity/Q79791"	5	"http://www.wikidata.org/entity/Q178561"
<http://www.wikidata.org/entity/Q4872010>	POINT(-2.800000 51.900000)	"Battle of Pencon"@en				0720-01-01T00:00:00Z						2	"http://www.wikidata.org/entity/Q178561"
<http://www.wikidata.org/entity/Q4872044>	POINT(-3.477244 50.743336)	"Battle of Pinhoe"@en				1001-01-01T00:00:00Z						3	"http://www.wikidata.org/entity/Q178561"
<http://www.wikidata.org/entity/Q4872047>	POINT(-2.301667 55.920556)	"Battle of Piperdean"@en				1436-09-19T00:00:00Z					"http://www.wikidata.org/entity/Q1640586"	4	"http://www.wikidata.org/entity/Q178561"
<http://www.wikidata.org/entity/Q4872074>	POINT(20.233333 54.600000)	"Battle of Pokarwis"@en				1261-01-29T00:00:00Z					"http://www.wikidata.org/entity/Q723800"	3	"http://www.wikidata.org/entity/Q178561"
<http://www.wikidata.org/entity/Q4872078>	POINT(12.966667 40.900000)	"Battle of Ponza"@en				1300-06-22T00:00:00Z					"http://www.wikidata.org/entity/Q2599340"	5	"http://www.wikidata.org/entity/Q1261499"
<http://www.wikidata.org/entity/Q4872092>	POINT(-1.175000 47.741389)	"Battle of Pouancé"@en				1066-01-01T00:00:00Z					"http://www.wikidata.org/entity/Q4962022"	1	"http://www.wikidata.org/entity/Q178561"
<http://www.wikidata.org/entity/Q4872153>	POINT(-3.193417 56.117233)	"Battle of Raith"@en				0596-01-01T00:00:00Z						4	"http://www.wikidata.org/entity/Q178561"
<http://www.wikidata.org/entity/Q4872170>	POINT(12.200000 44.416667)	"Battle of Ravenna"@en				0476-09-03T00:00:00Z					"http://www.wikidata.org/entity/Q1516956"	9	"http://www.wikidata.org/entity/Q178561"
<http://www.wikidata.org/entity/Q4872172>	POINT(-5.211000 56.307300)	"Battle of Red Ford"@en				1294-01-01T00:00:00Z						1	"http://www.wikidata.org/entity/Q178561"
<http://www.wikidata.org/entity/Q4872183>	POINT(1.350000 52.816667)	"Battle of Ringmere"@en				1010-01-01T00:00:00Z						3	"http://www.wikidata.org/entity/Q178561"
<http://www.wikidata.org/entity/Q4872192>	POINT(7.483330 44.316700)	"Battle of Roccavione"@en				1275-12-19T00:00:00Z					"http://www.wikidata.org/entity/Q187742"	2	"http://www.wikidata.org/entity/Q178561"
<http://www.wikidata.org/entity/Q4872202>	POINT(-1.324000 43.020000)	"Battle of Roncevaux Pass"@en				0824-01-01T00:00:00Z						11	"http://www.wikidata.org/entity/Q178561"
<http://www.wikidata.org/entity/Q4872212>	POINT(-4.816667 41.600000)	"Battle of Rueda"@en				0981-01-01T00:00:00Z					"http://www.wikidata.org/entity/Q79791"	6	"http://www.wikidata.org/entity/Q178561"
<http://www.wikidata.org/entity/Q4872231>	POINT(13.050000 41.700000)	"Battle of Sacriporto"@en				-0081-04-01T00:00:00Z					"http://www.wikidata.org/entity/Q521868"	6	"http://www.wikidata.org/entity/Q178561"
<http://www.wikidata.org/entity/Q4872238>	POINT(-0.633300 45.746400)	"Battle of Saintes"@en				1351-04-09T00:00:00Z					"http://www.wikidata.org/entity/Q12551"	3	"http://www.wikidata.org/entity/Q178561"
<http://www.wikidata.org/entity/Q4872245>	POINT(-27.097500 38.615556)	"Battle of Salga"@en				1581-08-04T00:00:00Z					"http://www.wikidata.org/entity/Q3298746"	4	"http://www.wikidata.org/entity/Q178561"
<http://www.wikidata.org/entity/Q4872270>	POINT(-3.200000 41.583333)	"Battle of San Esteban de Gormaz"@en				0917-09-09T00:00:00Z					"http://www.wikidata.org/entity/Q79791"	7	"http://www.wikidata.org/entity/Q178561"
<http://www.wikidata.org/entity/Q4872326>	POINT(-21.648333 65.017222)	"Battle of Sauðafell"@en				1550-10-02T00:00:00Z					"http://www.wikidata.org/entity/Q5985770"	1	"http://www.wikidata.org/entity/Q178561"
<http://www.wikidata.org/entity/Q4872350>	POINT(15.866667 38.333333)	"Battle of Seminara"@en				1503-04-21T00:00:00Z						7	"http://www.wikidata.org/entity/Q178561"
<http://www.wikidata.org/entity/Q4872388>	POINT(-2.253000 55.686000)	"Battle of Skaithmuir"@en				1316-01-01T00:00:00Z					"http://www.wikidata.org/entity/Q3242848"	4	"http://www.wikidata.org/entity/Q178561"
<http://www.wikidata.org/entity/Q4872390>	POINT(-4.066667 57.950000)	"Battle of Skibo and Strathfleet"@en				1480-01-01T00:00:00Z						1	"http://www.wikidata.org/entity/Q178561"
<http://www.wikidata.org/entity/Q4872391>	POINT(-6.565000 53.297000)	"Battle of Skerries"@en				1316-01-26T00:00:00Z					"http://www.wikidata.org/entity/Q4978527"	4	"http://www.wikidata.org/entity/Q178561"
<http://www.wikidata.org/entity/Q4872393>	POINT(-2.731000 57.432000)	"Battle of Slioch"@en				1307-12-01T00:00:00Z					"http://www.wikidata.org/entity/Q1368240"	3	"http://www.wikidata.org/entity/Q178561"
<http://www.wikidata.org/entity/Q4872427>	POINT(-1.324722 48.522778)	"Battle of St. James"@en				1426-03-06T00:00:00Z					"http://www.wikidata.org/entity/Q12551"	3	"http://www.wikidata.org/entity/Q178561"
<http://www.wikidata.org/entity/Q4872432>	POINT(-3.417900 51.461900)	"Battle of Stalling Down"@en				1403-08-01T00:00:00Z					"http://www.wikidata.org/entity/Q4126360"	2	"http://www.wikidata.org/entity/Q178561"
<http://www.wikidata.org/entity/Q4872434>	POINT(-2.110000 54.741111)	"Battle of Stanhope Park"@en					1327-08-11T00:00:00Z	1327-08-12T00:00:00Z			"http://www.wikidata.org/entity/Q3242848"	9	"http://www.wikidata.org/entity/Q178561"
<http://www.wikidata.org/entity/Q4872447>	POINT(-2.655000 56.741000)	"Battle of Stracathro"@en				1130-04-23T00:00:00Z						2	"http://www.wikidata.org/entity/Q178561"
<http://www.wikidata.org/entity/Q4872472>	POINT(48.257780 32.189220)	"Battle of Susa"@en				-0646-01-01T00:00:00Z					"http://www.wikidata.org/entity/Q5432156"	12	"http://www.wikidata.org/entity/Q178561"
<http://www.wikidata.org/entity/Q4872503>	POINT(-3.146111 58.411667)	"Battle of Tannach"@en				1464-01-01T00:00:00Z						1	"http://www.wikidata.org/entity/Q178561"
<http://www.wikidata.org/entity/Q4872508>	POINT(-3.816667 57.833333)	"Battle of Tarbat"@en				1486-01-01T00:00:00Z						1	"http://www.wikidata.org/entity/Q178561"
<http://www.wikidata.org/entity/Q4872539>	POINT(22.562800 38.805300)	"Battle of Thermopylae"@en				-0322-01-01T00:00:00Z					"http://www.wikidata.org/entity/Q28365"	5	"http://www.wikidata.org/entity/Q178561"
<http://www.wikidata.org/entity/Q4872544>	POINT(22.562778 38.805278)	"Battle of Thermopylae (254)"@en				0254-01-01T00:00:00Z					"http://www.wikidata.org/entity/Q3331223"	6	"http://www.wikidata.org/entity/Q178561"
<http://www.wikidata.org/entity/Q4872545>	POINT(4.433333 50.400000)	"Battle of Thimeon"@en				0880-02-01T00:00:00Z						3	"http://www.wikidata.org/entity/Q178561"
<http://www.wikidata.org/entity/Q4872577>	POINT(-4.179000 58.003000)	"Battle of Torran Dubh"@en				1517-01-01T00:00:00Z						1	"http://www.wikidata.org/entity/Q178561"
<http://www.wikidata.org/entity/Q4872578>	POINT(-2.933330 41.333300)	"Battle of Torrevicente"@en				0981-07-14T00:00:00Z					"http://www.wikidata.org/entity/Q79791"	5	"http://www.wikidata.org/entity/Q178561"
<http://www.wikidata.org/entity/Q4872582>	POINT(-6.404900 54.009000)	"Battle of Tragh-Bhaile"@en				1399-01-01T00:00:00Z						1	"http://www.wikidata.org/entity/Q178561"
<http://www.wikidata.org/entity/Q4872584>	POINT(-6.355000 55.822000)	"Battle of Traigh Ghruinneart"@en				1598-08-05T00:00:00Z						3	"http://www.wikidata.org/entity/Q178561"
<http://www.wikidata.org/entity/Q4872600>	POINT(-4.645833 57.975556)	"Battle of Tuiteam Tarbhach"@en				1406-01-01T00:00:00Z						1	"http://www.wikidata.org/entity/Q178561"
<http://www.wikidata.org/entity/Q4872609>	POINT(-4.830000 55.320000)	"Battle of Turnberry"@en				1307-02-01T00:00:00Z					"http://www.wikidata.org/entity/Q3242848"	3	"http://www.wikidata.org/entity/Q178561"
<http://www.wikidata.org/entity/Q4872613>	POINT(-4.270000 53.140000)	"Battle of Tuthill"@en				1401-11-11T00:00:00Z					"http://www.wikidata.org/entity/Q4126360"	3	"http://www.wikidata.org/entity/Q178561"
<http://www.wikidata.org/entity/Q4872638>	POINT(20.801667 41.116945)	"Battle of Vaikal"@en				1465-04-10T00:00:00Z					"http://www.wikidata.org/entity/Q698985"	6	"http://www.wikidata.org/entity/Q178561"
<http://www.wikidata.org/entity/Q4872644>	POINT(0.514400 49.743900)	"Battle of Valmont"@en				1416-03-20T00:00:00Z					"http://www.wikidata.org/entity/Q12551"	4	"http://www.wikidata.org/entity/Q178561"
<http://www.wikidata.org/entity/Q4872660>	POINT(-4.286667 42.743611)	"Battle of Vellica"@en					-0024-01-01T00:00:00Z				"http://www.wikidata.org/entity/Q1340107"	4	"http://www.wikidata.org/entity/Q178561"
<http://www.wikidata.org/entity/Q4872663>	POINT(-5.750000 42.950000)	"Battle of Viadangos"@en				1111-01-01T00:00:00Z						4	"http://www.wikidata.org/entity/Q178561"
<http://www.wikidata.org/entity/Q4872727>	POINT(-3.231000 56.060000)	"Battle of Wester Kinghorn"@en				1332-08-14T00:00:00Z						7	"http://www.wikidata.org/entity/Q178561"
<http://www.wikidata.org/entity/Q4872740>	POINT(-1.864000 51.080000)	"Battle of Wilton"@en				1143-07-08T00:00:00Z					"http://www.wikidata.org/entity/Q743768"	5	"http://www.wikidata.org/entity/Q178561"
<http://www.wikidata.org/entity/Q4872747>	POINT(-1.837200 51.355600)	"Battle of Woden's Burg"@en				0715-01-01T00:00:00Z						2	"http://www.wikidata.org/entity/Q178561"
<http://www.wikidata.org/entity/Q4872748>	POINT(-1.837200 51.355600)	"Battle of Woden's Burg"@en				0592-01-01T00:00:00Z					"http://www.wikidata.org/entity/Q3435247"	4	"http://www.wikidata.org/entity/Q178561"
<http://www.wikidata.org/entity/Q4872755>	POINT(-1.122700 53.309600)	"Battle of Worksop"@en				1460-12-16T00:00:00Z					"http://www.wikidata.org/entity/Q127751"	4	"http://www.wikidata.org/entity/Q178561"
<http://www.wikidata.org/entity/Q4872776>	POINT(34.444722 31.387500)	"Battle of Yaunis Khan"@en				1516-10-28T00:00:00Z					"http://www.wikidata.org/entity/Q4338038"	11	"http://www.wikidata.org/entity/Q178561"
<http://www.wikidata.org/entity/Q4872777>	POINT(-2.112778 55.566944)	"Battle of Yeavering"@en				1415-01-01T00:00:00Z					"http://www.wikidata.org/entity/Q1640586"	4	"http://www.wikidata.org/entity/Q178561"
<http://www.wikidata.org/entity/Q4872816>	POINT(31.216667 30.016667)	"Battle of al-Babein"@en				1167-03-25T00:00:00Z					"http://www.wikidata.org/entity/Q248565"	11	"http://www.wikidata.org/entity/Q178561"
<http://www.wikidata.org/entity/Q4872817>	POINT(20.829000 42.901000)	"Battle of Zvečan"@en				1094-01-01T00:00:00Z					"http://www.wikidata.org/entity/Q104864999"	4	"http://www.wikidata.org/entity/Q178561"
<http://www.wikidata.org/entity/Q4872819>	POINT(36.145278 34.008889)	"Battle of al-Buqaia"@en				1163-01-01T00:00:00Z					"http://www.wikidata.org/entity/Q12546"	12	"http://www.wikidata.org/entity/Q178561"
<http://www.wikidata.org/entity/Q4872835>	POINT(13.366667 43.650000)	"Battle of the Asio River"@en				-0081-03-01T00:00:00Z					"http://www.wikidata.org/entity/Q521868"	4	"http://www.wikidata.org/entity/Q178561"
<http://www.wikidata.org/entity/Q4872873>	POINT(-6.150833 43.404722)	"Battle of the Bridge of Cornellana"@en				0842-01-01T00:00:00Z						5	"http://www.wikidata.org/entity/Q178561"
<http://www.wikidata.org/entity/Q4872891>	POINT(34.794444 37.327778)	"Battle of the Cilician Gates"@en				-0038-01-01T00:00:00Z					"http://www.wikidata.org/entity/Q55630237"	7	"http://www.wikidata.org/entity/Q178561"
<http://www.wikidata.org/entity/Q4872897>	POINT(14.250000 40.833300)	"Battle of the Counts"@en				1287-06-30T00:00:00Z					"http://www.wikidata.org/entity/Q2599340"	7	"http://www.wikidata.org/entity/Q178561"
<http://www.wikidata.org/entity/Q4872923>	POINT(58.000000 25.000000)	"Battle of the Gulf of Oman"@en					1554-08-20T00:00:00Z	1554-09-04T00:00:00Z			"http://www.wikidata.org/entity/Q762191"	5	"http://www.wikidata.org/entity/Q1261499"
<http://www.wikidata.org/entity/Q4872926>	POINT(14.483333 40.700000)	"Battle of the Gulf of Naples"@en				1284-06-12T00:00:00Z					"http://www.wikidata.org/entity/Q2599340"	11	"http://www.wikidata.org/entity/Q1261499"
<http://www.wikidata.org/entity/Q4872931>	POINT(-0.242472 52.475880)	"Battle of the Holme"@en				0902-12-18T00:00:00Z					"http://www.wikidata.org/entity/Q8077397"	7	"http://www.wikidata.org/entity/Q178561"
<http://www.wikidata.org/entity/Q4872939>	POINT(-4.386700 54.322200)	"Battle of the Isle of Man"@en				1158-01-01T00:00:00Z						1	"http://www.wikidata.org/entity/Q178561"
<http://www.wikidata.org/entity/Q4872958>	POINT(-3.023333 42.646389)	"Battle of the Morcuera"@en				0865-08-13T00:00:00Z					"http://www.wikidata.org/entity/Q79791"	6	"http://www.wikidata.org/entity/Q178561"
<http://www.wikidata.org/entity/Q4872963>	POINT(-5.577222 42.603333)	"Battle of the Nervasos Mountains"@en				0419-01-01T00:00:00Z					"http://www.wikidata.org/entity/Q96749450"	7	"http://www.wikidata.org/entity/Q178561"
<http://www.wikidata.org/entity/Q4872973>	POINT(-3.430000 56.400000)	"Battle of the North Inch"@en				1396-09-01T00:00:00Z						2	"http://www.wikidata.org/entity/Q178561"
<http://www.wikidata.org/entity/Q4872981>	POINT(36.583333 35.250000)	"Battle of the Orontes"@en				0994-09-15T00:00:00Z					"http://www.wikidata.org/entity/Q29100"	12	"http://www.wikidata.org/entity/Q178561"
<http://www.wikidata.org/entity/Q4872996>	POINT(10.500000 37.000000)	"Battle of the Port of Carthage"@en				-0146-01-01T00:00:00Z					"http://www.wikidata.org/entity/Q6334"	7	"http://www.wikidata.org/entity/Q1261499"
<http://www.wikidata.org/entity/Q4872998>	POINT(-3.730000 54.810000)	"Battle of the River Dee"@en				1308-06-29T00:00:00Z					"http://www.wikidata.org/entity/Q3242848"	3	"http://www.wikidata.org/entity/Q1261499"
<http://www.wikidata.org/entity/Q4873013>	POINT(-4.818889 57.030278)	"Battle of the Shirts"@en				1544-07-01T00:00:00Z						2	"http://www.wikidata.org/entity/Q178561"
<http://www.wikidata.org/entity/Q4873016>	POINT(-6.220000 57.290000)	"Battle of the Spoiling Dyke"@en				1578-01-01T00:00:00Z						2	"http://www.wikidata.org/entity/Q178561"
<http://www.wikidata.org/entity/Q4873022>	POINT(39.287500 47.060833)	"Battle of the Tanais River"@en				0373-01-01T00:00:00Z						4	"http://www.wikidata.org/entity/Q178561"
<http://www.wikidata.org/entity/Q4873025>	POINT(16.983333 48.173889)	"Battle of the Theben Pass"@en				1060-01-01T00:00:00Z						1	"http://www.wikidata.org/entity/Q178561"
<http://www.wikidata.org/entity/Q4873029>	POINT(-1.676111 53.533333)	"Battle of the Trent"@en				0679-01-01T00:00:00Z						6	"http://www.wikidata.org/entity/Q178561"
<http://www.wikidata.org/entity/Q4873050>	POINT(15.632500 38.245833)	"Battle of the Strait of Messina"@en				-0275-01-01T00:00:00Z					"http://www.wikidata.org/entity/Q596373"	8	"http://www.wikidata.org/entity/Q178561"
<http://www.wikidata.org/entity/Q4873051>	POINT(-8.078555 53.996373)	"Battle of Áth an Chip"@en				1270-01-01T00:00:00Z						1	"http://www.wikidata.org/entity/Q178561"
<http://www.wikidata.org/entity/Q48755069>	POINT(-0.671622 44.892503)	"Battle of Blanquefort"@en				1450-11-10T00:00:00Z						4	"http://www.wikidata.org/entity/Q178561"
<http://www.wikidata.org/entity/Q48756092>	POINT(10.141389 49.718333)	"Cyriakus-Schlacht"@en				1266-08-15T00:00:00Z						2	"http://www.wikidata.org/entity/Q178561"
<http://www.wikidata.org/entity/Q48759516>	POINT(3.500000 51.350000)	"Battle of L'Écluse"@en					1385-05-20T00:00:00Z	1385-05-22T00:00:00Z				1	"http://www.wikidata.org/entity/Q178561"
<http://www.wikidata.org/entity/Q48760695>	POINT(0.084444 49.506944)	"Battle of Chef-de-Caux"@en				1415-08-24T00:00:00Z					"http://www.wikidata.org/entity/Q12551"	1	"http://www.wikidata.org/entity/Q1261499"
<http://www.wikidata.org/entity/Q488278>	POINT(39.611667 24.503333)	"Battle of Uhud"@en				0625-03-23T00:00:00Z					"http://www.wikidata.org/entity/Q111939431"	64	"http://www.wikidata.org/entity/Q178561"
<http://www.wikidata.org/entity/Q489057>	POINT(-5.806000 54.713000)	"Battle of Carrickfergus"@en				1597-11-01T00:00:00Z					"http://www.wikidata.org/entity/Q1361354"	5	"http://www.wikidata.org/entity/Q178561"
<http://www.wikidata.org/entity/Q4890612>	POINT(-1.286230 40.063268)	"Siege of Al-Dāmūs"@en				1210-01-01T00:00:00Z					"http://www.wikidata.org/entity/Q2993572"	7	"http://www.wikidata.org/entity/Q178561|http://www.wikidata.org/entity/Q188055"
<http://www.wikidata.org/entity/Q48965466>	POINT(21.791912 38.119725)	"Battle of Leontion"@en				-0216-01-01T00:00:00Z					"http://www.wikidata.org/entity/Q1006077"	1	"http://www.wikidata.org/entity/Q178561"
<http://www.wikidata.org/entity/Q48998655>	POINT(12.510000 38.025000)	"Battle of Trapani"@en				1266-06-30T00:00:00Z					"http://www.wikidata.org/entity/Q1305130"	8	"http://www.wikidata.org/entity/Q178561"
<http://www.wikidata.org/entity/Q48998988>	POINT(19.283333 40.500000)	"Battle of Saseno"@en				1264-08-21T00:00:00Z					"http://www.wikidata.org/entity/Q1305130"	5	"http://www.wikidata.org/entity/Q1261499"
<http://www.wikidata.org/entity/Q49000444>	POINT(-3.950000 37.766667)	"Battle of Martos"@en				1275-10-21T00:00:00Z					"http://www.wikidata.org/entity/Q21081322"	6	"http://www.wikidata.org/entity/Q178561"
<http://www.wikidata.org/entity/Q490223>	POINT(10.200000 54.066667)	"Battle of Bornhöved"@en				1227-07-29T00:00:00Z					"http://www.wikidata.org/entity/Q134932635"	16	"http://www.wikidata.org/entity/Q178561"
<http://www.wikidata.org/entity/Q497806>	POINT(25.815828 57.805506)	"Battle of Ergeme"@en				1560-08-02T00:00:00Z					"http://www.wikidata.org/entity/Q246863"	15	"http://www.wikidata.org/entity/Q178561"
<http://www.wikidata.org/entity/Q499626>	POINT(-3.935000 56.130000)	"Battle of Stirling Bridge"@en				1297-09-11T00:00:00Z					"http://www.wikidata.org/entity/Q1368240"	43	"http://www.wikidata.org/entity/Q178561"
<http://www.wikidata.org/entity/Q5036985>	POINT(-2.013000 55.775000)	"Capture of Berwick"@en				1296-03-30T00:00:00Z	1296-03-29T00:00:00Z	1296-04-06T00:00:00Z			"http://www.wikidata.org/entity/Q3242848"	9	"http://www.wikidata.org/entity/Q178561|http://www.wikidata.org/entity/Q188055"
<http://www.wikidata.org/entity/Q5036988>	POINT(-2.000000 55.766667)	"Capture of Berwick"@en				1318-04-16T00:00:00Z					"http://www.wikidata.org/entity/Q3242848"	6	"http://www.wikidata.org/entity/Q178561|http://www.wikidata.org/entity/Q188055"
<http://www.wikidata.org/entity/Q5036994>	POINT(0.131300 52.205300)	"Capture of Cambridge"@en				1326-10-04T00:00:00Z					"http://www.wikidata.org/entity/Q6059625"	0	"http://www.wikidata.org/entity/Q178561"
<http://www.wikidata.org/entity/Q503982>	POINT(27.157400 37.690900)	"Battle of Mycale"@en				-0478-01-01T00:00:00Z					"http://www.wikidata.org/entity/Q1122337|http://www.wikidata.org/entity/Q76026"	39	"http://www.wikidata.org/entity/Q178561"
<http://www.wikidata.org/entity/Q504172>	POINT(-6.216670 36.600000)	"Battle of Guadalete"@en				0711-07-19T00:00:00Z					"http://www.wikidata.org/entity/Q1455917"	44	"http://www.wikidata.org/entity/Q178561"
<http://www.wikidata.org/entity/Q504739>	POINT(22.473556 40.251028)	"Battle of Pydna"@en				-0167-06-19T00:00:00Z					"http://www.wikidata.org/entity/Q76118"	35	"http://www.wikidata.org/entity/Q178561"
<http://www.wikidata.org/entity/Q505699>	POINT(7.002778 53.156944)	"Battle of Heiligerlee"@en				1568-05-23T00:00:00Z					"http://www.wikidata.org/entity/Q164432"	21	"http://www.wikidata.org/entity/Q178561"
<http://www.wikidata.org/entity/Q511578>	POINT(14.053611 40.848611)	"Battle of Mount Gaurus"@en				-0341-01-01T00:00:00Z					"http://www.wikidata.org/entity/Q123014349|http://www.wikidata.org/entity/Q3782240"	14	"http://www.wikidata.org/entity/Q178561"
<http://www.wikidata.org/entity/Q5130585>	POINT(-3.188333 55.950000)	"Cleanse the Causeway"@en				1520-01-01T00:00:00Z						1	"http://www.wikidata.org/entity/Q178561"
<http://www.wikidata.org/entity/Q514382>	POINT(39.633300 24.466700)	"Battle of al-Harrah"@en				0683-01-01T00:00:00Z					"http://www.wikidata.org/entity/Q3769089"	18	"http://www.wikidata.org/entity/Q178561"
<http://www.wikidata.org/entity/Q515561>	POINT(5.671478 58.941453)	"Battle of Hafrsfjord"@en				0872-07-22T00:00:00Z					"http://www.wikidata.org/entity/Q7884902"	23	"http://www.wikidata.org/entity/Q1261499"
<http://www.wikidata.org/entity/Q5162440>	POINT(16.362778 56.661389)	"Conquest of Kalmar"@en				1523-06-06T00:00:00Z					"http://www.wikidata.org/entity/Q688308"	3	"http://www.wikidata.org/entity/Q178561"
<http://www.wikidata.org/entity/Q5162452>	POINT(17.644722 59.858056)	"Conquest of Uppsala"@en				1521-05-29T00:00:00Z					"http://www.wikidata.org/entity/Q688308"	3	"http://www.wikidata.org/entity/Q178561"
<http://www.wikidata.org/entity/Q516507>	POINT(26.671100 40.413300)	"Reconquest of Gallipoli"@en				1366-01-01T00:00:00Z					"http://www.wikidata.org/entity/Q630259"	7	"http://www.wikidata.org/entity/Q178561"
<http://www.wikidata.org/entity/Q516760>	POINT(-4.850000 37.550000)	"Battle of Munda"@en				-0044-03-15T00:00:00Z					"http://www.wikidata.org/entity/Q1238338"	32	"http://www.wikidata.org/entity/Q178561"
<http://www.wikidata.org/entity/Q518005>	POINT(-1.150000 46.166700)	"Battle of La Rochelle"@en				1372-07-01T00:00:00Z					"http://www.wikidata.org/entity/Q12551"	20	"http://www.wikidata.org/entity/Q1261499"
<http://www.wikidata.org/entity/Q518759>	POINT(25.090807 41.103349)	"Battle of Peritheorion"@en				1345-07-07T00:00:00Z					"http://www.wikidata.org/entity/Q2658255"	11	"http://www.wikidata.org/entity/Q178561"
<http://www.wikidata.org/entity/Q51911476>	POINT(2.780000 50.289167)	"Siege of Arras"@en				1194-01-01T00:00:00Z						0	"http://www.wikidata.org/entity/Q178561|http://www.wikidata.org/entity/Q188055"
<http://www.wikidata.org/entity/Q51913480>	POINT(35.694444 33.248611)	"Siege of Paneas"@en				1157-06-01T00:00:00Z					"http://www.wikidata.org/entity/Q52145976"	0	"http://www.wikidata.org/entity/Q178561|http://www.wikidata.org/entity/Q188055"
<http://www.wikidata.org/entity/Q51933216>	POINT(35.200000 33.266667)	"Siege of Tyre"@en				1124-01-01T00:00:00Z	1124-02-22T00:00:00Z	1124-07-06T00:00:00Z			"http://www.wikidata.org/entity/Q130739570|http://www.wikidata.org/entity/Q16830128|http://www.wikidata.org/entity/Q52145365"	4	"http://www.wikidata.org/entity/Q178561|http://www.wikidata.org/entity/Q188055"
<http://www.wikidata.org/entity/Q521799>	POINT(30.604167 59.807500)	"Battle of the Neva"@en				1240-07-22T00:00:00Z					"http://www.wikidata.org/entity/Q1073446"	43	"http://www.wikidata.org/entity/Q178561"
<http://www.wikidata.org/entity/Q52256876>	POINT(18.323800 47.652600)	"Siege of Tata (1593)"@en				1593-01-01T00:00:00Z					"http://www.wikidata.org/entity/Q690361"	0	"http://www.wikidata.org/entity/Q178561|http://www.wikidata.org/entity/Q188055"
<http://www.wikidata.org/entity/Q52257096>	POINT(17.634445 47.684167)	"Siege of Győr"@en				1594-01-01T00:00:00Z	1594-07-31T00:00:00Z	1594-09-27T00:00:00Z			"http://www.wikidata.org/entity/Q690361"	1	"http://www.wikidata.org/entity/Q178561|http://www.wikidata.org/entity/Q188055"
<http://www.wikidata.org/entity/Q52258033>	POINT(18.740278 47.785555)	"Siege of Esztergom"@en				1595-08-04T00:00:00Z					"http://www.wikidata.org/entity/Q690361"	3	"http://www.wikidata.org/entity/Q178561|http://www.wikidata.org/entity/Q188055"
<http://www.wikidata.org/entity/Q52259637>	POINT(18.323800 47.652600)	"Siege of Tata"@en				1597-01-01T00:00:00Z					"http://www.wikidata.org/entity/Q690361"	0	"http://www.wikidata.org/entity/Q178561|http://www.wikidata.org/entity/Q188055"
<http://www.wikidata.org/entity/Q524871>	POINT(27.890000 40.380000)	"Battle of Cyzicus"@en				-0409-01-01T00:00:00Z					"http://www.wikidata.org/entity/Q33745"	18	"http://www.wikidata.org/entity/Q1261499"
<http://www.wikidata.org/entity/Q525325>	POINT(19.450000 41.316700)	"Battle of Dyrrhachium"@en				-0047-07-08T00:00:00Z					"http://www.wikidata.org/entity/Q1238338"	24	"http://www.wikidata.org/entity/Q178561"
<http://www.wikidata.org/entity/Q532544>	POINT(41.600000 39.900000)	"Battle of Svindax"@en				1022-01-01T00:00:00Z					"http://www.wikidata.org/entity/Q862440"	12	"http://www.wikidata.org/entity/Q178561"
<http://www.wikidata.org/entity/Q534990>	POINT(8.044300 49.592633)	"Battle of Göllheim"@en				1298-07-09T00:00:00Z						12	"http://www.wikidata.org/entity/Q178561"
<http://www.wikidata.org/entity/Q535542>	POINT(20.466667 44.816667)	"Siege of Belgrade"@en					1521-07-05T00:00:00Z	1521-09-08T00:00:00Z			"http://www.wikidata.org/entity/Q124785345"	28	"http://www.wikidata.org/entity/Q178561|http://www.wikidata.org/entity/Q188055"
<http://www.wikidata.org/entity/Q540205>	POINT(12.401389 42.023889)	"Battle of Veii"@en					-0405-01-01T00:00:00Z	-0395-01-01T00:00:00Z			"http://www.wikidata.org/entity/Q3119190"	13	"http://www.wikidata.org/entity/Q178561|http://www.wikidata.org/entity/Q188055"
<http://www.wikidata.org/entity/Q5410388>	POINT(21.003300 50.943100)	"Battle of Tarczek"@en				1241-02-20T00:00:00Z					"http://www.wikidata.org/entity/Q2667645"	4	"http://www.wikidata.org/entity/Q178561"
<http://www.wikidata.org/entity/Q541564>	POINT(12.152222 51.166944)	"Battle on the Elster"@en				1080-10-20T00:00:00Z					"http://www.wikidata.org/entity/Q2738483"	12	"http://www.wikidata.org/entity/Q178561"
<http://www.wikidata.org/entity/Q544239>	POINT(32.545100 31.041600)	"Battle of Pelusium"@en				-0524-05-01T00:00:00Z					"http://www.wikidata.org/entity/Q105760556"	24	"http://www.wikidata.org/entity/Q178561"
<http://www.wikidata.org/entity/Q544936>	POINT(-1.273611 53.712500)	"Battle of Ferrybridge"@en				1461-04-06T00:00:00Z					"http://www.wikidata.org/entity/Q127751"	15	"http://www.wikidata.org/entity/Q178561"
<http://www.wikidata.org/entity/Q5452496>	POINT(-16.461667 28.438889)	"First Battle of Acentejo"@en				1494-05-01T00:00:00Z					"http://www.wikidata.org/entity/Q126682683"	8	"http://www.wikidata.org/entity/Q178561"
<http://www.wikidata.org/entity/Q5452499>	POINT(-0.975000 51.151000)	"First Battle of Alton"@en				1001-01-01T00:00:00Z						4	"http://www.wikidata.org/entity/Q178561"
<http://www.wikidata.org/entity/Q5452500>	POINT(-8.748000 53.310500)	"First Battle of Athenry"@en				1249-08-15T00:00:00Z						3	"http://www.wikidata.org/entity/Q178561"
<http://www.wikidata.org/entity/Q5452512>	POINT(11.950000 43.016667)	"First Battle of Clusium"@en				-0081-06-01T00:00:00Z					"http://www.wikidata.org/entity/Q521868"	4	"http://www.wikidata.org/entity/Q178561"
<http://www.wikidata.org/entity/Q5454133>	POINT(8.188600 63.244500)	"First Battle of Solskjel"@en				0870-01-01T00:00:00Z					"http://www.wikidata.org/entity/Q7884902"	3	"http://www.wikidata.org/entity/Q178561"
<http://www.wikidata.org/entity/Q546505>	POINT(16.598300 58.434200)	"Battle of Stegeborg"@en				1598-09-18T00:00:00Z					"http://www.wikidata.org/entity/Q924600"	6	"http://www.wikidata.org/entity/Q178561"
<http://www.wikidata.org/entity/Q54806107>	POINT(-3.584700 51.978000)	"Battle of Aberllech"@en				1086-01-01T00:00:00Z					"http://www.wikidata.org/entity/Q54806280"	1	"http://www.wikidata.org/entity/Q178561"
<http://www.wikidata.org/entity/Q5486518>	POINT(22.766667 38.633333)	"Battle of Corinth"@en				-0196-01-01T00:00:00Z						3	"http://www.wikidata.org/entity/Q178561"
<http://www.wikidata.org/entity/Q551549>	POINT(17.566700 53.700000)	"Battle of Chojnice"@en				1454-09-18T00:00:00Z					"http://www.wikidata.org/entity/Q315921"	11	"http://www.wikidata.org/entity/Q178561"
<http://www.wikidata.org/entity/Q55504>	POINT(36.719484 36.178934)	"Battle of Azaz"@en				1125-06-18T00:00:00Z					"http://www.wikidata.org/entity/Q52145365"	22	"http://www.wikidata.org/entity/Q178561"
<http://www.wikidata.org/entity/Q555463>	POINT(10.105000 51.832400)	"Battle at the Harzhorn"@en				0235-01-01T00:00:00Z					"http://www.wikidata.org/entity/Q329838"	11	"http://www.wikidata.org/entity/Q178561|http://www.wikidata.org/entity/Q4895508"
<http://www.wikidata.org/entity/Q55605027>	POINT(12.170300 44.683800)	"Battle of Comacchio"@en				0809-01-01T00:00:00Z						2	"http://www.wikidata.org/entity/Q1261499"
<http://www.wikidata.org/entity/Q55605033>	POINT(3.500000 50.250000)	"Battle of Le Quesnoy"@en				1568-11-22T00:00:00Z					"http://www.wikidata.org/entity/Q164432"	2	"http://www.wikidata.org/entity/Q178561"
<http://www.wikidata.org/entity/Q55633152>	POINT(-3.707220 42.342800)	"Siege of Burgos"@en					1475-08-01T00:00:00Z	1476-01-28T00:00:00Z			"http://www.wikidata.org/entity/Q282135"	2	"http://www.wikidata.org/entity/Q178561|http://www.wikidata.org/entity/Q188055"
<http://www.wikidata.org/entity/Q55633164>	POINT(22.952778 40.633333)	"Siege of Thessalonica"@en					0676-01-01T00:00:00Z	0678-01-01T00:00:00Z			"http://www.wikidata.org/entity/Q632976"	10	"http://www.wikidata.org/entity/Q178561|http://www.wikidata.org/entity/Q188055"
<http://www.wikidata.org/entity/Q55647802>	POINT(-2.999444 42.627222)	"First Battle of Cellorigo"@en				0882-01-01T00:00:00Z					"http://www.wikidata.org/entity/Q79791"	3	"http://www.wikidata.org/entity/Q178561"
<http://www.wikidata.org/entity/Q55648613>	POINT(-2.999444 42.627222)	"Second Battle of Cellorigo"@en				0883-01-01T00:00:00Z					"http://www.wikidata.org/entity/Q79791"	3	"http://www.wikidata.org/entity/Q178561"
<http://www.wikidata.org/entity/Q55703076>	POINT(40.022222 39.973611)	"Battle of Malatya"@en				1473-08-10T00:00:00Z						3	"http://www.wikidata.org/entity/Q178561"
<http://www.wikidata.org/entity/Q5576442>	POINT(-7.326956 43.085794)	"Battle of Montecubeiro"@en				0774-01-01T00:00:00Z						4	"http://www.wikidata.org/entity/Q178561"
<http://www.wikidata.org/entity/Q55830967>	POINT(10.413889 45.483333)	"Battle of Calcinato"@en				1201-08-16T00:00:00Z					"http://www.wikidata.org/entity/Q187742"	3	"http://www.wikidata.org/entity/Q178561"
<http://www.wikidata.org/entity/Q558503>	POINT(20.460278 54.871945)	"Battle of Rudau"@en				1370-02-25T00:00:00Z					"http://www.wikidata.org/entity/Q51662"	10	"http://www.wikidata.org/entity/Q178561"
<http://www.wikidata.org/entity/Q56064435>	POINT(-7.333333 52.350000)	"Battle of Piltown"@en				1462-01-01T00:00:00Z					"http://www.wikidata.org/entity/Q127751"	3	"http://www.wikidata.org/entity/Q178561"
<http://www.wikidata.org/entity/Q56346643>	POINT(-0.090600 51.512500)	"Battle of Londinium"@en				0060-01-01T00:00:00Z					"http://www.wikidata.org/entity/Q1258062|http://www.wikidata.org/entity/Q56324566"	1	"http://www.wikidata.org/entity/Q178561"
<http://www.wikidata.org/entity/Q565661>	POINT(39.292500 25.698611)	"Battle of Khaybar"@en				0628-01-01T00:00:00Z					"http://www.wikidata.org/entity/Q3249599"	42	"http://www.wikidata.org/entity/Q178561"
<http://www.wikidata.org/entity/Q570204>	POINT(37.495686 47.250789)	"Battle of the Kalka River"@en				1223-06-07T00:00:00Z					"http://www.wikidata.org/entity/Q2092093"	49	"http://www.wikidata.org/entity/Q178561"
<http://www.wikidata.org/entity/Q571269>	POINT(14.426100 40.821100)	"Battle of Vesuvius"@en				-0339-01-01T00:00:00Z					"http://www.wikidata.org/entity/Q737907"	12	"http://www.wikidata.org/entity/Q178561"
<http://www.wikidata.org/entity/Q5722426>	POINT(10.314589 50.979729)	"Battle of Eisenach"@en				0908-08-03T00:00:00Z					"http://www.wikidata.org/entity/Q282226"	5	"http://www.wikidata.org/entity/Q178561"
<http://www.wikidata.org/entity/Q5722659>	POINT(-1.700000 37.683333)	"Battle of Los Alporchones"@en				1452-03-26T00:00:00Z					"http://www.wikidata.org/entity/Q79791"	4	"http://www.wikidata.org/entity/Q178561"
<http://www.wikidata.org/entity/Q5723004>	POINT(-6.134964 37.362086)	"Battle of Tablada"@en				0844-11-15T00:00:00Z					"http://www.wikidata.org/entity/Q20102592"	3	"http://www.wikidata.org/entity/Q178561"
<http://www.wikidata.org/entity/Q5723010>	POINT(-1.666667 42.516667)	"Battle of Tafalla"@en				1043-01-01T00:00:00Z						4	"http://www.wikidata.org/entity/Q178561"
<http://www.wikidata.org/entity/Q5723140>	POINT(-6.850933 38.517415)	"Battle of Villanueva de Barcarrota"@en				1336-01-01T00:00:00Z					"http://www.wikidata.org/entity/Q123050754"	4	"http://www.wikidata.org/entity/Q178561"
<http://www.wikidata.org/entity/Q573774>	POINT(-3.078333 51.158611)	"Battle of Cynwit"@en				0878-01-01T00:00:00Z					"http://www.wikidata.org/entity/Q7053398"	10	"http://www.wikidata.org/entity/Q178561"
<http://www.wikidata.org/entity/Q575924>	POINT(-4.770000 48.330000)	"Battle of Saint-Mathieu"@en				1512-08-20T00:00:00Z					"http://www.wikidata.org/entity/Q636365"	13	"http://www.wikidata.org/entity/Q1261499"
<http://www.wikidata.org/entity/Q577190>	POINT(35.354528 32.735083)	"Battle of Cresson"@en				1187-05-08T00:00:00Z					"http://www.wikidata.org/entity/Q52145976"	22	"http://www.wikidata.org/entity/Q178561"
<http://www.wikidata.org/entity/Q578201>	POINT(34.546358 31.605767)	"Battle of Forbie"@en					1244-10-24T00:00:00Z	1244-10-25T00:00:00Z			"http://www.wikidata.org/entity/Q12546"	22	"http://www.wikidata.org/entity/Q178561"
<http://www.wikidata.org/entity/Q5803812>	POINT(-3.750000 37.250000)	"Battle of the Vega of Granada"@en				1319-07-03T00:00:00Z					"http://www.wikidata.org/entity/Q79791"	6	"http://www.wikidata.org/entity/Q178561"
<http://www.wikidata.org/entity/Q581401>	POINT(-2.424722 52.913611)	"Battle of Blore Heath"@en				1459-10-02T00:00:00Z					"http://www.wikidata.org/entity/Q127751"	23	"http://www.wikidata.org/entity/Q178561"
<http://www.wikidata.org/entity/Q584047>	POINT(23.016667 41.366667)	"Battle of Kleidion"@en				1014-07-29T00:00:00Z					"http://www.wikidata.org/entity/Q2817295"	35	"http://www.wikidata.org/entity/Q178561"
<http://www.wikidata.org/entity/Q587095>	POINT(11.439445 43.315278)	"Battle of Montaperti"@en				1260-09-04T00:00:00Z					"http://www.wikidata.org/entity/Q187742"	20	"http://www.wikidata.org/entity/Q178561"
<http://www.wikidata.org/entity/Q587163>	POINT(2.735280 43.350000)	"Siege of Minerve"@en					1210-06-22T00:00:00Z	1210-07-29T00:00:00Z			"http://www.wikidata.org/entity/Q51657"	7	"http://www.wikidata.org/entity/Q178561|http://www.wikidata.org/entity/Q188055"
<http://www.wikidata.org/entity/Q58732>	POINT(14.518333 35.891945)	"Siege of Malta"@en					1565-05-28T00:00:00Z	1565-09-18T00:00:00Z			"http://www.wikidata.org/entity/Q786171"	54	"http://www.wikidata.org/entity/Q178561|http://www.wikidata.org/entity/Q188055"
<http://www.wikidata.org/entity/Q587908>	POINT(3.003078 43.184277)	"Battle of Narbonne"@en				0737-01-01T00:00:00Z						9	"http://www.wikidata.org/entity/Q178561|http://www.wikidata.org/entity/Q188055"
<http://www.wikidata.org/entity/Q587983>	POINT(22.880192 37.905344)	"Battle of Corinth"@en				-0145-01-01T00:00:00Z					"http://www.wikidata.org/entity/Q6861027"	24	"http://www.wikidata.org/entity/Q178561"
<http://www.wikidata.org/entity/Q589318>	POINT(-3.760000 55.987500)	"Battle of Falkirk"@en				1298-07-29T00:00:00Z					"http://www.wikidata.org/entity/Q1368240"	43	"http://www.wikidata.org/entity/Q178561"
<http://www.wikidata.org/entity/Q590014>	POINT(12.505000 38.010000)	"Battle of Drepana"@en				-0248-01-01T00:00:00Z					"http://www.wikidata.org/entity/Q6286"	25	"http://www.wikidata.org/entity/Q1261499"
<http://www.wikidata.org/entity/Q591727>	POINT(-0.015830 46.882500)	"Battle of Moncontour"@en				1569-10-03T00:00:00Z					"http://www.wikidata.org/entity/Q673175"	11	"http://www.wikidata.org/entity/Q178561"
<http://www.wikidata.org/entity/Q592069>	POINT(24.173300 45.774920)	"Battle of Sellenberk"@en				1599-10-28T00:00:00Z					"http://www.wikidata.org/entity/Q690361|http://www.wikidata.org/entity/Q698985"	12	"http://www.wikidata.org/entity/Q178561"
<http://www.wikidata.org/entity/Q595320>	POINT(-2.360000 51.380000)	"Battle of Badon"@en				0500-01-01T00:00:00Z					"http://www.wikidata.org/entity/Q3435247"	28	"http://www.wikidata.org/entity/Q178561"
<http://www.wikidata.org/entity/Q5960821>	POINT(44.422000 33.325000)	"Capture of Baghdad"@en				1524-01-01T00:00:00Z						4	"http://www.wikidata.org/entity/Q178561"
<http://www.wikidata.org/entity/Q597478>	POINT(34.121667 48.904167)	"Battle of the Vorskla River"@en				1399-08-20T00:00:00Z					"http://www.wikidata.org/entity/Q12164270|http://www.wikidata.org/entity/Q139377286"	26	"http://www.wikidata.org/entity/Q178561"
<http://www.wikidata.org/entity/Q59784227>	POINT(43.771667 43.053611)	"Battle of Mokhisi"@en				1520-01-01T00:00:00Z						4	"http://www.wikidata.org/entity/Q178561"
<http://www.wikidata.org/entity/Q598069>	POINT(-2.052000 55.559000)	"Battle of Homildon Hill"@en				1402-09-23T00:00:00Z					"http://www.wikidata.org/entity/Q1640586"	8	"http://www.wikidata.org/entity/Q178561"
<http://www.wikidata.org/entity/Q598261>	POINT(10.316667 36.850000)	"Battle of Tricamarum"@en				0533-12-17T00:00:00Z					"http://www.wikidata.org/entity/Q1136575"	22	"http://www.wikidata.org/entity/Q178561"
<http://www.wikidata.org/entity/Q599599>	POINT(17.250000 57.333333)	"Action of 30 May 1564"@en				1564-06-10T00:00:00Z					"http://www.wikidata.org/entity/Q158677"	7	"http://www.wikidata.org/entity/Q1261499"
<http://www.wikidata.org/entity/Q599647>	POINT(9.516771 45.526060)	"Battle of Cassano"@en				1259-09-23T00:00:00Z					"http://www.wikidata.org/entity/Q187742"	5	"http://www.wikidata.org/entity/Q178561"
<http://www.wikidata.org/entity/Q600016>	POINT(2.122200 47.866700)	"Battle of Jargeau"@en					1429-06-29T00:00:00Z	1429-06-30T00:00:00Z			"http://www.wikidata.org/entity/Q1094899|http://www.wikidata.org/entity/Q12551"	12	"http://www.wikidata.org/entity/Q178561"
<http://www.wikidata.org/entity/Q600609>	POINT(21.350000 56.595000)	"Battle of Durbe"@en				1260-07-13T00:00:00Z					"http://www.wikidata.org/entity/Q16362506"	26	"http://www.wikidata.org/entity/Q178561"
<http://www.wikidata.org/entity/Q602880>	POINT(27.650000 42.550000)	"Battle of Anchialus"@en				0708-01-01T00:00:00Z					"http://www.wikidata.org/entity/Q2288144"	23	"http://www.wikidata.org/entity/Q178561"
<http://www.wikidata.org/entity/Q603279>	POINT(-0.716667 35.733300)	"Capture of Mers-el-Kébir"@en				1505-09-23T00:00:00Z					"http://www.wikidata.org/entity/Q134375832"	10	"http://www.wikidata.org/entity/Q178561"
<http://www.wikidata.org/entity/Q603549>	POINT(44.500000 31.583000)	"Battle of Nahāvand"@en				0642-01-01T00:00:00Z					"http://www.wikidata.org/entity/Q887684"	31	"http://www.wikidata.org/entity/Q178561"
<http://www.wikidata.org/entity/Q604993>	POINT(36.966667 40.583333)	"Battle of Cabira"@en				-0071-01-01T00:00:00Z					"http://www.wikidata.org/entity/Q1764124"	11	"http://www.wikidata.org/entity/Q178561"
<http://www.wikidata.org/entity/Q60524380>	POINT(4.628000 43.677000)	"Battle of Arles"@en				0435-01-01T00:00:00Z						1	"http://www.wikidata.org/entity/Q178561"
<http://www.wikidata.org/entity/Q60524381>	POINT(4.628000 43.677000)	"Battle of Arles"@en				0471-01-01T00:00:00Z					"http://www.wikidata.org/entity/Q3331223"	3	"http://www.wikidata.org/entity/Q178561"
<http://www.wikidata.org/entity/Q60524410>	POINT(-6.046667 37.443889)	"Battle of Italica"@en				-0074-01-01T00:00:00Z					"http://www.wikidata.org/entity/Q3778726"	4	"http://www.wikidata.org/entity/Q178561"
<http://www.wikidata.org/entity/Q60524412>	POINT(-0.442500 39.152222)	"Battle of Lauron"@en				-0075-01-01T00:00:00Z					"http://www.wikidata.org/entity/Q3778726"	3	"http://www.wikidata.org/entity/Q178561"
<http://www.wikidata.org/entity/Q60524433>	POINT(31.416389 38.357500)	"Battle of Philomelion"@en				1190-05-14T00:00:00Z					"http://www.wikidata.org/entity/Q51655"	8	"http://www.wikidata.org/entity/Q178561"
<http://www.wikidata.org/entity/Q60524449>	POINT(-0.251667 39.163889)	"Battle of Sucro"@en				-0074-01-01T00:00:00Z					"http://www.wikidata.org/entity/Q3778726"	5	"http://www.wikidata.org/entity/Q178561"
<http://www.wikidata.org/entity/Q60524461>	POINT(1.444000 43.604500)	"Battle of Toulouse"@en				0458-01-01T00:00:00Z					"http://www.wikidata.org/entity/Q1516956"	3	"http://www.wikidata.org/entity/Q178561"
<http://www.wikidata.org/entity/Q60524464>	POINT(-0.375000 39.466667)	"Battle of Valentia"@en				-0074-01-01T00:00:00Z					"http://www.wikidata.org/entity/Q3778726"	3	"http://www.wikidata.org/entity/Q178561"
<http://www.wikidata.org/entity/Q606621>	POINT(17.796944 46.050833)	"Siege of Szigetvár"@en					1566-08-16T00:00:00Z	1566-09-18T00:00:00Z			"http://www.wikidata.org/entity/Q698985|http://www.wikidata.org/entity/Q786171"	34	"http://www.wikidata.org/entity/Q178561|http://www.wikidata.org/entity/Q188055"
<http://www.wikidata.org/entity/Q608021>	POINT(21.829700 38.391400)	"Battle of Naupactus"@en				-0428-01-01T00:00:00Z					"http://www.wikidata.org/entity/Q33745"	18	"http://www.wikidata.org/entity/Q1261499"
<http://www.wikidata.org/entity/Q60840336>	POINT(9.520598 45.577384)	"Battle of Vaprio d'Adda"@en				1324-03-07T00:00:00Z					"http://www.wikidata.org/entity/Q187742"	2	"http://www.wikidata.org/entity/Q178561"
<http://www.wikidata.org/entity/Q608438>	POINT(16.151667 41.296389)	"Battle of Cannae (1018)"@en				1018-01-01T00:00:00Z					"http://www.wikidata.org/entity/Q74011"	19	"http://www.wikidata.org/entity/Q178561"
<http://www.wikidata.org/entity/Q61053041>	POINT(-3.195743 52.037998)	"Battle of Clastbirig"@en				1095-06-20T00:00:00Z					"http://www.wikidata.org/entity/Q54806280"	0	"http://www.wikidata.org/entity/Q178561"
<http://www.wikidata.org/entity/Q61078881>	POINT(-3.131400 52.075800)	"Battle of Hay on Wye"@en				1216-01-01T00:00:00Z					"http://www.wikidata.org/entity/Q54806280"	0	"http://www.wikidata.org/entity/Q178561"
<http://www.wikidata.org/entity/Q61079929>	POINT(-3.398600 52.149200)	"Battle of Builth Castle"@en				1260-01-01T00:00:00Z					"http://www.wikidata.org/entity/Q54806280"	0	"http://www.wikidata.org/entity/Q178561"
<http://www.wikidata.org/entity/Q61080124>	POINT(-3.196500 51.963600)	"Battle of Bwlch y Dinas Castle"@en				1233-01-01T00:00:00Z					"http://www.wikidata.org/entity/Q54806280"	0	"http://www.wikidata.org/entity/Q178561"
<http://www.wikidata.org/entity/Q61080931>	POINT(-3.183300 51.883300)	"Battle of Tretower"@en				1233-01-01T00:00:00Z					"http://www.wikidata.org/entity/Q54806280"	0	"http://www.wikidata.org/entity/Q178561"
<http://www.wikidata.org/entity/Q61081731>	POINT(-3.390900 51.946800)	"Battle of Brecenanmere"@en				0916-01-01T00:00:00Z						0	"http://www.wikidata.org/entity/Q178561"
<http://www.wikidata.org/entity/Q61082856>	POINT(-3.243694 51.898111)	"Battle of Blaenllyfni Castle"@en				1233-01-01T00:00:00Z					"http://www.wikidata.org/entity/Q61082258"	0	"http://www.wikidata.org/entity/Q178561"
<http://www.wikidata.org/entity/Q61087651>	POINT(-3.316991 51.915143)	"Battle of Pengelli Castle"@en				1233-01-01T00:00:00Z					"http://www.wikidata.org/entity/Q54806280"	0	"http://www.wikidata.org/entity/Q178561"
<http://www.wikidata.org/entity/Q61089370>	POINT(-3.424831 51.973410)	"Battle of Brecon"@en				1233-01-01T00:00:00Z					"http://www.wikidata.org/entity/Q54806280"	0	"http://www.wikidata.org/entity/Q178561"
<http://www.wikidata.org/entity/Q61100>	POINT(15.266667 41.733333)	"Battle of Civitate"@en				1053-06-24T00:00:00Z					"http://www.wikidata.org/entity/Q74011"	24	"http://www.wikidata.org/entity/Q178561"
<http://www.wikidata.org/entity/Q611827>	POINT(1.683333 50.166667)	"Battle of Blanchetaque"@en				1346-09-01T00:00:00Z					"http://www.wikidata.org/entity/Q12551"	16	"http://www.wikidata.org/entity/Q178561"
<http://www.wikidata.org/entity/Q612286>	POINT(43.152778 36.359444)	"Fall of Nineveh"@en				-0611-01-01T00:00:00Z					"http://www.wikidata.org/entity/Q40888538"	23	"http://www.wikidata.org/entity/Q178561"
<http://www.wikidata.org/entity/Q612288>	POINT(21.355600 43.201900)	"Battle of Pločnik"@en				1385-01-01T00:00:00Z					"http://www.wikidata.org/entity/Q698985"	18	"http://www.wikidata.org/entity/Q178561"
<http://www.wikidata.org/entity/Q61262570>	POINT(-3.012453 52.273027)	"Battle of Castell Llandandras"@en				1262-01-01T00:00:00Z					"http://www.wikidata.org/entity/Q54806280"	0	"http://www.wikidata.org/entity/Q178561"
<http://www.wikidata.org/entity/Q61263351>	POINT(-3.161887 52.307227)	"Battle of Bleddfa Castle"@en				1262-01-01T00:00:00Z					"http://www.wikidata.org/entity/Q54806280"	0	"http://www.wikidata.org/entity/Q178561"
<http://www.wikidata.org/entity/Q61264359>	POINT(-3.155972 52.241752)	"Battle of Radnor"@en				1264-01-01T00:00:00Z					"http://www.wikidata.org/entity/Q54806280"	0	"http://www.wikidata.org/entity/Q178561"
<http://www.wikidata.org/entity/Q61268045>	POINT(-3.306403 52.176985)	"Battle of Colwyn Castle"@en				1216-01-01T00:00:00Z					"http://www.wikidata.org/entity/Q54806280"	0	"http://www.wikidata.org/entity/Q178561"
<http://www.wikidata.org/entity/Q61268143>	POINT(-3.218627 52.106905)	"Battle of Painscastle Castle"@en				1196-01-01T00:00:00Z					"http://www.wikidata.org/entity/Q54806280"	0	"http://www.wikidata.org/entity/Q178561"
<http://www.wikidata.org/entity/Q61268345>	POINT(-3.101142 52.776907)	"Battle of Carreghofa"@en				1213-01-01T00:00:00Z					"http://www.wikidata.org/entity/Q54806280"	0	"http://www.wikidata.org/entity/Q178561"
<http://www.wikidata.org/entity/Q61268370>	POINT(-3.097320 52.777750)	"Battle of Bodyddon Castle"@en				1257-01-01T00:00:00Z					"http://www.wikidata.org/entity/Q54806280"	0	"http://www.wikidata.org/entity/Q178561"
<http://www.wikidata.org/entity/Q61268393>	POINT(-3.127549 52.604937)	"Battle of Nantcriba"@en				1263-01-01T00:00:00Z					"http://www.wikidata.org/entity/Q54806280"	0	"http://www.wikidata.org/entity/Q178561"
<http://www.wikidata.org/entity/Q61268413>	POINT(-3.161414 52.574438)	"Battle of Old Domen"@en				1095-01-01T00:00:00Z					"http://www.wikidata.org/entity/Q54806280"	0	"http://www.wikidata.org/entity/Q178561"
<http://www.wikidata.org/entity/Q61268425>	POINT(-3.147261 52.518962)	"Battle of Gwernesgof"@en				1257-01-01T00:00:00Z					"http://www.wikidata.org/entity/Q54806280"	0	"http://www.wikidata.org/entity/Q178561"
<http://www.wikidata.org/entity/Q61314200>	POINT(-3.252000 52.546200)	"Battle of Dolfrowyn Castle"@en				1277-01-01T00:00:00Z					"http://www.wikidata.org/entity/Q54806280"	0	"http://www.wikidata.org/entity/Q178561"
<http://www.wikidata.org/entity/Q61314245>	POINT(-3.639190 52.610140)	"Battle of Taflowern"@en				1167-01-01T00:00:00Z					"http://www.wikidata.org/entity/Q54806280"	0	"http://www.wikidata.org/entity/Q178561"
<http://www.wikidata.org/entity/Q61314298>	POINT(-3.286500 52.687806)	"Battle of Mathrafal Castle"@en				1213-01-01T00:00:00Z					"http://www.wikidata.org/entity/Q54806280"	0	"http://www.wikidata.org/entity/Q178561"
<http://www.wikidata.org/entity/Q61314430>	POINT(-3.216940 52.644616)	"Battle of Caereinion Castle"@en				1167-01-01T00:00:00Z					"http://www.wikidata.org/entity/Q54806280"	0	"http://www.wikidata.org/entity/Q178561"
<http://www.wikidata.org/entity/Q61314454>	POINT(-3.158281 52.650573)	"Battle of Powis Castle"@en				1274-01-01T00:00:00Z					"http://www.wikidata.org/entity/Q54806280"	0	"http://www.wikidata.org/entity/Q178561"
<http://www.wikidata.org/entity/Q61314490>	POINT(-3.139553 52.658916)	"Battle of Domen Gastell"@en				1196-01-01T00:00:00Z					"http://www.wikidata.org/entity/Q54806280"	0	"http://www.wikidata.org/entity/Q178561"
<http://www.wikidata.org/entity/Q61346478>	POINT(-2.790358 51.789550)	"Battle of Dingestow Castle"@en				1182-01-01T00:00:00Z					"http://www.wikidata.org/entity/Q54806280"	0	"http://www.wikidata.org/entity/Q178561"
<http://www.wikidata.org/entity/Q61346990>	POINT(-2.730000 51.590000)	"Battle of Porthskewed"@en				1065-01-01T00:00:00Z					"http://www.wikidata.org/entity/Q54806280"	0	"http://www.wikidata.org/entity/Q178561"
<http://www.wikidata.org/entity/Q61347087>	POINT(-2.901900 51.703500)	"Battle of Usk"@en				1402-01-01T00:00:00Z					"http://www.wikidata.org/entity/Q4126360"	0	"http://www.wikidata.org/entity/Q178561"
<http://www.wikidata.org/entity/Q61347424>	POINT(-2.959000 51.615000)	"Battle of Caerleon Castle"@en				1217-01-01T00:00:00Z					"http://www.wikidata.org/entity/Q54806280"	0	"http://www.wikidata.org/entity/Q178561"
<http://www.wikidata.org/entity/Q61347696>	POINT(-2.994993 51.590621)	"Battle of Newport"@en				1402-01-01T00:00:00Z					"http://www.wikidata.org/entity/Q54806280"	0	"http://www.wikidata.org/entity/Q178561"
<http://www.wikidata.org/entity/Q613478>	POINT(10.883300 33.783300)	"Battle of Djerba"@en					1560-05-19T00:00:00Z	1560-05-24T00:00:00Z			"http://www.wikidata.org/entity/Q118929718"	25	"http://www.wikidata.org/entity/Q1261499"
<http://www.wikidata.org/entity/Q61348110>	POINT(-3.017647 51.820020)	"Battle of Abergavenny Castle"@en				1233-01-01T00:00:00Z					"http://www.wikidata.org/entity/Q54806280"	0	"http://www.wikidata.org/entity/Q178561"
<http://www.wikidata.org/entity/Q61349104>	POINT(-3.019770 53.180849)	"Battle of Hawarden Castle"@en				1282-01-01T00:00:00Z					"http://www.wikidata.org/entity/Q54806280"	0	"http://www.wikidata.org/entity/Q178561"
<http://www.wikidata.org/entity/Q61349275>	POINT(-3.145117 53.170867)	"Battle of Mold Castle"@en				1199-01-01T00:00:00Z					"http://www.wikidata.org/entity/Q54806280"	0	"http://www.wikidata.org/entity/Q178561"
<http://www.wikidata.org/entity/Q61349528>	POINT(-3.394722 53.338611)	"Battle of Prestatyn Castle"@en				1167-01-01T00:00:00Z					"http://www.wikidata.org/entity/Q54806280"	0	"http://www.wikidata.org/entity/Q178561"
<http://www.wikidata.org/entity/Q61395072>	POINT(-3.409780 53.307600)	"Battle of Diserth Castle"@en				1263-01-01T00:00:00Z					"http://www.wikidata.org/entity/Q54806280"	0	"http://www.wikidata.org/entity/Q178561"
<http://www.wikidata.org/entity/Q61395962>	POINT(-3.461470 53.286859)	"Battle of Rhuddlan Castle"@en				1075-01-01T00:00:00Z					"http://www.wikidata.org/entity/Q54806280"	0	"http://www.wikidata.org/entity/Q178561"
<http://www.wikidata.org/entity/Q61397129>	POINT(-3.442000 53.258000)	"Battle of St Asaph"@en				1406-01-01T00:00:00Z					"http://www.wikidata.org/entity/Q54806280"	0	"http://www.wikidata.org/entity/Q178561"
<http://www.wikidata.org/entity/Q61398003>	POINT(-3.225668 53.264912)	"Battle of Holywell Castle"@en				1213-01-01T00:00:00Z					"http://www.wikidata.org/entity/Q54806280"	0	"http://www.wikidata.org/entity/Q178561"
<http://www.wikidata.org/entity/Q61398580>	POINT(-2.902019 51.845850)	"Battle of the White Castle"@en				1215-01-01T00:00:00Z					"http://www.wikidata.org/entity/Q54806280"	0	"http://www.wikidata.org/entity/Q178561"
<http://www.wikidata.org/entity/Q61399735>	POINT(-2.987120 51.784969)	"Battle of Seisyll's Court"@en				1175-01-01T00:00:00Z					"http://www.wikidata.org/entity/Q54806280"	0	"http://www.wikidata.org/entity/Q178561"
<http://www.wikidata.org/entity/Q61403655>	POINT(-2.858051 51.813954)	"Battle of Penrhos Castle"@en				1251-01-01T00:00:00Z					"http://www.wikidata.org/entity/Q54806280"	0	"http://www.wikidata.org/entity/Q178561"
<http://www.wikidata.org/entity/Q61410209>	POINT(-3.159500 52.979200)	"Battle of Llangollen"@en				0870-01-01T00:00:00Z					"http://www.wikidata.org/entity/Q61082258"	0	"http://www.wikidata.org/entity/Q178561"
<http://www.wikidata.org/entity/Q61410261>	POINT(-4.504195 51.820389)	"Battle of St Clears"@en				1403-01-01T00:00:00Z					"http://www.wikidata.org/entity/Q4126360"	0	"http://www.wikidata.org/entity/Q178561"
<http://www.wikidata.org/entity/Q61410355>	POINT(-4.462016 51.769427)	"Battle of Laugharne Castle"@en				1257-01-01T00:00:00Z					"http://www.wikidata.org/entity/Q54806280"	0	"http://www.wikidata.org/entity/Q178561"
<http://www.wikidata.org/entity/Q61410664>	POINT(-4.307000 51.736000)	"Battle of Cydweli"@en				1223-01-01T00:00:00Z					"http://www.wikidata.org/entity/Q54806280"	0	"http://www.wikidata.org/entity/Q178561"
<http://www.wikidata.org/entity/Q61410880>	POINT(-4.150000 51.680000)	"Battle of Carnwyllion"@en				1189-01-01T00:00:00Z					"http://www.wikidata.org/entity/Q54806280"	0	"http://www.wikidata.org/entity/Q178561"
<http://www.wikidata.org/entity/Q61412130>	POINT(-4.077400 51.662200)	"Battle of Loughor Castle"@en				1215-01-01T00:00:00Z					"http://www.wikidata.org/entity/Q54806280"	0	"http://www.wikidata.org/entity/Q178561"
<http://www.wikidata.org/entity/Q61412377>	POINT(-3.220300 51.576100)	"Battle of Caerphilly Castle"@en				1270-01-01T00:00:00Z					"http://www.wikidata.org/entity/Q54806280"	0	"http://www.wikidata.org/entity/Q178561"
<http://www.wikidata.org/entity/Q61412773>	POINT(-3.181200 51.482300)	"Battle of Cardiff Castle"@en				1233-01-01T00:00:00Z					"http://www.wikidata.org/entity/Q54806280"	0	"http://www.wikidata.org/entity/Q178561"
<http://www.wikidata.org/entity/Q61413115>	POINT(-3.350300 51.540054)	"Rhiw Saeson Battle"@en				0873-01-01T00:00:00Z						0	"http://www.wikidata.org/entity/Q178561"
<http://www.wikidata.org/entity/Q61413183>	POINT(-3.417353 51.486705)	"Battle of Ystradowain"@en				1027-01-01T00:00:00Z						0	"http://www.wikidata.org/entity/Q178561"
<http://www.wikidata.org/entity/Q61413319>	POINT(-3.803700 51.665100)	"Battle of Neath Castle"@en				1231-01-01T00:00:00Z					"http://www.wikidata.org/entity/Q54806280"	0	"http://www.wikidata.org/entity/Q178561"
<http://www.wikidata.org/entity/Q61413669>	POINT(-3.729728 51.530037)	"Battle of Kenfig"@en				1243-01-01T00:00:00Z					"http://www.wikidata.org/entity/Q54806280"	0	"http://www.wikidata.org/entity/Q178561"
<http://www.wikidata.org/entity/Q61413906>	POINT(-3.519504 51.514560)	"Battle of Pant Câd-Einion"@en				0982-01-01T00:00:00Z					"http://www.wikidata.org/entity/Q61082258"	0	"http://www.wikidata.org/entity/Q178561"
<http://www.wikidata.org/entity/Q615922>	POINT(39.444167 54.716667)	"Battle of the Vozha River"@en				1378-08-19T00:00:00Z					"http://www.wikidata.org/entity/Q2365500"	10	"http://www.wikidata.org/entity/Q178561"
<http://www.wikidata.org/entity/Q616448>	POINT(-1.292889 47.315972)	"Battle of Champtoceaux"@en				1341-10-22T00:00:00Z					"http://www.wikidata.org/entity/Q550172"	7	"http://www.wikidata.org/entity/Q178561"
<http://www.wikidata.org/entity/Q617650>	POINT(0.742000 51.440000)	"Battle of the Medway"@en				0043-01-01T00:00:00Z					"http://www.wikidata.org/entity/Q1258062"	18	"http://www.wikidata.org/entity/Q178561"
<http://www.wikidata.org/entity/Q617924>	POINT(21.149835 38.949996)	"Battle of Olpae"@en				-0425-01-01T00:00:00Z					"http://www.wikidata.org/entity/Q3807161"	14	"http://www.wikidata.org/entity/Q178561"
<http://www.wikidata.org/entity/Q619030>	POINT(9.965000 36.880000)	"Battle of the Bagradas River"@en				-0048-08-22T00:00:00Z					"http://www.wikidata.org/entity/Q1238338"	13	"http://www.wikidata.org/entity/Q178561"
<http://www.wikidata.org/entity/Q61999900>	POINT(13.946945 37.108333)	"Battle of Phintias"@en				-0248-01-01T00:00:00Z						5	"http://www.wikidata.org/entity/Q178561"
<http://www.wikidata.org/entity/Q620585>	POINT(-2.869167 52.318611)	"Battle of Mortimer's Cross"@en				1461-02-02T00:00:00Z					"http://www.wikidata.org/entity/Q127751"	22	"http://www.wikidata.org/entity/Q178561"
<http://www.wikidata.org/entity/Q622184>	POINT(36.719444 36.178889)	"Battle of Ager Sanguinis"@en				1119-07-05T00:00:00Z					"http://www.wikidata.org/entity/Q52145365"	27	"http://www.wikidata.org/entity/Q178561"
<http://www.wikidata.org/entity/Q623766>	POINT(-1.750000 47.625278)	"Battle of Conquereuil"@en				0992-06-27T00:00:00Z						5	"http://www.wikidata.org/entity/Q178561"
<http://www.wikidata.org/entity/Q62417>	POINT(24.850000 57.183333)	"Battle of Turaida"@en				1298-06-08T00:00:00Z						9	"http://www.wikidata.org/entity/Q178561"
<http://www.wikidata.org/entity/Q624937>	POINT(18.283333 57.633333)	"Battle of Visby"@en				1361-08-04T00:00:00Z					"http://www.wikidata.org/entity/Q317210"	14	"http://www.wikidata.org/entity/Q178561"
<http://www.wikidata.org/entity/Q625406>	POINT(24.750000 42.150000)	"Battle of Philippopolis"@en				1208-07-07T00:00:00Z					"http://www.wikidata.org/entity/Q3544429"	7	"http://www.wikidata.org/entity/Q178561"
<http://www.wikidata.org/entity/Q626058>	POINT(44.031389 32.615278)	"Battle of Karbala"@en				0680-10-10T00:00:00Z					"http://www.wikidata.org/entity/Q3769089"	62	"http://www.wikidata.org/entity/Q178561"
<http://www.wikidata.org/entity/Q630644>	POINT(9.020658 52.190004)	"Battle of Idistaviso"@en				0016-01-01T00:00:00Z					"http://www.wikidata.org/entity/Q3348645"	25	"http://www.wikidata.org/entity/Q178561"
<http://www.wikidata.org/entity/Q630781>	POINT(34.251944 31.288611)	"Battle of Raphia"@en				-0216-06-18T00:00:00Z					"http://www.wikidata.org/entity/Q1418062"	29	"http://www.wikidata.org/entity/Q178561"
<http://www.wikidata.org/entity/Q63146684>	POINT(10.140000 45.090000)	"Battles of Bedriacum"@en				0069-04-12T00:00:00Z					"http://www.wikidata.org/entity/Q470596"	14	"http://www.wikidata.org/entity/Q178561"
<http://www.wikidata.org/entity/Q633362>	POINT(10.916667 43.933333)	"Battle of Gavinana"@en				1530-08-03T00:00:00Z					"http://www.wikidata.org/entity/Q1429256|http://www.wikidata.org/entity/Q981042"	10	"http://www.wikidata.org/entity/Q178561"
<http://www.wikidata.org/entity/Q633560>	POINT(38.015000 36.829700)	"Battle of Carchemish"@en				-0604-01-01T00:00:00Z					"http://www.wikidata.org/entity/Q11768"	28	"http://www.wikidata.org/entity/Q178561"
<http://www.wikidata.org/entity/Q6344561>	POINT(-4.455000 36.666000)	"Battle of Guadalhorce"@en				1326-09-06T00:00:00Z					"http://www.wikidata.org/entity/Q79791"	1	"http://www.wikidata.org/entity/Q178561"
<http://www.wikidata.org/entity/Q634629>	POINT(-1.268333 53.839722)	"Battle of Towton"@en				1461-03-29T00:00:00Z					"http://www.wikidata.org/entity/Q127751"	30	"http://www.wikidata.org/entity/Q178561"
<http://www.wikidata.org/entity/Q63468>	POINT(9.165000 45.197500)	"Battle of Pavia"@en				1525-03-06T00:00:00Z					"http://www.wikidata.org/entity/Q6093105"	39	"http://www.wikidata.org/entity/Q178561"
<http://www.wikidata.org/entity/Q635028>	POINT(4.033333 46.916667)	"Battle of Bibracte"@en				-0057-01-01T00:00:00Z					"http://www.wikidata.org/entity/Q202161"	26	"http://www.wikidata.org/entity/Q178561"
<http://www.wikidata.org/entity/Q635213>	POINT(-2.406667 42.368889)	"Battle of Clavijo"@en				0844-05-27T00:00:00Z					"http://www.wikidata.org/entity/Q79791"	17	"http://www.wikidata.org/entity/Q26913948"
<http://www.wikidata.org/entity/Q635839>	POINT(12.854480 43.415830)	"Battle of Sentinum"@en				-0294-01-01T00:00:00Z					"http://www.wikidata.org/entity/Q3984897"	24	"http://www.wikidata.org/entity/Q178561"
<http://www.wikidata.org/entity/Q636520>	POINT(35.588889 33.358333)	"Battle of Marj Ayyun"@en				1179-06-10T00:00:00Z					"http://www.wikidata.org/entity/Q52145976"	23	"http://www.wikidata.org/entity/Q178561"
<http://www.wikidata.org/entity/Q63701>	POINT(2.261670 50.746100)	"Battle of Saint-Omer"@en				1340-08-03T00:00:00Z					"http://www.wikidata.org/entity/Q12551"	11	"http://www.wikidata.org/entity/Q178561"
<http://www.wikidata.org/entity/Q637544>	POINT(23.847050 40.823681)	"Battle of Amphipolis"@en				-0421-01-01T00:00:00Z					"http://www.wikidata.org/entity/Q3807161"	21	"http://www.wikidata.org/entity/Q178561"
<http://www.wikidata.org/entity/Q639827>	POINT(36.291944 33.513056)	"Siege of Damascus"@en				0634-01-01T00:00:00Z	0634-08-24T00:00:00Z	0634-09-22T00:00:00Z			"http://www.wikidata.org/entity/Q248984"	27	"http://www.wikidata.org/entity/Q178561|http://www.wikidata.org/entity/Q188055"
<http://www.wikidata.org/entity/Q641757>	POINT(4.384722 51.243611)	"Battle of Oosterweel"@en				1567-03-13T00:00:00Z					"http://www.wikidata.org/entity/Q164432"	9	"http://www.wikidata.org/entity/Q178561"
<http://www.wikidata.org/entity/Q645905>	POINT(14.483000 53.250000)	"Battle of Cedynia"@en				0972-06-29T00:00:00Z						17	"http://www.wikidata.org/entity/Q178561"
<http://www.wikidata.org/entity/Q647112>	POINT(17.811100 53.356900)	"Battle of Koronowo"@en				1410-10-19T00:00:00Z					"http://www.wikidata.org/entity/Q937255"	9	"http://www.wikidata.org/entity/Q178561"
<http://www.wikidata.org/entity/Q647463>	POINT(44.576208 39.885000)	"Battle of Artaxata"@en				-0067-01-01T00:00:00Z					"http://www.wikidata.org/entity/Q1764124"	19	"http://www.wikidata.org/entity/Q178561"
<http://www.wikidata.org/entity/Q648535>	POINT(1.695830 48.048300)	"Battle of Patay"@en				1429-06-18T00:00:00Z					"http://www.wikidata.org/entity/Q12551"	29	"http://www.wikidata.org/entity/Q178561"
<http://www.wikidata.org/entity/Q65056847>	POINT(4.081751 49.611296)	"Battle of Lucofao"@en				0679-01-01T00:00:00Z						4	"http://www.wikidata.org/entity/Q178561"
<http://www.wikidata.org/entity/Q65059780>	POINT(28.955556 41.013889)	"Battle of Constantinople"@en				1241-06-01T00:00:00Z						4	"http://www.wikidata.org/entity/Q178561"
<http://www.wikidata.org/entity/Q65066202>	POINT(22.133333 37.400000)	"Siege of Megalopolis"@en				-0316-01-01T00:00:00Z					"http://www.wikidata.org/entity/Q2543376"	6	"http://www.wikidata.org/entity/Q178561|http://www.wikidata.org/entity/Q188055"
<http://www.wikidata.org/entity/Q65082997>	POINT(-8.096100 54.481200)	"Battle of Belleek"@en				1593-10-10T00:00:00Z					"http://www.wikidata.org/entity/Q1361354"	1	"http://www.wikidata.org/entity/Q178561"
<http://www.wikidata.org/entity/Q65128501>	POINT(9.581729 45.698487)	"Battle of Ponte San Pietro"@en				1315-02-01T00:00:00Z					"http://www.wikidata.org/entity/Q187742"	2	"http://www.wikidata.org/entity/Q178561"
<http://www.wikidata.org/entity/Q65159478>	POINT(-2.772981 42.927339)	"Battle of Arrato"@en				1200-01-01T00:00:00Z					"http://www.wikidata.org/entity/Q3119165"	2	"http://www.wikidata.org/entity/Q178561"
<http://www.wikidata.org/entity/Q652320>	POINT(1.450000 43.600000)	"Battle of Toulouse"@en				0721-06-13T00:00:00Z					"http://www.wikidata.org/entity/Q129124"	29	"http://www.wikidata.org/entity/Q178561"
<http://www.wikidata.org/entity/Q653482>	POINT(4.819444 45.759722)	"Battle of Lugdunum"@en				0197-02-18T00:00:00Z					"http://www.wikidata.org/entity/Q243721"	22	"http://www.wikidata.org/entity/Q178561"
<http://www.wikidata.org/entity/Q653707>	POINT(6.980592 61.155606)	"Fimreite"@en				1184-06-15T00:00:00Z					"http://www.wikidata.org/entity/Q1760671"	9	"http://www.wikidata.org/entity/Q1261499"
<http://www.wikidata.org/entity/Q655777>	POINT(12.520000 42.017500)	"Battle of the Allia"@en				-0386-07-13T00:00:00Z					"http://www.wikidata.org/entity/Q3417663"	32	"http://www.wikidata.org/entity/Q1414572|http://www.wikidata.org/entity/Q178561|http://www.wikidata.org/entity/Q192623|http://www.wikidata.org/entity/Q19841484"
<http://www.wikidata.org/entity/Q656190>	POINT(9.071945 54.147222)	"Battle of Hemmingstedt"@en				1500-02-26T00:00:00Z						12	"http://www.wikidata.org/entity/Q178561"
<http://www.wikidata.org/entity/Q656787>	POINT(36.353056 36.248333)	"Battle of the Iron Bridge"@en				0637-10-01T00:00:00Z					"http://www.wikidata.org/entity/Q248984"	21	"http://www.wikidata.org/entity/Q178561"
<http://www.wikidata.org/entity/Q657620>	POINT(14.433300 46.700000)	"Battle of Noreia"@en				-0111-01-01T00:00:00Z					"http://www.wikidata.org/entity/Q903199"	16	"http://www.wikidata.org/entity/Q178561"
<http://www.wikidata.org/entity/Q657913>	POINT(32.483300 37.866700)	"Battle of Iconium"@en				1190-05-25T00:00:00Z					"http://www.wikidata.org/entity/Q51655"	19	"http://www.wikidata.org/entity/Q178561"
<http://www.wikidata.org/entity/Q658731>	POINT(27.636667 42.643056)	"Battle of Achelous"@en				0917-08-20T00:00:00Z					"http://www.wikidata.org/entity/Q20747555"	24	"http://www.wikidata.org/entity/Q178561"
<http://www.wikidata.org/entity/Q661327>	POINT(13.216700 51.433100)	"Battle of Mühlberg"@en				1547-04-25T00:00:00Z					"http://www.wikidata.org/entity/Q168556"	27	"http://www.wikidata.org/entity/Q178561"
<http://www.wikidata.org/entity/Q661759>	POINT(8.213333 47.145556)	"Battle of Sempach"@en				1386-07-09T00:00:00Z					"http://www.wikidata.org/entity/Q692606"	20	"http://www.wikidata.org/entity/Q178561"
<http://www.wikidata.org/entity/Q661940>	POINT(8.720000 45.435000)	"Battle of Novara"@en				1513-06-16T00:00:00Z					"http://www.wikidata.org/entity/Q636365"	17	"http://www.wikidata.org/entity/Q178561"
<http://www.wikidata.org/entity/Q665716>	POINT(12.513333 41.974444)	"Capture of Fidenae"@en				-0434-01-01T00:00:00Z					"http://www.wikidata.org/entity/Q3119190"	5	"http://www.wikidata.org/entity/Q178561"
<http://www.wikidata.org/entity/Q667460>	POINT(9.066111 47.101111)	"Battle of Näfels"@en				1388-04-17T00:00:00Z					"http://www.wikidata.org/entity/Q668589"	14	"http://www.wikidata.org/entity/Q178561"
<http://www.wikidata.org/entity/Q667606>	POINT(7.233333 46.900000)	"Battle of Laupen"@en				1339-06-29T00:00:00Z					"http://www.wikidata.org/entity/Q692606"	14	"http://www.wikidata.org/entity/Q178561"
<http://www.wikidata.org/entity/Q668008>	POINT(6.633100 46.816900)	"Battle of Grandson"@en				1476-03-02T00:00:00Z					"http://www.wikidata.org/entity/Q315342"	19	"http://www.wikidata.org/entity/Q178561"
<http://www.wikidata.org/entity/Q66821514>	POINT(8.527444 41.049611)	"Battle of d’Asinara"@en				1353-09-04T00:00:00Z						0	"http://www.wikidata.org/entity/Q1261499"
<http://www.wikidata.org/entity/Q668524>	POINT(-0.296200 52.170600)	"Battle of Tempsford"@en				0917-01-01T00:00:00Z					"http://www.wikidata.org/entity/Q7053398"	5	"http://www.wikidata.org/entity/Q178561"
<http://www.wikidata.org/entity/Q668577>	POINT(2.822222 49.414167)	"Siege of Compiègne"@en				1430-11-01T00:00:00Z	1430-06-07T00:00:00Z	1430-11-15T00:00:00Z			"http://www.wikidata.org/entity/Q12551"	14	"http://www.wikidata.org/entity/Q178561|http://www.wikidata.org/entity/Q188055"
<http://www.wikidata.org/entity/Q670128>	POINT(21.700000 36.916667)	"Battle of Pylos"@en				-0424-01-01T00:00:00Z					"http://www.wikidata.org/entity/Q33745"	18	"http://www.wikidata.org/entity/Q1261499"
<http://www.wikidata.org/entity/Q671340>	POINT(10.050000 45.483300)	"Battle of Maclodio"@en				1427-10-20T00:00:00Z					"http://www.wikidata.org/entity/Q2506432"	7	"http://www.wikidata.org/entity/Q178561"
<http://www.wikidata.org/entity/Q67203695>	POINT(44.460080 42.296477)	"Siege of Onoguris"@en				0555-01-01T00:00:00Z					"http://www.wikidata.org/entity/Q2082222"	6	"http://www.wikidata.org/entity/Q178561|http://www.wikidata.org/entity/Q188055"
<http://www.wikidata.org/entity/Q673411>	POINT(9.040000 46.210000)	"Battle of Arbedo"@en				1422-07-09T00:00:00Z					"http://www.wikidata.org/entity/Q870077"	14	"http://www.wikidata.org/entity/Q178561"
<http://www.wikidata.org/entity/Q673641>	POINT(16.551945 47.381667)	"Siege of Güns"@en					1532-08-15T00:00:00Z	1532-09-09T00:00:00Z			"http://www.wikidata.org/entity/Q3902588"	22	"http://www.wikidata.org/entity/Q178561|http://www.wikidata.org/entity/Q188055"
<http://www.wikidata.org/entity/Q675000>	POINT(9.133333 45.016667)	"Battle of Clastidium"@en				-0221-01-01T00:00:00Z					"http://www.wikidata.org/entity/Q3417663"	14	"http://www.wikidata.org/entity/Q178561"
<http://www.wikidata.org/entity/Q676340>	POINT(1.853000 50.958000)	"Siege of Calais"@en					1346-09-12T00:00:00Z	1347-08-11T00:00:00Z			"http://www.wikidata.org/entity/Q12551"	23	"http://www.wikidata.org/entity/Q178561|http://www.wikidata.org/entity/Q188055"
<http://www.wikidata.org/entity/Q676692>	POINT(15.650000 38.250000)	"Battle of Naulochus"@en				-0035-09-03T00:00:00Z					"http://www.wikidata.org/entity/Q2730371"	19	"http://www.wikidata.org/entity/Q1261499"
<http://www.wikidata.org/entity/Q677982>	POINT(34.566389 31.665833)	"Siege of Ascalon"@en				1153-01-01T00:00:00Z	1153-02-01T00:00:00Z	1153-08-29T00:00:00Z			"http://www.wikidata.org/entity/Q52145976"	21	"http://www.wikidata.org/entity/Q178561|http://www.wikidata.org/entity/Q188055"
<http://www.wikidata.org/entity/Q679831>	POINT(3.583333 51.450000)	"Battle of Flushing"@en				1573-04-17T00:00:00Z					"http://www.wikidata.org/entity/Q164432"	7	"http://www.wikidata.org/entity/Q1261499"
<http://www.wikidata.org/entity/Q679858>	POINT(6.366667 51.133333)	"Battle of Dahlen"@en				1568-04-25T00:00:00Z					"http://www.wikidata.org/entity/Q164432"	9	"http://www.wikidata.org/entity/Q178561"
<http://www.wikidata.org/entity/Q681702>	POINT(8.045556 46.806389)	"Battle of Sörenberg"@en				1380-01-01T00:00:00Z						5	"http://www.wikidata.org/entity/Q178561"
<http://www.wikidata.org/entity/Q683341>	POINT(9.210000 45.518000)	"Battle of Bicocca"@en				1522-04-27T00:00:00Z					"http://www.wikidata.org/entity/Q698281"	21	"http://www.wikidata.org/entity/Q178561"
<http://www.wikidata.org/entity/Q683412>	POINT(30.616667 49.666667)	"Battle of Olshanitsa"@en				1527-01-27T00:00:00Z					"http://www.wikidata.org/entity/Q4242966"	8	"http://www.wikidata.org/entity/Q178561"
<http://www.wikidata.org/entity/Q683526>	POINT(8.526753 47.232231)	"Battle of Kappel"@en				1531-10-21T00:00:00Z					"http://www.wikidata.org/entity/Q233594"	6	"http://www.wikidata.org/entity/Q178561"
<http://www.wikidata.org/entity/Q68371>	POINT(1.551111 49.751667)	"Battle of Mortemer"@en				1054-01-01T00:00:00Z						9	"http://www.wikidata.org/entity/Q178561"
<http://www.wikidata.org/entity/Q684113>	POINT(13.250000 41.283333)	"Battle of Lautulae"@en				-0314-01-01T00:00:00Z					"http://www.wikidata.org/entity/Q3953988"	16	"http://www.wikidata.org/entity/Q178561"
<http://www.wikidata.org/entity/Q688081>	POINT(12.559722 48.276389)	"Battle of Mühldorf"@en				1322-10-06T00:00:00Z						17	"http://www.wikidata.org/entity/Q178561"
<http://www.wikidata.org/entity/Q6881>	POINT(13.900000 37.050000)	"Battle of Cape Ecnomus"@en				-0255-01-01T00:00:00Z					"http://www.wikidata.org/entity/Q6286"	32	"http://www.wikidata.org/entity/Q1261499"
<http://www.wikidata.org/entity/Q688502>	POINT(7.116667 46.933333)	"Battle of Morat"@en				1476-06-22T00:00:00Z					"http://www.wikidata.org/entity/Q315342"	20	"http://www.wikidata.org/entity/Q178561"
<http://www.wikidata.org/entity/Q6891>	POINT(10.165900 36.797500)	"Battle of Bagradas"@en				-0254-01-01T00:00:00Z					"http://www.wikidata.org/entity/Q6286"	24	"http://www.wikidata.org/entity/Q178561"
<http://www.wikidata.org/entity/Q690244>	POINT(5.835000 48.208600)	"Battle of Bulgnéville"@en				1431-07-02T00:00:00Z					"http://www.wikidata.org/entity/Q12551"	7	"http://www.wikidata.org/entity/Q178561"
<http://www.wikidata.org/entity/Q690291>	POINT(23.344444 45.937500)	"Battle of Breadfield"@en				1479-10-22T00:00:00Z					"http://www.wikidata.org/entity/Q1080711"	23	"http://www.wikidata.org/entity/Q178561"
<http://www.wikidata.org/entity/Q690495>	POINT(20.688056 47.825278)	"Battle of Keresztes"@en				1596-01-01T00:00:00Z	1596-10-24T00:00:00Z	1596-10-26T00:00:00Z			"http://www.wikidata.org/entity/Q690361"	20	"http://www.wikidata.org/entity/Q178561"
<http://www.wikidata.org/entity/Q690573>	POINT(4.750000 45.666667)	"Battle of Brignais"@en				1362-04-06T00:00:00Z					"http://www.wikidata.org/entity/Q12551"	8	"http://www.wikidata.org/entity/Q178561"
<http://www.wikidata.org/entity/Q693989>	POINT(24.416700 54.800000)	"Battle of Strėva"@en				1348-02-10T00:00:00Z					"http://www.wikidata.org/entity/Q16362506"	12	"http://www.wikidata.org/entity/Q178561"
<http://www.wikidata.org/entity/Q694379>	POINT(15.700000 44.600000)	"Battle of Krbava Field"@en				1493-09-09T00:00:00Z					"http://www.wikidata.org/entity/Q698985"	29	"http://www.wikidata.org/entity/Q178561"
<http://www.wikidata.org/entity/Q695198>	POINT(18.483300 40.150000)	"Ottoman invasion of Otranto"@en				1481-09-01T00:00:00Z	1480-07-01T00:00:00Z	1481-01-01T00:00:00Z			"http://www.wikidata.org/entity/Q1080711|http://www.wikidata.org/entity/Q698985"	24	"http://www.wikidata.org/entity/Q178561"
<http://www.wikidata.org/entity/Q698706>	POINT(21.120000 42.630000)	"Battle of Kosovo"@en					1448-10-26T00:00:00Z	1448-10-29T00:00:00Z			"http://www.wikidata.org/entity/Q1080711|http://www.wikidata.org/entity/Q698985"	35	"http://www.wikidata.org/entity/Q178561"
<http://www.wikidata.org/entity/Q699475>	POINT(2.236100 50.574700)	"Battle of Guinegate"@en				1513-08-26T00:00:00Z					"http://www.wikidata.org/entity/Q636365"	15	"http://www.wikidata.org/entity/Q178561"
<http://www.wikidata.org/entity/Q700194>	POINT(16.877317 48.481514)	"Battle on the Marchfeld"@en				1278-08-26T00:00:00Z						25	"http://www.wikidata.org/entity/Q178561"
<http://www.wikidata.org/entity/Q700874>	POINT(18.433333 42.866667)	"Battle of Bileća"@en				1388-09-03T00:00:00Z					"http://www.wikidata.org/entity/Q13416014"	24	"http://www.wikidata.org/entity/Q178561"
<http://www.wikidata.org/entity/Q701335>	POINT(16.386111 45.470555)	"Battle of Sisak"@en				1593-06-22T00:00:00Z					"http://www.wikidata.org/entity/Q3502774|http://www.wikidata.org/entity/Q690361|http://www.wikidata.org/entity/Q698985"	22	"http://www.wikidata.org/entity/Q178561"
<http://www.wikidata.org/entity/Q701367>	POINT(7.383333 53.250000)	"Battle of Jemmingen"@en				1568-07-21T00:00:00Z					"http://www.wikidata.org/entity/Q164432"	15	"http://www.wikidata.org/entity/Q178561"
<http://www.wikidata.org/entity/Q703363>	POINT(11.101111 51.355833)	"Battle of Frankenhausen"@en				1525-05-01T00:00:00Z	1525-05-24T00:00:00Z	1525-05-25T00:00:00Z			"http://www.wikidata.org/entity/Q154031"	15	"http://www.wikidata.org/entity/Q178561"
<http://www.wikidata.org/entity/Q703523>	POINT(17.202200 39.025400)	"Battle of Stilo"@en				0982-07-19T00:00:00Z					"http://www.wikidata.org/entity/Q18432514"	20	"http://www.wikidata.org/entity/Q178561"
<http://www.wikidata.org/entity/Q705874>	POINT(20.913055 47.977778)	"Battle of Mohi"@en				1241-04-18T00:00:00Z					"http://www.wikidata.org/entity/Q2092093"	39	"http://www.wikidata.org/entity/Q178561"
<http://www.wikidata.org/entity/Q716479>	POINT(18.087800 54.787200)	"Battle of Świecino"@en				1462-09-17T00:00:00Z					"http://www.wikidata.org/entity/Q315921"	7	"http://www.wikidata.org/entity/Q178561"
<http://www.wikidata.org/entity/Q7283728>	POINT(-2.475833 55.356389)	"Raid of the Redeswire"@en				1575-07-17T00:00:00Z					"http://www.wikidata.org/entity/Q1640586"	4	"http://www.wikidata.org/entity/Q997267"
<http://www.wikidata.org/entity/Q728550>	POINT(-3.100000 38.016667)	"Battle of Baecula"@en				-0207-01-01T00:00:00Z					"http://www.wikidata.org/entity/Q6271"	24	"http://www.wikidata.org/entity/Q178561"
<http://www.wikidata.org/entity/Q730553>	POINT(31.946613 37.910676)	"Battle of Myriokephalon"@en				1176-09-17T00:00:00Z					"http://www.wikidata.org/entity/Q1827267"	32	"http://www.wikidata.org/entity/Q178561"
<http://www.wikidata.org/entity/Q73105>	POINT(3.580000 51.520000)	"Battle of Westkapelle"@en				1253-07-11T00:00:00Z					"http://www.wikidata.org/entity/Q945071"	7	"http://www.wikidata.org/entity/Q178561"
<http://www.wikidata.org/entity/Q733113>	POINT(22.966667 38.350000)	"Battle of Coronea"@en				-0393-01-01T00:00:00Z					"http://www.wikidata.org/entity/Q651008"	18	"http://www.wikidata.org/entity/Q178561"
<http://www.wikidata.org/entity/Q733364>	POINT(35.184445 32.585278)	"Battle of Megiddo"@en				-1456-04-03T00:00:00Z						38	"http://www.wikidata.org/entity/Q178561"
<http://www.wikidata.org/entity/Q734300>	POINT(17.600000 53.141667)	"Battle of Nakło"@en				1109-08-17T00:00:00Z						3	"http://www.wikidata.org/entity/Q178561"
<http://www.wikidata.org/entity/Q734700>	POINT(45.057092 39.338792)	"Battle of Avarayr"@en				0451-05-27T00:00:00Z					"http://www.wikidata.org/entity/Q11944992"	30	"http://www.wikidata.org/entity/Q178561"
<http://www.wikidata.org/entity/Q735876>	POINT(39.016700 35.950000)	"Battle of Siffin"@en					0657-07-24T00:00:00Z	0657-07-28T00:00:00Z			"http://www.wikidata.org/entity/Q1417059"	41	"http://www.wikidata.org/entity/Q178561"
<http://www.wikidata.org/entity/Q737655>	POINT(27.260278 44.118611)	"Siege of Dorostolon"@en				0971-01-01T00:00:00Z	0971-04-30T00:00:00Z	0971-07-29T00:00:00Z			"http://www.wikidata.org/entity/Q2991800"	19	"http://www.wikidata.org/entity/Q178561|http://www.wikidata.org/entity/Q188055"
<http://www.wikidata.org/entity/Q738768>	POINT(5.371389 59.918889)	"Battle of Fitjar"@en				0961-01-01T00:00:00Z						12	"http://www.wikidata.org/entity/Q178561"
<http://www.wikidata.org/entity/Q74072>	POINT(19.718056 41.601944)	"Battle of Albulena"@en				1457-09-11T00:00:00Z					"http://www.wikidata.org/entity/Q698985"	15	"http://www.wikidata.org/entity/Q178561"
<http://www.wikidata.org/entity/Q7416937>	POINT(-3.786944 58.563333)	"Sandside Chase"@en				1437-01-01T00:00:00Z						1	"http://www.wikidata.org/entity/Q178561"
<http://www.wikidata.org/entity/Q7443103>	POINT(10.383068 36.615106)	"Second Battle of Nepheris"@en				-0146-01-01T00:00:00Z					"http://www.wikidata.org/entity/Q6334"	5	"http://www.wikidata.org/entity/Q178561"
<http://www.wikidata.org/entity/Q744588>	POINT(4.133333 51.466667)	"Battle of Reimerswaal"@en				1574-01-29T00:00:00Z					"http://www.wikidata.org/entity/Q164432"	9	"http://www.wikidata.org/entity/Q1261499"
<http://www.wikidata.org/entity/Q744611>	POINT(16.669722 40.220000)	"Battle of Heraclea"@en				-0279-01-01T00:00:00Z					"http://www.wikidata.org/entity/Q596373"	31	"http://www.wikidata.org/entity/Q178561"
<http://www.wikidata.org/entity/Q745110>	POINT(44.326997 39.088853)	"Battle of Chaldiran"@en				1514-09-02T00:00:00Z					"http://www.wikidata.org/entity/Q134937344"	44	"http://www.wikidata.org/entity/Q178561"
<http://www.wikidata.org/entity/Q747679>	POINT(23.317800 39.052700)	"Battle of Artemisium"@en				-0479-01-01T00:00:00Z					"http://www.wikidata.org/entity/Q1122337|http://www.wikidata.org/entity/Q76026"	34	"http://www.wikidata.org/entity/Q1261499"
<http://www.wikidata.org/entity/Q7509804>	POINT(19.816714 54.383542)	"Siege of Allenstein"@en					1521-01-01T00:00:00Z	1521-02-01T00:00:00Z			"http://www.wikidata.org/entity/Q558423"	1	"http://www.wikidata.org/entity/Q178561|http://www.wikidata.org/entity/Q188055"
<http://www.wikidata.org/entity/Q7509826>	POINT(8.206945 44.900000)	"Siege of Asti"@en					0402-01-01T00:00:00Z	0402-03-01T00:00:00Z			"http://www.wikidata.org/entity/Q3625654"	5	"http://www.wikidata.org/entity/Q178561|http://www.wikidata.org/entity/Q188055"
<http://www.wikidata.org/entity/Q7509857>	POINT(20.810800 54.251100)	"Siege of Bartenstein"@en				1264-01-01T00:00:00Z					"http://www.wikidata.org/entity/Q723800"	2	"http://www.wikidata.org/entity/Q178561|http://www.wikidata.org/entity/Q188055"
<http://www.wikidata.org/entity/Q7509925>	POINT(1.488333 48.446667)	"Siege of Chartres"@en				0911-07-25T00:00:00Z					"http://www.wikidata.org/entity/Q3153848"	5	"http://www.wikidata.org/entity/Q178561|http://www.wikidata.org/entity/Q188055"
<http://www.wikidata.org/entity/Q7509995>	POINT(-3.529722 50.725833)	"Siege of Exeter"@en				1068-01-01T00:00:00Z					"http://www.wikidata.org/entity/Q200485"	4	"http://www.wikidata.org/entity/Q178561|http://www.wikidata.org/entity/Q188055"
<http://www.wikidata.org/entity/Q7510162>	POINT(19.937222 50.061389)	"Siege of Kraków"@en				1587-01-01T00:00:00Z	1587-10-14T00:00:00Z	1587-11-29T00:00:00Z			"http://www.wikidata.org/entity/Q3016850"	4	"http://www.wikidata.org/entity/Q178561|http://www.wikidata.org/entity/Q188055"
<http://www.wikidata.org/entity/Q7510434>	POINT(24.745000 59.437222)	"Siege of Tallinn"@en				1221-01-01T00:00:00Z	1221-04-18T00:00:00Z	1221-05-02T00:00:00Z			"http://www.wikidata.org/entity/Q196409"	4	"http://www.wikidata.org/entity/Q178561|http://www.wikidata.org/entity/Q188055"
<http://www.wikidata.org/entity/Q751236>	POINT(1.389000 48.675000)	"Battle of Dreux"@en				1562-12-19T00:00:00Z					"http://www.wikidata.org/entity/Q673175"	17	"http://www.wikidata.org/entity/Q178561"
<http://www.wikidata.org/entity/Q755966>	POINT(43.433333 36.266667)	"Battle of Nineveh"@en				0627-12-15T00:00:00Z					"http://www.wikidata.org/entity/Q2326099"	35	"http://www.wikidata.org/entity/Q178561"
<http://www.wikidata.org/entity/Q756413>	POINT(15.557800 41.215600)	"Battle of Asculum"@en				-0278-01-01T00:00:00Z					"http://www.wikidata.org/entity/Q596373"	29	"http://www.wikidata.org/entity/Q178561"
<http://www.wikidata.org/entity/Q7598143>	POINT(12.500000 41.833333)	"Stand of the Swiss Guard"@en				1527-05-16T00:00:00Z					"http://www.wikidata.org/entity/Q465627"	1	"http://www.wikidata.org/entity/Q178561"
<http://www.wikidata.org/entity/Q762458>	POINT(10.816700 35.766700)	"Battle of Ruspina"@en				-0045-01-02T00:00:00Z					"http://www.wikidata.org/entity/Q1238338"	17	"http://www.wikidata.org/entity/Q178561"
<http://www.wikidata.org/entity/Q762600>	POINT(13.016700 43.833300)	"Battle of Fano"@en				0271-01-01T00:00:00Z					"http://www.wikidata.org/entity/Q116860805|http://www.wikidata.org/entity/Q1516956"	15	"http://www.wikidata.org/entity/Q178561"
<http://www.wikidata.org/entity/Q762717>	POINT(7.850000 44.700000)	"Battle of Pollentia"@en				0402-04-06T00:00:00Z					"http://www.wikidata.org/entity/Q3625654"	15	"http://www.wikidata.org/entity/Q178561"
<http://www.wikidata.org/entity/Q763428>	POINT(21.566667 40.816667)	"Battle of Pelagonia"@en				1259-09-01T00:00:00Z					"http://www.wikidata.org/entity/Q42320984"	23	"http://www.wikidata.org/entity/Q178561"
<http://www.wikidata.org/entity/Q764793>	POINT(10.100000 44.683333)	"Battle of Fornovo"@en				1495-07-06T00:00:00Z					"http://www.wikidata.org/entity/Q1355145"	19	"http://www.wikidata.org/entity/Q178561"
<http://www.wikidata.org/entity/Q764819>	POINT(4.750000 50.550000)	"Battle of Gembloux"@en				1578-02-10T00:00:00Z					"http://www.wikidata.org/entity/Q164432"	11	"http://www.wikidata.org/entity/Q178561"
<http://www.wikidata.org/entity/Q766072>	POINT(-5.706550 41.989900)	"Battle of Órbigo"@en				0456-10-06T00:00:00Z					"http://www.wikidata.org/entity/Q123920315"	13	"http://www.wikidata.org/entity/Q178561"
<http://www.wikidata.org/entity/Q766136>	POINT(-2.411944 57.308055)	"Battle of Harlaw"@en				1411-07-24T00:00:00Z					"http://www.wikidata.org/entity/Q26936722"	9	"http://www.wikidata.org/entity/Q178561"
<http://www.wikidata.org/entity/Q767124>	POINT(44.583333 33.100000)	"Battle of Ctesiphon"@en				0363-05-30T00:00:00Z					"http://www.wikidata.org/entity/Q1229305"	17	"http://www.wikidata.org/entity/Q178561"
<http://www.wikidata.org/entity/Q76721503>	POINT(6.070000 47.424167)	"Battle of Dournon"@en					1493-01-26T00:00:00Z	1493-01-27T00:00:00Z				1	"http://www.wikidata.org/entity/Q178561"
<http://www.wikidata.org/entity/Q767605>	POINT(7.355560 48.081700)	"Battle of Argentovaria"@en				0378-05-01T00:00:00Z						13	"http://www.wikidata.org/entity/Q178561"
<http://www.wikidata.org/entity/Q767844>	POINT(28.976900 41.016700)	"Siege of Constantinople"@en				1203-08-08T00:00:00Z	1203-07-17T00:00:00Z	1203-08-01T00:00:00Z			"http://www.wikidata.org/entity/Q51656"	23	"http://www.wikidata.org/entity/Q178561|http://www.wikidata.org/entity/Q188055"
<http://www.wikidata.org/entity/Q767848>	POINT(26.525000 41.670000)	"Battle of Adrianople (324)"@en				0324-07-04T00:00:00Z					"http://www.wikidata.org/entity/Q759835"	28	"http://www.wikidata.org/entity/Q178561"
<http://www.wikidata.org/entity/Q767935>	POINT(28.000000 36.166667)	"Siege of Rhodes"@en					1522-07-06T00:00:00Z	1523-01-01T00:00:00Z			"http://www.wikidata.org/entity/Q698985"	36	"http://www.wikidata.org/entity/Q178561|http://www.wikidata.org/entity/Q188055"
<http://www.wikidata.org/entity/Q769358>	POINT(12.783333 43.233333)	"Battle of Taginae"@en				0552-07-01T00:00:00Z					"http://www.wikidata.org/entity/Q477973"	26	"http://www.wikidata.org/entity/Q178561"
<http://www.wikidata.org/entity/Q774487>	POINT(5.453889 43.531111)	"Battle of Aquae Sextiae"@en				-0101-01-01T00:00:00Z					"http://www.wikidata.org/entity/Q903199"	25	"http://www.wikidata.org/entity/Q178561"
<http://www.wikidata.org/entity/Q776215>	POINT(4.800000 44.133333)	"Battle of Arausio"@en				-0104-10-02T00:00:00Z					"http://www.wikidata.org/entity/Q903199"	29	"http://www.wikidata.org/entity/Q178561"
<http://www.wikidata.org/entity/Q777332>	POINT(27.350000 41.400000)	"Battle of Arcadiopolis"@en				0970-03-01T00:00:00Z					"http://www.wikidata.org/entity/Q282226|http://www.wikidata.org/entity/Q2991800"	20	"http://www.wikidata.org/entity/Q178561"
<http://www.wikidata.org/entity/Q778730>	POINT(16.066028 41.236639)	"Battle of Canusium"@en				-0208-01-01T00:00:00Z					"http://www.wikidata.org/entity/Q6271"	19	"http://www.wikidata.org/entity/Q178561"
<http://www.wikidata.org/entity/Q780052>	POINT(7.385000 53.265800)	"Battle of Jemgum"@en				1533-10-24T00:00:00Z					"http://www.wikidata.org/entity/Q1313561"	5	"http://www.wikidata.org/entity/Q178561"
<http://www.wikidata.org/entity/Q783058>	POINT(22.533300 38.800000)	"Battle of Thermopylae"@en				-0190-01-01T00:00:00Z					"http://www.wikidata.org/entity/Q486831"	24	"http://www.wikidata.org/entity/Q178561"
<http://www.wikidata.org/entity/Q784296>	POINT(3.969445 49.863056)	"Battle of Tertry"@en				0687-01-01T00:00:00Z						15	"http://www.wikidata.org/entity/Q178561"
<http://www.wikidata.org/entity/Q815120>	POINT(16.866667 41.125278)	"Siege of Bari"@en					1068-08-11T00:00:00Z	1071-04-21T00:00:00Z			"http://www.wikidata.org/entity/Q327150"	20	"http://www.wikidata.org/entity/Q178561|http://www.wikidata.org/entity/Q188055"
<http://www.wikidata.org/entity/Q815160>	POINT(10.323056 36.853056)	"Siege of Carthage"@en					-0148-01-01T00:00:00Z	-0145-01-01T00:00:00Z			"http://www.wikidata.org/entity/Q6334"	27	"http://www.wikidata.org/entity/Q17781833|http://www.wikidata.org/entity/Q178561|http://www.wikidata.org/entity/Q188055|http://www.wikidata.org/entity/Q192623"
<http://www.wikidata.org/entity/Q815161>	POINT(35.216700 31.783300)	"Conquest of Jerusalem"@en					1187-09-27T00:00:00Z	1187-10-09T00:00:00Z			"http://www.wikidata.org/entity/Q52145976"	43	"http://www.wikidata.org/entity/Q178561|http://www.wikidata.org/entity/Q188055"
<http://www.wikidata.org/entity/Q815162>	POINT(30.523611 50.450000)	"Siege of Kyiv"@en				1240-01-01T00:00:00Z	1240-12-05T00:00:00Z	1240-12-13T00:00:00Z			"http://www.wikidata.org/entity/Q1134220"	18	"http://www.wikidata.org/entity/Q178561|http://www.wikidata.org/entity/Q188055"
<http://www.wikidata.org/entity/Q815173>	POINT(2.887778 48.959444)	"Siege of Meaux"@en					1421-10-15T00:00:00Z	1422-05-19T00:00:00Z			"http://www.wikidata.org/entity/Q12551"	10	"http://www.wikidata.org/entity/Q178561|http://www.wikidata.org/entity/Q188055"
<http://www.wikidata.org/entity/Q815196>	POINT(28.333300 57.816700)	"Siege of Pskov"@en					1581-08-28T00:00:00Z	1582-02-14T00:00:00Z			"http://www.wikidata.org/entity/Q246863"	11	"http://www.wikidata.org/entity/Q178561|http://www.wikidata.org/entity/Q188055"
<http://www.wikidata.org/entity/Q815203>	POINT(1.102500 49.443056)	"Siege of Rouen"@en					1418-08-09T00:00:00Z	1419-01-28T00:00:00Z			"http://www.wikidata.org/entity/Q12551"	13	"http://www.wikidata.org/entity/Q178561|http://www.wikidata.org/entity/Q188055"
<http://www.wikidata.org/entity/Q815233>	POINT(35.196111 33.270833)	"Siege of Tyre"@en					-0331-01-01T00:00:00Z	-0331-07-01T00:00:00Z			"http://www.wikidata.org/entity/Q551888"	34	"http://www.wikidata.org/entity/Q178561|http://www.wikidata.org/entity/Q188055"
<http://www.wikidata.org/entity/Q81650764>	POINT(-5.350000 36.150000)	"Battle of Gibraltar"@en				1476-01-01T00:00:00Z					"http://www.wikidata.org/entity/Q282135"	2	"http://www.wikidata.org/entity/Q1261499"
<http://www.wikidata.org/entity/Q8206120>	POINT(2.790000 39.706000)	"Assault on Alaró Castle"@en				1286-01-06T00:00:00Z					"http://www.wikidata.org/entity/Q625133"	2	"http://www.wikidata.org/entity/Q178561"
<http://www.wikidata.org/entity/Q8243979>	POINT(0.117500 41.721944)	"Battle of Alcolea de Cinca"@en				1413-07-19T00:00:00Z					"http://www.wikidata.org/entity/Q9068557"	2	"http://www.wikidata.org/entity/Q178561"
<http://www.wikidata.org/entity/Q8243982>	POINT(0.568889 41.798611)	"Battle of Almenar"@en				1082-01-01T00:00:00Z						5	"http://www.wikidata.org/entity/Q178561"
<http://www.wikidata.org/entity/Q8243989>	POINT(27.634748 41.028977)	"Battle of Apros"@en				1305-07-01T00:00:00Z					"http://www.wikidata.org/entity/Q3434336"	6	"http://www.wikidata.org/entity/Q178561"
<http://www.wikidata.org/entity/Q8244136>	POINT(-0.430555 39.480556)	"Battle of Quart de Poblet"@en				1094-10-31T00:00:00Z					"http://www.wikidata.org/entity/Q2993574"	7	"http://www.wikidata.org/entity/Q178561"
<http://www.wikidata.org/entity/Q8244222>	POINT(-0.185000 38.960000)	"Battle of Gandía"@en				1521-08-04T00:00:00Z					"http://www.wikidata.org/entity/Q3098752"	3	"http://www.wikidata.org/entity/Q178561"
<http://www.wikidata.org/entity/Q8244418>	POINT(2.008060 41.561100)	"Battle of Rovirans"@en				0985-01-01T00:00:00Z					"http://www.wikidata.org/entity/Q79791"	5	"http://www.wikidata.org/entity/Q178561"
<http://www.wikidata.org/entity/Q8244435>	POINT(22.416667 37.166667)	"Battle of Selasia"@en				-0194-01-01T00:00:00Z					"http://www.wikidata.org/entity/Q2073517"	2	"http://www.wikidata.org/entity/Q178561"
<http://www.wikidata.org/entity/Q8244468>	POINT(0.076667 40.712800)	"Battle of Tevar"@en				1090-01-01T00:00:00Z					"http://www.wikidata.org/entity/Q79791"	3	"http://www.wikidata.org/entity/Q178561"
<http://www.wikidata.org/entity/Q826083>	POINT(39.600000 24.466700)	"Battle of the Trench"@en				0627-01-01T00:00:00Z					"http://www.wikidata.org/entity/Q111939431"	55	"http://www.wikidata.org/entity/Q178561"
<http://www.wikidata.org/entity/Q827472>	POINT(34.566389 31.665833)	"Battle of Ascalon"@en					1099-08-18T00:00:00Z	1099-08-24T00:00:00Z			"http://www.wikidata.org/entity/Q51649"	37	"http://www.wikidata.org/entity/Q178561|http://www.wikidata.org/entity/Q188055"
<http://www.wikidata.org/entity/Q830626>	POINT(3.225000 50.580000)	"Battle of Bouvines"@en				1214-08-03T00:00:00Z					"http://www.wikidata.org/entity/Q19870743"	33	"http://www.wikidata.org/entity/Q178561"
<http://www.wikidata.org/entity/Q830878>	POINT(11.566667 63.796667)	"Battle of Stiklestad"@en				1030-07-29T00:00:00Z						27	"http://www.wikidata.org/entity/Q178561"
<http://www.wikidata.org/entity/Q83224>	POINT(0.487500 50.911945)	"Battle of Hastings"@en				1066-10-20T00:00:00Z					"http://www.wikidata.org/entity/Q200485"	81	"http://www.wikidata.org/entity/Q178561"
<http://www.wikidata.org/entity/Q835077>	POINT(19.750000 54.450000)	"Battle of Vistula Lagoon"@en				1463-09-15T00:00:00Z					"http://www.wikidata.org/entity/Q315921"	8	"http://www.wikidata.org/entity/Q1261499"
<http://www.wikidata.org/entity/Q836844>	POINT(44.500000 31.583333)	"Battle of al-Qadisiyyah"@en					0636-11-19T00:00:00Z	0636-11-22T00:00:00Z			"http://www.wikidata.org/entity/Q887684"	43	"http://www.wikidata.org/entity/Q178561"
<http://www.wikidata.org/entity/Q836944>	POINT(13.936155 45.870411)	"Battle of the Frigidus"@en					0394-09-06T00:00:00Z	0394-09-07T00:00:00Z				36	"http://www.wikidata.org/entity/Q178561"
<http://www.wikidata.org/entity/Q839234>	POINT(20.810556 50.302778)	"Battle of Grotniki"@en				1439-05-13T00:00:00Z					"http://www.wikidata.org/entity/Q478301"	9	"http://www.wikidata.org/entity/Q178561"
<http://www.wikidata.org/entity/Q841211>	POINT(19.016667 44.933333)	"Battle of Nedao"@en				0454-01-01T00:00:00Z						30	"http://www.wikidata.org/entity/Q178561"
<http://www.wikidata.org/entity/Q842361>	POINT(15.516667 44.900000)	"Battle of Gvozd Mountain"@en				1097-01-01T00:00:00Z						14	"http://www.wikidata.org/entity/Q178561"
<http://www.wikidata.org/entity/Q842796>	POINT(0.339000 51.748700)	"First Battle of St Albans"@en				1455-05-31T00:00:00Z					"http://www.wikidata.org/entity/Q127751"	28	"http://www.wikidata.org/entity/Q178561"
<http://www.wikidata.org/entity/Q844639>	POINT(35.333300 32.766700)	"Battle of Djahy"@en				-1177-01-01T00:00:00Z					"http://www.wikidata.org/entity/Q1059758"	16	"http://www.wikidata.org/entity/Q178561"
<http://www.wikidata.org/entity/Q846491>	POINT(8.416667 45.316667)	"Battle of Vercellae"@en				-0100-01-01T00:00:00Z					"http://www.wikidata.org/entity/Q903199"	25	"http://www.wikidata.org/entity/Q178561"
<http://www.wikidata.org/entity/Q847287>	POINT(34.920000 31.860000)	"Battle of Montgisard"@en				1177-11-25T00:00:00Z					"http://www.wikidata.org/entity/Q52145976"	38	"http://www.wikidata.org/entity/Q178561"
<http://www.wikidata.org/entity/Q848056>	POINT(13.014507 43.782373)	"Battle of the Metaurus"@en				-0206-01-01T00:00:00Z					"http://www.wikidata.org/entity/Q6271"	28	"http://www.wikidata.org/entity/Q178561"
<http://www.wikidata.org/entity/Q849474>	POINT(36.330543 35.742646)	"Battle of Qarqar"@en				-0852-01-01T00:00:00Z					"http://www.wikidata.org/entity/Q4810449"	26	"http://www.wikidata.org/entity/Q178561"
<http://www.wikidata.org/entity/Q849653>	POINT(11.047778 35.624444)	"Battle of Thapsus"@en				-0045-04-04T00:00:00Z					"http://www.wikidata.org/entity/Q1238338"	31	"http://www.wikidata.org/entity/Q178561"
<http://www.wikidata.org/entity/Q851504>	POINT(0.333300 46.583300)	"Battle of Vouille"@en				0507-01-01T00:00:00Z					"http://www.wikidata.org/entity/Q60760993"	39	"http://www.wikidata.org/entity/Q178561"
<http://www.wikidata.org/entity/Q853635>	POINT(14.400000 40.983333)	"Battle of Suessula"@en				-0342-01-01T00:00:00Z					"http://www.wikidata.org/entity/Q123014349|http://www.wikidata.org/entity/Q3782240"	9	"http://www.wikidata.org/entity/Q178561"
<http://www.wikidata.org/entity/Q853754>	POINT(23.514444 56.114444)	"Battle of Saule"@en				1236-09-22T00:00:00Z					"http://www.wikidata.org/entity/Q196409"	34	"http://www.wikidata.org/entity/Q178561"
<http://www.wikidata.org/entity/Q854523>	POINT(16.500000 45.000000)	"Croatian–Bulgarian battle of 927"@en				0926-01-01T00:00:00Z					"http://www.wikidata.org/entity/Q933498"	10	"http://www.wikidata.org/entity/Q178561"
<http://www.wikidata.org/entity/Q85745835>	POINT(13.715833 43.160833)	"Battle of Firmum"@en				-0089-01-01T00:00:00Z						1	"http://www.wikidata.org/entity/Q178561"
<http://www.wikidata.org/entity/Q85745838>	POINT(12.042007 44.215559)	"Battle of Forli"@en				1282-05-08T00:00:00Z						5	"http://www.wikidata.org/entity/Q178561"
<http://www.wikidata.org/entity/Q85745937>	POINT(14.066667 41.250000)	"Battle of Taenum"@en				-0089-01-01T00:00:00Z					"http://www.wikidata.org/entity/Q677316"	1	"http://www.wikidata.org/entity/Q178561"
<http://www.wikidata.org/entity/Q85745961>	POINT(46.000000 32.000000)	"Battle of the 25 of Abu"@en				-0308-08-05T00:00:00Z					"http://www.wikidata.org/entity/Q797952"	3	"http://www.wikidata.org/entity/Q178561"
<http://www.wikidata.org/entity/Q85859782>	POINT(9.729526 44.631952)	"Battle of Bardi"@en				1321-12-07T00:00:00Z					"http://www.wikidata.org/entity/Q187742"	3	"http://www.wikidata.org/entity/Q178561"
<http://www.wikidata.org/entity/Q85859789>	POINT(14.500000 37.780000)	"Battle of Cerami"@en				1063-06-01T00:00:00Z					"http://www.wikidata.org/entity/Q135172832"	6	"http://www.wikidata.org/entity/Q178561"
<http://www.wikidata.org/entity/Q85859814>	POINT(11.095600 44.773600)	"Battle of Solara"@en				1363-04-14T00:00:00Z					"http://www.wikidata.org/entity/Q187742"	2	"http://www.wikidata.org/entity/Q178561"
<http://www.wikidata.org/entity/Q858922>	POINT(2.488300 50.800600)	"Battle of Cassel"@en				1071-02-28T00:00:00Z						19	"http://www.wikidata.org/entity/Q178561"
<http://www.wikidata.org/entity/Q866862>	POINT(26.550000 40.250000)	"Battle of Aegospotami"@en				-0404-01-01T00:00:00Z					"http://www.wikidata.org/entity/Q9001160"	33	"http://www.wikidata.org/entity/Q1261499"
<http://www.wikidata.org/entity/Q867236>	POINT(7.920000 51.550000)	"Battle of Werl"@en				1585-01-01T00:00:00Z	1585-03-03T00:00:00Z	1585-03-08T00:00:00Z			"http://www.wikidata.org/entity/Q164432|http://www.wikidata.org/entity/Q524189"	4	"http://www.wikidata.org/entity/Q178561"
<http://www.wikidata.org/entity/Q86750828>	POINT(41.215700 37.075300)	"Battle of Nisibis"@en				0541-01-01T00:00:00Z					"http://www.wikidata.org/entity/Q127326892"	3	"http://www.wikidata.org/entity/Q178561"
<http://www.wikidata.org/entity/Q868027>	POINT(-6.197500 53.365000)	"Battle of Clontarf"@en				1014-04-29T00:00:00Z						23	"http://www.wikidata.org/entity/Q178561"
<http://www.wikidata.org/entity/Q870783>	POINT(4.809722 44.138333)	"Battle of Rhone Crossing"@en				-0217-09-01T00:00:00Z					"http://www.wikidata.org/entity/Q6271"	20	"http://www.wikidata.org/entity/Q178561"
<http://www.wikidata.org/entity/Q871366>	POINT(3.375000 51.350000)	"Battle of Sluys"@en				1340-07-02T00:00:00Z					"http://www.wikidata.org/entity/Q12551"	39	"http://www.wikidata.org/entity/Q1261499"
<http://www.wikidata.org/entity/Q872364>	POINT(6.144791 51.815142)	"Battle of Kleverhamm"@en				1397-06-15T00:00:00Z						5	"http://www.wikidata.org/entity/Q178561"
<http://www.wikidata.org/entity/Q872741>	POINT(8.469170 49.488900)	"Battle of Seckenheim"@en				1462-07-09T00:00:00Z					"http://www.wikidata.org/entity/Q607645"	6	"http://www.wikidata.org/entity/Q178561"
<http://www.wikidata.org/entity/Q877777>	POINT(11.945100 48.550100)	"Battle of Gammelsdorf"@en				1313-11-17T00:00:00Z						10	"http://www.wikidata.org/entity/Q178561"
<http://www.wikidata.org/entity/Q87779>	POINT(8.125833 52.407500)	"Battle of the Teutoburg Forest"@en				0009-09-01T00:00:00Z					"http://www.wikidata.org/entity/Q3348645"	65	"http://www.wikidata.org/entity/Q178561"
<http://www.wikidata.org/entity/Q879327>	POINT(12.579417 49.383936)	"Battle of Hiltersried"@en				1433-09-21T00:00:00Z					"http://www.wikidata.org/entity/Q478301"	5	"http://www.wikidata.org/entity/Q178561"
<http://www.wikidata.org/entity/Q888904>	POINT(34.950000 31.683333)	"Battle of Ajnadayn"@en				0634-01-01T00:00:00Z					"http://www.wikidata.org/entity/Q248984"	29	"http://www.wikidata.org/entity/Q178561"
<http://www.wikidata.org/entity/Q890341>	POINT(27.833333 38.666667)	"Battle of Thymbra"@en				-0546-12-01T00:00:00Z					"http://www.wikidata.org/entity/Q8423"	21	"http://www.wikidata.org/entity/Q178561"
<http://www.wikidata.org/entity/Q892169>	POINT(24.680000 43.610000)	"Battle of the Utus"@en				0477-01-01T00:00:00Z						16	"http://www.wikidata.org/entity/Q178561"
<http://www.wikidata.org/entity/Q895686>	POINT(10.112700 52.376000)	"Battle of Sievershausen"@en				1553-07-19T00:00:00Z					"http://www.wikidata.org/entity/Q233649"	6	"http://www.wikidata.org/entity/Q178561"
<http://www.wikidata.org/entity/Q906912>	POINT(-1.492222 53.680139)	"Battle of Wakefield"@en				1460-12-30T00:00:00Z					"http://www.wikidata.org/entity/Q127751"	26	"http://www.wikidata.org/entity/Q178561"
<http://www.wikidata.org/entity/Q908101>	POINT(7.406155 50.439195)	"Battle of Andernach"@en				0876-10-12T00:00:00Z						9	"http://www.wikidata.org/entity/Q178561"
<http://www.wikidata.org/entity/Q911131>	POINT(-0.741000 47.765000)	"Battle of La Brossinière"@en				1423-09-26T00:00:00Z					"http://www.wikidata.org/entity/Q12551"	8	"http://www.wikidata.org/entity/Q178561"
<http://www.wikidata.org/entity/Q913464>	POINT(14.527500 40.926111)	"Battle of Nola"@en				-0213-01-01T00:00:00Z					"http://www.wikidata.org/entity/Q6271"	15	"http://www.wikidata.org/entity/Q178561"
<http://www.wikidata.org/entity/Q913818>	POINT(35.183333 32.583333)	"Battle of Megiddo"@en				-0608-01-01T00:00:00Z						28	"http://www.wikidata.org/entity/Q178561"
<http://www.wikidata.org/entity/Q914152>	POINT(-4.918403 36.983253)	"Battle of Teba"@en				1330-08-09T00:00:00Z					"http://www.wikidata.org/entity/Q21081322"	6	"http://www.wikidata.org/entity/Q178561"
<http://www.wikidata.org/entity/Q916266>	POINT(26.671100 40.413300)	"Fall of Gallipoli"@en				1354-03-01T00:00:00Z					"http://www.wikidata.org/entity/Q630259"	21	"http://www.wikidata.org/entity/Q178561"
<http://www.wikidata.org/entity/Q916295>	POINT(-0.884167 52.223056)	"Battle of Northampton"@en				1460-07-10T00:00:00Z					"http://www.wikidata.org/entity/Q127751"	22	"http://www.wikidata.org/entity/Q178561"
<http://www.wikidata.org/entity/Q9172437>	POINT(13.215768 50.080130)	"Battle of Žlutice"@en				1421-11-01T00:00:00Z					"http://www.wikidata.org/entity/Q478301"	2	"http://www.wikidata.org/entity/Q178561"
<http://www.wikidata.org/entity/Q9172457>	POINT(15.516667 51.556667)	"Battle of Dadosesani Land"@en				1015-09-07T00:00:00Z						2	"http://www.wikidata.org/entity/Q178561"
<http://www.wikidata.org/entity/Q9172488>	POINT(14.116667 52.116667)	"Battle of the Spree"@en				1005-09-12T00:00:00Z						2	"http://www.wikidata.org/entity/Q178561"
<http://www.wikidata.org/entity/Q9172538>	POINT(2.426992 43.240092)	"Battle of Orbiel River"@en				0793-01-01T00:00:00Z					"http://www.wikidata.org/entity/Q11915295"	8	"http://www.wikidata.org/entity/Q178561"
<http://www.wikidata.org/entity/Q9172764>	POINT(34.566389 31.665833)	"Siege of Ascalon"@en				0067-01-01T00:00:00Z					"http://www.wikidata.org/entity/Q202578"	4	"http://www.wikidata.org/entity/Q178561|http://www.wikidata.org/entity/Q188055"
<http://www.wikidata.org/entity/Q9172798>	POINT(19.577222 50.311111)	"Battle of Bogucin"@en				1273-06-09T00:00:00Z						2	"http://www.wikidata.org/entity/Q178561"
<http://www.wikidata.org/entity/Q9172879>	POINT(13.643889 51.950278)	"Battle of Ciani"@en				1015-07-01T00:00:00Z					"http://www.wikidata.org/entity/Q597533"	2	"http://www.wikidata.org/entity/Q178561"
<http://www.wikidata.org/entity/Q9172931>	POINT(22.659167 52.397222)	"Battle of Drohiczyn"@en				1194-01-01T00:00:00Z						3	"http://www.wikidata.org/entity/Q178561"
<http://www.wikidata.org/entity/Q9173010>	POINT(15.481111 49.739722)	"Battle of Habry"@en				1422-01-17T00:00:00Z					"http://www.wikidata.org/entity/Q478301"	4	"http://www.wikidata.org/entity/Q178561"
<http://www.wikidata.org/entity/Q9173026>	POINT(14.884250 51.296861)	"Battle of Horką"@en				1431-01-12T00:00:00Z					"http://www.wikidata.org/entity/Q478301"	2	"http://www.wikidata.org/entity/Q178561"
<http://www.wikidata.org/entity/Q9173065>	POINT(35.229444 31.778611)	"Battle of Jerusalem"@en				0066-01-01T00:00:00Z					"http://www.wikidata.org/entity/Q202578"	2	"http://www.wikidata.org/entity/Q178561"
<http://www.wikidata.org/entity/Q9173125>	POINT(15.113056 52.052778)	"Battle of Krosno Odrzańskie"@en				1015-08-01T00:00:00Z						2	"http://www.wikidata.org/entity/Q178561"
<http://www.wikidata.org/entity/Q9173208>	POINT(14.535000 52.426111)	"Battle of Lubuszem (1209)"@en				1209-01-01T00:00:00Z						1	"http://www.wikidata.org/entity/Q178561"
<http://www.wikidata.org/entity/Q9173231>	POINT(27.583333 43.216667)	"Battle of Marcianople"@en				0376-01-01T00:00:00Z					"http://www.wikidata.org/entity/Q1366196"	12	"http://www.wikidata.org/entity/Q178561"
<http://www.wikidata.org/entity/Q9173301>	POINT(14.866389 52.924722)	"Battle of Myślibórz"@en				1278-08-01T00:00:00Z						2	"http://www.wikidata.org/entity/Q178561"
<http://www.wikidata.org/entity/Q9173324>	POINT(10.383068 36.615106)	"First Battle of Nepheris"@en				-0148-01-01T00:00:00Z					"http://www.wikidata.org/entity/Q6334"	3	"http://www.wikidata.org/entity/Q178561"
<http://www.wikidata.org/entity/Q9173368>	POINT(17.316667 50.466667)	"Battle of Nysa"@en				1428-03-27T00:00:00Z					"http://www.wikidata.org/entity/Q478301"	2	"http://www.wikidata.org/entity/Q178561"
<http://www.wikidata.org/entity/Q9173435>	POINT(17.279444 52.480000)	"Battle of Pobiedziska"@en				1041-01-01T00:00:00Z						3	"http://www.wikidata.org/entity/Q178561"
<http://www.wikidata.org/entity/Q9173474>	POINT(18.219722 50.091944)	"Battle of Raciborzem (1108)"@en				1108-01-01T00:00:00Z						1	"http://www.wikidata.org/entity/Q178561"
<http://www.wikidata.org/entity/Q9173478>	POINT(18.216700 50.083300)	"Battle of Racibórz"@en				1241-03-27T00:00:00Z					"http://www.wikidata.org/entity/Q2667645"	3	"http://www.wikidata.org/entity/Q178561"
<http://www.wikidata.org/entity/Q9173626>	POINT(9.476652 56.453337)	"Battle of Taphede"@en				1334-10-15T00:00:00Z						2	"http://www.wikidata.org/entity/Q178561"
<http://www.wikidata.org/entity/Q917376>	POINT(13.583300 37.316700)	"Battle of Agrigentum"@en				-0260-01-01T00:00:00Z					"http://www.wikidata.org/entity/Q6286"	28	"http://www.wikidata.org/entity/Q178561|http://www.wikidata.org/entity/Q188055"
<http://www.wikidata.org/entity/Q917811>	POINT(27.433300 38.616700)	"Battle of Magnesia"@en				-0189-01-01T00:00:00Z					"http://www.wikidata.org/entity/Q486831"	36	"http://www.wikidata.org/entity/Q178561"
<http://www.wikidata.org/entity/Q920169>	POINT(-16.468055 28.434722)	"Second Battle of Acentejo"@en				1495-01-03T00:00:00Z					"http://www.wikidata.org/entity/Q126682683"	5	"http://www.wikidata.org/entity/Q178561"
<http://www.wikidata.org/entity/Q922200>	POINT(-4.000000 39.000000)	"Battle of Montiel"@en				1369-03-14T00:00:00Z					"http://www.wikidata.org/entity/Q12551"	15	"http://www.wikidata.org/entity/Q178561"
<http://www.wikidata.org/entity/Q925828>	POINT(14.527500 40.926111)	"Battle of Nola"@en				-0215-01-01T00:00:00Z					"http://www.wikidata.org/entity/Q6271"	17	"http://www.wikidata.org/entity/Q178561"
<http://www.wikidata.org/entity/Q928903>	POINT(10.062855 37.058052)	"Battle of Utica"@en				-0239-01-01T00:00:00Z					"http://www.wikidata.org/entity/Q1132393"	11	"http://www.wikidata.org/entity/Q178561"
<http://www.wikidata.org/entity/Q929265>	POINT(21.900000 43.300000)	"Battle of Naissus"@en				0268-09-01T00:00:00Z					"http://www.wikidata.org/entity/Q116860805|http://www.wikidata.org/entity/Q12277247"	29	"http://www.wikidata.org/entity/Q178561"
<http://www.wikidata.org/entity/Q930521>	POINT(4.866667 50.716667)	"Battle of Jodoigne"@en				1568-10-20T00:00:00Z					"http://www.wikidata.org/entity/Q164432"	7	"http://www.wikidata.org/entity/Q178561"
<http://www.wikidata.org/entity/Q930550>	POINT(22.966667 38.350000)	"Battle of Coronea"@en				-0446-01-01T00:00:00Z					"http://www.wikidata.org/entity/Q743776"	18	"http://www.wikidata.org/entity/Q178561"
<http://www.wikidata.org/entity/Q932326>	POINT(27.278369 37.530233)	"Battle of Lade"@en				-0200-01-01T00:00:00Z					"http://www.wikidata.org/entity/Q2338771"	11	"http://www.wikidata.org/entity/Q1261499"
<http://www.wikidata.org/entity/Q932613>	POINT(-0.018889 44.851667)	"Battle of Castillon"@en				1453-07-17T00:00:00Z					"http://www.wikidata.org/entity/Q12551"	33	"http://www.wikidata.org/entity/Q178561"
<http://www.wikidata.org/entity/Q935088>	POINT(14.936945 50.028611)	"Battle of Lipany"@en				1434-05-30T00:00:00Z					"http://www.wikidata.org/entity/Q478301"	18	"http://www.wikidata.org/entity/Q178561"
<http://www.wikidata.org/entity/Q938980>	POINT(17.634445 47.684167)	"Battle of Ménfő"@en				1044-07-12T00:00:00Z					"http://www.wikidata.org/entity/Q134730227"	13	"http://www.wikidata.org/entity/Q178561"
<http://www.wikidata.org/entity/Q939358>	POINT(36.714462 34.723185)	"First Battle of Homs"@en				1260-12-17T00:00:00Z						16	"http://www.wikidata.org/entity/Q178561"
<http://www.wikidata.org/entity/Q939570>	POINT(26.035000 40.730556)	"Battle of Maritsa"@en				1371-09-26T00:00:00Z					"http://www.wikidata.org/entity/Q107435543"	37	"http://www.wikidata.org/entity/Q178561"
<http://www.wikidata.org/entity/Q940026>	POINT(34.806944 32.194444)	"Battle of Arsuf"@en				1191-09-14T00:00:00Z					"http://www.wikidata.org/entity/Q51655"	36	"http://www.wikidata.org/entity/Q178561"
<http://www.wikidata.org/entity/Q940722>	POINT(25.416667 57.500000)	"Battle of Ümera"@en				1210-01-01T00:00:00Z					"http://www.wikidata.org/entity/Q196409"	11	"http://www.wikidata.org/entity/Q178561"
<http://www.wikidata.org/entity/Q940959>	POINT(-1.100000 51.444000)	"Battle of Englefield"@en				0871-01-04T00:00:00Z					"http://www.wikidata.org/entity/Q7053398"	12	"http://www.wikidata.org/entity/Q178561"
<http://www.wikidata.org/entity/Q941093>	POINT(2.667935 51.072566)	"Battle of Furnes"@en				1297-08-20T00:00:00Z					"http://www.wikidata.org/entity/Q195983"	10	"http://www.wikidata.org/entity/Q178561"
<http://www.wikidata.org/entity/Q941312>	POINT(3.218990 43.347600)	"Massacre at Béziers"@en				1209-07-29T00:00:00Z					"http://www.wikidata.org/entity/Q51657"	13	"http://www.wikidata.org/entity/Q178561|http://www.wikidata.org/entity/Q188055|http://www.wikidata.org/entity/Q3199915"
<http://www.wikidata.org/entity/Q9424298>	POINT(13.366700 38.116700)	"Battle of Palermo"@en				-0253-01-01T00:00:00Z						4	"http://www.wikidata.org/entity/Q178561"
<http://www.wikidata.org/entity/Q94414>	POINT(12.323200 42.484200)	"Battle of Lake Vadimo"@en				-0309-01-01T00:00:00Z					"http://www.wikidata.org/entity/Q3953988"	16	"http://www.wikidata.org/entity/Q178561"
<http://www.wikidata.org/entity/Q945396>	POINT(3.323611 49.381667)	"Battle of Soissons"@en				0923-01-01T00:00:00Z						13	"http://www.wikidata.org/entity/Q178561"
<http://www.wikidata.org/entity/Q954356>	POINT(30.783333 48.658333)	"Battle of Blue Waters"@en					1362-10-02T00:00:00Z	1363-01-02T00:00:00Z			"http://www.wikidata.org/entity/Q12088245|http://www.wikidata.org/entity/Q139377286"	29	"http://www.wikidata.org/entity/Q178561"
<http://www.wikidata.org/entity/Q954968>	POINT(51.801649 31.777205)	"Battle of Gabiene"@en				-0315-01-01T00:00:00Z					"http://www.wikidata.org/entity/Q2543376"	19	"http://www.wikidata.org/entity/Q178561"
<http://www.wikidata.org/entity/Q956923>	POINT(-2.100000 55.020000)	"Battle of Heavenfield"@en				0634-01-01T00:00:00Z						14	"http://www.wikidata.org/entity/Q178561"
<http://www.wikidata.org/entity/Q957186>	POINT(-4.980670 43.273372)	"Battle of Covadonga"@en				0718-01-01T00:00:00Z					"http://www.wikidata.org/entity/Q79791"	44	"http://www.wikidata.org/entity/Q178561"
<http://www.wikidata.org/entity/Q958133>	POINT(-0.946944 38.085556)	"Battle of Oriola"@en				1521-09-09T00:00:00Z					"http://www.wikidata.org/entity/Q3098752"	3	"http://www.wikidata.org/entity/Q178561"
<http://www.wikidata.org/entity/Q960915>	POINT(12.389172 43.110701)	"Battle of Perugia"@en					-0040-01-01T00:00:00Z	-0039-01-01T00:00:00Z			"http://www.wikidata.org/entity/Q643987"	2	"http://www.wikidata.org/entity/Q178561"
<http://www.wikidata.org/entity/Q961243>	POINT(-2.800000 56.630000)	"Battle of Dun Nechtain"@en				0685-05-23T00:00:00Z						17	"http://www.wikidata.org/entity/Q178561"
<http://www.wikidata.org/entity/Q96373234>	POINT(22.716667 37.616667)	"Battle of Argos"@en				-0271-01-01T00:00:00Z					"http://www.wikidata.org/entity/Q5919487"	3	"http://www.wikidata.org/entity/Q178561"
<http://www.wikidata.org/entity/Q963839>	POINT(10.171700 36.608500)	"Battle of Adys"@en				-0254-01-01T00:00:00Z					"http://www.wikidata.org/entity/Q6286"	20	"http://www.wikidata.org/entity/Q178561"
<http://www.wikidata.org/entity/Q964226>	POINT(29.150300 41.010000)	"Battle of Pelekanon"@en				1329-01-01T00:00:00Z	1329-06-18T00:00:00Z	1329-06-19T00:00:00Z			"http://www.wikidata.org/entity/Q630259"	24	"http://www.wikidata.org/entity/Q178561"
<http://www.wikidata.org/entity/Q9651035>	POINT(-8.789429 41.694778)	"Battle of Cerneja"@en				1139-01-01T00:00:00Z					"http://www.wikidata.org/entity/Q2721785"	5	"http://www.wikidata.org/entity/Q178561"
<http://www.wikidata.org/entity/Q966312>	POINT(27.650000 42.550000)	"Battle of Anchialus"@en				0763-07-04T00:00:00Z					"http://www.wikidata.org/entity/Q2288144"	15	"http://www.wikidata.org/entity/Q178561"
<http://www.wikidata.org/entity/Q966386>	POINT(5.500000 45.333333)	"Battle of Vézeronce"@en				0524-06-25T00:00:00Z					"http://www.wikidata.org/entity/Q1016077"	17	"http://www.wikidata.org/entity/Q178561"
<http://www.wikidata.org/entity/Q968551>	POINT(30.633333 41.116667)	"Battle of Mount Scorobas"@en				-0087-01-01T00:00:00Z					"http://www.wikidata.org/entity/Q1647768"	6	"http://www.wikidata.org/entity/Q178561"
<http://www.wikidata.org/entity/Q96986777>	POINT(9.751083 49.549233)	"Battle of Königshofen"@en				1525-06-12T00:00:00Z					"http://www.wikidata.org/entity/Q154031"	1	"http://www.wikidata.org/entity/Q178561"
<http://www.wikidata.org/entity/Q971248>	POINT(37.275000 36.545000)	"Battle of Marj Dabiq"@en				1516-08-24T00:00:00Z					"http://www.wikidata.org/entity/Q4338038"	29	"http://www.wikidata.org/entity/Q178561"
<http://www.wikidata.org/entity/Q971507>	POINT(35.883333 40.300000)	"Battle of Zela"@en				-0046-06-01T00:00:00Z					"http://www.wikidata.org/entity/Q1238338|http://www.wikidata.org/entity/Q18408280"	27	"http://www.wikidata.org/entity/Q178561"
<http://www.wikidata.org/entity/Q97196090>	POINT(2.176900 41.382500)	"Battle of Barcelona"@en				0935-01-01T00:00:00Z					"http://www.wikidata.org/entity/Q79791"	1	"http://www.wikidata.org/entity/Q178561"
<http://www.wikidata.org/entity/Q972445>	POINT(27.799873 40.399836)	"Siege of Cyzicus"@en				-0072-01-01T00:00:00Z					"http://www.wikidata.org/entity/Q1764124"	10	"http://www.wikidata.org/entity/Q178561|http://www.wikidata.org/entity/Q188055"
<http://www.wikidata.org/entity/Q975123>	POINT(26.847500 37.992778)	"Battle of Notium"@en				-0405-01-01T00:00:00Z					"http://www.wikidata.org/entity/Q33745"	15	"http://www.wikidata.org/entity/Q1261499"
<http://www.wikidata.org/entity/Q975376>	POINT(23.633333 38.300000)	"Battle of Oenophyta"@en				-0456-01-01T00:00:00Z					"http://www.wikidata.org/entity/Q743776"	14	"http://www.wikidata.org/entity/Q178561"
<http://www.wikidata.org/entity/Q978823>	POINT(29.156111 40.431667)	"Battle of Civetot"@en				1096-10-21T00:00:00Z					"http://www.wikidata.org/entity/Q51650"	17	"http://www.wikidata.org/entity/Q178561"
<http://www.wikidata.org/entity/Q98785100>	POINT(-1.080278 53.958333)	"Battle of York"@en				0867-01-01T00:00:00Z					"http://www.wikidata.org/entity/Q7053398"	8	"http://www.wikidata.org/entity/Q178561"
<http://www.wikidata.org/entity/Q98799580>	POINT(-2.115800 51.458500)	"Battle of Chippenham"@en				0878-01-01T00:00:00Z					"http://www.wikidata.org/entity/Q7053398"	3	"http://www.wikidata.org/entity/Q178561"
<http://www.wikidata.org/entity/Q991390>	POINT(30.321711 37.374981)	"Battle of Cretopolis"@en				-0318-01-01T00:00:00Z					"http://www.wikidata.org/entity/Q2912306"	8	"http://www.wikidata.org/entity/Q178561"
<http://www.wikidata.org/entity/Q999235>	POINT(14.550000 41.183300)	"Battle of Ager Falernus"@en				-0216-01-01T00:00:00Z					"http://www.wikidata.org/entity/Q6271"	13	"http://www.wikidata.org/entity/Q178561"
