?i	?names
<http://www.wikidata.org/entity/Q1030249>	"ca:Batalla de Fahl|de:Schlacht von Fahl|nl:Battle of Fahl|ga:Cath Fahl|es:Batalla de Fahl|pt:Batalha de Fahl|fr:bataille de Fahl|it:battaglia di Fahl"
<http://www.wikidata.org/entity/Q1036947>	"sv:Slaget vid deltat|hu:Nílus-deltai csata|ca:batalla del Delta|nl:Battle of the Delta|es:batalla del Delta|pt:Batalha do Delta|fr:bataille du delta du Nil|it:battaglia del Delta del Nilo|pl:Bitwa morska w delcie Nilu"
<http://www.wikidata.org/entity/Q1041463>	"cs:Bitva u Saint-Denis|hu:saint-denis-i csata|de:Schlacht bei Saint-Denis|nl:Slag bij Saint-Denis|ga:Cath Saint-Denis|es:Batalla de Saint-Denis (1567)|fr:bataille de Saint-Denis|it:battaglia di Saint-Denis|pl:Bitwa pod Saint-Denis"
<http://www.wikidata.org/entity/Q1042049>	"ro:Bătălia de la Jarnac|hu:jarnaci csata|eu:Jarnaceko gudua|de:Schlacht bei Jarnac|nl:Slag bij Jarnac|sl:Bitka pri Jarnacu|ga:Cath Jarnac|es:Batalla de Jarnac|fr:bataille de Jarnac|it:battaglia di Jarnac|pl:Bitwa pod Jarnac"
<http://www.wikidata.org/entity/Q1048401>	"sk:bitka pri Versinikii|hu:verszinikiai csata|ca:batalla de Versinicia|de:Schlacht von Adrianopel|nl:Battle of Versinikia|ga:Cath Versinikia|es:Batalla de Versinikia|pt:Batalha de Versinikia|fr:deuxième bataille d'Andrinople|it:battaglia di Versinicia|pl:Bitwa pod Wersyniką"
<http://www.wikidata.org/entity/Q104865053>	"es:batalla de Fahs al-Yallab|fr:bataille de Fahs al-Jullab"
<http://www.wikidata.org/entity/Q1048657>	"ga:Cath Shamkor|es:Batalla de Shamkor"
<http://www.wikidata.org/entity/Q1049530>	"cs:bitva u Karuse|hu:karusei csata|lt:Karusės mūšis|et:Karuse lahing|ga:Cath Karuse|es:Batalla de Karuse|pt:Batalha de Karuse|fr:bataille de Karuse|lv:Karuzes kauja|it:Battaglia di Karuse"
<http://www.wikidata.org/entity/Q1049697>	"hu:płowcei csata|de:Schlacht bei Płowce|nl:Slag van Płowce|ga:Cath Płowce|es:batalla de Płowce|pt:Batalha de Płowce|fr:bataille de Płowce|pl:Bitwa pod Płowcami"
<http://www.wikidata.org/entity/Q105162351>	"es:toma de Fez (1554)|pt:Tomada de Fez (1554)|fr:prise de Fès"
<http://www.wikidata.org/entity/Q1054975>	"ca:batalla de Préveza|de:Seeschlacht von Preveza|nl:slag bij Preveza|et:Preveza merelahing|es:batalla de Préveza|pt:Batalha de Preveza|fr:bataille de Prévéza|it:battaglia di Prevesa|fi:Prévezan taistelu|pl:Bitwa morska pod Prevezą"
<http://www.wikidata.org/entity/Q1055755>	"cs:Bitva u Ilipy|sv:Slaget vid Ilipa|ca:batalla d'Ilipa|de:Schlacht von Ilipa|nl:Slag bij Ilipa|ga:Cath Ilipa|es:batalla de Ilipa|nb:Slaget ved Ilipa|pt:Batalha de Ilipa|fr:bataille d'Ilipa|it:battaglia di Ilipa|fi:Ilipan taistelu"
<http://www.wikidata.org/entity/Q10572590>	"da:Langfredagsslaget|sv:Långfredagsslaget vid Uppsala"
<http://www.wikidata.org/entity/Q106103749>	"cs:bitva u Horních Dubenek"
<http://www.wikidata.org/entity/Q1062615>	"ro:Bătălia de la Auray|cs:bitva u Auray|sv:Slaget vid Auray|hu:auray-i csata|ca:batalla d'Auray|de:Schlacht von Auray|nl:Battle of Auray|gl:batalla de Auray|ga:Cath Auray|es:batalla de Auray|pt:Batalha de Auray|fr:bataille d'Auray|it:battaglia di Auray|fi:Aurayn taistelu|pl:Bitwa o Auray"
<http://www.wikidata.org/entity/Q106542708>	"ga:Cath Cesar|es:batalla de Cesar|pt:Batalha de Cesar"
<http://www.wikidata.org/entity/Q10671352>	"sv:Slaget vid Ettak|ga:Cath Ettak|nb:Slaget ved Ettak"
<http://www.wikidata.org/entity/Q10671354>	"sv:Slaget vid Gataskogen|ga:Cath Gataskogen|es:Batalla de Gataskogen|nb:Slaget ved Gataskogen|fr:bataille de Gataskogen"
<http://www.wikidata.org/entity/Q10671357>	"sv:Slaget vid Haraker|ga:Cath Haraker|es:Batalla de Haraker"
<http://www.wikidata.org/entity/Q10671361>	"sv:Slaget vid Herrevadsbro|ga:Cath Herrevadsholm|nb:Slaget ved Herrevadsbro|pt:Batalha de Herrevadsbro"
<http://www.wikidata.org/entity/Q10671364>	"sv:Slaget vid Holmengrå|ga:Cath Holmengrå|es:Batalla de Holmengrå|nb:Slaget ved Holmengrå"
<http://www.wikidata.org/entity/Q10671367>	"sv:Slaget vid Hällaskogen|ga:Cath Hällaskogen"
<http://www.wikidata.org/entity/Q10671413>	"sv:Slaget vid Öland (1563)|ga:Cath Öland|es:Batalla de Öland|nb:Slaget ved Öland|fr:bataille de Öland"
<http://www.wikidata.org/entity/Q106767501>	"es:batalla de Poggio Imperiale|it:Battaglia di Poggio Imperiale"
<http://www.wikidata.org/entity/Q106855846>	"ga:Cath Ascurum|es:batalla de Ascurum"
<http://www.wikidata.org/entity/Q107304813>	"es:Batalla de Curicta"
<http://www.wikidata.org/entity/Q1073358>	"ro:Bătălia de la Vaslui|cs:bitva u Vaslui|hu:vászlói csata|de:Schlacht bei Vaslui|nl:Slag bij Vaslui|mul:Battle of Vaslui|et:Vaslui lahing|sl:Bitka pri mestu Vaslui|ga:Cath Vaslui|es:Batalla de Vaslui|fr:bataille de Vaslui|it:battaglia di Vaslui|pl:Bitwa pod Vaslui"
<http://www.wikidata.org/entity/Q107445561>	"ga:Léigear Úbeda|es:batalla de Úbeda"
<http://www.wikidata.org/entity/Q107470306>	"es:batalla del Vernavola|fr:bataille de la Vernavola|it:Battaglia della Vernavola"
<http://www.wikidata.org/entity/Q1076246>	"ro:Bătălia de la Posada|sk:Bitka pri Posade|cs:Bitva u Posady|hu:posadai csata|de:Schlacht bei Posada|nl:Slag bij Posada|gl:Batalla de Posada|sl:Bitka pri Posadi|ga:Cath Posada|es:Batalla de Posada|pt:Batalha de Posada|fr:bataille de Posada|pl:Bitwa pod Posadą"
<http://www.wikidata.org/entity/Q1082410>	"hu:Szent Mátyás-napi csata|et:Madisepäeva lahing|es:Batalla del día de San Mateo|pt:Batalha do Dia de São Mateus|lv:Svētā Matīsa dienas kauja|it:Battaglia del giorno di San Matteo|fi:Matinpäivän taistelu|pl:Bitwa w dniu św. Mateusza"
<http://www.wikidata.org/entity/Q108293899>	"cs:Bitva u Vilémova|ga:Cath Vilémov"
<http://www.wikidata.org/entity/Q108482058>	"cs:Obléhání Horažďovic"
<http://www.wikidata.org/entity/Q108482063>	"cs:Bitva u Nýrska|ga:Cath Nýrsk"
<http://www.wikidata.org/entity/Q1085253>	"ca:Batalla de Kunduzca|sl:Bitka pri Kondurči|es:batalla del río Kondurcha|pt:Batalha do rio Kondurcha|fr:bataille de la rivière Kondourtcha|it:Battaglia del fiume Kondurča|pl:Bitwa pod Kunduzczą"
<http://www.wikidata.org/entity/Q108942993>	"cs:Obléhání Žatce"
<http://www.wikidata.org/entity/Q108943041>	"cs:Bitva u Pačkova"
<http://www.wikidata.org/entity/Q109017310>	"es:batalla de Brest (1513)|fr:bataille de Brest"
<http://www.wikidata.org/entity/Q109017319>	"es:batalla de la bahía de Blancs-Sablons|fr:bataille de la baie des Blancs-Sablons"
<http://www.wikidata.org/entity/Q109065541>	"sk:Bitka pri Holíči|cs:Bitva o Holíč|ga:Cath Holíč"
<http://www.wikidata.org/entity/Q1092099>	"lt:Skuodo mūšis|eu:Skuodaseko gudua|ga:Cath Skuodas|es:Batalla de Skuodas|fr:bataille de Skuodas|lv:Kauja pie Skodas|it:Battaglia di Skuodas"
<http://www.wikidata.org/entity/Q109232209>	"cs:Bitva u Kamenice nad Lipou"
<http://www.wikidata.org/entity/Q109279199>	"cs:Bitva u Kroměříže"
<http://www.wikidata.org/entity/Q109301504>	"ga:Cath Cesano|fr:bataille de Cesano (1462)|it:Battaglia del Cesano (1462)"
<http://www.wikidata.org/entity/Q109377039>	"ga:Cath Nidastore|fr:bataille de Nidastore (1461)|it:Battaglia di Nidastore (1461)"
<http://www.wikidata.org/entity/Q109377210>	"ga:Cath Antigonia|es:batalla de Antigonia|it:Battaglia di Antigonia"
<http://www.wikidata.org/entity/Q109377380>	"ga:Cath Siziano|es:batalla de Siziano|fr:bataille de Siziano|it:Battaglia di Siziano"
<http://www.wikidata.org/entity/Q109377381>	"ga:Cath Carcano|es:batalla de Carcano|fr:bataille de Carcano|it:Battaglia di Carcano"
<http://www.wikidata.org/entity/Q109377957>	"es:batalla de Casei Gerola|fr:bataille de Casei Gerola|it:Battaglia di Casei Gerola"
<http://www.wikidata.org/entity/Q109423305>	"gl:batalla de Anceo|ga:Cath Anceo|es:batalla de Anceo"
<http://www.wikidata.org/entity/Q1094996>	"es:batalla de Dair al-Aqul|pt:Batalha de Dair Alacul|fr:bataille de Dayr al-Aqul"
<http://www.wikidata.org/entity/Q109644500>	"cs:Bitva u Libčan|ga:Cath Libčany"
<http://www.wikidata.org/entity/Q1098377>	"ca:setge de Narbona|nl:Battle of Narbonne|sl:bitka za Narbonno (436)|ga:Cath Narbonne|es:batalla de Narbona (436)|fr:siège de Narbonne|it:battaglia di Narbona|pl:Bitwa pod Narbonne"
<http://www.wikidata.org/entity/Q1099263>	"ro:Asediul Bursei|ca:setge de Bursa|de:Belagerung von Bursa|nl:Siege of Bursa|ga:Léigear Bursa|es:Sitio de Bursa|fr:siège de Bursa|it:assedio di Bursa"
<http://www.wikidata.org/entity/Q109935104>	"cs:Bitva u Veselí nad Moravou"
<http://www.wikidata.org/entity/Q109935106>	"cs:Bitva u Soběslavi"
<http://www.wikidata.org/entity/Q109935107>	"cs:Bitva u Zámostí"
<http://www.wikidata.org/entity/Q109935109>	"cs:Bitva u Uherského Brodu"
<http://www.wikidata.org/entity/Q109935117>	"cs:Přepadení Jihlavy|de:přepadení Jihlavy (1402 : Jihlava, Česko)"
<http://www.wikidata.org/entity/Q11017694>	"ca:combat de Nicòtena|es:batalla naval de Nicótera|it:battaglia di Nicotera"
<http://www.wikidata.org/entity/Q110270676>	"cs:Bitva u Dráchova"
<http://www.wikidata.org/entity/Q110463232>	"ca:Conquesta d'Almeria|es:conquista de Almería (1147)"
<http://www.wikidata.org/entity/Q1109794>	"cs:bitva u Desia|hu:desiói csata|nl:battle of Desio|et:Desio lahing|sl:bitka pri Desiu|ga:Cath Desio|es:batalla de Desio|fr:bataille de Desio|it:battaglia di Desio"
<http://www.wikidata.org/entity/Q111207487>	"es:batalla de Ceuta (1182)|fr:bataille de Ceuta (1182)"
<http://www.wikidata.org/entity/Q1113659>	"da:Slaget ved Fulford|ro:Bătălia de la Fulford|cs:bitva u Fulfordu|hu:fulfordi csata|ca:Batalla de Fulford|de:Schlacht bei Fulford|nl:Slag bij Fulford|ga:Cath Fulford|es:Batalla de Fulford|nb:Slaget ved Fulford|pt:Batalha de Fulford|fr:bataille de Fulford|it:battaglia di Fulford|fi:Fulfordin taistelu|pl:Bitwa pod Fulford"
<http://www.wikidata.org/entity/Q11154360>	"cs:Bitva o Tábor|ga:Cath Tábor"
<http://www.wikidata.org/entity/Q11154362>	"cs:bitva o Třebíč|ga:Cath Třebíč|es:Batalla de Třebíč|fr:bataille de Třebíč"
<http://www.wikidata.org/entity/Q11154688>	"cs:Bitva u Bejdova|ga:Cath Waidhofen|es:Batalla de Waidhofen"
<http://www.wikidata.org/entity/Q11155697>	"cs:bitva u Křeče|ga:Cath Kretsch|es:Batalla de Kretsch|pl:Bitwa pod Křečem"
<http://www.wikidata.org/entity/Q11155804>	"cs:bitva u Loděnice (1179)|ga:Cath Loděnice"
<http://www.wikidata.org/entity/Q11155823>	"cs:bitva u Loděnice|de:Schlacht bei Loděnice|ga:Cath Loděnice|fr:bataille de Loděnice"
<http://www.wikidata.org/entity/Q11155959>	"cs:bitva u Mladé Vožice"
<http://www.wikidata.org/entity/Q11156122>	"cs:bitva u Panského Boru|pl:Bitwa pod Małym Borem"
<http://www.wikidata.org/entity/Q11156164>	"cs:bitva u Poříčí nad Sázavou|pl:Bitwa pod Benešovem"
<http://www.wikidata.org/entity/Q11156425>	"cs:bitva u Strauchova dvora"
<http://www.wikidata.org/entity/Q11156638>	"cs:bitva u Vysoké|ga:Cath Vysoké"
<http://www.wikidata.org/entity/Q11156922>	"cs:bitva u Živohoště|de:bitva u Živohoště|ga:Cath Živohoště|es:Batalla de Živohoště|pl:Bitwa pod Živohoštem"
<http://www.wikidata.org/entity/Q1115943>	"cs:Bitva u Soissons|ca:batalla de Soissons|de:Schlacht bei Soissons (718)|nl:Slag bij Soissons|sl:bitka pri Soissonsu|ga:Cath Soissons|es:Batalla de Soissons|fr:bataille de Néry|it:battaglia di Soissons"
<http://www.wikidata.org/entity/Q112016>	"cs:Bitva u Perské brány|hu:perzsa-kapui csata|ca:Batalla de les Portes Perses|de:Schlacht an den persischen Toren|nl:Slag bij de Perzische Poorten|hr:Bitka kod Perzijskih vrata|es:Batalla de la Puerta Persa|fr:bataille des Portes persiques|it:battaglia della porta persiana|fi:Persian porttien taistelu|pl:Bitwa o Wrota Perskie"
<http://www.wikidata.org/entity/Q1121532>	"ro:bătălia de la Alcácer Quibir|cy:Brwydr Alcácer Quibir|ca:batalla de Kasr al-Kabir|eu:Ksar el-Kebirreko gudua|de:Schlacht von Alcácer-Quibir|nl:Slag der Drie Koningen|gl:Batalla de Alcazarquivir|sl:bitka pri Alkazarkibirju|es:batalla de Alcazarquivir|nb:Slaget ved Alcácer Quibir|pt:Batalha de Alcácer-Quibir|fr:bataille des Trois Rois|it:battaglia di Alcazarquivir|fi:Ksar el-Kebirin taistelu|pl:Bitwa pod Alcácer-Quibir"
<http://www.wikidata.org/entity/Q112181341>	"es:batalla de Medina Elvira"
<http://www.wikidata.org/entity/Q112229312>	"cs:Bitva u Prahy"
<http://www.wikidata.org/entity/Q112502975>	"cs:Bitva u Podůlšan"
<http://www.wikidata.org/entity/Q112503114>	"cs:Bitva u Žatce"
<http://www.wikidata.org/entity/Q112653311>	"cs:Bitva u Skalice (1424)|ga:Cath Skalice"
<http://www.wikidata.org/entity/Q1127337>	"ro:Bătălia de la Mons Graupius|cs:bitva u Mons Graupius|sv:Slaget vid Mons Graupius|cy:Brwydr Mons Graupius|ca:batalla del mont Graupi|de:Schlacht am Mons Graupius|nl:Slag bij Mons Graupius|la:Montis Graupii pugna|sl:Bitka na Mons Graupius|es:Batalla del monte Graupius|nb:Slaget ved Mons Graupius|pt:Batalha de Monte Gráupio|fr:bataille du mont Graupius|it:battaglia del monte Graupio|fi:Mons Graupiuksen taistelu|pl:Bitwa pod Mons Graupius"
<http://www.wikidata.org/entity/Q1127353>	"cs:Bitva u desátého milníku|ca:batalla del Desè Mil·liari|de:Schlacht bei Ad Decimum|nl:Slag bij Ad Decimum|la:Proelium ad decimum commissum|es:batalla de Ad Decimum|nb:Slaget ved Ad Decimum|pt:Batalha de Ad Decimum|fr:bataille de l'Ad Decimum|it:battaglia di Ad Decimum|fi:Ad Decimumin taistelu|pl:Bitwa pod Ad Decimum"
<http://www.wikidata.org/entity/Q113009655>	"de:Belagerung von Karthago|ga:Cath na Cartaige|es:batalla de Cartago|fr:bataille de Carthage"
<http://www.wikidata.org/entity/Q1130525>	"ca:batalla de Compiègne|nl:Slag bij Compiègne|ga:Cath Compiègne|es:Batalla de Compiègne|pt:Batalha de Compiègne|fr:bataille de Compiègne|it:battaglia di Compiègne"
<http://www.wikidata.org/entity/Q1132306>	"ca:batalla de Tziràl·lon|nl:Battle of Tzirallum|ga:Cath Tzirallum|es:Batalla de Tzirallum|pt:Batalha de Tzíralo|fr:bataille de Tzirallum|it:battaglia di Tzirallum|pl:Bitwa pod Adrianopolem"
<http://www.wikidata.org/entity/Q113317>	"ca:batalla de Lilibèon|de:Zweite Schlacht von Lilybaeum|es:Batalla de Lilibea|pt:Batalha de Lilibeu|fr:bataille de Lilybée|it:battaglia di Lilibeo"
<http://www.wikidata.org/entity/Q1133574>	"da:Kamelslaget|ro:Bătălia Cămilei|sv:Kamelslaget|ca:Batalla del Camell|lt:Kupranugario mūšis|de:Kamelschlacht|nl:Slag van de Kameel|es:Batalla del Camello|nb:Kamelslaget|pt:Batalha do Camelo|fr:bataille du chameau|it:battaglia del Cammello|fi:Kamelitaistelu|pl:Bitwa Wielbłądzia"
<http://www.wikidata.org/entity/Q1134649>	"cs:Bitva u Aegatských ostrovů|hu:Aegates-szigeteki csata|ca:batalla de les Egusses|de:Schlacht bei den Ägatischen Inseln|nl:Slag bij de Egadische Eilanden|es:Batalla de las Islas Egadas|nb:Slaget ved Egadiøyene|pt:Batalha das Ilhas Égadas|fr:bataille des îles Égates|it:battaglia delle Isole Egadi|pl:Bitwa koło Wysp Egadzkich"
<http://www.wikidata.org/entity/Q113648919>	"ga:Cath Shuais|es:batalla de Suez|pt:Batalha de Suez (1541)"
<http://www.wikidata.org/entity/Q113649166>	"ga:Cath Dunsinane"
<http://www.wikidata.org/entity/Q1136870>	"hu:Sandwichi csata (1217)|de:Schlacht von Sandwich|nl:Slag bij Sandwich|es:Batalla de Sandwich|fr:bataille de Sandwich|it:Battaglia di Sandwich|pl:Bitwa morska pod Sandwich"
<http://www.wikidata.org/entity/Q1137764>	"cs:Bitva u Mons Lactarius|sv:Slaget vid Mons Lactarius|hu:Mons Lactarus-i csata|ca:batalla del Mont Lactarius|eu:Mons Lactariuseko gudua|de:Schlacht am Mons Lactarius|nl:Slag van Mons Lactarius|sl:Bitka pri Mons Lactarius|es:batalla de Mons Lactarius|pt:Batalha de Mons Lactarius|fr:bataille du Vésuve|it:battaglia dei Monti Lattari|fi:Mons Lactariuksen taistelu|pl:Bitwa pod Mons Lactarius"
<http://www.wikidata.org/entity/Q1137980>	"sv:Slaget vid Ravenna|ca:batalla de Ravenna|eu:Ravennako gudua|de:Schlacht bei Ravenna|nl:Slag bij Ravenna|sl:Bitka pri Ravenni|ga:Cath Ravenna|es:batalla de Rávena|pt:Batalha de Ravena|fr:bataille de Ravenne|it:battaglia di Ravenna|pl:Bitwa pod Rawenną 1512"
<http://www.wikidata.org/entity/Q1138660>	"sv:Slaget vid Himera|hu:himérai csata|ca:batalla d'Hímera|eu:Himerako gudua|de:Schlacht bei Himera|nl:Slag bij Himera|sl:bitka pri Himeri|ga:Cath Himera|es:batalla de Hímera (480 a. C.)|nb:Slaget ved Himera|pt:Batalha de Hímera|fr:bataille d'Himère|it:battaglia di Imera|fi:Himeran taistelu (480 eaa.)|pl:Bitwa pod Himerą"
<http://www.wikidata.org/entity/Q1138687>	"de:Schlacht von Tusculum|nl:Battle of Monte Porzio|ga:Cath Mhonte Porzio|es:batalla de Monte Porzio|pt:Batalha de Monteporzio|fr:bataille de Tusculum|it:battaglia di Prata Porci|pl:Bitwa pod Tuskulum"
<http://www.wikidata.org/entity/Q113947145>	"da:Slaget ved Benfleet|ga:Cath Benfleet"
<http://www.wikidata.org/entity/Q1140646>	"ro:Bătălia de la Formigny|cs:bitva u Formigny|cy:Brwydr Formigny|ca:batalla de Formigny|de:Schlacht von Formigny|nl:Slag van Formigny|la:Proelium ad Formigneium|ga:Cath Formigny|es:Batalla de Formigny|pt:Batalha de Formigny|fr:bataille de Formigny|it:battaglia di Formigny|fi:Formignyn taistelu|pl:Bitwa o Formigny"
<http://www.wikidata.org/entity/Q1148862>	"ca:Batalla de Fariskur|de:Schlacht von Fariskur|nl:Slag bij Fariskur|sl:Bitka pri Fariskurju|ga:Cath Fariskur|es:Batalla de Fariskur|pt:Batalha de Fariskur (1250)|fr:bataille de Fariskur|it:battaglia di Fariskur|pl:Bitwa pod Fariskur"
<http://www.wikidata.org/entity/Q1151812>	"sk:Bitka pri Knide|cs:bitva u Knidu|ca:batalla de Cnidos|de:Schlacht von Knidos|nl:Battle of Cnidus|ga:Cath Cnidus|es:Batalla de Cnido|pt:Batalha de Cnido|fr:bataille de Cnide|it:battaglia di Cnido|fi:Knidoksen taistelu|pl:Bitwa morska przy Knidos"
<http://www.wikidata.org/entity/Q1160070>	"cs:Bitva u Beneventa|sv:Slaget vid Beneventum|ca:batalla de Benevent|lt:Benevento mūšis|eu:Beneventoko gudua|de:Schlacht bei Beneventum|nl:Battle of Beneventum|hr:Bitka kod Beneventa|sl:bitka pri Beneventu|ga:Cath Beneventum|es:Batalla de Benevento|pt:Batalha de Benevento|fr:bataille de Beneventum|it:battaglia di Benevento|pl:Bitwa pod Benewentem"
<http://www.wikidata.org/entity/Q116148546>	"ga:Cath al-Uqhuwana|es:batalla de al-Uqhuwana"
<http://www.wikidata.org/entity/Q1163186>	"is:Svoldarorrusta|da:Slaget ved Svold|cs:Bitva u Svolderu|sv:slaget vid Svolder|ca:batalla de Svolder|de:Seeschlacht von Svold|nl:Slag van Svolder|et:Svolderi merelahing|es:Batalla de Svolder|nb:Slaget ved Svolder|pt:Batalha de Svolder|fr:bataille de Svolder|it:battaglia di Svolder|fi:Svoldin taistelu|pl:Bitwa morska pod Svold"
<http://www.wikidata.org/entity/Q1165440>	"ro:Bătălia de la Mauron|de:Schlacht von Mauron|ga:Cath Mauron|es:Batalla de Mauron|fr:bataille de Mauron"
<http://www.wikidata.org/entity/Q1165502>	"da:Slaget ved Edessa|ro:Bătălia de la Edessa|cs:Bitva u Edessy|ca:batalla d'Edessa|de:Schlacht von Edessa|nl:slag bij Edessa|hr:Bitka kod Edese|sl:Bitka pri Edesi|ga:Cath Edessa|es:batalla de Edesa|nb:Slaget ved Edessa|pt:Batalha de Edessa|fr:bataille d'Édesse|it:battaglia di Edessa|pl:Bitwa pod Edessą"
<http://www.wikidata.org/entity/Q11688130>	"es:batalla de Tauris|pt:Batalha de Tauris|fr:bataille de Tauris|pl:Bitwa morska pod Taurydą"
<http://www.wikidata.org/entity/Q11688183>	"ca:setge d'Hèlice|ga:Cath Helike|es:batalla de Helike|fr:bataille d'Héliké|pl:Bitwa pod Helike"
<http://www.wikidata.org/entity/Q11688184>	"es:Batalla de Haddon Rig|fr:bataille de Haddon Rig|it:Battaglia di Haddon Rig|pl:Bitwa pod Haddon Rig"
<http://www.wikidata.org/entity/Q11688214>	"de:Schlacht bei Oppeln|ga:Cath Opole|es:Batalla de Opole|fr:bataille d'Opole|it:battaglia di Opole|pl:Bitwa pod Opolem"
<http://www.wikidata.org/entity/Q11688220>	"ga:Cath Petelia|es:Segunda batalla de Petelia|pt:Batalha de Petélia|pl:Bitwa pod Petelią"
<http://www.wikidata.org/entity/Q1169274>	"de:Schlacht von Cortenuova|nl:Battle of Cortenuova|ga:Cath Cortenuova|es:Batalla de Cortenuova|pt:Batalha de Cortenuova|fr:bataille de Cortenuova|it:battaglia di Cortenuova|pl:Bitwa pod Cortenuova"
<http://www.wikidata.org/entity/Q117812087>	"cs:Bitva u Zbraslavi|ga:Cath Zbraslav"
<http://www.wikidata.org/entity/Q11794880>	"pl:Oblężenie Krakowa (1345)"
<http://www.wikidata.org/entity/Q11794892>	"pl:Oblężenie Miśni"
<http://www.wikidata.org/entity/Q11794926>	"cs:Obléhání Hradce nad Moravicí|pl:Oblężenie grodu Hradec"
<http://www.wikidata.org/entity/Q1184835>	"ro:Bătălia de la Numistro|hu:numistrumi csata|ca:batalla de Numistro|de:Schlacht von Numistro|nl:Slag bij Numistro|ga:Cath Numistro|es:batalla de Numistro|nb:Slaget ved Numistro|pt:Batalha de Numistro|fr:bataille de Numistro|it:battaglia di Numistro"
<http://www.wikidata.org/entity/Q1187406>	"ca:batalla de Graus|de:Schlacht von Graus|nl:Slag bij Graus|la:Pugna in Grados|ga:Cath Graus|es:Batalla de Graus|fr:bataille de Graus|it:Battaglia di Graus|pl:Bitwa pod Graus"
<http://www.wikidata.org/entity/Q1187461>	"hu:tanagrai csata|ca:Batalla de Tànagra (457 aC)|de:Schlacht von Tanagra|nl:Battle of Tanagra|ga:Cath Tanagra|es:Batalla de Tanagra|fr:bataille de Tanagra|it:battaglia di Tanagra|pl:Bitwa pod Tanagrą"
<http://www.wikidata.org/entity/Q11881372>	"sv:slaget vid S:t Mårtens|ga:Cath Marttila|es:Batalla de Marttila|fi:Marttilan taistelu"
<http://www.wikidata.org/entity/Q118951>	"ro:Bătălia de la Meloria|de:Seeschlacht bei Meloria|nl:Battle of Meloria|es:batalla de Meloria|pt:Batalha de Meloria|fr:bataille de la Meloria|it:battaglia della Meloria|fi:Melorian taistelu|pl:bitwa morska pod Melorią"
<http://www.wikidata.org/entity/Q11907073>	"ca:atac a Albalat|es:ataque a Albalat"
<http://www.wikidata.org/entity/Q11907077>	"ca:atac a Serinhan|es:ataque a Sérignan"
<http://www.wikidata.org/entity/Q11908699>	"ca:batalla d'Ad Pontes|es:batalla de Ad Pontes"
<http://www.wikidata.org/entity/Q11908704>	"ca:batalla d'Alessandria|ga:Cath Alessandria|es:batalla de Alessandria|fr:bataille d'Alexandrie|it:battaglia di Alessandria"
<http://www.wikidata.org/entity/Q11908705>	"ca:batalla d'Alameda|ga:Cath Alameda|es:batalla de Alameda|fr:bataille d'Al-Musara|it:Battaglia di al-Musara|pl:Bitwa pod Alamedą"
<http://www.wikidata.org/entity/Q11908706>	"ca:batalla d'Almosala|ga:Cath Almosala|es:batalla de Almosala|fr:bataille d'Almosala"
<http://www.wikidata.org/entity/Q11908707>	"ca:batalla d'Angumois|ga:Cath Angumois|es:Batalla de Angumois"
<http://www.wikidata.org/entity/Q11908709>	"ca:batalla d'Arana|ga:Cath Apameia|fr:bataille d'Apamée"
<http://www.wikidata.org/entity/Q11908710>	"ca:batalla d'Arinnanda|gl:Arinnanda|ga:Cath Arinnanda|es:batalla de Arinnanda|fr:Bataille d'Arinnanda"
<http://www.wikidata.org/entity/Q11908711>	"ca:batalla d'Arnisol|gl:batalla de Arnisol|ga:Cath Arnisol|es:batalla de Arnisol|fr:bataille d'Arnisol"
<http://www.wikidata.org/entity/Q11908712>	"ca:batalla d'Emporion|es:batalla de Emporion"
<http://www.wikidata.org/entity/Q11908715>	"ca:batalla d'Àulax|ga:Cath Aulax|es:batalla de Áulax"
<http://www.wikidata.org/entity/Q11908716>	"ca:batalla d'Olalies|ga:Cath Olalias|es:batalla de Olalíes"
<http://www.wikidata.org/entity/Q11908717>	"ca:batalla d'Ània|ga:Cath Ania|es:batalla de Ania"
<http://www.wikidata.org/entity/Q11908718>	"ca:batalla d'al-Lujj|nl:Slag bij al-Ludjdj|ga:Cath al-Lujj|es:batalla de al-Luŷŷ"
<http://www.wikidata.org/entity/Q11908720>	"ca:batalla de Badjdjana|ga:Cath Bayyana|es:batalla de Bayyana"
<http://www.wikidata.org/entity/Q11908721>	"ca:batalla de Baltarga|ga:Cath Baltarga|es:Batalla de Baltarga"
<http://www.wikidata.org/entity/Q11908733>	"ca:batalla de Corbins|ga:Cath Corbins|es:batalla de Corbins|fr:bataille de Corbins"
<http://www.wikidata.org/entity/Q11908734>	"ca:batalla de Catanzaro (1297)|ga:Cath Catanzaro|es:batalla de Catanzaro|fr:bataille de Catanzaro"
<http://www.wikidata.org/entity/Q11908735>	"ca:batalla de Conchas de Arganzón|eu:Argantzungo haitzarteko gudua|es:batalla de Conchas de Arganzón"
<http://www.wikidata.org/entity/Q11908736>	"ca:batalla de Gal·lípoli (1305)|ga:Cath Gallipoli|es:batalla de Galípoli (1305)"
<http://www.wikidata.org/entity/Q11908737>	"ca:batalla de Gagliano|ga:Cath Gagliano|es:batalla de Gagliano"
<http://www.wikidata.org/entity/Q11908738>	"ca:batalla de Gal·lípoli (1306)|ga:Cath Gallipoli|es:batalla de Galípoli (1306)"
<http://www.wikidata.org/entity/Q11908741>	"ca:batalla de Cibistra|ga:Cath Cibistra|es:batalla de Cibistra"
<http://www.wikidata.org/entity/Q11908742>	"ca:batalla de Germe|ga:Cath Germe|es:batalla de Germa"
<http://www.wikidata.org/entity/Q11908745>	"ca:batalla de Guadalete|ga:Cath Guadalete|es:batalla de Guadalete (745)"
<http://www.wikidata.org/entity/Q11908748>	"ca:batalla de Le Castella|es:batalla de Le Castella|it:battaglia di Le Castella"
<http://www.wikidata.org/entity/Q11908753>	"ca:batalla de Mallorca|es:batalla de Mallorca"
<http://www.wikidata.org/entity/Q11908757>	"ca:batalla de Platea (431 aC)|ga:Cath Plataea|es:batalla de Platea"
<http://www.wikidata.org/entity/Q11908763>	"ca:batalla de Pons Aureoli|es:Batalla de Pons Aureoli"
<http://www.wikidata.org/entity/Q11908765>	"ca:batalla de Rode|ga:Cath Rhode|es:batalla de Rhode"
<http://www.wikidata.org/entity/Q11908769>	"ca:batalla de Salvetat|ga:Cath Salvetat|es:Batalla de La Salvetat-sur-Agout"
<http://www.wikidata.org/entity/Q11908772>	"ca:batalla de Tira|ga:Cath Tira|es:batalla de Tiras"
<http://www.wikidata.org/entity/Q11908777>	"ca:batalla de la Foç Pisana|de:Seeschlacht bei Pisa 1421|es:Batalla de la Hoz Pisana|it:bataglia della Foce Pisana"
<http://www.wikidata.org/entity/Q11908782>	"ca:batalla de las Babias|nl:Slag bij Las Babias|gl:batalla das Babias|es:batalla de las Babias|pt:Batalha de Las Babias"
<http://www.wikidata.org/entity/Q11908789>	"ca:batalla del Jándula|ga:Cath Jandula"
<http://www.wikidata.org/entity/Q11908791>	"ca:batalla del mont Hemus|es:batalla de los montes Hemo"
<http://www.wikidata.org/entity/Q11908795>	"ca:batalla naval de Bona|es:batalla naval de Bona"
<http://www.wikidata.org/entity/Q11908797>	"ca:batalla del Bòsfor|es:batalla del Bósforo"
<http://www.wikidata.org/entity/Q11908798>	"ca:batalla naval de Port del Comte|es:batalla de Porto Conte|fr:bataille d'Alghero|it:battaglia navale di Porto Conte"
<http://www.wikidata.org/entity/Q11908799>	"ca:batalla naval de Sant Feliu de Guíxols|es:batalla de San Felíu de Guixols"
<http://www.wikidata.org/entity/Q11914880>	"ca:combat de Santa Maria|es:combate de Santa María"
<http://www.wikidata.org/entity/Q11915296>	"ca:conquesta de Girona|es:conquista de Gerona"
<http://www.wikidata.org/entity/Q11915297>	"ca:conquesta de Barcelona|nl:Belegering van Barcelona|gl:Asedio de Barcelona (800-801)|sl:obleganje Barcelone (800–801)|ga:Léigear Barcelona (800-801)|es:sitio de Barcelona (800-801)|fr:siège de Barcelone"
<http://www.wikidata.org/entity/Q1192616>	"cs:Bitva u Didgori|hu:didgori csata|de:Schlacht am Didgori|nl:Battle of Didgori|hr:Bitka kod Didgorija|sl:bitka pri Didgorih|ga:Cath Didgori|es:batalla de Didgori|pt:Batalha de Didgori|fr:bataille de Didgori|it:battaglia di Didgori|fi:Didgorin taistelu|pl:Bitwa pod Didgori"
<http://www.wikidata.org/entity/Q1194227>	"nl:Beleg van Vannes|ga:Léigear Vannes|es:Asedio de Vannes|fr:sièges de Vannes"
<http://www.wikidata.org/entity/Q11942689>	"ca:presa de Squillace|es:Toma de Squillace"
<http://www.wikidata.org/entity/Q11949521>	"ca:Batalla de Barbastre (1066)|es:Sitio de Barbastro (1066)|fr:bataille de Barbastre"
<http://www.wikidata.org/entity/Q11949527>	"ca:Setge de Ceuta (1309)|sl:obleganje Ceute (1309)|ga:Léigear Ceuta (1309)|es:batalla de Ceuta (1309)|pt:Cerco de Ceuta (1309)|fr:siège de Ceuta"
<http://www.wikidata.org/entity/Q11949559>	"ca:setge de Siracusa|ga:Léigear Syracuse|es:sitio de Siracusa|fr:siège de Syracuse"
<http://www.wikidata.org/entity/Q12001384>	"da:Slaget på Lyrskov Hede|de:Schlacht auf der Lürschauer Heide|nb:Slaget ved Lyrskogshede|fr:bataille de Lyrskov Heath|it:battaglia della brughiera di Lyrskov"
<http://www.wikidata.org/entity/Q12001388>	"da:Slaget ved Nonnebjerget|ga:Cath Nonnebjerget|nb:Slaget ved Nonnebjerget"
<http://www.wikidata.org/entity/Q12041940>	"ro:asediul Plzeňului|cs:obléhání Plzně (1433-1434)|hu:Pilsen ostroma|ca:setge de Plzeň|de:Belagerung von Pilsen|ga:Léigear Pilsen|fr:siège de Plzeň"
<http://www.wikidata.org/entity/Q1207310>	"ro:Bătălia de la Orșa|cs:Bitva u Oršy|ca:Batalla d'Orša|lt:Oršos mūšis|de:Schlacht bei Orscha|nl:Slag bij Orsha|sl:Bitka pri Orši|ga:Cath Orsha|es:Batalla de Orsha|pt:Batalha de Orsha|fr:bataille d'Orcha|it:battaglia di Orša|pl:Bitwa pod Orszą"
<http://www.wikidata.org/entity/Q121237458>	"nl:Inname van Santarém (1111)|es:toma de Santarém|fr:prise de Santarém"
<http://www.wikidata.org/entity/Q12156087>	"ca:Batalla d'Orpesa|ga:Cath Oropesa|es:batalla de Oropesa"
<http://www.wikidata.org/entity/Q12156091>	"ca:batalla de Sena Gàl·lica|es:Batalla de Sena Gálica|pt:Batalha de Sena Gálica"
<http://www.wikidata.org/entity/Q1219645>	"ca:batalla d'Atapuerca|eu:Atapuercako gudua|nl:Battle of Atapuerca|la:Proelium apud Altaporcam|sl:bitka pri Atapuerci|ga:Cath Atapuerca|es:Batalla de Atapuerca|fr:bataille d'Atapuerca|it:Battaglia di Atapuerca"
<http://www.wikidata.org/entity/Q12216247>	"es:toma de Bagdad (1508)"
<http://www.wikidata.org/entity/Q12253460>	"eu:Andagosteko gudua|ga:Cath Andagoste|es:batalla de Andagoste|fr:bataille d'Andagoste"
<http://www.wikidata.org/entity/Q12254993>	"eu:Beotibarko gudua|ga:Cath Beotibar|es:batalla de Beotíbar"
<http://www.wikidata.org/entity/Q122644258>	"de:Schlacht von Guiniguada|es:batalla del Guiniguada"
<http://www.wikidata.org/entity/Q1228713>	"sk:Bitka pri Plášťovciach|cs:Bitva u Plášťovců|hu:palásti csata|ga:Cath Palast|pl:Bitwa pod Palástem"
<http://www.wikidata.org/entity/Q1230563>	"sv:Slaget vid Porta Collina|ca:batalla de la Porta Col·lina|de:Schlacht an der Porta Collina|nl:Slag bij de Porta Colina|es:Batalla de la Puerta Colina|pt:Batalha da Porta Colina|fr:bataille de la Porte Colline|it:battaglia di Porta Collina|pl:Bitwa przy Bramie Kollińskiej"
<http://www.wikidata.org/entity/Q1231054>	"sk:Bitka pri Gaze (312 pred Kr.)|de:Schlacht von Gaza|nl:Slag bij Gaza|la:Proelium ad Gazam commissum|ga:Cath Gaza|es:batalla de Gaza|fr:bataille de Gaza|it:battaglia di Gaza|pl:Bitwa pod Gazą"
<http://www.wikidata.org/entity/Q1231684>	"ca:Batalla de Châlons|de:Schlacht von Châlons|nl:Slag bij Châlons|la:Clades Catalaunica|ga:Cath Châlons|es:Batalla de Châlons|pt:Batalha de Châlons|fr:bataille de Châlons|it:battaglia di Chalons|pl:Bitwa pod Châlons-en-Champagne"
<http://www.wikidata.org/entity/Q1233475>	"cs:Bitva v průsmyku Roncevaux|sv:Slaget vid Roncesvalles|hu:roncesvalles-i csata|cy:Brwydr Ronsyfal|ca:Batalla de Roncesvalls|eu:Orreagako Gudua|de:Schlacht von Roncesvalles|nl:Slag bij Roncevaux|hr:Bitka kod Roncesvallesa 778.|gl:Batalla de Roncesvales|la:Proelium apud Rozaballes|es:batalla de Roncesvalles|pt:Batalha de Roncesvales|fr:bataille de Roncevaux|it:battaglia di Roncisvalle|fi:Roncesvallesin taistelu|pl:Bitwa w wąwozie Roncevaux"
<http://www.wikidata.org/entity/Q12336015>	"da:Slaget ved Skt. Jørgensbjerg|de:Schlacht am Skt. Jørgensbjerg"
<http://www.wikidata.org/entity/Q1233768>	"ca:batalla del Balàrat|de:Schlacht von Blarathon|es:batalla del Blarathon|fr:bataille de Blarathon|it:Battaglia di Blarathon"
<http://www.wikidata.org/entity/Q1236849>	"cs:bitva u Byczyny|hu:pitscheni csata|lt:Bičinos mūšis|ga:Cath Byczyna|es:Batalla de Byczyna|fr:bataille de Byczyna|it:Battaglia di Byczyna|pl:Bitwa pod Byczyną"
<http://www.wikidata.org/entity/Q123760601>	"nl:Slag op de Vrijenberg"
<http://www.wikidata.org/entity/Q12428>	"ro:Bătălia de la Dorileea|cs:bitva u Dorylaia|sv:Slaget vid Dorylaeum|hu:dorylaeumi csata|ca:batalla de Dorilèon|de:Schlacht von Doryläum|nl:Slag bij Dorylaeum|gl:batalla de Dorileia|sl:Bitka pri Dorileju|ga:Cath Dorylaeum|es:Batalla de Dorilea|nb:Slaget ved Dorylaion|pt:Batalha de Dorileia|fr:bataille de Dorylée|it:battaglia di Dorylaeum|fi:Dorylaeumin taistelu|pl:Bitwa pod Doryleum"
<http://www.wikidata.org/entity/Q1243260>	"ca:batalla de Golpejera|la:Bellum in Vulpegera|ga:Cath Golpejera|es:batalla de Golpejera|pt:Batalha de Golpejera|it:battaglia di Golpejera"
<http://www.wikidata.org/entity/Q124427969>	"pl:Bitwa pod Lubuszem (1239)"
<http://www.wikidata.org/entity/Q1246460>	"la:Bellum in Plantata|ga:Cath Llantada|es:Batalla de Llantada|it:battaglia di Llantada"
<http://www.wikidata.org/entity/Q124721242>	"ga:Cath Grindon"
<http://www.wikidata.org/entity/Q1247317>	"sk:Bitka pri Salamíne (306 pred Kr.)|de:Schlacht von Salamis|nl:Slag bij Salamis in Cyprus|hr:Bitka kod Salamine na Cipru|la:Proelium ad Salaminem commissum|ga:Cath Salamis|es:Batalla de Salamina de Chipre|fr:bataille de Salamine de Chypre|it:battaglia di Salamina in Cipro|pl:Bitwa pod Salaminą"
<http://www.wikidata.org/entity/Q124958496>	"ga:Cath Abraq|es:batalla de Abraq|fr:bataille d'Abraq"
<http://www.wikidata.org/entity/Q125179009>	"de:Schlacht bei Böblingen"
<http://www.wikidata.org/entity/Q1254898>	"ca:Batalla de Lucocisterna|nl:Slag bij Lucocisterna|es:Batalla de Lucocisterma|fr:bataille de Lucocisterna|it:battaglia di Lucocisterna"
<http://www.wikidata.org/entity/Q1255093>	"de:Schlacht am Leprosenberg|ga:Cath Wurzach|es:Batalla de Wurzach"
<http://www.wikidata.org/entity/Q125552181>	"es:toma hamadita de Béja (1015)|fr:expédition hammadide à Béja"
<http://www.wikidata.org/entity/Q125861402>	"ga:Cath Alhandega|es:batalla de Alhandega"
<http://www.wikidata.org/entity/Q1260622>	"hu:axonai csata|ca:batalla de l'Axona|de:Schlacht von Axona|nl:Slag bij de Aisne|sl:bitka na Axoni|es:Batalla del río Áxona|nb:Slaget ved Axona|pt:Batalha do Áxona|fr:bataille de l'Aisne|it:battaglia del fiume Axona|fi:Axonan taistelu|pl:Bitwa nad rzeką Aisne"
<http://www.wikidata.org/entity/Q126120057>	"fr:bataille de la Scrivia"
<http://www.wikidata.org/entity/Q126415847>	"ga:Cath Achir|es:batalla de Achir|fr:bataille d'Achir (1016)"
<http://www.wikidata.org/entity/Q1264908>	"ro:Bătălia de la Chrysopolis|cs:Bitva o Chrysopolis|ca:batalla de Crisòpolis|de:Schlacht von Chrysopolis|nl:Slag bij Chrysopolis|ga:Cath Chrysopolis|es:Batalla de Crisópolis|pt:Batalha de Crisópolis|fr:bataille de Chrysopolis|it:battaglia di Crisopoli|pl:Bitwa pod Chryzopolis"
<http://www.wikidata.org/entity/Q1265750>	"ca:batalla de Cal·linícon|de:Schlacht von Callinicum|nl:Battle of Callinicum|hr:Bitka kod Kalinika|et:Kallinikose lahing|ga:Cath Callinicum|es:batalla de Calinico|pt:Batalha de Calínico (531)|fr:bataille de Callinicum|it:battaglia di Callinicum|fi:Callinicumin taistelu|pl:Bitwa pod Callinicum"
<http://www.wikidata.org/entity/Q1265867>	"ro:Bătălia de la Gallipoli|ca:batalla de Gal·lípoli|de:Schlacht von Gallipoli|ga:Cath Gallipoli|es:Batalla de Galípoli|fr:bataille de Gallipoli|pl:Bitwa pod Gallipoli (1312)"
<http://www.wikidata.org/entity/Q12660806>	"lt:Klaipėdos mūšis 1323 m.|ga:Cath Memel|es:Batalla de Memel|it:Battaglia di Memel (1323)"
<http://www.wikidata.org/entity/Q1267122>	"sv:Assyriska belägringen av Jerusalem|hu:Jeruzsálem ostroma|de:Belagerung von Jerusalem|sl:asirsko obleganje Jeruzalema|ga:Léigear Aisiriach Iarúsailéim|es:sitio de Jerusalén (701 a.C.)|pt:cerco de Jerusalém|fr:siège de Jérusalem|it:assedio di Gerusalemme (701 a.C.)"
<http://www.wikidata.org/entity/Q1267513>	"cs:Bitva u Vogéz|ca:batalla dels Vosges|de:Schlacht im Elsass|nl:Battle of Vosges|sl:Bitka v Vogezih (58. pr. n. e.)|ga:Cath Vosges|es:Batalla de los Vosgos|pt:Batalha de Vosges|fr:bataille de l'Ochsenfeld|it:battaglia in Alsazia|pl:Bitwa u stóp Wogezów"
<http://www.wikidata.org/entity/Q1267571>	"da:Slaget ved Hjörungavágr|sv:Slaget vid Hjörungavåg|de:Schlacht bei Hjørungavåg|nl:Battle of Hjörungavágr|es:Batalla de Hjörungavágr|nb:Slaget ved Hjørungavåg|pt:Batalha de Hjörungavágr|fr:bataille du détroit de Hjörung|it:battaglia di Hjörungavágr|pl:Bitwa w zatoce Hjorungavagr"
<http://www.wikidata.org/entity/Q1267656>	"ca:batalla del llac Benacus|de:Schlacht am Lacus Benacus|nl:Slag bij het Gardameer|et:Benacuse järve lahing|sl:Bitka pri jezeru Benacus|es:Batalla del lago Benaco|pt:Batalha do Lago Benaco|fr:bataille du lac Benacus|it:battaglia del lago Benaco|pl:Bitwa nad jeziorem Garda"
<http://www.wikidata.org/entity/Q1268317>	"ga:Cath Eamáús|es:batalla de Emaús|fr:bataille d'Emmaüs"
<http://www.wikidata.org/entity/Q1268331>	"de:Schlacht von Adasa|ga:Cath Adasa|es:batalla de Adasa|fr:bataille d'Adasa"
<http://www.wikidata.org/entity/Q1268339>	"es:batalla de Beth Horón (166 a. C.)|fr:bataille de Beth Horon"
<http://www.wikidata.org/entity/Q1268349>	"es:batalla de Bet Zacarías|fr:bataille de Beth Zacharia|it:battaglia di Bet-Zaccaria"
<http://www.wikidata.org/entity/Q1268733>	"ca:batalla del Sabis|de:Schlacht an der Sambre|nl:Slag aan de Sabis|sl:bitka na reki Sabis|es:Batalla del río Sambre|nb:Slaget ved Sabis|pt:Batalha de Sabis|fr:bataille du Sabis|it:battaglia del fiume Sabis|pl:Bitwa nad rzeką Sabis"
<http://www.wikidata.org/entity/Q1268954>	"ro:Bătălia de la Ostia|hu:ostiai csata|de:Seeschlacht von Ostia|nl:Slag bij Ostia|ga:Cath Ostia|es:Batalla de Ostia|pt:Batalha de Ostia|fr:bataille d'Ostie|it:battaglia di Ostia|pl:Bitwa morska pod Ostią"
<http://www.wikidata.org/entity/Q1273257>	"hu:aguerei csata|ca:Batalla d'Aguere|de:Schlacht von Aguere|ga:Cath Aguere|es:batalla de La Laguna|pl:Bitwa pod Aguere"
<http://www.wikidata.org/entity/Q127326210>	"es:batalla del río Cheliff|fr:bataille d'Oued Chelif (1015)"
<http://www.wikidata.org/entity/Q127424985>	"es:batalla de Tawahin"
<http://www.wikidata.org/entity/Q1274566>	"cs:Bitva u Araru|ca:batalla de l'Arar|de:Schlacht am Arar|nl:Battle of the Arar|hr:Bitka na rijeci Arar|sl:bitka na reki Arar|es:Batalla del Arar|pt:Batalha de Arar|fr:bataille de l'Arar|it:battaglia del fiume Arar|pl:Bitwa nad rzeką Arar"
<http://www.wikidata.org/entity/Q12754327>	"cs:Bitva u Kunovice|ga:Cath Kunovica|es:Batalla de Kunovica"
<http://www.wikidata.org/entity/Q12756567>	"cs:obléhání Bělehradu 1440|hu:Nándorfehérvár ostroma|ca:setge de Belgrad|sl:obleganje Beograda (1440)|ga:Léigear Bhéalgrád|es:sitio de Belgrado (1440)|fr:siège de Belgrade"
<http://www.wikidata.org/entity/Q127592395>	"es:batalla del Isonzo (1477)"
<http://www.wikidata.org/entity/Q12763256>	"sk:Bitka pri Veľkých Kostoľanoch|cs:Bitva u Veľkých Kostoľan"
<http://www.wikidata.org/entity/Q12763257>	"sk:Bitka pri Sečanoch|cs:Bitva u Sečan|ga:Cath Sečany"
<http://www.wikidata.org/entity/Q1278576>	"ca:Batalla dels Pals|de:Schlacht von Phoinix|nl:Battle of the Masts|sl:Bitka jamborov|es:Batalla de Finike|pt:Batalha dos Mastros|fr:bataille de Phoenix de Lycie|it:battaglia di Dhāt al-sawārī|pl:Bitwa Masztów"
<http://www.wikidata.org/entity/Q1278821>	"ca:batalla de Selinunt|eu:Selinonteko gudua|nl:Battle of Selinus|ga:Cath Selinus|es:batalla de Selinunte|pt:Batalha de Selino|it:battaglia di Selinunte|pl:Oblężenie Selinuntu"
<http://www.wikidata.org/entity/Q12790010>	"cs:bitva na Vichře|lt:Vichros mūšis|it:battaglia del fiume Vichra|pl:Bitwa nad Wiechrą"
<http://www.wikidata.org/entity/Q1281077>	"ca:batalla d'Elasa|de:Schlacht bei Elasa|ga:Cath Elasa|es:batalla de Elasa|fr:bataille d'Elasa|it:battaglia di Elasa|pl:Bitwa pod Elasą"
<http://www.wikidata.org/entity/Q1281436>	"de:Schlacht von Mardia|nl:Slag bij Campus Ardiensis|ga:Cath Mardia|es:Batalla de Mardia|pt:Batalha de Márdia|fr:bataille de Mardia|it:battaglia di Mardia|pl:Bitwa na równinie Mardii"
<http://www.wikidata.org/entity/Q1281559>	"ro:Bătălia de la Isonzo|eu:Isonzoko gudua (489)|nl:Slag aan de Isonzo|sl:Bitka na Soči|ga:Cath Isonzo|es:batalla del Isonzo|pt:Batalha de Isonzo|it:battaglia dell'Isonzo|pl:Bitwa nad rzeką Isonzo"
<http://www.wikidata.org/entity/Q12869885>	"ga:Cath Partskhisi|es:batalla de Partskhisi"
<http://www.wikidata.org/entity/Q1287213>	"ca:batalla d'Hímera|eu:Himerako gudua (K. a. 409)|nl:Battle of Himera|ga:Cath Himera|es:batalla de Hímera|fr:bataille de Himera|it:battaglia di Imera|pl:Bitwa pod Himerą"
<http://www.wikidata.org/entity/Q1288012>	"da:Slaget ved Nesjar|nl:Battle of Nesjar|gl:Batalla de Nesjar|es:Batalla de Nesjar|nb:Slaget ved Nesjar|pt:Batalha de Nesjar|fr:bataille de Nesjar|it:battaglia di Nesjar"
<http://www.wikidata.org/entity/Q1288632>	"ca:batalla del Mionès|nl:Battle of Myonessus|ga:Cath Myonessus|es:batalla de Mioneso|pt:Batalha de Mioneso|it:battaglia di Mionesso|pl:Bitwa morska pod Myonnesos"
<http://www.wikidata.org/entity/Q1289831>	"cs:bitva u Pavie|de:Schlacht bei Pavia|nl:Slag bij Pavia|sl:Bitka pri Paviji|ga:Cath Pavia|es:batalla de Pavía (271)|pt:Batalha de Ticino|fr:bataille de Pavie|it:battaglia di Pavia|pl:Bitwa pod Pawią"
<http://www.wikidata.org/entity/Q1289843>	"cs:bitva u Placentie|de:Schlacht von Placentia|nl:Slag bij Placentia|sl:Bitka pri Placentiji|ga:Cath Placentia|es:batalla de Placentia|pt:Batalha de Placência|fr:bataille de Plaisance|it:battaglia di Piacenza|pl:Bitwa pod Piacenzą"
<http://www.wikidata.org/entity/Q128996>	"da:Slaget ved Akroinon|ro:Bătălia de la Akroinon|cs:Bitva u Akroinu|hu:akroinoni csata|de:Schlacht bei Akroinon|nl:Slag bij Akroinon|ga:Cath Akroinon|es:batalla de Akroinon|pt:Batalha de Akroinon|fr:bataille d'Akroinon|it:battaglia di Akroinon|pl:Bitwa pod Akroinon"
<http://www.wikidata.org/entity/Q1290572>	"es:batalla de Bet Zur|pt:Batalha de Bet Zur|fr:bataille de Beth Zur"
<http://www.wikidata.org/entity/Q1300742>	"sv:Slaget vid Flodden|de:Schlacht von Flodden Field|nl:Slag bij Flodden Field|ga:Cath Flodden|es:batalla de Flodden Field|nb:Slaget ved Flodden Field|pt:Batalha de Flodden|fr:bataille de Flodden Field|it:battaglia di Flodden Field|pl:Bitwa pod Flodden Field"
<http://www.wikidata.org/entity/Q130251284>	"es:toma de Jurumeña"
<http://www.wikidata.org/entity/Q130251286>	"es:batalla de Calatrava"
<http://www.wikidata.org/entity/Q130279251>	"es:batalla de Hamadán (1503)"
<http://www.wikidata.org/entity/Q130386021>	"es:batalla de Drumlanrig"
<http://www.wikidata.org/entity/Q130682761>	"gl:batalla de Porto de Bois|es:batalla de Porto de Bois"
<http://www.wikidata.org/entity/Q130693551>	"es:batalla de al-Funaydiq"
<http://www.wikidata.org/entity/Q131161345>	"es:Batalla de Loch Trethin"
<http://www.wikidata.org/entity/Q13126298>	"cy:Brwydr Abergwili|ga:Cath Abergwili|es:Batalla de Abergwili|fr:bataille d'Abergwili"
<http://www.wikidata.org/entity/Q13126299>	"cy:Brwydr Aber Tywi"
<http://www.wikidata.org/entity/Q13126301>	"cy:Brwydr Afon Rhymni|sl:bitka pri Rhymneyju|ga:Cath Rhymney|es:Batalla de Rhymney|fr:bataille de Rhymney"
<http://www.wikidata.org/entity/Q13126303>	"cy:Brwydr Cefn Carnedd|es:Batalla de Cefn Carnedd|fr:bataille de Cefn Carnedd"
<http://www.wikidata.org/entity/Q13126304>	"cy:Brwydr Dial Duw|fr:bataille de la Conwy"
<http://www.wikidata.org/entity/Q13126305>	"cy:Brwydr Gelli Carnant|sl:bitka pri Gelli Carnantu|es:Batalla de Gelli Carnant|fr:bataille de Gelli Carnant"
<http://www.wikidata.org/entity/Q13126306>	"cy:Brwydr Gallt Campston|ca:batalla de Campston Hill|es:batalla de Campston Hill|fr:bataille de Campston Hill"
<http://www.wikidata.org/entity/Q13126307>	"cy:Brwydr Craig-y-dorth|ga:Cath Craig-y-dorth|es:Batalla de Craig-y-dorth|fr:bataille de Craig-y-dorth"
<http://www.wikidata.org/entity/Q13126308>	"cy:Brwydr Ceri|ga:Cath Ceri|es:Batalla de Ceri|fr:bataille de Ceri"
<http://www.wikidata.org/entity/Q13126309>	"cy:Brwydr Bron yr Erw|sl:bitka pri Bron yr Erwu|es:Batalla de Bron yr Erw|fr:bataille de Bron yr Erw"
<http://www.wikidata.org/entity/Q13126312>	"cy:Brwydr Pont Llechryd"
<http://www.wikidata.org/entity/Q13126314>	"cy:Brwydr Tal Moelfre|es:Batalla de Tal Moelfre|fr:bataille de Tal Moelfre"
<http://www.wikidata.org/entity/Q13126315>	"cy:Brwydr y Grysmwnt|de:Schlacht bei Grosmont|ga:Cath Grysmwnt|es:batalla de Grosmont|fr:bataille de Grosmont"
<http://www.wikidata.org/entity/Q13126317>	"cy:Brwydr yr Haleliwia"
<http://www.wikidata.org/entity/Q131386>	"ro:Bătălia de la Alesia|sk:Bitka o Alesiu|cs:bitva o Alesii|sv:Slaget vid Alesia|hu:alesiai csata|cy:Brwydr Alesia|ca:batalla d'Alèsia|eu:Alesiako gudua|de:Schlacht um Alesia|nl:Beleg van Alesia|hr:Bitka kod Alesije|gl:Batalla de Alesia|la:Alesiae pugna|sl:bitka za Alezijo|ga:Cath Alesia|es:Batalla de Alesia|nb:Slaget ved Alesia|pt:Batalha de Alésia|fr:siège d'Alésia|it:battaglia di Alesia|fi:Alesian piiritys|pl:Bitwa pod Alezją"
<http://www.wikidata.org/entity/Q1314054>	"ro:Bătălia heringilor|cs:Bitva o slanečky|ca:batalla de les arengades|de:Schlacht der Heringe|nl:Battle of the Herrings|sl:bitka heringov|es:Batalla de los Arenques|fr:journée des Harengs|it:battaglia delle aringhe|pl:Bitwa o Śledzie"
<http://www.wikidata.org/entity/Q131542395>	"es:Batalla de Almodóvar del Río|fr:bataille d'Almodóvar del Río"
<http://www.wikidata.org/entity/Q131686595>	"es:batalla de Puerto Lope"
<http://www.wikidata.org/entity/Q131686617>	"es:Conquista de Lisboa (1094)"
<http://www.wikidata.org/entity/Q131744871>	"es:batalla de Arjona|it:Battaglia di Arjona"
<http://www.wikidata.org/entity/Q131765081>	"es:batalla de Hellín"
<http://www.wikidata.org/entity/Q131765083>	"es:batalla del río Verde"
<http://www.wikidata.org/entity/Q131765084>	"es:batalla de Archidona"
<http://www.wikidata.org/entity/Q13190>	"cs:Bitva u Bolie|hu:Bolia menti csata|de:Schlacht an der Bolia|nl:Slag aan de Bolia|sl:bitka pri Boliji|ga:Cath Bolia|es:batalla de Bolia|pt:Batalha de Bolia|fr:bataille de la Bolia|it:battaglia di Bolia|pl:Bitwa nad rzeką Bolia"
<http://www.wikidata.org/entity/Q131969>	"da:Slaget ved Thermopylæ|ro:Bătălia de la Termopile|sk:Bitka pri Termopylách|cs:bitva u Thermopyl|sv:Slaget vid Thermopyle|hu:thermopülai csata|cy:Brwydr Thermopylae|ca:batalla de les Termòpiles|lt:Termopilų mūšis|eu:Termopiletako gudua|de:Schlacht bei den Thermopylen|nl:Slag bij Thermopylae|hr:Bitka kod Termopila|gl:batalla das Termópilas|et:Termopüülide lahing|la:Pugna ad Thermopylas|sl:bitka pri Termopilah|ga:Cath Thearmápalae|es:Batalla de las Termópilas|nb:Slaget ved Thermopylene|pt:Batalha das Termópilas|fr:bataille des Thermopyles|lv:Termopilu kauja|it:battaglia delle Termopili|fi:Thermopylain taistelu|pl:Bitwa pod Termopilami"
<http://www.wikidata.org/entity/Q1328380>	"cs:Bitva u Inabu|ca:Batalla d'Inab|de:Schlacht von Inab|nl:slag bij Inab|ga:Cath Inab|es:batalla de Inab|pt:Batalha de Inab|fr:bataille d'Inab|it:battaglia d'Inab|pl:Bitwa pod Inab"
<http://www.wikidata.org/entity/Q1328537>	"ro:bătălia de la Ourique|cs:bitva u Ourique|ca:batalla d'Ourique|de:Schlacht von Ourique|nl:Battle of Ourique|gl:Batalla de Ourique|ga:Cath Ourique|es:batalla de Ourique|pt:Batalha de Ourique|fr:bataille d'Ourique|it:battaglia di Ourique|fi:Ouriquen taistelu|pl:Bitwa pod Ourique"
<http://www.wikidata.org/entity/Q133566771>	"ca:batalla del Pujol de Son Sabater|es:batalla del Pujol de Son Sabater"
<http://www.wikidata.org/entity/Q1337059>	"da:Slaget ved Tewkesbury|cs:Bitva u Tewkesbury|sv:Slaget vid Tewkesbury|hu:tewkesburyi csata|cy:Brwydr Tewkesbury|de:Schlacht von Tewkesbury|nl:Battle of Tewkesbury|ga:Cath Tewkesbury|es:Batalla de Tewkesbury|nb:Slaget ved Tewkesbury|fr:bataille de Tewkesbury|it:battaglia di Tewkesbury|pl:Bitwa pod Tewkesbury"
<http://www.wikidata.org/entity/Q1339928>	"cs:bitva u Eveshamu|sv:Slaget vid Evesham|de:Schlacht von Evesham|nl:Slag bij Evesham|ga:Cath Evesham|es:Batalla de Evesham|pt:Batalha de Evesham|fr:bataille d'Evesham|it:battaglia di Evesham|fi:Eveshamin taistelu|pl:Bitwa pod Evesham"
<http://www.wikidata.org/entity/Q134067676>	"es:batalla de Dura Europos"
<http://www.wikidata.org/entity/Q1341824>	"da:Slaget ved Lyndanisse|cs:Bitva u Lyndanisse|sv:Slaget vid Lindanäs|hu:Lindanise-i csata|lt:Lindanisės mūšis|de:Schlacht von Lyndanisse|nl:Slag bij Lyndanisse|et:Lindanise lahing|ga:Cath Lyndanisse|es:batalla de Lyndanisse|nb:Slaget ved Lyndanisse|pt:Batalha de Lyndanisse|fr:bataille de Lyndanisse|lv:Dāņu karagājiens uz Rēveli un kauja pie Lindanises|it:battaglia di Lyndanisse|fi:Lindanisen taistelu|pl:Bitwa pod Lyndanisse"
<http://www.wikidata.org/entity/Q1341972>	"ro:bătălia de la Aljubarrota|cs:Bitva u Aljubarroty|sv:Slaget vid Aljubarrota|ca:batalla d'Aljubarrota|eu:Aljubarrotako gudua|de:Schlacht von Aljubarrota|nl:Slag bij Aljubarrota|hr:Bitka kod Aljubarrote|gl:Batalla de Aljubarrota|sl:bitka pri Aljubarroti|ga:Cath Aljubarrota|es:Batalla de Aljubarrota|pt:Batalha de Aljubarrota|fr:bataille d'Aljubarrota|it:battaglia di Aljubarrota|fi:Aljubarrotan taistelu|pl:Bitwa pod Aljubarrota"
<http://www.wikidata.org/entity/Q1343168>	"cs:bitva u Nekmíře|sv:Slaget vid Nekmíř|eu:Nekmířreko gudaldia|de:Schlacht bei Nekmíř|sl:bitka pri  Nekmířju|ga:Cath Nekmíř|es:Batalla de Nekmíř|nb:slaget ved Nekmíř|fr:bataille de Nekmíř|pl:Bitwa pod Nekmierzem"
<http://www.wikidata.org/entity/Q134415519>	"es:batalla de Qara Darra"
<http://www.wikidata.org/entity/Q1353773>	"ca:batalla de les grans planes|de:Schlacht auf den Großen Feldern|nl:Slag bij de Bagradas|es:Batalla de los Grandes Campos|nb:Slaget ved Bagbrades|pt:Batalha das Grandes Planícies|fr:bataille des Grandes Plaines|it:battaglia dei Campi Magni|pl:Bitwa nad rzeką Bagradas"
<http://www.wikidata.org/entity/Q1354080>	"da:Slaget ved Muret|cs:Bitva u Muretu|sv:Slaget vid Muret|hu:muret-i csata|ca:batalla de Muret|eu:Mureteko gudua|de:Schlacht bei Muret|nl:Battle of Muret|gl:Batalla de Muret|la:Pugna Muretana|ga:Cath Muret|es:Batalla de Muret|pt:Batalha de Muret|fr:bataille de Muret|it:battaglia di Muret|pl:Bitwa pod Muret"
<http://www.wikidata.org/entity/Q1355206>	"ca:batalla de Tíndaris|de:Schlacht von Tyndaris|nl:Slag bij Tyndaris|ga:Cath Tyndaris|es:Batalla de Tindaris|nb:Slaget ved Tyndaris|pt:Batalha de Tyndaris|fr:bataille de Tyndaris|it:battaglia di Tindari|pl:Bitwa morska pod Tyndaris"
<http://www.wikidata.org/entity/Q135522442>	"es:sitio de Corinto (1458)"
<http://www.wikidata.org/entity/Q1355254>	"ca:Batalla de Pemanè (1224)|de:Schlacht von Poimanenon|ga:Cath Poimanenon|es:batalla de Pemaneno|pt:Batalha de Poimaneno|fr:bataille de Poimanenon|it:Battaglia di Poimanenon (1224)|pl:Bitwa pod Poimanenon"
<http://www.wikidata.org/entity/Q13553969>	"hu:ramlai csata (1101)|ga:Cath Ramla|es:Batalla de Ramla (1101)|pt:Batalha de Ramla (1101)|fr:bataille de Ramla|pl:Bitwa pod Ramlą (1101)"
<http://www.wikidata.org/entity/Q13553978>	"hu:ramlai csata (1102)|ca:Batalla de Ramla (1102)|gl:batalla de Ramla|ga:Cath Ramla|es:Batalla de Ramla (1102)|pt:Batalha de Ramla (1102)|fr:bataille de Ramla|pl:Bitwa pod Ramlą (1102)"
<http://www.wikidata.org/entity/Q13553993>	"hu:ramlai csata (1105)|nl:derde slag bij Ramla|ga:Cath Ramla|es:Batalla de Ramla (1105)|pt:Batalha de Ramla (1105)|fr:bataille de Ramla|pl:Bitwa pod Ramlą (1105)"
<http://www.wikidata.org/entity/Q135587644>	"fr:Siège de Bayeux (1417)"
<http://www.wikidata.org/entity/Q1356189>	"hu:Poteidaia ostroma|ca:Batalla de Potidea|de:Schlacht von Potidaia|nl:Slag bij Potidaea|hr:Bitka kod Potideje|sl:bitka pri Potideji|ga:Cath Potidaea|es:Batalla de Potidea|nb:Slaget ved Poteidaia|fr:bataille de Potidée|it:battaglia di Potidea|fi:Potidaian taistelu|pl:Bitwa pod Potidają"
<http://www.wikidata.org/entity/Q135732302>	"ca:batalla del pont de Zompe|es:batalla del puente de Zompe|fr:bataille du pont de Zompi"
<http://www.wikidata.org/entity/Q1357977>	"sk:Bitka v Caudijskom priesmyku|cs:bitva v Kaudijské soutěsce|sv:Slaget vid caudinska passen|ca:batalla de les Forques Caudines|eu:Haitzarte Kaudinoetako gudua|de:Schlacht an den Kaudinischen Pässen|nl:Slag bij de Caudijnse passen|hr:Bitka u Kaudinskom klancu|es:Batalla de las Horcas Caudinas|pt:Batalha das Forcas Caudinas|fr:bataille des Fourches Caudines|it:battaglia delle Forche Caudine|pl:Bitwa pod Caudium"
<http://www.wikidata.org/entity/Q1362014>	"ca:batalla del Sílar|de:Erste Schlacht am Silarus|nl:Slag bij de Silarus|es:batalla del Silaro|nb:Slaget ved Silarus|pt:Batalha do Silaro|fr:bataille de Silarus|it:battaglia del Silaro|pl:bitwa nad rzeką Silarus"
<http://www.wikidata.org/entity/Q1362016>	"ca:batalla de Benevent|de:Erste Schlacht von Beneventum|nl:Battle of Beneventum|gl:Batalla de Benevento|ga:Cath Beneventum|es:Batalla de Benevento (214 a. C.)|pt:Batalha de Benevento|fr:bataille de Beneventum (214 BC)|it:battaglia di Benevento"
<http://www.wikidata.org/entity/Q1362023>	"de:Erste Schlacht von Tarentum|nl:Slag om Tarentum (212 v.Chr.)"
<http://www.wikidata.org/entity/Q1362035>	"ca:primera batalla d'Herdonea|de:Erste Schlacht von Herdonia|nl:Eerste slag om Herdonia|ga:Cath Herdonia|es:Batalla de Herdonia (212 a. C.)|nb:Slaget ved Herdonia (212 f.Kr.)|pt:Batalha de Herdônia|fr:première bataille d'Herdonia|it:battaglia di Herdonia"
<http://www.wikidata.org/entity/Q1362053>	"sk:Bitka pri Mantinei (418 pred Kr.)|de:Erste Schlacht von Mantineia|nl:Slag bij Mantinea|ga:Cath Mantinea|es:Batalla de Mantinea|nb:Slaget ved Mantineia|fr:bataille de Mantinée|it:battaglia di Mantinea|pl:Bitwa pod Mantineją"
<http://www.wikidata.org/entity/Q136344>	"cs:bitva u Köse Dağu|ca:batalla del Kösedağ|lt:Kiose Dage mūšis|de:Schlacht vom Köse Dağ|nl:Battle of Köse Dağ|es:batalla de Köse Dağ|nb:Slaget ved Köse Dağ|pt:Batalha de Köse Dağ|fr:bataille de Köse Dağ|it:battaglia di Köse Dağ|pl:Bitwa pod Köse Dağ"
<http://www.wikidata.org/entity/Q1364027>	"de:Schlacht bei Antiochia|nl:Battle of Antioch on the Meander|es:batalla de Antioquía del Meandro|fr:bataille d'Antioche du Méandre|it:battaglia della valle del Meandro|pl:Bitwa pod Antiochią nad Meandrem"
<http://www.wikidata.org/entity/Q136437612>	"es:batalla de Gaza (1280)"
<http://www.wikidata.org/entity/Q1367199>	"ro:Bătălia de la Strasbourg|cs:Bitva u Argentorate|sv:Slaget vid Argentoratum|ca:batalla d'Argentorat|de:Schlacht von Argentoratum|nl:Slag bij Straatsburg|hr:Bitka kod Argentoratuma|sl:Bitka pri Strasbourgu|ga:Cath Strasbourg|es:Batalla de Estrasburgo|pt:Batalha de Argentorato|fr:bataille d'Argentoratum|it:battaglia di Strasburgo|fi:Strasbourgin taistelu|pl:Bitwa pod Argentoratum"
<http://www.wikidata.org/entity/Q1369629>	"cs:bitva u Fragy|ca:setge de Fraga|eu:Fragako gudua|de:Schlacht von Fraga|nl:Battle of Fraga|gl:Batalla de Fraga|sl:bitka za Frago|ga:Cath Fraga|es:batalla de Fraga|fr:bataille de Fraga|it:battaglia di Fraga|pl:Bitwa pod Fragą"
<http://www.wikidata.org/entity/Q13732826>	"nl:Inname van Geertruidenberg|it:Presa di Geertruidenberg (1573)"
<http://www.wikidata.org/entity/Q137567>	"sv:Slaget vid Asculum 89 f.Kr.|ca:batalla d'Àsculum|ga:Cath Asculum|es:Batalla de Ásculo|pt:Batalha de Ásculo|fr:bataille d'Ausculum|it:battaglia di Ascoli|pl:Bitwa pod Asculum"
<http://www.wikidata.org/entity/Q1375800>	"cs:Bitva ve Veregavském průsmyku|de:Schlacht am Rischkipass|es:Batalla del Paso Rishki|pt:Batalha do Passo de Rishki|it:Battaglia del passo Rishki"
<http://www.wikidata.org/entity/Q1389951>	"ro:Bătălia de la Panium|sv:Slaget vid Paneion|de:Schlacht bei Paneion|nl:Slag bij Panium|ga:Cath Panium|es:Batalla de Panio|pt:Batalha de Banias|fr:bataille de Panion|it:battaglia di Panio|pl:Bitwa pod Panion"
<http://www.wikidata.org/entity/Q139442629>	"fr:Bataille de Marchenoir"
<http://www.wikidata.org/entity/Q139808>	"da:Slaget ved Chalons|ro:Bătălia de pe Câmpiile Catalaunice|sk:Bitka na Katalaunských poliach|cs:bitva na Katalaunských polích|sv:Slaget vid Katalauniska fälten|hu:catalaunumi csata|ca:batalla dels Camps Catalàunics|lt:Katalaunijos mūšis|eu:Katalauniako Zelaietako Gudua|de:Schlacht auf den Katalaunischen Feldern|nl:Slag op de Catalaunische velden|hr:Bitka na Katalunskim poljima|gl:batalla dos Campos Cataláunicos|et:Katalaunia lahing|la:Pugna Catalaunica|sl:bitka na Katalaunskih poljanah|es:batalla de los Campos Cataláunicos|nb:Slaget ved Chalons|pt:Batalha dos Campos Cataláunicos|fr:bataille des champs Catalauniques|it:battaglia dei Campi Catalaunici|fi:Katalaunien kenttien taistelu|pl:Bitwa na Polach Katalaunijskich 451"
<http://www.wikidata.org/entity/Q139827452>	"pl:Bitwa morska w porcie Le Conquet"
<http://www.wikidata.org/entity/Q139832023>	"hu:Valenciennes-i bajvívás"
<http://www.wikidata.org/entity/Q139855912>	"de:Fall von Kairouan|es:caída de Cairuán|fr:chute de Kairouan"
<http://www.wikidata.org/entity/Q139856100>	"es:batalla de Tabrashq"
<http://www.wikidata.org/entity/Q1400402>	"ro:Recucerirea Constantinopolului|ca:Reconquesta de Constantinoble|de:Rückeroberung von Konstantinopel 1261|nl:Herovering van Constantinopel|es:Reconquista de Constantinopla|fr:Reconquête de Constantinople|it:riconquista di Costantinopoli|pl:Zdobycie Konstantynopola"
<http://www.wikidata.org/entity/Q140590752>	"es:batalla de Aksaray (1256)"
<http://www.wikidata.org/entity/Q140661997>	"es:batalla del río Sena"
<http://www.wikidata.org/entity/Q1407018>	"de:Schlacht von Paraitakene|nl:Slag bij Paraitakene|sl:bitka pri Paraitakeni|ga:Cath Paraitacene|es:batalla de Paraitacene|fr:bataille de Paraitacène|it:battaglia di Paretacene|fi:Paraitakenen taistelu|pl:Bitwa pod Paraitakene"
<http://www.wikidata.org/entity/Q1411508>	"cs:Bitva u Vlkoměře|hu:vilkomiri csata|lt:Pabaisko mūšis|ga:Cath Wilkomierz|es:Batalla de Pabaiskas|fr:bataille de Pabaiskas|lv:Pabaiskas kauja|it:Battaglia di Pabaiskas|pl:Bitwa pod Wiłkomierzem"
<http://www.wikidata.org/entity/Q141576096>	"es:batalla del río Stragna"
<http://www.wikidata.org/entity/Q1421082>	"cs:Bitva u Abrittu|sv:Slaget vid Abritus|ca:batalla d'Abritus|de:Schlacht von Abrittus|nl:Slag bij Abrittus|hr:Bitka kod Abrita|ga:Cath Abritus|es:Batalla de Abrito|pt:Batalha de Abrito|fr:bataille d'Abrittus|it:battaglia di Abrittus|fi:Abrittuksen taistelu|pl:Bitwa pod Abrittus"
<http://www.wikidata.org/entity/Q1422925>	"sv:Slaget vid Val-ès-Dunes|ca:batalla de Val-ès-Dunes|de:Schlacht von Val-ès-Dunes|ga:Cath Val-ès-Dunes|es:Batalla de Val-ès-Dunes|pt:Batalha de Val-ès-Dunes|fr:bataille du Val-ès-Dunes|pl:Bitwa w Dolinie Wydm"
<http://www.wikidata.org/entity/Q1422948>	"de:Schlacht auf dem Wülferichskamp|fr:bataille de Wulfskamp"
<http://www.wikidata.org/entity/Q1424076>	"ca:batalla de Mursa Major|de:Schlacht bei Mursa|nl:Slag bij Mursa|hr:Bitka kod Murse|es:batalla de Mursa Major|pt:Batalha de Mursa Major|fr:bataille de Mursa|it:battaglia di Mursa Maggiore|pl:Bitwa pod Mursą"
<http://www.wikidata.org/entity/Q1424844>	"cs:bitva u Délia|hu:délioni csata|de:Schlacht von Delion|nl:Slag bij Delium|et:Delioni lahing|ga:Cath Delium|es:Batalla de Delio|nb:Slaget ved Delion|pt:Batalha de Délio|fr:bataille de Délion|it:battaglia di Delio|fi:Delionin taistelu|pl:bitwa pod Delion"
<http://www.wikidata.org/entity/Q1424959>	"de:Schlacht bei Nouy|ga:Cath Nouy|fr:bataille de Nouy"
<http://www.wikidata.org/entity/Q1427630>	"sk:Bitka pri Adrianopole|cs:bitva u Adrianopole|sv:Slaget vid Adrianopel|ca:batalla d'Adrianòpolis|de:Schlacht von Adrianopel|nl:Battle of Adrianople|ga:Cath Chathair Aidrian|es:Batalla de Adrianópolis|pt:Batalha de Adrianópolis|fr:bataille d'Andrinople|it:battaglia di Adrianopoli|pl:Bitwa pod Adrianopolem"
<http://www.wikidata.org/entity/Q1428169>	"da:Slaget ved Barnet|cs:Bitva u Barnetu|sv:Slaget vid Barnet|hu:barneti csata|ca:Batalla de Barnet|de:Schlacht von Barnet|nl:Battle of Barnet|ga:Cath Barnet|es:Batalla de Barnet|nb:Slaget ved Barnet|pt:Batalha de Barnet|fr:bataille de Barnet|lv:Barnetas kauja|it:battaglia di Barnet|fi:Barnetin taistelu"
<http://www.wikidata.org/entity/Q1429157>	"cs:Bitva u Deorhamu|cy:Brwydr Dyrham|ca:Batalla de Deorham|de:Schlacht von Deorham|nl:Slag bij Deorham|gl:Batalla de Deorham|ga:Cath Dyrham|es:Batalla de Deorham|nb:Slaget ved Deorham|fr:bataille de Dyrham|it:battaglia di Deorham|pl:Bitwa pod Deorham"
<http://www.wikidata.org/entity/Q1429804>	"de:Schlacht von Krannon|nl:Slag bij Crannon|ga:Cath Crannon|es:batalla de Cranón|pt:Batalha de Crannon|fr:bataille de Crannon|it:battaglia di Crannone|pl:Bitwa pod Krannon"
<http://www.wikidata.org/entity/Q1430939>	"ro:Bătălia de la Fontenoy|cs:bitva u Fontenoy-en-Puisaye|sv:Slaget vid Fountenoy|hu:fontenoy-i csata|ca:batalla de Fontenoy-en-Puisaye|de:Schlacht von Fontenoy|nl:Slag bij Fontenoy|ga:Cath Fontenoy|es:Batalla de Fontenoy-en-Puisaye|pt:Batalha de Fontenay-en-Puisaye|fr:bataille de Fontenoy-en-Puisaye|it:battaglia di Fontenoy|pl:Bitwa pod Fontenay-en-Puisaye"
<http://www.wikidata.org/entity/Q1432659>	"da:Slaget ved Lipari-øerne|cs:bitva u Liparských ostrovů|ca:batalla de les illes Lípares|de:Schlacht bei den Liparischen Inseln|nl:Slag bij de Lipari-eilanden|es:batalla de las islas Lípari|nb:Slaget ved Lipariøyene|pt:Batalha das Ilhas Líparas|fr:bataille des îles Lipari|it:battaglia delle Isole Lipari|pl:Bitwa koło Wysp Liparyjskich"
<http://www.wikidata.org/entity/Q14360450>	"ca:batalla de Dijon|nl:Slag bij Dijon|ga:Cath Dijon|es:Batalla de Dijon|fr:bataille de Dijon"
<http://www.wikidata.org/entity/Q14360474>	"nl:Slag bij Zwartewaal|sl:Bitka pri Zwartewaalu|ga:Cath Vlaardingen|es:Batalla de Vlaardingen|fr:bataille de Zwartewaal"
<http://www.wikidata.org/entity/Q1442050>	"da:Slaget ved Maldon|cs:Bitva u Maldonu|ca:batalla de Maldon|de:Schlacht von Maldon|nl:Battle of Maldon|ga:Cath Maldon|es:batalla de Maldon|nb:Slaget ved Maldon|pt:Batalha de Maldon|fr:bataille de Maldon|it:battaglia di Maldon|pl:Bitwa pod Maldon"
<http://www.wikidata.org/entity/Q1443091>	"ro:Bătălia de la Garigliano|ca:batalla de Garellano|de:Schlacht am Garigliano (1503)|nl:Battle of Garigliano|ga:Cath Garigliano|es:batalla del Garellano|fr:bataille du Garigliano|it:battaglia del Garigliano|pl:Bitwa nad Garigliano"
<http://www.wikidata.org/entity/Q1456533>	"de:Schlacht bei Guinegate|nl:Slag bij Guinegate|ga:Cath Guinegate|es:Batalla de Guinegate|fr:bataille de Guinegatte|it:battaglia di Guinegate|pl:Bitwa pod Guinegate"
<http://www.wikidata.org/entity/Q1458166>	"cs:Bitva u Casilina|ca:batalla de Casilínum|de:Schlacht am Casilinus|nl:Slag bij Volturnus|es:Batalla de Casilino|pt:Batalha do Volturno|fr:bataille du Volturno|it:battaglia del Volturno"
<http://www.wikidata.org/entity/Q1458235>	"cs:bitva na horní Baetis|ca:batalla d'Ilorca|de:Schlacht an der Oberen Baetis|nl:Slag bij de Boven-Baetis|es:Batalla del Betis superior|nb:Slaget ved Øvre Baetis|pt:Batalha do Bétis Superior|fr:bataille du Bétis|it:battaglie del Baetis superiore"
<http://www.wikidata.org/entity/Q1459058>	"de:Schlacht am Curlew Pass|ga:Cath an Chorrshléibhe|es:Batalla de Curlew Pass|fr:bataille du col de Curlew|it:battaglia di Curlew Pass|pl:Bitwa pod Curlew Pass"
<http://www.wikidata.org/entity/Q1459494>	"ro:Bătălia de la Klokotnița|ca:batalla de Klokòtnitsa|de:Schlacht von Klokotniza|nl:Battle of Klokotnitsa|sl:Bitka pri Klokotnici|ga:Cath Klokotnitsa|es:Batalla de Klokotnitsa|pt:Batalha de Klokotnitsa|fr:bataille de Klokotnica|it:battaglia di Klokotnica|pl:Bitwa pod Kłokotnicą"
<http://www.wikidata.org/entity/Q1462345>	"cs:bitva u Tachova|hu:tachovi csata|de:Schlacht bei Mies|ga:Cath Tachov|es:Batalla de Tachov|fr:bataille de Tachov|pl:Bitwa pod Tachovem"
<http://www.wikidata.org/entity/Q1464620>	"ca:batalla de Vicenza|de:Schlacht von La Motta|nl:Battle of La Motta|es:batalla de La Motta|pt:Batalha de La Motta (1513)|fr:bataille de Vicence|it:battaglia de La Motta|pl:Bitwa pod Schio"
<http://www.wikidata.org/entity/Q1468732>	"cs:bitva pod Vyšehradem|eu:Vyšehradeko gudaldia|de:Schlacht bei Vyšehrad|sl:bitka pri Višegradu|ga:Cath Vyšehrad|es:Batalla de Vyšehrad|nb:slaget ved Vyšehrad|fr:bataille de Vyšehrad|pl:Bitwa pod Wyszehradem"
<http://www.wikidata.org/entity/Q14689>	"ro:Bătălia de la Lacul Peipsi|sk:Bitka na Čudskom jazere|cs:Bitva na Čudském jezeře|sv:Slaget på sjön Peipus|hu:Csúd-tavi csata|ca:batalla del llac Peipus|lt:Ledo mūšis|de:Schlacht auf dem Peipussee|nl:Slag op het IJs|et:Jäälahing|la:Proelium glaciale|sl:Bitka na Čudskem jezeru|es:Batalla del Lago Peipus|pt:Batalha do Lago Peipus|fr:bataille du lac Peïpous|lv:Ledus kauja|it:battaglia del lago ghiacciato|fi:Peipsijärven taistelu|pl:Bitwa na jeziorze Pejpus"
<http://www.wikidata.org/entity/Q1473857>	"de:Schlacht von Winchester|es:Tumulto de Winchester|pt:Tumulto de Winchester|fr:déroute de Winchester|pl:Bitwa pod Winchester"
<http://www.wikidata.org/entity/Q1474647>	"ca:batalla de Crotona|de:Schlacht von Crotona|nl:Slag bij Crotona|ga:Cath Crotona|es:Batalla de Crotona|nb:Slaget ved Crotona|pt:Batalha de Crotona|fr:bataille de Crotone|it:battaglia di Crotone"
<http://www.wikidata.org/entity/Q14748163>	"lt:Klaipėdos mūšis 1257 m.|de:Schlacht bei Memel (1257)|ga:Cath Memel|es:Batalla de Memel (1257)|fr:bataille de Memel (1257)|lv:Kauja pie Klaipēdas"
<http://www.wikidata.org/entity/Q1475533>	"de:Schlacht von Spartolos|nl:Battle of Spartolos|ga:Cath Spartolos|es:Batalla de Calcídica|nb:Slaget ved Khalkis|fr:bataille de Chalcis|it:battaglia di Calci"
<http://www.wikidata.org/entity/Q1476126>	"ca:Batalla de Panorm|de:Schlacht von Panormus|nl:Battle of Panormus|ga:Cath Panormus|es:Batalla de Palermo|nb:Slaget ved Panormus|pt:Batalha de Panormo|fr:bataille de Panormus|it:battaglia di Palermo|pl:Bitwa pod Panormos"
<http://www.wikidata.org/entity/Q1476280>	"ro:Prima Bătălie de la Tapae|ca:Primera batalla de Tapae|de:Schlacht von Tapae|es:batalla de Tapae (87)|fr:Campagne de Dacie de Domitien|it:Campagne daciche di Domiziano|fi:Tapaen taistelu|pl:Bitwa pod Tapae"
<http://www.wikidata.org/entity/Q1478970>	"ca:batalla de Cartago|de:Schlacht von Karthago|nl:Battle of Carthage|gl:batalla de Cartago|sl:bitka za Kartagino|ga:Cath na Cartaige|es:batalla de Cartago|pt:Batalha de Cartago|fr:bataille de Carthage|it:battaglia di Cartagine"
<http://www.wikidata.org/entity/Q1481920>	"ca:batalla d'Alarcos|eu:Alarcosko gudua|de:Schlacht bei Alarcos|nl:Slag bij Alarcos|gl:batalla de Alarcos|ga:Cath Alarcos|es:batalla de Alarcos|pt:Batalha de Alarcos|fr:bataille d'Alarcos|it:battaglia di Alarcos|fi:Alarcosin taistelu|pl:Bitwa pod Alarcos"
<http://www.wikidata.org/entity/Q1482311>	"ca:batalla del llac Vadimonis|de:Schlacht am Vadimonischen See|nl:Battle of Lake Vadimo|es:Batalla del Lago Vadimo|pt:Batalha do Lago Vadimo|fr:bataille du Lac Vadimon|it:battaglia del lago Vadimone|pl:Bitwa nad Jeziorem Wadymońskim"
<http://www.wikidata.org/entity/Q14855684>	"nl:Slag bij Borgerhout|ga:Cath Borgerhout|es:batalla de Borgerhout|fr:bataille de Borgerhout|it:Battaglia di Borgerhout"
<http://www.wikidata.org/entity/Q1488817>	"cs:Bitva u Orewinského mostu|cy:Brwydr Bont Orewin|de:Schlacht von Orewin Bridge|es:Batalla de Orewin Bridge|fr:bataille d'Orewin Bridge"
<http://www.wikidata.org/entity/Q1495481>	"da:Slaget ved Stoke Field|cs:Bitva u Stoke|sv:Slaget vid Stoke Field|hu:Stoke Field-i csata|cy:Brwydr Maes Stoke|de:Schlacht von Stoke|nl:Battle of Stoke Field|es:Batalla de Stoke Field|nb:Slaget ved Stoke Field|pt:Batalha de Stoke Field|fr:bataille de Stoke|it:battaglia di Stoke Field"
<http://www.wikidata.org/entity/Q1500196>	"cs:bitva u Hořic|eu:Hořiceko gudaldia|de:Schlacht bei Horschitz|sl:bitka pri Hořicah|ga:Cath Hořice|es:Batalla de Hořice|nb:slaget ved Hořice|fr:bataille de Hořice|pl:Bitwa pod Horicami"
<http://www.wikidata.org/entity/Q1500202>	"ca:batalla de Grumentum|de:Schlacht von Grumentum|nl:Slag bij Grumentum|ga:Cath Grumentum|es:batalla de Grumento|nb:Slaget ved Grumentum|pt:Batalha de Grumentum|fr:bataille de Grumentum|it:battaglia di Grumento|pl:Bitwa pod Grumentum"
<http://www.wikidata.org/entity/Q1500211>	"ca:batalla de Cissa|de:Schlacht von Cissa|nl:Slag bij Cissa|ga:Cath Cissa|es:batalla de Cissa|pt:Batalha de Cissa|fr:bataille de Cissa|it:battaglia di Cissa"
<http://www.wikidata.org/entity/Q1500314>	"ro:Bătălia de la Harran|cs:Bitva u Harranu|hu:Harráni csata|ca:batalla d'Haran|de:Schlacht von Harran|nl:Slag bij Harran|sl:Bitka pri Harranu|ga:Cath Harran|es:Batalla de Harrán|pt:Batalha de Harã|fr:bataille de Harran|it:battaglia di Harran|pl:Bitwa pod Harran"
<http://www.wikidata.org/entity/Q1500532>	"ro:Bătălia de la Cravant|cs:bitva u Cravantu|de:Schlacht von Cravant|nl:Battle of Cravant|ga:Cath Cravant|es:Batalla de Cravant|pt:Batalha de Cravant|fr:bataille de Cravant|it:battaglia di Cravant"
<http://www.wikidata.org/entity/Q1504536>	"de:Schlachten von Viminacium|es:batallas de Viminacium|pt:Batalhas de Viminácio"
<http://www.wikidata.org/entity/Q15074163>	"cs:obléhání hradu Sion"
<http://www.wikidata.org/entity/Q1508114>	"ca:batalla del Berra|de:Schlacht an der Berre|nl:Slag aan de Berre|sl:bitka na reki Berre|es:batalla del Berre|fr:bataille de la Berre"
<http://www.wikidata.org/entity/Q1509221>	"ca:batalla d'Orchomenus|de:Schlacht von Orchomenos|nl:Battle of Orchomenus|ga:Cath Orchomenus|es:Batalla de Orcómenos|pt:Batalha de Orcômeno|fr:bataille d'Orchomène|it:battaglia di Orcomeno|pl:Bitwa pod Orchomenos"
<http://www.wikidata.org/entity/Q1509663>	"cs:Bitva u Dunbaru (1296)|sv:Slaget vid Dunbar|hu:Dunbari csata|de:Schlacht bei Dunbar|nl:Slag bij Dunbar|gl:Batalla de Dunbar|ga:Cath Dhùn Bàrr|es:batalla de Dunbar|nb:Slaget ved Dunbar|pt:Batalha de Dunbar|fr:bataille de Dunbar|it:battaglia di Dunbar|pl:Bitwa pod Dunbar"
<http://www.wikidata.org/entity/Q1511005>	"ca:batalla de Valdejunquera|eu:Valdejunkerako gudua|de:Schlacht von Valdejunquera|nl:Battle of Valdejunquera|ga:Cath Valdejunquera|es:Batalla de Valdejunquera|pt:Batalha de Valdejunquera|pl:Bitwa pod Valdejunquera"
<http://www.wikidata.org/entity/Q1512205>	"de:Schlacht von Vindonissa|nl:Slag bij Vindonissa|sl:Bitka pri Vindonissi|ga:Cath Vindonissa|es:Batalla de Vindonissa|pt:Batalha de Vindonissa|it:battaglia di Vindonissa|pl:Bitwa pod Vindonissą"
<http://www.wikidata.org/entity/Q1516439>	"da:Slaget ved Brémule|cs:Bitva u Brémule|de:Schlacht von Brémule|nl:Battle of Bremule|ga:Cath Brémule|es:batalla de Brémule|pt:Batalha de Brémule|fr:bataille de Brémule|it:Battaglia di Brémule"
<http://www.wikidata.org/entity/Q1518266>	"ca:batalla de Simancas|eu:Simancasko gudua|de:Schlacht von Simancas|nl:Battle of Simancas|gl:batalla de Simancas|ga:Cath Simancas|es:Batalla de Simancas|pt:Batalha de Simancas|fr:bataille de Simancas|it:battaglia di Simancas|pl:Bitwa pod Simancas"
<http://www.wikidata.org/entity/Q15197100>	"ga:Cath Chnoc Bhinnín|es:Batalla de Binnion Hill"
<http://www.wikidata.org/entity/Q15197184>	"hu:Dornock-i csata|ga:Cath Dhòrnaich|es:Batalla de Dornock|fr:bataille de Dornock|it:Battaglia di Dornock"
<http://www.wikidata.org/entity/Q15197201>	"nl:Slag bij Flores (1592)|es:batalla de Flores (1592)|it:Battaglia di Flores (1592)"
<http://www.wikidata.org/entity/Q15197556>	"es:Batalla del Desfiladero de Uxian"
<http://www.wikidata.org/entity/Q152295>	"da:Slaget ved Worringen|ro:Bătălia de la Worringen|cs:Bitva u Worringenu|sv:Slaget vid Worringen|hu:worringeni csata|ca:batalla de Worringen|de:Schlacht von Worringen|nl:Slag bij Woeringen|la:Wuringense proelium|sl:Bitka pri Worringenu|ga:Cath Worringen|es:Batalla de Worringen|nb:Slaget ved Worringen|pt:Batalha de Worringen|fr:bataille de Worringen|it:Battaglia di Worringen|pl:Bitwa pod Worringen"
<http://www.wikidata.org/entity/Q1523324>	"ro:Bătălia de la Arnemuiden|de:Seeschlacht von Arnemuiden|nl:Slag bij Arnemuiden|ga:Cath Arnemuiden|es:Batalla de Arnemuiden|pt:Batalha de Arnemuiden|fr:bataille d'Arnemuiden|it:battaglia di Arnemuiden"
<http://www.wikidata.org/entity/Q1527286>	"ro:Bătălia de la Nocera|nl:Battle of Nocera|ga:Cath Nocera|es:Batalla de Nocera|pt:Batalha de Nocera|fr:bataille de Nocera|it:battaglia di Nocera"
<http://www.wikidata.org/entity/Q1527386>	"ro:Bătălia de la Rignano|nl:Battle of Rignano|ga:Cath Rignano|es:Batalla de Rignano|fr:bataille de Rignano|it:battaglia di Rignano"
<http://www.wikidata.org/entity/Q15277676>	"ga:Léigear Exeter|es:Asedio de Exeter|fr:siège d'Exeter"
<http://www.wikidata.org/entity/Q1528017>	"de:Schlacht von Demetritzes|ga:Cath Demetritzes|es:Batalla de Demetritzes|pt:Batalha de Demetritzes|fr:bataille de Démétritzès|pl:Bitwa pod Sidirokastro"
<http://www.wikidata.org/entity/Q153702>	"ca:batalla de Bèroe|nl:Battle of Beroia|ga:Cath Beroia|es:batalla de Beroia|pt:Batalha de Beroia|fr:bataille de Beroia|it:battaglia di Beroia|pl:Bitwa pod Beroją"
<http://www.wikidata.org/entity/Q153712>	"hu:parabiagói csata|de:Schlacht von Parabiago|nl:Battle of Parabiago|ga:Cath Parabiago|es:Batalla de Parabiago|fr:bataille de Parabiago|it:battaglia di Parabiago"
<http://www.wikidata.org/entity/Q1542647>	"cs:Bitva u Brissarthe|de:Schlacht von Brissarthe|nl:Battle of Brissarthe|ga:Cath Brissarthe|es:Batalla de Brissarthe|pt:Batalha de Brissarthe|fr:bataille de Brissarthe|it:battaglia di Brissarthe|fi:Brissarthen taistelu|pl:Bitwa pod Brissarthe"
<http://www.wikidata.org/entity/Q1543543>	"ca:batalla del Crimís|de:Schlacht am Krimisos|nl:Battle of the Crimissus|es:batalla del Crimiso|fr:bataille de Crimisos|it:battaglia del Crimiso|pl:Bitwa nad rzeką Krimissos"
<http://www.wikidata.org/entity/Q1546180>	"de:Schlacht von Stefaniana|ga:Cath Stephaniana|es:Batalla de Stefaniana|it:Battaglia di Stefaniana"
<http://www.wikidata.org/entity/Q1546379>	"de:Seeschlacht auf dem Bodensee|es:Batalla de Lake Constance"
<http://www.wikidata.org/entity/Q1547153>	"de:Schlacht von Verona|nl:Slag bij Verona|ga:Cath Verona|es:Batalla de Verona|pt:Batalha de Verona|fr:bataille de Verona|it:battaglia di Verona|pl:Bitwa pod Weroną"
<http://www.wikidata.org/entity/Q15531357>	"es:batalla del golfo de Almería|it:Battaglia del golfo di Almería"
<http://www.wikidata.org/entity/Q1557439>	"de:Schlacht bei Pfeddersheim|ga:Cath Pfeddersheim|es:Batalla de Pfeddersheim|nb:Slaget ved Pfeddersheim|fr:bataille de Pfeddersheim"
<http://www.wikidata.org/entity/Q15622355>	"ca:batalla de Castulo|ga:Cath Castulo|es:Batalla de Cástulo"
<http://www.wikidata.org/entity/Q1568965>	"sk:Bitka pri Pterii|ca:Batalla del riu Halis|eu:Halys ibaiko gudua|de:Schlacht bei Pteria|nl:Slag bij Pteria|hr:Bitka kod Pterije|sl:Bitka pri Pteriji|ga:Cath Pteria|es:batalla del río Halis|pt:Batalha de Ptéria|fr:bataille de la Ptérie|it:battaglia di Pteria|pl:Bitwa pod Pterią"
<http://www.wikidata.org/entity/Q15701718>	"sv:Belägringen av Narva|ca:setge de Narva de 1581|et:Narva piiramine|ga:Léigear Narva|fr:siège de Narva|fi:Narvan piiritys (1581)"
<http://www.wikidata.org/entity/Q15710625>	"ca:batalla de Protofàcion|ga:Cath Protopachium|es:Batalla de Protopachium|it:battaglia di Protophachium"
<http://www.wikidata.org/entity/Q1575254>	"ca:batalla de la-Roche-aux-Moines|de:Schlacht bei Roche-aux-Moines|nl:Slag bij La Roche-aux-Moines|ga:Cath Roche-au-Moine|es:Batalla de la Roche-aux-Moines|fr:bataille de la Roche-aux-Moines|pl:Bitwa pod La Roche-aux-Moines"
<http://www.wikidata.org/entity/Q1576140>	"ro:Bătălia de la Saint-Pol-de-Léon|hu:saint-pol-de-léoni csata|de:Schlacht von Saint-Pol-de-Léon|es:Batalla de St Pol de Léon|fr:bataille de Saint-Pol-de-Léon"
<http://www.wikidata.org/entity/Q1578852>	"cs:Bitva u Markelli|de:Schlacht von Marcellae|nl:Slag bij Marcellae|ga:Cath Marcellae|es:Batalla de Marcelae|pt:Batalha de Marcela|fr:bataille de Marcellae"
<http://www.wikidata.org/entity/Q1582486>	"ro:Bătălia de la Auberoche|hu:auberoche-i csata|ca:batalla d'Aubaròcha|de:Schlacht von Auberoche|nl:Slag bij Auberoche|ga:Cath Auberoche|es:Batalla de Auberoche|fr:bataille d'Auberoche"
<http://www.wikidata.org/entity/Q1583689>	"de:Schlacht von Brumath|sl:Bitka pri Brumathu|ga:Cath Brumath|es:Batalla de Brumath|pt:Batalha de Brocomago|fr:bataille de Brumath|pl:Bitwa pod Brotomagum"
<http://www.wikidata.org/entity/Q1583991>	"ca:batalla de Misique|de:Schlacht von Mesiche|nl:Battle of Misiche|hr:Bitka kod Misičea|ga:Cath Misiche|es:batalla de Misiche|pt:Batalha de Misiche|it:battaglia di Mesiche|pl:Bitwa pod Misiche"
<http://www.wikidata.org/entity/Q15844349>	"cs:bitva u Brůdku|de:Schlacht bei Biwanka|es:Batalla de Brůdek|fr:bataille à Brůdek"
<http://www.wikidata.org/entity/Q1587893>	"ro:Bătălia de la Tinchebray|cs:bitva u Tinchebray|ca:Batalla de Tinchebray|de:Schlacht bei Tinchebray|nl:Slag bij Tinchebrai|ga:Cath Tinchebray|es:Batalla de Tinchebray|nb:Slaget ved Tinchebray|pt:Batalha de Tinchebray|fr:bataille de Tinchebray|it:battaglia di Tinchebray|pl:Bitwa pod Tinchebray"
<http://www.wikidata.org/entity/Q15884770>	"sv:Tawwabins revolt|es:batalla de Ain al-Uarda|fr:bataille de 'Ayn al-Warda|it:battaglia di 'Ayn al-Warda"
<http://www.wikidata.org/entity/Q15889088>	"ca:batalla de Morvedre|sl:bitka pri Morvedru|ga:Cath Morvedre|es:Batalla de Morvedre"
<http://www.wikidata.org/entity/Q15890862>	"ca:setge d'Augusta|ga:Léigear Augusta|es:sitio de Augusta|fr:siège d'Augusta"
<http://www.wikidata.org/entity/Q15890877>	"ca:batalla de Calaf|ga:Cath Calaf|es:batalla de Calaf"
<http://www.wikidata.org/entity/Q15895729>	"ca:batalla de Martorell|de:Schlacht von Martorell|nl:Slag om Martorell|ga:Cath Martorell|es:batalla de Martorell (1114)|fr:bataille de Congost de Martorell"
<http://www.wikidata.org/entity/Q15899584>	"ca:batalla de Mislata|ga:Cath Mislata|es:batalla de Mislata"
<http://www.wikidata.org/entity/Q1591145>	"cs:Obléhání Nového Kartága|ca:batalla de Cartago Nova|de:Schlacht um Neu Karthago|nl:Battle of Cartagena|sl:bitka za Novo Kartagino|es:batalla de Cartago Nova (209 a. C.)|pt:Batalha de Nova Cartago|fr:bataille de Carthagène|it:assedio di Cartagena|fi:Carthago Novan piiritys|pl:Bitwa o Nową Kartaginę"
<http://www.wikidata.org/entity/Q15934409>	"ca:setge de Namur|ga:Léigear Namur|es:sitio de Namur|pt:Cerco de Namur|fr:siège de Namur"
<http://www.wikidata.org/entity/Q159512>	"da:Slaget ved Liegnitz|ro:Bătălia de la Legnica|cs:bitva u Lehnice|sv:Slaget vid Liegnitz|hu:legnicai csata|ca:batalla de Legnica|lt:Legnicos mūšis|de:Schlacht bei Liegnitz|nl:Slag bij Liegnitz|gl:Batalla de Legnica|sl:Bitka pri Legnici|ga:Cath Legnica|es:Batalla de Liegnitz|pt:Batalha de Legnica|fr:bataille de Legnica|it:battaglia di Legnica|fi:Liegnitzin taistelu|pl:Bitwa pod Legnicą"
<http://www.wikidata.org/entity/Q15972096>	"ga:Cath Étampes|es:batalla de Étampes|fr:bataille d'Étampes"
<http://www.wikidata.org/entity/Q15983960>	"de:Schlacht von Ephesos (1147 n.Chr.)|nl:Slag bij Ephesus|ga:Cath Eifeasas|es:Batalla de Ephesus|fr:Bataille d'Éphèse|it:Battaglia di Efeso (1147)"
<http://www.wikidata.org/entity/Q160077>	"da:Konstantinopels fald|ro:Căderea Constantinopolului|sk:Pád Konštantínopola|cs:pád Konstantinopole|sv:Konstantinopels fall|hu:Konstantinápoly eleste|ca:Caiguda de Constantinoble|lt:Konstantinopolio žlugimas|eu:Konstantinoplaren erorialdia|de:Eroberung von Konstantinopel|nl:beleg en val van Constantinopel|hr:Pad Carigrada|gl:Caída de Constantinopla|et:Konstantinoopoli piiramine|la:Expugnatio Constantinopolis|sl:padec Konstantinopla|es:Caída de Constantinopla|pt:Queda de Constantinopla|fr:chute de Constantinople|lv:Konstantinopoles krišana|it:assedio di Costantinopoli|fi:Konstantinopolin piiritys|pl:Upadek Konstantynopola"
<http://www.wikidata.org/entity/Q16034065>	"ga:Cath Cadoret|es:Batalla de Cadoret|fr:bataille de Cadoret"
<http://www.wikidata.org/entity/Q160387>	"is:Orrustan við Actíum|da:Søslaget ved Actium|ro:Bătălia de la Actium|sk:Bitka pri Actiu|cs:Bitva u Actia|sv:Slaget vid Actium|hu:actiumi csata|cy:Brwydr Actium|ca:batalla d'Àccium|lt:Akcijaus mūšis|eu:Aktiumgo gudua|de:Schlacht bei Actium|nl:slag bij Actium|hr:Bitka kod Akcija|mul:Battle of Actium|et:Aktioni lahing|la:Bellum Actiacum|sl:bitka pri Akciju|ga:Cath Aictiam|es:batalla de Accio|nb:Slaget ved Actium|pt:Batalha de Áccio|fr:bataille d'Actium|lv:Kauja pie Akcijas|it:battaglia di Azio|fi:Aktionin taistelu|pl:bitwa pod Akcjum"
<http://www.wikidata.org/entity/Q1606958>	"da:Slaget ved Bogesund|sv:Slaget på Åsundens is|de:Schlacht bei Bogesund|ga:Cath Bogesund|es:Batalla de Bogesund|pt:Batalha de Bogesund|fr:bataille de Bogesund"
<http://www.wikidata.org/entity/Q1613521>	"de:Schlacht von Roslin|nl:Battle of Roslin|ga:Cath Roslainn|es:Batalla de Roslin|fr:bataille de Roslin|it:battaglia di Roslin|pl:Bitwa pod Roslin"
<http://www.wikidata.org/entity/Q16158139>	"es:acción de Fayal|pt:Ação do Faial"
<http://www.wikidata.org/entity/Q16163580>	"ca:batalla dels Alcalans|nl:Slag bij de Alcalans|gl:batalla dos Alcalans|es:batalla de los Alcalans"
<http://www.wikidata.org/entity/Q16169269>	"ca:Setge de Narbona|sl:obleganje Narbonna (752–759)|ga:Léigear Narbonne (752-759)|es:sitio de Narbona (759)|fr:siège de Narbonne"
<http://www.wikidata.org/entity/Q16177430>	"ca:batalla de Besalú|ga:Cath Besalú|es:batalla de Besalú"
<http://www.wikidata.org/entity/Q1618294>	"cs:bitva u Sudoměře|eu:Sudoměřreko gudaldia|de:Schlacht bei Sudoměř|nl:Battle of Sudoměř|sl:bitka pri Sudoměřju|ga:Cath Sudoměř|es:Batalla de Sudoměř|nb:slaget ved Sudoměř|fr:bataille de Sudoměř|pl:Bitwa pod Sudomierzem"
<http://www.wikidata.org/entity/Q1618756>	"ro:Bătălia de la Meung-sur-Loire|sv:Slaget vid Meung-sur-Loire|ca:batalla de Meung-sur-Loire|de:Schlacht von Meung-sur-Loire|nl:Battle of Meung-sur-Loire|sl:bitka v Meung-sur-Loire|ga:Cath Meung-sur-Loire|es:Batalla de Meung-sur-Loire|pt:Batalha de Meung-sur-Loire|fr:bataille de Meung-sur-Loire|it:battaglia di Meung-sur-Loire|pl:Bitwa pod Meung-sur-Loire"
<http://www.wikidata.org/entity/Q16207132>	"lt:Konstantinopolio mūšis (378)|ga:Cath Chathair Chonstaintín|es:Batalla de Constantinople|pt:Batalha de Constantinopla|fr:bataille de Constantinople"
<http://www.wikidata.org/entity/Q16207231>	"ga:Cath Nishapur|es:batalla de Nishapur (652)|pt:Batalha de Nixapur|fr:bataille de Nishapur"
<http://www.wikidata.org/entity/Q16253748>	"ga:Cath Saticula|es:Batalla de Saticula|pt:Batalha de Satícula|fr:bataille de Saticula"
<http://www.wikidata.org/entity/Q16253753>	"ga:Cath Segré|es:Batalla de Segré"
<http://www.wikidata.org/entity/Q16262987>	"cs:obléhání Smolenska (1502)|lt:Smolensko apgultis (1502)|de:Schlacht von Smolensk|sl:obleganje Smolenska (1502)|ga:Léigear Smolensk (1502)|fr:siège de Smolensk|pl:Oblężenie Smoleńska 1502"
<http://www.wikidata.org/entity/Q1628304>	"cs:Bitva u Magerobriga|ca:batalla de Magetobriga|de:Schlacht bei Magetobriga|nl:Slag bij Magetobriga|sl:bitka pri Magetobrigi|ga:Cath Magetobria|es:Batalla de Magetobriga|pt:Batalha de Magetóbriga|fr:bataille de Magetobriga|it:Admagetobriga"
<http://www.wikidata.org/entity/Q1631158>	"ro:Bătălia de la Nájera|cs:bitva u Nájery|sv:Slaget vid Nájera|hu:nájerai csata|ca:batalla de Nàjera|eu:Naiarako gudua|de:Schlacht von Nájera|nl:Slag bij Nájera|gl:batalla de Nájera|ga:Cath Nájera|es:batalla de Nájera|pt:Batalha de Nájera|fr:bataille de Nájera|it:battaglia di Nájera|pl:Bitwa pod Nájera"
<http://www.wikidata.org/entity/Q16330226>	"es:batalla de las Equínadas|fr:bataille des îles Échinades (322 av. J.-C.)|it:battaglia delle Echinadi"
<http://www.wikidata.org/entity/Q1635231>	"da:Slaget ved Hexham|cs:Bitva u Hexhamu|sv:Slaget vid Hexham|hu:hexhami csata|de:Schlacht von Hexham|ga:Cath Hexham|es:Batalla de Hexham|nb:Slaget ved Hexham|pt:Batalha de Hexham|fr:bataille de Hexham|it:Battaglia di Hexham|pl:Bitwa pod Hexham"
<http://www.wikidata.org/entity/Q16366324>	"ga:Cath Bolnisi|es:batalla de Bolnisi|fr:bataille de Bolnisi"
<http://www.wikidata.org/entity/Q1637986>	"de:Schlacht von Satala|ga:Cath Satala|es:batalla de Satala|pt:Batalha de Satala|fr:bataille de Satala|it:Battaglia di Satala (530)|fi:Satalan taistelu|pl:Bitwa pod Satalą"
<http://www.wikidata.org/entity/Q1638031>	"da:Slaget ved Brunkebjerg|sv:Slaget vid Brunkeberg|ca:batalla de Brunkeberg|de:Schlacht am Brunkeberg|hr:Bitka kod Brunkeberga|ga:Cath Brunkeberg|es:Batalla de Brunkeberg|nb:Slaget ved Brunkeberg|pt:Batalha de Brunkeberg|fr:bataille de Brunkeberg|it:battaglia di Brunkeberg|fi:Brunkebergin taistelu|pl:Bitwa pod Brunkebergiem"
<http://www.wikidata.org/entity/Q1638751>	"de:Schlacht von Shirimni|ga:Cath Shirimni|es:batalla de Shirimni|pt:Batalha de Shirimni|fr:bataille de Shirimni"
<http://www.wikidata.org/entity/Q1639273>	"ca:batalla d'Anzèn|de:Schlacht bei Anzen|nl:Battle of Anzen|ga:Cath Anzen|es:Batalla de Anzen|pt:Batalha de Anzen|fr:bataille d'Anzen|it:battaglia di Anzen|pl:Bitwa pod Dasymenon"
<http://www.wikidata.org/entity/Q1639459>	"ro:Bătălia de la Mu'tah|sv:Slaget vid Mu'tah|ca:batalla de Muta|nl:Battle of Mu'tah|ga:Cath Mu'tah|es:batalla de Mu'tah|nb:Slaget ved Mutah|pt:Batalha de Mu'tah|fr:bataille de Mu'tah|it:battaglia di Mu'ta|pl:Bitwa pod Mu'tah"
<http://www.wikidata.org/entity/Q163959>	"hu:héricourt-i csata|ca:batalla d'Héricourt|de:Schlacht bei Héricourt|nl:Slag bij Héricourt|ga:Cath Héricourt|es:Batalla de Héricourt|fr:bataille de Héricourt|it:battaglia di Héricourt|pl:bitwa pod Héricourt"
<http://www.wikidata.org/entity/Q1640209>	"ca:batalla d'Aizkraukle|lt:Aizkrauklės mūšis|eu:Aizkraukleko gudua|de:Schlacht von Ascheraden|nl:Slag bij Aizkraukle|ga:Cath Aizkraukle|es:Batalla de Aizkraukle|fr:bataille d'Aizkraukle|lv:Aizkraukles kauja|it:battaglia di Aizkraukle|pl:Bitwa pod Aizkraukle"
<http://www.wikidata.org/entity/Q1644792>	"ro:Bătălia de lângă lacul Regillus|sk:Bitka pri jazere Regillus|cs:Bitva u Regilla|sv:Regillus|hu:Regillus-tavi csata|ca:batalla del llac Regil|eu:Erregilo Lakuko gudua|de:Schlacht am Regillus-See|nl:Slag bij het meer van Regillus|et:Regilluse järve lahing|es:batalla del Lago Regilo|pt:Batalha do Lago Regilo|fr:bataille du lac Régille|it:battaglia del lago Regillo|pl:Bitwa nad jeziorem Regillus"
<http://www.wikidata.org/entity/Q1648673>	"de:Schlacht von Otterburn|nl:Slag bij Otterburn|ga:Cath Otterburn|es:Batalla de Otterburn|fr:bataille d'Otterburn|it:battaglia di Otterburn"
<http://www.wikidata.org/entity/Q1649708>	"de:Schlacht bei Verchen|ga:Cath Verchen|es:batalla de Verchen|pl:Bitwa pod Verchen"
<http://www.wikidata.org/entity/Q16506159>	"da:Slaget ved Bunketofta|sv:Slaget vid Bunketofta|ga:Cath Bunketofta|nb:Slaget ved Bunketofte"
<http://www.wikidata.org/entity/Q1651134>	"ro:Bătălia de la Roosebeke|sv:slaget vid Roosebeke|hu:Roosebekei csata|ca:Batalla de Roosebeke|de:Schlacht bei Roosebeke|nl:Slag bij Westrozebeke|ga:Cath Roosebeke|es:Batalla de Roosebeke|nb:slaget ved Roosebeke|fr:bataille de Roosebeke|it:battaglia di Roosebeke|pl:Bitwa pod West-Roosebeke"
<http://www.wikidata.org/entity/Q16531530>	"es:batalla de Volta Mantovana (1080)|it:battaglia di Volta Mantovana"
<http://www.wikidata.org/entity/Q16531723>	"nl:Slag bij Mons-en-Vimeu|ga:Cath Mons-en-Vimeu|es:Batalla de Mons-en-Vimeu|fr:bataille de Mons-en-Vimeu"
<http://www.wikidata.org/entity/Q16537286>	"ga:Cath Mollahasanli|fr:bataille de Mollahasanli"
<http://www.wikidata.org/entity/Q165425>	"da:Søslaget ved Lepanto|ro:Bătălia de la Lepanto|sk:Bitka pri Lepante|cs:bitva u Lepanta|sv:Slaget vid Lepanto|hu:lepantói csata|ca:batalla de Lepant|lt:Lepanto mūšis|eu:Lepantoko gudua|de:Seeschlacht von Lepanto|nl:slag bij Lepanto|hr:Bitka kod Lepanta|gl:Batalla de Lepanto|et:Lepanto merelahing|la:Proelium Lepanthinum|sl:bitka pri Lepantu|ga:Cath Lepanto|es:batalla de Lepanto|nb:Slaget ved Lepanto|pt:Batalha de Lepanto|fr:bataille de Lépante|lv:Lepanto kauja|it:battaglia di Lepanto|fi:Lepanton taistelu|pl:Bitwa pod Lepanto"
<http://www.wikidata.org/entity/Q1660792>	"ca:batalla de Cirta|de:Schlacht von Cirta|ga:Cath Cirta|es:Batalla de Cirta|pt:Batalha de Cirta|fr:bataille de Cirta"
<http://www.wikidata.org/entity/Q1664736>	"de:Schlacht bei Frohse|ga:Cath Frohse|pl:Bitwa pod Frohse"
<http://www.wikidata.org/entity/Q1668787>	"de:Schlacht von Othée|nl:Slag van Othée|ga:Cath Othée|es:Batalla de Othée|nb:Slaget ved Othée|fr:bataille d'Othée|pl:Bitwa pod Othée"
<http://www.wikidata.org/entity/Q1669285>	"ca:saqueig d'Amòrion|de:Plünderung von Amorion|nl:Sack of Amorium|sl:oplenitev Armorija|es:Saqueo de Amorio|pt:Saque de Amório|fr:expédition d'Amorium|it:sacco di Amorio"
<http://www.wikidata.org/entity/Q1669489>	"hu:taillebourg-i csata|ca:Batalla de Taillebourg|de:Schlacht bei Taillebourg|ga:Cath Taillebourg|es:Batalla de Taillebourg|pt:Batalha de Taillebourg|fr:bataille de Taillebourg|it:Battaglia di Taillebourg|pl:Bitwa pod Taillebourg"
<http://www.wikidata.org/entity/Q166961>	"cy:Brwydr Amwythig|de:Schlacht von Shrewsbury|nl:Slag bij Shrewsbury|ga:Cath Shrewsbury|es:batalla de Shrewsbury|pt:Batalha de Shrewsbury|fr:bataille de Shrewsbury|it:Battaglia di Shrewsbury|pl:Bitwa pod Shrewsbury"
<http://www.wikidata.org/entity/Q1671704>	"ca:batalla de Nemea|de:Schlacht von Nemea|nl:Slag bij Nemea|ga:Cath Nemea|es:Batalla de Nemea|pt:Batalha de Nemeia|fr:bataille de Némée|it:battaglia di Nemea|fi:Nemean taistelu|pl:bitwa nad Nemeą"
<http://www.wikidata.org/entity/Q1678637>	"ro:Bătălia de la Dorylaeum|cs:bitva u Dorylaia|sv:Slaget vid Dorylaeum|ca:batalla de Dorilèon|de:Schlacht von Doryläum|nl:Slag bij Dorylaeum|ga:Cath Dorylaeum|es:Batalla de Dorilea|fr:bataille de Dorylée|it:battaglia di Dorylaeum|pl:Bitwa nad rzeką Bathys"
<http://www.wikidata.org/entity/Q16822586>	"da:Slaget ved Buttington|cy:Brwydr Tal-y-bont|ca:batalla de Buttington|ga:Cath Buttington|es:batalla de Buttington|fr:bataille de Buttington"
<http://www.wikidata.org/entity/Q16822614>	"de:Schlacht bei Flochberg|ga:Cath Flochberg|es:Batalla de Flochberg|it:Battaglia di Flochberg"
<http://www.wikidata.org/entity/Q16822665>	"ca:Batalla de Marj ar-Ràhit (634)|de:Schlacht von Mardsch Rahit|es:batalla de March Ráhit|fr:bataille de Marj Rahit|pl:Bitwa pod Mardż Rahit"
<http://www.wikidata.org/entity/Q16826489>	"de:Schlacht von Chesterfield|ga:Cath Chesterfield|es:Batalla de Chesterfield"
<http://www.wikidata.org/entity/Q16840426>	"ga:Cath Guadix|es:Batalla de Guadix|fr:bataille de Guadix"
<http://www.wikidata.org/entity/Q1688652>	"cs:bitva u Chrastavy|de:Schlacht bei Kratzau|ga:Cath Kratzau|es:Batalla de Kratzau|pl:Bitwa pod Kratzau"
<http://www.wikidata.org/entity/Q1692857>	"da:Slaget ved Losecoat Field|cs:Bitva u Losecoat Field|sv:Slaget vid Losecoat Field|hu:Losecote Field-i csata|de:Schlacht von Losecote Field|es:Batalla de Losecoat Field|fr:bataille de Losecoat Field|it:Battaglia di Lose-coat Field"
<http://www.wikidata.org/entity/Q16930987>	"ga:Cath Hornshole|es:Batalla de Hornshole|fr:bataille de Hornshole|it:Battaglia di Hornshole"
<http://www.wikidata.org/entity/Q16933440>	"ga:Cath Scarpheia|es:batalla de Escarfia|pt:Batalha de Escarpeia|fr:bataille de Scarpheia"
<http://www.wikidata.org/entity/Q1700886>	"de:Schlacht bei Soltau|et:Soltau lahing|ga:Cath Soltau|es:Batalla de Soltau"
<http://www.wikidata.org/entity/Q1704268>	"da:Slaget ved Assandun|ca:batalla d'Assandun|de:Schlacht von Assandun|nl:Battle of Assandun|et:Assanduni lahing|ga:Cath Assandun|es:Batalla de Assandun|pt:Batalha de Assandun|fr:bataille d'Assandun|it:battaglia di Assandun|pl:Bitwa pod Assandun"
<http://www.wikidata.org/entity/Q1720307>	"de:Schlacht am Hellespont|nl:Slag bij de Hellespont|es:batalla del Helesponto|fr:bataille de l'Hellespont|pl:Bitwa nad Hellespontem"
<http://www.wikidata.org/entity/Q17277303>	"gl:Batalla do río Halis|ga:Cath Halys|es:Batalla de Halys|pt:Batalha do Rio Hális"
<http://www.wikidata.org/entity/Q173077>	"is:Orrustan við Tours|da:Slaget ved Poitiers|ro:Bătălia de la Tours|sk:Bitka pri Tours|cs:bitva u Tours|sv:Slaget vid Tours|hu:poitiers-i csata|cy:Brwydr Tours|ca:batalla de Poitiers|lt:Puatjė mūšis|eu:Poitiersko gudua|de:Schlacht von Tours und Poitiers|nl:Slag bij Poitiers|hr:Bitka kod Poitiersa|gl:batalla de Poitiers|et:Poitiers' lahing|sl:bitka pri Toursu|ga:Cath Tours|es:Batalla de Poitiers|nb:Slaget ved Poitiers|pt:Batalha de Poitiers|fr:bataille de Poitiers|it:battaglia di Poitiers|fi:Poitiers'n taistelu|pl:Bitwa pod Poitiers"
<http://www.wikidata.org/entity/Q17374942>	"ca:Batalla de Bergium|eu:Bergiumeko gudua|ga:Cath Bergium|es:batalla de Bergium"
<http://www.wikidata.org/entity/Q174253>	"hu:tegürai csata|ca:batalla de Tegira|de:Schlacht von Tegyra|la:Pugna apud Tegyras|ga:Cath Tegyra|es:Batalla de Tegira|pt:Batalha de Tegira|fr:bataille de Tégyres|it:battaglia di Tegira|pl:Bitwa pod Tegyrą"
<http://www.wikidata.org/entity/Q1747219>	"ca:setge d'Avinyó|de:Schlacht bei Avignon|nl:Slag bij Avignon|ga:Cath Avignon|es:Batalla de Avignon|fr:bataille d'Avignon|pl:Bitwa pod Avignon"
<http://www.wikidata.org/entity/Q1748450>	"da:Slaget ved Hedgeley Moor|cs:Bitva u Hedgeley Moor|sv:Slaget på Hedgeley Moor|hu:Hedgeley Moor-i csata|de:Schlacht von Hedgeley Moor|es:Batalla de Hedgeley Moor|nb:Slaget ved Hedgeley Moor|pt:Batalha de Hedgeley Moor|fr:bataille de Hedgeley Moor|it:Battaglia di Hedgeley Moor"
<http://www.wikidata.org/entity/Q1749390>	"de:Schlacht bei Coffrane|ga:Cath Coffrane|es:Batalla de Coffrane|fr:bataille de Coffrane|pl:Bitwa pod Coffrane"
<http://www.wikidata.org/entity/Q17515442>	"cs:Bitva u Brestu|hr:Bitka kod Bresta 1592.|ga:Cath Brest|es:Batalla de Brest|fr:bataille de Brest"
<http://www.wikidata.org/entity/Q17515504>	"ca:batalla de Picotin|ga:Cath Picotin|es:batalla de Picotin|fr:bataille de Picotin"
<http://www.wikidata.org/entity/Q1754459>	"eu:Himera ibaiko gudua (K.a. 311)|de:Schlacht am Himeras|nl:Slag aan de Himera|ga:Cath Himera|es:batalla de Hímera|fr:bataille d'Himère|it:battaglia dell'Imera|pl:Bitwa pod Eknomos"
<http://www.wikidata.org/entity/Q1754732>	"ca:batalla d'Agnadello|de:Schlacht von Agnadello|nl:Slag bij Agnadello|ga:Cath Agnadello|es:batalla de Agnadello|pt:Batalha de Agnadello|fr:bataille d'Agnadel|it:battaglia di Agnadello|pl:Bitwa pod Agnadello"
<http://www.wikidata.org/entity/Q1758473>	"cy:Brwydr Meicen|ca:batalla de Hatfield Chase|de:Schlacht von Hatfield Chase|nl:Slag bij Hatfield Chase|gl:Batalla de Hatfield Chase|es:Batalla de Hatfield Chase|nb:Slaget ved Hatfield Chase|fr:bataille de Hatfield Chase|it:battaglia di Hatfield Chase|pl:Bitwa pod Hatfield Chase"
<http://www.wikidata.org/entity/Q17588055>	"ca:batalla de Rubinat|ga:Cath Rubinat|es:batalla de Rubinat"
<http://www.wikidata.org/entity/Q17588057>	"ca:batalla de Viladamat|es:batalla de Viladamat"
<http://www.wikidata.org/entity/Q1759500>	"de:Schlacht bei Langres|nl:Slag bij Langres|sl:Bitka pri Lingonesu|ga:Cath Lingones|es:Batalla de Lingones|pt:Batalha de Lingones|fr:bataille de Langres|it:battaglia di Lingones|pl:Bitwa pod Lingones"
<http://www.wikidata.org/entity/Q175985>	"ro:Bătălia de la Telamon|sv:Slaget vid Telamon|ca:batalla de Telamó|de:Schlacht bei Telamon|nl:Slag bij Telamon|ga:Cath Telamon|es:Batalla de Telamón|pt:Batalha de Telamão|fr:bataille de Télamon|it:battaglia di Talamone|fi:Telamonin taistelu|pl:Bitwa pod Telamonem"
<http://www.wikidata.org/entity/Q17605393>	"ca:combat de Llívia|ga:Cath Llívia|es:combate de Llivia"
<http://www.wikidata.org/entity/Q1760784>	"cs:bitva u Molodí|hu:mologyi csata|de:Schlacht bei Molodi|ga:Cath Molodi|es:Batalla de Molodi|fr:bataille de Molodi|fi:Molodin taistelu|pl:Bitwa pod Mołodią"
<http://www.wikidata.org/entity/Q17622605>	"ga:Cath Cumas|es:batalla de Cumas (215 a. C.)|pt:Batalha de Cumas|it:battaglia di Cuma"
<http://www.wikidata.org/entity/Q17622618>	"ro:Bătălia de la Margate|de:Schlacht von Margate|ga:Cath Margate|es:Batalla de Margate|fr:bataille de Margate"
<http://www.wikidata.org/entity/Q17622621>	"nl:Slag bij Polvoraria|ga:Cath Polvoraria|es:Batalla de Polvoraria"
<http://www.wikidata.org/entity/Q1762486>	"ca:batalla de Sanluri|nl:Battle of Sanluri|ga:Cath Sanluri|es:Batalla de Sanluri|it:battaglia di Sanluri"
<http://www.wikidata.org/entity/Q17625790>	"eu:Inglesmendiko gudua|ga:Cath Inglesmendi|es:Combate de Inglesmendi|fr:bataille d'Inglesmendi"
<http://www.wikidata.org/entity/Q176416>	"cs:bitva u Sfakterie|de:Schlacht von Sphakteria|nl:Slag bij Sphacteria|ga:Cath Sphacteria|es:Batalla de Esfacteria|nb:Slaget ved Sfakteria|pt:Batalha de Esfactéria|fr:bataille de Sphactérie|it:battaglia di Sfacteria|pl:Bitwa o Sfakterię"
<http://www.wikidata.org/entity/Q1770064>	"gl:Batalla de Otford|ga:Cath Otford|es:Batalla de Otford|nb:Slaget ved Otford|fr:bataille d'Otford"
<http://www.wikidata.org/entity/Q1770727>	"de:Schlacht bei Sark|ga:Cath Sark|es:Batalla de Sark|fr:bataille de Sark|it:Battaglia di Sark"
<http://www.wikidata.org/entity/Q1777327>	"de:Schlacht von Gavere|nl:Slag bij Gavere|ga:Cath Gavere|es:Batalla de Gavere|nb:Slaget ved Gavere|fr:bataille de Gavere|it:battaglia di Gavere"
<http://www.wikidata.org/entity/Q1778251>	"cs:Bitva u Älgaråsu|sv:Slaget vid Älgarås|de:Schlacht bei Älgarås|et:Älgaråsi lahing|ga:Cath Älgarås|es:Batalla de Älgarås|nb:Slaget ved Älgarås|pt:Batalha de Älgarås|fr:bataille d'Älgarås|pl:Bitwa pod Älgarås"
<http://www.wikidata.org/entity/Q1779008>	"hu:anghiari csata|ca:Batalla d'Anghiari|de:Schlacht von Anghiari|nl:Slag van Anghiari|sl:Bitka pri Anghiariju|ga:Cath Anghiari|es:Batalla de Anghiari|fr:bataille d'Anghiari|it:battaglia di Anghiari"
<http://www.wikidata.org/entity/Q1784087>	"ca:batalla de Tourtour|de:Schlacht von Tourtour|nl:Battle of Tourtour|ga:Cath Tourtour|es:Batalla de Tourtour|fr:bataille de Tourtour|it:battaglia di Tourtour"
<http://www.wikidata.org/entity/Q1784785>	"ca:batalla de Mons Seleucus|de:Schlacht am Mons Seleucus|nl:Slag bij Mons Seleucus|hr:Bitka kod Mons Seleucusa|es:batalla de Mons Seleucus|pt:Batalha de Monte Seleuco|fr:bataille de Mons Seleucus|it:battaglia di Mons Seleucus|pl:Bitwa w dolinie rzeki Izery"
<http://www.wikidata.org/entity/Q1784832>	"ca:batalla de Vincy|de:Schlacht von Vincy|nl:Slag bij Vincy|sl:bitka pri Vinchyju|ga:Cath Vincy|es:Batalla de Vincy|fr:bataille de Vinchy|it:battaglia di Vincy|pl:Bitwa pod Vincy"
<http://www.wikidata.org/entity/Q178510>	"da:Slaget ved Mohács|ro:Bătălia de la Mohács|sk:Bitka pri Moháči|cs:bitva u Moháče|sv:Slaget vid Mohács|hu:mohácsi csata|cy:Brwydr Mohács|ca:batalla de Mohács|lt:Mohačo mūšis|eu:Mohácseko gudua|de:Schlacht bei Mohács|nl:slag bij Mohács|hr:Mohačka bitka|gl:Batalla de Mohács|et:Mohácsi lahing|la:Pugna Mohacsensis|sl:Bitka pri Mohaču|ga:Cath Mohács|es:batalla de Mohács|nb:Slaget ved Mohács|pt:Batalha de Mohács|fr:bataille de Mohács|lv:Mohāčas kauja|it:battaglia di Mohács|fi:Mohácsin taistelu|pl:Bitwa pod Mohaczem"
<http://www.wikidata.org/entity/Q1785755>	"ro:Bătălia de la Baugé|cs:bitva u Baugé|de:Schlacht von Baugé|nl:Battle of Baugé|ga:Cath Baugé|es:batalla de Baugé|fr:bataille de Baugé|it:battaglia di Baugé"
<http://www.wikidata.org/entity/Q1786470>	"da:Slaget ved Irpin|lt:Irpinės mūšis|de:Schlacht am Irpen|nl:Slag aan de Irpen|es:Batalla del río Irpín|nb:Slaget ved Irpen|pt:Batalha do Rio Irpin|fr:bataille de la rivière Irpine|it:Battaglia del fiume Irpin'|pl:Bitwa nad Irpieniem"
<http://www.wikidata.org/entity/Q1787589>	"cs:bitva u Ústí nad Labem|de:Schlacht bei Aussig|ga:Cath Aussig|es:Batalla de Ústí nad Labem|fr:bataille d'Usti nad Labem|pl:Bitwa pod Uściem"
<http://www.wikidata.org/entity/Q178850>	"is:Orrustan við Salamis|da:Slaget ved Salamis|ro:Bătălia de la Salamina|sk:Bitka pri Salamíne|cs:Bitva u Salamíny|sv:Slaget vid Salamis|hu:szalamiszi csata|cy:Brwydr Salamis|ca:batalla de Salamina|eu:Salaminako gudua|de:Schlacht von Salamis|nl:Slag bij Salamis|hr:Bitka kod Salamine|gl:Batalla de Salamina|la:Pugna Salaminia|sl:bitka pri Salamini|ga:Cath Shalamas|es:batalla de Salamina|nb:Slaget ved Salamis|pt:Batalha de Salamina|fr:bataille de Salamine|lv:Salaminas kauja|it:battaglia di Salamina|fi:Salamiin taistelu|pl:bitwa pod Salaminą"
<http://www.wikidata.org/entity/Q1788933>	"ca:batalla de Dertosa|de:Schlacht von Ibera|nl:Battle of Dertosa|ga:Cath Dertosa|es:Batalla de Dertosa|pt:Batalha de Dertosa|fr:bataille de Dertosa|it:battaglia di Dertosa"
<http://www.wikidata.org/entity/Q1789809>	"de:Kronberger Fehde|es:Batalla de Eschborn|fr:querelle de Kronberger"
<http://www.wikidata.org/entity/Q1792257>	"sv:Slaget vid Sparrsätra|ga:Cath Sparrsätra|es:Batalla de Sparrsätra|nb:Slaget ved Sparrsätra|pt:Batalha de Sparrsätra"
<http://www.wikidata.org/entity/Q1792643>	"cs:Bitva na Río Salado|ca:batalla del riu Salado|eu:Saladoko gudua|de:Schlacht am Salado|nl:Slag bij Salado|es:batalla del Salado|pt:Batalha do Salado|fr:bataille de Tarifa|it:battaglia del rio Salado|fi:Saladon taistelu|pl:Bitwa nad rzeką Salado"
<http://www.wikidata.org/entity/Q179288>	"da:Slaget på Solsortesletten|ro:Bătălia de la Kosovo Polje|sk:Bitka na Kosovom poli|cs:Bitva na Kosově poli|sv:slaget på Trastfältet|hu:rigómezei csata|ca:batalla de Kosovo Polje|lt:Kosovo mūšis|eu:Kosovoko gudua|de:Schlacht auf dem Amselfeld|nl:slag op het Merelveld|hr:Bitka na Kosovu polju|gl:Batalla de Kosovo Polje|et:Kosovo lahing (1389)|sl:Bitka na Kosovskem polju|ga:Cath na Cosaive|es:Batalla de Kosovo|nb:slaget ved Kosovosletta|pt:Batalha do Kosovo|fr:bataille de Kosovo Polje|lv:Kosovas kauja|it:battaglia della Piana dei Merli|fi:Kosovo Poljen taistelu|pl:Bitwa na Kosowym Polu"
<http://www.wikidata.org/entity/Q1794521>	"da:Slaget ved Hova|sv:Slaget vid Hova|ga:Cath Hova|es:Batalla de Hova|nb:Slaget ved Hova|pt:Batalha de Hova|fi:Hovan taistelu"
<http://www.wikidata.org/entity/Q1794532>	"da:Slaget ved Åsle|sv:slaget vid Åsle|ga:Cath Åsle|nb:Slaget ved Åsle|fr:bataille d'Åsle|fi:Falköpingin taistelu"
<http://www.wikidata.org/entity/Q179455>	"cs:bitva u Helléspontu|de:Seeschlacht bei Kallipolis|nl:Slag bij de Hellespont|es:Batalla del Helesponto|pt:Batalha do Helesponto|fr:bataille de l'Hellespont|it:battaglia dell'Ellesponto|pl:Bitwa morska w Hellesponcie"
<http://www.wikidata.org/entity/Q179591>	"is:Orrustan við Cannae|da:Slaget ved Cannae|ro:Bătălia de la Cannae|sk:Bitka pri Kannách|cs:bitva u Kann|sv:Slaget vid Cannae|hu:cannaei csata|cy:Brwydr Cannae|ca:batalla de Cannes|lt:Kanų mūšis|eu:Cannaeko gudua|de:Schlacht von Cannae|nl:Slag bij Cannae|hr:Bitka kod Kane|gl:batalla de Cannas|et:Cannae lahing|la:Proelium Cannense|sl:bitka pri Kanah|ga:Cath Cannae|es:batalla de Cannas|nb:Slaget ved Cannae|pt:Batalha de Canas|fr:bataille de Cannes|lv:Kauja pie Kannām|it:battaglia di Canne|fi:Cannaen taistelu|pl:Bitwa pod Kannami"
<http://www.wikidata.org/entity/Q179670>	"da:Slaget ved Gaugamela|ro:Bătălia de la Gaugamela|sk:Bitka pri Gaugaméle|cs:bitva u Gaugamél|sv:Slaget vid Gaugamela|hu:gaugamélai csata|ca:batalla de Gaugamela|lt:Gaugamelų mūšis|eu:Gaugamelako gudua|de:Schlacht von Gaugamela|nl:Slag bij Gaugamela|hr:Bitka kod Gaugamele|gl:batalla de Gaugamela|et:Gaugamela lahing|sl:Bitka pri Gavgameli|ga:Cath Gaugamela|es:batalla de Gaugamela|nb:Slaget ved Gaugamela|pt:Batalha de Gaugamela|fr:bataille de Gaugamèles|it:battaglia di Gaugamela|fi:Gaugamelan taistelu|pl:Bitwa pod Gaugamelą"
<http://www.wikidata.org/entity/Q1799032>	"ca:batalla de Camerínum|de:Schlacht von Camerinum|nl:Slag bij Camerinum|ga:Cath Camerinum|es:batalla de Camerino|pt:Batalha de Camerino|fr:bataille de Camerinum|it:battaglia di Camerino|pl:Bitwa pod Camerinum"
<http://www.wikidata.org/entity/Q18003965>	"ca:batalla naval de Càller|es:batalla naval de Cagliari|it:battaglia navale del golfo di Cagliari"
<http://www.wikidata.org/entity/Q18005571>	"ca:crema de Peralada|es:quema de Perelada"
<http://www.wikidata.org/entity/Q18006531>	"ca:Setge a Pelai als Picos de Europa|es:sitio a Pelayo|fr:siège à Pelayo"
<http://www.wikidata.org/entity/Q18006574>	"ca:batalla de San Gavino|es:batalla de San Gavino|it:battaglia di san Gavino"
<http://www.wikidata.org/entity/Q18008908>	"ca:Batalla de Secunda|ga:Cath Xaqunda|es:batalla de Secunda"
<http://www.wikidata.org/entity/Q18027703>	"de:Schlacht am Coleshill"
<http://www.wikidata.org/entity/Q1807089>	"ca:batalla de Calatañazor|eu:Calatañazorko gudua|de:Schlacht von Calatañazor|nl:Battle of Calatañazor|es:batalla de Calatañazor|pt:Batalha de Calatañazor|fr:bataille de Calatañazor|pl:Bitwa pod Calatañazor"
<http://www.wikidata.org/entity/Q1807251>	"de:Schlacht von La Higueruela|nl:Slag bij La Higueruela|es:Batalla de La Higueruela|pt:Batalha de Higueruela|fr:bataille de La Higueruela|pl:Bitwa pod La Higueruela"
<http://www.wikidata.org/entity/Q1811747>	"cs:Bitva u Bulgarofygu|de:Schlacht von Bulgarophygon|nl:Slag bij Bulgarophygon|ga:Cath Boulgarophygon|es:Batalla de Burgarófigo|nb:Slaget ved Bulgarophygon|pt:Batalha de Bulgarófigo|fr:bataille de Bulgarophygon|it:battaglia di Bulgarophygon"
<http://www.wikidata.org/entity/Q181293>	"ro:Bătălia de la Rozgony|sk:Bitka pri Rozhanovciach|cs:Bitva u Rozhanovců|hu:rozgonyi csata|de:Schlacht von Rozgony|ga:Cath Rozgony|es:Batalla de Rozgony|pt:Batalha de Rozgony|fr:bataille de Rozgony|fi:Rozhanovcen taistelu|pl:Bitwa pod Rozhanovcami"
<http://www.wikidata.org/entity/Q1814248>	"de:Schlacht von Haarlemermeer|nl:Slag op het Haarlemmermeer|es:batalla de Haarlemmermeer|fr:bataille du Haarlemmermeer|it:Battaglia dell'Haarlemmermeer"
<http://www.wikidata.org/entity/Q181480>	"cs:Bitva na Vítkově|eu:Vítkov gaineko gudaldia|de:Schlacht am Veitsberg|sl:bitka na Vítkovu|es:Batalla de Vitkov|nb:slaget ved Vitkov|pt:Batalha de Vítkov Hill|fr:bataille de Vítkov Hill|pl:bitwa o Witkową Górę"
<http://www.wikidata.org/entity/Q18162714>	"ca:batalla d'Una|hr:Bitka kod Broda Zrinskog na Uni|ga:Cath Una|es:Batalla de Una"
<http://www.wikidata.org/entity/Q1818410>	"cy:Brwydr Maes Cogwy|ca:batalla de Maserfield|de:Schlacht von Maserfield|nl:Battle of Maserfield|gl:Batalla de Maserfield|ga:Cath Maserfield|es:Batalla de Maserfield|nb:Slaget ved Maserfield|fr:bataille de Maserfield|it:battaglia di Maserfield|pl:Bitwa pod Maserfield"
<http://www.wikidata.org/entity/Q1822262>	"ca:setge de Rennes|nl:Beleg van Rennes|gl:Asedio de Rennes|ga:Léigear Rennes|es:Asedio de Rennes|fr:siège de Rennes"
<http://www.wikidata.org/entity/Q18245721>	"es:batalla de Mariemburgo (1422)"
<http://www.wikidata.org/entity/Q183249>	"de:Schlacht am Sit|et:Siti lahing|es:Batalla del río Sit|nb:Slaget ved Sit|pt:Batalha do Rio Sit|it:battaglia del fiume Sit|pl:Bitwa nad rzeką Sit"
<http://www.wikidata.org/entity/Q18330892>	"cs:Bitva u Hingston Down|es:Batalla de Hingston Down|fr:bataille de Hingston Down"
<http://www.wikidata.org/entity/Q1836863>	"sv:slaget vid Belvoir|ca:Batalla de Belvoir|nl:Slag bij kasteel Belfort|gl:batalla de Belvoir|es:batalla de Le Forbelet|fr:bataille de Belvoir|it:battaglia di Belvoir"
<http://www.wikidata.org/entity/Q1849818>	"da:Slaget ved Edgecote Moor|cs:Bitva u Edgecote Moor|sv:Slaget på Edgecote Moor|hu:Edgecote Moor-i csata|cy:Brwydr Edgecote Moor|de:Schlacht von Edgecote Moor|ga:Cath Edgcote|es:Batalla de Edgecote Moor|nb:Slaget ved Edgecote Moor|pt:Batalha de Edgecote Moor|fr:bataille d'Edgecote Moor|it:Battaglia di Edgecote Moor"
<http://www.wikidata.org/entity/Q1852373>	"de:Standartenschlacht|nl:Slag van de Standaard|gl:batalla do Estandarte|es:Batalla del Estandarte|nb:Fanenes slag|fr:bataille de l'Étendard|it:battaglia dello Stendardo|pl:Bitwa pod Northallerton"
<http://www.wikidata.org/entity/Q1855461>	"de:Schlacht von Lincoln|nl:Battle of Lincoln|ga:Cath Lincoln|es:Batalla de Lincoln|pt:Batalha de Lincoln (1217)|fr:bataille de Lincoln|it:battaglia di Lincoln|pl:Bitwa pod Lincoln (1217)"
<http://www.wikidata.org/entity/Q1855781>	"de:Schlacht bei Nikiou|nl:Battle of Nikiou|ga:Cath Nikiou|es:batalla de Nikiou|fr:bataille de Nikiou|it:battaglia di Nikiou|pl:Bitwa pod Nikiou"
<http://www.wikidata.org/entity/Q18649505>	"es:batalla de Munda (214 a. C.)|pt:Batalha de Munda|it:battaglia di Munda"
<http://www.wikidata.org/entity/Q18712913>	"hr:Bitka kod Dubice|es:Batalla de Dubica"
<http://www.wikidata.org/entity/Q188495>	"da:Slaget ved Agincourt|ro:Bătălia de la Azincourt|sk:Bitka pri Azincourte|cs:bitva u Azincourtu|sv:Slaget vid Azincourt|hu:azincourt-i csata|cy:Brwydr Agincourt|ca:batalla d'Azincourt|eu:Agincourteko gudua|de:Schlacht von Azincourt|nl:Slag bij Azincourt|hr:Bitka kod Agincourta|gl:Batalla de Agincourt|et:Azincourti lahing|sl:Bitka pri Azincourtu|ga:Cath Agincourt|es:Batalla de Azincourt|nb:Slaget ved Agincourt|pt:Batalha de Azincourt|fr:bataille d'Azincourt|it:battaglia di Azincourt|fi:Agincourtin taistelu|pl:Bitwa pod Azincourt"
<http://www.wikidata.org/entity/Q1885831>	"ro:Bătălia de la Gerberoy|de:Schlacht von Gerberoy|nl:Battle of Gerberoy|ga:Cath Gerberoy|es:Batalla de Gerberoy|fr:bataille de Gerberoy|it:battaglia di Gerberoy"
<http://www.wikidata.org/entity/Q1886703>	"ca:batalla de Sulcos|de:Schlacht bei Sulci|nl:Slag bij Sulci|ga:Cath Sulci|es:Batalla de Sulci|nb:Slaget ved Sulci|pt:Batalha de Sulci|fr:bataille de Sulci|it:battaglia di Sulci"
<http://www.wikidata.org/entity/Q1887009>	"ro:Bătălia de la Morlaix|ca:batalla de Morlaix|de:Schlacht von Morlaix|ga:Cath Morlaix|es:Batalla de Morlaix|fr:bataille de Morlaix"
<http://www.wikidata.org/entity/Q1887057>	"da:Slaget ved Halidon Hill|hu:Halidon Hill-i csata|ca:batalla de Halidon Hill|de:Schlacht bei Halidon Hill|nl:Slag bij Halidon Hill|es:Batalla de Halidon Hill|nb:Slaget ved Halidon Hill|pt:Batalha de Halidon Hill|fr:bataille de Halidon Hill|it:battaglia di Halidon Hill|pl:Bitwa pod Halidon Hill"
<http://www.wikidata.org/entity/Q1887701>	"ro:Bătălia de la Naxos|ca:batalla de Naxos|de:Seeschlacht bei Naxos|nl:Battle of Naxos|es:Batalla de Naxos|fr:bataille de Naxos|it:battaglia di Nasso|pl:Bitwa morska pod Naksos"
<http://www.wikidata.org/entity/Q1887733>	"ca:batalla de Bovianum|eu:Bovianoko gudua|de:Schlacht von Bovianum|nl:Slag bij Bovianum|ga:Cath Bovianum|es:batalla de Boviano|pt:Batalha de Boviano|fr:bataille de Bovianum|it:battaglia di Boviano|pl:Bitwa pod Bovianum"
<http://www.wikidata.org/entity/Q18890189>	"es:batalla de Yaqusa"
<http://www.wikidata.org/entity/Q1889668>	"sk:Bitka pri Rusokastre|de:Schlacht von Rusokastro|nl:Battle of Rusokastro|ga:Cath Rusokastro|es:Batalla de Rusokastro|pt:Batalha de Rusocastro|fr:bataille de Rusokastro|it:battaglia di Rusokastro|pl:Bitwa pod Rusokastro"
<http://www.wikidata.org/entity/Q1890225>	"ca:batalla de Verona|de:Schlacht bei Verona|nl:Slag bij Verona|ga:Cath Verona|es:Batalla de Verona (402)|fr:bataille de Vérone|it:battaglia di Verona|pl:Bitwa pod Weroną"
<http://www.wikidata.org/entity/Q18920218>	"ga:Cath Burs|es:batalla de Burs"
<http://www.wikidata.org/entity/Q1892080>	"sv:Slaget vid Coutras|de:Schlacht von Coutras|ga:Cath Coutras|es:Batalla de Coutras|fr:bataille de Coutras|fi:Coutrasin taistelu|pl:Bitwa pod Coutras"
<http://www.wikidata.org/entity/Q1892581>	"eu:Kumasko gudua|de:Schlacht von Kyme|nl:Battle of Cumae|es:batalla de Cumas|fr:bataille de Cumes|it:battaglia di Cuma|pl:Bitwa morska pod Kyme"
<http://www.wikidata.org/entity/Q1894062>	"cs:Bitva u Tagliocozzo|hu:tagliacozzói csata|ca:batalla de Tagliacozzo|de:Schlacht bei Tagliacozzo|nl:Battle of Tagliacozzo|ga:Cath Tagliacozzo|es:batalla de Tagliacozzo|pt:Batalha de Tagliacozzo|fr:bataille de Tagliacozzo|it:battaglia di Tagliacozzo|pl:Bitwa pod Tagliacozzo"
<http://www.wikidata.org/entity/Q1895789>	"de:Schlacht von Faventia|nl:Slag bij Faventia|sl:Bitka pri Faventiji|ga:Cath Faventia|es:batalla de Faventia|fr:bataille de Faventia|it:battaglia di Faenza"
<http://www.wikidata.org/entity/Q1896360>	"cs:Bitva u Skopje|de:Schlacht von Skopje|nl:Battle of Skopje|ga:Cath Scóipé|es:batalla de Skopie|pt:Batalha de Escópia|fr:bataille de Skopje|it:battaglia di Skopje"
<http://www.wikidata.org/entity/Q1913209>	"nl:Slag van Axpoele|ga:Cath Axpoele"
<http://www.wikidata.org/entity/Q1919712>	"nl:Slag bij Nevele|ga:Cath Nevele|es:Batalla de Nevele|fr:bataille de Nevele"
<http://www.wikidata.org/entity/Q192473>	"da:Slaget ved Adrianopel|ro:Bătălia de la Adrianopol|cs:bitva u Adrianopole|sv:Slaget vid Adrianopel|hu:hadrianopolisi csata (378)|cy:Brwydr Adrianople|ca:batalla d'Adrianòpolis|lt:Adrianopolio mūšis|eu:Hadrianopolisko gudua|de:Schlacht von Adrianopel|nl:Slag bij Adrianopel|hr:Bitka kod Hadrijanopola|gl:batalla de Adrianópole|et:Adrianoopoli lahing|la:Proelium Hadrianopolitanum|sl:Bitka pri Odrinu|ga:Cath Chathair Aidrian|es:batalla de Adrianópolis|nb:Slaget ved Adrianopel|pt:Batalha de Adrianópolis|fr:bataille d'Andrinople|it:battaglia di Adrianopoli|fi:Adrianopolin taistelu|pl:Bitwa pod Adrianopolem"
<http://www.wikidata.org/entity/Q192938>	"da:Slaget ved Granikos|ro:Bătălia de la Granicus|sk:Bitka pri Graníku|cs:bitva u Gráníku|sv:Slaget vid Granikos|hu:granikoszi csata|ca:batalla del Granic|de:Schlacht am Granikos|nl:Slag aan de Granicus|hr:Bitka kod Granika|sl:Bitka pri Graniku|es:batalla del Gránico|nb:Slaget om Granicus|pt:Batalha do Grânico|fr:bataille du Granique|it:battaglia del Granico|fi:Granikosjoen taistelu|pl:Bitwa nad Granikiem"
<http://www.wikidata.org/entity/Q1934137>	"ro:Bătălia de la Torvioll|sv:Slaget vid Torviolli|nl:Slag van Torvioll|ga:Cath Torvioll|es:batalla de Torvioll|nb:Slaget ved Torviolli|pt:Batalha de Torvioll|fr:bataille de Torvioll|it:battaglia di Torvioll|pl:Bitwa na równinie Torvioll"
<http://www.wikidata.org/entity/Q19367876>	"ca:batalla naval de Ceuta|es:batalla de Ceuta (1339)"
<http://www.wikidata.org/entity/Q19368006>	"ca:presa de Fraisse|es:toma de Fraissé"
<http://www.wikidata.org/entity/Q1939977>	"ca:Batalla d'Ellandun|de:Schlacht von Ellandun|nl:Battle of Ellandun|gl:Batalla de Ellandun|ga:Cath Ellandun|es:Batalla de Ellandun|fr:bataille d'Ellendune|it:battaglia di Ellandun|pl:Bitwa pod Ellandun"
<http://www.wikidata.org/entity/Q194226>	"ro:Bătălia de la Yarmuk|sk:Bitka pri rieke Jarmúk|cs:Bitva u Jarmúku|hu:jarmúki csata|ca:batalla del Yarmuk|lt:Jarmuko mūšis|eu:Yarmukeko gudua|de:Schlacht am Jarmuk|nl:Slag bij de Jarmuk|la:Proelium apud Gabatham|sl:Bitka pri Jarmuku|ga:Cath Yarmouk|es:Batalla de Yarmuk|nb:Slaget ved Yarmouk|pt:Batalha de Jarmuque|fr:bataille du Yarmouk|it:battaglia dello Yarmuk|fi:Jarmukin taistelu|pl:Bitwa nad rzeką Jarmuk"
<http://www.wikidata.org/entity/Q194951>	"sk:Bitka pri Harame|ga:Cath Haram|es:batalla de Haram|fr:bataille d'Haram|it:Battaglia di Haram"
<http://www.wikidata.org/entity/Q19605437>	"ca:batalla de Quart|ga:Cath Quartu|es:batalla de Quartu|it:battaglia di Quartu"
<http://www.wikidata.org/entity/Q19606651>	"ga:Cath Amiens|es:Batalla de Amiens|fr:bataille d'Amiens"
<http://www.wikidata.org/entity/Q19611623>	"eu:Áth Cliatheko gudua|es:Batalla de Áth Cliath|pt:Batalha de Islandbridge|fr:bataille d'Islandbridge"
<http://www.wikidata.org/entity/Q1968819>	"cs:bitva u Domažlic|de:Schlacht bei Taus|nl:Slag bij Domažlice|ga:Cath Domažlice|es:Batalla de Domažlice|pt:Batalha de Domažlice|fr:bataille de Domažlice|pl:Bitwa pod Domažlicami"
<http://www.wikidata.org/entity/Q1968883>	"hu:Methveni csata|de:Schlacht bei Methven|nl:Battle of Methven|ga:Cath Mheithinnidh|es:Batalla de Methven|nb:Slaget ved Methven|pt:Batalha de Methven|fr:bataille de Methven|it:battaglia di Methven|pl:Bitwa pod Methven"
<http://www.wikidata.org/entity/Q19692194>	"nl:Beleg van Vysjhorod"
<http://www.wikidata.org/entity/Q19692580>	"fr:siège de Novgorod (1170)"
<http://www.wikidata.org/entity/Q1972070>	"cs:Bitva u Lutetie|ca:Batalla de Lutècia|de:Schlacht von Lutetia|nl:Slag bij Lutetia|sl:bitka za Lutecijo|ga:Cath Lutetia|es:Batalla de Lutecia|pt:Batalha de Lutécia|fr:bataille de Lutèce|pl:Bitwa na równinie Grenelle"
<http://www.wikidata.org/entity/Q1973800>	"sv:Slaget vid Yellow Ford|de:Schlacht am Yellow Ford|ga:Cath Bhéal an Átha Buí|es:Batalla de Yellow Ford|fr:bataille de Yellow Ford|it:battaglia di Yellow Ford|pl:Bitwa pod Yellow Ford"
<http://www.wikidata.org/entity/Q1974201>	"ca:batalla de Gerònium|de:Schlacht von Geronium|ga:Cath Geronium|es:Batalla de Geronium|pt:Batalha de Geronium|fr:bataille de Geronium|it:Battaglia di Geronio"
<http://www.wikidata.org/entity/Q1975400>	"ca:Batalla del Nil (47 aC)|es:batalla del Nilo|pt:Batalha do Nilo|fr:bataille du Nil|it:battaglia del Nilo|pl:Bitwa nad Nilem"
<http://www.wikidata.org/entity/Q19772473>	"ca:setge de Kíev|es:sitio de Kiev|fr:siège de Kiev"
<http://www.wikidata.org/entity/Q1985934>	"ro:Bătălia de la L'Espagnols sur Mer|hu:winchelsea-i csata|de:Seeschlacht von Winchelsea|nl:Slag van Les Espagnols sur Mer|es:batalla de Winchelsea|pt:Batalha de Winchelsea|fr:bataille de L'Espagnols sur Mer|it:Battaglia di Winchelsea|pl:Bitwa morska pod Winchelsea"
<http://www.wikidata.org/entity/Q1987213>	"ro:Bătălia de la Dyrachium|cs:bitva u Dyrrhachia|hu:dürrakhioni csata|ca:batalla de Dirràquion|nl:Battle of Dyrrhachium|hr:Bitka kod Drača|et:Dyrrhachiumi lahing (1081)|sl:Bitka pri Draču|ga:Cath Dyrrhachium|es:batalla de Dirraquio (1081)|pt:Batalha de Dirráquio|fr:bataille de Dyrrachium|it:battaglia di Durazzo|fi:Dyrrhakhionin taistelu|pl:Oblężenie Durazzo"
<http://www.wikidata.org/entity/Q1989936>	"ro:bătălia de la Mstislavl|lt:Mstislavlio mūšis (1501)|ga:Cath Mstislavl|es:Batalla de Mstislavl|fr:bataille de Mstislavl|pl:Bitwa pod Mścisławiem"
<http://www.wikidata.org/entity/Q19901912>	"es:batalla de las Islas Cíes|it:Battaglia delle isole di Baiona (1590)"
<http://www.wikidata.org/entity/Q1991963>	"nl:Battle of Corbridge|gl:Batalla de Corbridge|ga:Cath Corbridge|es:Batalla de Corbridge|fr:bataille de Corbridge|it:battaglia di Corbridge|pl:Bitwa pod Corbridge"
<http://www.wikidata.org/entity/Q1992574>	"da:Slaget ved Basing|cs:bitva u Basingu|nl:Slag bij Basing|ga:Cath Basing|es:Batalla de Basing|pt:Batalha de Basing|fr:bataille de Basing|it:battaglia di Basing"
<http://www.wikidata.org/entity/Q1992687>	"da:Slaget ved Stainmore|nl:Battle of Stainmore|ga:Cath Stainmore|es:Batalla de Stainmore|fr:bataille de Stainmore|it:battaglia di Stainmore"
<http://www.wikidata.org/entity/Q1992706>	"nl:Battle of Glenmama|ga:Cath Ghleann Máma|es:Batalla de Glenmama|nb:Slaget ved Glenn Máma|fr:bataille de Glenmama|it:battaglia di Glenmama"
<http://www.wikidata.org/entity/Q200032>	"da:Slaget ved Manzikert|ro:Bătălia de la Manzikert|sk:Bitka pri Mantzikerte|cs:Bitva u Mantzikertu|sv:Slaget vid Manzikert|hu:manzikerti csata|ca:batalla de Mantziciert|eu:Manzikerteko gudua|de:Schlacht bei Manzikert|nl:slag bij Manzikert|hr:Bitka kod Malazgirta|gl:Batalla de Manzikert|et:Manzikerti lahing|la:Proelium apud Manzicertum|sl:Bitka pri Manzikertu|ga:Cath Manzikert|es:batalla de Manzikert|nb:slaget ved Manzikert|pt:Batalha de Manziquerta|fr:bataille de Manzikert|lv:Manzikertas kauja|it:battaglia di Manzicerta|fi:Manzikertin taistelu|pl:Bitwa pod Manzikertem"
<http://www.wikidata.org/entity/Q200056>	"is:Orrustan við Zama|da:Slaget ved Zama|ro:Bătălia de la Zama|cs:Bitva u Zamy|sv:Slaget vid Zama|hu:zamai csata|ca:batalla de Zama|lt:Zamos mūšis|eu:Zamako gudua|de:Schlacht von Zama|nl:Slag bij Zama Regia|hr:Bitka kod Zame|gl:Batalla de Zama|et:Zama lahing|la:Proelium Zamense|sl:Bitka pri Zami|ga:Cath Zama|es:Batalla de Zama|nb:Slaget ved Zama|pt:Batalha de Zama|fr:bataille de Zama|it:battaglia di Zama|fi:Zaman taistelu|pl:bitwa pod Zamą"
<http://www.wikidata.org/entity/Q20034937>	"ga:Cath Gwoździec|es:Batalla de Gwoździec|pl:Bitwa pod Gwoźdźcem"
<http://www.wikidata.org/entity/Q20054768>	"ga:Cath Apamea|es:batalla de Apamea (998)|pt:Batalha de Apameia|fr:bataille d'Apamée|it:Battaglia di Apamea"
<http://www.wikidata.org/entity/Q20057046>	"cs:Bitva u Rudavy"
<http://www.wikidata.org/entity/Q200716>	"ro:Bătălia de la Cheroneea|sk:Bitka pri Chairóneii|cs:Bitva u Chairóneie|sv:Slaget vid Chaironeia|hu:khairóneiai csata|cy:Brwydr Chaeronea|ca:batalla de Queronea|eu:Keroneako gudua|de:Schlacht von Chaironeia|nl:Slag bij Chaeronea|gl:batalla de Queronea|et:Chaironeia lahing|la:Chaeronensis pugna|sl:Bitka pri Hajroneji|ga:Cath Chaeronea|es:batalla de Queronea|nb:Slaget ved Khaironeia|pt:Batalha de Queroneia|fr:bataille de Chéronée|it:battaglia di Cheronea|fi:Khaironeian taistelu|pl:Bitwa pod Cheroneą"
<http://www.wikidata.org/entity/Q2007212>	"de:Schlacht von Otlukbeli|ga:Cath Otlukbeli|es:batalla de Otlukbeli|pt:Batalha de Otlukbeli|fr:bataille d'Otlukbeli|it:Battaglia di Otlukbeli|pl:Bitwa pod Başkentem"
<http://www.wikidata.org/entity/Q2008448>	"cs:Bitva o Jaffu|sv:slaget vid Jaffa|ca:Batalla de Jaffa|de:Schlacht von Jaffa|nl:Slag bij Jaffa|gl:batalla de Jafa de 1192|ga:Cath Jaffa|es:batalla de Jafa (1192)|pt:Batalha de Jafa (1192)|fr:bataille de Jaffa|it:battaglia di Giaffa|fi:Jaffan taistelu|pl:Bitwa pod Jaffą"
<http://www.wikidata.org/entity/Q20103586>	"ca:Batalla d'Alcoi|ga:Cath Alcoy|es:Batalla de Alcoy"
<http://www.wikidata.org/entity/Q20104831>	"ca:batalla de Clarença|ga:Cath Glarentza|es:batalla de Glarentza"
<http://www.wikidata.org/entity/Q20106465>	"ca:Setge de Tolosa|ga:Léigear Tolosa (439)|es:Asedio de Tolosa (439)|fr:siège de Tolosa"
<http://www.wikidata.org/entity/Q2011697>	"ca:Batalla de Faughart|de:Schlacht bei Faughart|nl:Slag bij Faughart|ga:Cath Fhochairde|es:Batalla de Faughart|fr:bataille de Faughart|it:Battaglia di Faughart"
<http://www.wikidata.org/entity/Q201526>	"is:Orrustan við Issos|ro:Bătălia de la Issos|sk:Bitka pri Isse|cs:Bitva u Issu|sv:Slaget vid Issos|hu:isszoszi csata|ca:batalla d'Issos|lt:Iso mūšis|eu:Issosko gudua|de:Schlacht bei Issos|nl:Slag bij Issos|hr:Bitka kod Isa|sl:Bitka pri Isu|ga:Cath Issus|es:Batalla de Issos|nb:Slaget ved Issos|pt:Batalha de Isso|fr:bataille d'Issos|it:battaglia di Isso|fi:Issoksen taistelu|pl:Bitwa pod Issos"
<http://www.wikidata.org/entity/Q201692>	"da:Slaget ved Poitiers|ro:Bătălia de la Poitiers|sk:Bitka pri Poitiers|cs:Bitva u Poitiers|sv:Slaget vid Poitiers|hu:poitiers-i csata|cy:Brwydr Poitiers|ca:batalla de Poitiers|lt:Puatjė mūšis|eu:Poitiersko gudua|de:Schlacht von Poitiers|nl:Slag bij Poitiers|hr:Bitka za Poitiers|et:Poitiers' lahing|la:Proelium ad Pictavium|sl:Bitka pri Poitiersu|ga:Cath Poitiers|es:Batalla de Poitiers|nb:Slaget ved Poitiers|pt:Batalha de Poitiers|fr:bataille de Poitiers|it:battaglia di Poitiers|fi:Poitiers'n taistelu|pl:bitwa pod Poitiers"
<http://www.wikidata.org/entity/Q2028927>	"de:Schlacht bei Scheut|nl:Slag bij Scheut|ga:Cath Scheut|es:Batalla de Scheut|fr:bataille de Scheut"
<http://www.wikidata.org/entity/Q20312996>	"sl:Bitka pri Trevisu (541)|ga:Cath Treviso|es:batalla de Treviso|pt:Batalha de Treviso"
<http://www.wikidata.org/entity/Q203225>	"is:Orrustan við Stanfurðubryggju|da:Slaget ved Stamford Bridge|ro:Bătălia de la Stamford Bridge|cs:bitva u Stamfordského mostu|sv:Slaget vid Stamford Bridge|hu:Stamford Bridge-i csata|cy:Brwydr Stamford Bridge|ca:batalla de Stamford Bridge|eu:Stamford Bridgeko gudua|de:Schlacht von Stamford Bridge|nl:Slag van Stamford Bridge|hr:Bitka kod Stamford Bridgea|gl:Batalla de Stamford Bridge|et:Stamford Bridge'i lahing|la:Pugna Stamford Bridge|ga:Cath Stamford Bridge|es:Batalla de Stamford Bridge|nb:Slaget ved Stamford Bridge|pt:Batalha de Stamford Bridge|fr:bataille de Stamford Bridge|it:battaglia di Stamford Bridge|fi:Stamford Bridgen taistelu|pl:Bitwa pod Stamford Bridge"
<http://www.wikidata.org/entity/Q203366>	"cs:Bitva u Gubelu|de:Schlacht am Gubel|mul:Battle of Gubel|es:Batalla de Gubel|pl:Bitwa na wzgórzu Gubel"
<http://www.wikidata.org/entity/Q2034641>	"ro:bătălia de la Vedroșa|cs:bitva u Vědroši|lt:Vedrošos mūšis|de:Schlacht an der Wedrosch|ga:Cath Vedrosha|es:Batalla de Vedrosha|nb:slaget ved Vedrosja|fr:bataille de la Vedrocha|pl:bitwa nad Wiedroszą"
<http://www.wikidata.org/entity/Q2034912>	"ca:Batalla de Harim|de:Schlacht von Artah|nl:Battle of Harim|ga:Cath Harim|es:Batalla de Harenc|pt:Batalha de Harim|fr:bataille de Harim|it:battaglia di Harim"
<http://www.wikidata.org/entity/Q203681>	"is:Orrustan við Farsalos|da:Slaget ved Farsalos|ro:Bătălia de la Pharsalus|sk:Bitka pri Farsale (48 pred Kr.)|cs:Bitva u Farsálu|sv:Slaget vid Farsalos|hu:pharsalusi csata|cy:Brwydr Pharsalus|ca:batalla de Farsàlia|lt:Farsalo mūšis|de:Schlacht von Pharsalos|nl:Slag bij Pharsalus|hr:Bitka kod Farsala|gl:Batalla de Farsalia|la:Pugna apud Pharsalum|sl:bitka pri Farzalu|ga:Cath Pharsalus|es:Batalla de Farsalia|nb:Slaget ved Farsalos|pt:Batalha de Farsalos|fr:bataille de Pharsale|it:battaglia di Farsalo|fi:Farsaloksen taistelu|pl:Bitwa pod Farsalos"
<http://www.wikidata.org/entity/Q2037147>	"ga:Cath Zawichost|es:Batalla de Zawichost|fr:bataille de Zawichost|it:Battaglia di Zawichost|pl:Bitwa pod Zawichostem"
<http://www.wikidata.org/entity/Q203729>	"da:Slaget ved Kadesh|ro:Bătălia de la Kadesh|sk:Bitka pri Kadeši|cs:Bitva u Kadeše|sv:Slaget vid Kadesh|hu:kádesi csata|ca:batalla de Cadeix|lt:Kadešo mūšis|eu:Kadeshko gudua|de:Schlacht bei Qadeš|nl:Slag bij Kadesh|hr:Bitka kod Kadeša|gl:batalla de Kadesh|sl:Bitka pri Kadešu|ga:Cath Cáidéis|es:batalla de Qadesh|nb:Slaget ved Kadesj|pt:Batalha de Kadesh|fr:bataille de Qadesh|it:battaglia di Qadeš|fi:Kadeshin taistelu|pl:Bitwa pod Kadesz"
<http://www.wikidata.org/entity/Q2038283>	"da:Slaget ved Boarn|ro:Bătălia de pe râul Boarn|ca:Batalla del Boarn|de:Schlacht an der Boorne|nl:Slag aan de Boorne|sl:bitka na Boorni|es:batalla del Boarn|fr:bataille du Boarn|it:Battaglia del Boorne|fi:Boarnin taistelu"
<http://www.wikidata.org/entity/Q20431182>	"ca:batalla de Barcelona|ga:Cath Barcelona|es:batalla de Barcelona"
<http://www.wikidata.org/entity/Q204636>	"da:Slaget ved Plataiai|ro:Bătălia de la Plateea|sk:Bitka pri Platajách|cs:Bitva u Platají|sv:Slaget vid Plataiai|hu:plataiai csata|ca:batalla de Platea|lt:Platėjos mūšis|eu:Plateako gudua|de:Schlacht von Plataiai|nl:Slag bij Plataeae|hr:Bitka kod Plateje|gl:batalla de Plateas|et:Plataia lahing|la:Pugna apud Plataeas|sl:bitka pri Platajah|ga:Cath Phlatae|es:batalla de Platea|nb:Slaget ved Plataiai|pt:Batalha de Plateias|fr:bataille de Platées|lv:Plataju kauja|it:battaglia di Platea|fi:Plataian taistelu|pl:Bitwa pod Platejami"
<http://www.wikidata.org/entity/Q20584437>	"cy:Brwydr Glyn Cyning|es:Batalla de Glyn Cyning"
<http://www.wikidata.org/entity/Q20584456>	"cy:Brwydr Llandudno|ga:Cath Llandudno|es:Batalla de Llandudno|fr:bataille de Llandudno"
<http://www.wikidata.org/entity/Q20584463>	"cy:Brwydr Llanllieni|sl:bitka pri Llanllienu|ga:Cath Llanllieni|es:Batalla de Llanllieni|fr:bataille de Llanllieni"
<http://www.wikidata.org/entity/Q20584475>	"cy:Brwydr Maes Maen Cymro|es:Batalla de Maes Maen Cymro"
<http://www.wikidata.org/entity/Q20584483>	"cy:Brwydr Maesyfed|sl:bitka pri Maesyfedu|ga:Cath Maesyfed|es:Batalla de Maesyfed|fr:bataille de Maesyfed"
<http://www.wikidata.org/entity/Q20584525>	"cy:Brwydr Pentraeth|ga:Cath Pentraeth|es:Batalla de Pentraeth|fr:bataille de Pentraeth"
<http://www.wikidata.org/entity/Q205887>	"is:Orrustan við Carrhae|ro:Bătălia de la Carrhae|sk:Bitka pri Carrhae|cs:Bitva u Karrh|sv:Slaget vid Carrhae|hu:carrhaei csata|ca:batalla de Carres|eu:Carrhaeko gudua|de:Schlacht bei Carrhae|nl:Slag bij Carrhae|hr:Bitka kod Harana|gl:batalla de Carras|la:Proelium Carrharum|sl:Bitka pri Kari|ga:Cath Carrhae|es:Batalla de Carras|nb:Slaget ved Carrhae|pt:Batalha de Carras|fr:bataille de Carrhes|it:battaglia di Carre|fi:Carrhaen taistelu|pl:Bitwa pod Carrhae"
<http://www.wikidata.org/entity/Q20616054>	"ga:Cath Monteagudo|es:batalla del Campo de Monteagudo"
<http://www.wikidata.org/entity/Q2063447>	"da:Slaget ved Koluvere|ro:bătălia de la Lode|sv:Slaget vid Lode|et:Koluvere lahing|ga:Cath Lode|es:Batalla de Lode|it:Battaglia di Lode"
<http://www.wikidata.org/entity/Q20638753>	"ga:Cath Alexandretta|es:batalla de Alejandreta|pt:Batalha de Alexandreta|fr:bataille d'Alexandrette|it:Battaglia di Alessandretta"
<http://www.wikidata.org/entity/Q20640741>	"ca:batalla de Barcelona|ga:Cath Barcelona|es:batalla de Barcelona"
<http://www.wikidata.org/entity/Q2064142>	"ca:batalla del Cefís|de:Schlacht am Kephissos|ga:Cath Halmyros|es:batalla del río Cefis|fr:bataille du lac Copaïs|it:battaglia del Cefiso|pl:Bitwa nad rzeką Kefissos"
<http://www.wikidata.org/entity/Q2065046>	"da:Slaget ved Reading|ro:Bătălia de la Reading|hu:readingi csata|de:Schlacht von Reading|nl:Slag bij Reading|ga:Cath Reading|es:Batalla de Reading|nb:Slaget ved Reading 871|fr:bataille de Reading|it:battaglia di Reading|pl:bitwa pod Reading"
<http://www.wikidata.org/entity/Q2066129>	"hu:saint-quentini csata (1557)|ca:batalla de Saint Quentin|de:Schlacht bei Saint-Quentin|nl:Slag bij Saint-Quentin (1557)|sl:bitka pri Saint-Quentinu|es:batalla de San Quintín|pt:Batalha de St. Quentin|fr:bataille de Saint-Quentin|it:battaglia di San Quintino|pl:Bitwa pod Saint-Quentin"
<http://www.wikidata.org/entity/Q2070570>	"sl:Bitka pri Suzdalu|ga:Cath Suzdal|es:batalla de Súzdal|fr:bataille de Souzdal"
<http://www.wikidata.org/entity/Q207250>	"da:Slaget ved Trasimenosøen|ro:Bătălia de la Lacul Trasimene|sk:Bitka pri Trasimenskom jazere|cs:Bitva u Trasimenského jezera|sv:Slaget vid Trasimenussjön|hu:Trasimenus-tavi csata|cy:Brwydr Llyn Trasimene|ca:batalla del llac Trasimè|lt:Trasimeno mūšis|eu:Trasimenoko gudua|de:Schlacht am Trasimenischen See|nl:Slag bij het Trasimeense meer|hr:Bitka kod Trazimenskog jezera|gl:batalla do lago Trasimeno|la:Pugna ad Trasumennum|sl:bitka na Trasimenskem jezeru|es:Batalla del Lago Trasimeno|nb:Slaget ved Trasimene|pt:Batalha do Lago Trasimeno|fr:bataille du lac Trasimène|it:battaglia del lago Trasimeno|fi:Trasimenusjärven taistelu|pl:bitwa nad Jeziorem Trazymeńskim"
<http://www.wikidata.org/entity/Q2072513>	"de:Schlacht von Ruvo|nl:Battle of Ruvo|ga:Cath Ruvo|es:batalla de Ruvo|fr:bataille de Ruvo|it:battaglia di Ruvo"
<http://www.wikidata.org/entity/Q2076444>	"da:Slaget ved Caen|ro:Bătălia de la Caen|cs:Bitva o Caen (1346)|hu:Caen ostroma (1346)|ca:batalla de Caen|de:Schlacht von Caen|nl:Beleg van Caen|ga:Cath Caen|es:Batalla de Caen|fr:siège de Caen|it:battaglia di Caen|fi:Caenin taistelu"
<http://www.wikidata.org/entity/Q20768628>	"ga:Cath Lucena|es:batalla de Lucena|pt:Batalha de Lucena|fr:bataille de Lucena"
<http://www.wikidata.org/entity/Q2086785>	"ga:Cath Bauds|es:Batalla de Bauds|fr:bataille de Bauds|it:Battaglia di Bauds|pl:Bitwa pod Bauds"
<http://www.wikidata.org/entity/Q20875410>	"ca:batalla d'Ascoli|ga:Cath Ascoli|es:Batalla de Ascoli"
<http://www.wikidata.org/entity/Q20875449>	"ca:Batalla del riu Guadiaro|es:batalla del río Guadiaro|fr:Bataille de Guadiaro"
<http://www.wikidata.org/entity/Q20876304>	"ca:Batalla de la Marina"
<http://www.wikidata.org/entity/Q20876392>	"ca:batalla de Mollerussa|nl:Slag bij Mollerussa|ga:Cath Mollerussa|es:batalla de Mollerusa"
<http://www.wikidata.org/entity/Q20876722>	"ca:batalla de Stampace|es:batalla de Stampace|it:battaglia di Stampace"
<http://www.wikidata.org/entity/Q2089132>	"hu:haziri csata|ca:batalla de Hazir|nl:Battle of Hazir|ga:Cath Hazir|es:Batalla de Hazir|fr:bataille de Hazir|it:battaglia di Hazir"
<http://www.wikidata.org/entity/Q2091661>	"de:Seeschlacht bei Damme|nl:Slag bij Damme|ga:Cath Damme|es:Batalla de Damme|fr:bataille de Damme|pl:Bitwa morska przy porcie Damme"
<http://www.wikidata.org/entity/Q2092043>	"nl:Slag bij Arke|ga:Cath Arques|es:Batalla de Arques|fr:bataille d'Arques|it:battaglia di Arques"
<http://www.wikidata.org/entity/Q20925299>	"ca:Batalla de Borgoforte|it:battaglia di Borgoforte"
<http://www.wikidata.org/entity/Q209387>	"ro:Bătălia de la Ankara|sk:Bitka pri Ankare|cs:Bitva u Ankary|sv:Slaget vid Ankara|hu:ankarai csata|ca:batalla d'Ankara|lt:Ankaros mūšis|eu:Ankarako gudua|de:Schlacht bei Ankara|nl:slag bij Ankara|hr:Bitka kod Angore|gl:Batalla de Ankara|sl:Bitka pri Ankari|ga:Cath Ankara|es:batalla de Angora|pt:Batalha de Ancara|fr:bataille d'Ankara|lv:Ankaras kauja|it:battaglia di Angora|fi:Ankaran taistelu|pl:Bitwa pod Ankarą"
<http://www.wikidata.org/entity/Q2094999>	"cs:Bitva u Skafidy|ca:batalla de l'Skafida|de:Schlacht von Skafida|nl:Battle of Skafida|ga:Cath Skafida|es:Batalla de Skafida|pt:Batalha de Skafida|fr:bataille de Skafida|it:battaglia di Skafida|pl:Bitwa nad rzeką Skafida"
<http://www.wikidata.org/entity/Q2095240>	"ca:batalla de Cornus|de:Schlacht von Cornus|nl:Battle of Cornus|ga:Cath Cornus|es:Batalla de Cornus|pt:Batalha de Corno|fr:bataille de Cornus|it:battaglia di Decimomannu"
<http://www.wikidata.org/entity/Q2095250>	"nl:Slag bij de Rhyndacus|pt:Batalha do Ríndaco|it:battaglia del fiume Rindaco"
<http://www.wikidata.org/entity/Q2097266>	"da:Slaget ved Largs|sv:Slaget om Largs|ca:batalla de Largs|de:Schlacht von Largs|nl:Slag bij Largs|hr:Bitka kod Largsa|ga:Cath na Leargaidh Gallda|es:Batalla de Largs|nb:Slaget ved Largs|fr:bataille de Largs|it:battaglia di Largs|pl:Bitwa pod Largs"
<http://www.wikidata.org/entity/Q20987758>	"cs:Bitva u Pelúsia (343 př. n. l.)|ga:Cath Pelusium|es:batalla de Pelusium|fr:bataille de Péluse|pl:Bitwa o Peluzjum (343 p.n.e.)"
<http://www.wikidata.org/entity/Q210354>	"da:Slaget ved Kulikovo|ro:Bătălia de la Kulikovo|cs:Bitva na Kulikovském poli|sv:Slaget vid Kulikovo|hu:kulikovói csata|cy:Brwydr Kulikovo Pole|ca:batalla de Kulikovo|lt:Kulikovo mūšis|de:Schlacht auf dem Kulikowo Pole|nl:Slag van Koelikovo|et:Kulikovo lahing|sl:Kulikovska bitka|ga:Cath Kulikovo|es:Batalla de Kulikovo|nb:Slaget ved Kulikovo|pt:Batalha de Kulikovo|fr:bataille de Koulikovo|lv:Kuļikovas kauja|it:battaglia di Kulikovo|fi:Kulikovon taistelu|pl:bitwa na Kulikowym Polu"
<http://www.wikidata.org/entity/Q2112779>	"cs:Dobytí Brielle|ca:presa de Brielle|nl:Inname van Den Briel|gl:batalla de Brielle|sl:zavzetje Brielle|es:Toma de Brielle|fr:prise de La Brielle|it:Presa di Brielle"
<http://www.wikidata.org/entity/Q21152928>	"ca:Setge d'Iliturgis|ga:Cath Iliturgi|es:Batalla de Iliturgi|fr:siège d'Illiturgis"
<http://www.wikidata.org/entity/Q21187143>	"it:Battaglia di Ford of the Biscuits"
<http://www.wikidata.org/entity/Q2118879>	"ca:batalla d'Haliartos|de:Schlacht von Haliartos|nl:Slag bij Haliartus|ga:Cath Haliartus|es:Batalla de Haliarto|pt:Batalha de Haliarto|fr:bataille d'Haliarte|it:battaglia di Aliarto|fi:Haliartoksen taistelu|pl:Bitwa pod Haliartos"
<http://www.wikidata.org/entity/Q2119353>	"ca:batalla de Sena Gàl·lica|de:Seeschlacht von Sena Gallica|nl:Battle of Sena Gallica|sl:Bitka pri Seni Gallici (551)|es:Batalla de Sena Gálica|pt:Batalha de Sena Gallica|fr:bataille de Sena Gallica|it:battaglia di Sena Gallica|pl:Bitwa pod Sena Gallica"
<http://www.wikidata.org/entity/Q2119676>	"de:Schlacht von Kynossema|nl:Battle of Cynossema|es:batalla de Cinosema|nb:Slaget ved Kynossema|pt:Batalha de Cinossema|fr:bataille de Cynosséma|it:battaglia di Cinossema"
<http://www.wikidata.org/entity/Q212220>	"ro:Bătălia de la Nicopole|sk:Bitka pri Nikopole|cs:Bitva u Nikopole|sv:Slaget vid Nikopolis|hu:nikápolyi csata|ca:batalla de Nicòpolis|de:Schlacht von Nikopolis|nl:slag bij Nicopolis|hr:Bitka kod Nikopolja|et:Nikopoli lahing|sl:Bitka pri Nikopolju|ga:Cath Niocapoil|es:batalla de Nicópolis|nb:Slaget ved Nicopolis|pt:Batalha de Nicópolis|fr:bataille de Nicopolis|it:battaglia di Nicopoli|pl:Bitwa pod Nikopolis"
<http://www.wikidata.org/entity/Q21234831>	"es:batalla de Sapriporte|pt:Batalha de Sapriporte|it:battaglia di Sapriporte"
<http://www.wikidata.org/entity/Q21235220>	"ca:batalla d'Uras|ga:Cath Uras|es:batalla de Uras|it:battaglia di Uras"
<http://www.wikidata.org/entity/Q2127400>	"ca:setge de Massília|nl:Beleg van Massilia|ga:Léigear Massilia|es:sitio de Massilia|pt:Cerco de Massília|fr:siège de Massilia|it:assedio di Marsiglia|pl:Oblężenie Massalii"
<http://www.wikidata.org/entity/Q2139756>	"cy:Brwydr Bryn Glas|ca:batalla de Bryn Glas|de:Schlacht von Bryn Glas|nl:Slag bij Bryn Glas|ga:Cath Bhryn Glas|es:batalla de Bryn Glas|fr:bataille de Bryn Glas"
<http://www.wikidata.org/entity/Q2139987>	"ro:Bătălia de la Cruzola|cs:Bitva u Korčuly|ca:Batalla de Curzola|de:Seeschlacht bei Curzola|nl:Battle of Curzola|hr:Bitka kod Korčule|ga:Cath Curzola|es:batalla de Curzola|fr:bataille de Curzola|it:battaglia di Curzola|pl:Bitwa morska pod Curzolą"
<http://www.wikidata.org/entity/Q21532975>	"ga:Léigear Landrecies|fr:siège de Landrecies"
<http://www.wikidata.org/entity/Q2154977>	"ca:batalla d'Els Salzes|nl:Slag van de Wilgen|es:Batalla de Ad Salices|pt:Batalha dos Salgueiros|fr:bataille des Saules|it:battaglia dei Salici|pl:Bitwa pod Ad Salices"
<http://www.wikidata.org/entity/Q2163922>	"cs:bitva u Bedriaka|cy:Ail Frwydr Bedriacum|de:Zweite Schlacht von Bedriacum|nl:Tweede slag bij Bedriacum|es:Segunda batalla de Bedriacum|pt:Segunda Batalha de Bedríaco|fr:seconde bataille de Bedriacum|it:seconda battaglia di Bedriaco|pl:II bitwa pod Bedriacum"
<http://www.wikidata.org/entity/Q2164009>	"cs:Bitva u Lewes|de:Schlacht von Lewes|nl:Battle of Lewes|ga:Cath Lewes|es:Batalla de Lewes|pt:Batalha de Lewes|fr:bataille de Lewes|it:battaglia di Lewes|pl:Bitwa pod Lewes"
<http://www.wikidata.org/entity/Q21641828>	"ca:setge de Moscou de 1238|ga:Léigear Mhoscó (1238)|fr:siège de Moscou|pl:Zdobycie Moskwy (1238)"
<http://www.wikidata.org/entity/Q21643643>	"es:asalto de Ivángorod"
<http://www.wikidata.org/entity/Q2166297>	"de:Schlacht von Reims|nl:Slag bij Reims|sl:Bitka pri Durocortorumu|ga:Cath Durocortorum|es:Batalla de Durocortorum|pt:Batalha de Durocortoro|fr:bataille de Durocortorum|it:battaglia di Reims|pl:Bitwa pod Reims"
<http://www.wikidata.org/entity/Q2170603>	"ca:batalla d'Issos|eu:Issosko gudua|de:Schlacht von Issos (194)|nl:Slag op de vlakte van Issus|sl:Bitka pri Isu (194)|ga:Cath Issus|es:Batalla de Issos|pt:Batalha de Isso|fr:bataille d'Issos|it:battaglia di Isso|pl:Bitwa pod Issos"
<http://www.wikidata.org/entity/Q219697>	"da:Las Navas de Tolosa|cs:Bitva na Las Navas de Tolosa|sv:Slaget vid Las Navas de Tolosa|hu:Las Navas de Tolosa-i csata|ca:batalla de Las Navas de Tolosa|eu:Navas de Tolosako gudua|de:Schlacht bei Las Navas de Tolosa|nl:Slag bij Las Navas de Tolosa|gl:batalla das Navas de Tolosa|la:Proelium apud Navas Tolosae|sl:bitka pri Las Navas de Tolosa|es:batalla de Las Navas de Tolosa|nb:Slaget ved Las Navas de Tolosa|pt:Batalha de Navas de Tolosa|fr:bataille de Las Navas de Tolosa|it:battaglia di Las Navas de Tolosa|fi:Las Navas de Tolosan taistelu|pl:Bitwa pod Las Navas de Tolosa"
<http://www.wikidata.org/entity/Q2204399>	"da:Slaget ved Neville's Cross|hu:Neville’s Cross-i csata|de:Schlacht von Neville’s Cross|nl:Slag bij Neville's Cross|es:Batalla de Neville's Cross|fr:bataille de Neville's Cross|it:battaglia di Durham"
<http://www.wikidata.org/entity/Q22083877>	"ga:Cath Bellaghmoon|pt:Batalha de Ballaghmoon"
<http://www.wikidata.org/entity/Q2213756>	"de:Zerstörung von Neuss|nl:Bloedbad van Neuss|es:Destrucción de Neuss|it:Distruzione di Neuss"
<http://www.wikidata.org/entity/Q2214882>	"da:Slaget ved Ane|de:Schlacht bei Ane|nl:Slag bij Ane|ga:Cath Ane|es:Batalla de Ane|fr:bataille de Ane|it:battaglia di Ane|pl:Bitwa pod Ane"
<http://www.wikidata.org/entity/Q2219412>	"eu:Meliteneko gudua|nl:Slag bij Melitene|ga:Cath Melitene|es:batalla de Melitene|pt:Batalha de Melitene|fr:bataille de Mélitène|it:battaglia di Melitene|pl:Bitwa pod Melitene"
<http://www.wikidata.org/entity/Q222013>	"da:Slaget ved Bosworth|ro:Bătălia de la Bosworth|cs:Bitva u Bosworthu|sv:Slaget vid Bosworth Field|hu:bosworthi csata|cy:Brwydr Bosworth|ca:batalla de Bosworth Field|de:Schlacht von Bosworth|nl:Slag bij Bosworth|hr:Bitka na Bosworthskom polju|gl:Batalla de Bosworth|sl:bitka na Bosworthskem polju|ga:Cath Pháirc Bosworth|es:Batalla de Bosworth|nb:Slaget ved Bosworth Field|pt:Batalha de Bosworth Field|fr:bataille de Bosworth|it:battaglia di Bosworth Field|pl:Bitwa pod Bosworth"
<http://www.wikidata.org/entity/Q22227287>	"ga:Cath Kardia|es:Batalla de Cardia|pt:Batalha de Cárdia|fr:bataille de Kardia"
<http://www.wikidata.org/entity/Q222520>	"is:Orrustan við Bannockburn|da:Slaget ved Bannockburn|ro:Bătălia de la Bannockburn|sk:Bitka pri Bannockburne|cs:Bitva u Bannockburnu|sv:Slaget vid Bannockburn|hu:Bannockburni csata|cy:Brwydr Bannockburn|ca:batalla de Bannockburn|eu:Bannockburneko gudua|de:Schlacht von Bannockburn|nl:Slag bij Bannockburn|hr:Bitka kod Bannockburna|gl:Batalla de Bannockburn|ga:Cath Allt a' Bhonnaich|es:Batalla de Bannockburn|nb:Slaget ved Bannockburn|pt:Batalha de Bannockburn|fr:bataille de Bannockburn|lv:Banokbērnas kauja|it:battaglia di Bannockburn|fi:Bannockburnin taistelu|pl:Bitwa pod Bannockburn"
<http://www.wikidata.org/entity/Q223220>	"de:Schlacht von Megalopolis|nl:Slag bij Megalopolis|ga:Cath Megalopolis|es:batalla de Megalópolis|fr:bataille de Mégalopolis|it:battaglia di Megalopoli|fi:Megalopoliin taistelu|pl:Bitwa pod Megalopolis"
<http://www.wikidata.org/entity/Q2236672>	"de:Schlacht am Armançon|ga:Cath Vingeanne|es:Batalla del Vingeanne"
<http://www.wikidata.org/entity/Q2236796>	"de:Schlacht bei Altenesch|nl:slag bij Altenesch|ga:Cath Altenesch|es:Batalla de Altenesch|it:battaglia di Altenesch|pl:Bitwa pod Altenesch"
<http://www.wikidata.org/entity/Q2236911>	"de:Schlacht bei Gransee|ga:Cath Gransee"
<http://www.wikidata.org/entity/Q2236918>	"de:Schlacht bei Gisors|nl:Slag bij Gisors|ga:Cath Gisors|es:batalla de Gisors|nb:Slaget ved Gisors|fr:bataille de Courcelles-lès-Gisors|pl:Bitwa pod Gisors"
<http://www.wikidata.org/entity/Q2236963>	"cs:Bitva u Gravelines|ca:batalla de Gravelines|de:Schlacht bei Gravelines|nl:Slag bij Grevelingen|ga:Cath Gravelines|es:batalla de Gravelinas|pt:Batalha de Gravelines (1558)|fr:bataille de Gravelines|pl:Bitwa pod Gravelines (1558)"
<http://www.wikidata.org/entity/Q2236975>	"de:Schlacht bei Lauffen|pl:Bitwa pod Lauffen"
<http://www.wikidata.org/entity/Q2236985>	"de:Schlacht bei Leitzersdorf|ga:Cath Leitzersdorf|es:Batalla de Leitzersdorf|it:battaglia di Leitzersdorf"
<http://www.wikidata.org/entity/Q2236999>	"cs:Bitva u Mailbergu|de:Schlacht bei Mailberg|ga:Cath Mailberg|es:Batalla de Mailberg|fr:bataille de Mailberg|it:Battaglia di Mailberg|pl:Bitwa pod Mailbergiem"
<http://www.wikidata.org/entity/Q2237014>	"cs:bitva u Malešova|de:Schlacht bei Maleschau|ga:Cath Malešov|es:Batalla de Malešov|pl:Bitwa pod Maleszowem"
<http://www.wikidata.org/entity/Q2237076>	"de:Schlacht bei Pontlevoy|ga:Cath Pontlevoy|es:Batalla de Pontlevoy|fr:bataille de Pontlevoy"
<http://www.wikidata.org/entity/Q2237100>	"cs:bitva u Želenic|de:Schlacht bei Sellnitz|ga:Cath Sellnitz|es:Batalla de Sellnitz|fr:bataille de Sellnitz|pl:Bitwa pod Żelenicami"
<http://www.wikidata.org/entity/Q2237128>	"de:Schlacht bei Vögelinsegg|it:Battaglia di Vögelinsegg|pl:Bitwa pod Vögelinsegg"
<http://www.wikidata.org/entity/Q2237311>	"cs:Bitva u Staré Jesenice|de:Schlacht bei Altwilmsdorf|pl:Bitwa pod Starym Wielisławiem"
<http://www.wikidata.org/entity/Q2237365>	"da:Slaget ved Ashdown|ca:batalla d'Ashdown|de:Schlacht von Ashdown|nl:Slag bij Ashdown|ga:Cath Ashdown|es:Batalla de Ashdown|fr:bataille d'Ashdown|it:battaglia di Ashdown|pl:Bitwa pod Ashdown"
<http://www.wikidata.org/entity/Q2237367>	"de:Schlacht von Byzantion|sl:bitka pri Bizancu|es:batalla de Bizancio|fr:bataille de Byzance"
<http://www.wikidata.org/entity/Q2237394>	"de:Schlacht von Cabra|nl:Slag bij Cabra|ga:Cath Cabra|es:batalla de Cabra|pt:Batalha de Cabra|fr:bataille de Cabra|pl:Bitwa pod Cabra"
<http://www.wikidata.org/entity/Q2237447>	"ro:Bătălia de la Cadzand|ca:batalla de Cadzand|de:Schlacht von Cadzand|nl:Slag bij Cadzand|ga:Cath Cadzand|es:Batalla de Cadzand|fr:bataille de Cadzand"
<http://www.wikidata.org/entity/Q2237467>	"de:Schlacht von Cassel (1328)|nl:Slag bij Kassel|ga:Cath Cassel|es:Batalla de Cassel (1328)|pt:Batalha de Cassel (1328)|fr:bataille de Cassel|it:battaglia di Cassel|pl:Bitwa pod Cassel (1328)"
<http://www.wikidata.org/entity/Q2237470>	"hu:Culblean-i csata|de:Schlacht von Culblean|ga:Cath Culblean|es:Batalla de Culblean|fr:bataille de Culblean|it:Battaglia di Culblean"
<http://www.wikidata.org/entity/Q2237474>	"de:Schlacht von Dinklar|ga:Cath Dinklar"
<http://www.wikidata.org/entity/Q2237484>	"ca:batalla de Ceresole|de:Schlacht von Ceresole|nl:Battle of Ceresole|ga:Cath Ceresole|es:Batalla de Cerisoles|pt:Batalha de Ceresole|fr:bataille de Cérisoles|it:battaglia di Ceresole|pl:Bitwa pod Ceresole"
<http://www.wikidata.org/entity/Q2237540>	"de:Schlacht von Jedesheim"
<http://www.wikidata.org/entity/Q2237567>	"de:Schlacht von Kopidnadon|nl:Battle of Kopidnadon|ga:Cath Kopidnadon|es:Batalla de Kopidnadon|pt:Batalha de Copidnados|fr:bataille de Kopidnadon|it:battaglia di Kopidnadon|pl:Bitwa pod Kopidnadon"
<http://www.wikidata.org/entity/Q2237576>	"cs:bitva u Heliopole|ca:batalla d'Heliòpolis|de:Schlacht bei Heliopolis|nl:Battle of Heliopolis|sl:bitka za Heliopolis|ga:Cath Heliopolis|es:batalla de Heliópolis|pt:Batalha de Heliópolis (640)|fr:bataille d'Héliopolis|it:battaglia di Eliopoli|pl:Bitwa pod Heliopolis (640)"
<http://www.wikidata.org/entity/Q2237594>	"sv:Slaget vid Lutos|ca:batalla de Lutos|de:Schlacht von Lutos|nl:Slag bij Lutos|gl:batalla de Lutos|ga:Cath Lutos|es:batalla de Lutos|pt:Batalha de Lutos|fr:bataille de Lutos"
<http://www.wikidata.org/entity/Q2237614>	"ca:Batalla de Martiròpolis|de:Schlacht von Martyropolis|ga:Cath Martyropolis|es:batalla de Martirópolis (588)|fr:bataille de Martyropolis"
<http://www.wikidata.org/entity/Q2237629>	"de:Schlacht von Mucellium|sl:Bitka pri Mucelliumu|ga:Cath Mucellium|es:batalla de Mucellium|fr:bataille de Mucellium"
<http://www.wikidata.org/entity/Q2237785>	"de:Schlacht von Vescera|ga:Cath Vescera|es:batalla de Vescera|fr:bataille de Vescera|it:Battaglia di Vescera"
<http://www.wikidata.org/entity/Q2237798>	"ca:Batalla de Tebes|de:Schlacht von Theben|ga:Cath na Téibhe|es:batalla de Tebas|fr:bataille de Thèbes|it:battaglia di Tebe|fi:Theban piiritys|pl:Zdobycie Teb przez Macedończyków"
<http://www.wikidata.org/entity/Q2238843>	"ca:batalla de Brustem|nl:Slag bij Brustem|ga:Cath Brustem|es:Batalla de Brustem|nb:Slaget ved Brusthem|pt:Batalha de Brustem|fr:bataille de Brustem"
<http://www.wikidata.org/entity/Q2243653>	"ro:Bătălia de la Resaena|ca:batalla de Resena|nl:Slag bij Rhesaina|hr:Bitka kod Resene|ga:Cath Resaena|es:batalla de Resaena|pt:Batalha de Resena|fr:bataille de Rhesaina|it:battaglia di Resena|pl:Bitwa pod Resaeną"
<http://www.wikidata.org/entity/Q2246615>	"da:Slaget ved Brunanburh|cs:Bitva u Brunanburhu|sv:Slaget vid Brunanburh|cy:Brwydr Brunanburh|ca:batalla de Brunanburgh|de:Schlacht bei Brunanburh|nl:Slag bij Brunanburh|ga:Cath Brunanburh|es:Batalla de Brunanburh|nb:Slaget ved Brunanburh|pt:Batalha de Brunanburh|fr:bataille de Brunanburh|it:battaglia di Brunanburh|pl:Bitwa pod Brunanburh"
<http://www.wikidata.org/entity/Q2246708>	"ro:Bătălia de la al-Fule|cs:Bitva u al-Fule|sv:slaget vid Al-Fule|ca:Batalla d'Al-Fule|nl:Slag bij Al Fule|gl:batalla de Afula|ga:Cath Al-Fule|es:batalla de Afula|fr:bataille d'Al-Fule"
<http://www.wikidata.org/entity/Q2248041>	"ca:batalla de Casalecchio|nl:Battle of Casalecchio|ga:Cath Casalecchio|es:batalla de Casalecchio|pt:Batalha de Casalecchio|fr:bataille de Casalecchio|it:battaglia di Casalecchio|pl:Bitwa pod Casalecchio"
<http://www.wikidata.org/entity/Q2249697>	"nl:Slag bij Colle|es:Batalla de Colle Val d'Elsa|fr:bataille de Colle|it:battaglia di Colle"
<http://www.wikidata.org/entity/Q2250674>	"ca:batalla de Delebio|nl:Battle of Delebio|ga:Cath Delebio|es:Batalla de Delebio|fr:bataille de Delebio|it:battaglia di Delebio"
<http://www.wikidata.org/entity/Q2253682>	"da:Slaget ved Tettenhall|ca:batalla de Tettenhall|nl:Battle of Tettenhall|ga:Cath Tettenhall|es:batalla de Tettenhall|fr:bataille de Tettenhall|it:battaglia di Tettenhall|pl:Bitwa pod Tettenhall"
<http://www.wikidata.org/entity/Q2255524>	"ca:batalla d'Antioquia|nl:Slag bij Antiochië|ga:Cath Aintíoc|es:batalla de Antioquía (218)|pt:Batalha de Antioquia|fr:bataille d'Antioche|it:battaglia di Antiochia|pl:Bitwa pod Antiochią"
<http://www.wikidata.org/entity/Q2263382>	"ca:batalla de Randea|nl:Battle of Rhandeia|ga:Cath Rhandeia|es:Batalla de Rhandeia|fr:bataille de Rhandeia|it:battaglia di Rhandeia"
<http://www.wikidata.org/entity/Q2264459>	"cs:Bitva u Cerignoly|sv:Slaget vid Cerignola|ca:batalla de Cerinyola|de:Schlacht von Cerignola|nl:Slag bij Cerignola|gl:Batalla de Ceriñola|sl:Bitka pri Cerignoli|ga:Cath Cerignola|es:batalla de Ceriñola|fr:bataille de Cérignole|it:battaglia di Cerignola|pl:Bitwa pod Cerignolą"
<http://www.wikidata.org/entity/Q2265548>	"de:Seeschlacht bei Amorgos|nl:Battle of Amorgos|es:batalla de Amorgos|fr:bataille d'Amorgos|it:battaglia di Amorgo|pl:Bitwa morska przy wyspie Amorgos"
<http://www.wikidata.org/entity/Q2265575>	"ro:Bătălia de la Brest|de:Seeschlacht von Brest|es:Batalla de Brest|fr:bataille de Brest"
<http://www.wikidata.org/entity/Q22690044>	"ga:Cath Mamma|es:batalla de Mamma|fr:bataille de Mammès"
<http://www.wikidata.org/entity/Q2272823>	"da:Slaget ved Köln|cs:Bitva u Kolína nad Rýnem|ca:batalla de Colònia|de:Schlacht von Köln 716|nl:Slag bij Keulen|sl:bitka pri Kölnu (716)|ga:Cath Köln|es:Batalla de Cologne|fr:bataille de Cologne|it:battaglia di Colonia"
<http://www.wikidata.org/entity/Q2273280>	"ro:Bătălia de la Immae|cs:bitva u Immae|de:Schlacht bei Immae|nl:Battle of Immae|ga:Cath Immae|es:Batalla de Immae|pt:Batalha de Immae|fr:bataille d'Immae|it:battaglia di Immae|fi:Immaen taistelu|pl:Bitwa pod Immae"
<http://www.wikidata.org/entity/Q2274566>	"ca:batalla naval de Ponça|de:Belagerung von Gaeta und Seeschlacht von Ponza|nl:Battle of Ponza|ga:Cath Ponza|es:batalla naval de Ponza|fr:bataille de Ponza|it:assedio di Gaeta e battaglia di Ponza|pl:Bitwa morska pod Ponzą"
<http://www.wikidata.org/entity/Q2281774>	"ca:batalla de Marj ar-Ràhit|de:Schlacht von Mardsch Rahit|nl:Battle of Marj al-Rahit|es:batalla de March Ráhit|pt:Batalha de Marj Rahit|fr:bataille de Marj Rahit|it:battaglia di Marj Rahit"
<http://www.wikidata.org/entity/Q2286942>	"ca:batalla del riu Ebre|nl:Battle of Ebro River|es:Batalla del río Ebro|pt:Batalha do rio Ebro|fr:bataille de l'Èbre|it:battaglia del fiume Ebro"
<http://www.wikidata.org/entity/Q2290648>	"nl:Slag op het Beverhoutsveld|ga:Cath Beverhoutsveld|es:Batalla de Beverhoutsveld|fr:bataille de la plaine de Beverhout"
<http://www.wikidata.org/entity/Q2290814>	"ca:batalla de Wadi al-Khazandar|nl:Battle of Wadi al-Khazandar|es:batalla de Homs|fr:bataille de Wadi al-Khazandar|it:battaglia di Wadi al-Khazandar|pl:Bitwa pod Wadi al-Chazindar"
<http://www.wikidata.org/entity/Q2291971>	"ca:batalla d'Ilerda|nl:Slag bij Ilerda|ga:Cath Ilerda|es:Batalla de Ilerda|pt:Batalha de Ilerda|fr:campagne de Lerida|it:campagna di Lerida|pl:Bitwa pod Ilerdą"
<http://www.wikidata.org/entity/Q2292026>	"ro:Bătălia de la Porțile lui Traian|sk:Bitka pri Trajánovej bráne|cs:Bitva u Trajánovy brány|nl:Slag bij de Trajaanse Poort|sl:Bitka pri Trajanovih vratih|es:batalla de la Puerta de Trajano|pt:Batalha das Portas de Trajano|fr:bataille des Portes de Trajan|it:battaglia delle Porte di Traiano|pl:Bitwa we Wrotach Trajana"
<http://www.wikidata.org/entity/Q2292431>	"ca:batalla d'Arrècium|eu:Arretiumgo gudua|nl:Slag bij Arretium|ga:Cath Arretium|es:Batalla de Arretium|pt:Batalha de Arrécio|fr:bataille d'Arretium|it:battaglia di Arezzo|pl:Bitwa pod Arretium"
<http://www.wikidata.org/entity/Q2293284>	"ca:batalla de l'illa d'Alboran|nl:slag bij Alborán|es:batalla de la isla de Alborán|fr:bataille d'Alborán|it:battaglia dell'isola di Alborán"
<http://www.wikidata.org/entity/Q2297059>	"ca:batalla del Solent|nl:Battle of the Solent|nb:Slaget på Solent|pt:Batalha do Solent|fr:bataille du Solent|it:battaglia del Solent|pl:Bitwa morska w cieśninie Solent"
<http://www.wikidata.org/entity/Q2297338>	"ro:Lupta celor Treizeci|sv:De trettios kamp|ca:combat dels Trenta|de:Turnier der Dreißig|nl:Slag van Dertig|es:Combate de los Treinta|nb:De tredves kamp|fr:combat des Trente|lv:Trīsdesmitu kauja|it:combattimento dei Trenta"
<http://www.wikidata.org/entity/Q2299845>	"ro:Bătălia de la Tigranocerta|sv:Slaget vid Tigranakert|nl:Slag bij Tigranocerta|ga:Cath Tigranocerta|es:Batalla de Tigranocerta|pt:Batalha de Tigranocerta|fr:bataille de Tigranocerta|it:battaglia di Tigranocerta|pl:Bitwa pod Tigranocertą"
<http://www.wikidata.org/entity/Q23015216>	"cs:obléhání Kadaně (1421)|fr:siège de Kadaň"
<http://www.wikidata.org/entity/Q2305651>	"da:Slaget ved Edington|ro:Bătălia de la Edington|cs:Bitva u Ethandunu|ca:batalla d'Ethandun|de:Schlacht von Edington|nl:Slag bij Ethandun|gl:batalla de Ethandun|ga:Cath Edington|es:batalla de Ethandun|nb:Slaget ved Ethandun|pt:Batalha de Ethandun|fr:bataille d'Ethandun|it:battaglia di Ethandun|fi:Ethandunin taistelu|pl:Bitwa pod Ethandun"
<http://www.wikidata.org/entity/Q2309606>	"nl:Battle of Mediolanum|gl:Batalla de Mediolanum|et:Mediolanumi lahing|sl:Bitka pri Mediolanumu|ga:Cath Mediolanum|es:Batalla de Milán|pt:Batalha de Mediolano|fr:bataille de Mediolanum|it:battaglia di Milano|pl:Bitwa pod Mediolanem"
<http://www.wikidata.org/entity/Q2330778>	"sk:Bitka pri Mantinei (207 pred Kr.)|eu:Mantineako gudua|nl:Battle of Mantinea|ga:Cath Mantinea|es:batalla de Mantinea (207 a. C.)|pt:Batalha de Mantineia|fr:bataille de Mantinée|it:battaglia di Mantinea|pl:Bitwa pod Mantineją"
<http://www.wikidata.org/entity/Q2331925>	"nl:Slag bij Chalcedon|ga:Cath Chalcedon|es:batalla de Calcedonia (74 a. C.)|pt:Batalha de Calcedónia|fr:bataille de Chalcédoine|it:battaglia di Calcedonia|pl:Bitwa pod Chalkedonem"
<http://www.wikidata.org/entity/Q233344>	"hu:Silarus folyó menti csata|de:Zweite Schlacht am Silarus|nl:Battle of the Siler River|es:batalla del río Silaro|pt:Batalha do Silário|fr:bataille du Silarus|it:battaglia del fiume Silaro|pl:Bitwa nad rzeką Silarus (powstanie Spartakusa)"
<http://www.wikidata.org/entity/Q233350>	"cs:bitva u Chlumce|de:Zweite Schlacht bei Chlumec|nl:Slag bij Chlumec|es:Segunda batalla de Chlumec|fr:bataille de Chlumec|it:Seconda battaglia di Chlumec|pl:Bitwa pod Chlumcem"
<http://www.wikidata.org/entity/Q233352>	"cs:Druhá bitva u Chaironeie|ca:batalla de Queronea (86 aC)|de:Zweite Schlacht bei Chaironeia|nl:Slag bij Chaeronea|la:Chaeronensis pugna (86 a.C.n.)|ga:Cath Chaeronea|es:Batalla de Queronea (86 a. C.)|pt:Batalha de Queroneia|fr:bataille de Chéronée|it:battaglia di Cheronea|pl:Bitwa pod Cheroneą"
<http://www.wikidata.org/entity/Q233363>	"de:Zweite Schlacht von Beneventum"
<http://www.wikidata.org/entity/Q233373>	"ca:segona batalla de Càpua|de:Zweite Schlacht von Capua|nl:Tweede slag om Capua|ga:Cath Capua|es:segunda batalla de Capua|nb:Slaget ved Capua (211 f.Kr.)|pt:Batalha de Cápua|fr:seconde bataille de Capoue|it:seconda battaglia di Capua|pl:Oblężenie Kapui (211 p.n.e.)"
<http://www.wikidata.org/entity/Q233386>	"ro:Bătălia de la Herdonia (210 î.Hr.)|ca:segona batalla d'Herdonea|de:Zweite Schlacht von Herdonia|nl:Tweede slag om Herdonia|ga:Cath Herdonia|es:Batalla de Herdonia (210 a. C.)|nb:Slaget ved Herdonia (210 f.Kr.)|pt:Batalha de Herdônia|fr:bataille d'Herdonia|it:battaglia di Erdonia|pl:bitwa pod Herdonią"
<http://www.wikidata.org/entity/Q233399>	"ro:Bătălia de la Mantineea|sk:Bitka pri Mantinei (362 pred Kr.)|cs:Bitva u Mantineie|ca:batalla de Mantinea (362 aC)|de:Zweite Schlacht von Mantineia|nl:Battle of Mantinea|la:Pugna apud Mantineam|ga:Cath Mantinea|es:Batalla de Mantinea|pt:Batalha de Mantineia|fr:bataille de Mantinée|it:battaglia di Mantinea|fi:Mantineian taistelu|pl:Bitwa pod Mantineją"
<http://www.wikidata.org/entity/Q233402>	"hu:nuvlanai csata (Kr. e. 215)|ca:segona batalla de Nola|de:Zweite Schlacht von Nola|nl:Tweede slag om Nola|ga:Cath Nola|es:batalla de Nola (215 a. C.)|nb:Slaget ved Nola (215 f.Kr.)|pt:Batalha de Nola|fr:deuxième bataille de Nola|it:seconda battaglia di Nola"
<http://www.wikidata.org/entity/Q233406>	"de:Zweite Schlacht von Tarentum"
<http://www.wikidata.org/entity/Q233416>	"da:2. slag ved St Albans|sk:Druhá bitka pri St Albans|cs:Druhá bitva u St Albans|sv:Andra slaget vid St Albans|hu:második Saint Albans-i csata|de:Zweite Schlacht von St Albans|nl:Tweede Slag bij St Albans|es:Segunda Batalla de San Albano|nb:Andre slag ved St. Albans|fr:seconde bataille de Saint-Albans|it:Seconda Battaglia di St Albans|pl:II bitwa pod St Albans"
<http://www.wikidata.org/entity/Q2334735>	"nl:Battle of Philippopolis|ga:Cath Philippopolis|es:Batalla de Filipópolis|pt:Saque de Filipópolis|fr:bataille de Philippopolis|it:battaglia di Philippopolis|pl:Oblężenie Filipopolis"
<http://www.wikidata.org/entity/Q2334746>	"sk:Bitka pri Kynoskefalách (364 pred Kr.)|ca:Batalla de Cinoscèfales|nl:Battle of Cynoscephalae|ga:Cath Cynoscephalae|es:Batalla de Cinoscéfalos|fr:bataille de Cynoscéphales|it:battaglia di Cinocefale|pl:Bitwa pod Kynoskefalaj"
<http://www.wikidata.org/entity/Q233568>	"da:Slaget ved Hattin|ro:Bătălia de la Hattin|sk:Bitka pri Hattíne|cs:Bitva u Hattínu|sv:Slaget vid Hattin|hu:hattíni csata|cy:Brwydr Hattin|ca:batalla de Hattin|lt:Hatino mūšis|eu:Hattingo gudua|de:Schlacht bei Hattin|nl:Slag bij Hattin|hr:Bitka kod Hattina|gl:batalla de Hattin|la:Proelium ad cornua Hattin commissum|sl:bitka pri Hattinu|ga:Cath Hattin|es:batalla de los Cuernos de Hattin|nb:Slaget ved Hattin|pt:Batalha de Hattin|fr:bataille de Hattin|it:battaglia di Hattin|fi:Hattinin taistelu|pl:Bitwa pod Hittin"
<http://www.wikidata.org/entity/Q2347053>	"ca:batalla de Cal·linic|nl:Battle of Callinicus|ga:Cath Callinicus|es:Batalla de Calicino|pt:Batalha de Calínico|fr:bataille de Callinicus|it:battaglia di Callinicum|fi:Kallinikoksen taistelu|pl:Bitwa pod Callicinus"
<http://www.wikidata.org/entity/Q2351714>	"sv:Slaget vid Lepanto|ca:batalla naval de Zonchio|nl:Battle of Zonchio|es:batalla de Zonchio|pt:Batalha de Zonchio|fr:bataille de Zonchio|it:battaglia di Lepanto|pl:Bitwa morska przy wyspie Sapienza"
<http://www.wikidata.org/entity/Q2357112>	"ca:Fúria espanyola|nl:Spaanse Furie|fr:Pillage de Maastricht"
<http://www.wikidata.org/entity/Q2364604>	"ro:Bătăliile de la Wenden (1577–1578)|sv:Slaget vid Wenden|lt:Cėsių mūšis (1578)|et:Võnnu lahing|es:Battles of Wenden|lv:Cēsu kauja|it:battaglie di Wenden|pl:Bitwy pod Kiesią"
<http://www.wikidata.org/entity/Q2364744>	"nl:Slag bij Turijn|ga:Cath Torino|es:Batalla de Turín|pt:Batalha de Turim|it:battaglia di Torino|pl:Bitwa pod Augusta Taurinorum"
<http://www.wikidata.org/entity/Q23656886>	"cs:Bitva u San Felice|fr:bataille de San Felice|it:Battaglia di San Felice"
<http://www.wikidata.org/entity/Q2368123>	"sv:Slaget vid Pinkie Cleugh|de:Schlacht bei Pinkie Cleugh|nl:Slag bij Pinkie Cleugh|ga:Cath Pinkie|es:Batalla de Pinkie Cleugh|pt:Batalha de Pinkie|fr:bataille de Pinkie Cleugh|it:Battaglia di Pinkie"
<http://www.wikidata.org/entity/Q2371616>	"sv:Erövringen av Stockholm|fr:conquête de Stockholm"
<http://www.wikidata.org/entity/Q2371630>	"da:Slaget ved Rotebro|sv:Slaget vid Rotebro|ga:Cath Rotebro|es:Batalla de Rotebro|pt:Batalha de Rotebro"
<http://www.wikidata.org/entity/Q2386251>	"cs:Bitva v zálivu Zuiderzee|nl:Slag op de Zuiderzee|gl:batalla de Zuiderzee|sl:bitka na jezeru Zuiderzee|es:batalla del Zuiderzee|fr:bataille de Zuiderzee|it:Battaglia dello Zuiderzee|pl:Bitwa w zatoce Zuider Zee"
<http://www.wikidata.org/entity/Q2387677>	"nl:Beleg van Calais (1436)|sl:obleganje Calaisa (1436)|ga:Léigear Calais (1436)|es:Asedio de Calais (1436)|fr:siège de Calais|it:Assedio di Calais (1436)"
<http://www.wikidata.org/entity/Q2388708>	"nl:Slag bij Salé|ga:Cath Salé|es:batalla de Salé (1260)|fr:bataille de Salé"
<http://www.wikidata.org/entity/Q2394344>	"hu:Tell Dánit-i csata|ca:Batalla de Sarmin|de:Schlacht von Sarmin|nl:Battle of Sarmin|ga:Cath Sarmin|es:batalla de Sarmin|pt:Batalha de Sarmin|fr:bataille de Sarmin|it:battaglia di Sarmin|pl:bitwa pod Sarmin"
<http://www.wikidata.org/entity/Q2401276>	"sv:Slaget vid Hamath|nl:Battle of Hamath|ga:Cath Hamath|es:batalla de Hama|it:battaglia di Hama"
<http://www.wikidata.org/entity/Q2403565>	"nl:Slag bij Tsjichori|ga:Cath Chikhori|es:batalla de Chijori|fr:bataille de Tchikhori"
<http://www.wikidata.org/entity/Q24074723>	"ca:batalla de Santa Coloma de Gramenet|es:batalla de Santa Coloma de Gramanet"
<http://www.wikidata.org/entity/Q2408278>	"ca:batalla de Cízic|nl:Slag bij Cyzicus|sl:Bitka pri Kiziku|ga:Cath Cyzicus|es:Batalla de Cícico|pt:Batalha de Cízico|fr:bataille de Cyzique|it:battaglia di Cizico|pl:Bitwa pod Kyzikos"
<http://www.wikidata.org/entity/Q2408921>	"eu:Arquesko gudua|de:Schlacht von Arques (1589)|nl:Battle of Arques|ga:Cath Arques|es:batalla de Arques (1589)|fr:bataille d'Arques|it:battaglia di Arques|fi:Arquesin taistelu"
<http://www.wikidata.org/entity/Q2416094>	"ca:batalla d'Útica|nl:Slag bij Utica|ga:Cath Utica|es:Batalla de Útica|pt:Batalha de Útica|fr:bataille d'Utique|it:battaglia di Utica|pl:Bitwa pod Utyką"
<http://www.wikidata.org/entity/Q2421563>	"ca:setge de Marmanda|ga:Léigear Marmande|fr:siège de Marmande"
<http://www.wikidata.org/entity/Q2423998>	"ga:Cath Listven|es:Batalla de Listven|pl:Bitwa pod Listwieniem"
<http://www.wikidata.org/entity/Q2427731>	"is:Örlygsstaðabardagi|da:Slaget ved Örlygsstad|sv:Slaget vid Örlygsstad|ga:Cath Örlygsstaðir|es:Batalla de Örlygsstaðir|pt:Batalha de Örlygsstadir|fr:bataille d'Örlygsstaðir|it:battaglia di Örlygsstaðir"
<http://www.wikidata.org/entity/Q2428651>	"nl:Slag bij Florennes|ga:Cath Florennes|es:Batalla de Florennes|fr:bataille de Florennes"
<http://www.wikidata.org/entity/Q24289588>	"ro:Bătălia de la Chizé|ga:Cath Chiset|es:Batalla de Chiset|fr:bataille de Chizé"
<http://www.wikidata.org/entity/Q2431866>	"nl:Slag bij Zierikzee|sl:Bitka pri Zierikzeeju|es:Batalla de Zierikzee|fr:bataille de Zierikzee|it:battaglia di Zierikzee|pl:Bitwa morska pod Zierikzee"
<http://www.wikidata.org/entity/Q2435881>	"sv:slaget vid Ravenna|eu:Riminiko gudua|nl:Slag bij Ravenna|ga:Cath Ravenna|es:batalla de Rímini|pt:Batalha de Ravena|fr:bataille de Rimini|it:battaglia di Ravenna|pl:Bitwa pod Arminium"
<http://www.wikidata.org/entity/Q244356>	"ro:Bătălia de la Ain Jalut|cs:Bitva u Ajn Džálút|sv:Slaget vid Ain Jalut|hu:Ain Dzsálút-i csata|ca:batalla d'Ayn Jalut|lt:Ain Džaluto mūšis|de:Schlacht bei ʿAin Dschālūt|nl:Slag bij Ain Jalut|hr:Bitka kod Ain Jaluta|mul:Egyptian–Mongolian war|sl:bitka pri Ajn Džalutu|es:batalla de Ain Yalut|nb:Slaget ved Ayn Jalut|pt:Batalha de Ain Jalut|fr:bataille d'Aïn Djalout|it:battaglia di Ayn Jalut|fi:Ain Jalutin taistelu|pl:Bitwa pod Ajn Dżalut"
<http://www.wikidata.org/entity/Q2445761>	"de:Schlacht bei Saucourt|nl:Slag bij Saucourt-en-Vimeu|ga:Cath Saucourt-en-Vimeu|es:Batalla de Saucourt-en-Vimeu|pt:Batalha de Saucourt-en-Vimeu|fr:bataille de Saucourt-en-Vimeu|it:battaglia di Saucourt-en-Vimeu|pl:Bitwa pod Saucourt-en-Vimeu"
<http://www.wikidata.org/entity/Q244980>	"da:Belejringen af Beograd|ro:Asediul Belgradului|sk:Bitka pri Belehrade (1456)|cs:Obléhání Bělehradu v roce 1456|sv:Belägringen av Belgrad|hu:nándorfehérvári diadal|ca:setge de Belgrad|lt:Belgrado apgultis|de:Belagerung von Belgrad|nl:Beleg van Belgrado (1456)|hr:Opsada Beograda|et:Belgradi piiramine (1456)|la:Obsidio Belgradi|sl:obleganje Beograda (1456)|ga:Léigear Bhéalgrád (1456)|es:sitio de Belgrado (1456)|pt:Cerco de Belgrado|fr:siège de Belgrade|it:assedio di Belgrado|fi:Belgradin piiritys|pl:Bitwa pod Belgradem"
<http://www.wikidata.org/entity/Q2451436>	"ca:batalla de Nicea|nl:Slag bij Nicaea|sl:Bitka pri Nikeji (193)|ga:Cath Nicaea|es:Batalla de Nicea|it:battaglia di Nicea|pl:Bitwa pod Kius"
<http://www.wikidata.org/entity/Q2453421>	"da:Slaget ved Rastarkalv|sv:Slaget om Rastarkalv|de:Schlacht von Rastarkalv|nl:Battle of Rastarkalv|ga:Cath Rastarkalv|es:Batalla de Rastarkalv|nb:Slaget på Rastarkalv|fr:bataille de Rastarkalv|it:battaglia di Rastarkalv"
<http://www.wikidata.org/entity/Q2456292>	"ca:batalla d'Aqraba|nl:Battle of Yamama|ga:Cath Yamama|es:Batalla de Yamama|fr:bataille de Yamama|it:battaglia di 'Aqraba'|fi:Yamaman taistelu"
<http://www.wikidata.org/entity/Q2457256>	"eu:Orleansko gudua|de:Schlacht bei Orléans (463)|nl:Slag bij Orléans|ga:Cath Orleans|es:batalla de Orleans|fr:bataille d'Orléans|it:Battaglia di Orleans (463)"
<http://www.wikidata.org/entity/Q2457514>	"nl:Franse Furie|es:Ataque a Amberes|fr:attaque d'Anvers|it:Attacco ad Anversa (1583)"
<http://www.wikidata.org/entity/Q2459925>	"ca:batalla d'Uclés|nl:Battle of Uclés|ga:Cath Uclés|es:batalla de Uclés (1108)|pt:Batalha de Uclés|fr:bataille d'Uclès|it:battaglia di Uclés"
<http://www.wikidata.org/entity/Q2462109>	"ca:batalla naval de Mor-Bihan|nl:Guerre des Vénètes|sl:bitka Venetov|es:Batalla del Golfo de Morbihan|pt:Batalha do Golfo de Morbihan|fr:guerre des Vénètes|it:battaglia del Morbihan|pl:Bitwa w zatoce Morbihan"
<http://www.wikidata.org/entity/Q2464364>	"ro:Bătălia de la Zela|nl:Slag bij Zela|ga:Cath Zela|es:Batalla de Zela|pt:Batalha de Zela|fr:bataille de Zela|it:battaglia di Zela"
<http://www.wikidata.org/entity/Q2473814>	"hu:első olmedói csata|ca:primera batalla d'Olmedo|nl:Eerste slag bij Olmedo|es:batalla de Olmedo (1445)|pt:Batalha de Olmedo|fr:première bataille d'Olmedo|it:battaglia di Olmedo"
<http://www.wikidata.org/entity/Q2478491>	"ca:batalla de Messana|nl:Battle of Messana|ga:Cath Messana|es:Batalla de Mesina|pt:Batalha de Messana|fr:bataille de Messine|it:battaglia di Messina|pl:Bitwa pod Messaną"
<http://www.wikidata.org/entity/Q2479447>	"cs:Bitva u Thyatiry|ca:batalla de Tiatira|eu:Tiatirako gudua|de:Schlacht von Thyatira|nl:Battle of Thyatira|ga:Cath Thyatira|es:Batalla de Thyatira|fr:bataille de Thyatire|it:battaglia di Tiatira|pl:Bitwa pod Nakolią"
<http://www.wikidata.org/entity/Q2484843>	"sv:Slaget vid Nahrawan|ca:batalla de Nahrawan|nl:Battle of Nahrawan|mul:Batalha de Naravã|ga:Cath Nahrawan|es:Batalla de Nahrawan|pt:Batalha de Narauã|fr:bataille de Nahrawân|it:battaglia di Nahrawan"
<http://www.wikidata.org/entity/Q2487876>	"sv:Slaget vid Cremera|ca:batalla del Cremera|eu:Cremerako gudua|nl:Battle of the Cremera|la:Proelium apud Cremera|es:batalla del Cremera|pt:Batalha do Crêmera|fr:bataille du Crémère|it:battaglia del Cremera|pl:Bitwa nad rzeką Kremerą"
<http://www.wikidata.org/entity/Q24930919>	"de:Schlacht von Vergt|ga:Cath Vergt|es:Batalla de Vergt|fr:bataille de Vergt"
<http://www.wikidata.org/entity/Q24972013>	"es:Batalla de Magh Slecht|fr:Bataille de Magh Slecht"
<http://www.wikidata.org/entity/Q2497690>	"sv:Slaget vid Ronaldsway|ga:Cath Ronaldsway|es:Batalla de Ronaldsway|nb:Slaget ved Ronaldsway|fr:bataille du Ronaldsway"
<http://www.wikidata.org/entity/Q2498197>	"nl:Slag bij Yibna|ga:Cath Yibneh|es:batalla de Yibneh|fr:Bataille de Yebna|it:battaglia di Yibneh"
<http://www.wikidata.org/entity/Q2498565>	"ca:primera batalla de Làmia|es:Primera Batalla de Lamia|pt:Primeira Batalha de Lâmia"
<http://www.wikidata.org/entity/Q2498572>	"ca:segona batalla de Làmia|es:Segunda Batalla de Lamia|pt:Segunda Batalha de Lâmia"
<http://www.wikidata.org/entity/Q2501098>	"es:Batalla del río Alta|it:battaglia del fiume Alta"
<http://www.wikidata.org/entity/Q2505574>	"cs:Bitva u Atuatuka|ca:batalla d'Aduatuca|nl:Gallische Opstand|sl:Ambioriksov upor|es:Batalla de Aduatuca|pt:Revolta de Ambiórix|fr:bataille d'Aduatuca|pl:Bitwa pod Aduatucą"
<http://www.wikidata.org/entity/Q2508958>	"nl:Slag aan de Terek|es:batalla del río Térek|pt:Batalha do Rio Terek|it:Battaglia del fiume Terek|pl:Bitwa nad Terekiem"
<http://www.wikidata.org/entity/Q2510875>	"ro:Bătălia de la Baia|hu:moldvabányai csata|de:Schlacht von Baia|nl:Battle of Baia|et:Baia lahing|sl:Bitka pri Baii|ga:Cath Baia|es:batalla de Baia|fr:bataille de Baia|it:battaglia di Baia|pl:Bitwa pod Baia"
<http://www.wikidata.org/entity/Q2511359>	"ca:assalt a Nimega|nl:Aanslag op Nijmegen|sl:napad na Nijmegen"
<http://www.wikidata.org/entity/Q251597>	"cs:bitva u Dornachu|hu:dornachi csata|ca:batalla de Dornach|de:Schlacht bei Dornach|ga:Cath Dornach|es:Batalla de Dornach|pt:Batalha de Dornach|fr:bataille de Dornach|it:Battaglia di Dornach|pl:Bitwa pod Dornach"
<http://www.wikidata.org/entity/Q2518498>	"ca:batalla de Corbione|nl:Battle of Corbione|ga:Cath Corbio|es:Batalla de Corbión|pt:Batalha de Corbio|fr:bataille de Corbione|it:battaglia di Corbione"
<http://www.wikidata.org/entity/Q2520025>	"nl:Slag van Baduhenna|es:Batalla del bosque de Baduhenna|pt:Batalha da Floresta de Baduena|it:Battaglia della foresta di Baduenna"
<http://www.wikidata.org/entity/Q2521439>	"ca:batalla de Caer Caradoc|nl:Battle of Caer Caradoc|es:Batalla de Caer Caradoc|nb:Slaget ved Caer Caradock|pt:Batalha de Caer Caradoc|fr:bataille de Caer Caradoc|it:battaglia di Caer Caradoc|pl:Bitwa nad rzeką Severn"
<http://www.wikidata.org/entity/Q2524627>	"ro:Bătălia de pe râul Garonne|cs:bitva na Garonně|ca:batalla de la Garona|lt:Bordo mūšis (732)|nl:Battle of the River Garonne|es:batalla del Garona|fr:bataille de Bordeaux|it:battaglia della Garonna|pl:Bitwa nad rzeką Garonna (732)"
<http://www.wikidata.org/entity/Q25247871>	"ga:Cath Chathair Chonstaintín|es:Batalla de Constantinopla|pt:Batalha de Constantinopla|fr:bataille de Constantinople"
<http://www.wikidata.org/entity/Q252698>	"da:Slaget ved Wesenberg (1268)|cs:Bitva u Rakvere|hu:wesenbergi csata|de:Schlacht bei Wesenberg|nl:Battle of Wesenberg|et:Rakvere lahing|sl:Rakovorska bitka (1268)|ga:Cath Wesenberg|es:Batalla de Rakvere|fr:bataille de Rakvere|lv:Rakveres kauja|it:battaglia di Rakovor|pl:Bitwa pod Rakvere (1268)"
<http://www.wikidata.org/entity/Q2527770>	"cs:Bitva u Deviny|nl:Battle of Devina|ga:Cath Devina|es:Batalla de Devina|pt:Batalha de Devina|fr:bataille de Devina|it:battaglia di Devina"
<http://www.wikidata.org/entity/Q2527826>	"ro:Bătălia de la Pegae|nl:Battle of Pegae|ga:Cath Pegae|es:Batalla de Pegai|nb:Slaget ved Pigae|pt:Batalha de Pegae|fr:bataille de Pegae|it:battaglia di Pigae"
<http://www.wikidata.org/entity/Q2528398>	"ca:Batalla de Mansura|nl:Slag bij El-Mansoera|gl:batalla de Mansura|sl:bitka v Mansuri|es:batalla de El Mansurá|pt:Batalha de Almançora|fr:bataille de Mansourah|it:battaglia di Mansura|pl:Bitwa pod Al-Mansurą"
<http://www.wikidata.org/entity/Q2530225>	"cs:bitva u Atoleiros (1384 : Fronteira, Portalegre, Portugalsko)|ca:batalla d’Atoleiros|nl:Battle of Atoleiros|ga:Cath Atoleiros|es:Batalla de Atoleiros|pt:Batalha dos Atoleiros|fr:bataille des Atoleiros|it:battaglia di Atoleiros|fi:Atoleirosin taistelu|pl:Bitwa pod Atoleiros"
<http://www.wikidata.org/entity/Q2530931>	"ca:batalla de Cibalae|de:Schlacht bei Cibalae|nl:Slag bij Cibalae|ga:Cath Cibalae|es:Batalla de Cibalae|pt:Batalha de Cibalae|fr:bataille de Cibalae|it:battaglia di Cibalae|pl:Bitwa pod Cibalae"
<http://www.wikidata.org/entity/Q2530973>	"ro:Bătălia de la Emesa|cs:bitva u Emesy|de:Schlacht bei Emesa|nl:Battle of Emesa|ga:Cath Emesa|es:Batalla de Emesa|nb:Slaget ved Emesa|pt:Batalha de Emesa|fr:bataille d'Emesa|it:battaglia di Emesa|fi:Emesan taistelu|pl:Bitwa pod Emesą"
<http://www.wikidata.org/entity/Q2531046>	"cs:bitva u Amblève|ca:batalla d'Amel|nl:Slag bij Amel|sl:bitka pri Amblèvu|ga:Cath Amblève|es:Batalla de Amblève|fr:bataille d'Amblève|it:battaglia di Amblève|pl:Bitwa pod Amblève"
<http://www.wikidata.org/entity/Q2531443>	"nl:Slag bij Leuven|ga:Cath Lováin|es:Batalla de Lovaina|fr:bataille de Louvain|it:battaglia di Lovanio|pl:Bitwa pod Leuven"
<http://www.wikidata.org/entity/Q2533670>	"ro:Bătălia de la Valea Albă|sv:Slaget vid Valea Albă|nl:Battle of Valea Albă|es:Batalla de Valea Albă|fr:bataille de Valea Albă|it:battaglia di Valea Albă|pl:Bitwa pod Valea Albă"
<http://www.wikidata.org/entity/Q25340547>	"ga:Cath Toulouse"
<http://www.wikidata.org/entity/Q2535988>	"de:Eroberung von Cádiz|nl:Aanval op Cádiz|es:Toma de Cádiz|pt:Captura de Cádis|fr:prise de Cadix|it:Presa di Cadice|pl:Atak na Kadyks"
<http://www.wikidata.org/entity/Q2536997>	"sv:Slaget vid Sjelon|hu:selonyi csata|lt:Šelono mūšis|de:Schlacht an der Schelon|nl:Slag bij de Sjelon|hr:Bitka kod Šelonja|sl:Šelonska bitka|ga:Cath Shelon|es:Batalla de Shelón|fr:bataille de la Chelon|it:Battaglia del fiume Šelon'|fi:Shelonin taistelu|pl:Bitwa nad Szełonią"
<http://www.wikidata.org/entity/Q2540658>	"ro:Bătălia de la Călugăreni|ca:batalla de Călugăreni|nl:Battle of Călugăreni|ga:Cath Călugăreni|es:batalla de Călugăreni|fr:bataille de Călugăreni|it:battaglia di Călugăreni|pl:Bitwa w wąwozie Calugareni"
<http://www.wikidata.org/entity/Q25420405>	"ga:Cath Brescia|es:batalla de Brescia|pt:batalha de Bréscia"
<http://www.wikidata.org/entity/Q2542813>	"nl:Battle of Ullais|ga:Cath Ullais|es:batalla de Ullais|fr:bataille d'Ullais|it:battaglia di Ullays"
<http://www.wikidata.org/entity/Q2542852>	"sk:Bitka pri Oinoparase|nl:Slag bij Antiochië|ga:Cath Aintíoc|es:batalla de Antioquía (145 a. C.)|pt:Batalha de Antioquia|it:battaglia di Antiochia"
<http://www.wikidata.org/entity/Q25456539>	"hu:Heworth Moor-i összecsapás"
<http://www.wikidata.org/entity/Q2549350>	"de:Schlacht bei Philomelion|nl:Battle of Philomelion|ga:Cath Philomelion|es:batalla de Filomelio|pt:Batalha de Filomélio|fr:bataille de Philomélion|it:battaglia di Filomelion|pl:Bitwa pod Filomelionem"
<http://www.wikidata.org/entity/Q25517452>	"da:Slagmarken ved Tollense|cs:Bitva u řeky Tollense|sv:Slagfältet vid Tollense|ca:Batalla de la vall del Tollense|de:Schlacht im Tollensetal|es:batalla del Tollense|pt:Campo de batalha do vale do Rio Tollense|fr:bataille de la Tollense|it:Campo di battaglia della valle del Tollense|fi:Tollensen taistelukenttä|pl:Bitwa nad rzeką Tollense"
<http://www.wikidata.org/entity/Q25540867>	"es:toma de Dmanisi"
<http://www.wikidata.org/entity/Q25628>	"da:Det store møde ved Ugra-floden|cs:Stání na Ugře|sv:konfrontationen vid floden Ugra|hu:Ugorscsina|de:Großes Gegenüberstehen an der Ugra|nl:Confrontatie aan de Oegra|hr:Ugoršćina|es:Gran encuentro del río Ugrá|nb:Den store konfrontasjonen ved elva Ugra|pt:Grande Stand no rio Ugra|fr:grande halte sur la rivière Ougra|it:grande scontro sul fiume Ugra|pl:Stanięcie nad Ugrą"
<http://www.wikidata.org/entity/Q2568416>	"nl:Battle of Thessalonica|ga:Cath Theasaloinicé|es:batalla de Tesalónica|fr:bataille de Thessalonique|it:battaglia di Tessalonica"
<http://www.wikidata.org/entity/Q2570386>	"nl:Battle of Al-Anbar|ga:Cath al-Anbar|es:batalla de al-Anbar|fr:bataille d'Al-Anbar|it:battaglia di al-Anbar"
<http://www.wikidata.org/entity/Q2571558>	"ca:Batalla de Darbesac|nl:Battle of Mari|gl:Batalla de Mari|ga:Cath Mari|es:batalla de Mari|fr:bataille de Mari|it:battaglia di Mari|pl:Bitwa pod Mari"
<http://www.wikidata.org/entity/Q2572780>	"nl:Inname van Zutphen|es:toma de Zutphen (1572)"
<http://www.wikidata.org/entity/Q2575044>	"cs:bitva u Chesteru|cy:Brwydr Caer|ca:batalla de Chester|lt:Mūšis prie Česterio|nl:Slag bij Chester|ga:Cath Chester|es:Batalla de Chester|pt:Batalha de Chester|fr:bataille de Chester|it:battaglia di Chester|fi:Chesterin taistelu"
<http://www.wikidata.org/entity/Q2575960>	"sv:Slaget vid Carham|de:Schlacht bei Carham|nl:Battle of Carham|ga:Cath Carham|es:batalla de Carham|nb:Slaget ved Carham|fr:bataille de Carham|it:battaglia di Carham|pl:Bitwa pod Carham"
<http://www.wikidata.org/entity/Q2576269>	"ca:Batalla d'Ayn al-Tamr|nl:Battle of Ayn al-Tamr|es:batalla de Ayn al-Tamr|fr:bataille d'Ayn al-Tamr|it:Ayn al-Tamr"
<http://www.wikidata.org/entity/Q2586793>	"ca:batalla de Benevent|nl:Battle of Beneventum|ga:Cath Beneventum|es:Batalla de Benevento (212 a. C.)|pt:Batalha de Benevento|fr:bataille de Beneventum (-212)|it:battaglia di Benevento"
<http://www.wikidata.org/entity/Q2588587>	"hu:niszibiszi csata|ca:batalla de Nísibis|nl:Slag bij Nisibis|ga:Cath Nisibis|es:batalla de Nísibis (217)|pt:Batalha de Nisibis (217)|fr:bataille de Nisibis|it:battaglia di Nisibi|pl:Bitwa pod Nisibis"
<http://www.wikidata.org/entity/Q2589772>	"ca:batalla de Montenaken|nl:Slag bij Montenaken|ga:Cath Montenaken|es:batalla de Montenaken|nb:Slaget ved Montenaken|fr:bataille de Montenaken|pl:Bitwa pod Montenaken"
<http://www.wikidata.org/entity/Q2597432>	"ca:batalla de Lepant|nl:Battle of Modon|es:batalla de Lepanto (1500)|fr:bataille de Modon|it:battaglia di Lepanto"
<http://www.wikidata.org/entity/Q2599844>	"lt:Klecko mūšis|nl:Battle of Kletsk|sl:bitka pri Kleckem|ga:Cath Kletsk|es:batalla de Kletsk|fr:bataille de Kletsk|it:battaglia di Kletsk|pl:Bitwa pod Kleckiem"
<http://www.wikidata.org/entity/Q2602904>	"eu:Cocherelgo gudua|de:Schlacht von Cocherel|nl:Slag bij Cocherel|gl:batalla de Cocherel|ga:Cath Cocherel|es:Batalla de Cocherel|pt:Batalha de Cocherel|fr:bataille de Cocherel|it:battaglia di Cocherel"
<http://www.wikidata.org/entity/Q2603935>	"ro:Bătălia de la Savra|sv:Slaget vid Savra|nl:Slag bij Savra|et:Savra lahing|ga:Cath Savra|es:Batalla de Savra|fr:bataille de Savra|it:battaglia dei Campi Sauriani"
<http://www.wikidata.org/entity/Q2617894>	"ga:Cath Pydna|es:batalla de Pidna (148 a. C.)|pt:Batalha de Pidna|fr:bataille de Pydna|it:Battaglia di Pidna (148 a.C.)|fi:Pydnan taistelu|pl:Bitwa pod Pydną"
<http://www.wikidata.org/entity/Q2623793>	"ro:bătălia de la Ula|cs:bitva na Ule|lt:Ulos mūšis|ga:Cath Ula|es:Batalla de Ula|it:battaglia di Ula|pl:Bitwa pod Czaśnikami"
<http://www.wikidata.org/entity/Q2628015>	"ca:batalla de Càpetron|nl:Battle of Kapetron|ga:Cath Kapetron|es:batalla de Kapetron|pt:Batalha de Kapetron|fr:bataille de Kapetrou|it:battaglia di Kapetrou"
<http://www.wikidata.org/entity/Q2628082>	"de:Schlacht von Elbistan|ga:Cath Elbistan|es:batalla de Elbistán|fr:bataille d'Elbistan|pl:Bitwa pod Abulustajn"
<http://www.wikidata.org/entity/Q2628112>	"ca:batalla de Gela|eu:Gelako gudua|nl:Battle of Gela|ga:Cath Gela|es:batalla de Gela|it:battaglia di Gela|pl:Bitwa pod Gelą"
<http://www.wikidata.org/entity/Q2628454>	"sv:Roms skövling (546)|ca:saqueig de Roma|nl:Sack of Rome|et:Rooma rüüstamine (546)|sl:Drugo obleganje Rima (546)|es:Saqueo de Roma|pt:Saque de Roma|fr:siège de Rome|it:assedio di Roma|pl:Zdobycie Rzymu przez Ostrogotów"
<http://www.wikidata.org/entity/Q2630913>	"ca:batalla de Cutanda|eu:Cutandako gudua|nl:Slag bij Cutanda|gl:Batalla de Cutanda|ga:Cath Cutanda|es:batalla de Cutanda|fr:bataille de Cutanda"
<http://www.wikidata.org/entity/Q2632506>	"ca:batalla de Tàrent|nl:Battle of Tarentum|ga:Cath Tarentum|es:Batalla de Tarento|pt:Batalha de Taranto|fr:bataille de Tarente|it:assedio di Taranto"
<http://www.wikidata.org/entity/Q2632522>	"ca:batalla de Tàrent|nl:Battle of Tarentum|ga:Cath Tarentum|es:Batalla de Tarento|pt:Batalha de Taranto|fr:bataille de Tarente|it:assedio di Taranto"
<http://www.wikidata.org/entity/Q2633662>	"cy:Brwydr Arfderydd|de:Schlacht von Arfderydd|nl:Battle of Arfderydd|gl:Batalla de Arfderydd|ga:Cath Arfderydd|es:Batalla de Arfderydd|nb:Slaget ved Arfderydd|fr:bataille d'Arfderydd|it:battaglia di Arderydd"
<http://www.wikidata.org/entity/Q263799>	"da:Slaget ved Mared|sv:Slaget vid Mared|ga:Cath Mared|es:Batalla de Mared|fi:Maredin taistelu"
<http://www.wikidata.org/entity/Q264737>	"ro:Bătălia de la Tolbiac|cs:Bitva u Tolbiaku|sv:Slaget vid Tulpiacum|ca:batalla de Tolbiac|de:Schlacht von Zülpich|nl:Slag bij Tolbiac|gl:Batalla de Tolbiac|sl:bitka pri Tolbiacu|ga:Cath Tolbiac|es:Batalla de Tolbiac|pt:Batalha de Tolbiac|fr:bataille de Tolbiac|it:battaglia di Tolbiac|fi:Tolbiacin taistelu|pl:Bitwa pod Tolbiac"
<http://www.wikidata.org/entity/Q264911>	"cs:bitva u Mostu|de:Schlacht bei Brüx|ga:Cath Brüx|es:Batalla de Most|fr:bataille de Brüx|pl:Bitwa pod Mostem"
<http://www.wikidata.org/entity/Q26492889>	"cs:bitva u Melechova|ga:Cath Melechov"
<http://www.wikidata.org/entity/Q26493>	"ro:Bătălia de la Dandanaqan|de:Schlacht von Dandanqan|nl:Battle of Dandanaqan|ga:Cath Dandanaqan|es:batalla de Dandanaqan|pt:Batalha de Dandanaqan|fr:bataille de Dandanakan|it:battaglia di Dandanqan|fi:Dandanqanin taistelu|pl:Bitwa pod Dandankanem"
<http://www.wikidata.org/entity/Q2657536>	"de:Schlacht bei Boroughbridge|nl:Battle of Boroughbridge|ga:Cath Boroughbridge|es:Batalla de Boroughbridge|nb:Slaget ved Boroughbridge|fr:bataille de Boroughbridge|it:battaglia di Boroughbridge"
<http://www.wikidata.org/entity/Q2663351>	"de:Schlacht am Bug|nl:Battle of the River Bug|es:Batalla del río Bug Occidental|pl:Bitwa pod Wołyniem"
<http://www.wikidata.org/entity/Q2664371>	"hu:Tunisz elfoglalása|de:Tunisfeldzug|nl:Conquest of Tunis|es:conquista de Túnez (1574)|pt:Conquista de Túnis|fr:conquête de Tunis|it:conquista di Tunisi"
<http://www.wikidata.org/entity/Q2664985>	"da:Slaget ved Fýrisvellir|sv:Slaget vid Fyrisvallarna|nl:Battle of Fýrisvellir|ga:Cath Fýrisvellir|es:Batalla de Fýrisvellir|nb:Slaget ved Fyrisvollene|pt:Batalha de Fyrisvallarna|fr:bataille de Fyrisvellir|it:battaglia del Fýrisvellir"
<http://www.wikidata.org/entity/Q2665461>	"ca:batalla de Barbalissos|nl:Battle of Barbalissos|sl:Bitka pri Barbalisu|ga:Cath Barbalissos|es:batalla de Barbalissos|fr:bataille de Barbalissos|it:battaglia di Barbalissos|pl:Bitwa pod Barbalissos"
<http://www.wikidata.org/entity/Q2665646>	"nl:Battle of Rhium|es:Batalla de Patras|fr:bataille de Patras|it:battaglia di Rhium|pl:Bitwa morska koło przylądka Rhion"
<http://www.wikidata.org/entity/Q2666515>	"da:Slaget ved Singara|nl:Siege of Singara|ga:Léigear Singara|es:asedio de Singara|pt:Batalha de Singara|fr:siège de Singara|it:battaglia di Singara|fi:Singaran taistelu|pl:Oblężenie Singary"
<http://www.wikidata.org/entity/Q2670926>	"ro:Bătălia de la Seminara (1495)|nl:Battle of Seminara|ga:Cath Seminara|es:batalla de Seminara|fr:bataille de Seminara|it:Battaglia di Seminara"
<http://www.wikidata.org/entity/Q2692278>	"sv:Slaget vid Leal|nl:Slag bij Lihula|et:Lihula lahing|ga:Cath Lihula|es:Batalla de Lihula|nb:Slaget ved Leal|pt:Batalha de Lihula|fr:bataille de Lihula|lv:Zviedru karagājiens uz Ridalu un kauja pie Lihulas|fi:Lihulan taistelu"
<http://www.wikidata.org/entity/Q2700721>	"ca:batalla de Jalula|nl:Battle of Jalula|ga:Cath Jalula|es:batalla de Jalula|fr:bataille de Jalula|it:battaglia di Jalula"
<http://www.wikidata.org/entity/Q2705449>	"cs:Bitva u hory Algidus|ca:batalla del Mont Algidus|nl:Battle of Mons Algidus|es:batalla del Monte Álgido|pt:Batalha do Monte Álgido|fr:bataille du mont Algide|it:battaglia del Monte Algido"
<http://www.wikidata.org/entity/Q2706752>	"ro:Bătălia de la Qarteen|nl:Battle of Qarteen|ga:Cath al-Qaryatayn|es:Batalla de al-Qaryatayn|fr:bataille d'al-Qaryatayn|it:battaglia di Qartin"
<http://www.wikidata.org/entity/Q2707112>	"ro:Bătălia de la Lycus|nl:Slag bij de Lycus|es:batalla del río Lico|pt:Batalha do rio Lico|fr:bataille du Lycos|it:battaglia di Nicopoli al Lico"
<http://www.wikidata.org/entity/Q2707263>	"ro:A Doua Bătălie de la Tapae|ca:segona batalla de Tapae|nl:Slag bij Tapae (101)|es:batalla de Tapae (101)|pt:Segunda Batalha de Tapas|fr:bataille de Tapae|it:battaglia di Tape|fi:Tapaen taistelu|pl:Bitwa pod Tapae"
<http://www.wikidata.org/entity/Q2707586>	"nl:slag bij Verona|ga:Cath Verona|es:Batalla de Verona|fr:bataille de Verona|it:Battaglia di Verona (249)"
<http://www.wikidata.org/entity/Q2708535>	"ca:batalla del riu Àmnies|de:Schlacht am Fluss Amnias|nl:Battle of the River Amnias|es:batalla del río Amnias|pt:Batalha do Rio Ânias|it:battaglia del fiume Amnia"
<http://www.wikidata.org/entity/Q2712298>	"nl:Battle of Ostrovo|ga:Cath Ostrovo|es:Batalla de Ostrovo|pt:Batalha de Ostrovo|fr:bataille d'Ostrovo|it:battaglia di Ostrovo"
<http://www.wikidata.org/entity/Q2713449>	"cs:Obléhání Adrianopole|ca:setge d'Adrianòpolis|nl:Siege of Adrianople|ga:Léigear Chathair Aidriain|es:Batalla de Adrianópolis|pt:Cerco de Adrianópolis|fr:siège d'Andrinople|it:Assedio di Adrianopoli"
<http://www.wikidata.org/entity/Q271873>	"da:Slaget ved Trebia|ro:Bătălia de la Trebia|sk:Bitka pri Trebii|cs:Bitva na řece Trebia|sv:slaget vid Trebia|hu:trebiai csata|ca:batalla del Trèbia|lt:Trebijos mūšis|eu:Trebbiako gudua|de:Schlacht an der Trebia|nl:Slag bij de Trebia|hr:Bitka kod Trebije|la:Pugna ad Trebiam|sl:bitka pri Trebii|es:batalla del Trebia|nb:Slaget ved Trebia|pt:Batalha do Trébia|fr:bataille de la Trebbia|it:battaglia della Trebbia|fi:Trebian taistelu|pl:bitwa nad Trebią"
<http://www.wikidata.org/entity/Q2724154>	"ca:batalla d'Adrianòpolis|nl:Battle of Adrianople|ga:Cath Chathair Aidrian|es:Batalla de Adrianópolis|fr:bataille d'Andrinople|it:battaglia di Adrianopoli|pl:Bitwa pod Adrianopolem"
<http://www.wikidata.org/entity/Q2724181>	"cs:Bitva u Alcorazu|ca:batalla d'Alcoraz|eu:Alcorazko gudua|de:Schlacht bei Alcoraz|nl:Slag bij Alcoraz|sl:bitka pri Alcorazu|ga:Cath Alcoraz|es:Batalla de Alcoraz|fr:bataille d'Alcoraz|it:battaglia di Alcoraz"
<http://www.wikidata.org/entity/Q2726734>	"ca:Batalla d'Homs (1281)|de:Zweite Schlacht von Homs|nl:Second Battle of Homs|es:batalla de Homs (1281)|fr:deuxième bataille de Homs|it:seconda battaglia di Homs|pl:Bitwa pod Himsem (1281)"
<http://www.wikidata.org/entity/Q273069>	"da:Lechfeldslaget|ro:Bătălia de la Lechfeld|sk:Bitka pri Lechu|cs:bitva na Lechu|hu:augsburgi csata|ca:batalla de Lechfeld|de:Schlacht auf dem Lechfeld|nl:Slag op het Lechveld|hr:Bitka na Leškom polju|et:Lechi lahing|sl:Bitka pri Lechfeldu|ga:Cath Lechfeld|es:Batalla de Lechfeld|nb:Lechfeldslaget|pt:Batalha de Lechfeld|fr:bataille du Lechfeld|it:battaglia di Lechfeld|fi:Lechfeldin taistelu|pl:Bitwa nad rzeką Lech"
<http://www.wikidata.org/entity/Q2732255>	"ca:batalla de Marj as-Suffar|nl:Battle of Marj al-Saffar|mul:Egyptian–Mongolian war|es:batalla de Marj al-Suffar|fr:bataille de Marj as-Suffar|it:battaglia di Marj al-Suffar|pl:Bitwa pod Mardż al-Saffar"
<http://www.wikidata.org/entity/Q2734129>	"ca:batalla de Toro|de:Schlacht von Toro|nl:Battle of Toro|gl:Batalla de Toro|ga:Cath Toro|es:batalla de Toro|pt:Batalha de Toro|fr:bataille de Toro|it:battaglia di Toro"
<http://www.wikidata.org/entity/Q2737232>	"de:Schlacht bei Byland|nl:Battle of Old Byland|es:Batalla de Old Byland|nb:Slaget ved Old Byland|fr:bataille d'Old Byland|it:battaglia di Old Byland|pl:Bitwa pod Old Byland"
<http://www.wikidata.org/entity/Q2741713>	"gl:Batalla de Aylesford|ga:Cath Aylesford|es:Batalla de Aylesford|fr:bataille d'Aylesford|pl:Bitwa pod Aylesford"
<http://www.wikidata.org/entity/Q2744068>	"gl:batalla de Muros|es:batalla de Muros|fr:bataille de Muros|pl:Bitwa morska w Zatoce Muros"
<http://www.wikidata.org/entity/Q2746040>	"cs:bitva u Landriana|ca:batalla de Landriano|nl:Battle of Landriano|ga:Cath Landriano|es:Batalla de Landriano|pt:Batalha de Landriano|fr:bataille de Landriano|it:battaglia di Landriano"
<http://www.wikidata.org/entity/Q2750179>	"ca:setge de Castellnou d'Arri|nl:siège de Castelnaudary|es:Sitio de Castelnaudary|fr:siège de Castelnaudary"
<http://www.wikidata.org/entity/Q2756897>	"ca:batalla de Bosrà|nl:Battle of Bosra|ga:Cath Bosra|es:batalla de Bosra|pt:Batalha de Bosra (634)|fr:bataille de Bosra|it:battaglia di Bosra"
<http://www.wikidata.org/entity/Q27627609>	"sk:Bitka na Luckom poli|cs:Bitva na Luckém poli|ga:Cath Olšava"
<http://www.wikidata.org/entity/Q277345>	"ro:Bătălia de la Mylae|cs:Bitva u Mylae|hu:mylaei csata|ca:batalla de Miles|de:Seeschlacht von Mylae|nl:Slag bij Mylae|es:Batalla de Milas|nb:Slaget ved Mylae|pt:Batalha de Mylae|fr:bataille de Mylae|it:battaglia di Milazzo|pl:Bitwa morska pod Mylae"
<http://www.wikidata.org/entity/Q27759>	"da:Slaget ved Crécy|ro:Bătălia de la Crécy|sk:Bitka pri Kreščaku|cs:bitva u Kresčaku|sv:Slaget vid Crécy|hu:crécyi csata|cy:Brwydr Crécy|ca:batalla de Crécy|de:Schlacht bei Crécy|nl:Slag bij Crécy|mul:Battle of Crécy|gl:batalla de Crécy|la:Proelium ad Creciacum|sl:Bitka pri Crecyju|ga:Cath Crécy|es:Batalla de Crécy|nb:Slaget ved Crécy|pt:Batalha de Crécy|fr:bataille de Crécy|lv:Kresī kauja|it:battaglia di Crécy|fi:Crécyn taistelu|pl:Bitwa pod Crécy"
<http://www.wikidata.org/entity/Q2781949>	"cy:Brwydr Mynydd Carn|de:Schlacht von Mynydd Carn|nl:Slag bij Mynydd Carn|sl:bitka na Mynydd Carnu|es:Batalla de Mynydd Carn|fr:bataille de Mynydd Carn"
<http://www.wikidata.org/entity/Q27832144>	"cs:obléhání Budína (1598)|hu:Buda ostroma (1598)|de:Belagerung von Ofen (1598)|sl:obleganje Budima (1598)|ga:Léigear Buda (1598)|fr:siège de Buda"
<http://www.wikidata.org/entity/Q27863955>	"nl:Slag bij het Tunismeer|es:batalla del lago de Túnez|pt:Batalha do Lago Túnis"
<http://www.wikidata.org/entity/Q278903>	"sv:Slaget vid Lekhaion|ca:batalla de Lequeu|de:Schlacht bei Lechaion|nl:Slag bij Lechaeum|la:Pugna ad Lechaeum|ga:Cath Lechaeum|es:Batalla de Lequeo|pt:Batalha de Lequeo|fr:bataille de Lechaion|it:battaglia del Lecheo|pl:Bitwa pod Lechajon"
<http://www.wikidata.org/entity/Q27900>	"ro:Al Doilea Asediu Arab al Constantinopolului|cs:Obléhání Konstantinopole|hu:Konstantinápoly ostroma|ca:setge de Constantinoble|eu:Konstantinoplako setioa (717-718)|de:Belagerung von Konstantinopel|nl:Beleg van Constantinopel|sl:Drugo arabsko obleganje Konstantinopla|ga:Léigear Chathair Chonstaintín (717-718)|es:Sitio de Constantinopla (717-718)|pt:Cerco de Constantinopla (717-718)|fr:siège de Constantinople|lv:Konstantinopoles aplenkums (717—718)|it:assedio di Costantinopoli|fi:Konstantinopolin piiritys|pl:Oblężenie Konstantynopola (717-718)"
<http://www.wikidata.org/entity/Q2792009>	"ca:batalla de Portopí|ga:Cath Portopí|es:Batalla de Portopí|fr:bataille de Portopí"
<http://www.wikidata.org/entity/Q27940416>	"ga:Cath Khazir|es:Batalla de Khazir|fr:bataille de Khazir|it:battaglia del Khazir"
<http://www.wikidata.org/entity/Q2799746>	"ca:batalla de Hausbergen|de:Schlacht von Hausbergen|ga:Cath Hausbergen|es:Batalla de Hausbergen|fr:bataille de Hausbergen"
<http://www.wikidata.org/entity/Q280439>	"ro:Bătălia de la Obertyn|hu:obertini csata|ca:Batalla d'Obertyn|ga:Cath Obertyn|es:Batalla de Obertyn|fr:bataille d'Obertyn|pl:Bitwa pod Obertynem"
<http://www.wikidata.org/entity/Q281013>	"hu:monmouthi csata|cy:Brwydr Trefynwy|sl:bitka za Monmouth|ga:Cath Trefynwy|es:Batalla de Monmouth|fr:bataille de Monmouth"
<http://www.wikidata.org/entity/Q281089>	"da:Slaget ved Ludford Bridge|cs:bitva u Ludfordského mostu|sv:Slaget vid Ludford Bridge|de:Schlacht von Ludlow|nl:Slag bij Ludford Bridge|es:Batalla del Puente de Ludford|nb:Slaget ved Ludford Bridge|fr:déroute de Ludford Bridge|it:Battaglia di Ludford Bridge|pl:Bitwa pod Ludlow"
<http://www.wikidata.org/entity/Q281648>	"hu:Dupplin Moor-i csata|cy:Brwydr Dupplin Moor|ca:batalla de Dupplin Moor|de:Schlacht von Dupplin Moor|nl:Battle of Dupplin Moor|es:Batalla de Dupplin Moor|pt:Batalha de Dupplin Moor|fr:bataille de Dupplin Moor|it:battaglia di Dupplin Moor|pl:Bitwa pod Dupplin Moor"
<http://www.wikidata.org/entity/Q28169617>	"cs:pád Babylonu|eu:Babiloniaren erorialdia|nl:Val van Babylon|es:caída de Babilonia|pt:Queda da Babilónia|fr:chute de Babylone de 539 av. J.-C.|it:Caduta di Babilonia|pl:Upadek Babilonu"
<http://www.wikidata.org/entity/Q283015>	"ro:Bătălia de la Beaugency|sv:Slaget vid Beaugency|ca:batalla de Beaugency|de:Schlacht um Beaugency|nl:Battle of Beaugency|sl:bitka pri Beaugencyju|ga:Cath Beaugency|es:Batalla de Beaugency|pt:Batalha de Beaugency|fr:bataille de Beaugency|it:battaglia di Beaugency|pl:Bitwa pod Beaugency"
<http://www.wikidata.org/entity/Q283062>	"ro:Bătălia de la Benevento|cs:bitva u Beneventa|sv:Slaget vid Benevento|hu:beneventói csata|ca:batalla de Benevent|de:Schlacht bei Benevent|nl:Battle of Benevento|gl:batalla de Benevento|ga:Cath Benevento|es:batalla de Benevento (1266)|pt:Batalha de Benevento|fr:bataille de Bénévent|lv:Benevento kauja|it:battaglia di Benevento|pl:Bitwa pod Benewentem"
<http://www.wikidata.org/entity/Q283364>	"ro:Bătălia de la Legnano|cs:Bitva u Legnana|sv:Slaget vid Legnano|hu:legnanói csata|ca:batalla de Legnano|de:Schlacht von Legnano|nl:Slag bij Legnano|gl:Batalla de Legnano|et:Legnano lahing|sl:bitka pri Legnanu|ga:Cath Legnano|es:batalla de Legnano|pt:Batalha de Legnano|fr:bataille de Legnano|it:battaglia di Legnano|pl:Bitwa pod Legnano"
<http://www.wikidata.org/entity/Q2841547>	"ga:Cath Faventia|es:Batalla de Favencia|pt:Batalha de Favência|pl:Bitwa pod Fawencją"
<http://www.wikidata.org/entity/Q28454990>	"nl:Slag bij Delft|gl:Batalla de Delft|ga:Cath Delft|fr:bataille de Delft|it:Battaglia di Delft"
<http://www.wikidata.org/entity/Q28496874>	"ca:Presa de Bugia|es:conquista de Bugía (1510)|fr:prise de Béjaïa"
<http://www.wikidata.org/entity/Q2855373>	"ca:batalla de Pètroe|ga:Cath Petroe|es:Batalla de Petroe|pt:Batalha de Petroe|fr:bataille de Petroe"
<http://www.wikidata.org/entity/Q28554166>	"es:batalla de Mégara (1359)|pt:Batalha de Mégara (1359)|it:Battaglia di Megara"
<http://www.wikidata.org/entity/Q28662986>	"eu:Hippo Regiuseko gudua|es:batalla de Hipona|pt:Batalha de Hipona|fr:bataille de Hippo Regius"
<http://www.wikidata.org/entity/Q28669027>	"ga:Cath Sardis|es:batalla de Sardes (395 a. C.)"
<http://www.wikidata.org/entity/Q28717575>	"ca:saqueig d'Alep|es:saqueo de Alepo|fr:sac d'Alep|it:Sacco di Aleppo (962)"
<http://www.wikidata.org/entity/Q28722719>	"ro:asediul Győrului|hu:Győr visszafoglalása|ca:setge de Győr de 1598|sl:obleganje Győra (1598)|ga:Léigear Győr|fr:siège de Győr|it:Riconquista di Raab (1598)"
<http://www.wikidata.org/entity/Q28729885>	"nl:Slag bij Tenedos (73 v.Chr.)|ga:Cath Tenedos|es:Batalla de Tenedos (73 a. C.)|pt:Batalha de Tênedos|it:battaglia di Tenedo"
<http://www.wikidata.org/entity/Q2878470>	"ca:batalla de Morella|nl:slag bij Morella|ga:Cath Morella|es:batalla de Morella|it:battaglia di Morella"
<http://www.wikidata.org/entity/Q288345>	"da:Slaget ved Lincoln|de:Schlacht von Lincoln|nl:Slag bij Lincoln|ga:Cath Lincoln|es:Batalla de Lincoln|pt:Batalha de Lincoln (1141)|fr:bataille de Lincoln|it:battaglia di Lincoln|pl:Bitwa pod Lincoln"
<http://www.wikidata.org/entity/Q2887806>	"eu:Oibarko gudua|de:Schlacht von Aibar|ga:Cath Aibar|es:batalla de Aibar|fr:bataille d'Aibar"
<http://www.wikidata.org/entity/Q2887810>	"ro:Bătălia de la Adamclisi|nl:Battle of Adamclisi|ga:Cath Adamclisi|es:batalla de Adamclisi|pt:Batalha de Adamclisi|fr:bataille d'Adamclisi|it:battaglia di Adamclisi|pl:Bitwa pod Adamclisi"
<http://www.wikidata.org/entity/Q2887822>	"ca:batalla d'Alfarrobeira|nl:Slag bij Alfarrobeira|ga:Cath Alfarrobeira|es:batalla de Alfarrobeira|pt:Batalha de Alfarrobeira|fr:bataille d'Alfarrobeira|it:battaglia di Alfarrobeira"
<http://www.wikidata.org/entity/Q2887854>	"de:Schlacht von Ancrum Moor|es:Batalla de Ancrum Moor|nb:Slaget ved Ancrum Moor|fr:bataille d'Ancrum Moor|it:Battaglia di Ancrum Moor"
<http://www.wikidata.org/entity/Q2887859>	"de:Schlacht bei Anthon|ga:Cath Anthon|es:Batalla de Anthon|fr:bataille d'Anthon"
<http://www.wikidata.org/entity/Q2887879>	"ro:Bătălia de la Ardres|ga:Cath Ardres|es:Batalla de Ardres|fr:bataille d'Ardres"
<http://www.wikidata.org/entity/Q2887887>	"de:Schlacht von Arkinholm|ga:Cath Arkinholm|es:Batalla de Arkinholm|fr:bataille d'Arkinholm"
<http://www.wikidata.org/entity/Q2887924>	"ca:batalla d'Azaz|de:Schlacht von Azaz|ga:Cath Azaz|es:batalla de Azaz|pt:Batalha de Azaz|fr:bataille d'Azâz|it:Battaglia di Azaz (1030)"
<http://www.wikidata.org/entity/Q2887977>	"da:Slaget ved Hormizdegan|ca:batalla d'Hormizdegan|eu:Hormizdaghango gudua|nl:slag bij Hormizdegan|ga:Cath Hormizdegan|es:batalla de Hormizdagán|pt:Batalha de Hormusgã|fr:bataille d'Hormizdaghan|it:battaglia di Hormozdgan"
<http://www.wikidata.org/entity/Q2888022>	"eu:Orthezeko gudua|nl:Battle of Orthez 1569|ga:Cath Orthez|es:batalla de Orthez (1569)|fr:bataille d'Orthez|it:battaglia di Orthez"
<http://www.wikidata.org/entity/Q2888065>	"hu:uticai csata|ca:batalla d'Útica|ga:Cath Utica|es:Batalla de Útica|pt:Batalha de Útica|fr:bataille d'Utique"
<http://www.wikidata.org/entity/Q2888088>	"es:batalla del Bagradas|fr:bataille de Bagradas|it:Battaglia di Bagradas (240 a.C.)|pl:Bitwa u ujścia Bagradasu"
<http://www.wikidata.org/entity/Q2888093>	"ca:batalla de Bairén|de:Schlacht von Bairén|nl:Slag bij Bairén|ga:Cath Bairén|es:batalla de Bairén|fr:bataille de Bairén|pl:Bitwa pod Bairen"
<http://www.wikidata.org/entity/Q2888101>	"ca:Batalle de Ballon|ga:Cath Ballon|es:Batalla de Ballon|fr:bataille de Ballon|it:Battaglia di Ballon|pl:Bitwa pod Ballon"
<http://www.wikidata.org/entity/Q2888138>	"ga:Cath Besançon|es:Batalla de Besançon|pt:Batalha de Besançon|fr:bataille de Besançon"
<http://www.wikidata.org/entity/Q2888154>	"ga:Cath Blain|es:Batalla de Blain|fr:bataille de Blain"
<http://www.wikidata.org/entity/Q2888155>	"ga:Cath Bitola|es:Batalla de Bitola (1015)|pt:Batalha de Bitola|fr:bataille de Bitola|it:Battaglia di Bitola"
<http://www.wikidata.org/entity/Q2888157>	"es:batalla de Blaye|fr:bataille de Blaye"
<http://www.wikidata.org/entity/Q2888174>	"da:Slaget ved Boksum|nl:Slag bij Boksum|ga:Cath Boksum|es:Batalla de Boksum|fr:bataille de Boksum|it:Battaglia di Boksum"
<http://www.wikidata.org/entity/Q2888197>	"es:Batalla de Bramham Moor|fr:bataille de Bramham Moor"
<http://www.wikidata.org/entity/Q2888222>	"sv:Slaget vid Burbiafloden|ca:batalla de Burbia|nl:Slag aan de Burbia|gl:Batalla do río Burbia|es:Batalla del río Burbia|pt:Batalha de Burbia|fr:bataille de Burbia"
<http://www.wikidata.org/entity/Q2888239>	"ga:Cath Canturino|es:Batalla de Canturino|fr:bataille de Canturino|it:Battaglia di Canturino"
<http://www.wikidata.org/entity/Q2888241>	"cs:bitva u Campaldina|ca:batalla de Campaldino|nl:Battle of Campaldino|ga:Cath Campaldino|es:Batalla de Campaldino|fr:bataille de Campaldino|it:battaglia di Campaldino"
<http://www.wikidata.org/entity/Q2888296>	"da:Slaget ved Ceuta|cs:Dobytí Ceuty|hu:ceutai csata|ca:conquesta de Ceuta|nl:Battle of Ceuta|gl:conquista de Ceuta|sl:zavzetje Ceute|es:batalla de Ceuta (1415)|pt:Conquista de Ceuta|fr:prise de Ceuta|it:conquista di Ceuta|fi:Ceutan taistelu|pl:Bitwa o Ceutę"
<http://www.wikidata.org/entity/Q2888317>	"ga:Cath Clitheroe|es:Batalla de Clitheroe|fr:bataille de Clitheroe|it:Battaglia di Clitheroe"
<http://www.wikidata.org/entity/Q2888347>	"ca:batalla de Consuegra|nl:Battle of Consuegra|ga:Cath Consuegra|es:batalla de Consuegra|fr:bataille de Consuegra"
<http://www.wikidata.org/entity/Q2888359>	"et:Craoni lahing|ga:Cath Craon|es:batalla de Craon|pt:Batalha de Craon|fr:bataille de Craon"
<http://www.wikidata.org/entity/Q2888408>	"de:Schlacht von Dhi Qar|nl:Battle of Dhi Qar|sl:Bitka pri Di Karju|es:batalla de Di Car|pt:Batalha de Di Car|fr:bataille de Dhi Qar|it:battaglia di Dhu Qar"
<http://www.wikidata.org/entity/Q2888412>	"ga:Cath Digomi|es:batalla de Digomi|fr:bataille de Dighomi"
<http://www.wikidata.org/entity/Q2888470>	"ca:batalla de Demètries|nl:Slag van Demetrias|es:batalla de Demetrias|pt:Batalha de Demétrias|fr:bataille de Démétrias"
<http://www.wikidata.org/entity/Q2888472>	"cs:Bitva u Déols|ca:batalla de Déols|ga:Cath Déols|es:batalla de Déols|fr:bataille de Déols|it:battaglia di Déols"
<http://www.wikidata.org/entity/Q2888767>	"fr:bataille de Happrew|it:Azione a Happrew"
<http://www.wikidata.org/entity/Q2888805>	"is:Haugsnesbardagi|sv:Slaget vid Haugsnes|ga:Cath Haugsnes|es:Batalla de Haugsnes|fr:bataille de Haugsnes|it:Battaglia di Haugsnes"
<http://www.wikidata.org/entity/Q2888864>	"ca:Batalla de Jengland|ga:Cath Jengland|es:Batalla de Jengland|fr:bataille de Jengland|it:battaglia di Jengland"
<http://www.wikidata.org/entity/Q2888869>	"nl:Battle of Jerez|ga:Cath Jerez|es:batalla de Jerez|fr:bataille de Jerez|it:battaglia di Jerez"
<http://www.wikidata.org/entity/Q2888888>	"hu:kalabrüéi csata|ca:batalla de Calaura|ga:Cath Kalavrye|es:Batalla de Calaure|pt:Batalha de Calávrita|fr:bataille de Kalavrya|it:battaglia di Kalavrye"
<http://www.wikidata.org/entity/Q2889149>	"cs:bitva u Llucmajoru|ca:batalla de Llucmajor|ga:Cath Llucmajor|es:Batalla de Lluchmayor|fr:bataille de Llucmajor"
<http://www.wikidata.org/entity/Q2889171>	"cs:Bitva u Lutetie|ga:Cath Lutetia|es:Batalla de Lutecia (383)|fr:bataille de Lutèce"
<http://www.wikidata.org/entity/Q2889207>	"ro:Bătălia de la Makryplagi|ca:batalla de Macriplagi|ga:Cath Makryplagi|es:batalla de Macriplagi|pt:Batalha de Macriplagi|fr:bataille de Makryplagi|it:Battaglia di Makryplagi"
<http://www.wikidata.org/entity/Q2889222>	"ca:combat de Malta|nl:Battle of Malta|es:batalla naval de Malta|pt:Batalha de Malta (1283)|fr:bataille de Malte|it:battaglia navale di Malta|pl:Bitwa morska koło Malty"
<http://www.wikidata.org/entity/Q2889228>	"ca:batalla de Màraix|ga:Cath Marash|es:Batalla de Marash|pt:Batalha de Marache|fr:bataille de Marach|it:Battaglia di Marash"
<http://www.wikidata.org/entity/Q2889262>	"ca:batalla de Marino|nl:Bataille de Marino|ga:Cath Marino|fr:bataille de Marino|it:battaglia di Marino"
<http://www.wikidata.org/entity/Q2889320>	"ca:batalla de Messac|ga:Cath Messac|es:Batalla de Messac|fr:bataille de Messac"
<http://www.wikidata.org/entity/Q2889370>	"ca:batalla de Montjuèi|nl:Bataille de Montgey|ga:Cath Montjuèi|fr:bataille de Montgey|it:Battaglia di Montgey"
<http://www.wikidata.org/entity/Q2889375>	"ro:Bătălia de la Montfaucon|ga:Cath Montfaucon|es:Batalla de Montfaucon en Argonne|fr:bataille de Montfaucon en Argonne|pl:Bitwa pod Montfaucon"
<http://www.wikidata.org/entity/Q2889394>	"ga:Cath Montépilloy|es:Batalla de Montépilloy|nb:slaget ved Montépilloy|fr:bataille de Montépilloy"
<http://www.wikidata.org/entity/Q2889436>	"nl:Battle of Melos|ga:Cath Melos|es:Batalla de Melos|fr:siège de Mélos|it:battaglia di Milo"
<http://www.wikidata.org/entity/Q2889520>	"ca:batalla de Nicòpolis|de:Schlacht von Nikopolis (48 v. Chr.)|ga:Cath Niocapoil|es:batalla de Nicópolis|pt:Batalha de Nicópolis|fr:bataille de Nicopolis|it:battaglia di Nicopoli"
<http://www.wikidata.org/entity/Q2889540>	"ca:batalla de Noáin|eu:Noaingo gudua|nl:Battle of Noáin|ga:Cath Noáin|es:batalla de Noáin|pt:Batalha de Esquiroz|fr:bataille de Noain|it:battaglia di Noáin"
<http://www.wikidata.org/entity/Q2889573>	"ca:Batalla de Padura|eu:Padurako gudua|nl:Bataille de Padura|ga:Cath Padura|es:Batalla de Padura|fr:bataille de Padura"
<http://www.wikidata.org/entity/Q2889598>	"gl:Batalla de Pedroso|ga:Cath Pedroso|es:batalla de Pedroso|pt:Batalha de Pedroso|fr:bataille de Pedroso"
<http://www.wikidata.org/entity/Q2889660>	"ro:Bătălia de la Pontvallain|nl:Slag bij Pontvallain|ga:Cath Pontvallain|es:Batalla de Pontvallain|fr:bataille de Pontvallain"
<http://www.wikidata.org/entity/Q2889681>	"cs:Bitva u Sapienzy|ca:batalla naval de Zonklon|es:Batalla de Sapienza|fr:bataille de Porto-Longo|it:battaglia di Sapienza|pl:Bitwa morska pod Porto Longo"
<http://www.wikidata.org/entity/Q2889689>	"nl:Bataille de Portomaggiore|ga:Cath Portomaggiore|es:Batalla de Portomaggiore|fr:bataille de Portomaggiore|it:battaglia di Portomaggiore"
<http://www.wikidata.org/entity/Q2889701>	"ro:Bătălia de la Prinitza|ca:batalla de Prinitza|ga:Cath Prinitza|es:batalla de Prinitza|pt:Batalha de Prinitza|fr:bataille de Prinitza|it:Battaglia di Prinitza"
<http://www.wikidata.org/entity/Q2889727>	"ca:batalla de Raban|ga:Cath Raban|es:batalla de Raban|pt:Batalha de Raban|fr:bataille de Raban|it:Battaglia di Raban"
<http://www.wikidata.org/entity/Q2889732>	"es:Batalla de Radcot Bridge|fr:bataille de Radcot Bridge"
<http://www.wikidata.org/entity/Q2889856>	"cy:Brwydr Saint-Aubin-du-Cormier (1488)|de:Schlacht bei Saint-Aubin-du-Cormier|nl:Slag bij Saint-Aubin-du-Cormier|ga:Cath Saint-Aubin-du-Cormier|es:Batalla de Saint-Aubin-du-Cormier|nb:Slaget ved Saint-Aubin-du-Cormier|fr:bataille de Saint-Aubin-du-Cormier"
<http://www.wikidata.org/entity/Q2889892>	"de:Seeschlacht vor Saltés|es:batalla de la isla Saltés|pt:Batalha da ilha de Saltes|fr:bataille de Saltes"
<http://www.wikidata.org/entity/Q2889924>	"de:Schlacht von San Romano|nl:Battle of San Romano|es:Batalla de San Romano|fr:bataille de San Romano|it:battaglia di San Romano|pl:Bitwa przy zamku San Romano"
<http://www.wikidata.org/entity/Q2889962>	"ca:batalla de Settepozzi|ga:Cath Settepozzi|es:Batalla de Settepozzi|pt:Batalha de Settepozzi|fr:bataille de Settepozzi|it:Battaglia di Settepozzi|pl:Bitwa morska pod Nauplion"
<http://www.wikidata.org/entity/Q2890025>	"de:Schlacht von Solway Moss|nl:Battle of Solway Moss|es:Batalla de Solway Moss|fr:bataille de Solway Moss|it:battaglia di Solway Moss"
<http://www.wikidata.org/entity/Q2890062>	"ca:batalla de Steps|nl:Slag van Steps|ga:Cath Steppes|es:batalla de Steppes|fr:bataille de Steps|it:battaglia di Steppes"
<http://www.wikidata.org/entity/Q2890102>	"ca:batalla de Suthul|ga:Cath Suthul|es:Batalla de Suthul|pt:Batalha de Sutul|fr:bataille de Suthul|it:Battaglia di Suthul|pl:Bitwa pod Suthul"
<http://www.wikidata.org/entity/Q2890177>	"ga:Cath Theasaloinicé|es:Batalla de Salónica|pt:Batalha de Tessalônica (996)|fr:bataille de Thessalonique|it:Battaglia di Tessalonica (995)"
<http://www.wikidata.org/entity/Q2890214>	"ca:batalla de Tifèrnum|ga:Cath Tifernum|es:Batalla de Tiferno|pt:Batalha de Tiferno|fr:bataille de Tifernum|it:Battaglia di Tiferno"
<http://www.wikidata.org/entity/Q2890236>	"ca:batalla de Torà|nl:Slag bij Torá|ga:Cath Torà|es:Batalla de Torà|fr:bataille de Torà"
<http://www.wikidata.org/entity/Q2890242>	"ca:batalla de Trans|ga:Cath Trans-la-Forêt|es:Batalla de Trans-la-Forêt|fr:bataille de Trans"
<http://www.wikidata.org/entity/Q2890289>	"ga:Cath Varey|es:Batalla de Varey|fr:bataille de Varey"
<http://www.wikidata.org/entity/Q2890297>	"ca:Batalla de Valtierra|eu:Valtierrako gudua|nl:Bataille de Valtierra|gl:Batalla de Valtierra|ga:Cath Valtierra|es:Batalla de Valtierra|fr:bataille de Valtierra"
<http://www.wikidata.org/entity/Q2890308>	"sl:bitka v Verniksu|ga:Cath Vernix|es:Batalla de Vernix|pt:Batalha de Vernix|fr:bataille de Vernix"
<http://www.wikidata.org/entity/Q2890310>	"ga:Cath Vescovato|es:batalla de Vescovato|fr:bataille de Vescovato"
<http://www.wikidata.org/entity/Q2890331>	"sk:Bitka pri Vimory|ca:Batalla de Vimory|de:Schlacht bei Vimory|ga:Cath Vimory|es:Batalla de Vimory|fr:bataille de Vimory"
<http://www.wikidata.org/entity/Q2890338>	"cs:bitva u Villalaru|sv:Slaget vid Villalar|ca:batalla de Villalar|eu:Villalarko gudua|nl:Battle of Villalar|gl:Batalla de Villalar|la:Proelium ad Villalare|ga:Cath Villalar|es:batalla de Villalar|fr:bataille de Villalar|pl:bitwa pod Villalar"
<http://www.wikidata.org/entity/Q2890458>	"cs:Bitva u Zutphenu|cy:Brwydr Zutphen|nl:Slag bij Warnsveld|ga:Cath Zutphen|es:Batalla de Zutphen (1586)|pt:Batalha de Zutphen|fr:bataille de Zutphen|it:battaglia di Zutphen|pl:Bitwa pod Zutphen"
<http://www.wikidata.org/entity/Q2890678>	"ca:batalla naval de les Formigues|nl:Battle of Les Formigues|es:batalla de Formigues|fr:bataille des Formigues|it:battaglia di Les Formigues"
<http://www.wikidata.org/entity/Q2890722>	"ca:batalla de les Equínades|es:Batalla de las Equínadas (1427)|pt:Batalha das Equinadas|fr:bataille des îles Échinades"
<http://www.wikidata.org/entity/Q2890809>	"eu:Frigilianako Haitzako gudua|nl:Slag bij de Rots van Frigiliana|es:batalla del Peñón de Frigiliana|fr:bataille du Rocher de Frigiliana"
<http://www.wikidata.org/entity/Q2890815>	"ca:batalla del Puig de Santa Maria|es:batalla del Puig|pt:Batalha de El Puig de Santa Maria|fr:bataille du Puig de Cebolla"
<http://www.wikidata.org/entity/Q2890816>	"ca:batalla de Muthul|es:Batalla de Mutul|pt:Batalha do Mutul|fr:bataille du Muthul|it:Battaglia del Muthul|pl:Bitwa nad rzeką Muthul"
<http://www.wikidata.org/entity/Q2890887>	"ca:batalla del coll de Panissars|es:batalla del collado de las Panizas|fr:bataille du col de Panissars"
<http://www.wikidata.org/entity/Q2890906>	"ca:Batalla del llac Huleh|nl:Battle of Lake Huleh|es:Batalla de Lake Huleh|fr:bataille du gué de Jacob|it:battaglia del lago di Hula"
<http://www.wikidata.org/entity/Q2890945>	"da:Slaget ved Axtorna|sv:Slaget vid Axtorna|ga:Cath Axtorna|es:Batalla de Axtorna|nb:Slaget ved Axtorna|fr:bataille d’Axtorna|fi:Axtornan taistelu"
<http://www.wikidata.org/entity/Q289492>	"sv:Slaget vid Zab|hu:Nagy-Záb menti csata|ca:batalla del Gran Zab|de:Schlacht am Zab|nl:Slag bij de Zab|es:batalla del Gran Zab|nb:Slaget ved Zab|pt:Batalha de Zab|fr:bataille du Grand Zab|it:battaglia del Grande Zab|pl:Bitwa nad Wielkim Zabem"
<http://www.wikidata.org/entity/Q29056780>	"ca:batalla del Tàmesi|es:Batalla del Támesis|pt:Batalha do Tâmisa"
<http://www.wikidata.org/entity/Q2916261>	"ca:batalla de Garní|ga:Cath Garni|es:batalla de Garní|fr:bataille de Garni|pl:Bitwa pod Garnhi"
<http://www.wikidata.org/entity/Q2920325>	"es:batalla de Uadi Haramia|fr:bataille de Wadi Haramia"
<http://www.wikidata.org/entity/Q2920414>	"de:Schlacht von Basian|nl:Battle of Basian|sl:Bitka pri Basianu|ga:Cath Basian|es:batalla de Basiani|fr:bataille de Basian"
<http://www.wikidata.org/entity/Q2923372>	"de:Schlacht am Süntel|nl:Slag bij de Süntel|ga:Cath Süntel|es:batalla de Süntel|fr:bataille de Süntel|pl:Bitwa pod Süntelgebirge"
<http://www.wikidata.org/entity/Q2949566>	"ca:batalla de Dayr al-Jamàjim|nl:Battle of Dayr al-Jamajim|es:Batalla de Dayr al-Jamajim|fr:bataille de Dayr al-Jamajim|it:battaglia di Dayr al-Jamajim"
<http://www.wikidata.org/entity/Q29513472>	"ca:Batalla de Lauro|eu:Lauroko gudua|ga:Cath Lauro|es:batalla de Lauro|pt:Batalha de Lauro"
<http://www.wikidata.org/entity/Q2979703>	"ca:batalla del Po|nl:Po Valley raid|sl:Bitka v Insubriji|es:Batalla del Po|pt:Raide no vale do Pó|fr:bataille d’Insubrie|it:spedizione di Magone"
<http://www.wikidata.org/entity/Q2984753>	"ca:Batalla de Cavillono|gl:Batalla de Cavillono|sl:bitka pri Cavillonumu|ga:Cath Cavillonum|es:Batalla de Cavillono|pt:Batalha de Cavilono|fr:bataille de Cavillonum"
<http://www.wikidata.org/entity/Q2984951>	"de:Combat des Sept|fr:combat des Sept"
<http://www.wikidata.org/entity/Q3031201>	"is:Flóabardagi|es:Flóabardagi|fr:Flóabardagi"
<http://www.wikidata.org/entity/Q30600045>	"da:Slaget ved Gallipoli 1416|cs:Bitva u Gallipoli|de:Seeschlacht bei Gallipoli|es:batalla de Galípoli|pt:Batalha de Gallipoli (1416)|fr:bataille de Gallipoli|it:Battaglia di Gallipoli (1416)|pl:Bitwa morska przy Gallipoli"
<http://www.wikidata.org/entity/Q3066445>	"ca:setge d'Algesires|eu:Algecirasko setioa|gl:asedio de Alxeciras|sl:obleganje Algecirasa (1342–1344)|ga:Léigear Algeciras|es:sitio de Algeciras (1342-1344)|pt:Cerco de Algeciras (1342–44)|fr:siège d'Algésiras"
<http://www.wikidata.org/entity/Q30693443>	"ca:batalla de Larisa|ga:Cath Larissa|es:Batalla de Larissa"
<http://www.wikidata.org/entity/Q3079892>	"nl:Invasie van Banu Qaynuqa|fr:invasion de Banu Qaynuqa|it:Invasione di Banu Qaynuqa"
<http://www.wikidata.org/entity/Q3099190>	"ca:batalla de l'Illa Terceira|nl:Slag bij Punta Delgada|sl:bitka pri Ponta Delgadi|es:batalla de la isla Terceira|nb:slaget ved Ponta Delgada|pt:Batalha Naval de Vila Franca|fr:bataille des Açores|it:battaglia di Ponta Delgada|pl:Bitwa morska koło wyspy Terceira"
<http://www.wikidata.org/entity/Q3108206>	"de:Schlacht von Flushing|nl:Opstand van Vlissingen|es:Toma de Flesinga|fr:prise de Flessingue"
<http://www.wikidata.org/entity/Q312268>	"ro:Primul Asediu al Constantinopolului|sk:Obliehanie Konštantínopola (626)|cs:Obléhání Konstantinopole|hu:Konstantinápoly ostroma|ca:setge de Constantinoble|de:Belagerung von Konstantinopel|nl:Siege of Constantinople|sl:obleganje Konstantinopla|ga:Léigear Chathair Chonstaintín (626)|es:sitio de Constantinopla (626)|pt:Cerco de Constantinopla (626)|fr:siège de Constantinople|it:assedio di Costantinopoli|pl:Oblężenie Konstantynopola (626)"
<http://www.wikidata.org/entity/Q316604>	"ca:Batalla de Welfesholz|de:Schlacht am Welfesholz|nl:Battle of Welfesholz|ga:Cath Welfesholz|es:Batalla de Welfesholz|fr:bataille de Welfesholz|it:battaglia di Welfesholz|pl:Bitwa pod Welfesholz"
<http://www.wikidata.org/entity/Q316877>	"cs:Bitva u Nancy|sv:Slaget vid Nancy|hu:nancyi csata (1477)|ca:batalla de Nancy|de:Schlacht bei Nancy|nl:Slag bij Nancy|gl:Schlacht bei Nancy|et:Nancy lahing|ga:Cath Nancy|es:Batalla de Nancy|pt:Schlacht bei Nancy|fr:bataille de Nancy|it:battaglia di Nancy|pl:Bitwa pod Nancy"
<http://www.wikidata.org/entity/Q3174545>	"cs:Bitva u Pamplony|ca:Batalla de La Motta|eu:Iruñeko gudua|gl:Batalla de Pamplona|ga:Cath Pamplona|es:batalla de Pamplona|pt:Batalha de Pamplona|fr:siège de Pampelune|it:battaglia di Pamplona|fi:Pamplonan taistelu"
<http://www.wikidata.org/entity/Q31840519>	"cs:Střetnutí u Vysoké nad Labem|de:Gefecht bei Wysoka"
<http://www.wikidata.org/entity/Q31900>	"is:Orrustan við Maraþon|da:Slaget ved Marathon|ro:Bătălia de Maraton|sk:Bitka pri Maratóne|cs:Bitva u Marathónu|sv:Slaget vid Marathon|hu:marathóni csata|cy:Brwydr Marathon|ca:batalla de Marató|lt:Maratono mūšis|eu:Maratongo Gudua|de:Schlacht bei Marathon|nl:Slag bij Marathon|hr:Bitka kod Maratona|gl:Batalla de Maratón|et:Maratoni lahing|la:Marathonia Pugna|sl:bitka na Maratonskem polju|ga:Cath Mharatóin|es:batalla de Maratón|nb:Slaget ved Marathon|pt:Batalha de Maratona|fr:bataille de Marathon|lv:Maratonas kauja|it:battaglia di Maratona|fi:Marathonin taistelu|pl:bitwa pod Maratonem"
<http://www.wikidata.org/entity/Q319124>	"da:Slaget ved Ipsos|sk:Bitka pri Ipse|cs:bitva u Ipsu|sv:Slaget vid Ipsos|hu:ipszoszi csata|ca:batalla d'Ipsos|de:Schlacht bei Ipsos|nl:Slag bij Ipsos|hr:Bitka kod Ipsa|sl:bitka pri Ipsusu|ga:Cath Ipsus|es:Batalla de Ipsos|pt:Batalha de Ipso|fr:bataille d'Ipsos|it:battaglia di Ipso|fi:Ipsoksen taistelu|pl:Bitwa pod Ipsos"
<http://www.wikidata.org/entity/Q3195891>	"da:Slaget ved Alnwick|ga:Cath Alnwick|es:Batalla de Alnwick|fr:bataille d'Alnwick|it:Battaglia di Alnwick (1093)"
<http://www.wikidata.org/entity/Q319592>	"hu:plantai csata|de:Schlacht auf der Planta|nl:Slag op de Planta|es:Batalla de La Planta|fr:bataille de la Planta|pl:Bitwa pod Sion"
<http://www.wikidata.org/entity/Q319637>	"hu:bruderholzi csata|de:Gefecht am Bruderholz|ga:Cath Bruderholz|es:Batalla de Bruderholz|fr:bataille de Bruderholz"
<http://www.wikidata.org/entity/Q319893>	"da:Slaget ved Stellau|de:Schlacht bei Stellau|nl:Slag bij Stellau|ga:Cath Stellau|es:Batalla de Stellau|nb:Slaget ved Stellau|fr:bataille de Stellau|pl:Bitwa pod Stellau"
<http://www.wikidata.org/entity/Q3233509>	"hu:aóoszi csata|de:Schlacht am Aoos (198 v. Chr.)|es:Batalla del Aoo (198 a. C.)|pt:Batalha do Aoo|fr:bataille de l'Aous|pl:Bitwa nad rzeką Aoos"
<http://www.wikidata.org/entity/Q3235767>	"sk:Bitka pri Kose|ca:batalla de Cos|eu:Koseko gudua|nl:Battle of Cos|es:batalla de Cos|fr:bataille de Cos|it:battaglia di Cos"
<http://www.wikidata.org/entity/Q3242126>	"ca:batalla de l'Eurimedont|de:Schlacht am Eurymedon|nl:Slag bij de Eurymedon (190 v.Chr.)|es:batalla del Eurimedonte|pt:Batalha do Eurimedonte|fr:bataille de l'Eurymédon|it:battaglia dell'Eurimedonte|fi:Eurymedonin taistelu|pl:Bitwa morska pod Side"
<http://www.wikidata.org/entity/Q325985>	"da:Belejringen af Akko|ro:Asediul Acrei|cs:Pád Akkonu (1291)|ca:setge d'Acre|eu:Akreko setioa|de:Belagerung von Akkon|nl:Beleg van Akko|gl:Cerco de Acre de 1291|sl:obleganje Ake (1291)|ga:Léigear Acre|es:caída de Acre (1291)|nb:Beleiringen av Akko|pt:Cerco do Acre (1291)|fr:siège de Saint-Jean-d'Acre|it:assedio di San Giovanni d'Acri|pl:Zdobycie Akki przez mameluków"
<http://www.wikidata.org/entity/Q3267709>	"da:Slaget på Grathe Hede|sv:Slaget på Grate hed|de:Schlacht auf der Grathe Hede|es:batalla de Grathe Hede|nb:Slaget på Grathe Hede|pt:Batalha de Grathe Hede|fr:bataille de Grathe Heath|pl:Grathe Hede"
<http://www.wikidata.org/entity/Q3268397>	"ca:batalla de Ténedos|nl:Slag bij Tenedos|es:Batalla de Ténedos|pt:Batalha de Tênedos|fr:bataille de Ténédos|it:battaglia di Tenedo"
<http://www.wikidata.org/entity/Q326989>	"cs:Bitva u Morgartenu|sv:Slaget vid Morgarten|hu:morgarteni csata|de:Schlacht am Morgarten|nl:Slag bij Morgarten|la:Pugna Morgartensis|sl:Bitka pri Morgartenu|ga:Cath Mhorgarten|es:batalla de Morgarten|pt:batalha de Morgarten|fr:bataille de Morgarten|it:battaglia di Morgarten|fi:Morgartenin taistelu|pl:Bitwa pod Morgarten"
<http://www.wikidata.org/entity/Q3277009>	"sk:Bitka pri Trnave (1430)|cs:Bitva u Trnavy|ga:Cath Trnava|es:Batalla de Trnava|pl:Bitwa pod Trnawą (1430)"
<http://www.wikidata.org/entity/Q32832>	"da:Slaget ved Varna|ro:Bătălia de la Varna|sk:Bitka pri Varne|cs:Bitva u Varny|sv:Slaget vid Varna|hu:várnai csata|ca:batalla de Varna|de:Schlacht bei Warna|nl:Slag bij Varna|et:Varna lahing|sl:Bitka pri Varni|ga:Cath Varna|es:Batalla de Varna|pt:Batalha de Varna|fr:bataille de Varna|lv:Varnas kauja|it:battaglia di Varna|pl:Bitwa pod Warną"
<http://www.wikidata.org/entity/Q3298782>	"nl:Slag bij Oronichea|ga:Cath Oranik|es:Batalla de Oranik|pl:Bitwa pod Oranik"
<http://www.wikidata.org/entity/Q330>	"sv:Slaget vid Marignano|hu:marignanói csata|ca:batalla de Marignano|eu:Marignanoko gudua|de:Schlacht bei Marignano|nl:Slag van Marignano|hr:Bitka kod Marignana|la:Pugna Marignana|ga:Cath Marignano|es:batalla de Marignano|nb:slaget ved Marignano|pt:Batalha de Marignano|fr:bataille de Marignan|it:battaglia di Marignano|fi:Marignanon taistelu|pl:Bitwa pod Marignano"
<http://www.wikidata.org/entity/Q3301210>	"ga:Cath Oranik|es:batalla de Oranik (1448)|fr:bataille d'Oranik"
<http://www.wikidata.org/entity/Q3302805>	"ca:batalla d'Aqbat al-Bakr|nl:Slag bij Aqbat al-Bakr|es:batalla de Aqbat al-Bakr|pt:Batalha de Aqbat al-Bakr|fr:bataille d'Aqbat al-Bakr"
<http://www.wikidata.org/entity/Q3303638>	"ga:Cath Krücken|es:Batalla de Krücken|fr:bataille de Krücken|it:Battaglia di Krücken|pl:Bitwa pod Krukami"
<http://www.wikidata.org/entity/Q33039195>	"cy:Brwydr Twthil (1461)|ca:batalla de Twthil|es:batalla de Tuthill (1461)|fr:bataille de Tuthill"
<http://www.wikidata.org/entity/Q3310201>	"ca:batalla de Coracesium|es:batalla de Coracesio|pt:Batalha de Coracesium|fr:bataille de Coraesium|pl:Bitwa morska pod Korakesion"
<http://www.wikidata.org/entity/Q3338499>	"hu:ohridi csata|nl:Slag om Ohrid|ga:Cath Ohrid|es:Batalla de Ohrid|fr:bataille d'Ohrid|pl:Bitwa pod Ochrydą"
<http://www.wikidata.org/entity/Q335330>	"is:Orrustan við Filippí|ro:Bătălia de la Filippi|cs:Bitva u Filipp|sv:Slaget vid Filippi|hu:philippi csata|cy:Brwydr Philippi|ca:Batalla de Filipos|de:Schlacht bei Philippi|nl:Slag bij Philippi|hr:Bitka kod Filipa|gl:Batalla de Filipos|la:Proelium iuxta Philippos commissum|sl:bitka pri Filipih|ga:Cath Philippi|es:Batalla de Filipos|nb:Slaget ved Filippi|pt:Batalha de Filipos|fr:bataille de Philippes|it:battaglia di Filippi|pl:Bitwa pod Filippi"
<http://www.wikidata.org/entity/Q3353382>	"da:Slaget ved Fodevig|cs:Bitva u Foteviku|sv:Slaget vid Foteviken|ca:Batalla de Fotevik|de:Schlacht bei Fodevig|ga:Cath Fotevik|es:batalla de Fotevik|nb:Slaget ved Fodevig|fr:bataille de Fotevik"
<http://www.wikidata.org/entity/Q3353388>	"da:Slaget ved Niså|sv:Slaget vid Nissan|de:Seeschlacht bei der Mündung des Flusses Nissan|ga:Cath Niså|es:Batalla de Niså|nb:Slaget ved Niså|pt:Batalha de Niså|fr:bataille de la Nissa|it:Battaglia di Niså"
<http://www.wikidata.org/entity/Q33570>	"da:Slaget ved Tannenberg|ro:Bătălia de la Grunwald|sk:Bitka pri Grunwalde|cs:bitva u Grunwaldu|sv:Slaget vid Tannenberg|hu:grünwaldi csata|ca:batalla de Grunwald|lt:Žalgirio mūšis|eu:Grunwaldeko gudua|de:Schlacht bei Tannenberg|nl:Slag bij Tannenberg|hr:Bitka kod Tannenberga|mul:Battle of Grunwald|et:Grünwaldi lahing|la:Proelium apud Grunwald|sl:bitka pri Grunvaldu|ga:Cath Grunwald|es:batalla de Grunwald|nb:Slaget ved Tannenberg|pt:Batalha de Grunwald|fr:bataille de Grunwald|lv:Grunvaldes kauja|it:battaglia di Grunwald|fi:Tannenbergin taistelu|pl:bitwa pod Grunwaldem"
<http://www.wikidata.org/entity/Q335871>	"de:Schlacht von Bathys Ryax|nl:Battle of Bathys Ryax|es:Batalla de Bathys Ryax|pt:Batalha do Córrego Profundo|fr:bataille de Bathys Ryax|it:battaglia di Bathys Ryax"
<http://www.wikidata.org/entity/Q339321>	"da:Slaget ved Den Milviske Bro|ro:Bătălia de la Podul Milvius|sk:Bitka pri Mulvijskom moste|cs:bitva u Milvijského mostu|sv:Slaget vid Pons Mulvius|hu:Milvius-hidi csata|ca:Batalla del Ponte Milvio|eu:Milvio Zubiko gudua|de:Schlacht an der Milvischen Brücke|nl:Slag bij de Milvische brug|hr:Bitka kod Milvijskog mosta|gl:Batalla da Ponte Milvio|et:Mulviuse silla lahing|la:Proelium pontis Milvii|sl:bitka pri Milvijskem mostu|es:Batalla del Puente Milvio|nb:Slaget ved Ponte Milvio|pt:Batalha da Ponte Mílvia|fr:bataille du pont Milvius|it:battaglia di Ponte Milvio|fi:Mulviuksen sillan taistelu|pl:Bitwa przy moście Mulwijskim"
<http://www.wikidata.org/entity/Q3395349>	"ro:Bătălia de la Tripolje|ga:Cath Tripolje|es:Batalla de Tripolje"
<http://www.wikidata.org/entity/Q3401002>	"cy:Brwydr Coed Llathen|ca:batalla de Cadfan|de:Schlacht von Cymerau|ga:Cath Coed Llathen|es:Batalla de Cadfan|fr:bataille de Cadfan"
<http://www.wikidata.org/entity/Q3403266>	"cy:Catraeth|nl:Battle of Catraeth|ga:Cath Catraeth|es:Batalla de Catraeth|fr:bataille de Catraeth|it:battaglia di Catraeth"
<http://www.wikidata.org/entity/Q3403450>	"cy:Brwydr Mechain|ca:batalla de Mechain|ga:Cath Mechain|es:Batalla de Mechain"
<http://www.wikidata.org/entity/Q3406467>	"cy:Brwydr Pwll Melyn|de:Schlacht von Pwll Melyn|ga:Cath Pwll Melyn|es:batalla de Pwll Melyn|fr:bataille de Pwll Melyn"
<http://www.wikidata.org/entity/Q3406664>	"cy:Brwydr Maes Maidog|ca:batalla de Maes Maidog|de:Schlacht von Maes Madog|nl:Battle of Maes Moydog|es:Batalla de Maes Moydog|fr:bataille de Maes Moydog|it:battaglia di Maes Moydog"
<http://www.wikidata.org/entity/Q3434300>	"hr:Bitka kod Opisa|ga:Cath Opis|es:Batalla de Opis|it:Battaglia di Opis|pl:Bitwa pod Opis"
<http://www.wikidata.org/entity/Q3435342>	"da:Søslaget mellem Rygen og Bornholm|sv:Sjöslaget vid Bornholm|de:Seeschlacht vom 7. Juli 1565|nb:Det andre slaget ved Bornholm|pl:Bitwa pod Bornholmem (1565)"
<http://www.wikidata.org/entity/Q3435834>	"sv:Tredje slaget vid Ölands norra udde|nb:Det tredje slaget ved Öland"
<http://www.wikidata.org/entity/Q3436163>	"sv:Sjöslaget utanför Bukow|nb:Slaget ved Bukow"
<http://www.wikidata.org/entity/Q3436319>	"hr:Bitka kod Drača|ga:Cath Dyrrhachium|es:Batalla de Dirraquio|pt:Batalha de Dirráquio (1018)|fr:bataille de Dyrrachium|it:Battaglia di Dyrrhachium|pl:Bitwa pod Durazzo"
<http://www.wikidata.org/entity/Q34588915>	"ca:batalla de Melàncies|nl:Slag bij Melantias|ga:Cath Melanthius|es:batalla de Melantias|fr:bataille de Mélantias"
<http://www.wikidata.org/entity/Q3485813>	"ga:Léigear Antalya|es:Sitio de Antalya|fr:siège d'Antalya"
<http://www.wikidata.org/entity/Q3485815>	"ca:setge d'Arle|sl:obleganje Arlesa (1240)|es:sitio de Arlés (1240)|fr:siège d'Arles"
<http://www.wikidata.org/entity/Q3485816>	"ca:setge d'Arle|sl:obleganje Arlesa (1368)|ga:Léigear Arles|es:sitio de Arlés (1368)|fr:siège d'Arles"
<http://www.wikidata.org/entity/Q3485817>	"ca:setge d'Arle|sl:obleganje Arlesa (1251)|es:sitio de Arlés (1251)|fr:siège d'Arles"
<http://www.wikidata.org/entity/Q3485819>	"ca:setge d'Arle|sl:obleganje Arlesa (534)|es:sitio de Arlés (534)|fr:siège d'Arles"
<http://www.wikidata.org/entity/Q3485824>	"ca:setge d'Hennebont|ga:Léigear Hennebont|es:Asedio de Hennebont|fr:siège d'Hennebont"
<http://www.wikidata.org/entity/Q3485834>	"ca:setge de Beauvais|fr:siège de Beauvais"
<http://www.wikidata.org/entity/Q3485837>	"ca:setge de Bellcaire|nl:siège de Beaucaire|fr:siège de Beaucaire"
<http://www.wikidata.org/entity/Q3485846>	"cs:obléhání Caen|ga:Léigear Caen (1417)|es:Asedio de Caen|fr:siège de Caen"
<http://www.wikidata.org/entity/Q3485850>	"cs:obléhání Cambrai|ga:Léigear Cambrai (1339)|es:Asedio de Cambrai (1339)|fr:siège de Cambrai"
<http://www.wikidata.org/entity/Q3485852>	"ca:setge de Carcassona|nl:siège de Carcassonne|es:sitio de Carcasona (1209)|fr:siège de Carcassonne|it:Assedio di Carcassonne"
<http://www.wikidata.org/entity/Q3485874>	"ga:Léigear Dieppe|fr:siège de Dieppe"
<http://www.wikidata.org/entity/Q3485888>	"ca:setge de Fougères|ga:Léigear Fougeres|es:Asedio de Fougères|fr:siège de Fougères"
<http://www.wikidata.org/entity/Q3485920>	"ca:setge de Laodicea|nl:siège de Laodicée|sl:obleganje Laodikeje (1119)|ga:Léigear Laodicea|es:Asedio de Laodicée|fr:siège de Laodicée|it:assedio di Laodicea"
<http://www.wikidata.org/entity/Q3485923>	"ca:setge de La Vaur (1211)|nl:siège de Lavaur|fr:siège de Lavaur"
<http://www.wikidata.org/entity/Q3485938>	"ga:Léigear Mantes|es:Asedio de Mantes|fr:siège de Mantes"
<http://www.wikidata.org/entity/Q3485951>	"ca:setge de Marsella de 1524|ga:Léigear Marseille|es:Sitio de Marsella (1524)|pt:Cerco de Marselha (1524)|fr:siège de Marseille|it:Assedio di Marsiglia (1524)"
<http://www.wikidata.org/entity/Q3485953>	"ca:Batalla de Mello|ga:Cath Mello|es:Batalla de Mello|fr:siège de Meaux"
<http://www.wikidata.org/entity/Q3485955>	"ga:Léigear Metz|es:Asedio de Metz|fr:siège de Metz"
<http://www.wikidata.org/entity/Q3485961>	"ga:Léigear Meulan|es:Asedio de Meulan|fr:siège de Meulan"
<http://www.wikidata.org/entity/Q3485969>	"ca:setge de Nantes|ga:Léigear Nantes|fr:siège de Nantes"
<http://www.wikidata.org/entity/Q3485976>	"cs:obléhání Paříže|sl:obleganje Pariza (1370)|ga:Léigear Pháras|fr:siège de Paris"
<http://www.wikidata.org/entity/Q3485978>	"cs:obléhání Paříže|sl:obleganje Pariza (1420)|ga:Léigear Pháras|fr:prise de Paris"
<http://www.wikidata.org/entity/Q3485979>	"cs:obléhání Paříže|de:Belagerung von Paris|nl:Beleg van Parijs (1436)|sl:obleganje Pariza (1435)|ga:Léigear Pháras|es:Asedio de París|fr:siège de Paris"
<http://www.wikidata.org/entity/Q3485982>	"cs:obléhání Paříže|ca:setge de París|nl:siège de Paris|sl:obleganje Pariza (1429)|ga:Léigear Pháras|es:Asedio de Paris|pt:Cerco de Paris|fr:siège de Paris|it:Assedio di Parigi (1429)"
<http://www.wikidata.org/entity/Q3485999>	"ga:Léigear Pouancé (1432)|es:Asedio de Pouancé (1432)|fr:siège de Pouancé"
<http://www.wikidata.org/entity/Q3486012>	"ga:Léigear Rolleboise|fr:siège de Rolleboise"
<http://www.wikidata.org/entity/Q3486015>	"ga:Léigear Saint-Dizier|fr:siège de Saint-Dizier"
<http://www.wikidata.org/entity/Q3486017>	"ro:Asediul cetății Saint-Jean-d'Angély|ga:Léigear Saint-Jean-d'Angély|es:Asedio de Saint-Jean-d'Angély|fr:siège de Saint-Jean-d'Angély"
<http://www.wikidata.org/entity/Q3486053>	"pt:Cerco de Verneuil|fr:siège de Verneuil"
<http://www.wikidata.org/entity/Q3486070>	"ca:setge d'Arle|sl:obleganje Arlesa (566–570)|es:sitios de Arlés (566-570)|fr:sièges d'Arles"
<http://www.wikidata.org/entity/Q3491975>	"cs:bitva u Cremony|ca:batalla de Cremona|nl:Slag bij Cremona|ga:Cath Cremona|es:Batalla de Cremona|pt:Batalha de Cremona|fr:bataille de Crémone|it:Battaglia di Cremona|pl:Bitwa pod Cremoną"
<http://www.wikidata.org/entity/Q3491983>	"ca:batalla d'Arcadiòpolis|ga:Cath Arcadiopolis|es:Batalla de Arcadiópolis|fr:bataille d'Arcadiopolis|pl:Bitwa pod Arkadiopolis"
<http://www.wikidata.org/entity/Q3493159>	"cs:bitva u Kutné Hory|eu:Kutná Horako gudaldia|sl:bitka v Kutni Hori|es:Batalla de Kutná Hora|nb:slaget ved Kutná Hora|fr:bataille de Kutná Hora|pl:Bitwa pod Kutną Horą"
<http://www.wikidata.org/entity/Q349318>	"ca:setge de Belegrada|ga:Léigear Berat|es:Sitio de Berat|pt:Cerco de Berat|fr:siège de Berat"
<http://www.wikidata.org/entity/Q3494883>	"ro:Bătălia de la Sarmisegetusa|nl:Slag bij Sarmizegetusa|la:Obsidio Sarmisegetusae|ga:Cath Sharmisegetusa|es:asedio de Sarmizegetusa (106)|pt:Batalha de Sarmisegetusa|fi:Sarmizegethusan piiritys|pl:Zdobycie Sarmizegetusy"
<http://www.wikidata.org/entity/Q3496783>	"ca:batalla de Betòron|de:Massaker bei Beth Horon|nl:Slag bij Beth Horon|es:batalla de Beth Horón (66)|fr:bataille de Beth Horon|fi:Beth-Horonin taistelu|pl:Bitwa w wąwozie Beth Horon"
<http://www.wikidata.org/entity/Q3498428>	"ca:Batalla del Mont Gindarus|eu:Gindaroseko gudua|de:Schlacht am Mons Gindarus|nl:Battle of Mount Gindarus|es:Batalla de Gindaros|pt:Batalha do Monte Gíndaro|fr:bataille de Mount Gindarus|it:battaglia del Monte Gindaro|pl:Bitwa pod górą Gindaros"
<http://www.wikidata.org/entity/Q3501395>	"cs:mongolský vpád na Moravu roku 1241|ga:Cath Olomouc|es:Batalla de Olomouc|pl:Bitwa pod Ołomuńcem"
<http://www.wikidata.org/entity/Q3502194>	"ca:batalla de Placència|de:Schlacht bei Placentia|ga:Cath Placentia|es:batalla de Mutina|pt:Batalha de Placência|pl:Bitwa pod Mutiną"
<http://www.wikidata.org/entity/Q3503678>	"da:Slaget ved Helsingborg (1362)|sv:Slaget vid Helsingborg|de:Schlacht bei Helsingborg 1362|et:Helsingborgi lahing|es:batalla de Helsingborg|nb:Slaget ved Helsingborg 1362|it:Battaglia di Helsingborg|pl:Bitwa w Sundzie"
<http://www.wikidata.org/entity/Q3511112>	"cs:Bitva u Montferrandu|nl:Battle of Ba'rin|ga:Cath Ba'rin|es:Batalla de Ba'rin|fr:bataille de Ba'rin|it:battaglia di Ba'rin"
<http://www.wikidata.org/entity/Q3544388>	"ca:Batalla de Tamarón|eu:Tamaróngo gudua|nl:Battle of Tamarón|gl:Batalla de Tamarón|sl:bitka na Tamarónu|ga:Cath Tamarón|es:batalla de Tamarón|pt:Batalha de Tamarón|pl:Bitwa pod Tamarón"
<http://www.wikidata.org/entity/Q3544422>	"ga:Cath Serres|es:batalla de Serres|pt:Batalha de Serres|fr:bataille de Serrès|pl:Bitwa pod Seres"
<http://www.wikidata.org/entity/Q354560>	"ca:setge de Ravenna|de:Rabenschlacht|ga:Léigear Ravenna (490-493)|es:sitio de Ravena (490-493)|fr:siège de Ravenne|pl:Oblężenie Rawenny"
<http://www.wikidata.org/entity/Q3621804>	"ro:Bătălia de la Marcellae|cs:Bitva u Markelli|de:Schlacht von Marcellae|ga:Cath Marcellae|es:Batalla de Marcelae|pt:Batalha de Marcela (756)|fr:bataille de Marcellae|it:Battaglia di Marcellae"
<http://www.wikidata.org/entity/Q3622249>	"ca:batalla de Serres|ga:Cath Serres|es:Batalla de Serres|pt:Batalha de Serres|fr:bataille de Serres"
<http://www.wikidata.org/entity/Q3623153>	"ga:Cath Silistra|es:Batalla de Silistra|pt:Batalha de Silistra"
<http://www.wikidata.org/entity/Q3623158>	"ca:batalla de Fèsules|ga:Cath Faesulae|es:Batalla de Fiesole|pt:Batalha de Fésulas|fr:bataille de Fiesole"
<http://www.wikidata.org/entity/Q3623166>	"ga:Cath Theasaloinicé|es:Batalla de Salónica|pt:Batalha de Tessalônica|fr:bataille de Thessalonique"
<http://www.wikidata.org/entity/Q3625055>	"ca:captura de Neapolis|es:toma de Neápolis|pt:Conquista de Neápolis"
<http://www.wikidata.org/entity/Q3636238>	"nl:Battaglia del Gianicolo|es:batalla del Janículo|pt:Batalha do Janículo|it:battaglia del Gianicolo"
<http://www.wikidata.org/entity/Q3636241>	"nl:Battaglia del Monte Tabor|es:batalla del monte Tabor (67)|it:battaglia del monte Tabor"
<http://www.wikidata.org/entity/Q3636244>	"hu:Brander-szorosi csata|de:Schlacht von Brander|nl:Battle of the Pass of Brander|es:Batalla del Paso de Brander|nb:Slaget ved Brander Pass|fr:bataille de la passe de Brander|it:battaglia del Passo di Brander"
<http://www.wikidata.org/entity/Q3636293>	"ca:Litana Silva|es:Batalla de la Selva Litana|pt:Emboscada da Floresta Litana|fr:bataille de Litana Sylva|it:battaglia della Selva Litana"
<http://www.wikidata.org/entity/Q3636302>	"ca:Batalla de les Termòpiles (279 aC)|de:Die Schlacht am Thermopylenpass|nl:Battle of Thermopylae|gl:batalla das Termópilas (279 a. C.)|ga:Cath Thearmápalae|es:batalla de las Termópilas (279 a. C.)|fr:bataille des Thermopyles|it:battaglia delle Termopili"
<http://www.wikidata.org/entity/Q3636313>	"ca:batalla d'Adrianòpolis (718)|nl:battaglia di Adrianopoli|ga:Cath Chathair Aidrian|es:Batalla de Adrianópolis|fr:bataille d'Andrinople|it:battaglia di Adrianopoli"
<http://www.wikidata.org/entity/Q3636315>	"ca:batalla d'Aidu de Turdu|nl:battaglia di Aidu de Turdu|es:batala de Aidu de Turdu|it:battaglia di Aidu de Turdu"
<http://www.wikidata.org/entity/Q3636319>	"nl:Battle of Alexandria|ga:Cath Chathair Alastair|es:batalla de Alejandría (30 a. C.)|pt:Batalha de Alexandria|it:battaglia di Alessandria"
<http://www.wikidata.org/entity/Q3636320>	"nl:battaglia di Altopascio|ga:Cath Altopascio|es:batalla de Altopascio|fr:bataille d'Altopascio|it:battaglia di Altopascio"
<http://www.wikidata.org/entity/Q3636328>	"nl:battaglia di Anzio|ga:Cath Antium|es:batalla de Antium (484 a. C.)|pt:Batalha de Âncio|it:battaglia di Anzio"
<http://www.wikidata.org/entity/Q3636337>	"ca:batalla de Bakhamra|nl:Alid Revolt of 762–763|es:revuelta álida de 762-763|pt:Revolta Alida de 762–763|it:battaglia di Bakhamra"
<http://www.wikidata.org/entity/Q3636352>	"da:Slaget ved Brentford|nl:Battle of Brentford|ga:Cath Brentford|es:Batalla de Brentford|fr:bataille de Brentford|it:battaglia di Brentford"
<http://www.wikidata.org/entity/Q3636364>	"ca:batalla de Qantish|nl:battaglia di Cantich|ga:Cath Cantich|es:batalla de Qantish|fr:bataille de Qantish|it:battaglia di Cantich"
<http://www.wikidata.org/entity/Q3636368>	"ca:batalla del cap Orlando|nl:Capo d'Orlando battle|es:batalla del cabo Orlando|fr:bataille de cap d'Orlande|it:battaglia di Capo d'Orlando"
<http://www.wikidata.org/entity/Q3636372>	"nl:battaglia di Casaloldo|ga:Cath Casaloldo|es:batalla de Casaloldo|it:battaglia di Casaloldo"
<http://www.wikidata.org/entity/Q3636387>	"nl:battaglia di Cheronea|ga:Cath Chaeronea|es:batalla de Queronea (87 a. C.)|pt:Batalha de Queroneia|it:battaglia di Cheronea"
<http://www.wikidata.org/entity/Q3636400>	"ca:batalla del cap de l'Artaqui|es:batalla de Cícico (1303)|fr:bataille de Cyzique|it:battaglia di Cizico"
<http://www.wikidata.org/entity/Q3636407>	"nl:battaglia di Corico|es:batalla de Córico|pt:Batalha de Corico|it:battaglia di Corico|pl:Bitwa morska pod Korykos"
<http://www.wikidata.org/entity/Q3636411>	"sv:Slaget vid Crug Mawr|cy:Brwydr Crug Mawr|ca:batalla de Crug Mawr|de:Schlacht von Crug Mawr|nl:battaglia di Crug Mawr|sl:bitka pri Crug Mawru|ga:Cath Crug Mawr|es:Batalla de Crug Mawr|fr:bataille de Crug Mawr|it:battaglia di Crug Mawr"
<http://www.wikidata.org/entity/Q3636427>	"nl:battaglia di Fidene|ga:Cath Fidenae|es:batalla de Fidenas (426 a. C.)|pt:Batalha de Fidenas|it:battaglia di Fidene"
<http://www.wikidata.org/entity/Q3636428>	"ca:batalla de Falconara|nl:battle of Falconaria|ga:Cath Falconaria|es:batalla de Falconara|it:battaglia di Falconara"
<http://www.wikidata.org/entity/Q3636441>	"nl:Battle of Gamenario|ga:Cath Gamenario|es:Batalla de Gamenario|fr:bataille de Gamenario|it:battaglia di Gamenario"
<http://www.wikidata.org/entity/Q3636456>	"ca:batalla de Governolo|nl:battaglia di Governolo|ga:Cath Governolo|es:batalla de Governolo (1397)|it:battaglia di Governolo"
<http://www.wikidata.org/entity/Q3636499>	"nl:battaglia di Licosa|es:batalla de Licosa|it:battaglia di Licosa"
<http://www.wikidata.org/entity/Q3636508>	"nl:battaglia di Longula|ga:Cath Longula|es:batalla de Longula|pt:Batalha de Longula|it:battaglia di Longula"
<http://www.wikidata.org/entity/Q3636513>	"ca:batalla de Macomer|nl:battaglia di Macomer|ga:Cath Macomer|es:batalla de Macomer|it:battaglia di Macomer"
<http://www.wikidata.org/entity/Q3636537>	"nl:battaglia di Montemaggiore|ga:Cath Montemaggiore|es:Batalla de Montemaggiore|pt:Batalha do Monte Maior|fr:bataille de Montemaggiore|it:battaglia di Montemaggiore"
<http://www.wikidata.org/entity/Q3636538>	"nl:battaglia di Montepeloso|ga:Cath Montepeloso|es:batalla de Montepeloso|pt:Batalha de Montepeloso|fr:bataille de Montepeloso|it:battaglia di Montepeloso|fi:Montepeloson taistelu|pl:Bitwa pod Montepeloso"
<http://www.wikidata.org/entity/Q3636556>	"da:Slaget ved Olivento|ca:Batalla d'Olivento|nl:Battle of Olivento|ga:Cath Olivento|es:Batalla de Olivento|pt:Batalha de Olivento|fr:bataille de l'Olivento|it:battaglia di Olivento|fi:Oliventon taistelu"
<http://www.wikidata.org/entity/Q3636565>	"nl:Battle on the Po|es:Batalla de Pavía (1431)|fr:bataille de Pavie|it:battaglia di Pavia"
<http://www.wikidata.org/entity/Q3636579>	"de:Schlacht von Polesella|nl:Battle of Polesella|ga:Cath Polesella|es:batalla de Polesella|it:battaglia di Polesella"
<http://www.wikidata.org/entity/Q3636595>	"nl:Battle of Ravenna|ga:Cath Ravenna|es:Batalla de Rávena|it:battaglia di Ravenna"
<http://www.wikidata.org/entity/Q3636618>	"ca:Batalla de Xaizar|nl:Battle of Shaizar|ga:Cath Shaizar|es:batalla de Shaizar|it:battaglia di Shayzar"
<http://www.wikidata.org/entity/Q3636630>	"nl:Battle of Tadla|ga:Cath Tadla|es:batalla de Tadla|pt:Batalha de Tédula|fr:bataille de Tadla|it:battaglia di Tadla"
<http://www.wikidata.org/entity/Q3636635>	"ca:batalla de Turis|nl:Battle of Thurii|ga:Cath Thurii|es:batalla de Turios|fr:bataille de Thurii|it:battaglia di Thurii"
<http://www.wikidata.org/entity/Q3636653>	"nl:battaglia di Veio|ga:Cath Veii|es:batalla de Veyes (475 a. C.)|pt:Batalha de Veios|it:battaglia di Veio"
<http://www.wikidata.org/entity/Q3636654>	"nl:battaglia di Veio|ga:Cath Veii|es:batalla de Veyes (480 a. C.)|pt:Batalha de Veios|it:battaglia di Veio"
<http://www.wikidata.org/entity/Q3652215>	"ga:Cath Çıldır|es:batalla de Çıldır|fr:bataille de Çıldır|it:Battaglia di Çıldır"
<http://www.wikidata.org/entity/Q3654656>	"it:Campo delle mosche"
<http://www.wikidata.org/entity/Q3656049>	"ca:batalla de Mútina|nl:Battle of Mutina|ga:Cath Mutina|es:Batalla de Mutina|pt:Batalha de Mutina|fr:bataille de Mutina|it:battaglia di Modena"
<http://www.wikidata.org/entity/Q3656504>	"sv:Slaget om Västerås|ga:Cath Västerås|es:Batalla de Västerås|fr:bataille de Västerås"
<http://www.wikidata.org/entity/Q3656902>	"ga:Cath Strumica|es:Batalla de Strumica|pt:Batalha de Estrúmica"
<http://www.wikidata.org/entity/Q3656916>	"sk:Bitka pri Katasyrtai|ga:Cath Katasyrtai|es:batalla de Katasyrtai|pt:Batalha de Katasyrtai|it:Battaglia di Katasyrtai"
<http://www.wikidata.org/entity/Q3656928>	"ga:Cath Theasaloinicé|es:batalla de Tesalónica (segunda de 1040)|pt:Batalha de Tessalônica"
<http://www.wikidata.org/entity/Q3656964>	"ga:Cath Theasaloinicé|es:Batalla de Salónica|pt:Batalha de Tessalônica|fr:bataille de Thessalonique"
<http://www.wikidata.org/entity/Q3656971>	"ga:Cath Boruy|es:Batalla de Boruy|pt:Batalha de Beroia|it:Battaglia di Beroia (1208)"
<http://www.wikidata.org/entity/Q3658075>	"ga:Cath Setina|es:Batalla de Setina|pt:Batalha de Setina|it:Battaglia di Setina"
<http://www.wikidata.org/entity/Q367025>	"cs:bitva u Leny|sv:Slaget vid Lena|de:Schlacht bei Lena|nl:Slag bij Lena|ga:Cath Lena|es:Batalla de Lena|nb:Slaget ved Lena|pt:Batalha de Lena|fr:bataille de Lena|it:battaglia di Lena|pl:Bitwa pod Leną"
<http://www.wikidata.org/entity/Q369560>	"cs:obléhání Bagdádu (1258)|sv:Bagdads fall|hu:Bagdad ostroma|ca:setge de Bagdad|eu:Bagdadeko setioa (1258)|de:Belagerung von Bagdad|nl:Siege of Baghdad|sl:obleganje Bagdada (1258)|ga:léigear Bagdad|es:batalla de Bagdad (1258)|nb:Beleiringen og erobringen av Bagdad i 1258|pt:Cerco de Bagdá|fr:bataille de Bagdad|it:presa di Baghdad|fi:Bagdadin taistelu|pl:Bitwa pod Bagdadem"
<http://www.wikidata.org/entity/Q3696185>	"ca:batalla de Buzakha|nl:Battle of Buzakha|ga:Cath Buzakha|es:Batalla de Buzakha|fr:bataille de Buzakha|it:battaglia di Buzakha"
<http://www.wikidata.org/entity/Q3710019>	"es:Desafío de Barletta (1502)|it:disfida di Barletta del 1502"
<http://www.wikidata.org/entity/Q371409>	"is:Orrustan við Stångebro|sv:Slaget vid Stångebro|hu:stångebrói csata|de:Schlacht von Stångebro|et:Stångebro lahing|ga:Cath Stångebro|es:Batalla de Stångebro|nb:Slaget ved Stångebro|pt:Batalha de Stångebro|fr:bataille de Stångebro|it:Battaglia di Stångebro|fi:Stångebron taistelu|pl:Bitwa pod Linköping"
<http://www.wikidata.org/entity/Q3736445>	"hu:Fellin ostroma|et:Viljandi piiramine|ga:Cath Viljandi|es:Batalla de Viljandi|fr:bataille de Viljandi|lv:Pirmais karagājiens uz Sakalu un Vilandes aplenkums|pl:Oblężenie Viljandi"
<http://www.wikidata.org/entity/Q3736944>	"de:Schlacht an der Seriza|et:Seritsa lahing|es:Batalla del río Siritsa|lv:Sericas kauja"
<http://www.wikidata.org/entity/Q3738385>	"et:Muhu lahing|ga:Cath Muhu|es:Batalla de Muhu|fr:bataille de Muhu|lv:Karagājiens uz Sāmsalu un Muhu kauja|fi:Saarenmaan valloitus"
<http://www.wikidata.org/entity/Q3738418>	"hu:Támadás Riga ellen|de:Schlacht von RIga 1215|et:Riia lahing|ga:Cath Ríge|es:Batalla de Riga|lv:Igauņu karagājieni uz Līvzemi un Tālavu"
<http://www.wikidata.org/entity/Q3738423>	"da:Belejringen af Tartu 1224|nl:Beleg van Tartu|gl:asedio de Tartu|et:Tartu lahing|ga:Léigear Tartu|fr:siège de Tabartu|lv:Tērbatas kauja"
<http://www.wikidata.org/entity/Q3739139>	"hu:Támadás Treiden ellen|et:Turaida lahing|ga:Cath Turaida|es:Batalla de Turaida|lv:Kauja pie Turaidas"
<http://www.wikidata.org/entity/Q3739148>	"et:Viljandi lahing|ga:Cath Viljandi|es:Batalla de Viljandi|fr:bataille de Viljandi|lv:kauja pie Vīlandes"
<http://www.wikidata.org/entity/Q3739189>	"et:Võnnu piiramine|ga:Cath Cēsis|es:Batalla de Cēsis|lv:Trešais karagājiens uz Ugauniju un Cēsu aplenkums"
<http://www.wikidata.org/entity/Q3739195>	"hu:Otepää ostroma|et:Otepää lahing|ga:Cath Otepää|es:Batalla de Otepää|lv:Kauja pie Otepē"
<http://www.wikidata.org/entity/Q3751377>	"ca:batalla de Pancorbo|eu:Pancorboko gudua|nl:Slag bij Pancorbo|sl:bitka za Pancorbo (816)|ga:Cath Pancorbo|es:batalla de Pancorbo|fr:bataille de Pancorbo"
<http://www.wikidata.org/entity/Q3751537>	"ca:batalla d'Albelda de 851|eu:Albeldako gudua|nl:Battle of Albelda|ga:Cath Albelda|es:Batalla de Albelda|pt:Batalha de Albelda|fr:bataille d'Albelda"
<http://www.wikidata.org/entity/Q3751571>	"ca:batalla de Guazalete|eu:Guadalaceteko gudua|nl:Battle of Guadalacete|gl:batalla de Guadalacete|ga:Cath Guadalacete|es:Batalla de Guadalacete"
<http://www.wikidata.org/entity/Q3752313>	"ca:batalla de Monte Laturce|eu:Laturce mendiko gudua|nl:Battle of Monte Laturce|es:Batalla de Monte Laturce|pt:Batalha de Albelda"
<http://www.wikidata.org/entity/Q3754937>	"ca:Batalla de Candespina|eu:Candespinako gudua|nl:Battle of Candespina|gl:batalla de Candespina|ga:Cath Candespina|es:batalla de Candespina|pt:Batalha de Candespina|fr:bataille de Candespina"
<http://www.wikidata.org/entity/Q3766009>	"ca:Batalla de Pieve al Toppo|nl:Battle of Pieve al Toppo|fr:bataille de Pieve al Toppo|it:Giostre del Toppo"
<http://www.wikidata.org/entity/Q3774767>	"ca:batalla de Gítion|ga:Cath Gythium|es:batalla de Gitión|fr:bataille de Gythium"
<http://www.wikidata.org/entity/Q3775989>	"ga:Cath Allt a' Phuill Sheilich|es:Batalla de Sauchieburn|fr:bataille de Sauchieburn|it:Battaglia di Sauchieburn"
<http://www.wikidata.org/entity/Q3781410>	"ca:batalla d'Albesa|nl:Slag bij Albesa|ga:Cath Albesa|es:Batalla de Albesa|fr:bataille d'Albesa"
<http://www.wikidata.org/entity/Q378957>	"ro:Bătălia de la Ticinus|sk:Bitka pri Ticine|cs:bitva u Ticina|sv:Slaget vid Ticinus|hu:ticinusi csata|ca:batalla del Ticino|de:Gefecht am Ticinus|nl:Slag bij de Ticinus|hr:Bitka kod Ticina|sl:bitka pri Ticinu|ga:Cath Ticinus|es:Batalla del Tesino|nb:Slaget ved Ticinus|pt:Batalha do Ticinus|fr:bataille du Tessin|it:battaglia del Ticino|pl:bitwa nad rzeką Ticinus"
<http://www.wikidata.org/entity/Q379280>	"ca:batalla del Mont Hercte|nl:Slag om Erice|es:Batalla del monte Ercte|pt:Batalha do Monte Érice|fr:bataille de Mount Erice|it:battaglie di Monte Erice"
<http://www.wikidata.org/entity/Q3817182>	"ca:batalla d'Araviana|ga:Cath Araviana|es:batalla de Araviana (1359)|fr:bataille d'Araviana"
<http://www.wikidata.org/entity/Q3817235>	"cs:bitva u Manolady|ca:batalla de Manolada|ga:Cath Manolada|es:batalla de Manolada|pt:Batalha de Manolada"
<http://www.wikidata.org/entity/Q3817928>	"ca:batalla de Rayy|ga:Cath Rayy|es:batalla de Rayy (811)|pt:Batalha de Rayy|fr:bataille de Rayy"
<http://www.wikidata.org/entity/Q3822130>	"ca:batalla del Guadalquivir|ga:Cath Carteia|es:Batalla del Guadalquivir|pt:Batalha do Guadalquivir"
<http://www.wikidata.org/entity/Q3822486>	"ca:batalla naval de Carteia|es:batalla de Carteia|pt:Batalha de Carteia|fr:bataille de Carteia"
<http://www.wikidata.org/entity/Q3822861>	"ca:batalla de Serravalle|nl:Battle of Serravalle|ga:Cath Serravalle|es:Batalla de Serravalle|fr:bataille de Serravalle|it:battaglia di Serravalle"
<http://www.wikidata.org/entity/Q38250784>	"fr:seconde bataille d'Ulrichen"
<http://www.wikidata.org/entity/Q38251286>	"de:Schlacht am Capo d'Orso (1528)|es:batalla de Capo d'Orso|fr:bataille de Capo d'Orso|it:Battaglia di Capo d'Orso"
<http://www.wikidata.org/entity/Q38251362>	"es:batalla de Pianosa|fr:bataille de Pianosa|it:Battaglia di Pianosa (1519)"
<http://www.wikidata.org/entity/Q382967>	"ca:setge de Damasc|de:Belagerung von Damaskus|nl:Beleg van Damascus|ga:Léigear na Damaisce (1148)|es:sitio de Damasco (1148)|pt:Cerco de Damasco|fr:siège de Damas|it:assedio di Damasco|fi:Damaskoksen piiritys (1148)|pl:Walki o Damaszek"
<http://www.wikidata.org/entity/Q384729>	"es:Segunda Batalla de Clusio|pt:Segunda Batalha de Clúsio"
<http://www.wikidata.org/entity/Q385604>	"cs:Bitva u Dary|hu:darai csata|ca:Batalla de Dara|de:Schlacht bei Dara|nl:Slag bij Dara|hr:Bitka kod Dare|ga:Cath Dara|es:batalla de Dara|pt:Batalha de Dara|fr:bataille de Dara|it:battaglia di Dara|fi:Daran taistelu|pl:Bitwa pod Darą"
<http://www.wikidata.org/entity/Q386578>	"cs:bitva u Bedriaka|cy:Brwydr Gyntaf Bedriacum|ca:primera batalla de Bedríacum|de:Erste Schlacht von Bedriacum|nl:Eerste slag bij Bedriacum|es:primera batalla de Bedriacum|pt:Primeira Batalha de Bedríaco|fr:première bataille de Bedriacum|it:Prima battaglia di Bedriaco|fi:Cremonan ensimmäinen taistelu"
<http://www.wikidata.org/entity/Q389257>	"ro:Bătălia de la Arginusae|sk:Bitka pri Arginúzskych ostrovoch|cs:bitva u Arginuských ostrovů|ca:batalla naval de les Arginuses|de:Schlacht bei den Arginusen|nl:Arginusae|hr:Bitka kod Arginuskih otoka|la:Pugna apud Arginusas commissa|es:Batalla de Arginusas|nb:Slaget ved Arginusai|fr:bataille des Arginuses|it:battaglia delle Arginuse|fi:Arginusain taistelu|pl:Bitwa pod Arginuzami"
<http://www.wikidata.org/entity/Q389540>	"cs:Bitva u Sávy|hu:a Száva menti csata|ca:batalla del Sava|de:Schlacht bei Poetovio|nl:Slag aan de Sava|hr:Bitka na Savi|sl:Bitka pri Savi|es:Batalla del Sava|it:battaglia della Sava|pl:Bitwa nad Sawą i Drawą"
<http://www.wikidata.org/entity/Q38977>	"cs:bitva u Německého Brodu|eu:Deutschbrodeko gudaldia|nl:Battle of Deutschbrod|sl:bitka pri Německem Brodu|ga:Cath Deutschbrod|es:Batalla de Deutschbrod|nb:slaget ved Deutschbrod|fr:bataille de Deutschbrod|pl:Bitwa pod Niemieckim Brodem"
<http://www.wikidata.org/entity/Q39071913>	"cs:obléhání Montargis|nl:Beleg van Montargis|sl:obleganje Montargisa|ga:Léigear Montargis|fr:siège de Montargis"
<http://www.wikidata.org/entity/Q391087>	"da:Slaget ved Cynoscephalae|sk:Bitka pri Kynoskefalách (197 pred Kr.)|cs:bitva u Kynoskefal|sv:Kynoskefalai|hu:künoszkephalai csata|ca:batalla de Cinoscèfales|de:Schlacht von Kynoskephalai|nl:Cynoscephalae|la:Cynoscephalarum pugna|ga:Cath Cynoscephalae|es:Batalla de Cinoscéfalos|nb:Slaget ved Cynoscephalae|pt:Batalha de Cinoscéfalos|fr:bataille de Cynoscéphales|it:battaglia di Cinocefale|fi:Kynoskefalain taistelu|pl:Bitwa pod Kynoskefalaj"
<http://www.wikidata.org/entity/Q39154>	"ro:Bătălia de la Soissons (486)|cs:Bitva u Soissons (486)|sv:Slaget vid Soissons|eu:Soissonsko gudua (486)|de:Schlacht von Soissons|nl:Slag bij Soissons|hr:Bitka kod Soissonsa|ga:Cath Soissons|es:batalla de Soissons|pt:Batalha de Soissons|fr:bataille de Soissons|it:battaglia di Soissons|fi:Soissonsin taistelu|pl:Bitwa pod Soissons"
<http://www.wikidata.org/entity/Q3920750>	"lt:Medininkų mūšis|ga:Cath Medininkai|es:Batalla de Medininkai|it:Battaglia di Medininkai|pl:Bitwa pod Miednikami"
<http://www.wikidata.org/entity/Q3920896>	"lt:Ašmenos mūšis|ga:Cath Ašmena|es:Batalla de Ašmena|fr:bataille d'Ašmena|pl:Bitwa pod Oszmianą"
<http://www.wikidata.org/entity/Q392213>	"ro:Asediul Orléans-ului|cs:obléhání Orléans|sv:Belägringen av Orléans|hu:Orléans ostroma|ca:setge d'Orleans|eu:Orléansko setioa|de:Belagerung von Orléans|nl:Beleg van Orléans|gl:cerco de Orleáns|sl:obleganje Orléansa (1428–1429)|ga:Léigear Orléans|es:sitio de Orleans|nb:Beleiringen av Orléans|pt:Batalha de Orleães|fr:siège d'Orléans|it:assedio di Orléans|fi:Orléansin piiritys|pl:Oblężenie Orleanu"
<http://www.wikidata.org/entity/Q392538>	"da:Slaget ved az-Zallaqah|ro:bătălia de la Sargrajas|sv:Slaget vid az-Zallaqah|hu:sagrajasi csata|ca:batalla de Sagrajas|eu:Sagrajasko gudua|de:Schlacht bei Zallaqa|nl:Slag bij Zallaqa|gl:batalla de Zalaca|la:Proelium in Sacraliis|ga:Cath Sagrajas|es:batalla de Sagrajas|nb:Slaget ved az-Zallaqah|pt:Batalha de Zalaca|fr:bataille de Sagrajas|it:battaglia di al-Zallaqa|pl:Bitwa pod Sagrajas"
<http://www.wikidata.org/entity/Q3951347>	"ca:escac d'Ognina|nl:Zeeslag van Ognina|it:scacco di Ognina"
<http://www.wikidata.org/entity/Q396501>	"da:Slaget om Lehola 1215|hu:Lehola ostroma|et:Lehola lahing|ga:Cath Lehola|es:Batalla de Lehola|lv:Karagājieni uz Ridalu un Sakalu"
<http://www.wikidata.org/entity/Q398174>	"de:Belagerung von Nikäa|nl:Siege of Nicaea|ga:Léigear Nicaea (727 AD)|es:Sitio de Nicea (727)|fr:siège de Nicée|it:assedio di Nicea"
<http://www.wikidata.org/entity/Q402237>	"nl:slag om Zappolino|ga:Cath Zappolino|es:Batalla de Zappolino|pt:Batalha de Zappolino|fr:bataille de Zappolino|it:battaglia di Zappolino|pl:Bitwa pod Zappolino"
<http://www.wikidata.org/entity/Q403416>	"sk:bitka vo Vărbickom priesmyku|cs:Bitva u Plisky|sv:Slaget vid Pliska|ca:batalla de Pliska|de:Schlacht am Warbiza-Pass|nl:Battle of Pliska|sl:Bitka pri Pliski|ga:Cath Pliska|es:batalla de Pliska|pt:Batalha de Pliska|fr:bataille de Pliska|lv:Pliskas kauja|it:battaglia di Pliska|fi:Pliskan taistelu|pl:Bitwa na przełęczy Wyrbica"
<http://www.wikidata.org/entity/Q4087397>	"ga:Cath Piatka|es:Batalla de Piatka|pl:Bitwa pod Piątkiem (1593)"
<http://www.wikidata.org/entity/Q4087405>	"cs:Bitva u Avarica|ca:setge d'Avaricum|de:Schlacht um Avaricum|nl:Slag bij Avaricum|hr:Opsada Avarika|ga:Léigear Avaricum|es:Asedio de Avárico|fr:siège d'Avaricum|it:battaglia di Avarico|pl:Oblężenie Avaricum"
<http://www.wikidata.org/entity/Q4087407>	"ca:batalla d'Adramítion (1205)|nl:slag bij Adramyttium|ga:Cath Adramyttium|es:batalla de Adramitio|pt:Batalha de Adramício|fr:bataille d'Adramyttium|it:battaglia di Adramittio"
<http://www.wikidata.org/entity/Q4087416>	"ga:Cath Vardanakert|es:batalla de Vardanakert|pt:Batalha de Vardanacerta|fr:bataille de Vardanakert"
<http://www.wikidata.org/entity/Q4087422>	"ga:Cath Dholar|es:Batalla de Dollar|fr:bataille de Dollar|pl:Bitwa pod Dollar"
<http://www.wikidata.org/entity/Q4087439>	"sv:Slaget vid Langside|ga:Cath Langside|es:batalla de Langside|pt:Batalha de Langside|it:Battaglia di Langside"
<http://www.wikidata.org/entity/Q4087460>	"ga:Cath Rinn Friù|es:Batalla de Renfrew"
<http://www.wikidata.org/entity/Q4087465>	"ga:Cath Skyhill|es:Batalla de Skyhill|pt:Batalha de Skyhill"
<http://www.wikidata.org/entity/Q4087468>	"da:Slaget ved Sandwich (1460)|es:Batalla de Sandwich|fr:bataille de Sandwich"
<http://www.wikidata.org/entity/Q4087472>	"ga:Cath Trancoso|es:Batalla de Trancoso|pt:Batalha de Trancoso|fr:bataille de Trancoso"
<http://www.wikidata.org/entity/Q4110452>	"ca:setge de Kíev|nl:Plundering van Kyiv (1169)|et:Kiievi rüüstamine (1169)|es:saqueo de Kiev|fr:pillage de Kiev|it:Sacco di Kiev (1169)"
<http://www.wikidata.org/entity/Q4117011>	"nl:Slag bij Wadi al-Laban|es:batalla de Wadi al-Laban|fr:bataille de Wadi al-Laban|it:Battaglia di Wadi al-Laban"
<http://www.wikidata.org/entity/Q4118163>	"gl:asedio de Alxeciras|sl:obleganje Algecirasa (1309–1310)|ga:Léigear Algeciras|es:sitio de Algeciras (1309-1310)|fr:siège d'Algésiras"
<http://www.wikidata.org/entity/Q4118271>	"nl:Slag bij Écija (1275)|ga:Cath Écija|es:batalla de Écija|fr:bataille d'Écija|it:Battaglia di Écija"
<http://www.wikidata.org/entity/Q4118683>	"gl:asedio de Alxeciras|sl:obleganje Algecirasa|ga:Léigear Algeciras|es:sitio de Algeciras (1278-1279)|pt:Cerco de Algeciras (1278-1279)|fr:siège d'Algésiras"
<http://www.wikidata.org/entity/Q41371473>	"nl:Slag bij Caltavuturo|ga:Cath Caltavuturo|es:batalla de Caltavuturo|pt:Batalha de Caltavulturo|it:Battaglia di Caltavuturo"
<http://www.wikidata.org/entity/Q4141460>	"ga:Dara Cath Bhéal Átha an Rí|es:Batalla de Athenry|fr:bataille d'Athenry"
<http://www.wikidata.org/entity/Q4207050>	"eu:Abazenoko gudua|nl:Slag bij Abacaenum|ga:Cath Abacaenum|es:batalla de Abaceno|it:battaglia di Abacano|pl:Bitwa pod Abakaneum"
<http://www.wikidata.org/entity/Q4244801>	"ca:batalla de Messene|eu:Messinako gudua (K. a. 397)|nl:Slag bij Messina|ga:Cath Messene|es:batalla de Mesina|it:battaglia di Messina"
<http://www.wikidata.org/entity/Q425535>	"ga:Cath Hakadal|es:batalla de Hakedal"
<http://www.wikidata.org/entity/Q425617>	"ro:Bătălia de la Verneuil|cs:bitva u Verneuil|ca:setge de Verneuil|de:Schlacht von Verneuil|nl:Slag bij Verneuil|ga:Cath Verneuil|es:Batalla de Verneuil|pt:Batalha de Verneuil|fr:bataille de Verneuil|it:battaglia di Verneuil|pl:bitwa pod Verneuil"
<http://www.wikidata.org/entity/Q4262569>	"ga:Cath Lipitsa|es:Batalla de Lipitsa|fr:bataille de Lipitsa|it:Battaglia del fiume Lipica"
<http://www.wikidata.org/entity/Q4269619>	"ca:batalla de Catana|eu:Cataniako gudua|nl:Slag bij Catana|ga:Cath Catana|es:batalla de Catania|fr:bataille de Catana|it:battaglia di Catania|pl:Bitwa morska pod Kataną"
<http://www.wikidata.org/entity/Q427565>	"ro:Bătălia de la Lade|sk:Bitka pri Ladé|cs:Bitva u Ladé|sv:Slaget vid Lade|ca:batalla de Lade|de:Schlacht von Lade|nl:Slag bij Lade|hr:Bitka kod Lade|ga:Cath Lade|es:Batalla naval de Lade|nb:Slaget ved Lade|fr:bataille de Ladé|it:battaglia di Lade|pl:Bitwa morska pod Lade"
<http://www.wikidata.org/entity/Q427853>	"ca:primera batalla de Càpua|de:Erste Schlacht von Capua|nl:Eerste slag om Capua|ga:Cath Capua|es:Primera batalla de Capua|nb:Slaget ved Capua|pt:Batalha de Cápua|fr:première bataille de Capoue|it:assedio di Capua"
<http://www.wikidata.org/entity/Q431205>	"sv:Slaget vid Kunaxa|ca:batalla de Cunaxa|de:Schlacht bei Kunaxa|nl:Slag bij Cunaxa|hr:Bitka kod Kunakse|sl:bitka pri Kunaksi|ga:Cath Cunaxa|es:Batalla de Cunaxa|nb:Slaget ved Kunaxa|pt:Batalha de Cunaxa|fr:bataille de Counaxa|it:battaglia di Cunassa|fi:Kunaksan taistelu|pl:Bitwa pod Kunaksą"
<http://www.wikidata.org/entity/Q4337418>	"lt:Opočkos apgultis (1517)|ga:Léigear Opochka|fr:siège d'Opochka"
<http://www.wikidata.org/entity/Q4337445>	"cs:obléhání Smolenska (1404)|sl:obleganje Smolenska (1404)|ga:Léigear Smolensk (1404)|fr:siège de Smolensk"
<http://www.wikidata.org/entity/Q4337451>	"cs:Obléhání Soluně (617)|ca:setge de Tessalònica|ga:Léigear Thessalonica|es:sitio de Tesalónica|pt:Cerco de Tessalônica|fr:siège de Thessalonique|it:Assedio di Tessalonica (617)"
<http://www.wikidata.org/entity/Q44062>	"cs:bitva u Nebovid|eu:Nebovidyko gudaldia|sl:bitka v Nebovidu|ga:Cath Nebovidy|es:Batalla de Nebovidy|nb:slaget ved Nebovidy|fr:bataille de Nebovidy|pl:Bitwa pod Nebovidami"
<http://www.wikidata.org/entity/Q444201>	"ca:batalla d'Autun|de:Schlacht von Autun|nl:Slag bij Autun|ga:Cath Autun|es:Batalla de Autun|fr:bataille d'Autun|pl:Bitwa pod Autun"
<http://www.wikidata.org/entity/Q446410>	"sk:Bitka na Litave|cs:Bitva na řece Litavě|hu:a Lajta folyó menti csata|de:Schlacht an der Leitha|nl:Battle of the Leitha River|es:Batalla del río Leitha|fr:bataille de la rivière Leitha|it:battaglia del fiume Leita|fi:Leithan taistelu|pl:Bitwa nad Litawą"
<http://www.wikidata.org/entity/Q44732>	"da:Guldsporeslaget|ro:Bătălia de la Courtrai|cs:bitva u Courtrai|sv:Slaget vid Courtrai|hu:courtrai-i csata|ca:batalla de Kortrijk|eu:Kortrijkeko gudua|de:Sporenschlacht|nl:Guldensporenslag|gl:batalla de Courtrai|et:Kortrijki lahing|la:Proelium Curtracense|es:Batalla de Courtrai|nb:De gylne sporer-slaget|pt:Batalha de Courtrai|fr:bataille de Courtrai|it:battaglia degli speroni d'oro|pl:Bitwa pod Courtrai"
<http://www.wikidata.org/entity/Q451404>	"de:Schlacht bei St. Jakob an der Sihl|nl:Battle of St. Jakob an der Sihl|es:Batalla de St. Jakob an der Sihl|fr:bataille de Saint-Jacques sur la Sihl|it:battaglia di San Giacomo sulla Sihl|pl:Bitwa pod St. Jakob an der Sihl"
<http://www.wikidata.org/entity/Q451853>	"de:Schlacht bei St. Jakob an der Birs|es:Batalla del Birs|pt:Batalha de St. Jakob an der Birs|fr:bataille de la Birse|pl:Bitwa pod St. Jakob an der Birs"
<http://www.wikidata.org/entity/Q4525673>	"ca:Batalla d'Al-Sinnabra|de:Schlacht bei Sinn en-Nabra|ga:Cath Al-Sannabra|es:Batalla de Al-Sannabra|fr:Bataille de Sennabris"
<http://www.wikidata.org/entity/Q4562817>	"ca:batalla de Tara|ga:Cath na Teamhrach (Éire)|es:Batalla de Tara|nb:Slaget ved Tara|fr:bataille de Tara"
<http://www.wikidata.org/entity/Q456993>	"ro:Asediul Ierusalimului|sk:Obliehanie Jeruzalema (1099)|cs:Obléhání Jeruzaléma|sv:Belägringen av Jerusalem|hu:Jeruzsálem ostroma|ca:setge de Jerusalem|eu:Jerusalemgo setioa|de:Belagerung von Jerusalem (1099)|nl:Beleg van Jeruzalem|gl:cerco de Xerusalén|sl:obleganje Jeruzalema (1099)|es:Sitio de Jerusalén (1099 d.C.)|nb:Beleiringen av Jerusalem|pt:Cerco de Jerusalém|fr:siège de Jérusalem|it:assedio di Gerusalemme|fi:Jerusalemin piiritys|pl:Zdobycie Jerozolimy"
<http://www.wikidata.org/entity/Q4571871>	"sv:Slaget på Storsjöns is|ga:Cath Storsjön|es:Batalla de Storsjön|nb:Slaget på Storsjöns is"
<http://www.wikidata.org/entity/Q4580894>	"sv:Slaget vid Brännkyrka|ga:Cath Brännkyrka|es:Batalla de Brännkyrka|nb:Slaget ved Brännkyrka|pt:Batalha de Brännkyrka|fr:bataille de Brännkyrka"
<http://www.wikidata.org/entity/Q4590555>	"hu:Loudoun Hilli csata|de:Schlacht bei Loudoun Hill|ga:Cath Chnoc Lùghdan|es:Batalla de la colina de Loudoun|nb:Slaget ved Loudoun Hill|pt:Batalha de Loudoun Hill|fr:bataille de Loudoun Hill|it:Battaglia di Loudoun Hill|pl:Bitwa pod Loudoun Hill"
<http://www.wikidata.org/entity/Q461599>	"ro:Bătălia de la Leuctra|sk:Bitka pri Leuktre|cs:bitva u Leukter|sv:Slaget vid Leuktra|hu:leuktrai csata|ca:batalla de Leuctra|lt:Leuktrų mūšis|de:Schlacht bei Leuktra|nl:Slag bij Leuktra|hr:Bitka kod Leuktre|la:Pugna Leuctrica|ga:Cath Leuctra|es:Batalla de Leuctra|nb:Slaget ved Leuktra|pt:Batalha de Leuctra|fr:bataille de Leuctres|lv:Leiktru kauja|it:battaglia di Leuttra|fi:Leuktran taistelu|pl:Bitwa pod Leuktrami"
<http://www.wikidata.org/entity/Q462099>	"de:Schlacht an der Calven|nl:Battle of Calven|ga:Cath Calven|es:Batalla de Calven|fr:bataille de Calven|it:battaglia della Calva|pl:Bitwa pod Calven"
<http://www.wikidata.org/entity/Q4677183>	"hu:Lanarki rajtaütés|fr:révolte de Lanark|it:rivolta di Lanark"
<http://www.wikidata.org/entity/Q4677237>	"de:Schlacht vom 12. Juli 1564"
<http://www.wikidata.org/entity/Q46861274>	"nl:Beleg van Atuatuca|hr:Bitka za Aduatuku|es:Batalla de Aduatuca|pt:Cerco dos Aduátucos|fr:siège des Atuatucis"
<http://www.wikidata.org/entity/Q46984287>	"eu:Miñaoko gudua|es:batalla de Miñano Mayor"
<http://www.wikidata.org/entity/Q472614>	"de:Schlacht bei Giornico|nl:Battle of Giornico|ga:Cath Giornico|es:Batalla de Giornico|fr:bataille de Giornico|it:battaglia di Giornico|pl:Bitwa pod Giornico"
<http://www.wikidata.org/entity/Q47299>	"da:Slaget ved Korupedion|sk:Bitka pri Kurupedione|cs:Bitva u Kúrúpedia|ca:Curopedion|de:Schlacht bei Kurupedion|nl:Slag bij Corupedium|sl:bitka pri Korupediju|ga:Cath Corupedium|es:batalla de Corupedio|nb:Slaget ved Korupedion|pt:Batalha de Corupédio|fr:bataille de Couroupédion|it:battaglia di Corupedio|fi:Korupedionin taistelu|pl:Bitwa pod Kuropedion"
<http://www.wikidata.org/entity/Q473669>	"de:Schlacht am Smolinasee|et:Smolino lahing|es:Batalla de Lake Smolina|fr:bataille de Lake Smolina|lv:Kauja pie Smoļinas"
<http://www.wikidata.org/entity/Q474399>	"de:Schlacht von Affane|ga:Cath Áth Mheáin|es:Batalla de Affane|fr:bataille d'Affane|pl:Bitwa pod Affane"
<http://www.wikidata.org/entity/Q47467317>	"ga:Cath Sperlinga|es:Batalla de Sperlinga|fr:bataille de Sperlinga|it:battaglia di Sperlinga"
<http://www.wikidata.org/entity/Q477592>	"ca:batalla de Drakenburg|eu:Drakenburgeko gudua|de:Schlacht bei Drakenburg|nl:Battle of Drakenburg|ga:Cath Drakenburg|es:Batalla de Drakenburg|fr:bataille de Drakenburg|it:battaglia di Drakenburg"
<http://www.wikidata.org/entity/Q477778>	"de:Schlacht bei Frastanz|ga:Cath Frastanz|es:Batalla de Frastanz|fr:bataille de Frastanz|pl:Bitwa pod Frastanz"
<http://www.wikidata.org/entity/Q481552>	"ro:Bătălia de la Meloria|de:Seeschlacht von Giglio|es:batalla de Meloria (1241)|pt:Batalha de Meloria|fr:bataille de Giglio|it:battaglia dell'Isola del Giglio|pl:Bitwa u brzegów Montecristo"
<http://www.wikidata.org/entity/Q4844238>	"hu:első Marica menti csata|es:Batalla de Sırp Sındığı|fr:bataille de Maritsa"
<http://www.wikidata.org/entity/Q4845152>	"gl:Batalla de Wippedesfleot|ga:Cath Wippedesfleot|es:Batalla de Wippedesfleot|fr:bataille de Wippedesfleot"
<http://www.wikidata.org/entity/Q4870208>	"cy:Brwydr Aberconwy|ga:Cath Aberconwy|es:Batalla de Aberconwy|nb:Slaget ved Aberconwy|fr:bataille d'Aberconwy"
<http://www.wikidata.org/entity/Q4870221>	"ga:Cath Agendicum|es:Batalla de Agendicum|fr:bataille d'Agendicum"
<http://www.wikidata.org/entity/Q4870253>	"gl:Batalla de Alclud Ford|es:Batalla de Alclud Ford|fr:bataille d'Alclud Ford"
<http://www.wikidata.org/entity/Q4870257>	"es:Batalla de Aldy Charrish|fr:bataille d'Aldy Charrish"
<http://www.wikidata.org/entity/Q4870264>	"nl:Slag bij Alhandic|ga:Cath Alhandic|es:Batalla de Alhandic|pt:Batalha de Alhandic|fr:bataille d'Alhandic"
<http://www.wikidata.org/entity/Q4870269>	"ga:Cath Alltan-Beath|es:Batalla de Alltan-Beath|fr:bataille d'Alltan-Beath"
<http://www.wikidata.org/entity/Q4870274>	"ca:batalla d'Almenara|ga:Cath Almenara|es:batalla de Almenara (1521)"
<http://www.wikidata.org/entity/Q4870275>	"da:Slaget ved Alnwick|nl:Slag bij Alnwick|ga:Cath Alnwick|es:Batalla de Alnwick|fr:bataille d'Alnwick|it:Battaglia di Alnwick (1174)"
<http://www.wikidata.org/entity/Q4870287>	"es:batalla del paso de Amanus|pt:Batalha do Passo Amano|fr:bataille du col d'Amanus|pl:Bitwa w górach Amanu (39 p.n.e.)"
<http://www.wikidata.org/entity/Q4870309>	"ga:Cath Ani|es:batalla de Ani|fr:bataille d'Ani"
<http://www.wikidata.org/entity/Q4870310>	"hu:Annan-i csata|de:Schlacht von Annan|ga:Cath Inbhir Anainn|es:Batalla de Annan|fr:bataille d'Annan|it:Battaglia di Annan"
<http://www.wikidata.org/entity/Q4870331>	"ca:batalla d'Arelate|nl:Slag bij Arles|ga:Cath Arelate|es:batalla de Arelate|fr:bataille d'Arelate|it:Battaglia di Arles (458)"
<http://www.wikidata.org/entity/Q4870346>	"sv:Slaget vid Arrapha|ga:Cath Arrapha|es:batalla de Arrapḫa|pt:Batalha de Arrapa|it:Battaglia di Arrapha|pl:Bitwa pod Arraphą"
<http://www.wikidata.org/entity/Q4870364>	"ga:Cath Aura|es:Batalla de Aura"
<http://www.wikidata.org/entity/Q4870386>	"ga:Cath Bagrevand|es:batalla de Bagavan|pt:Batalha de Vagabanta|fr:bataille de Bagrevand|pl:Bitwa pod Wagabantą"
<http://www.wikidata.org/entity/Q4870420>	"ca:batalla naval de Barcelona (1359)|es:Batalla naval de Barcelona|fr:bataille de Barcelone"
<http://www.wikidata.org/entity/Q4870423>	"da:Slaget ved Barry|ga:Cath Bharraidh"
<http://www.wikidata.org/entity/Q4870435>	"es:Batalla de Bealach nam Broig|fr:bataille de Bealach nam Broig"
<http://www.wikidata.org/entity/Q4870466>	"cs:Bitva u Beran Byrig|es:Batalla de Beran Byrig|fr:bataille de Beran Byrig"
<http://www.wikidata.org/entity/Q4870470>	"es:batalla de las islas Berlengas"
<http://www.wikidata.org/entity/Q4870471>	"da:Slaget ved Bergerac|ga:Cath Bergerac|es:Batalla de Bergerac|fr:bataille de Bergerac"
<http://www.wikidata.org/entity/Q4870492>	"ro:Bătălia de la Blackpool Sands|es:Batalla de Blackpool Sands|fr:bataille de Blackpool Sands"
<http://www.wikidata.org/entity/Q4870496>	"es:Batalla de Blar Na Pairce|fr:bataille de Blar Na Pairce"
<http://www.wikidata.org/entity/Q4870500>	"es:Batalla de Bloody Bay"
<http://www.wikidata.org/entity/Q4870514>	"ga:Cath Bonchurch|es:Batalla de Bonchurch"
<http://www.wikidata.org/entity/Q4870526>	"hu:Boroughmuir-i csata|de:Gefecht bei Boroughmuir|ga:Cath Boroughmuir|es:Batalla de Boroughmuir|fr:bataille de Boroughmuir|it:Battaglia di Boroughmuir"
<http://www.wikidata.org/entity/Q4870528>	"lt:Boristheno mūšis|ga:Cath Borysthenes|es:Batalla de Borysthenes"
<http://www.wikidata.org/entity/Q4870532>	"ga:Cath Bosra|es:Batalla de Bosra|fr:Bataille de Bosra|it:battaglia di Bosra|pl:Bitwa pod Bosrą"
<http://www.wikidata.org/entity/Q4870545>	"lt:Bransko mūšis|ga:Cath Brańsk|pl:Bitwa pod Brańskiem"
<http://www.wikidata.org/entity/Q4870565>	"sv:Slaget vid Brobacka|ga:Cath Brobacka|es:Batalla de Brobacka"
<http://www.wikidata.org/entity/Q4870578>	"sv:Slaget vid Brunnbäcks färja|es:Batalla de Brunnbäck Ferry|fr:bataille de Brunnbäck Ferry"
<http://www.wikidata.org/entity/Q4870579>	"cy:Brwydr Bryn Derwin|es:Batalla de Bryn Derwin|fr:bataille de Bryn Derwin"
<http://www.wikidata.org/entity/Q4870596>	"de:Schlacht von Burton Bridge|es:Batalla de Burton Bridge|fr:bataille de Burton Bridge"
<http://www.wikidata.org/entity/Q4870614>	"ga:Cath  Challainne|es:Batalla de Callann|fr:bataille de Callann|it:battaglia di Callan"
<http://www.wikidata.org/entity/Q4870650>	"hu:capuai csata|ga:Cath Capua|es:Batalla de Capua"
<http://www.wikidata.org/entity/Q4870658>	"ga:Cath Carmona|es:Batalla de Carmona"
<http://www.wikidata.org/entity/Q4870685>	"eu:Cefn Digolleko gudua|es:Batalla de Cefn Digoll"
<http://www.wikidata.org/entity/Q4870691>	"eu:Cellorigoko gudua|nl:Battle of Cellorigo|ga:Cath Cellorigo|es:Batalla de Cellorigo|fr:bataille de Cellorigo"
<http://www.wikidata.org/entity/Q4870698>	"ca:batalla de Cervera|eu:Cerverako gudua|nl:Battle of Cervera|ga:Cath Cervera|es:batalla de Cervera (1000)|pt:Batalha de Cervera|fr:bataille de Cervera"
<http://www.wikidata.org/entity/Q4870706>	"ga:Cath na gCuradh|fr:bataille de Champions"
<http://www.wikidata.org/entity/Q4870749>	"ga:Cath Cingoli|es:Batalla de Cingoli|fr:bataille de Cingoli|it:Battaglia di Cingoli"
<http://www.wikidata.org/entity/Q4870750>	"cs:Bitva u Cirencesteru|gl:Batalla de Cirencester|ga:Cath Cirencester|es:Batalla de Cirencester.|it:Battaglia di Cirencester"
<http://www.wikidata.org/entity/Q4870756>	"ga:Cath Chlach na h-Aithrigh|fr:bataille de Clachnaharry"
<http://www.wikidata.org/entity/Q4870775>	"nl:Slag bij Collejares|ga:Cath Collejares|es:batalla de los Collejares|fr:bataille de Collejares"
<http://www.wikidata.org/entity/Q4870784>	"de:Schlacht von Connor|ga:Cath Choinnire|es:Batalla de Connor|fr:bataille de Connor|it:Battaglia di Connor"
<http://www.wikidata.org/entity/Q4870791>	"ga:Cath a' Chorpaich|fr:bataille de Corpach"
<http://www.wikidata.org/entity/Q4870792>	"ga:Cath Corrichie|es:Batalla de Corrichie|fr:bataille de Corrichie|it:Battaglia di Corrichie"
<http://www.wikidata.org/entity/Q4870796>	"ca:batalla de Cotièon|nl:Slag bij Cotyaeum|ga:Cath Cotyaeum|es:batalla de Cotyaeum (492)"
<http://www.wikidata.org/entity/Q4870802>	"ga:Cath Craibstone|es:batalla de Craibstone|it:Battaglia di Craibstone"
<http://www.wikidata.org/entity/Q4870805>	"es:Batalla de Creadran Cille|fr:bataille de Creadran Cille"
<http://www.wikidata.org/entity/Q4870809>	"cy:Brwydr Crogen|nl:Slag bij Crogen|sl:bitka pri Crogenu|ga:Cath Crogen|es:Batalla de Crogen|fr:bataille de Crogen"
<http://www.wikidata.org/entity/Q4870814>	"es:batalla de Ctesifonte (165)|it:battaglia di Ctesifonte|pl:Bitwa pod Ktezyfonem (165)"
<http://www.wikidata.org/entity/Q4870837>	"hu:Dalrigh-i csata|de:Gefecht bei Dalry|ga:Cath Dhail Rìgh|es:Batalla de Dalrigh|nb:Slaget ved Dalry|fr:bataille de Dalrigh|it:Battaglia di Dalrigh|pl:Bitwa pod Dalrigh"
<http://www.wikidata.org/entity/Q4870840>	"fr:bataille de Danes Moor"
<http://www.wikidata.org/entity/Q4870887>	"ro:Bătălia de la Orbic|ga:Cath Orbic|es:Batalla de Orbic"
<http://www.wikidata.org/entity/Q4870907>	"da:Slaget ved Dorestad|ro:Bătălia de la Dorestad|nl:Slag bij Dorestad|ga:Cath Dorestad|es:Batalla de Dorestad|fr:bataille de Dorestad"
<http://www.wikidata.org/entity/Q4870911>	"de:Schlacht von Dover (1217)|es:Batalla de Dover (1217)|fr:bataille de Douvres"
<http://www.wikidata.org/entity/Q4870923>	"ga:Cath Dhruim an Chait|fr:bataille de Drumchatt"
<http://www.wikidata.org/entity/Q4870925>	"fr:bataille de Drumlui"
<http://www.wikidata.org/entity/Q4870929>	"es:Batalla de Drumnacoub|fr:bataille de Drumnacoub"
<http://www.wikidata.org/entity/Q4870937>	"de:Schlacht von Duns|ga:Cath na Dùintean|es:Batalla de Duns|fr:bataille de Duns|it:Battaglia di Duns"
<http://www.wikidata.org/entity/Q4870943>	"ga:Cath Dhíseart Uí Dheá|es:Batalla de Dysert O'Dea|fr:bataille de Dysert O'Dea"
<http://www.wikidata.org/entity/Q4870969>	"ca:milacre d'Empel|nl:Wonder van Empel|gl:Milagre de Empel|ga:Cath Empel|es:Milagro de Empel|fr:bataille d'Empel|it:Battaglia di Empel"
<http://www.wikidata.org/entity/Q4870973>	"ca:batalla d'Épila|ga:Cath Épila|es:batalla de Épila (1348)|fr:bataille d'Épila"
<http://www.wikidata.org/entity/Q4870988>	"eu:Estercuelgo gudua|ga:Cath Estercuel|es:batalla de Estercuel|fr:bataille d'Estercuel"
<http://www.wikidata.org/entity/Q4870992>	"cy:Brwydr Cwnsyllt|de:Gefecht am Coleshill|sl:bitka pri Ewloe|ga:Cath Cwnsyllt|es:Batalla de Ewloe|fr:bataille d'Ewloe"
<http://www.wikidata.org/entity/Q4870998>	"sv:Slaget om Falun|ga:Cath Falun|es:Batalla de Falun|fr:bataille de Falun"
<http://www.wikidata.org/entity/Q4871006>	"ga:Cath Fhearsaid Mhór|es:Batalla de Farsetmore"
<http://www.wikidata.org/entity/Q4871013>	"ga:Cath Fidentia|es:Batalla de Fidencia|pt:Batalha de Fidência"
<http://www.wikidata.org/entity/Q4871022>	"ga:Cath Fjaler|es:batalla de Fjaler"
<http://www.wikidata.org/entity/Q4871029>	"nl:Slag bij Flores (1591)|es:batalla de Flores (1591)|pt:Batalha das Flores (1591)|fr:combat des Açores|it:Battaglia di Flores (1591)|pl:Bitwa morska przy wyspie Flores"
<http://www.wikidata.org/entity/Q4871030>	"ca:batalla de Formentera|nl:Slag bij Formentera|es:batalla de Formentera|fr:bataille de Formentera|it:battaglia di Formentera"
<http://www.wikidata.org/entity/Q4871069>	"cs:Bitva u Fucinského jezera|sv:Slaget vid Fucinosjön|es:Batalla del Lago Fucino|pt:Batalha do Lago Fucino|fr:bataille du lac Fucin|it:battaglia del lago del Fucino|pl:Bitwa nad jeziorem Fucinus"
<http://www.wikidata.org/entity/Q4871082>	"ga:Cath Garisi|es:batalla de Garisi|fr:bataille de Garissi"
<http://www.wikidata.org/entity/Q4871083>	"ga:Cath Gatae|es:Batalla de Gatae"
<http://www.wikidata.org/entity/Q4871095>	"ga:Cath Ghamra|es:batalla de Ghamra|fr:bataille de Ghamra"
<http://www.wikidata.org/entity/Q4871105>	"ga:Cath Ghlaschú|es:Batalla de Glasgow (1560)"
<http://www.wikidata.org/entity/Q4871106>	"ga:Cath Ghlaschú|es:Batalla de Glasgow (1544)|it:Battaglia di Glasgow (1544)"
<http://www.wikidata.org/entity/Q4871110>	"ga:Cath Ghleann Lìobhaid"
<http://www.wikidata.org/entity/Q4871112>	"hu:Glen trooli csata|de:Gefecht von Glen Trool|es:Batalla de Glen Trool|nb:Slaget ved Glen Trool|fr:bataille de Glen Trool|it:Battaglia di Glen Trool"
<http://www.wikidata.org/entity/Q4871113>	"ga:Cath Ghleann Taise|es:Batalla de Glentaisie"
<http://www.wikidata.org/entity/Q4871168>	"ga:Cath Guoloph|es:Batalla de Guoloph|fr:bataille de Guoloph"
<http://www.wikidata.org/entity/Q4871191>	"ga:Cath Harpsdale|fr:bataille de Harpsdale"
<http://www.wikidata.org/entity/Q4871212>	"cy:Brwydr Henffordd|ga:Cath Hereford|es:Batalla de Hereford"
<http://www.wikidata.org/entity/Q4871252>	"ga:Cath Huete|es:batalla de Huete|fr:bataille de Huete"
<http://www.wikidata.org/entity/Q4871276>	"ga:Cath Inbhir Lòchaidh|es:Batalla de Inverlochy|fr:bataille d'Inverlochy"
<http://www.wikidata.org/entity/Q4871277>	"ga:Cath Inbhir na h-Abhann|fr:bataille d'Invernahavon"
<http://www.wikidata.org/entity/Q4871281>	"hu:Inverurie-i csata|de:Schlacht bei Inverurie|ga:Cath Inbhir Uaraidh|es:Batalla de Inverurie|nb:Slaget ved Inverurie|fr:bataille d'Inverurie|it:Battaglia di Inverurie (1308)"
<http://www.wikidata.org/entity/Q4871410>	"ga:Cath Cheanannais|es:Batalla de Kells|fr:bataille de Kells|it:Battaglia di Kells"
<http://www.wikidata.org/entity/Q4871519>	"cs:bitva u La Rochelle|ca:batalla de La Rochelle (1419)|es:batalla de La Rochelle (1419)|pt:Batalha de La Rochelle (1419)|fr:bataille de La Rochelle"
<http://www.wikidata.org/entity/Q4871547>	"ga:Cath Leac Mailm|es:Batalla de Leckmelm|fr:bataille de Leckmelm"
<http://www.wikidata.org/entity/Q4871564>	"es:Batalla de Linlithgow Bridge|fr:bataille de Linlithgow Bridge"
<http://www.wikidata.org/entity/Q4871565>	"ga:Cath Linuesa|es:batalla de Linuesa|pt:Batalha de Linuesa"
<http://www.wikidata.org/entity/Q4871578>	"cy:Brwydr Garn Goch|sl:bitka pri Llwchwru|ga:Cath Llwchwr|es:Batalla de Llwchwr|fr:bataille de Llwchwr|it:Battaglia di Llwchwr"
<http://www.wikidata.org/entity/Q4871579>	"cy:Brwydr Llandeilo Fawr|de:Schlacht von Llandeilo Fawr|es:Batalla de Llandeilo Fawr|fr:bataille de Llandeilo Fawr"
<http://www.wikidata.org/entity/Q4871580>	"ga:Cath Loch Abar|fr:bataille de Lochaber"
<http://www.wikidata.org/entity/Q4871581>	"hu:Loch Ryan-i csata|es:Batalla de Loch Ryan|fr:bataille de Loch Ryan|it:Battaglia di Loch Ryan"
<http://www.wikidata.org/entity/Q4871582>	"ga:Cath Lobregal|es:batalla de Lobregal|fr:bataille de Lobregal"
<http://www.wikidata.org/entity/Q4871583>	"es:Batalla de Lochmaben Fair|fr:bataille de Lochmaben Fair"
<http://www.wikidata.org/entity/Q4871604>	"es:Batalla de Lough Raska|fr:bataille du Lough Raska"
<http://www.wikidata.org/entity/Q4871609>	"ga:Cath Lubieszów|es:Batalla de Lubieszów|fr:bataille de Lubieszów|pl:Bitwa pod Lubiszewem"
<http://www.wikidata.org/entity/Q4871615>	"ga:Cath Lunalonge|es:Batalla de Lunalonge|fr:bataille de Lunalonge"
<http://www.wikidata.org/entity/Q4871616>	"ga:Cath Lann Fhìonain|es:Batalla de Lumphanan|pt:Batalha de Lumphanan"
<http://www.wikidata.org/entity/Q4871621>	"lt:Liubavos mūšis|ga:Cath Löbau|es:Batalla de Löbau|pl:Bitwa pod Lubawą"
<http://www.wikidata.org/entity/Q4871648>	"ga:Cath Malemort|es:Batalla de Malemort"
<http://www.wikidata.org/entity/Q4871653>	"es:Batalla de Mam Garvia|fr:bataille de Mam Garvia"
<http://www.wikidata.org/entity/Q4871691>	"ca:batalla de Dayr al-Jathaliq|ga:Cath Maskin|es:batalla de Maskin|fr:bataille de Maskin|it:battaglia di Dayr al-Jathaliq"
<http://www.wikidata.org/entity/Q4871718>	"gl:Batalla de Mercredesburne|ga:Cath Mercredesburne|es:Batalla de Mercredesburne"
<http://www.wikidata.org/entity/Q4871725>	"ga:Cath Meçad|es:Batalla de Meçad|pl:Bitwa pod Meçad"
<http://www.wikidata.org/entity/Q4871751>	"ga:Cath Moclín|es:batalla de Moclín (1280)|fr:bataille de Moclín|it:Battaglia di Moclín"
<http://www.wikidata.org/entity/Q4871754>	"cy:Brwydr Moel-y-don|de:Schlacht an der Menai Strait|ga:Cath Moel-y-don|es:Batalla de Moel-y-don|fr:bataille de Moel-y-don"
<http://www.wikidata.org/entity/Q4871760>	"ga:Cath Moira|es:Batalla de Moira|fr:bataille de Magh Rath"
<http://www.wikidata.org/entity/Q4871762>	"es:Batalla de Moiry Pass|fr:bataille de Moiry Pass|it:Battaglia del passo di Moiry"
<http://www.wikidata.org/entity/Q4871780>	"nl:Slag bij Montiel (1143)|gl:batalla de Montiel|ga:Cath Montiel|es:batalla de Montiel (1143)"
<http://www.wikidata.org/entity/Q4871798>	"ca:Batalla del Mont Cadmos|nl:Slag bij Mont Cadmus|es:Batalla de Mount Cadmus|pt:Batalha do Monte Cadmo|fr:bataille du mont Cadmos"
<http://www.wikidata.org/entity/Q4871805>	"es:batalla del Monte Liceo|it:battaglia del Monte Liceo"
<http://www.wikidata.org/entity/Q4871806>	"es:batalla del monte Olimpo|fr:bataille du mont Olympe|it:battaglia del Monte Olimpo|pl:Bitwa pod górą Olimp"
<http://www.wikidata.org/entity/Q4871811>	"es:Batalla del monte Tifata|pt:Batalha do monte Tifata|pl:Bitwa pod górą Tifata"
<http://www.wikidata.org/entity/Q4871830>	"nl:Slag bij Munychia|ga:Cath Munichia|es:Batalla de Muniquia|fr:bataille de Munichia|it:battaglia di Munichia"
<http://www.wikidata.org/entity/Q4871831>	"cy:Brwydr Hyddgen|nl:Slag bij Mynydd Hyddgen|es:batalla de Mynydd Hyddgen|fr:bataille de Mynydd Hyddgen"
<http://www.wikidata.org/entity/Q4871832>	"de:Schlacht bei Myton|ga:Cath Myton|es:Batalla de Myton|fr:bataille de Myton|it:Battaglia di Myton"
<http://www.wikidata.org/entity/Q4871866>	"ga:Cath Naqra|es:Batalla de Naqra|fr:bataille de Naqra"
<http://www.wikidata.org/entity/Q4871876>	"es:Batalla de Nesbit Moor|fr:bataille de Nesbit Moor"
<http://www.wikidata.org/entity/Q4871877>	"hu:Nesbit Moor-i csata|es:Batalla de Nesbit Moor|fr:bataille de Nesbit Moor|it:Battaglia di Nesbit Moor"
<http://www.wikidata.org/entity/Q4871895>	"hu:Nibley Green-i csata|ca:Batalla de Nibley Green|es:Batalla de Nibley Green"
<http://www.wikidata.org/entity/Q4871910>	"es:Batalla de North Walsham|pt:Batalha de North Walsham|fr:bataille de North Walsham"
<http://www.wikidata.org/entity/Q4871912>	"ga:Cath Northampton|es:Batalla de Northampton"
<http://www.wikidata.org/entity/Q4871928>	"nl:Slag bij Nîmes|ga:Cath Nîmes|es:Batalla de Nîmes|fr:bataille de Nîmes"
<http://www.wikidata.org/entity/Q4871929>	"ca:setge d'Octodurus|de:Schlacht von Octodurum|nl:Slag bij Octodurus|ga:Cath Octodurus|es:Batalla de Octoduro|pt:Batalha de Octoduro|fr:bataille d'Octodure|it:battaglia di Octoduro"
<http://www.wikidata.org/entity/Q4871955>	"ga:Cath Orkdal|es:batalla de Orkdal|fr:bataille de l'Orkdal"
<http://www.wikidata.org/entity/Q4871982>	"nl:Slag bij Pantina|ga:Cath Pantino|es:Batalla de Pantina|fr:bataille de Pantino"
<http://www.wikidata.org/entity/Q4871998>	"ca:batalla de Paterna|nl:Slag bij Paterna|ga:Cath Paterna|es:Batalla de Paterna|fr:bataille de Paterna"
<http://www.wikidata.org/entity/Q4872010>	"ga:Cath Pencon|es:Batalla de Pencon"
<http://www.wikidata.org/entity/Q4872044>	"da:Slaget ved Pinhoe|ga:Cath Pinhoe"
<http://www.wikidata.org/entity/Q4872047>	"de:Schlacht von Piperdean|ga:Cath Piperdean|es:Batalla de Piperdean|fr:bataille de Piperdean|it:Battaglia di Piperdean"
<http://www.wikidata.org/entity/Q4872074>	"lt:Pokarvio mūšis|ga:Cath Pokarwis|es:Batalla de Pokarwis|fr:bataille de Pokarwis"
<http://www.wikidata.org/entity/Q4872078>	"ca:batalla de Ponça (1300)|es:Batalla de Ponza|it:Battaglia di Ponza (1300)"
<http://www.wikidata.org/entity/Q4872092>	"ga:Cath Pouancé"
<http://www.wikidata.org/entity/Q4872153>	"ga:Cath Ràtha|es:Batalla de Raith|fr:bataille de Raith|it:Battaglia di Raith"
<http://www.wikidata.org/entity/Q4872170>	"ca:Batalla de Ravenna (476)|ga:Cath Ravenna|es:batalla de Ravena|nb:Slaget om Ravenna (476)|fr:bataille de Ravenna|it:Battaglia di Ravenna (476)"
<http://www.wikidata.org/entity/Q4872172>	"es:Batalla de Red Ford|fr:bataille de Red Ford"
<http://www.wikidata.org/entity/Q4872183>	"ga:Cath Ringmere|es:Batalla de Ringmere|fr:Bataille de Ringmere"
<http://www.wikidata.org/entity/Q4872192>	"ga:Cath Roccavione|es:Batalla de Roccavione|fr:bataille de Roccavione"
<http://www.wikidata.org/entity/Q4872202>	"cs:Bitva v průsmyku Roncevaux (824)|eu:Orreagako gudua (824)|nl:Battle of Roncevaux Pass|hr:Bitka kod Roncesvallesa|es:segunda batalla de Roncesvalles|fr:bataille de Roncevaux"
<http://www.wikidata.org/entity/Q4872212>	"ca:batalla de Rueda|eu:Ruedako gudua|nl:Battle of Rueda|ga:Cath Rueda|es:batalla de Rueda|fr:bataille de Rueda"
<http://www.wikidata.org/entity/Q4872231>	"ca:Batalla de Sacriportus|ga:Cath Sacriporto|es:Batalla de Sacriporto|pt:Batalha de Sacriporto|fr:bataille de Sacriport|it:Battaglia di Sacriporto|pl:Bitwa pod Preneste"
<http://www.wikidata.org/entity/Q4872238>	"ga:Cath Saintes|es:Batalla de Saintes|fr:bataille de Saintes"
<http://www.wikidata.org/entity/Q4872245>	"ga:Cath Salga|es:batalla de Salga|pt:Batalha da Salga|fr:bataille de Salga|pl:Bitwa koło Zatoki Salga"
<http://www.wikidata.org/entity/Q4872270>	"de:Schlacht von San Esteban de Gormaz|nl:Slag bij San Esteban de Gormaz (917)|gl:batalla de San Esteban de Gormaz|es:Batalla de San Esteban de Gormaz (917)|fr:bataille de San Esteban de Gormaz"
<http://www.wikidata.org/entity/Q4872326>	"ga:Cath Sauðafell|es:batalla de Sauðafell|pl:bitwie pod Sauðafell"
<http://www.wikidata.org/entity/Q4872350>	"ca:batalla de Seminara (1503)|ga:Cath Seminara|es:Batalla de Seminara|fr:bataille de Seminara|it:battaglia di Seminara"
<http://www.wikidata.org/entity/Q4872388>	"ga:Cath Skaithmuir|es:Batalla de Skaithmuir|fr:bataille de Skaithmuir|it:Battaglia di Skaithmuir"
<http://www.wikidata.org/entity/Q4872390>	"fr:bataille de Skibo et Strathfleet"
<http://www.wikidata.org/entity/Q4872391>	"ga:Cath Sceithrí|es:Batalla de Skerries|fr:bataille de Skerries|it:Battaglia di Skerries"
<http://www.wikidata.org/entity/Q4872393>	"es:Batalla de Slioch|fr:bataille de Slioch|it:Battaglia di Slioch"
<http://www.wikidata.org/entity/Q4872427>	"ro:Bătălia de la St. James|cs:bitva u Saint-James|es:Batalla de San Jaime|fr:bataille de Saint-James"
<http://www.wikidata.org/entity/Q4872432>	"es:batalla de Stalling Down|fr:bataille de Stalling Down"
<http://www.wikidata.org/entity/Q4872434>	"de:Weardale Campaign|es:Batalla de Stanhope Park|pt:Campanha de Weardale|fr:campagne de Stanhope Park|it:Battaglia di Stanhope Park"
<http://www.wikidata.org/entity/Q4872447>	"ga:Cath Shrath Chathrach|es:Batalla de Stracathro|it:battaglia di Stracathro"
<http://www.wikidata.org/entity/Q4872472>	"sv:Slaget vid Susa|ga:Cath Susa|es:Batalla de Susa|pt:Batalha de Susa|it:Battaglia di Susa|pl:Zdobycie Suzy przez Asyryjczyków"
<http://www.wikidata.org/entity/Q4872503>	"ga:Cath a' Tamhnaich|es:Batalla de Tannach"
<http://www.wikidata.org/entity/Q4872508>	"ga:Cath Thairbeart|fr:bataille de Tarbat"
<http://www.wikidata.org/entity/Q4872539>	"ga:Cath Thearmápalae|es:Batalla de las Termópilas|fr:bataille des Thermopyles|it:battaglia delle Termopili"
<http://www.wikidata.org/entity/Q4872544>	"es:batalla de las Termópilas|fr:bataille des Thermopyles"
<http://www.wikidata.org/entity/Q4872545>	"ga:Cath Thimeon|es:Batalla de Thimeon|fr:bataille de Thiméon|pl:Bitwa pod Thimeon"
<http://www.wikidata.org/entity/Q4872577>	"fr:bataille de Torran Dubh"
<http://www.wikidata.org/entity/Q4872578>	"ca:batalla de Torrevicente|ga:Cath Torrevicente|es:batalla de Torrevicente|fr:bataille de Torrevicente"
<http://www.wikidata.org/entity/Q4872582>	"es:Batalla de Tragh-Bhaile"
<http://www.wikidata.org/entity/Q4872584>	"ga:Cath Thrá Ghruineart|es:Batalla de Traigh Ghruinneart|fr:bataille de Traigh Ghruinneart"
<http://www.wikidata.org/entity/Q4872600>	"fr:bataille de Tuiteam Tarbhach"
<http://www.wikidata.org/entity/Q4872609>	"ga:Cath Turnberry|es:Batalla de Turnberry|fr:bataille de Turnberry|it:Battaglia di Turnberry"
<http://www.wikidata.org/entity/Q4872613>	"cy:Brwydr Twthil (1401)|ca:batalla de Tuthill|ga:Cath Twthil|es:batalla de Tuthill (1401)|fr:bataille de Tuthill"
<http://www.wikidata.org/entity/Q4872638>	"ga:Cath Vaikal|es:Batalla de Vaikal|fr:bataille de Vaikal|pl:Bitwa w Dolinie Vajkal"
<http://www.wikidata.org/entity/Q4872644>	"cs:bitva u Valmontu|ga:Cath Valmont|es:Batalla de Valmont|fr:bataille de Valmont"
<http://www.wikidata.org/entity/Q4872660>	"eu:Vellicako gudua|de:Batalha de Vélica|es:batalla de Vellica|pt:Batalha de Vélica"
<http://www.wikidata.org/entity/Q4872663>	"gl:Batalla de Viadangos|ga:Cath Viadangos|es:batalla de Viadangos"
<http://www.wikidata.org/entity/Q4872727>	"hu:Kinghorn-i csata|ca:batalla de Wester Kinghorn|de:Gefecht bei Kinghorn|es:Batalla de Wester Kinghorn|fr:bataille de Wester Kinghorn|it:Battaglia di Kinghorn"
<http://www.wikidata.org/entity/Q4872740>	"ga:Cath Wilton|es:Batalla de Wilton|fr:bataille de Wilton|it:battaglia di Wilton"
<http://www.wikidata.org/entity/Q4872747>	"es:Batalla de Woden's Burg"
<http://www.wikidata.org/entity/Q4872748>	"es:Batalla de Woden's Burg|fr:bataille de Woden's Burg"
<http://www.wikidata.org/entity/Q4872755>	"da:Slaget ved Worksop|ga:Cath Worksop|es:Batalla de Worksop|fr:bataille de Worksop"
<http://www.wikidata.org/entity/Q4872776>	"ca:batalla de Khan Yunis|es:batalla de Yaunis Khan|fr:bataille de Khan Younès|it:battaglia di Khan Yunis"
<http://www.wikidata.org/entity/Q4872777>	"ga:Cath Yeavering|es:Batalla de Yeavering|fr:bataille de Yeavering|it:Battaglia di Yeavering"
<http://www.wikidata.org/entity/Q4872816>	"ga:Cath al-Babein|es:batalla de al-Babein|it:Battaglia di al-Babein (1167)"
<http://www.wikidata.org/entity/Q4872817>	"ca:batalla de Zvečan|es:Batalla de Zvčan"
<http://www.wikidata.org/entity/Q4872819>	"ca:Batalla d'al-Buqaia|ga:Cath al-Buqaia|es:Batalla de al-Buqaia|it:battaglia di al-Buqaia"
<http://www.wikidata.org/entity/Q4872835>	"es:Batalla del río Asio|pt:Batalha do rio Ásio|pl:Bitwa nad rzeką Aesis"
<http://www.wikidata.org/entity/Q4872873>	"gl:batalla da Ponte de Corniana|es:Batalla del Puente de Cornellana"
<http://www.wikidata.org/entity/Q4872891>	"nl:Slag bij de Cilicische poort|es:batalla de las Puertas Cilicias (39 a. C.)|pt:Batalha das Portas da Cilícia|fr:bataille des Portes de Cilicie"
<http://www.wikidata.org/entity/Q4872897>	"ca:batalla dels Comtes|es:batalla de los condes|pt:Batalha dos Condes|it:battaglia dei Conti|pl:Bitwa morska pod Neapolem"
<http://www.wikidata.org/entity/Q4872923>	"es:batalla del golfo de Omán|pt:Batalha do Golfo de Omã|fr:bataille du golfe d'Oman"
<http://www.wikidata.org/entity/Q4872926>	"sv:Slaget vid Neapelbukten|ca:batalla del golf de Nàpols|es:batalla naval del golfo de Nápoles|pt:Batalha do Golfo de Nápoles|fr:bataille du golfe de Naples|it:battaglia del golfo di Napoli|pl:Bitwa morska w Zatoce Neapolitańskiej"
<http://www.wikidata.org/entity/Q4872931>	"da:Slaget ved the Holme|gl:Batalla do Holme|es:Batalla del Holme|fr:bataille de la Holme"
<http://www.wikidata.org/entity/Q4872939>	"es:Batalla de la Isla de Mann"
<http://www.wikidata.org/entity/Q4872958>	"nl:Slag bij Morcuera|es:Batalla de la Morcuera"
<http://www.wikidata.org/entity/Q4872963>	"nl:Asterius' veldtocht in Gallaecia|gl:Batalla dos montes Nervasos|es:batalla de los montes Nervasos|pt:Batalha dos montes Nervasos"
<http://www.wikidata.org/entity/Q4872981>	"ca:Batalla de l'Orontes|es:batalla del Orontes|pt:Batalha do Orontes|fr:bataille des gués de l’Oronte"
<http://www.wikidata.org/entity/Q4872996>	"nl:Slag om de Haven van Carthago|es:batalla del Puerto de Cartago|pt:Batalha do Porto de Cartago|fr:bataille du port de Carthage|pl:Bitwa morska przy porcie kartagińskim"
<http://www.wikidata.org/entity/Q4872998>	"fr:bataille de la rivière Dee|it:Battaglia del fiume Dee"
<http://www.wikidata.org/entity/Q4873013>	"fr:bataille des Chemises"
<http://www.wikidata.org/entity/Q4873016>	"ga:Cath Mhilleadh a’ Ghàraidh"
<http://www.wikidata.org/entity/Q4873022>	"es:batalla del río Tanais"
<http://www.wikidata.org/entity/Q4873029>	"ca:batalla del Trent|gl:Batalla do Trent|es:Batalla del Trent|fr:bataille de la Trent|pl:Bitwa nad rzeką Trent"
<http://www.wikidata.org/entity/Q4873050>	"sl:bitka v Mesinskem prelivu|es:batalla del estrecho de Mesina|pt:Batalha do estreito de Messana|fr:bataille du détroit de Messine|it:Battaglia dello stretto di Messina"
<http://www.wikidata.org/entity/Q4873051>	"ga:Cath Áth an Chip|es:Batalla de Áth an Chip|fr:bataille d’Áth an Chip"
<http://www.wikidata.org/entity/Q48755069>	"ga:Cath Blanquefort|fr:bataille de la Male Jornade"
<http://www.wikidata.org/entity/Q48756092>	"de:Cyriakus-Schlacht"
<http://www.wikidata.org/entity/Q48759516>	"ga:Cath L'Écluse|fr:bataille de L'Écluse"
<http://www.wikidata.org/entity/Q48760695>	"es:batalla de Chef-de-Caux|fr:bataille de Chef-de-Caux"
<http://www.wikidata.org/entity/Q488278>	"da:Slaget ved Uhud|ro:Bătălia de la Uhud|sv:Slaget vid Uhud|hu:Uhud-hegyi csata|ca:batalla de l'Úhud|lt:Uhudo mūšis|de:Schlacht von Uhud|nl:Slag bij Uhud|sl:bitka pri Uhudu|ga:Cath Uhud|es:Batalla de Uhud|nb:Slaget ved Uhud|pt:Batalha de Uhud|fr:bataille de Uhud|it:battaglia di Uhud|fi:Uhudin taistelu|pl:Bitwa pod Uhud"
<http://www.wikidata.org/entity/Q489057>	"de:Schlacht von Carrickfergus|ga:Cath Charraig Fhearghais|es:Batalla de Carrickfergus|fr:bataille de Carrickfergus|it:battaglia di Carrickfergus (1597)|pl:Bitwa pod Carrickfergus"
<http://www.wikidata.org/entity/Q4890612>	"ca:setge d'al-Dāmūs|nl:Beleg van Ademuz|gl:asedio de Al-Dāmūs|ga:Léigear Al-Dāmūs|es:sitio de Al-Dāmūs|fr:siège d'Al-Damus"
<http://www.wikidata.org/entity/Q48965466>	"ga:Cath Leontion|es:batalla de Leontio|fr:bataille de Léontion"
<http://www.wikidata.org/entity/Q48998655>	"ga:Cath Trapani|es:Batalla de Trapani|pt:Batalha de Trapani|it:Battaglia di Trapani"
<http://www.wikidata.org/entity/Q48998988>	"es:batalla de Saseno|pt:Batalha de Saseno|it:Battaglia di Saseno"
<http://www.wikidata.org/entity/Q49000444>	"ga:Cath Martos|es:batalla de Martos|fr:bataille de Martos|it:battaglia di Martos"
<http://www.wikidata.org/entity/Q490223>	"da:Slaget ved Bornhøved|sv:Slaget vid Bornhöft|de:Schlacht bei Bornhöved|nl:Slag bij Bornhöved|et:Bornhövedi lahing (1227)|ga:Cath Bornhöved|es:batalla de Bornhöved (1227)|nb:Slaget ved Bornhøved|fr:bataille de Bornhöved|fi:Bornhövedin taistelu|pl:Bitwa pod Bornhöved"
<http://www.wikidata.org/entity/Q497806>	"lt:Ergemės mūšis|de:Schlacht bei Ermes|et:Härgmäe lahing|ga:Cath Ergeme|es:Batalla de Ergeme|nb:Slaget ved Ergeme|pt:Batalha de Ergeme|fr:bataille d'Ergeme|lv:Ērģemes kauja|it:battaglia di Ergeme|fi:Härgmäen taistelu|pl:Bitwa pod Ērģeme"
<http://www.wikidata.org/entity/Q499626>	"da:Slaget ved Stirling Bridge|ro:Bătălia de la Stirling Bridge|cs:bitva u Stirlingského mostu|sv:Slaget vid Stirling Bridge|hu:Stirling hídi csata|cy:Brwydr Pont Stirling|ca:batalla del pont de Stirling|eu:Stirlingeko zubiko gudua|de:Schlacht von Stirling Bridge|nl:Slag bij Stirling Bridge|gl:batalla da ponte de Stirling|ga:Cath Dhroichead Shruighlea|es:Batalla del Puente de Stirling|nb:slaget ved Stirling Bridge|pt:Batalha de Stirling Bridge|fr:bataille du pont de Stirling|it:battaglia di Stirling Bridge|fi:Stirling Bridgen taistelu|pl:Bitwa pod Stirling"
<http://www.wikidata.org/entity/Q5036985>	"hu:Berwick kifosztása|de:Belagerung von Berwick|es:Captura de Berwick|fr:siège de Berwick|it:battaglia di Berwick"
<http://www.wikidata.org/entity/Q5036988>	"hu:Berwick ostroma (1318)|de:Belagerung von Berwick|es:Captura de Berwick|fr:siège de Berwick|it:Assedio di Berwick (1318)"
<http://www.wikidata.org/entity/Q5036994>	"fr:Prise de Cambridge"
<http://www.wikidata.org/entity/Q503982>	"ro:Bătălia de la Mycale|sk:Bitka pri Mykalé|cs:Bitva u Mykalé|sv:Slaget vid Mykale|hu:mükalészi csata|ca:batalla de Mícale|eu:Mikalako gudua|de:Schlacht von Mykale|nl:Slag bij Mycale|la:Pugna Mycalensis|sl:bitka pri Mikalah|ga:Cath Mycale|es:Batalla de Mícala|nb:Slaget ved Mykale|pt:Batalha de Mícale|fr:bataille du cap Mycale|it:battaglia di Micale|pl:Bitwa pod Mykale"
<http://www.wikidata.org/entity/Q504172>	"cs:Bitva u Guadalete|sv:Slaget vid Guadalete|hu:guadaletei csata|ca:batalla de Guadalete|eu:Guadaleteko gudua|de:Schlacht am Río Guadalete|nl:Slag bij Guadalete|gl:batalla de Guadalete|la:Proelium apud Transductos Promontorios|sl:bitka pri Guadaleti|ga:Cath Guadalete|es:batalla de Guadalete|pt:Batalha de Guadalete|fr:bataille du Guadalete|it:battaglia del Guadalete|fi:Guadaleten taistelu|pl:Bitwa nad rzeką Guadelete"
<http://www.wikidata.org/entity/Q504739>	"is:Orrustan við Pydna|sk:Bitka pri Pydne|cs:bitva u Pydny|sv:Slaget vid Pydna|hu:püdnai csata|ca:batalla de Pidna|de:Schlacht von Pydna|nl:Slag bij Pydna|ga:Cath Pydna|es:batalla de Pidna|nb:Slaget ved Pydna|pt:Batalha de Pidna|fr:bataille de Pydna|it:battaglia di Pidna|fi:Pydnan taistelu|pl:Bitwa pod Pydną"
<http://www.wikidata.org/entity/Q505699>	"da:Slaget ved Heiligerlee|eu:Heiligerleeko gudua|de:Schlacht von Heiligerlee|nl:Slag bij Heiligerlee|gl:batalla de Heiligerlee|ga:Cath Heiligerlee|es:Batalla de Heiligerlee|fr:bataille de Heiligerlee|it:battaglia di Heiligerlee|pl:Bitwa pod Heiligerlee"
<http://www.wikidata.org/entity/Q511578>	"ca:batalla del Mont Gaure|de:Schlacht am Berg Gaurus|nl:Slag bij de Gaurusberg|es:Batalla del Monte Gauro|nb:Slaget ved Mons Gaurus|pt:Batalha de Monte Gauro|fr:bataille du Mont Gauro|it:battaglia del Monte Gauro|pl:Bitwa pod Mons Gaurus"
<http://www.wikidata.org/entity/Q5130585>	"nl:Cleanse the Causeway"
<http://www.wikidata.org/entity/Q514382>	"sv:Slaget vid al-Harra|ca:batalla d'al-Harra|nl:Battle of al-Harrah|ga:Cath al-Harrah|es:Batalla de al-Harra|pt:Batalha de al-Harrah|fr:bataille d'al-Harrah|it:battaglia della Seconda Harra"
<http://www.wikidata.org/entity/Q515561>	"is:Hafursfjarðarorusta|da:Slaget i Hafrsfjord|ro:bătălia de la Hafrsfjord|cs:Bitva u Hafrsfjordu|de:Schlacht am Hafrsfjord|nl:Battle of Hafrsfjord|et:Hafrsfjordi lahing|es:batalla de Hafrsfjord|nb:Slaget i Hafrsfjord|pt:Batalha do Fiorde de Hafrs|fr:bataille de Hafrsfjord|it:battaglia di Hafrsfjord|pl:Bitwa pod Hafrsfjord"
<http://www.wikidata.org/entity/Q5162440>	"sv:Erövringen av Kalmar (1523)|sl:zavzetje Kalmarja|fr:conquête de Kalmar"
<http://www.wikidata.org/entity/Q5162452>	"sv:Slaget om Uppsala|sl:zavzetje Uppsale|fr:conquête d'Uppsala"
<http://www.wikidata.org/entity/Q516507>	"ca:reconquesta de Gal·lípoli|nl:Reconquest of Gallipoli|es:Reconquista de Galípoli|fr:reconquête de Gallipoli|it:riconquista di Gallipoli"
<http://www.wikidata.org/entity/Q516760>	"ro:Bătălia de la Munda|cs:bitva u Mundy|sv:Slaget vid Munda|ca:batalla de Munda|lt:Mundos mūšis|de:Schlacht von Munda|nl:Slag bij Munda|hr:Bitka kod Munde|ga:Cath Munda|es:batalla de Munda|nb:Slaget ved Munda|pt:Batalha de Munda|fr:bataille de Munda|it:battaglia di Munda|fi:Mundan taistelu|pl:Bitwa pod Mundą"
<http://www.wikidata.org/entity/Q518005>	"ro:Bătălia de la La Rochelle|cs:Bitva u La Rochelle|hu:La Rochelle-i csata (1372)|cy:Brwydr La Rochelle|ca:batalla naval de La Rochelle|eu:Arroxelako gudua|de:Seeschlacht von La Rochelle|nl:slag bij La Rochelle|es:batalla de La Rochelle|pt:Batalha de La Rochelle|fr:bataille de La Rochelle|it:battaglia di La Rochelle|pl:Bitwa pod La Rochelle"
<http://www.wikidata.org/entity/Q518759>	"de:Schlacht von Peritheorion|sl:Bitka pri Periteorionu|ga:Cath Peritheorion|es:Batalla de Peritheorion|fr:bataille de Périthéorion|it:Battaglia di Peritheorion|pl:Bitwa pod Periteorion"
<http://www.wikidata.org/entity/Q51911476>	"ca:Setge d'Arràs|es:Asedio de Arràs|fr:siège d'Arras"
<http://www.wikidata.org/entity/Q51913480>	"ga:Léigear Paneas|es:sitio de Paneas|fr:siège de Panéas"
<http://www.wikidata.org/entity/Q51933216>	"ca:setge de Tir|ga:Léigear Tyre|es:sitio de Tiro (1124)|fr:siège de Tyr|it:Assedio di Tiro (1124)"
<http://www.wikidata.org/entity/Q521799>	"da:Slaget ved Neva|ro:Bătălia de pe Neva|cs:Bitva na Něvě|sv:Slaget vid Neva|hu:névai csata|lt:Nevos mūšis|de:Schlacht an der Newa|nl:Slag aan de Neva|et:Neeva lahing|sl:Bitka na Nevi|es:Batalla del Neva|nb:Slaget ved Neva|fr:bataille de la Neva|lv:Ņevas kauja|it:battaglia della Neva|fi:Nevan taistelu|pl:Bitwa nad Newą"
<http://www.wikidata.org/entity/Q52256876>	"ca:setge de Tata de 1593|ga:Léigear Tata|fr:siège du château de Tata"
<http://www.wikidata.org/entity/Q52257096>	"ca:setge de Győr de 1594|sl:obleganje Győra (1594)|ga:Léigear Győr|fr:siège de Győr"
<http://www.wikidata.org/entity/Q52258033>	"hu:Esztergom ostroma (1595)|de:Belagerung von Gran (1595)|sl:obleganje Esztergoma (1595)|ga:Léigear Esztergom (1595)|fr:siège d'Esztergom"
<http://www.wikidata.org/entity/Q52259637>	"ca:setge de Tata de 1597|ga:Léigear Tata|fr:siège de Tata"
<http://www.wikidata.org/entity/Q524871>	"cs:bitva u Kyziku|de:Schlacht von Kyzikos|nl:Slag bij Cyzicus|es:Batalla de Cícico|nb:Slaget ved Kyzikos|fr:bataille de Cyzique|it:battaglia di Cizico|pl:Bitwa morska pod Kyzikos"
<http://www.wikidata.org/entity/Q525325>	"cs:bitva u Dyrrhachia|ca:batalla de Dirràquium|de:Schlacht von Dyrrhachium|nl:Slag bij Dyrrhachium|hr:Bitka kod Drača|ga:Cath Dyrrhachium|es:Batalla de Dirraquio|nb:Slaget ved Dyrrhachium|pt:Batalha de Dyrrhachium|fr:bataille de Dyrrachium|it:battaglia di Dyrrhachium|fi:Dyrrhakhionin taistelu|pl:I bitwa pod Dyrrachium"
<http://www.wikidata.org/entity/Q532544>	"nl:Battle of Svindax|ga:Cath Svindax|es:batalla de Svindax|pt:Batalha de Svindax|fr:bataille de Svindax|it:battaglia di Svindax"
<http://www.wikidata.org/entity/Q534990>	"cs:Bitva u Göllheimu|de:Schlacht bei Göllheim|ga:Cath Göllheim|es:Batalla de Göllheim|pt:Batalha de Göllheim|fr:bataille de Göllheim|it:Battaglia di Göllheim|pl:Bitwa pod Göllheim"
<http://www.wikidata.org/entity/Q535542>	"ro:Asediul Belgradului (1521)|sk:Obliehanie Belehradu (1521)|cs:obléhání Bělehradu 1521|hu:Nándorfehérvár elfoglalása|cy:Gwarchae Beograd (1521)|ca:setge de Belgrad|de:Belagerung von Belgrad (1521)|nl:belegering van Belgrado (1521)|hr:Pad Beograda (1521.)|sl:obleganje Beograda (1521)|ga:Léigear Bhéalgrád (1521)|es:sitio de Belgrado (1521)|pt:Cerco de Belgrado (1521)|fr:siège de Belgrade|it:assedio di Belgrado (1521)|pl:Upadek Belgradu (1521)"
<http://www.wikidata.org/entity/Q540205>	"nl:Battle of Veii|la:Veiorum obsidio|ga:Cath Veii|es:Sitio de Veyes|pt:Batalha de Veios|fr:bataille de Véies|it:assedio di Veio"
<http://www.wikidata.org/entity/Q5410388>	"de:Schlacht bei Tarczek|ga:Cath Tarczek|es:Batalla de Tarczkiem|pl:Bitwa pod Tarczkiem"
<http://www.wikidata.org/entity/Q541564>	"ro:Bătălia de pe Elster|ca:batalla de Hohenmölsen|de:Schlacht bei Hohenmölsen|nl:Slag bij Hohenmölsen|fr:bataille de Hohenmölsen|it:Battaglia sull'Elster|pl:Bitwa pod Hohenmölsen"
<http://www.wikidata.org/entity/Q544239>	"cs:Bitva u Pelúsia|ca:batalla de Pelúsion|de:Schlacht bei Pelusium|nl:Slag bij Pelusium|hr:Bitka kod Peluzija|ga:Cath Pelusium|es:batalla de Pelusio|pt:Batalha de Pelúsio|fr:bataille de Péluse|it:battaglia di Pelusio|pl:Bitwa pod Peluzjum"
<http://www.wikidata.org/entity/Q544936>	"da:Slaget ved Ferrybridge|cs:bitva u Ferrybridge|sv:Slaget vid Ferrybridge|hu:ferrybridge-i csata|de:Schlacht bei Ferrybridge|nl:Slag bij Ferrybridge|ga:Cath Ferrybridge|es:Batalla de Ferrybridge|fr:bataille de Ferrybridge|it:Battaglia di Ferrybridge"
<http://www.wikidata.org/entity/Q5452496>	"hu:első acentejói csata|de:Erste Schlacht von Acentejo|gl:Primeira batalla de Acentejo|es:Primera batalla de Acentejo|nb:Det første slaget ved Acentejo"
<http://www.wikidata.org/entity/Q5452499>	"da:Første slag ved Alton|es:Primera batalla de Alton"
<http://www.wikidata.org/entity/Q5452500>	"fr:bataille d'Athenry"
<http://www.wikidata.org/entity/Q5452512>	"es:Primera Batalla de Clusio|pt:Primeira Batalha de Clúsio|pl:Bitwa pod Kluzjum"
<http://www.wikidata.org/entity/Q5454133>	"es:Primera batalla de Solskjell"
<http://www.wikidata.org/entity/Q546505>	"sv:Slaget vid Stegeborg|hu:stegeborgi csata|lt:Stegeborgo mūšis|ga:Cath Stegeborg|es:Batalla de Stegeborg|nb:Slaget ved Stegeborg|it:Battaglia di Stegeborg|pl:Bitwa pod Stegeborgiem"
<http://www.wikidata.org/entity/Q54806107>	"cy:Brwydr Aberllech|sl:bitka v Aberllechu|ga:Cath Aberllech|es:Batalla de Aberllech|fr:bataille d'Aberllech"
<http://www.wikidata.org/entity/Q5486518>	"de:Schlacht von Korinth|ga:Cath na Corainte|es:Batalla de Corinto|pt:Batalha de Corinto|fr:bataille de Corinthe|pl:Bitwa pod Koryntem"
<http://www.wikidata.org/entity/Q551549>	"cs:bitva u Chojnic|hu:konitzi csata|de:Schlacht bei Konitz|sl:Bitka pod Hojnicami|ga:Cath Chojnice|es:Batalla de Chojnice|pt:Batalha de Chojnice|fr:bataille de Konitz|pl:Bitwa pod Chojnicami"
<http://www.wikidata.org/entity/Q55504>	"ro:Bătălia de la Azaz|ca:Batalla d'Azaz|de:Schlacht von Azaz|nl:Slag bij Azaz|ga:Cath Azaz|es:batalla de Azaz|pt:Batalha de Azaz|fr:bataille d'Azâz|it:battaglia di Azaz|pl:Bitwa pod Azaz"
<http://www.wikidata.org/entity/Q555463>	"cs:Bitva na Harzhornu|sv:Slaget vid Harzhorn|de:Harzhornereignis|nl:Romeins slagveld bij Kalefeld|mul:Schlacht am Harzhorn|es:Batalla en el Harzhorn|fr:site archéologique du Harzhorn|it:battaglia di Harzhorn|fi:Harzhornin taistelu|pl:Kampania Maksymina Traka przeciwko Alamanom"
<http://www.wikidata.org/entity/Q55605027>	"ga:Cath Comacchio"
<http://www.wikidata.org/entity/Q55605033>	"it:Battaglia di Le Quesnoy (1568)"
<http://www.wikidata.org/entity/Q55633152>	"ga:Léigear Burgos (1475)|es:asedio del Castillo de Burgos (1475)|fr:siège de Burgos"
<http://www.wikidata.org/entity/Q55633164>	"cs:Obléhání Soluně (676–678)|ca:setge de Tessalònica|ga:Léigear Thessalonica (676–678)|es:sitio de Tesalónica (676-678)|pt:Cerco de Tessalônica (676-678)|fr:siège de Thessalonique|it:Assedio di Tessalonica (676-678)"
<http://www.wikidata.org/entity/Q55647802>	"nl:Slag bij Cellorigo (882)|es:primera batalla de Cellorigo"
<http://www.wikidata.org/entity/Q55648613>	"nl:Slag bij Cellorigo (883)|es:segunda batalla de Cellorigo"
<http://www.wikidata.org/entity/Q55703076>	"ga:Cath Malatya|es:batalla de Malatya (1473)"
<http://www.wikidata.org/entity/Q5576442>	"gl:batalla de Montecubeiro|ga:Cath Montecubeiro|es:batalla de Montecubeiro"
<http://www.wikidata.org/entity/Q55830967>	"ga:Cath Calcinato|es:batalla de Calcinato (1201)|fr:bataille de Calcinato (1201)|it:Battaglia di Calcinato"
<http://www.wikidata.org/entity/Q558503>	"cs:Bitva u Rudau|hu:rudaui csata|ca:batalla de Rudau|lt:Rūdavos mūšis|de:Schlacht bei Rudau|ga:Cath Rudau|es:Batalla de Rudau|fr:bataille de Rudau|it:Battaglia di Rudau|pl:Bitwa pod Rudawą"
<http://www.wikidata.org/entity/Q56064435>	"fr:bataille de Piltown"
<http://www.wikidata.org/entity/Q56346643>	"pt:Batalha de Londínio"
<http://www.wikidata.org/entity/Q565661>	"sv:Slaget vid Khaybar|ca:batalla de Khàybar|de:Chaibar|nl:Slag bij Khaybar|sl:bitka pri Hajbarju|ga:Cath Khaybar|es:Batalla de Khaybar|pt:Batalha de Caibar|fr:bataille de Khaybar|it:conquista di Khaybar|fi:Khaibarin taistelu"
<http://www.wikidata.org/entity/Q570204>	"da:Slaget ved Kalka-floden|ro:Bătălia de la Râul Kalka|sk:Bitka na rieke Kalke|cs:bitva na řece Kalce|sv:Slaget vid Kalkafloden|hu:Kalka menti csata|ca:batalla del riu Kalka|de:Schlacht an der Kalka|nl:Slag aan de Kalka|et:Kalka lahing|sl:Bitka na Kalki|es:batalla del río Kalka|nb:Slaget ved Kalkaelven|pt:Batalha do Rio Kalka|fr:bataille de la Kalka|lv:Kauja pie Kalkas upes|it:battaglia del fiume Kalka|fi:Kaltšikjoen taistelu|pl:Bitwa nad rzeką Kałką"
<http://www.wikidata.org/entity/Q571269>	"sv:Slaget vid Veseris|ca:batalla del Vesuvi|de:Schlacht am Vesuv|nl:Battle of Vesuvius|la:Proelium apud montem Vesuvium|ga:Cath na Veasúive|es:batalla del Vesubio (339 a. C.)|pt:Batalha do Vesúvio|it:battaglia del Vesuvio|pl:Bitwa pod Wezuwiuszem"
<http://www.wikidata.org/entity/Q5722426>	"de:Schlacht von Eisenach|es:Batalla de Eisenach|it:Battaglia di Eisenach"
<http://www.wikidata.org/entity/Q5722659>	"cs:Bitva u Los Alporchones|es:batalla de Los Alporchones"
<http://www.wikidata.org/entity/Q5723004>	"eu:Tabladako gudua|ga:Cath Tablada|es:batalla de Tablada"
<http://www.wikidata.org/entity/Q5723010>	"eu:Tafallako gudua|nl:Battle of Tafalla|ga:Cath Tafalla|es:Batalla de Tafalla"
<http://www.wikidata.org/entity/Q5723140>	"es:batalla de Villanueva de Barcarrota|pt:Batalha de Villanueva de Barcarrota|fr:bataille de Villanueva de Barcarrota (1336)"
<http://www.wikidata.org/entity/Q573774>	"da:Slaget ved Cynwit|ca:batalla de Cynwit|de:Schlacht bei Cynuit|nl:Battle of Cynwit|gl:Batalla de Cynwit|ga:Cath Cynwit|es:Batalla de Cynwit|fr:bataille de Cynuit|it:battaglia di Cynwit|pl:Bitwa pod Cynwit"
<http://www.wikidata.org/entity/Q575924>	"de:Seeschlacht von Saint Mathieu|nl:Battle of Saint-Mathieu|es:batalla de Saint Mathieu|nb:Slaget ved Brest|pt:Batalha de Saint-Mathieu|fr:bataille de Saint-Mathieu|it:battaglia di St. Mathieu|pl:Bitwa morska pod Saint-Mathieu"
<http://www.wikidata.org/entity/Q577190>	"cs:Bitva u Cressonských pramenů|sv:slaget vid Cressons källa|ca:Batalla de Cresson|de:Schlacht von Cresson|nl:Slag bij Cresson|gl:batalla de Cresson|la:Proelium ad fontes Cresson commissum|ga:Cath Cresson|es:batalla de Seforia|pt:Batalha de Cresson|fr:bataille de La Fontaine du Cresson|it:battaglia di Cresson|pl:Bitwa u źródła Cresson"
<http://www.wikidata.org/entity/Q578201>	"cs:Bitva u La Forbie|hu:gázai csata|ca:batalla de la Forbie|de:Schlacht von La Forbie|nl:Slag bij La Forbie|es:batalla de La Forbie|fr:bataille de Forbie|it:battaglia di al-Harbiyya|pl:Bitwa pod Harbijją"
<http://www.wikidata.org/entity/Q5803812>	"es:desastre de la Vega de Granada|pt:Batalha da Veiga de Granada"
<http://www.wikidata.org/entity/Q581401>	"da:Slaget på Blore Heath|cs:Bitva u Blore Heath|sv:Slaget vid Blore Heath|hu:Blore Heath-i csata|de:Schlacht von Blore Heath|nl:Slag bij Blore Heath|es:Batalla de Blore Heath|nb:Slaget ved Blore Heath|fr:bataille de Blore Heath|it:Battaglia di Blore Heath"
<http://www.wikidata.org/entity/Q584047>	"ro:Bătălia de la Kleidion|sk:Bitka pri Kleidione|cs:Bitva u Belasice|sv:Slaget vid Kleidion|cy:Brwydr Belasitsa|ca:Batalla de Clídion|de:Schlacht von Kleidion|nl:Battle of Kleidion|la:Pugna apud Clidium commissa|sl:Bitka na Belasici|ga:Cath Kleidion|es:Batalla de Clidio|pt:Batalha de Kleidion|fr:bataille de la Passe de Kleidion|lv:Kleidionas kauja|it:battaglia di Kleidion|fi:Kleidionin taistelu|pl:Bitwa w wąwozie Strumy"
<http://www.wikidata.org/entity/Q587095>	"cs:Bitva u Montaperti|ca:batalla de Montaperti|eu:Montapertiko gudua|de:Schlacht von Montaperti|nl:Slag bij Montaperti|hr:Bitka kod Montapertija|ga:Cath Montaperti|es:Batalla de Montaperti|pt:Batalha de Montaperti|fr:bataille de Montaperti|it:battaglia di Montaperti|pl:Bitwa pod Montaperti"
<http://www.wikidata.org/entity/Q587163>	"ca:Setge de Menerba|nl:siège de Minerve|ga:Léigear Minerve|es:sitio de Minerve|fr:siège de Minerve|it:assedio di Minerve"
<http://www.wikidata.org/entity/Q58732>	"ro:marele asediu al Maltei|sk:Veľké obliehanie Malty|cs:Velké obležení Malty|sv:Belägringen av Malta|hu:Málta török ostroma|ca:setge de Malta|eu:Maltako setioa|de:Belagerung von Malta|nl:Beleg van Malta|hr:Opsada Malte|et:Malta piiramine|la:Obsidio Melitensis|ga:Léigear Mór Mhálta|es:sitio de Malta (1565)|nb:Den store beleiringen av Malta i 1565|pt:Cerco de Malta|fr:grand siège de Malte|it:assedio di Malta|fi:Maltan piiritys|pl:Wielkie Oblężenie Malty"
<http://www.wikidata.org/entity/Q587908>	"ca:setge de Narbona|nl:Slag bij Narbonne|sl:bitka za Narbonne (737)|ga:Cath Narbonne|es:Batalla de Narbonne (737)|fr:siège de Narbonne"
<http://www.wikidata.org/entity/Q587983>	"is:Orrustan við Kórinþu|ca:Batalla de Corint|ga:Léigear na Corainte (146 RCh)|es:batalla de Corinto|pt:Batalha de Corinto|fr:bataille de Corinthe|it:battaglia di Corinto|pl:Wojna Rzymu z Achajami"
<http://www.wikidata.org/entity/Q589318>	"ro:Bătălia de la Falkirk|cs:Bitva u Falkirku|sv:Slaget vid Falkirk|hu:falkirki csata|cy:Brwydr Falkirk|ca:batalla de Falkirk|eu:Falkirkeko gudua|de:Schlacht von Falkirk|nl:Battle of Falkirk|gl:Batalla de Falkirk|ga:Cath na hEaglaise Brice|es:Batalla de Falkirk|nb:slaget ved Falkirk|pt:Batalha de Falkirk|fr:bataille de Falkirk|it:battaglia di Falkirk|fi:Falkirkin taistelu|pl:Bitwa pod Falkirk"
<http://www.wikidata.org/entity/Q590014>	"cs:bitva u Drepana|hu:drepanumi csata|ca:batalla de Drèpana|de:Schlacht von Drepana|nl:Battle of Drepana|es:batalla de Drépano|nb:Slaget ved Drepana|pt:Batalha de Drépano|fr:bataille de Drépane|it:battaglia di Trapani|pl:Bitwa morska pod Drepanum"
<http://www.wikidata.org/entity/Q591727>	"hu:montcontouri csata|eu:Moncontourreko gudua|de:Schlacht von Moncontour|nl:Battle of Moncontour|ga:Cath Moncontour|es:Batalla de Moncontour|fr:bataille de Moncontour|it:battaglia di Moncontour|pl:Bitwa pod Moncontour"
<http://www.wikidata.org/entity/Q592069>	"ro:Bătălia de la Șelimbăr|hu:sellenberki csata|ca:batalla de Şelimbăr|de:Schlacht von Schellenberg|nl:Battle of Sellenberk|ga:Cath Sellenberk|es:Batalla de Sellenberk|fr:bataille de Șelimbăr|it:battaglia di Șelimbăr|pl:Bitwa pod Șelimbărem"
<http://www.wikidata.org/entity/Q595320>	"cs:Bitva na Mons Badonicus|sv:Slaget vid Badon|cy:Brwydr Mynydd Baddon|ca:batalla del Mont Badon|de:Schlacht von Mons Badonicus|nl:Slag bij Mons Badonicus|ga:Cath Badon|es:Batalla del Monte Badon|nb:Slaget ved Mons Badonicus|pt:Batalha do Monte Badon|fr:bataille du Mont Badon|it:battaglia del Monte Badon|fi:Mons Badonicuksen taistelu|pl:bitwa pod Mons Badonicus"
<http://www.wikidata.org/entity/Q5960821>	"es:toma de Bagdad (1524)"
<http://www.wikidata.org/entity/Q597478>	"da:Slaget ved Vorskla|ro:Bătălia de la Râul Vorskla|cs:Bitva na Vorskle|hu:Vorszkla menti csata|ca:batalla del riu Vorskla|lt:Vorsklos mūšis|de:Schlacht an der Worskla|nl:Slag bij de Vorskla|es:batalla del río Vorskla|nb:Slaget ved Vorskla|fr:bataille de la Vorskla|lv:Kauja pie Vorsklas|it:Battaglia del fiume Vorskla|fi:Vorsklajoen taistelu|pl:Bitwa nad Worsklą"
<http://www.wikidata.org/entity/Q59784227>	"ga:Cath Mokhisi|es:batalla de Mokhisi"
<http://www.wikidata.org/entity/Q598069>	"nl:Slag bij Humbleton Hill|es:Batalla de Homildon Hill|fr:bataille de Homildon Hill|it:Battaglia di Humbleton Hill"
<http://www.wikidata.org/entity/Q598261>	"hu:tricameroni csata|ca:batalla de Tricamàrum|de:Schlacht bei Tricamarum|nl:Slag bij Tricameron|la:Proelium Tricamarense|ga:Cath Tricamarum|es:batalla de Tricamerón|nb:Slaget ved Tricameron|pt:Batalha de Tricamarum|fr:bataille de Tricaméron|it:battaglia di Ticameron|fi:Trikamaronin taistelu|pl:Bitwa pod Trikamarum"
<http://www.wikidata.org/entity/Q599599>	"da:Søslaget ved Øland maj 1564|sv:Första sjöslaget vid Ölands norra udde|nb:Det første slaget ved Öland|pl:Dwudniowa bitwa pod Gotlandią"
<http://www.wikidata.org/entity/Q599647>	"ga:Cath Cassano|es:Batalla de Cassano|nb:Slaget ved Cassano (1259)|fr:bataille de Cassano|it:Battaglia di Cassano d'Adda"
<http://www.wikidata.org/entity/Q600016>	"ro:Bătălia de la Jargeau|cs:bitva u Jargeau|ca:batalla de Jargeau|de:Schlacht von Jargeau|nl:Battle of Jargeau|sl:bitka pri Jargeauju|ga:Cath Jargeau|es:Batalla de Jargeau|pt:Batalha de Jargeau|fr:bataille de Jargeau|it:battaglia di Jargeau|pl:Bitwa pod Jargeau"
<http://www.wikidata.org/entity/Q600609>	"da:Slaget ved Durbė|sk:Bitka pri jazere Durbe|cs:Bitva u Durbeského jezera|hu:durbeni csata|lt:Durbės mūšis|de:Schlacht an der Durbe|nl:Slag bij Durbe|et:Durbe lahing|ga:Cath Durbe|es:Batalla de Durbe|pt:Batalha de Durbe|fr:bataille de Durbe|lv:Durbes kauja|it:Battaglia di Durbe|fi:Durben järven taistelu|pl:Bitwa pod Durben"
<http://www.wikidata.org/entity/Q602880>	"ro:Bătălia de la Anchialus|cs:Bitva u Anchiala|hu:ankhialoszi csata|eu:Anchialuseko gudua (708)|de:Schlacht von Anchialos|sl:Bitka pri Anhialu|ga:Cath Anchialus|es:Batalla de Anquialo|pt:Batalha de Anquíalo|fr:bataille d'Anchialos|it:battaglia di Anchialo|pl:Bitwa pod Anchialos"
<http://www.wikidata.org/entity/Q603279>	"ca:Presa de Massalquivir|es:Jornada de Mazalquivir|fr:Prise de Mers el-Kébir"
<http://www.wikidata.org/entity/Q603549>	"hu:nihávandi csata|ca:batalla de Nihawand|lt:Nehavendo mūšis|de:Schlacht bei Nehawend|nl:Battle of Nahāvand|ga:Cath Nahāvand|es:batalla de Nihavand|pt:Batalha de Niavende|fr:bataille de Nahavand|it:battaglia di Nihavand|fi:Nahavandin taistelu|pl:Bitwa pod Nahawandem"
<http://www.wikidata.org/entity/Q604993>	"nl:Slag bij Cabira|ga:Cath Cabira|es:Batalla de Cabira|pt:Batalha de Cabira|fr:bataille de Cabira|it:battaglia di Cabira|pl:Bitwa pod Kabeirą"
<http://www.wikidata.org/entity/Q60524380>	"ga:Cath Arles|es:Batalla de Arles (435)"
<http://www.wikidata.org/entity/Q60524381>	"eu:Arlesko gudua (471)|nl:Slag bij Arles (471)|ga:Cath Arles|es:batalla de Arlés (471)"
<http://www.wikidata.org/entity/Q60524410>	"de:Schlacht von Italica|ga:Cath Italica|es:batalla de Itálica|pt:Batalha de Itálica"
<http://www.wikidata.org/entity/Q60524412>	"de:Schlacht von Lauron|ga:Cath Lauron|es:batalla de Laurón"
<http://www.wikidata.org/entity/Q60524433>	"de:Schlacht bei Philomelion|ga:Cath Philomelion|es:batalla de Filomelio (1190)"
<http://www.wikidata.org/entity/Q60524449>	"de:Schlacht von Sucro|nl:battaglia di Jucar|ga:Cath Sucro|es:batalla del Río Sucro|it:battaglia di Jucar"
<http://www.wikidata.org/entity/Q60524461>	"ga:Cath Toulouse|es:Batalla de Toulouse (458)|it:Battaglia di Tolosa (458)"
<http://www.wikidata.org/entity/Q60524464>	"de:Schlacht von Valentia|ga:Cath Valentia|es:batalla de Valentia"
<http://www.wikidata.org/entity/Q606621>	"ro:Bătălia de la Szigetvár|sk:Obliehanie Szigetváru|cs:Obléhání Szigetváru|sv:Slaget vid Szigetvár|hu:Szigetvár ostroma|ca:setge de Szigetvár|de:Belagerung von Szigetvár|nl:Siege of Szigetvár|hr:Bitka kod Sigeta|sl:Obleganje Sigeta|ga:Léigear Szigetvár|es:Sitio de Szigetvár|pt:Batalha de Szigetvár|fr:siège de Szigetvár|it:assedio di Szigetvár|pl:Oblężenie Szigetváru"
<http://www.wikidata.org/entity/Q608021>	"de:Schlacht von Naupaktos|nl:Slag bij Naupaktos|ga:Cath Naupactus|es:Batalla de Naupacto|nb:Slaget ved Nafpaktos|fr:bataille de Naupacte|it:battaglia di Naupatto|fi:Naupaktoksen taistelu|pl:Bitwa morska pod Naupaktos"
<http://www.wikidata.org/entity/Q60840336>	"es:batalla de Vaprio d'Adda|fr:bataille de Vaprio d'Adda|it:battaglia di Vaprio d'Adda"
<http://www.wikidata.org/entity/Q608438>	"da:Slaget ved Cannae|ro:Bătălia de la Cannae (1018)|sv:Slaget vid Cannae|ca:Batalla de Cannes|de:Schlacht von Cannae|nl:Battle of Cannae|la:Cannensis pugna|es:Batalla de Cannae|fr:bataille de Cannes|it:battaglia di Canne|pl:Bitwa pod Canosa di Puglia"
<http://www.wikidata.org/entity/Q61053041>	"cy:Brwydr Clastbirig|ga:Cath Clastbirig|es:Batalla de Clastbirig|fr:bataille de Clastbirig"
<http://www.wikidata.org/entity/Q61078881>	"cy:Brwydr y Gelli Gandryll|es:Batalla de Hay on Wye"
<http://www.wikidata.org/entity/Q61079929>	"cy:Brwydr Castell Llanfair-ym-Muallt|es:Batalla de Builth Castle"
<http://www.wikidata.org/entity/Q61080124>	"cy:Brwydr Bwlch y Dinas Castle|es:Batalla de Bwlch y Dinas Castle"
<http://www.wikidata.org/entity/Q61080931>	"cy:Brwydr Tretŵr|ga:Cath Tretŵr|es:Batalla de Tretower|fr:bataille de Tretower"
<http://www.wikidata.org/entity/Q61081731>	"cy:Brwydr Aberhonddu (916)|ga:Cath Aberhonddu|es:Batalla de Brecenanmere (916)"
<http://www.wikidata.org/entity/Q61082856>	"cy:Brwydr Castell Blaenllyfni|es:Batalla de Blaenllyfni Castle"
<http://www.wikidata.org/entity/Q61087651>	"cy:Brwydr Castell Pengelli|es:Batalla de Pengelli Castle|fr:bataille de Pengelli Castle"
<http://www.wikidata.org/entity/Q61089370>	"cy:Brwydr Aberhonddu (1231)|ga:Cath Aberhonddu|es:Batalla de Brecon (1231)|fr:bataille de Brecon (1231)"
<http://www.wikidata.org/entity/Q61100>	"da:Slaget ved Civitate|sv:Slaget vid Civitate|hu:civitatei csata|ca:batalla de Civitate|de:Schlacht von Civitate|nl:Battle of Civitate|ga:Cath Civitate|es:batalla de Civitate|pt:Batalha de Civitate|fr:bataille de Civitate|it:battaglia di Civitate|pl:bitwa pod Civitate"
<http://www.wikidata.org/entity/Q611827>	"ro:Bătălia de la Blanchetaque|cs:bitva u Blanchetaque|ca:batalla de Blanchetaque|de:Schlacht von Blanchetaque|nl:Battle of Blanchetaque|ga:Cath Blanchetaque|es:Batalla de Blanchetaque|fr:bataille du gué de Blanquetaque|it:battaglia di Blanchetaque|fi:Blanchetaquen taistelu"
<http://www.wikidata.org/entity/Q612286>	"ro:Bătălia de la Ninive|sk:Bitka o Ninive|sv:Nineves fall|nl:Slag bij Ninive (612 v.Chr.)|ga:Cath Nineveh|es:batalla de Nínive (612 a. C.)|pt:Batalha de Nínive|it:Battaglia di Ninive (612 a.C.)|pl:Zdobycie Niniwy"
<http://www.wikidata.org/entity/Q612288>	"de:Schlacht bei Pločnik|nl:Bitka kod Pločnika|ga:Cath Pločnik|es:batalla de Pločnik|pt:Batalha de Pločnik|fr:bataille de Pločnik|it:Battaglia di Pločnik|pl:Bitwa pod Plocznikiem"
<http://www.wikidata.org/entity/Q61262570>	"cy:Brwydr Castell Llanandras|es:Batalla de Castell Llandandras|fr:bataille de Castell Llandandras"
<http://www.wikidata.org/entity/Q61263351>	"cy:Brwydr Castell Bleddfa|es:Batalla de Bleddfa Castle"
<http://www.wikidata.org/entity/Q61264359>	"cy:Brwydr Maesyfed|ga:Cath Maesyfed|es:Batalla de Radnor|fr:bataille de Radnor"
<http://www.wikidata.org/entity/Q61268045>	"cy:Brwydr Castell Colwyn"
<http://www.wikidata.org/entity/Q61268143>	"cy:Brwydr Castell Paun|es:Batalla de Painscastle Castle|fr:bataille de Painscastle Castle"
<http://www.wikidata.org/entity/Q61268345>	"cy:Brwydr Castell Carreghwfa|ga:Cath Carreghwfa|es:Batalla de Carreghofa|fr:bataille de Carreghofa"
<http://www.wikidata.org/entity/Q61268370>	"cy:Brwydr Castell Bodyddon|es:Batalla de Bodyddon Castle"
<http://www.wikidata.org/entity/Q61268393>	"cy:Brwydr Nantcriba|ga:Cath Nantcriba|es:Batalla de Nantcriba"
<http://www.wikidata.org/entity/Q61268413>	"cy:Brwydr Hen Domen"
<http://www.wikidata.org/entity/Q61268425>	"cy:Brwydr Gwernesgof|ga:Cath Gwernesgof|es:Batalla de Gwernesgof|fr:bataille de Gwernesgof"
<http://www.wikidata.org/entity/Q61314200>	"cy:Brwydr Dolfrowyn|es:Batalla de Dolfrowyn Castle|fr:bataille de Dolfrowyn Castle"
<http://www.wikidata.org/entity/Q61314245>	"cy:Brwydr Taflowern|ga:Cath Taflowern|es:Batalla de Taflowern|fr:bataille de Taflowern"
<http://www.wikidata.org/entity/Q61314298>	"cy:Brwydr Castell Mathrafal|es:Batalla de Mathrafal Castle|fr:bataille de Mathrafal Castle"
<http://www.wikidata.org/entity/Q61314430>	"cy:Brwydr Castell Caereinion|es:Batalla de Caereinion Castle|fr:bataille de Caereinion Castle"
<http://www.wikidata.org/entity/Q61314454>	"cy:Brwydr Castell Powys|es:Batalla de Powys Castle"
<http://www.wikidata.org/entity/Q61314490>	"cy:Brwydr Castell y Trallwng|es:Batalla de Domen Gastell|fr:bataille de Domen Gastell"
<http://www.wikidata.org/entity/Q61346478>	"cy:Brwydr Llanddingad|es:Batalla de Dingestow Castle|fr:bataille de Dingestow Castle"
<http://www.wikidata.org/entity/Q61346990>	"cy:Brwydr Porthsgiwed|ga:Cath Porthsgiwed"
<http://www.wikidata.org/entity/Q61347087>	"cy:Brwydr Brynbuga|ga:Cath Brynbuga|es:Batalla de Usk|fr:bataille d'Usk"
<http://www.wikidata.org/entity/Q61347424>	"cy:Brwydr Caerllion|es:Batalla de Caerleon Castle|fr:bataille de Caerleon Castle"
<http://www.wikidata.org/entity/Q61347696>	"cy:Brwydr Casnewydd|ga:Cath Casnewydd|es:Batalla de Newport (1402)"
<http://www.wikidata.org/entity/Q613478>	"sk:Bitka pri Džerbe|hu:dzserbai csata|ca:batalla de Gerba|de:Seeschlacht von Djerba|nl:Battle of Djerba|sl:bitka pri Džerbi|es:batalla de Los Gelves|pt:Batalha de Djerba|fr:bataille de Djerba|it:battaglia di Gerba|pl:Bitwa o Dżerbę"
<http://www.wikidata.org/entity/Q61348110>	"cy:Brwydr y Fenni|es:Batalla de Abergavenny Castle"
<http://www.wikidata.org/entity/Q61349104>	"cy:Brwydr Castell Penarlâg|es:Batalla de Hawarden Castle|fr:bataille de Hawarden Castle,"
<http://www.wikidata.org/entity/Q61349275>	"cy:Brwydr Castell yr Wyddgrug|es:Batalla de Mold Castle|fr:bataille de Mold Castle"
<http://www.wikidata.org/entity/Q61349528>	"cy:Brwydr Castell prestatyn|es:Batalla de Prestatyn Castle|fr:bataille de Prestatyn Castle"
<http://www.wikidata.org/entity/Q61395072>	"cy:Brwydr Castell Diserth"
<http://www.wikidata.org/entity/Q61395962>	"cy:Brwydr Castell Rhuddlan|es:Batalla de Rhuddlan Castle|fr:bataille de Rhuddlan Castle"
<http://www.wikidata.org/entity/Q61397129>	"cy:Brwydr Llanelwy|es:Batalla de St Asaph|fr:bataille de St Asaph"
<http://www.wikidata.org/entity/Q61398003>	"cy:Brwydr Treffynnon|es:Batalla de Holywell Castle"
<http://www.wikidata.org/entity/Q61398580>	"cy:Brwydr Castell Gwyn, Sir Fynwy|es:Batalla de White Castle, Monmouthshire|fr:bataille de White Castle, Monmouthshire"
<http://www.wikidata.org/entity/Q61399735>	"cy:Brwydr Llys Seisyll|es:Batalla de Seisyll's Court|fr:bataille de Seisyll's Court"
<http://www.wikidata.org/entity/Q61403655>	"cy:Brwydr Castell Penrhos|es:Batalla de Penrhos Castle|fr:bataille de Penrhos Castle"
<http://www.wikidata.org/entity/Q61410209>	"cy:Brwydr Llangollen|ga:Cath Llangollen|es:Batalla de Llangollen|fr:bataille de Llangollen"
<http://www.wikidata.org/entity/Q61410261>	"cy:Brwydr Sanclêr|es:Batalla de St Clears|fr:bataille de St Clears"
<http://www.wikidata.org/entity/Q61410355>	"cy:Brwydr Castell Talacharn|es:Batalla de Laugharne Castle|fr:bataille de Laugharne Castle"
<http://www.wikidata.org/entity/Q61410664>	"cy:Brwydr Cydweli|ga:Cath Cydweli|es:Batalla de Cydweli|fr:bataille de Cydweli"
<http://www.wikidata.org/entity/Q61410880>	"cy:Brwydr Carnwyllion|ga:Cath Carnwyllion|es:Batalla de Carnwyllion|fr:bataille de Carnwyllion"
<http://www.wikidata.org/entity/Q61412130>	"cy:Brwydr Castell Llwchwr|es:Batalla de Loughor Castle|fr:bataille de Loughor Castle"
<http://www.wikidata.org/entity/Q61412377>	"cy:Brwydr Castell Caerffili|es:Batalla de Caerphilly Castle"
<http://www.wikidata.org/entity/Q61412773>	"cy:Brwydr Castell Caerdydd|es:Batalla de Cardiff Castle"
<http://www.wikidata.org/entity/Q61413115>	"cy:Brwydr Rhiw Saeson"
<http://www.wikidata.org/entity/Q61413183>	"cy:Brwydr Ystradowain|ga:Cath Ystradowain|es:Batalla de Ystradowain|fr:bataille de Ystradowain"
<http://www.wikidata.org/entity/Q61413319>	"cy:Brwydr Castell Nedd|es:Batalla de Neath Castle|fr:bataille de Neath Castle"
<http://www.wikidata.org/entity/Q61413669>	"cy:Brwydr Cynffig|ga:Cath Cynffig|es:Batalla de Kenfig|fr:bataille de Kenfig"
<http://www.wikidata.org/entity/Q61413906>	"cy:Brwydr Pant Câd-Einion|es:Batalla de Pant Câd-Einion"
<http://www.wikidata.org/entity/Q615922>	"da:Slaget ved Vozja|cs:Bitva na Voži|nl:Slag bij de Vozja|pl:Bitwa nad Wożą"
<http://www.wikidata.org/entity/Q616448>	"de:Schlacht bei Champtoceaux|ga:Cath Champtoceaux|es:Batalla de Champtoceaux|fr:bataille de Champtoceaux"
<http://www.wikidata.org/entity/Q617650>	"cy:Brwydr Afon Medway|ca:batalla del Medway|nl:Slag bij Medway|es:Batalla del río Medway|nb:Slaget ved Medway|pt:Batalha do Medway|fr:bataille de Medway|it:battaglia del Medway|pl:Bitwa nad rzeką Medway"
<http://www.wikidata.org/entity/Q617924>	"de:Schlacht von Olpai|nl:Slag bij Olpae|ga:Cath Olpae|es:Batalla de Olpae|nb:Slaget ved Olpai|fr:bataille d'Olpae|it:battaglia di Olpe|pl:Bitwa pod Olpe"
<http://www.wikidata.org/entity/Q619030>	"ca:batalla del Bàgradas|de:Schlacht am Bagradas|nl:Slag bij de Bagradas|es:Batalla del río Bagradas|pt:Batalha do rio Bagradas|fr:bataille de Bagradas|it:battaglia del fiume Bagradas|pl:Bitwa w dolinie rzeki Bagradas"
<http://www.wikidata.org/entity/Q61999900>	"ca:batalla de Fincíada|ga:Cath Phintias|es:Batalla de Phintias|fr:bataille de Phintias"
<http://www.wikidata.org/entity/Q620585>	"da:Slaget ved Mortimer's Cross|cs:Bitva u Mortimers Cross|sv:Slaget vid Mortimer’s Cross|hu:Mortimer's Cross-i csata|cy:Brwydr Mortimer's Cross|de:Schlacht von Mortimer’s Cross|nl:Slag van Mortimer's Cross|es:Batalla de Mortimer's Cross|nb:Slaget ved Mortimer's Cross|fr:bataille de Mortimer's Cross|it:battaglia di Mortimer's Cross|pl:Bitwa pod Mortimer's Cross"
<http://www.wikidata.org/entity/Q622184>	"hu:ager sanguinis|ca:batalla d'Ager sanguinis|de:Schlacht von Ager Sanguinis|nl:Slag van Ager Sanguinis|sl:Bitka na ager sanguinis|es:Ager sanguinis|pt:Batalha de Ager Sanguinis|fr:bataille du Champ du Sang|it:battaglia dell'Ager Sanguinis|pl:Bitwa na Krwawym Polu"
<http://www.wikidata.org/entity/Q623766>	"cs:Bitva v Conquereuil|ca:Conquereaux|de:Schlacht von Conquereuil|ga:Cath Conquereuil|es:Batalla de Conquereuil|fr:bataille de Conquereuil"
<http://www.wikidata.org/entity/Q62417>	"hu:Treiden ostroma|lt:Turaidos mūšis|de:Schlacht von Turaida|ga:Cath Turaida|es:Batalla de Turaida|fr:bataille de Turaida|lv:Kauja pie Turaidas (1298)|it:Battaglia di Turaida|pl:Bitwa nad Trejderą"
<http://www.wikidata.org/entity/Q624937>	"da:Slaget ved Visby|sv:Slaget vid Visby|hu:visbyi csata|ca:batalla de Visby|de:Schlacht von Visby|nl:Slag bij Visby|gl:Batalla de Visby|ga:Cath Visby|es:batalla de Visby|nb:Slaget ved Visby|pt:Batalha de Visby|fr:Bataille de Visby|it:battaglia di Visby"
<http://www.wikidata.org/entity/Q625406>	"ga:Cath Philippopolis|es:batalla de Filipópolis|pt:Batalha de Filipópolis|it:Battaglia di Filippopoli (1208)|pl:Bitwa pod Filipopolis"
<http://www.wikidata.org/entity/Q626058>	"da:Slaget ved Karbala|ro:bătălia de la Karbala|cs:Bitva u Karbalá|sv:Slaget vid Karbala|hu:kerbelai csata|ca:batalla de Karbala|eu:Karbalako gudua|de:Schlacht von Karbala|nl:Slag bij Karbala|et:Karbalā’ lahing|ga:Cath Karbala|es:Batalla de Kerbala|nb:Slaget ved Karbala|pt:Batalha de Carbala|fr:bataille de Kerbala|it:battaglia di Kerbela|fi:Karbalan taistelu|pl:Bitwa pod Karbalą"
<http://www.wikidata.org/entity/Q630644>	"cs:Bitva na pláni Idistaviso|ca:batalla d'Idistaviso|eu:Idistavisoko gerra|de:Idistaviso|nl:Battle of the Weser River|la:Campus Idistaviso|sl:Bitka pri Idistavisu (16 n.št.)|es:batalla de Idistaviso|pt:Batalha de Idistaviso|fr:bataille d'Idistaviso|it:battaglia di Idistaviso|fi:Weserjoen taistelu|pl:Bitwa pod Idistaviso"
<http://www.wikidata.org/entity/Q630781>	"ro:Bătălia de la Rafia|sk:Bitka pri Rafii|cs:Bitva u Rafie|sv:Slaget vid Rafia|ca:Batalla de Ràfia|de:Schlacht bei Raphia|nl:Slag bij Raphia|ga:Cath Raphia|es:batalla de Rafia|pt:Batalha de Ráfia|fr:bataille de Raphia|it:battaglia di Rafah|pl:Bitwa pod Rafią"
<http://www.wikidata.org/entity/Q63146684>	"cs:bitvy u Bedriaka|hu:Bedriacumi csata|cy:Brwydr Bedriacum|es:Batallas de Bedriacum|pt:Batalhas de Bedríaco|fr:batailles de Bedriacum|it:Battaglie di Bedriaco|fi:Bedriacumin taistelu|pl:Bitwa pod Bedriacum"
<http://www.wikidata.org/entity/Q633362>	"ca:batalla de Gavinana|de:Schlacht von Gavinana|nl:Battle of Gavinana|et:Gavinana lahing|ga:Cath Gavinana|es:Batalla de Gavinana|fr:bataille de Gavinana|it:battaglia di Gavinana|pl:Bitwa pod Gavinana"
<http://www.wikidata.org/entity/Q633560>	"sk:Bitka pri Karchemiši|sv:Slaget vid Karkemish|hu:karkemisi csata|ca:Batalla de Carquemix|eu:Karkemishko gudua|de:Schlacht bei Karkemiš|nl:Slag bij Karkemish|hr:Bitka kod Karkemiša|ga:Cath Carchemish|es:Batalla de Karkemish|nb:Slaget ved Karkemisj|pt:Batalha de Carquemis|fr:bataille de Karkemish|it:Battaglia di Karkemiš|pl:Bitwa pod Karkemisz"
<http://www.wikidata.org/entity/Q6344561>	"ga:Cath Guadalhorce|es:batalla de Guadalhorce"
<http://www.wikidata.org/entity/Q634629>	"da:Slaget ved Towton|ro:Bătălia de la Towton|cs:Bitva u Towtonu|sv:Slaget vid Towton|hu:towtoni csata|de:Schlacht von Towton|nl:Slag bij Towton|ga:Cath Towton|es:Batalla de Towton|nb:Slaget ved Towton|pt:Batalha de Towton|fr:bataille de Towton|lv:Tautonas kauja|it:battaglia di Towton|pl:Bitwa pod Towton"
<http://www.wikidata.org/entity/Q63468>	"sk:Bitka pri Pavii|cs:Bitva u Pavie|sv:Slaget vid Pavia|hu:paviai csata|ca:batalla de Pavia|eu:Paviako gudua|de:Schlacht bei Pavia|nl:Slag bij Pavia|gl:batalla de Pavia|et:Pavia lahing|la:Pugna Papiensis|sl:bitka pri Pavii|ga:Cath Pavia|es:batalla de Pavía|nb:Slaget ved Pavia|pt:Batalha de Pavia|fr:bataille de Pavie|it:battaglia di Pavia|fi:Pavian taistelu|pl:Bitwa pod Pawią"
<http://www.wikidata.org/entity/Q635028>	"ro:Bătălia de la Bibracte|cs:Bitva u Bibracte|sv:Slaget vid Bibracte|ca:batalla de Bibracte|de:Schlacht bei Bibracte|nl:Battle of Bibracte|hr:Bitka kod Bibrakta|gl:Batalla de Bibracte|la:Oppugnatio Bibractis|sl:bitka pri Bibractu|ga:Cath Bibracte|es:Batalla de Bibracte|pt:Batalha de Bibracte|fr:bataille de Bibracte|it:battaglia di Bibracte|pl:Bitwa pod Bibracte"
<http://www.wikidata.org/entity/Q635213>	"ca:batalla de Clavijo|eu:Clavijoko gudua|de:Schlacht von Clavijo|nl:Slag bij Clavijo|gl:batalla de Clavijo|es:batalla de Clavijo|pt:Batalha de Clavijo|fr:bataille de Clavijo|it:Battaglia di Clavijo|pl:Bitwa pod Clavijo"
<http://www.wikidata.org/entity/Q635839>	"da:Slaget ved Sentinum|sk:Bitka pri Sentine|cs:Bitva u Sentina|sv:Slaget vid Sentinum|hu:sentinumi csata|ca:batalla de Sentínum|de:Schlacht von Sentinum|nl:Slag bij Sentinum|et:Sentinumi lahing|ga:Cath Sentinum|es:Batalla de Sentino|pt:Batalha de Sentino|fr:bataille de Sentinum|it:Battaglia del Sentino|pl:Bitwa pod Sentinum"
<http://www.wikidata.org/entity/Q636520>	"cs:Bitva u Mardž Ajjún|sv:slaget vid Marj Ayyun|ca:batalla de Marj Ayyun|nl:Slag bij Marjayoun|gl:batalla de Marj Ayyun|la:Proelium ad Leontem fluvium commissum|es:batalla de Marjayoun|fr:bataille de Marj Ayoun|it:Battaglia di Marjayoun"
<http://www.wikidata.org/entity/Q63701>	"ro:Bătălia de la Saint-Omer|ca:batalla de Saint-Omer|de:Schlacht von Saint-Omer|nl:Slag bij Sint-Omaars|ga:Cath Saint-Omer|es:Batalla de Saint-Omer|fr:bataille de Saint-Omer"
<http://www.wikidata.org/entity/Q637544>	"ro:Bătălia de la Amfipolis|cs:bitva u Amphipolis|ca:batalla d'Amfípolis|de:Schlacht von Amphipolis|nl:Slag bij Amphipolis|ga:Cath Amphipolis|es:batalla de Anfípolis|nb:Slaget ved Amfipolis|pt:Batalha de Anfípolis|fr:bataille d'Amphipolis|it:battaglia di Anfipoli|fi:Amfipoliin taistelu"
<http://www.wikidata.org/entity/Q639827>	"ca:setge de Damasc|de:Belagerung von Damaskus|nl:Belegering van Damascus|ga:Léigear na Damaisce (634)|es:Sitio de Damasco (634)|pt:Cerco de Damasco|fr:siège de Damas|it:conquista di Damasco|pl:Zdobycie Damaszku przez muzułmanów"
<http://www.wikidata.org/entity/Q641757>	"de:Schlacht von Oosterweel|nl:Slag bij Oosterweel|gl:batalla de Oosterweel|ga:Cath Oosterweel|es:Batalla de Oosterweel|fr:bataille d'Austruweel|it:battaglia di Oosterweel|pl:Bitwa pod Oosterweel"
<http://www.wikidata.org/entity/Q645905>	"cs:Bitva u Cedynie|de:Schlacht bei Zehden|nl:Slag bij Cedynia|mul:Bitwa pod Cedynią|ga:Cath Cedynia|es:Batalla de Cedynia|pt:Batalha de Cedynia|fr:bataille de Cedynia|lv:Cediņas kauja|it:battaglia di Cedynia|pl:Bitwa pod Cedynią"
<http://www.wikidata.org/entity/Q647112>	"hu:cronei csata|ca:Batalla de Koronowo|nl:Battle of Koronowo|ga:Cath Koronowo|es:batalla de Koronowo|fr:bataille de Koronowo|pl:Bitwa pod Koronowem"
<http://www.wikidata.org/entity/Q647463>	"ro:Bătălia de la Artaxata|sv:Slaget om Artasjat|nl:Slag bij Artaxata|ga:Cath Artaxata|es:Batalla de Artaxata|pt:Batalha de Artaxata|fr:bataille d'Artaxata|it:battaglia di Artaxata|fi:Artaxatan taistelu"
<http://www.wikidata.org/entity/Q648535>	"ro:Bătălia de la Patay|cs:bitva u Patay|sv:Slaget vid Patay|hu:patayi csata|ca:batalla de Patay|de:Schlacht bei Patay|nl:Slag bij Patay|sl:bitka pri Patayu|ga:Cath Patay|es:Batalla de Patay|nb:Slaget ved Patay|pt:Batalha de Patay|fr:bataille de Patay|it:battaglia di Patay|pl:Bitwa pod Patay"
<http://www.wikidata.org/entity/Q65056847>	"cs:Bitva u Lucofaa|nl:Slag bij Lucofao|ga:Cath Lucofao"
<http://www.wikidata.org/entity/Q65059780>	"ga:Cath Chathair Chonstaintín|fr:bataille de Constantinople"
<http://www.wikidata.org/entity/Q65066202>	"de:Belagerung von Megalopolis|ga:Léigear Megalopolis|es:asedio de Megalópolis|fr:siège de Mégalopolis|it:assedio di Megalopoli"
<http://www.wikidata.org/entity/Q65082997>	"ga:Cath Belleek|es:batalla de Belleek (1593)"
<http://www.wikidata.org/entity/Q65128501>	"es:batalla de Ponte San Pietro|fr:bataille de Ponte San Pietro|it:Battaglia di Ponte San Pietro"
<http://www.wikidata.org/entity/Q65159478>	"eu:Arratoko gudua|ga:Cath Arrato|es:batalla de Arrato"
<http://www.wikidata.org/entity/Q652320>	"cs:bitva u Toulouse|sv:Slaget vid Toulouse|hu:toulouse-i csata|ca:batalla de Tolosa|eu:Tolosako gudua|de:Schlacht von Toulouse|nl:Slag bij Toulouse|ga:Cath Toulouse|es:batalla de Tolosa (721)|pt:Batalha de Tolosa|fr:bataille de Toulouse|it:battaglia di Tolosa|pl:Bitwa pod Tuluzą"
<http://www.wikidata.org/entity/Q653482>	"da:Slaget ved Lyon|ca:batalla de Lugdúnum|de:Schlacht bei Lugdunum|nl:Slag bij Lugdunum|la:Pugna apud Lugdunum|sl:Bitka pri Lugdunu|ga:Cath Lugdunum|es:Batalla de Lugdunum|pt:Batalha de Lugdunum|fr:bataille de Lugdunum|it:battaglia di Lugdunum|pl:Bitwa pod Lugdunum"
<http://www.wikidata.org/entity/Q653707>	"da:Slaget ved Fimreite|de:Schlacht bei Fimreite|nl:slag bij Fimreite|nb:Slaget ved Fimreite|fr:bataille de Fimreite|fi:Fimreiten taistelu|pl:Bitwa pod Fimreite"
<http://www.wikidata.org/entity/Q655777>	"cs:Bitva na řece Allia a vyplenění Říma|sv:Slaget vid Allia|hu:alliai csata|ca:batalla de l'Àl·lia|eu:Alliako gudua|de:Schlacht an der Allia|nl:Slag aan de Allia|hr:Bitka na rijeci Aliji|es:Batalla de Alia|pt:Batalha do Ália|fr:bataille de l'Allia|it:battaglia del fiume Allia|pl:Bitwa nad rzeką Alią"
<http://www.wikidata.org/entity/Q656190>	"is:Orrustan við Hemmingstedt|da:Slaget ved Hemmingstedt|sv:slaget vid Hemmingstedt|de:Schlacht bei Hemmingstedt|ga:Cath Hemmingstedt|es:batalla de Hemmingstedt|nb:Slaget ved Hemmingstedt|pt:Batalha de Hemmingstedt|fr:bataille de Hemmingstedt|pl:Bitwa pod Hemmingstedt"
<http://www.wikidata.org/entity/Q656787>	"de:Schlacht an der Eisernen Brücke|nl:Battle of the Iron Bridge|pt:Batalha da Ponte de Ferro|it:battaglia del ponte di ferro"
<http://www.wikidata.org/entity/Q657620>	"hu:noreiai csata|ca:batalla de Nòrica|de:Schlacht bei Noreia|nl:Slag bij Noreia|ga:Cath Noreia|es:Batalla de Noreya|nb:Slaget ved Noreia|pt:Batalha de Noreia|fr:bataille de Noreia|it:battaglia di Noreia|pl:Bitwa pod Noreią"
<http://www.wikidata.org/entity/Q657913>	"ca:Batalla d'Iconium|de:Schlacht bei Iconium|nl:Slag bij Iconium|gl:Batalla de Iconium|ga:Cath Iconium|es:batalla de Iconium (1190)|fr:bataille d'Iconium|it:battaglia di Iconium|pl:Bitwa pod Ikonium"
<http://www.wikidata.org/entity/Q658731>	"da:slaget ved Anchialos|sk:Bitka pri Acheloj|cs:Bitva u Acheloje|ca:batalla de l'Aquelous|de:Schlacht von Anchialos|nl:Battle of Achelous|sl:Bitka pri Aheloju|ga:Cath Achelous|es:Batalla de Aqueloo|pt:Batalha de Achelous|fr:bataille d'Anchialos|it:battaglia di Anchialo|pl:Bitwa nad Acheloos"
<http://www.wikidata.org/entity/Q661327>	"da:Slaget ved Mühlberg|sk:Bitka pri Mühlbergu|cs:Bitva u Mühlberka|sv:Slaget vid Mühlberg|hu:mühlbergi csata|ca:batalla de Mühlberg|eu:Mühlbergeko gudua|de:Schlacht bei Mühlberg|nl:Slag bij Mühlberg|et:Mühlbergi lahing|ga:Cath Mühlberg|es:Batalla de Mühelberg|pt:Batalha de Mühlberg|fr:bataille de Muehlberg|it:battaglia di Mühlberg|fi:Mühlbergin taistelu|pl:Bitwa pod Mühlbergiem"
<http://www.wikidata.org/entity/Q661759>	"cs:bitva u Sempachu|hu:sempachi csata|de:Schlacht bei Sempach|nl:Slag bij Sempach|ga:Cath Sempach|es:Batalla de Sempach|pt:Batalha de Sempach|fr:bataille de Sempach|it:battaglia di Sempach|fi:Sempachin taistelu|pl:Bitwa pod Sempach"
<http://www.wikidata.org/entity/Q661940>	"sv:Slaget vid Novara|hu:novarai csata|de:Schlacht bei Novara|nl:Slag bij Novara|ga:Cath Novara|es:batalla de Novara|nb:Slaget ved Novara 1513|pt:Batalha de Novara (1513)|fr:bataille de Novare|it:battaglia di Novara|pl:Bitwa pod Novarą"
<http://www.wikidata.org/entity/Q665716>	"ca:presa de Fidenes|es:Captura de Fidenas|pt:Captura de Fidenae|fr:prise de Fidènes"
<http://www.wikidata.org/entity/Q667460>	"cs:Bitva u Näfels|lt:Nėfelso mūšis|de:Schlacht bei Näfels|nl:Battle of Näfels|ga:Cath Näfels|es:Batalla de Näfels|pt:Batalha de Näfels|fr:bataille de Näfels|it:battaglia di Näfels|pl:Bitwa pod Näfels"
<http://www.wikidata.org/entity/Q667606>	"cs:bitva u Laupenu|sv:Slaget vid Laupen|hu:laupeni csata|de:Laupenkrieg|nl:Battle of Laupen|ga:Cath Laupen|es:Batalla de Laupen|fr:bataille de Laupen|it:battaglia di Laupen|pl:Bitwa pod Laupen"
<http://www.wikidata.org/entity/Q668008>	"hu:grandsoni csata|de:Schlacht bei Grandson|nl:Slag bij Grandson|ga:Cath Grandson|es:Batalla de Grandson|fr:bataille de Grandson|it:battaglia di Grandson|pl:Bitwa pod Grandson"
<http://www.wikidata.org/entity/Q66821514>	"ca:batalla d’Asinara|es:Batalla de Asinara"
<http://www.wikidata.org/entity/Q668524>	"da:Slaget ved Tempsford|de:Schlacht von Tempsford|nl:Battle of Tempsford|ga:Cath Tempsford|es:Batalla de Tempsford|fr:bataille de Tempsford|it:battaglia di Tempsford"
<http://www.wikidata.org/entity/Q668577>	"ro:Bătălia de la Compiègne|ca:setge de Compiègne|de:Schlacht von Compiègne|nl:Siege of Compiègne|sl:obleganje Compiègna|ga:Léigear Compiègne|es:Asedio de Compiègne|pt:Cerco de Compiègne|fr:siège de Compiègne|it:battaglia di Compiègne"
<http://www.wikidata.org/entity/Q670128>	"cs:bitva u Pylu|de:Schlacht von Pylos|nl:Slag bij Pylos|es:Batalla de Pilos|nb:Slaget ved Pylos|fr:bataille de Pylos|it:battaglia di Pilo|fi:Pyloksen taistelu"
<http://www.wikidata.org/entity/Q671340>	"nl:Battle of Maclodio|ga:Cath Maclodio|es:Batalla de Maclodio|fr:bataille de Maclodio|it:battaglia di Maclodio|pl:Bitwa pod Maclodio"
<http://www.wikidata.org/entity/Q67203695>	"ga:Léigear Onoguris|es:sitio de Onoguris|pt:Cerco de Onoguris|fr:siège d'Onoguris"
<http://www.wikidata.org/entity/Q673411>	"hu:arbedói csata|de:Schlacht bei Arbedo|nl:Battle of Arbedo|et:Arbedo lahing|ga:Cath Arbedo|es:Batalla de Arbedo|pt:Batalha de Arbedo|fr:bataille d'Arbedo|it:battaglia di Arbedo|pl:Bitwa pod Arbedo"
<http://www.wikidata.org/entity/Q673641>	"ro:Asediul Kőszegului|sk:Obliehanie Kőszegu|cs:obléhání Günsu|hu:Kőszeg ostroma|de:Belagerung von Kőszeg|hr:Opsada Kisega (1532.)|sl:Obleganje Kisega|ga:Léigear Güns|es:Asedio de Güns|fr:siège de Kőszeg|it:Assedio di Güns|pl:Oblężenie Güns"
<http://www.wikidata.org/entity/Q675000>	"ca:batalla de Clastídium|de:Schlacht von Clastidium|nl:Battle of Clastidium|sl:Bitka pri Klastidiju|ga:Cath Clastidium|es:Batalla de Clastidio|pt:Batalha de Clastídio|fr:bataille de Clastidium|it:battaglia di Clastidium|pl:Bitwa pod Clastidium"
<http://www.wikidata.org/entity/Q676340>	"da:Belejringen af Calais|ro:Asediul cetății Calais|cs:obléhání Calais|hu:Calais ostroma (1346–1347)|ca:setge de Calais|de:Belagerung von Calais|nl:Beleg van Calais|gl:Asedio de Calais|sl:obleganje Calaisa (1346–1347)|ga:Léigear Calais (1346–1347)|es:Sitio de Calais|pt:Cerco de Calais|fr:siège de Calais|it:assedio di Calais|fi:Calais’n piiritys"
<http://www.wikidata.org/entity/Q676692>	"hu:naulochusi csata|lt:Naulocho mūšis|de:Seeschlacht von Naulochoi|nl:Slag bij Naulochus|hr:Bitka kod Nauloha|es:batalla de Nauloco|pt:Batalha de Nauloco|fr:bataille de Nauloque|it:battaglia di Nauloco|pl:Bitwa morska w Zatoce Naulochus"
<http://www.wikidata.org/entity/Q677982>	"ro:Asediul Ascalonului|ca:setge d'Ascaló|de:Belagerung von Askalon|nl:Beleg van Ascalon|gl:cerco de Ascalón|sl:obleganje Aškelona|ga:Léigear Ascalon|es:Asedio de Ascalón|pt:Cerco de Ascalão (1153)|fr:siège d'Ascalon|it:battaglia di Ascalona|fi:Askelonin taistelu"
<http://www.wikidata.org/entity/Q679831>	"de:Schlacht bei Vlissingen|nl:Slag bij Vlissingen|es:batalla de Flesinga (1573)|fr:bataille de Flessingue|it:Battaglia di Flessinga"
<http://www.wikidata.org/entity/Q679858>	"de:Schlacht bei Dahlen|nl:Slag bij Dalheim|ga:Cath Dahlen|es:Batalla de Dalen|fr:bataille de Rheindalen|it:Battaglia di Dahlen|pl:Bitwa pod Dahlen"
<http://www.wikidata.org/entity/Q681702>	"de:Schlacht bei Sörenberg|ga:Cath Sörenberg|es:Batalla de Sörenberg|pl:Bitwa pod Sörenbergiem"
<http://www.wikidata.org/entity/Q683341>	"ro:Bătălia de la Bicocca|hu:bicoccai csata|ca:batalla de Bicocca|eu:Bicoccako gudua|de:Schlacht bei Bicocca|nl:Battle of Bicocca|gl:Batalla de Bicoca|ga:Cath Bicocca|es:batalla de Bicoca|pt:Batalha de Bicocca|fr:bataille de la Bicoque|it:battaglia della Bicocca|pl:Bitwa pod Bicoccą"
<http://www.wikidata.org/entity/Q683412>	"lt:Olšanicos mūšis|ga:Cath Olshanitsa|es:Batalla de Olshanitsa|fr:bataille d'Olshanitsa|pl:Bitwa pod Olszanicą"
<http://www.wikidata.org/entity/Q683526>	"cs:Bitva u Kappelu|de:Schlacht bei Kappel|ga:Cath Kappel|es:Batalla de Kappel|fr:bataille de Kappel|pl:Bitwa pod Kappel"
<http://www.wikidata.org/entity/Q68371>	"de:Schlacht von Mortemer|nl:Slag bij Mortemer|ga:Cath Mortemer|es:Batalla de Mortemer|pt:Batalha de Mortemer|fr:bataille de Mortemer|it:Battaglia di Mortemer"
<http://www.wikidata.org/entity/Q684113>	"ca:batalla de Làutules|eu:Lautulaeko gudua|de:Schlacht von Lautulae|nl:Slag bij Lautulae|ga:Cath Lautulae|es:Batalla de Lautulae|nb:Slaget ved Lautulae|pt:Batalha de Lautulas|fr:bataille de Lautulae|it:battaglia di Lautulae|pl:Bitwa pod Lautulae"
<http://www.wikidata.org/entity/Q688081>	"cs:Bitva u Mühldorfu|hu:mühldorfi csata|de:Schlacht bei Mühldorf|nl:Slag bij Mühldorf|sl:bitka pri Mühldorfu|ga:Cath Mühldorf|es:Batalla de Mühldorf|pt:Batalha de Mühldorf|fr:bataille de Mühldorf|lv:Kauja pie Mīldorfas|it:battaglia di Mühldorf|pl:Bitwa pod Mühldorf"
<http://www.wikidata.org/entity/Q6881>	"da:Slaget ved Kap Ecnomus|cs:bitva u mysu Eknomus|sv:Slaget vid Kap Ecnomus|hu:Eknomosz-foki csata|ca:batalla del Cap Ècnom|de:Schlacht am Kap Ecnomus|nl:Slag bij Kaap Ecnomus|hr:Bitka kod rta Eknoma|et:Ecnomuse lahing|es:batalla del Cabo Ecnomo|nb:Slaget ved Kapp Ecnomus|pt:Batalha do Cabo Ecnomo|fr:bataille du Cap Ecnome|it:battaglia di Capo Ecnomo|fi:Eknomoksen taistelu|pl:Bitwa morska koło przylądka Eknomos"
<http://www.wikidata.org/entity/Q688502>	"sv:Slaget vid Murten|hu:murteni csata|de:Schlacht bei Murten|nl:Slag bij Murten|ga:Cath Morat|es:Batalla de Morat|fr:bataille de Morat|it:battaglia di Morat|pl:Bitwa pod Morat"
<http://www.wikidata.org/entity/Q6891>	"sv:Slaget vid Tunis|ca:batalla del riu Bàgradas|de:Schlacht von Tunes|nl:Slag bij Tunis|ga:Cath Bagradas|es:batalla de los llanos del Bagradas|nb:Slaget ved Tunis|pt:Batalha de Túnis|fr:bataille de Tunis|it:battaglia di Tunisi|fi:Tunisin taistelu|pl:Bitwa pod Tunesem"
<http://www.wikidata.org/entity/Q690244>	"ca:batalla de Bulgnéville|de:Schlacht von Bulgnéville|nl:Slag bij Bulgnéville|ga:Cath Bulgnéville|es:Batalla de Bulgnéville|pt:Batalha de Bulgnéville|fr:bataille de Bulgnéville"
<http://www.wikidata.org/entity/Q690291>	"ro:Bătălia de la Câmpul Pâinii|sk:Bitka na Chlebovom poli|cs:Bitva na Chlebovém poli|hu:kenyérmezei csata|de:Schlacht auf dem Brodfeld|nl:Battle of Breadfield|sl:bitka na Kruhovem polju|ga:Cath Breadfield|es:Batalla del Campo de Pan|fr:bataille de Champ de Pain|it:battaglia del Campo del Pane|pl:Bitwa na Chlebowym Polu"
<http://www.wikidata.org/entity/Q690495>	"ro:Bătălia de la Keresztes|sk:Bitka pri Mezőkeresztesi|cs:Bitva u Mezőkeresztese|hu:mezőkeresztesi csata|ca:batalla de Mezökeresztes|de:Schlacht bei Mezőkeresztes|nl:Battle of Keresztes|ga:Cath Keresztes|es:Batalla de Keresztes|pt:Batalha de Keresztes|fr:bataille de Keresztes|it:battaglia di Keresztes|pl:Bitwa pod Mezökeresztes"
<http://www.wikidata.org/entity/Q690573>	"de:Schlacht bei Brignais|ga:Cath Brignais|es:Batalla de Brignais|fr:bataille de Brignais|it:Battaglia di Brignais"
<http://www.wikidata.org/entity/Q693989>	"lt:Strėvos mūšis|de:Schlacht an der Strėva|ga:Cath Strėva|es:Batalla de Strėva|fr:bataille de la Strėva|lv:Strevas kauja|it:Battaglia della Strėva|pl:Bitwa nad Strawą"
<http://www.wikidata.org/entity/Q694379>	"cs:Bitva na Krbavském poli|hu:korbávmezei csata|de:Schlacht auf dem Krbava-Feld|hr:Krbavska bitka|et:Krbava lahing|sl:Krbavska bitka|es:Batalla de Krbava Field|pt:Batalha do Campo de Krbava|fr:bataille de Corbavie|pl:Bitwa pod Krbavsko Polje"
<http://www.wikidata.org/entity/Q695198>	"sv:Erövringen av Otranto|ca:setge d'Òtranto (1480)|de:Otranto-Feldzug|nl:Ottomaanse aanval op Otranto|et:Osmanite sissetung Otrantosse|es:Sitio de Otranto|fr:sac d'Otrante|it:battaglia di Otranto"
<http://www.wikidata.org/entity/Q698706>	"ro:Bătălia de la Kosovo Polje|sk:Druhá bitka na Kosovom poli|cs:druhá bitva na Kosově poli|sv:andra slaget på Trastfältet|hu:rigómezei csata|ca:batalla de Kosovo|de:Schlacht auf dem Amselfeld|nl:Battle of Kosovo|et:Kosovo lahing (1448)|sl:bitka na Kosovskem polju|ga:Cath na Cosaive|es:Batalla de Kosovo|pt:Segunda Batalha do Kosovo|fr:bataille de Kosovo|lv:Otrā Kosovas kauja|it:seconda battaglia del Kosovo|pl:Bitwa na Kosowym Polu"
<http://www.wikidata.org/entity/Q699475>	"de:Schlacht bei Guinegate|nl:Slag bij Guinegate|ga:Cath Guinegate|es:batalla de Guinegate|nb:Sporeslaget|pt:Batalha das Esporas|fr:bataille de Guinegatte|it:battaglia di Guinegatte|pl:Bitwa pod Guinegate"
<http://www.wikidata.org/entity/Q700194>	"ro:Bătălia de pe Marchfeld|sk:Bitka na Moravskom poli|cs:bitva na Moravském poli|hu:Dürnkrut|de:Schlacht bei Dürnkrut und Jedenspeigen|nl:Battle on the Marchfeld|sl:Bitka na Moravskem polju|es:Batalla de Marchfeld|pt:Batalha de Marchfeld|fr:bataille de Marchfeld|it:battaglia di Marchfeld|pl:Bitwa pod Suchymi Krutami"
<http://www.wikidata.org/entity/Q700874>	"ro:Bătălia de la Bilecia|hu:bilećai csata|de:Schlacht bei Bileća|hr:Bitka kod Bileće|et:Bileća lahing|sl:Bitka pri Bileći|ga:Cath Bileća|es:batalla de Bileća|fr:bataille de Bileća|it:Battaglia di Bileća|pl:Bitwa pod Bileća"
<http://www.wikidata.org/entity/Q701335>	"ro:bătălia de la Sisak|sk:Bitka pod hradom Sisak|cs:Bitva u Sisaku|de:Schlacht bei Sissek|nl:Battle of Sisak|hr:Bitka kod Siska|et:Sisaki lahing|sl:Bitka pri Sisku|ga:Cath Sisak|es:Batalla de Sisak|pt:Batalha de Sisak|fr:bataille de Sisak|it:battaglia di Sisak|pl:Bitwa pod Sziszakiem"
<http://www.wikidata.org/entity/Q701367>	"da:Slaget ved Jemmingen|sv:Slaget vid Jemmingen|hu:jemmingeni csata|ca:Batalla de Jemmingen|eu:Jemmingengo gudua|de:Schlacht von Jemgum|nl:Slag bij Jemmingen|gl:batalla de Jemmingen|ga:Cath Jemmingen|es:Batalla de Jemmingen|pt:Batalha de Jemmingen|fr:bataille de Jemmingen|it:Battaglia di Jemmingen|pl:II bitwa pod Jemgum"
<http://www.wikidata.org/entity/Q703363>	"sv:Slaget vid Frankenhausen|ca:batalla de Frankenhausen|eu:Frankenhauseneko bataila|de:Schlacht bei Frankenhausen|nl:Slag bij Frankenhausen|ga:Cath Frankenhausen|es:Batalla de Frankenhausen|nb:Slaget ved Frankenhausen|pt:Batalha de Frankenhausen|fr:bataille de Frankenhausen|it:battaglia di Frankenhausen|pl:Bitwa pod Frankenhausen"
<http://www.wikidata.org/entity/Q703523>	"ro:Bătălia de la Stilo|hu:Stilói csata|de:Schlacht am Kap Colonna|nl:Slag van Crotone|ga:Cath Stilo|es:batalla de Stilo|pt:Batalha de Capo Colonna|fr:bataille du cap Colonne|lv:Stilo kauja|it:battaglia di Capo Colonna|pl:Bitwa pod Krotoną"
<http://www.wikidata.org/entity/Q705874>	"ro:Bătălia de la Mohi|sk:Bitka pri rieke Slaná|cs:Bitva u Mohi|sv:Slaget vid Muhi|hu:muhi csata|lt:Mohi slėnio mūšis|de:Schlacht bei Muhi|nl:Slag bij Mohi|hr:Bitka na rijeci Šaju|sl:Bitka pri Mohiju|ga:Cath Mohi|es:Batalla de Mohi|pt:Batalha de Mohi|fr:bataille de Mohi|it:battaglia di Mohi|fi:Muhin taistelu|pl:Bitwa na równinie Mohi"
<http://www.wikidata.org/entity/Q716479>	"hu:schwetzi csata|de:Schlacht bei Schwetzin|ga:Cath Świecino|es:Batalla de Świecino|pt:Batalha de Świecino|fr:bataille de Puck|pl:Bitwa pod Świecinem"
<http://www.wikidata.org/entity/Q7283728>	"pt:Invasão do Redeswire|fr:raid de Redeswire|it:Raid del Redeswire"
<http://www.wikidata.org/entity/Q728550>	"cs:bitva u Baeculy|ca:batalla de Bècula|de:Schlacht bei Baecula|nl:Slag bij Baecula|gl:Batalla de Baecula|la:Proelium ad Baeculam commissum|ga:Cath Baecula|es:Batalla de Baecula|nb:Slaget ved Baecula|pt:Batalha de Baecula|fr:bataille de Baecula|it:battaglia di Baecula|pl:Bitwa pod Baeculą"
<http://www.wikidata.org/entity/Q730553>	"sk:Bitka pri Myriokefalone|cs:Bitva u Myriokefala|hu:müriokephaloni csata|ca:batalla de Miriocèfal|de:Schlacht bei Myriokephalon|nl:Slag bij Myriokephalon|la:Proelium apud Myriocephalum|ga:Cath Myriokephalon|es:Batalla de Miriocéfalo|pt:Batalha de Miriocéfalo|fr:bataille de Myriokephalon|it:battaglia di Miriocefalo|fi:Myriokefalonin taistelu|pl:Bitwa pod Myriokefalon"
<http://www.wikidata.org/entity/Q73105>	"cs:Bitva u Walcherenu|de:Schlacht bei Westkapelle|nl:Slag bij Westkapelle|ga:Cath Westkapelle|es:batalla de Westkapelle|fr:bataille de Westkapelle"
<http://www.wikidata.org/entity/Q733113>	"sk:Bitka pri Korónei (394 pred Kr.)|cs:bitva u Koróneie|ca:batalla de Coronea|de:Schlacht von Koroneia|nl:Slag bij Coronea|la:Pugna Coronensis|ga:Cath Coronea|es:Batalla de Coronea|pt:Batalha de Coroneia|fr:bataille de Coronée|it:battaglia di Coronea|pl:Bitwa pod Koroneją"
<http://www.wikidata.org/entity/Q733364>	"ro:Bătălia de la Megiddo|sk:Bitka pri Megide|cs:Bitva u Megida|sv:Slaget vid Megiddo|hu:megiddói csata|ca:batalla de Meguidó|eu:Megiddoko gudua|de:Schlacht bei Megiddo|nl:Slag bij Megiddo|hr:Bitka kod Megida|gl:Batalla de Megido|sl:Bitka pri Megidu|ga:Cath Megiddo|es:batalla de Megido|pt:Batalha de Megido|fr:bataille de Megiddo|it:battaglia di Megiddo|fi:Megiddon taistelu|pl:Bitwa pod Megiddo"
<http://www.wikidata.org/entity/Q734300>	"ga:Cath Nakło|es:Batalla de Nakło|fr:bataille de Nakło|pl:Oblężenie Nakła"
<http://www.wikidata.org/entity/Q734700>	"ro:Bătălia de la Avarayr|cs:bitva u Avarajru|ca:batalla d'Avarair|de:Schlacht von Avarayr|nl:Slag bij Vartanantz|ga:Cath Avarayr|es:batalla de Avarayr|nb:Slaget ved Avarajr|pt:Batalha de Avarair|fr:bataille d'Avarayr|it:Battaglia di Avarayr|pl:Bitwa pod Awarajr"
<http://www.wikidata.org/entity/Q735876>	"sv:Slaget vid Siffin|hu:sziffini csata|ca:batalla de Siffín|lt:Sifino mūšis|de:Schlacht von Siffin|nl:Battle of Siffin|sl:bitka pri Sifinu|ga:Cath Siffin|es:Batalla de Siffin|nb:Slaget ved Siffin|pt:Batalha de Sifim|fr:bataille de Siffin|it:battaglia di Siffin|fi:Siffinin taistelu|pl:Bitwa pod Siffin"
<http://www.wikidata.org/entity/Q737655>	"ro:Asediul Silistrei|ca:setge de Dorostolon|de:Belagerung von Dorostolon|nl:Siege of Dorostolon|hr:Bitka za Dorostoru|sl:Obleganje Dorostopola|ga:Léigear Dorostolon|es:Batalla de Dorostolon|pt:Batalha de Dorostolo|fr:bataille de Dorystolon|it:assedio di Dorostolon|pl:Bitwa pod Dorostolonem"
<http://www.wikidata.org/entity/Q738768>	"sv:Slaget på Fitjar|hu:fitjari csata|de:Schlacht bei Fitjar|ga:Cath Fitjar|es:Batalla de Fitjar|nb:Slaget ved Fitjar på Stord|pt:Batalha de Fitjar|fr:bataille de Fitjar|it:Battaglia di Fitjar|fi:Fitjarin taistelu"
<http://www.wikidata.org/entity/Q74072>	"sv:Slaget vid Albulena|de:Schlacht von Albulena|nl:Slag om Albulena|ga:Cath Albulena|es:Batalla de Albulena|nb:Slaget ved Albulena|fr:bataille d'Albulena|it:Battaglia di Albulena|pl:Bitwa na równinie Albulena"
<http://www.wikidata.org/entity/Q7443103>	"nl:Slag om Nepheris|es:segunda batalla de Neferis|pt:Batalha de Néferis|pl:II bitwa pod Nepheris"
<http://www.wikidata.org/entity/Q744588>	"nl:Slag bij Reimerswaal|gl:batalla de Reimerswaal|ga:Cath Reimerswaal|es:Batalla de Reimerswaal|fr:bataille de Reimerswaal|it:Battaglia di Reimerswaal|pl:Bitwa morska pod Reimerswaal"
<http://www.wikidata.org/entity/Q744611>	"cs:bitva u Hérakleje|ca:batalla d'Heraclea|lt:Heraklėjos mūšis|de:Schlacht von Heraclea|nl:Slag bij Heraclea|hr:Bitka kod Herakleje|la:Heracleae pugna|sl:bitka pri Herakleji|ga:Cath Heraclea|es:Batalla de Heraclea|pt:Batalha de Heracleia|fr:bataille d'Héraclée|it:battaglia di Eraclea|pl:Bitwa pod Herakleą"
<http://www.wikidata.org/entity/Q745110>	"ro:bătălia de la Chaldiran|cs:Bitva na Čaldiránské rovině|hu:csáldiráni csata|ca:Çaldiran|de:Schlacht bei Tschaldiran|nl:slag bij Chaldiran|ga:Cath Chaldiran|es:batalla de Chaldiran|pt:Batalha de Chaldiran|fr:bataille de Tchaldiran|it:battaglia di Cialdiran|fi:Čalderanin taistelu|pl:Bitwa na równinie Czałdyran"
<http://www.wikidata.org/entity/Q747679>	"ro:Bătălia de la Artemisium|sk:Bitka pri myse Artemision|cs:Bitva u Artemísia|sv:Slaget vid Artemision|hu:artemiszioni csata|ca:Batalla d'Artemísion|de:Schlacht bei Artemision|nl:Slag bij Artemisium|hr:Bitka kod Artemizija|gl:Batalla de Artemisio|es:Batalla de Artemisio|nb:Slaget ved Artemision|pt:Batalha de Artemísio|fr:bataille de l'Artémision|it:battaglia di Capo Artemisio|fi:Artemisionin taistelu|pl:bitwa u przylądka Artemizjon"
<http://www.wikidata.org/entity/Q7509804>	"sl:obleganje Allensteina|ga:Léigear Allenstein|es:Asedio de Allenstein|fr:siège de Varmie"
<http://www.wikidata.org/entity/Q7509826>	"ga:Léigear Asti|es:sitio de Asti (402)|fr:siège d'Hasta"
<http://www.wikidata.org/entity/Q7509857>	"lt:Barštyno apgultis|ga:Léigear Bartenstein|es:Asedio de Bartenstein|fr:siège de Bartoszyce"
<http://www.wikidata.org/entity/Q7509925>	"ca:setge de Chartres|sl:obleganje Chartresa (911)|ga:Léigear Chartres|es:sitio de Chartres (911)|pt:Cerco de Chartres (911)|fr:siège de Chartres"
<http://www.wikidata.org/entity/Q7509995>	"ga:Léigear Exeter|es:sitio de Exeter (1068)|pt:Cerco de Exeter|fr:siège d'Exeter|it:assedio di Exeter"
<http://www.wikidata.org/entity/Q7510162>	"ga:Léigear Kraków|es:Asedio de Cracovia|fr:siège de Cracovie|it:Assedio di Cracovia|pl:Oblężenie Krakowa (1587)"
<http://www.wikidata.org/entity/Q7510434>	"ca:setge de Tallinn|eu:Tallinnen setioa|gl:asedio de Talín|et:Tallinna piiramine (1221)|ga:Léigear Thaillinn|es:Asedio de Tallinn|fr:siège de Réval|lv:Tallinas aplenkums (1221)"
<http://www.wikidata.org/entity/Q751236>	"sv:Slaget vid Dreux|hu:dreux-i csata|ca:Batalla de Dreux|de:Schlacht bei Dreux|nl:Slag bij Dreux|et:Dreux' lahing|sl:Bitka pri Dreuxu|ga:Cath Dreux|es:Batalla de Dreux|pt:Batalha de Dreux|fr:bataille de Dreux|it:battaglia di Dreux|pl:Bitwa pod Dreux"
<http://www.wikidata.org/entity/Q755966>	"ro:Bătălia de la Ninive|cs:Bitva u Ninive|ca:batalla de Nínive|lt:Ninevijos mūšis (627)|de:Schlacht bei Ninive|nl:Slag bij Ninive|hr:Bitka kod Ninive|sl:bitka pri Ninivah|ga:Cath Nineveh|es:Batalla de Nínive|pt:Batalha de Nínive|fr:bataille de Ninive|it:battaglia di Ninive|pl:Bitwa pod Niniwą"
<http://www.wikidata.org/entity/Q756413>	"cs:Bitva u Auscula|sv:Slaget vid Asculum 279 f.Kr.|hu:asculumi csata|ca:batalla d'Àsculum|lt:Askulo mūšis|de:Schlacht bei Asculum|nl:Slag bij Asculum|hr:Bitka kod Askula|sl:bitka pri Askulu|ga:Cath Asculum|es:Batalla de Ásculo|pt:Batalha de Ásculo|fr:bataille d'Ausculum|it:battaglia di Ascoli Satriano|pl:Bitwa pod Ausculum"
<http://www.wikidata.org/entity/Q762458>	"ca:batalla de Ruspina|nl:Slag bij Ruspina|ga:Cath Ruspina|es:Batalla de Ruspina|pt:Batalha de Ruspina|fr:bataille de Ruspina|it:battaglia di Ruspina|pl:Bitwa pod Ruspiną"
<http://www.wikidata.org/entity/Q762600>	"ro:Bătălia de la Fano|cs:bitva u Fana|de:Schlacht bei Fano|nl:Slag bij Fano|sl:Bitka pri Fanu|ga:Cath Fano|es:Batalla de Fano|pt:Batalha de Fano|it:battaglia di Fano|pl:Bitwa pod Fano"
<http://www.wikidata.org/entity/Q762717>	"ca:batalla de Pol·lència|de:Schlacht bei Pollentia|nl:Slag bij Pollentia|ga:Cath Pollentia|es:Batalla de Pollentia|pt:Batalha de Pollentia|fr:bataille de Pollentia|it:battaglia di Pollenzo|pl:Bitwa pod Pollenzo"
<http://www.wikidata.org/entity/Q763428>	"ro:Bătălia din Pelagonia|cs:Bitva u Pelagonie|hu:pelagoniai csata|ca:batalla de Pelagònia|de:Schlacht bei Pelagonia|nl:Battle of Pelagonia|ga:Cath Pelagonia|es:Batalla de Pelagonia|pt:Batalha de Pelagónia|fr:bataille de Pélagonia|it:battaglia di Pelagonia|fi:Pelagonian taistelu|pl:Bitwa pod Pelagonią"
<http://www.wikidata.org/entity/Q764793>	"cs:bitva u Fornova|hu:fornovói csata|ca:batalla de Fornovo|de:Schlacht bei Fornovo|nl:Slag bij Fornovo|et:Fornovo lahing|ga:Cath Fornovo|es:Batalla de Fornovo|fr:bataille de Fornoue|it:battaglia di Fornovo|pl:Bitwa pod Fornovo"
<http://www.wikidata.org/entity/Q764819>	"ro:bătălia de la Gembloux|cs:bitva u Gembloux|ca:batalla de Gembloux|de:Schlacht von Gembloux (1578)|nl:Slag bij Gembloers|gl:batalla de Gembloux|ga:Cath Gembloux|es:batalla de Gembloux|pt:Batalha de Gembloux|fr:bataille de Gembloux|it:Battaglia di Gembloux (1578)|pl:Bitwa pod Gembloux"
<http://www.wikidata.org/entity/Q766072>	"ro:Bătălia de pe râul Órbigo|nl:Slag aan de Urbicus|gl:batalla do río Órbigo|ga:Cath Órbigo|es:batalla del río Órbigo|pt:Batalha de Órbigo|fr:bataille de la rivière Órbigo|it:battaglia del fiume Urbicus"
<http://www.wikidata.org/entity/Q766136>	"de:Battle of Harlaw|ga:Cath Gairbheach|es:Batalla de Harlaw|fr:bataille de Harlaw"
<http://www.wikidata.org/entity/Q767124>	"ca:batalla de Ctesifont|nl:Battle of Ctesiphon|hr:Bitka kod Ktezifonta (363.)|la:Proelium ad Ctesiphontem commissum|ga:Cath Ctesiphon|es:batalla de Ctesifonte (363)|pt:Batalha de Ctesifonte|fr:bataille de Ctésiphon|it:battaglia di Ctesifonte|pl:Bitwa pod Ktezyfonem"
<http://www.wikidata.org/entity/Q76721503>	"ga:Cath Dournon|fr:bataille de Dournon"
<http://www.wikidata.org/entity/Q767605>	"ca:batalla d'Argentovària|de:Schlacht bei Argentovaria|nl:Slag bij Argentovaria|sl:Bitka pri Argentovariji|ga:Cath Argentovaria|es:Batalla de Argentovaria|pt:Batalha de Argentovária|fr:bataille d'Argentovaria|it:battaglia di Argentovaria|pl:Bitwa pod Argentovarią"
<http://www.wikidata.org/entity/Q767844>	"ro:Asediul Constantinopolului|ca:setge de Constantinoble (1203)|nl:Siege of Constantinople|ga:Léigear Chathair Chonstaintín|es:Sitio de Constantinopla (1203)|pt:Cerco de Constantinopla (1203)|fr:siège de Constantinople|it:assedio di Costantinopoli"
<http://www.wikidata.org/entity/Q767848>	"cs:bitva u Adrianopole|hu:hadrianopolisi csata|ca:batalla d'Adrianòpolis|de:Schlacht von Adrianopel|nl:Slag bij Adrianopel|hr:Bitka kod Hadrianopola 323.|sl:Bitka pri Odrinu (324)|es:Batalla de Adrianópolis|pt:Batalha de Adrianópolis|fr:bataille d'Andrinople|it:battaglia di Adrianopoli|pl:Bitwa pod Adrianopolem"
<http://www.wikidata.org/entity/Q767935>	"da:Rhodos' belejring 1522|cs:Obléhání Rhodu|sv:Belägringen av Rhodos|hu:johannita–török háború (1522–23)|ca:Setge de Rodes (1522)|de:Belagerung von Rhodos|nl:Beleg van Rhodos|et:Rhodose piiramine (1522)|ga:Léigear Ródas|es:Sitio de Rodas|pt:Batalha de Rodes|fr:siège de Rhodes|it:assedio di Rodi|fi:Rodoksen piiritys|pl:oblężenie Rodos w 1522"
<http://www.wikidata.org/entity/Q769358>	"cs:Bitva u Tagin|sv:Slaget vid Taginæ|hu:Busta Gallorum-i csata|ca:batalla de Tagines|lt:Tagino mūšis|eu:Taginaeko gudua|de:Schlacht von Busta Gallorum|nl:Slag bij Taginae|sl:bitka pri Tagini|ga:Cath Taginae|es:batalla de Tagina|pt:Batalha de Tagina|fr:bataille de Taginae|it:battaglia di Tagina|fi:Taginaen taistelu|pl:Bitwa pod Busta Gallorum"
<http://www.wikidata.org/entity/Q774487>	"cs:bitva u Aquae Sextiae|sv:Slaget vid Aquae Sextiae|hu:Aquae Sextiae-i csata|ca:batalla d'Aigües Sèxties|de:Schlacht von Aquae Sextiae|nl:Slag bij Aquae Sextiae|es:Batalla de Aquae Sextiae|nb:Slaget ved Aquae Sextiae|pt:Batalha de Aquae Sextiae|fr:bataille d'Aix|it:battaglia di Aquae Sextiae|fi:Aquae Sextiaen taistelu|pl:Bitwa pod Aquae Sextiae"
<http://www.wikidata.org/entity/Q776215>	"cs:mitva u Arausia|hu:arausiói csata|ca:batalla d'Aràusio|de:Schlacht bei Arausio|nl:Slag bij Arausio|la:proelium apud Arausionem|ga:Cath Arausio|es:Batalla de Arausio|nb:Slaget ved Arausio|pt:Batalha de Arausio|fr:bataille d'Orange|it:battaglia di Arausio|fi:Arausion taistelu|pl:Bitwa pod Arausio"
<http://www.wikidata.org/entity/Q777332>	"cs:Bitva u Arkadiopole|hu:arkadiopoliszi csata (970)|ca:batalla d'Arcadiòpolis|de:Schlacht von Arkadiopolis (970)|nl:Battle of Arcadiopolis|ga:Cath Arcadiopolis|es:Batalla de Arcadiópolis|pt:Batalha de Arcadiópolis|fr:bataille d'Arcadiopolis|it:battaglia di Arcadiopoli|pl:Bitwa pod Arkadiopolis (970)"
<http://www.wikidata.org/entity/Q778730>	"hu:asculumi csata (Kr. e. 209)|ca:batalla d'Asculum (209 aC)|de:Schlacht von Asculum|nl:Slag bij Asculum|ga:Cath Canusium|es:Batalla de Ásculo (209 a. C.)|nb:Slaget ved Asculum (209 f.Kr.)|pt:Batalha de Canúsio|fr:bataille d'Ausculum|it:battaglia di Ascoli"
<http://www.wikidata.org/entity/Q780052>	"de:Schlacht von Jemgum|nl:slag bij Jemmingen|ga:Cath Jemgum|es:Batalla de Jemgum|pl:I bitwa pod Jemgum"
<http://www.wikidata.org/entity/Q783058>	"sv:Slaget vid Thermopyle|ca:batalla de les Termòpiles|de:Schlacht bei den Thermopylen|nl:Battle of Thermopylae|hr:Bitka kod Termopila (191. pr. Kr.)|la:Pugna ad Thermopylas|ga:Cath Thearmápalae|es:Batalla de las Termópilas|pt:Batalha de Termópilas|fr:bataille des Thermopyles|it:battaglia delle Termopili|pl:Bitwa pod Termopilami (191 p.n.e.)"
<http://www.wikidata.org/entity/Q784296>	"cs:Bitva u Tertry|de:Schlacht bei Tertry|nl:Slag bij Tertry|sl:Bitka pri Tertryju|ga:Cath Tertry|es:Batalla de Tertry|fr:bataille de Tertry|it:Battaglia di Tertry|pl:Bitwa pod Tertry"
<http://www.wikidata.org/entity/Q815120>	"ro:Asediul de la Bari|sv:Belägringen av Bari|de:Belagerung von Bari|nl:Siege of Bari|ga:Léigear Bari|es:Sitio de Bari|nb:Beleiringen av Bari|pt:Cerco de Bari|fr:siège de Bari|it:assedio di Bari|pl:Oblężenie Bari"
<http://www.wikidata.org/entity/Q815160>	"da:Belejring af Karthago (Tredje Puniske Krig)|ro:Asediul Cartaginei|ca:batalla de Cartago (149 aC)|de:Belagerung von Karthago|nl:Battle of Carthage|gl:cerco de Cartago|sl:obleganje Kartagine|ga:Léigear na Cartaige (c. 149–146 BC)|es:batalla de Cartago|nb:Slaget ved Karthago (149 f.Kr.)|pt:Cerco de Cartago|fr:bataille de Carthage|it:battaglia di Cartagine|pl:Oblężenie Kartaginy"
<http://www.wikidata.org/entity/Q815161>	"ro:Asediul Ierusalimului (1187)|cs:Obléhání Jeruzaléma (1187)|sv:belägringen av Jerusalem (1187)|hu:Jeruzsálem ostroma|ca:setge de Jerusalem (1187)|lt:Jeruzalės apgultis|de:Belagerung von Jerusalem (1187)|nl:Beleg van Jeruzalem|hr:Opsada Jeruzalema|gl:cerco de Xerusalén de 1187|sl:obleganje Jeruzalema (1187)|ga:Léigear Iarúsailéim|es:conquista de Jerusalén (1187 d. C.)|pt:Cerco de Jerusalém (1187)|fr:siège de Jérusalem|it:assedio di Gerusalemme|fi:Jerusalemin piiritys (1187)"
<http://www.wikidata.org/entity/Q815162>	"ro:Asediul Kievului|ca:setge de Kíev|lt:Kijevo apgultis (1240)|de:Belagerung von Kiew (1240)|nl:Beleg van Kyiv (1240)|ga:Léigear Chív|es:sitio de Kiev|pt:Cerco de Quieve (1240)|fr:siège de Kyiv|it:Assedio di Kiev (1240)|pl:Zdobycie Kijowa (1240)"
<http://www.wikidata.org/entity/Q815173>	"ro:Asediul cetății Meaux|cs:obléhání Meaux|ca:setge de Meaux|eu:Meaux-eko setioa|de:Belagerung von Meaux|ga:Léigear Meaux|es:Sitio de Meaux|fr:siège de Meaux|it:Assedio di Meaux"
<http://www.wikidata.org/entity/Q815196>	"ro:Asediul Pskovului|hu:Pszkov ostroma|de:Belagerung von Pskow (1581)|nl:Beleg van Pskov|sl:Obleganje Pskova|ga:Léigear Pskov|es:Asedio de Pskov|nb:Beleiringen av Pskov|fr:siège de Pskov|pl:Oblężenie Pskowa"
<http://www.wikidata.org/entity/Q815203>	"ro:Asediul cetății Rouen|cs:obléhání Rouenu|ca:setge de Rouen|de:Belagerung von Rouen|nl:Siege of Rouen|et:Roueni piiramine (1418–1419)|sl:obleganje Rouena (1418)|ga:Léigear Rouen|es:Sitio de Ruan|fr:siège de Rouen|it:assedio di Rouen"
<http://www.wikidata.org/entity/Q815233>	"ro:asediul Tyrului|ca:setge de Tir|lt:Tyro apsuptis|eu:Tiroko setioa (K.a. 332)|de:Belagerung von Tyros (332 v. Chr.)|nl:Beleg van Tyrus|et:Tüürose piiramine|ga:Léigear Tyre|es:sitio de Tiro (332 a. C.)|pt:Cerco de Tiro|fr:siège de Tyr|it:assedio di Tiro|fi:Tyroksen piiritys|pl:Oblężenie Tyru"
<http://www.wikidata.org/entity/Q81650764>	"ca:Batalla de Gibraltar (1476)|eu:Gibraltarko gudua (1476)|es:batalla de Gibraltar (1476)"
<http://www.wikidata.org/entity/Q8206120>	"ca:assalt al castell d'Alaró|es:asalto al castillo de Alaró"
<http://www.wikidata.org/entity/Q8243979>	"ca:batalla d'Alcolea de Cinca|es:Batalla de Alcolea de Cinca"
<http://www.wikidata.org/entity/Q8243982>	"ca:batalla d'Almenar (1082)|ga:Cath Almenar|es:Batalla de Almenar (1082)|it:Battaglia di Almenar (1082)"
<http://www.wikidata.org/entity/Q8243989>	"ca:batalla d'Apros|ga:Cath Apros|es:batalla de Apros|pt:Batalha de Apros|fr:bataille d'Apros"
<http://www.wikidata.org/entity/Q8244136>	"ca:batalla de Quart de Poblet|es:batalla de Cuarte|fr:bataille de Quart de Poblet"
<http://www.wikidata.org/entity/Q8244222>	"ca:batalla de Gandia|de:Schlacht von Gandia|ga:Cath Gandía|es:batalla de Gandía"
<http://www.wikidata.org/entity/Q8244418>	"ca:batalla de Rovirans|de:Batalla de Rovirans|ga:Cath Rovirans|es:batalla de Rovirans|fr:Bataille de Rovirans"
<http://www.wikidata.org/entity/Q8244435>	"ca:batalla de Sel·làsia (195 aC)|ga:Cath Selasia|es:Batalla de Selasia (195 a. C.)"
<http://www.wikidata.org/entity/Q8244468>	"ca:batalla de Tébar|ga:Cath Tevar|es:Batalla de Tévar"
<http://www.wikidata.org/entity/Q826083>	"sv:Slaget vid diket|hu:Medina ostroma|ca:batalla del Fossat|lt:Tranšėjos mūšis|de:Grabenschlacht|nl:Slag van de gracht|sl:bitka na Hendeku|es:Batalla de la Trinchera|nb:Slaget ved diket|pt:Batalha da Trincheira|fr:bataille de la Tranchée|it:battaglia del Fossato|fi:Vallihautasota|pl:Bitwa pod Medyną"
<http://www.wikidata.org/entity/Q827472>	"ro:Bătălia de la Ascalon|cs:Bitva u Aškelonu|hu:aszkalóni csata|ca:batalla d'Ascaló|de:Schlacht von Askalon|nl:Slag bij Ascalon|gl:batalla de Ascalón|sl:Bitka pri Askalonu|ga:Cath Ascalon|es:Batalla de Ascalón|nb:Slaget ved Ashkelon|pt:Batalha de Ascalon|fr:siège d'Ascalon|it:battaglia di Ascalona|fi:Askelonin taistelu|pl:Bitwa pod Askalonem"
<http://www.wikidata.org/entity/Q830626>	"da:Slaget ved Bouvines|ro:Bătălia de la Bouvines|cs:Bitva u Bouvines|sv:Slaget vid Bouvines|hu:bouvines-i csata|ca:Batalla de Bouvines|lt:Buvino mūšis|eu:Bouvinesko gudua|de:Schlacht bei Bouvines|nl:Slag bij Bouvines|sl:bitka pri Bouvinesu|ga:Cath Bouvines|es:batalla de Bouvines|nb:Slaget ved Bouvines|pt:Batalha de Bouvines|fr:bataille de Bouvines|it:battaglia di Bouvines|pl:Bitwa pod Bouvines"
<http://www.wikidata.org/entity/Q830878>	"is:Stiklastaðaorrusta|da:Slaget ved Stiklestad|sk:Bitka pri Stiklestade|sv:Slaget vid Stiklestad|hu:stiklestadi csata|ca:batalla de Stiklestad|de:Schlacht von Stiklestad|nl:Slag bij Stiklestad|gl:Batalla de Stiklestad|et:Stiklestadi lahing|ga:Cath Stiklestad|es:Batalla de Stiklestad|nb:Slaget på Stiklestad|pt:Batalha de Stiklestad|fr:bataille de Stiklestad|it:battaglia di Stiklestad|fi:Stiklestadin taistelu|pl:Bitwa pod Stiklestad"
<http://www.wikidata.org/entity/Q83224>	"is:Orrustan við Hastings|da:Slaget ved Hastings|ro:Bătălia de la Hastings|sk:Bitka pri Hastingse|cs:bitva u Hastingsu|sv:Slaget vid Hastings|hu:hastingsi csata|cy:Brwydr Hastings|ca:batalla de Hastings|lt:Heistingso mūšis|eu:Hastingseko gudua|de:Schlacht bei Hastings|nl:Slag bij Hastings|hr:Bitka kod Hastingsa|gl:Batalla de Hastings|et:Hastingsi lahing|la:pugna Hastingensis|sl:bitka pri Hastingsu|ga:Cath Hastings|es:batalla de Hastings|nb:Slaget ved Hastings|pt:Batalha de Hastings|fr:bataille d'Hastings|lv:Heistingsas kauja|it:battaglia di Hastings|fi:Hastingsin taistelu|pl:Bitwa pod Hastings"
<http://www.wikidata.org/entity/Q835077>	"hu:Frisches Haff-i csata|es:Batalla de Vistula Lagoon|fr:bataille de Zatoka Świeża|fi:Veikselinhaffin taistelu|pl:Bitwa na Zalewie Wiślanym"
<http://www.wikidata.org/entity/Q836844>	"hu:kádiszíjai csata|ca:batalla d'al-Qadisiyya|lt:Kadisijos mūšis|de:Schlacht von Kadesia|nl:Battle of al-Qādisiyyah|sl:Bitka pri Kadisiji|ga:Cath al-Qādisiyyah|es:batalla de al-Qadisiyya|nb:Slaget ved al-Qādisiyyah|pt:Batalha de Cadésia|fr:bataille d'al-Qadisiyya|it:battaglia di al-Qadisiyya|fi:Qadisiyyan taistelu|pl:Bitwa pod al-Kadisijją"
<http://www.wikidata.org/entity/Q836944>	"da:Slaget ved Frigidus|cs:bitva na řece Frigidus|sv:Slaget vid Frigidus|hu:Frigidus menti csata|ca:batalla del Frígid|de:Schlacht am Frigidus|nl:Slag aan de Frigidus|gl:Batalla do Frigidus|et:Frigiduse lahing|sl:bitka pri Frigidu|es:batalla del Frígido|pt:Batalha do Rio Frígido|fr:bataille de la rivière froide|it:battaglia del Frigido|fi:Frigiduksen taistelu|pl:Bitwa nad rzeką Frigidus"
<http://www.wikidata.org/entity/Q839234>	"cs:Bitva u Grotnik|de:Schlacht bei Grotniki|nl:Slag bij Grotniki|ga:Cath Grotniki|es:Batalla de Grotniki|fr:bataille de Grotniki|pl:Bitwa pod Grotnikami"
<http://www.wikidata.org/entity/Q841211>	"ro:Bătălia de la Nedao|cs:bitva u Nedaa|sv:Slaget vid Nedao|hu:Nedao melletti csata|ca:batalla de Nedao|de:Schlacht am Nedao|nl:Slag aan de Nadao|gl:Batalla de Nedao|sl:Bitka pri Nedavi|ga:Cath Nedao|es:batalla de Nedao|nb:Slaget ved Nedao|pt:Batalha do Rio Nedao|fr:bataille de la Nedao|it:battaglia del fiume Nedao|pl:Bitwa nad rzeką Nedao"
<http://www.wikidata.org/entity/Q842361>	"sk:Bitka na Gvozde|hu:Gvozd-hegységi csata|de:Schlacht am Gvozd|hr:Bitka na Gvozdu|sl:Bitka na Gvozdu|es:Batalla de la montaña Gvozd|pl:Bitwa pod górą Gvozd"
<http://www.wikidata.org/entity/Q842796>	"da:1. slag ved St Albans|cs:První bitva u St Albans|sv:Första slaget vid St Albans|hu:első Saint Albans-i csata|de:Erste Schlacht von St Albans|nl:Eerste Slag bij St Albans|es:Primera batalla de St Albans|nb:Første slag ved St. Albans|pt:Primeira Batalha de St. Albans|fr:première bataille de Saint-Albans|it:prima battaglia di St Albans|fi:St Albansin ensimmäinen taistelu|pl:I bitwa pod St Albans"
<http://www.wikidata.org/entity/Q844639>	"ro:Bătălia de la Djahy|sv:Slaget vid Djahy|hu:dzsáhi csata|ca:batalla de Djahy|ga:Cath Djahy|es:batalla de Djahy|pt:Batalha de Djahy|fr:bataille de Djahy|it:battaglia di Djahy"
<http://www.wikidata.org/entity/Q846491>	"cs:Bitva o Vercelli|hu:vercellaei csata|ca:batalla dels Camps Raudis|de:Schlacht von Vercellae|nl:Slag bij Vercellae|gl:Batalla de Vercellae|ga:Cath Vercellae|es:Batalla de Vercelas|nb:Slaget ved Vercellae|pt:Batalha de Vercelas|fr:bataille de Verceil|it:battaglia dei Campi Raudii|fi:Vercellaen taistelu|pl:Bitwa pod Vercellae"
<http://www.wikidata.org/entity/Q847287>	"ro:Bătălia de la Montgisard|cs:Bitva u Montgisardu|sv:Slaget vid Montgisard|hu:montgisard-i csata|ca:Batalla de Montgisard|de:Schlacht von Montgisard|nl:Slag bij Montgisard|gl:batalla de Montgisard|la:Proelium ad montem Gisardi commissum|sl:bitka v Montgisardu|ga:Cath Montgisard|es:Batalla de Montgisard|pt:Batalha de Montgisard|fr:bataille de Montgisard|it:battaglia di Montgisard|pl:Bitwa pod Montgisard"
<http://www.wikidata.org/entity/Q848056>	"cs:Bitva nad Metaurem|sv:Slaget vid Metaurus|ca:batalla del Metaure|de:Schlacht am Metaurus|nl:Slag bij de Metaurus|hr:Bitka kod Metaura|sl:bitka na Metavru|es:Batalla del Metauro|nb:Slaget ved Metaurus|pt:Batalha do Metauro|fr:bataille du Métaure|it:battaglia del Metauro|fi:Metauruksen taistelu|pl:Bitwa nad Metaurusem"
<http://www.wikidata.org/entity/Q849474>	"sk:Bitka pri Karkare|sv:Slaget vid Qarqar|hu:karkari csata|ca:batalla de Qarqar|eu:Qarqarreko gudua|nl:Slag bij Qarqar|ga:Cath Qarqar|es:Batalla de Qarqar|pt:Batalha de Carcar|fr:bataille de Qarqar|it:battaglia di Qarqar|fi:Qarqarin taistelu|pl:Bitwa pod Karkar"
<http://www.wikidata.org/entity/Q849653>	"cs:Bitva u Thapsu|sv:Slaget vid Thapsus|hu:thapsusi csata|ca:batalla de Tapsos|de:Schlacht bei Thapsus|nl:Slag bij Thapsus|la:Thapsi Pugna|ga:Cath Thapsus|es:Batalla de Tapso|pt:Batalha de Tapso|fr:bataille de Thapsus|it:battaglia di Tapso|fi:Thapsuksen taistelu|pl:Bitwa pod Tapsus"
<http://www.wikidata.org/entity/Q851504>	"ro:Bătălia de la Vouillé|cs:Bitva u Vouillé|sv:Slaget i Vouillé|hu:vouilléi csata|ca:batalla de Vouillé|lt:Vujė mūšis|eu:Vouilléko gudua|de:Schlacht von Vouillé|nl:Slag bij Vouillé|gl:Batalla de Vogladum|la:Proelium apud campum Vogladense|sl:bitka pri Vouilléu|ga:Cath Vouillé|es:batalla de Vouillé|nb:Slaget ved Vouillé|pt:Batalha de Vouillé|fr:bataille de Vouillé|it:battaglia di Vouillé|pl:Bitwa pod Vouillé"
<http://www.wikidata.org/entity/Q853635>	"ca:batalla de Suèssula|nl:Battle of Suessula|ga:Cath Suessula|es:Batalla de Suessula|pt:Batalha de Suessula|fr:bataille de Suessula|it:battaglia di Suessula"
<http://www.wikidata.org/entity/Q853754>	"da:Slaget ved Saule|ro:Bătălia de la Saule|cs:Bitva u Šiauliai|sv:Slaget vid Saule|hu:saulei csata|ca:batalla de Saule|lt:Saulės mūšis|eu:Sauleko gudua|de:Schlacht von Schaulen|nl:Slag bij Saule|gl:Batalla de Saule|et:Saule lahing|ga:Cath Saule|es:Batalla de Saule|pt:Batalha de Saule|fr:bataille de Saule|lv:Saules kauja|it:battaglia di Šiauliai|fi:Saulen taistelu|pl:Bitwa pod Szawlami"
<http://www.wikidata.org/entity/Q854523>	"hr:Hrvatsko-bugarska bitka 927. godine|sl:Bitka v bosanskem višavju|es:Batalla búlgaro-croata de 927|pt:Batalha do Planalto Bósnio|fr:bataille des montagnes bosniaques"
<http://www.wikidata.org/entity/Q85745835>	"ga:Cath Firmum"
<http://www.wikidata.org/entity/Q85745838>	"nl:battaglia di Forlì|ga:Cath Forli|fr:bataille de Forlì|it:battaglia di Forlì"
<http://www.wikidata.org/entity/Q85745937>	"ga:Cath Taenum|es:batalla de Taenum"
<http://www.wikidata.org/entity/Q85745961>	"es:batalla del 25 de Abu"
<http://www.wikidata.org/entity/Q85859782>	"ga:Cath Bardi|es:batalla de Bardi|fr:bataille de Bardi|it:Battaglia di Bardi"
<http://www.wikidata.org/entity/Q85859789>	"ro:Bătălia de la Cerami|nl:Slag bij Cerami|ga:Cath Cerami|es:batalla de Cerami|fr:bataille de Cerami|it:Battaglia di Cerami"
<http://www.wikidata.org/entity/Q85859814>	"ga:Cath Solara|es:batalla de Solara|fr:bataille de Solara|it:Battaglia di Solara"
<http://www.wikidata.org/entity/Q858922>	"ro:Bătălia de la Cassel (1071)|cs:Bitva u Casselu (1071)|hu:casseli csata (1071)|ca:batalla de Cassel|de:Schlacht von Cassel|nl:Slag bij Kassel|ga:Cath Cassel|es:Batalla de Cassel (1071)|pt:Batalha de Cassel|fr:bataille de Cassel|it:battaglia di Cassel|pl:Bitwa pod Cassel (1071)"
<http://www.wikidata.org/entity/Q866862>	"ro:Bătălia de la Aigos Potamos|sk:Bitka pri Aigospotamoi|cs:bitva u Aigospotamoi|hu:aigoszpotamoi csata|ca:batalla d'Egospòtam|de:Schlacht bei Aigospotamoi|nl:Slag bij Aegospotami|gl:Batalla de Egospótamos|sl:Bitka pri Ajgospotamih|es:Batalla de Egospótamos|nb:Slaget ved Aigospotamoi|pt:Batalha de Egospótamos|fr:bataille d'Aigos Potamos|it:battaglia di Egospotami|fi:Aigospotamoin taistelu|pl:Bitwa u ujścia Ajgospotamoj"
<http://www.wikidata.org/entity/Q867236>	"de:Schlacht bei Werl|ga:Cath Werl|es:Batalla de Werl"
<http://www.wikidata.org/entity/Q86750828>	"hu:niszibiszi csata|ga:Cath Nisibis|es:batalla de Nísibis"
<http://www.wikidata.org/entity/Q868027>	"is:Brjánsbardagi|da:Slaget ved Clontarf|ro:Bătălia de la Clontarf|cs:Bitva u Clontarfu|sv:Slaget vid Clontarf|hu:clontarfi csata|cy:Brwydr Clontarf|eu:Clontarfeko gudua|de:Schlacht von Clontarf|nl:Slag bij Clontarf|ga:Cath Chluain Tarbh|es:Batalla de Clontarf|nb:Slaget ved Clontarf|fr:bataille de Clontarf|lv:Klontarfas kauja|it:battaglia di Clontarf|fi:Clontarfin taistelu|pl:Bitwa pod Clontarf"
<http://www.wikidata.org/entity/Q870783>	"hu:csata a Rhodanus folyónál|ca:batalla del Roina|de:Schlacht an der Rhone|es:Batalla del Ródano|pt:Batalha do Ródano|fr:bataille du Rhône|pl:Bitwa nad Rodanem (218 p.n.e.)"
<http://www.wikidata.org/entity/Q871366>	"da:Slaget ved Sluys|ro:Bătălia de la Sluis|sk:Bitka pri Sluis (1340)|cs:Bitva u Sluys|sv:Slaget vid Sluys|hu:sluysi tengeri csata|ca:batalla naval de Sluys|lt:Sleiso mūšis|de:Seeschlacht von Sluis|nl:Slag bij Sluis|ga:Cath Sluys|es:Batalla de Sluys|nb:Slaget ved Sluys|pt:Batalha de Sluys|fr:bataille de L'Écluse|it:battaglia di Sluis|fi:Sluysin meritaistelu|pl:Bitwa pod Sluys"
<http://www.wikidata.org/entity/Q872364>	"de:Schlacht von Kleverhamm|ga:Cath Kleverhamm|fr:bataille de Kleverhamm|pl:Bitwa pod Kleverhamm"
<http://www.wikidata.org/entity/Q872741>	"de:Schlacht bei Seckenheim|nl:Slag bij Seckenheim|ga:Cath Seckenheim|es:Batalla de Seckenheim|fr:bataille de Seckenheim|pl:Bitwa pod Seckenheim"
<http://www.wikidata.org/entity/Q877777>	"de:Schlacht von Gammelsdorf|nl:Battle of Gammelsdorf|ga:Cath Gammelsdorf|es:Batalla de Gammelsdorf|pt:Batalha de Gammelsdorf|fr:bataille de Gammelsdorf|it:battaglia di Gammelsdorf|pl:Bitwa pod Gammelsdorf"
<http://www.wikidata.org/entity/Q87779>	"is:Orrustan í Þjóðborgarskógi|da:Varusslaget|ro:Bătălia din Pădurea Teutoburgică|sk:Bitka v Teutoburskom lese|cs:Bitva v Teutoburském lese|sv:Slaget vid Teutoburgerskogen|hu:teutoburgi csata|cy:Brwydr Fforest Teutoburg|ca:batalla del bosc de Teutoburg|eu:Teutoburgoko oihaneko gudua|de:Varusschlacht|nl:Slag bij het Teutoburgerwoud|hr:Bitka u Teutoburškoj šumi|gl:batalla da fraga de Teutoburgo|et:Teutoburgi metsa lahing|la:Clades Variana|sl:bitka v Tevtoburškem gozdu|ga:Cath Fhoraois Teutoburg|es:Batalla del bosque de Teutoburgo|nb:Slaget ved Teutoburgerskogen|pt:Batalha da Floresta de Teutoburgo|fr:bataille de Teutobourg|lv:Teitoburgas meža kauja|it:battaglia della foresta di Teutoburgo|fi:Teutoburgin taistelu|pl:Bitwa w Lesie Teutoburskim"
<http://www.wikidata.org/entity/Q879327>	"cs:Bitva u Hiltersriedu|de:Schlacht bei Hiltersried|ga:Cath Hiltersried|es:Batalla de Hiltersried|fr:bataille de Hiltersried|pl:Bitwa pod Hiltersried"
<http://www.wikidata.org/entity/Q888904>	"ca:batalla d'Ajnadayn|nl:Slag bij Ajnadayn|ga:Cath Ajnadayn|es:Batalla de Adjnadayn|pt:Batalha de Ajnadayn|fr:bataille d'Ajnadayn|it:battaglia di Ajnadayn|fi:Ajnadayn taistelu|pl:Bitwa pod Adżnadajn"
<http://www.wikidata.org/entity/Q890341>	"sk:Bitka pri Tymbre|ca:Batalla de Timbrea|de:Schlacht bei Thymbra|nl:Battle of Thymbra|hr:Bitka kod Timbre|sl:Bitka pri Timbri|ga:Cath Thymbra|es:batalla de Timbrea|fr:bataille de Thymbrée|it:battaglia di Thymbra|pl:Bitwa pod Thymbrą"
<http://www.wikidata.org/entity/Q892169>	"de:Schlacht am Utus|nl:Battle of the Utus|es:batalla del Utus|pt:Batalha do Uto|fr:bataille de l'Utus|it:battaglia dell'Utus|pl:Bitwa nad rzeką Utus"
<http://www.wikidata.org/entity/Q895686>	"hu:sievershauseni csata|de:Schlacht bei Sievershausen|ga:Cath Sievershausen|es:Batalla de Sievershausen|fr:bataille de Sievershausen|pl:Bitwa pod Sievershausen"
<http://www.wikidata.org/entity/Q906912>	"da:Slaget ved Wakefield|cs:bitva u Wakefieldu|sv:Slaget vid Wakefield|hu:wakefieldi csata|cy:Brwydr Wakefield|de:Schlacht von Wakefield|nl:Slag bij Wakefield|ga:Cath Wakefield|es:Batalla de Wakefield|nb:Slaget ved Wakefield|pt:Batalha de Wakefield|fr:bataille de Wakefield|it:battaglia di Wakefield|fi:Wakefieldin taistelu"
<http://www.wikidata.org/entity/Q908101>	"de:Erste Schlacht bei Andernach|nl:Slag bij Andernach|ga:Cath Andernach|es:Batalla de Andernach|pt:Batalha de Andernach (876)|fr:bataille d'Andernach"
<http://www.wikidata.org/entity/Q911131>	"ro:Bătălia de la La Brossinière|cs:bitva u La Brossinière|de:Schlacht von La Brossinière|es:Batalla de La Brossinière|pt:Batalha de La Brossinière|fr:bataille de la Brossinière"
<http://www.wikidata.org/entity/Q913464>	"ca:tercera batalla de Nola|de:Dritte Schlacht von Nola|nl:Derde slag om Nola|la:Proelium ad Nolam commissum|es:batalla de Nola (214 a. C.)|nb:Slaget ved Nola|pt:Batalha de Nola|fr:troisième bataille de Nola|it:terza battaglia di Nola"
<http://www.wikidata.org/entity/Q913818>	"sk:Bitka pri Megide|cs:Bitva u Megida|sv:Slaget vid Megiddo|hu:megiddói csata|nl:Slag bij Megiddo|hr:Bitka kod Megida|ga:Cath Megiddo|es:Batalla de Megido|pt:Batalha de Megido (609 a.C.)|fr:bataille de Megiddo|it:battaglia di Megiddo|fi:Megiddon taistelu|pl:Bitwa pod Megiddo"
<http://www.wikidata.org/entity/Q914152>	"de:Schlacht von Teba|nl:Slag bij Teba|ga:Cath Teba|es:batalla de Teba|fr:bataille de Teba|pl:Bitwa pod Tebą"
<http://www.wikidata.org/entity/Q916266>	"ro:Căderea Gallipoliului|ca:caiguda de Gal·lípoli|de:Eroberung von Gallipoli|nl:Fall of Gallipoli|et:Gallipoli langemine|es:Caída de Galípoli|pt:Queda de Galípoli|fr:chute de Gallipoli|it:caduta di Gallipoli|pl:Zdobycie Gallipoli"
<http://www.wikidata.org/entity/Q916295>	"da:Slaget ved Northampton|cs:Bitva u Northamptonu|sv:Slaget vid Northampton|hu:northamptoni csata|lt:1460 m. Nortamptono mūšis|de:Schlacht von Northampton|nl:Slag bij Northampton|ga:Cath Northampton|es:Batalla de Northampton|nb:Slaget ved Northampton|pt:Batalha de Northampton|fr:bataille de Northampton|it:Battaglia di Northampton (1460)"
<http://www.wikidata.org/entity/Q9172437>	"cs:bitva u Žlutic|ga:Cath Žlutice|pl:Bitwa na górze Vladař"
<http://www.wikidata.org/entity/Q9172457>	"pl:Bitwa na ziemi Dziadoszan"
<http://www.wikidata.org/entity/Q9172488>	"pl:Bitwa nad Sprewą"
<http://www.wikidata.org/entity/Q9172538>	"ca:batalla de l'Orbiel|gl:batalla do río Orbiel|es:batalla del río Orbiel|fr:Bataille de l'Orbiel|pl:Bitwa nad rzeką Orbiel"
<http://www.wikidata.org/entity/Q9172764>	"nl:assedio di Ascalona|es:sitio de Ascalón (67)|fr:siège d'Ascalon|it:assedio di Ascalona|pl:Bitwa pod Askalonem (67)"
<http://www.wikidata.org/entity/Q9172798>	"pl:Bitwa pod Bogucinem"
<http://www.wikidata.org/entity/Q9172879>	"ga:Cath Ciani|es:batalla de Ciani|pl:Bitwa pod Ciani"
<http://www.wikidata.org/entity/Q9172931>	"lt:Drohičino mūšis|ga:Cath Drohiczyn|es:Batalla de Drohiczyn|pl:Bitwa pod Drohiczynem"
<http://www.wikidata.org/entity/Q9173010>	"cs:bitva u Habrů|ga:Cath Habry|pl:Bitwa pod Habrem"
<http://www.wikidata.org/entity/Q9173026>	"cs:bitva u Horky|pl:Bitwa pod Horką"
<http://www.wikidata.org/entity/Q9173065>	"ga:Cath Iarúsailéim|es:batalla de Jerusalén (66)|fi:Jerusalemin piiritys (66)|pl:Bitwa pod Jerozolimą (66)"
<http://www.wikidata.org/entity/Q9173125>	"pl:Bitwa pod Krosnem Odrzańskim"
<http://www.wikidata.org/entity/Q9173208>	"pl:Bitwa pod Lubuszem (1209)"
<http://www.wikidata.org/entity/Q9173231>	"ca:Batalla de Marcianòpolis|gl:Batalla de Marcianópolis|ga:Cath Marcianople|es:Batalla de Marcianópolis|pt:Batalha de Marcianópolis|fr:bataille de Marcianopolis|it:Battaglia di Marcianopoli|pl:Bitwa pod Marcjanopolem"
<http://www.wikidata.org/entity/Q9173301>	"pl:Bitwa pod Myśliborzem (Soldinem)"
<http://www.wikidata.org/entity/Q9173324>	"nl:Eerste Slag om Nepheris|es:primera batalla de Neferis|pl:Bitwa pod Nepheris"
<http://www.wikidata.org/entity/Q9173368>	"cs:Bitva u Nisy|sl:bitka v Nysi|ga:Cath Nysa|nb:slaget ved Nysa|pl:Bitwa pod Nysą"
<http://www.wikidata.org/entity/Q9173435>	"ga:Cath Pobiedziska|pl:Bitwa pod Pobiedziskami"
<http://www.wikidata.org/entity/Q9173474>	"pl:Bitwa pod Raciborzem (1108)"
<http://www.wikidata.org/entity/Q9173478>	"de:Schlacht bei Ratibor|ga:Cath Racibórz|es:Batalla de Racibórz|pl:Bitwa pod Raciborzem (1241)"
<http://www.wikidata.org/entity/Q9173626>	"da:Slaget på Taphede|de:Schlacht von Tapha|ga:Cath Taphede|es:Batalla de Tapha|nb:Slaget ved Taphede|pl:Bitwa pod Taphede"
<http://www.wikidata.org/entity/Q917376>	"is:Orrustan við Agrigentum|cs:Bitva u Agrigenta|ca:batalla d'Agrigent|de:Schlacht von Agrigent|nl:Slag bij Agrigentum|hr:Bitka kod Agrigenta|ga:Cath Agrigentum|es:Batalla de Agrigento|nb:Slaget ved Agrigentum|pt:Batalha de Agrigento|fr:bataille d'Agrigente|it:battaglia di Agrigento|pl:Bitwa pod Akragas"
<http://www.wikidata.org/entity/Q917811>	"da:Slaget ved Magnesia|sk:Bitka pri Magnésii|cs:Bitva u Magnésie|sv:Slaget vid Magnesia|hu:magnésziai csata|ca:batalla de Magnèsia|de:Schlacht bei Magnesia|nl:Slag bij Magnesia|hr:Bitka kod Magnezije|et:Magneesia lahing|sl:bitka pri Magneziji|ga:Cath Magnesia|es:Batalla de Magnesia|pt:Batalha de Magnésia|fr:bataille de Magnésie du Sipyle|it:battaglia di Magnesia|pl:Bitwa pod Magnezją"
<http://www.wikidata.org/entity/Q920169>	"hu:második acentejói csata|es:segunda batalla de Acentejo"
<http://www.wikidata.org/entity/Q922200>	"hu:montieli csata|ca:batalla de Montiel|de:Schlacht von Montiel|nl:Slag bij Montiel|gl:batalla de Montiel|ga:Cath Montiel|es:Batalla de Montiel|fr:bataille de Montiel|it:battaglia di Montiel|pl:Bitwa pod Montiel"
<http://www.wikidata.org/entity/Q925828>	"hu:nuvlanai csata|ca:primera batalla de Nola|de:Erste Schlacht von Nola|nl:Eerste slag om Nola|ga:Cath Nola|es:batalla de Nola (216 a. C.)|nb:Slaget ved Nola|pt:Batalha de Nola|fr:première bataille de Nola|it:prima battaglia di Nola"
<http://www.wikidata.org/entity/Q928903>	"de:Erste Schlacht von Utica|nl:battaglia di Utica|la:Uticae Pugna|ga:Cath Utica|es:batalla de Útica|pt:Batalha de Útica|fr:bataille d'Utique|it:battaglia di Utica"
<http://www.wikidata.org/entity/Q929265>	"cs:Bitva u Naissu|hu:naisszoszi csata|ca:batalla de Naïssus|de:Schlacht bei Naissus|nl:Slag bij Naissus|gl:Batalla de Naiso|ga:Cath Naissus|es:batalla de Naisso|nb:Slaget ved Naissus|pt:Batalha de Naisso|fr:bataille de Naissus|it:battaglia di Naisso|pl:Bitwa pod Niszem"
<http://www.wikidata.org/entity/Q930521>	"ca:Batalla de Jodoigne|eu:Jodoigneko gudua|nl:Slag bij Geldenaken|ga:Cath Jodoigne|es:Batalla de Jodoigne|fr:bataille de Jodoigne|it:Battaglia di Jodoigne"
<http://www.wikidata.org/entity/Q930550>	"sk:Bitka pri Korónei (447 pred Kr.)|cs:bitva u Koróneie|ca:Batalla de Coronea|de:Schlacht von Koroneia|nl:Slag bij Coronea|la:Pugna Coronensis|ga:Cath Coronea|es:Batalla de Coronea|nb:Slaget ved Koroneia|pt:Batalha de Coroneia|fr:bataille de Coronée|it:battaglia di Coronea"
<http://www.wikidata.org/entity/Q932326>	"ca:batalla de Lade|es:Batalla de Lade|pt:Batalha de Lade (201 a.C.)|fr:bataille de Ladé|pl:bitwa morska pod Lade"
<http://www.wikidata.org/entity/Q932613>	"ro:Bătălia de la Castillon|cs:Bitva u Castillonu|sv:Slaget vid Castillon|hu:castilloni csata|ca:batalla de Castillon|eu:Castillongo gudua|de:Schlacht bei Castillon|nl:Slag bij Castillon|la:Proelium ad Castellionem|ga:Cath Castillon|es:Batalla de Castillon|pt:Batalha de Castillon|fr:bataille de Castillon|it:battaglia di Castillon|pl:Bitwa pod Castillon"
<http://www.wikidata.org/entity/Q935088>	"sk:Bitka pri Lipanoch|cs:bitva u Lipan|sv:Slaget vid Lipany|de:Schlacht bei Lipan|nl:Slag bij Lipany|ga:Cath Lipany|es:Batalla de Lipany|fr:bataille de Lipany|pl:Bitwa pod Lipanami"
<http://www.wikidata.org/entity/Q938980>	"sk:Bitka pri Ménfő|hu:ménfői csata|de:Schlacht bei Menfö|nl:Slag bij Menfö|ga:Cath Ménfő|es:batalla de Ménfő|fr:bataille de Ménfő|pl:Bitwa pod Ménfő"
<http://www.wikidata.org/entity/Q939358>	"de:Erste Schlacht von Homs|mul:Egyptian Mongol war|es:Batalla de Homs|fr:première bataille de Homs|pl:I bitwa pod Hims"
<http://www.wikidata.org/entity/Q939570>	"ro:Bătălia de pe Marița|sk:Bitka pri rieke Marica|cs:Bitva u řeky Marica|sv:Slaget vid Maritsa|hu:második Marica menti csata|ca:batalla del riu Maritsa|de:Schlacht an der Mariza|nl:slag bij Maritsa|hr:Bitka na Marici|et:Maritsa lahing|sl:Bitka na Marici|ga:Cath Maritsa|es:batalla de Maritsa|pt:Batalha de Maritsa|fr:bataille de la Maritsa|it:battaglia della Marizza|pl:Bitwa nad Maricą"
<http://www.wikidata.org/entity/Q940026>	"ro:Bătălia de la Arsuf|cs:Bitva u Arsufu|sv:slaget vid Arsuf|hu:arszúfi csata|ca:batalla d'Arsuf|de:Schlacht von Arsuf|nl:Slag bij Arsoef|gl:batalla de Arsuf|sl:bitka pri Arsufu|ga:Cath Arsuf|es:batalla de Arsuf|nb:Slaget ved Arsuf|pt:Batalha de Arsuf|fr:bataille d'Arsouf|it:battaglia di Arsuf|fi:Arsufin taistelu|pl:Bitwa pod Arsuf"
<http://www.wikidata.org/entity/Q940722>	"da:Slaget ved Ümera 1210|hu:Rajtaütés Ümeránál|et:Ümera lahing|ga:Cath Ümera|es:Batalla de Ümera|pt:Batalha de Ümera|fr:bataille de Ümera|lv:Kauja pie Imeras|fi:Jumaran taistelu"
<http://www.wikidata.org/entity/Q940959>	"da:Slaget ved Englefield|de:Schlacht bei Englefield|nl:Battle of Englefield|ga:Cath Englefield|es:Batalla de Englefield|pt:Batalha de Englefield|fr:bataille d'Englefield|it:battaglia di Englefield|pl:Bitwa pod Englefield"
<http://www.wikidata.org/entity/Q941093>	"cs:Bitva u Furnes|de:Schlacht von Veurne|nl:Slag bij Bulskamp|ga:Cath Furnes|es:Batalla de Furnes|fr:bataille de Furnes|it:Battaglia di Furnes|pl:Bitwa pod Veurne"
<http://www.wikidata.org/entity/Q941312>	"ca:setge de Besiers|nl:bloedbad van Béziers|pt:Massacre em Béziers|fr:siège de Béziers|it:massacro di Béziers|pl:Rzeź Béziers"
<http://www.wikidata.org/entity/Q9424298>	"ga:Cath Palermo|es:Batalla de Palermo|pt:Batalha de Panormo|fr:bataille de Panormus|it:battaglia di Palermo"
<http://www.wikidata.org/entity/Q94414>	"ca:batalla del llac Vadimonis|de:Schlacht am Vadimonischen See|nl:Battle of Lake Vadimo|es:Batalla del Lago Vadimo|pt:Batalha do Lago Vadimo|fr:bataille du Lac Vadimon|it:battaglia del lago Vadimone|pl:bitwa nad Jeziorem Wadymońskim"
<http://www.wikidata.org/entity/Q945396>	"ro:Bătălia de la Soissons (923)|cs:Bitva u Soissons|de:Schlacht von Soissons|nl:Slag bij Soissons|sl:Bitka pri Soissonsu (923)|ga:Cath Soissons|es:Batalla de Soissons (923)|nb:Slaget ved Soissons (923)|fr:bataille de Soissons|fi:Soissonsin taistelu|pl:Bitwa pod Soissons"
<http://www.wikidata.org/entity/Q954356>	"da:Slaget ved det Blå Vand|ro:Bătălia de la Apele Albastre|cs:Bitva u Modrých vod|ca:batalla de les Aigües Blaves|lt:Mėlynųjų Vandenų mūšis|de:Schlacht am Blauen Wasser|nl:Slag van de Blauwe Wateren|es:batalla de las Aguas Azules|nb:Slaget ved det blå vannet|pt:Batalha das Águas Azuis|fr:bataille des Eaux-Bleues|lv:Kauja pie Zilajiem ūdeņiem|it:Battaglia delle Acque Blu|pl:Bitwa nad Sinymi Wodami"
<http://www.wikidata.org/entity/Q954968>	"de:Schlacht von Gabiene|nl:Slag bij Gabiene|sl:bitka pri Gabieni|ga:Cath Gabiene|es:batalla de Gabiana|fr:bataille de Gabiène|it:battaglia della Gabiene|fi:Gabienen taistelu|pl:Bitwa pod Gabiene"
<http://www.wikidata.org/entity/Q956923>	"cy:Brwydr Hexham|ca:batalla de Heavenfield|de:Schlacht von Heavenfield|nl:Battle of Heavenfield|gl:Batalla de Heavenfeld|ga:Cath Heavenfield|es:Batalla de Heavenfield|nb:Slaget ved Heavenfield|pt:Batalha de Heavenfield|fr:bataille de Heavenfield|it:battaglia di Heavenfield|pl:Bitwa pod Heavenfield"
<http://www.wikidata.org/entity/Q957186>	"da:Slaget ved Covadonga|ro:Bătălia de la Covadonga|cs:Bitva u Covadongy|sv:Slaget vid Covadonga|hu:covadongai csata|ca:batalla de Covadonga|eu:Covadongako gudua|de:Schlacht von Covadonga|nl:Slag bij Covadonga|hr:Bitka kod Covadonge|gl:Batalla de Covadonga|et:Covadonga lahing|la:Proelium apud montem Ausevae|sl:bitka pri Covadongi|ga:Cath Covadonga|es:batalla de Covadonga|pt:Batalha de Covadonga|fr:bataille de Covadonga|lv:Kovadongas kauja|it:battaglia di Covadonga|pl:Bitwa pod Covadonga"
<http://www.wikidata.org/entity/Q958133>	"ca:batalla d'Oriola|ga:Cath Oriola|es:batalla de Orihuela (1521)"
<http://www.wikidata.org/entity/Q960915>	"ga:Cath Perugia|es:Batalla de Perusia|it:battaglia di Perugia"
<http://www.wikidata.org/entity/Q961243>	"cs:bitva u Dun Nechtain|cy:Brwydr Dun Nechtain|ca:Batalla de Dunnichen|de:Schlacht bei Dunnichen Mere|nl:Battle of Dun Nechtain|gl:Batalla de Dunnichen|ga:Blàr Dhùn Neachdain|es:Batalla de Dunnichen|nb:Slaget ved Dunnichen|pt:Batalha de Dunnichen|fr:bataille de Nechtansmere|it:battaglia di Dunnichen|pl:Bitwa pod Dun Nechain"
<http://www.wikidata.org/entity/Q96373234>	"ga:Cath Argos|es:batalla de Argos|fr:bataille d'Argos|it:battaglia di Argo"
<http://www.wikidata.org/entity/Q963839>	"ca:batalla d'Adis|de:Schlacht von Adys|nl:Battle of Adys|ga:Cath Adys|es:Batalla de Adís|nb:Slaget ved Adys|pt:Batalha de Ádis|fr:bataille d'Adys|it:battaglia di Adys|pl:Bitwa pod Adys"
<http://www.wikidata.org/entity/Q964226>	"ro:Bătălia de la Pelekanon|cs:Bitva u Pelekanonu|ca:batalla de Pelekanon|de:Schlacht von Pelekanon|nl:Battle of Pelekanon|ga:Cath Pelekanon|es:Batalla de Pelekanon|pt:Batalha de Pelekanon|fr:bataille de Pélékanon|it:battaglia di Pelecano|pl:Bitwa pod Pelekanon"
<http://www.wikidata.org/entity/Q9651035>	"gl:Batalla de Cernesa|ga:Cath Cerneja|es:Batalla de Cerneja|pt:Batalha de Cerneja|fr:bataille de Cerneja"
<http://www.wikidata.org/entity/Q966312>	"cs:Bitva u Anchiala|de:Schlacht von Anchialos|ga:Cath Anchialus|es:Batalla de Anquialo|pt:Batalha de Anquialo|fr:bataille d'Anchialos|it:battaglia di Anchialo|pl:Bitwa pod Anchialos"
<http://www.wikidata.org/entity/Q966386>	"ro:Bătălia de la Vézeronce|cs:Bitva u Vézeronce|ca:batalla de Vézeronce|eu:Vézeronceko gudua|de:Schlacht bei Vézeronce|nl:Slag van Vézeronce|hr:Bitka kod Vézeroncea|sl:Bitka pri Vézeronceu|ga:Cath Vézeronce|es:Batalla de Vézeronce|pt:Batalha de Vézeronce|fr:bataille de Vézeronce|pl:Bitwa pod Vézeronce"
<http://www.wikidata.org/entity/Q968551>	"ca:batalla del Mont Escòrobes|es:Batalla del monte Escorobas|pt:Batalha do Monte Escorobas|it:battaglia di Protophachium|pl:Bitwa w okolicy góry Scorobas"
<http://www.wikidata.org/entity/Q96986777>	"de:Schlacht von Königshofen|ga:Cath Königshofen|fr:bataille de Königshofen (1525)"
<http://www.wikidata.org/entity/Q971248>	"ca:batalla de Marj Dabiq|de:Schlacht von Mardsch Dabiq|nl:Battle of Marj Dabiq|es:batalla de Marj Dabiq|nb:Slaget ved Marj Dabiq|pt:Batalha de Marj Dabiq|fr:bataille de Marj Dabiq|it:battaglia di Marj Dabiq|fi:Mardž Dabiqin taistelu|pl:Bitwa pod Mardż Dabik"
<http://www.wikidata.org/entity/Q971507>	"ro:Bătălia de la Zela (47 î.Hr.)|cs:bitva u Zely|sv:Slaget vid Zela|ca:batalla de Zela|de:Schlacht bei Zela|nl:Slag bij Zela|sl:Bitka pri Zeli|ga:Cath Zela|es:Batalla de Zela|pt:Batalha de Zela|fr:bataille de Zéla|it:battaglia di Zela|fi:Zelan taistelu|pl:Bitwa pod Zelą"
<http://www.wikidata.org/entity/Q97196090>	"ca:Batalla de Barcelona|ga:Cath Barcelona|es:batalla de Barcelona"
<http://www.wikidata.org/entity/Q972445>	"ca:setge de Cízic|nl:Slag bij Cyzicus|ga:Léigear Cyzicus|es:Batalla de Cícico|pt:Cerco de Cízico|fr:siège de Cyzique|it:battaglia di Cizico|pl:Bitwa pod Kyzikos"
<http://www.wikidata.org/entity/Q975123>	"cs:bitva u Notia|de:Schlacht von Notion|nl:Battle of Notium|es:Batalla de Notio|nb:Slaget ved Notion|fr:bataille de Notion|it:battaglia di Nozio"
<http://www.wikidata.org/entity/Q975376>	"de:Schlacht von Oinophyta|nl:Slag bij Oenophyta|ga:Cath Oenophyta|es:Batalla de Enofita|pt:Batalha de Enofita|fr:bataille d'Œnophyta|it:battaglia di Enofita"
<http://www.wikidata.org/entity/Q978823>	"ga:Cath Civetot|es:Batalla de Civetot|pt:Batalha de Civetot|fr:bataille de Civetot|it:Battaglia di Civetot|pl:Bitwa pod Civetot"
<http://www.wikidata.org/entity/Q98785100>	"da:Slaget ved York (867)|ga:Cath Eabhrac|es:Batalla de York|fr:bataille de York (867)"
<http://www.wikidata.org/entity/Q98799580>	"da:Slaget ved Chippenham|ga:Cath Chippenham|fr:bataille de Chippenham"
<http://www.wikidata.org/entity/Q991390>	"hu:cretopolisi csata|de:Schlacht von Kretopolis|sl:bitka pri Kretopolisu|ga:Cath Cretopolis|es:batalla de Cretópolis|fr:bataille de Crétopolis"
<http://www.wikidata.org/entity/Q999235>	"ca:batalla del Camp Falern|de:Schlacht am Ager Falernus|es:Batalla del Ager Falernus|pt:Batalha do Ager Falernus|it:Battaglia dell'Ager Falernus"
