?i	?prop	?t	?prec
<http://www.wikidata.org/entity/Q1240951>	"P571"	1897-01-01T00:00:00Z	9
<http://www.wikidata.org/entity/Q49401444>	"P571"	1897-01-01T00:00:00Z	9
<http://www.wikidata.org/entity/Q49504806>	"P571"	1897-01-01T00:00:00Z	9
<http://www.wikidata.org/entity/Q49600339>	"P571"	1897-01-01T00:00:00Z	9
<http://www.wikidata.org/entity/Q49455876>	"P571"	1897-01-01T00:00:00Z	9
<http://www.wikidata.org/entity/Q49452051>	"P571"	1897-01-01T00:00:00Z	9
<http://www.wikidata.org/entity/Q49448680>	"P571"	1897-01-01T00:00:00Z	9
<http://www.wikidata.org/entity/Q49444088>	"P571"	1897-01-01T00:00:00Z	9
<http://www.wikidata.org/entity/Q49442443>	"P571"	1897-01-01T00:00:00Z	9
<http://www.wikidata.org/entity/Q49440249>	"P571"	1897-01-01T00:00:00Z	9
<http://www.wikidata.org/entity/Q28924712>	"P571"	1885-06-01T00:00:00Z	10
<http://www.wikidata.org/entity/Q28819020>	"P571"	1864-08-30T00:00:00Z	11
<http://www.wikidata.org/entity/Q133994003>	"P571"	1834-01-01T00:00:00Z	9
<http://www.wikidata.org/entity/Q110747932>	"P571"	1834-01-01T00:00:00Z	9
<http://www.wikidata.org/entity/Q116984857>	"P571"	1834-01-01T00:00:00Z	9
<http://www.wikidata.org/entity/Q1547559>	"P571"	1834-01-01T00:00:00Z	9
<http://www.wikidata.org/entity/Q30678382>	"P571"	1834-01-01T00:00:00Z	9
<http://www.wikidata.org/entity/Q26300762>	"P571"	1834-01-01T00:00:00Z	9
<http://www.wikidata.org/entity/Q17574542>	"P571"	1834-01-01T00:00:00Z	9
<http://www.wikidata.org/entity/Q26530802>	"P571"	1834-01-01T00:00:00Z	9
<http://www.wikidata.org/entity/Q26297055>	"P571"	1834-01-01T00:00:00Z	9
<http://www.wikidata.org/entity/Q37010141>	"P571"	1834-01-01T00:00:00Z	9
<http://www.wikidata.org/entity/Q17850575>	"P571"	1834-01-01T00:00:00Z	9
<http://www.wikidata.org/entity/Q26397891>	"P571"	1834-01-01T00:00:00Z	9
<http://www.wikidata.org/entity/Q97466188>	"P571"	1834-01-01T00:00:00Z	9
<http://www.wikidata.org/entity/Q5261596>	"P571"	1861-01-01T00:00:00Z	9
<http://www.wikidata.org/entity/Q106082811>	"P571"	1650-01-01T00:00:00Z	7
<http://www.wikidata.org/entity/Q106082784>	"P571"	1650-01-01T00:00:00Z	7
<http://www.wikidata.org/entity/Q28003376>	"P571"	1650-01-01T00:00:00Z	7
<http://www.wikidata.org/entity/Q17651429>	"P571"	1650-01-01T00:00:00Z	7
<http://www.wikidata.org/entity/Q28003417>	"P571"	1650-01-01T00:00:00Z	7
<http://www.wikidata.org/entity/Q30062345>	"P571"	1800-01-01T00:00:00Z	7
<http://www.wikidata.org/entity/Q32119986>	"P571"	1800-01-01T00:00:00Z	7
<http://www.wikidata.org/entity/Q30228004>	"P571"	1800-01-01T00:00:00Z	7
<http://www.wikidata.org/entity/Q30551981>	"P571"	1800-01-01T00:00:00Z	7
<http://www.wikidata.org/entity/Q30229998>	"P571"	1800-01-01T00:00:00Z	7
<http://www.wikidata.org/entity/Q30229995>	"P571"	1800-01-01T00:00:00Z	7
<http://www.wikidata.org/entity/Q2340139>	"P571"	1914-01-04T00:00:00Z	11
<http://www.wikidata.org/entity/Q105733898>	"P571"	1860-01-01T00:00:00Z	9
<http://www.wikidata.org/entity/Q110193457>	"P571"	1625-01-01T00:00:00Z	9
<http://www.wikidata.org/entity/Q112157234>	"P571"	1809-01-01T00:00:00Z	9
<http://www.wikidata.org/entity/Q17569684>	"P571"	1809-01-01T00:00:00Z	9
<http://www.wikidata.org/entity/Q37852925>	"P571"	1809-01-01T00:00:00Z	9
<http://www.wikidata.org/entity/Q15107752>	"P571"	1809-01-01T00:00:00Z	9
<http://www.wikidata.org/entity/Q7963099>	"P571"	1809-01-01T00:00:00Z	9
<http://www.wikidata.org/entity/Q29890345>	"P571"	1681-01-01T00:00:00Z	9
<http://www.wikidata.org/entity/Q30099909>	"P571"	1780-01-01T00:00:00Z	9
<http://www.wikidata.org/entity/Q22954174>	"P571"	1680-01-01T00:00:00Z	9
<http://www.wikidata.org/entity/Q17568976>	"P571"	1680-01-01T00:00:00Z	9
<http://www.wikidata.org/entity/Q97466204>	"P571"	1680-01-01T00:00:00Z	9
<http://www.wikidata.org/entity/Q136405094>	"P571"	1603-01-01T00:00:00Z	9
<http://www.wikidata.org/entity/Q4126228>	"P571"	1603-01-01T00:00:00Z	9
<http://www.wikidata.org/entity/Q113496076>	"P571"	1801-01-01T00:00:00Z	7
<http://www.wikidata.org/entity/Q113495845>	"P571"	1801-01-01T00:00:00Z	7
<http://www.wikidata.org/entity/Q113495849>	"P571"	1801-01-01T00:00:00Z	7
<http://www.wikidata.org/entity/Q113495850>	"P571"	1801-01-01T00:00:00Z	7
<http://www.wikidata.org/entity/Q113495899>	"P571"	1801-01-01T00:00:00Z	7
<http://www.wikidata.org/entity/Q113495942>	"P571"	1801-01-01T00:00:00Z	7
<http://www.wikidata.org/entity/Q113495948>	"P571"	1801-01-01T00:00:00Z	7
<http://www.wikidata.org/entity/Q113495952>	"P571"	1801-01-01T00:00:00Z	7
<http://www.wikidata.org/entity/Q113495953>	"P571"	1801-01-01T00:00:00Z	7
<http://www.wikidata.org/entity/Q113495989>	"P571"	1801-01-01T00:00:00Z	7
<http://www.wikidata.org/entity/Q113496024>	"P571"	1801-01-01T00:00:00Z	7
<http://www.wikidata.org/entity/Q113496027>	"P571"	1801-01-01T00:00:00Z	7
<http://www.wikidata.org/entity/Q113496030>	"P571"	1801-01-01T00:00:00Z	7
<http://www.wikidata.org/entity/Q113496037>	"P571"	1801-01-01T00:00:00Z	7
<http://www.wikidata.org/entity/Q113496074>	"P571"	1801-01-01T00:00:00Z	7
<http://www.wikidata.org/entity/Q113495844>	"P571"	1801-01-01T00:00:00Z	7
<http://www.wikidata.org/entity/Q113496089>	"P571"	1801-01-01T00:00:00Z	7
<http://www.wikidata.org/entity/Q113496093>	"P571"	1801-01-01T00:00:00Z	7
<http://www.wikidata.org/entity/Q113496094>	"P571"	1801-01-01T00:00:00Z	7
<http://www.wikidata.org/entity/Q113638893>	"P571"	1801-01-01T00:00:00Z	7
<http://www.wikidata.org/entity/Q113638897>	"P571"	1801-01-01T00:00:00Z	7
<http://www.wikidata.org/entity/Q110642024>	"P571"	1801-01-01T00:00:00Z	7
<http://www.wikidata.org/entity/Q110641929>	"P571"	1801-01-01T00:00:00Z	7
<http://www.wikidata.org/entity/Q133571313>	"P571"	1801-01-01T00:00:00Z	7
<http://www.wikidata.org/entity/Q11906324>	"P571"	1801-01-01T00:00:00Z	7
<http://www.wikidata.org/entity/Q133571309>	"P571"	1801-01-01T00:00:00Z	7
<http://www.wikidata.org/entity/Q110641928>	"P571"	1801-01-01T00:00:00Z	7
<http://www.wikidata.org/entity/Q110641793>	"P571"	1801-01-01T00:00:00Z	7
<http://www.wikidata.org/entity/Q113495545>	"P571"	1801-01-01T00:00:00Z	7
<http://www.wikidata.org/entity/Q110642032>	"P571"	1801-01-01T00:00:00Z	7
<http://www.wikidata.org/entity/Q113031058>	"P571"	1801-01-01T00:00:00Z	7
<http://www.wikidata.org/entity/Q113090473>	"P571"	1801-01-01T00:00:00Z	7
<http://www.wikidata.org/entity/Q113125050>	"P571"	1801-01-01T00:00:00Z	7
<http://www.wikidata.org/entity/Q113131395>	"P571"	1801-01-01T00:00:00Z	7
<http://www.wikidata.org/entity/Q113132808>	"P571"	1801-01-01T00:00:00Z	7
<http://www.wikidata.org/entity/Q113132913>	"P571"	1801-01-01T00:00:00Z	7
<http://www.wikidata.org/entity/Q113173833>	"P571"	1801-01-01T00:00:00Z	7
<http://www.wikidata.org/entity/Q113184129>	"P571"	1801-01-01T00:00:00Z	7
<http://www.wikidata.org/entity/Q113495528>	"P571"	1801-01-01T00:00:00Z	7
<http://www.wikidata.org/entity/Q113495529>	"P571"	1801-01-01T00:00:00Z	7
<http://www.wikidata.org/entity/Q113495531>	"P571"	1801-01-01T00:00:00Z	7
<http://www.wikidata.org/entity/Q113495532>	"P571"	1801-01-01T00:00:00Z	7
<http://www.wikidata.org/entity/Q113495659>	"P571"	1801-01-01T00:00:00Z	7
<http://www.wikidata.org/entity/Q113495660>	"P571"	1801-01-01T00:00:00Z	7
<http://www.wikidata.org/entity/Q113495662>	"P571"	1801-01-01T00:00:00Z	7
<http://www.wikidata.org/entity/Q113495663>	"P571"	1801-01-01T00:00:00Z	7
<http://www.wikidata.org/entity/Q113495664>	"P571"	1801-01-01T00:00:00Z	7
<http://www.wikidata.org/entity/Q113495804>	"P571"	1801-01-01T00:00:00Z	7
<http://www.wikidata.org/entity/Q113495805>	"P571"	1801-01-01T00:00:00Z	7
<http://www.wikidata.org/entity/Q113495810>	"P571"	1801-01-01T00:00:00Z	7
<http://www.wikidata.org/entity/Q113495821>	"P571"	1801-01-01T00:00:00Z	7
<http://www.wikidata.org/entity/Q113495823>	"P571"	1801-01-01T00:00:00Z	7
<http://www.wikidata.org/entity/Q113495827>	"P571"	1801-01-01T00:00:00Z	7
<http://www.wikidata.org/entity/Q113495837>	"P571"	1801-01-01T00:00:00Z	7
<http://www.wikidata.org/entity/Q113495841>	"P571"	1801-01-01T00:00:00Z	7
<http://www.wikidata.org/entity/Q19257264>	"P571"	1801-01-01T00:00:00Z	7
<http://www.wikidata.org/entity/Q141143000>	"P571"	1801-01-01T00:00:00Z	7
<http://www.wikidata.org/entity/Q26652138>	"P571"	1801-01-01T00:00:00Z	7
<http://www.wikidata.org/entity/Q137698792>	"P571"	1801-01-01T00:00:00Z	7
<http://www.wikidata.org/entity/Q137801137>	"P571"	1801-01-01T00:00:00Z	7
<http://www.wikidata.org/entity/Q47166257>	"P571"	1801-01-01T00:00:00Z	7
<http://www.wikidata.org/entity/Q24947701>	"P571"	1801-01-01T00:00:00Z	7
<http://www.wikidata.org/entity/Q137808476>	"P571"	1801-01-01T00:00:00Z	7
<http://www.wikidata.org/entity/Q137944206>	"P571"	1801-01-01T00:00:00Z	7
<http://www.wikidata.org/entity/Q140701062>	"P571"	1801-01-01T00:00:00Z	7
<http://www.wikidata.org/entity/Q139413996>	"P571"	1801-01-01T00:00:00Z	7
<http://www.wikidata.org/entity/Q19257273>	"P571"	1801-01-01T00:00:00Z	7
<http://www.wikidata.org/entity/Q22938263>	"P571"	1801-01-01T00:00:00Z	7
<http://www.wikidata.org/entity/Q37585030>	"P571"	1801-01-01T00:00:00Z	7
<http://www.wikidata.org/entity/Q85196841>	"P571"	1801-01-01T00:00:00Z	7
<http://www.wikidata.org/entity/Q66305848>	"P571"	1801-01-01T00:00:00Z	7
<http://www.wikidata.org/entity/Q64031372>	"P571"	1801-01-01T00:00:00Z	7
<http://www.wikidata.org/entity/Q96660581>	"P571"	1801-01-01T00:00:00Z	7
<http://www.wikidata.org/entity/Q7653425>	"P571"	1801-01-01T00:00:00Z	7
<http://www.wikidata.org/entity/Q83556981>	"P571"	1801-01-01T00:00:00Z	7
<http://www.wikidata.org/entity/Q49405173>	"P571"	1845-01-01T00:00:00Z	9
<http://www.wikidata.org/entity/Q49402370>	"P571"	1845-01-01T00:00:00Z	9
<http://www.wikidata.org/entity/Q49449348>	"P571"	1845-01-01T00:00:00Z	9
<http://www.wikidata.org/entity/Q49398427>	"P571"	1845-01-01T00:00:00Z	9
<http://www.wikidata.org/entity/Q49444588>	"P571"	1845-01-01T00:00:00Z	9
<http://www.wikidata.org/entity/Q17827844>	"P571"	1815-01-01T00:00:00Z	9
<http://www.wikidata.org/entity/Q17827194>	"P571"	1815-01-01T00:00:00Z	9
<http://www.wikidata.org/entity/Q17829101>	"P571"	1815-01-01T00:00:00Z	9
<http://www.wikidata.org/entity/Q56616992>	"P571"	1815-01-01T00:00:00Z	9
<http://www.wikidata.org/entity/Q56616636>	"P571"	1815-01-01T00:00:00Z	9
<http://www.wikidata.org/entity/Q724862>	"P571"	1815-01-01T00:00:00Z	9
<http://www.wikidata.org/entity/Q107449230>	"P571"	1847-11-01T00:00:00Z	10
<http://www.wikidata.org/entity/Q1307753>	"P571"	1783-01-01T00:00:00Z	9
<http://www.wikidata.org/entity/Q3396902>	"P571"	1866-03-30T00:00:00Z	11
<http://www.wikidata.org/entity/Q124538675>	"P571"	1810-01-01T00:00:00Z	9
<http://www.wikidata.org/entity/Q114004070>	"P571"	1810-01-01T00:00:00Z	9
<http://www.wikidata.org/entity/Q3908055>	"P571"	1810-01-01T00:00:00Z	9
<http://www.wikidata.org/entity/Q1807407>	"P571"	1810-01-01T00:00:00Z	9
<http://www.wikidata.org/entity/Q17902992>	"P571"	1810-01-01T00:00:00Z	9
<http://www.wikidata.org/entity/Q1625435>	"P571"	1810-01-01T00:00:00Z	9
<http://www.wikidata.org/entity/Q29881997>	"P571"	1810-01-01T00:00:00Z	9
<http://www.wikidata.org/entity/Q1773424>	"P571"	1810-01-01T00:00:00Z	9
<http://www.wikidata.org/entity/Q26532407>	"P571"	1810-01-01T00:00:00Z	9
<http://www.wikidata.org/entity/Q17568543>	"P571"	1810-01-01T00:00:00Z	9
<http://www.wikidata.org/entity/Q96384350>	"P571"	1810-01-01T00:00:00Z	9
<http://www.wikidata.org/entity/Q126711520>	"P571"	1839-01-01T00:00:00Z	7
<http://www.wikidata.org/entity/Q126715217>	"P571"	1839-01-01T00:00:00Z	7
<http://www.wikidata.org/entity/Q126713403>	"P571"	1839-01-01T00:00:00Z	7
<http://www.wikidata.org/entity/Q126712344>	"P571"	1839-01-01T00:00:00Z	7
<http://www.wikidata.org/entity/Q126715362>	"P571"	1839-01-01T00:00:00Z	7
<http://www.wikidata.org/entity/Q126715365>	"P571"	1839-01-01T00:00:00Z	7
<http://www.wikidata.org/entity/Q126715413>	"P571"	1839-01-01T00:00:00Z	7
<http://www.wikidata.org/entity/Q126715414>	"P571"	1839-01-01T00:00:00Z	7
<http://www.wikidata.org/entity/Q126715488>	"P571"	1839-01-01T00:00:00Z	7
<http://www.wikidata.org/entity/Q126716446>	"P571"	1839-01-01T00:00:00Z	7
<http://www.wikidata.org/entity/Q126707029>	"P571"	1839-01-01T00:00:00Z	7
<http://www.wikidata.org/entity/Q126713409>	"P571"	1839-01-01T00:00:00Z	7
<http://www.wikidata.org/entity/Q126716450>	"P571"	1839-01-01T00:00:00Z	7
<http://www.wikidata.org/entity/Q126711356>	"P571"	1839-01-01T00:00:00Z	7
<http://www.wikidata.org/entity/Q126716481>	"P571"	1839-01-01T00:00:00Z	7
<http://www.wikidata.org/entity/Q126716498>	"P571"	1839-01-01T00:00:00Z	7
<http://www.wikidata.org/entity/Q126711180>	"P571"	1839-01-01T00:00:00Z	7
<http://www.wikidata.org/entity/Q126716515>	"P571"	1839-01-01T00:00:00Z	7
<http://www.wikidata.org/entity/Q126716538>	"P571"	1839-01-01T00:00:00Z	7
<http://www.wikidata.org/entity/Q126716545>	"P571"	1839-01-01T00:00:00Z	7
<http://www.wikidata.org/entity/Q126711162>	"P571"	1839-01-01T00:00:00Z	7
<http://www.wikidata.org/entity/Q126710642>	"P571"	1839-01-01T00:00:00Z	7
<http://www.wikidata.org/entity/Q126715117>	"P571"	1839-01-01T00:00:00Z	7
<http://www.wikidata.org/entity/Q126715212>	"P571"	1839-01-01T00:00:00Z	7
<http://www.wikidata.org/entity/Q126715207>	"P571"	1839-01-01T00:00:00Z	7
<http://www.wikidata.org/entity/Q126715186>	"P571"	1839-01-01T00:00:00Z	7
<http://www.wikidata.org/entity/Q126715185>	"P571"	1839-01-01T00:00:00Z	7
<http://www.wikidata.org/entity/Q126715184>	"P571"	1839-01-01T00:00:00Z	7
<http://www.wikidata.org/entity/Q126715180>	"P571"	1839-01-01T00:00:00Z	7
<http://www.wikidata.org/entity/Q126715179>	"P571"	1839-01-01T00:00:00Z	7
<http://www.wikidata.org/entity/Q126715148>	"P571"	1839-01-01T00:00:00Z	7
<http://www.wikidata.org/entity/Q126715146>	"P571"	1839-01-01T00:00:00Z	7
<http://www.wikidata.org/entity/Q126715129>	"P571"	1839-01-01T00:00:00Z	7
<http://www.wikidata.org/entity/Q126715125>	"P571"	1839-01-01T00:00:00Z	7
<http://www.wikidata.org/entity/Q126698371>	"P571"	1839-01-01T00:00:00Z	7
<http://www.wikidata.org/entity/Q126715056>	"P571"	1839-01-01T00:00:00Z	7
<http://www.wikidata.org/entity/Q126715053>	"P571"	1839-01-01T00:00:00Z	7
<http://www.wikidata.org/entity/Q126715050>	"P571"	1839-01-01T00:00:00Z	7
<http://www.wikidata.org/entity/Q126714956>	"P571"	1839-01-01T00:00:00Z	7
<http://www.wikidata.org/entity/Q126714101>	"P571"	1839-01-01T00:00:00Z	7
<http://www.wikidata.org/entity/Q126714091>	"P571"	1839-01-01T00:00:00Z	7
<http://www.wikidata.org/entity/Q126714082>	"P571"	1839-01-01T00:00:00Z	7
<http://www.wikidata.org/entity/Q126713726>	"P571"	1839-01-01T00:00:00Z	7
<http://www.wikidata.org/entity/Q126713579>	"P571"	1839-01-01T00:00:00Z	7
<http://www.wikidata.org/entity/Q126713475>	"P571"	1839-01-01T00:00:00Z	7
<http://www.wikidata.org/entity/Q126713426>	"P571"	1839-01-01T00:00:00Z	7
<http://www.wikidata.org/entity/Q126704531>	"P571"	1839-01-01T00:00:00Z	7
<http://www.wikidata.org/entity/Q126701542>	"P571"	1839-01-01T00:00:00Z	7
<http://www.wikidata.org/entity/Q126701625>	"P571"	1839-01-01T00:00:00Z	7
<http://www.wikidata.org/entity/Q126701626>	"P571"	1839-01-01T00:00:00Z	7
<http://www.wikidata.org/entity/Q126701627>	"P571"	1839-01-01T00:00:00Z	7
<http://www.wikidata.org/entity/Q126701808>	"P571"	1839-01-01T00:00:00Z	7
<http://www.wikidata.org/entity/Q126716829>	"P571"	1839-01-01T00:00:00Z	7
<http://www.wikidata.org/entity/Q126702588>	"P571"	1839-01-01T00:00:00Z	7
<http://www.wikidata.org/entity/Q126702632>	"P571"	1839-01-01T00:00:00Z	7
<http://www.wikidata.org/entity/Q126703786>	"P571"	1839-01-01T00:00:00Z	7
<http://www.wikidata.org/entity/Q126716875>	"P571"	1839-01-01T00:00:00Z	7
<http://www.wikidata.org/entity/Q126704530>	"P571"	1839-01-01T00:00:00Z	7
<http://www.wikidata.org/entity/Q126701219>	"P571"	1839-01-01T00:00:00Z	7
<http://www.wikidata.org/entity/Q126704532>	"P571"	1839-01-01T00:00:00Z	7
<http://www.wikidata.org/entity/Q126707086>	"P571"	1839-01-01T00:00:00Z	7
<http://www.wikidata.org/entity/Q126704549>	"P571"	1839-01-01T00:00:00Z	7
<http://www.wikidata.org/entity/Q126704778>	"P571"	1839-01-01T00:00:00Z	7
<http://www.wikidata.org/entity/Q126705296>	"P571"	1839-01-01T00:00:00Z	7
<http://www.wikidata.org/entity/Q126705330>	"P571"	1839-01-01T00:00:00Z	7
<http://www.wikidata.org/entity/Q126706658>	"P571"	1839-01-01T00:00:00Z	7
<http://www.wikidata.org/entity/Q126706993>	"P571"	1839-01-01T00:00:00Z	7
<http://www.wikidata.org/entity/Q126706999>	"P571"	1839-01-01T00:00:00Z	7
<http://www.wikidata.org/entity/Q126707013>	"P571"	1839-01-01T00:00:00Z	7
<http://www.wikidata.org/entity/Q126700535>	"P571"	1839-01-01T00:00:00Z	7
<http://www.wikidata.org/entity/Q126700356>	"P571"	1839-01-01T00:00:00Z	7
<http://www.wikidata.org/entity/Q126700381>	"P571"	1839-01-01T00:00:00Z	7
<http://www.wikidata.org/entity/Q126700383>	"P571"	1839-01-01T00:00:00Z	7
<http://www.wikidata.org/entity/Q126700410>	"P571"	1839-01-01T00:00:00Z	7
<http://www.wikidata.org/entity/Q126700413>	"P571"	1839-01-01T00:00:00Z	7
<http://www.wikidata.org/entity/Q126700426>	"P571"	1839-01-01T00:00:00Z	7
<http://www.wikidata.org/entity/Q126700427>	"P571"	1839-01-01T00:00:00Z	7
<http://www.wikidata.org/entity/Q126700493>	"P571"	1839-01-01T00:00:00Z	7
<http://www.wikidata.org/entity/Q126700525>	"P571"	1839-01-01T00:00:00Z	7
<http://www.wikidata.org/entity/Q126700854>	"P571"	1839-01-01T00:00:00Z	7
<http://www.wikidata.org/entity/Q126700553>	"P571"	1839-01-01T00:00:00Z	7
<http://www.wikidata.org/entity/Q126700554>	"P571"	1839-01-01T00:00:00Z	7
<http://www.wikidata.org/entity/Q126716553>	"P571"	1839-01-01T00:00:00Z	7
<http://www.wikidata.org/entity/Q126700601>	"P571"	1839-01-01T00:00:00Z	7
<http://www.wikidata.org/entity/Q126700609>	"P571"	1839-01-01T00:00:00Z	7
<http://www.wikidata.org/entity/Q126700616>	"P571"	1839-01-01T00:00:00Z	7
<http://www.wikidata.org/entity/Q126700618>	"P571"	1839-01-01T00:00:00Z	7
<http://www.wikidata.org/entity/Q126700619>	"P571"	1839-01-01T00:00:00Z	7
<http://www.wikidata.org/entity/Q126716636>	"P571"	1839-01-01T00:00:00Z	7
<http://www.wikidata.org/entity/Q126700651>	"P571"	1839-01-01T00:00:00Z	7
<http://www.wikidata.org/entity/Q126716828>	"P571"	1839-01-01T00:00:00Z	7
<http://www.wikidata.org/entity/Q17780434>	"P571"	1839-01-01T00:00:00Z	7
<http://www.wikidata.org/entity/Q17861817>	"P571"	1839-01-01T00:00:00Z	7
<http://www.wikidata.org/entity/Q55047649>	"P571"	1839-01-01T00:00:00Z	7
<http://www.wikidata.org/entity/Q113031058>	"P571"	1902-01-01T00:00:00Z	9
<http://www.wikidata.org/entity/Q10273830>	"P571"	1902-01-01T00:00:00Z	9
<http://www.wikidata.org/entity/Q133875508>	"P571"	1902-01-01T00:00:00Z	9
<http://www.wikidata.org/entity/Q116695730>	"P571"	1902-01-01T00:00:00Z	9
<http://www.wikidata.org/entity/Q115707304>	"P571"	1902-01-01T00:00:00Z	9
<http://www.wikidata.org/entity/Q123402030>	"P571"	1902-01-01T00:00:00Z	9
<http://www.wikidata.org/entity/Q122998962>	"P571"	1902-01-01T00:00:00Z	9
<http://www.wikidata.org/entity/Q100724886>	"P571"	1902-01-01T00:00:00Z	9
<http://www.wikidata.org/entity/Q117313483>	"P571"	1902-01-01T00:00:00Z	9
<http://www.wikidata.org/entity/Q119071457>	"P571"	1902-01-01T00:00:00Z	9
<http://www.wikidata.org/entity/Q3556626>	"P571"	1902-01-01T00:00:00Z	9
<http://www.wikidata.org/entity/Q3396875>	"P571"	1902-01-01T00:00:00Z	9
<http://www.wikidata.org/entity/Q17594531>	"P571"	1902-01-01T00:00:00Z	9
<http://www.wikidata.org/entity/Q137733071>	"P571"	1902-01-01T00:00:00Z	9
<http://www.wikidata.org/entity/Q17829953>	"P571"	1902-01-01T00:00:00Z	9
<http://www.wikidata.org/entity/Q24947828>	"P571"	1902-01-01T00:00:00Z	9
<http://www.wikidata.org/entity/Q1540066>	"P571"	1902-01-01T00:00:00Z	9
<http://www.wikidata.org/entity/Q6091373>	"P571"	1902-01-01T00:00:00Z	9
<http://www.wikidata.org/entity/Q49330940>	"P571"	1902-01-01T00:00:00Z	9
<http://www.wikidata.org/entity/Q6091331>	"P571"	1902-01-01T00:00:00Z	9
<http://www.wikidata.org/entity/Q96592287>	"P571"	1902-01-01T00:00:00Z	9
<http://www.wikidata.org/entity/Q98642572>	"P571"	1902-01-01T00:00:00Z	9
<http://www.wikidata.org/entity/Q991111>	"P571"	1902-01-01T00:00:00Z	9
<http://www.wikidata.org/entity/Q98642586>	"P571"	1902-01-01T00:00:00Z	9
<http://www.wikidata.org/entity/Q98642612>	"P571"	1902-01-01T00:00:00Z	9
<http://www.wikidata.org/entity/Q835647>	"P571"	1902-01-01T00:00:00Z	9
<http://www.wikidata.org/entity/Q113645>	"P571"	1902-10-01T00:00:00Z	10
<http://www.wikidata.org/entity/Q110690963>	"P571"	1780-01-01T00:00:00Z	8
<http://www.wikidata.org/entity/Q4420283>	"P571"	1780-01-01T00:00:00Z	8
<http://www.wikidata.org/entity/Q1332023>	"P571"	1668-01-01T00:00:00Z	9
<http://www.wikidata.org/entity/Q49393697>	"P571"	1832-01-01T00:00:00Z	9
<http://www.wikidata.org/entity/Q49448317>	"P571"	1832-01-01T00:00:00Z	9
<http://www.wikidata.org/entity/Q49417201>	"P571"	1832-01-01T00:00:00Z	9
<http://www.wikidata.org/entity/Q120678962>	"P571"	1734-01-01T00:00:00Z	9
<http://www.wikidata.org/entity/Q11058372>	"P571"	1734-01-01T00:00:00Z	9
<http://www.wikidata.org/entity/Q17574713>	"P571"	1734-01-01T00:00:00Z	9
<http://www.wikidata.org/entity/Q17572330>	"P571"	1734-01-01T00:00:00Z	9
<http://www.wikidata.org/entity/Q31810103>	"P571"	1809-01-01T00:00:00Z	9
<http://www.wikidata.org/entity/Q11786010>	"P571"	1876-01-01T00:00:00Z	9
<http://www.wikidata.org/entity/Q11786010>	"P571"	1876-01-01T00:00:00Z	9
<http://www.wikidata.org/entity/Q113532288>	"P571"	1876-01-01T00:00:00Z	9
<http://www.wikidata.org/entity/Q106301147>	"P571"	1876-01-01T00:00:00Z	9
<http://www.wikidata.org/entity/Q1299581>	"P571"	1876-01-01T00:00:00Z	9
<http://www.wikidata.org/entity/Q116302607>	"P571"	1876-01-01T00:00:00Z	9
<http://www.wikidata.org/entity/Q109270142>	"P571"	1876-01-01T00:00:00Z	9
<http://www.wikidata.org/entity/Q108386615>	"P571"	1876-01-01T00:00:00Z	9
<http://www.wikidata.org/entity/Q140663268>	"P571"	1876-01-01T00:00:00Z	9
<http://www.wikidata.org/entity/Q1571637>	"P571"	1876-01-01T00:00:00Z	9
<http://www.wikidata.org/entity/Q2407011>	"P571"	1876-01-01T00:00:00Z	9
<http://www.wikidata.org/entity/Q17807640>	"P571"	1876-01-01T00:00:00Z	9
<http://www.wikidata.org/entity/Q29785349>	"P571"	1876-01-01T00:00:00Z	9
<http://www.wikidata.org/entity/Q17850193>	"P571"	1876-01-01T00:00:00Z	9
<http://www.wikidata.org/entity/Q30915409>	"P1249"	1876-01-01T00:00:00Z	9
<http://www.wikidata.org/entity/Q136791730>	"P571"	1876-01-01T00:00:00Z	9
<http://www.wikidata.org/entity/Q18624853>	"P571"	1876-01-01T00:00:00Z	9
<http://www.wikidata.org/entity/Q19286182>	"P571"	1876-01-01T00:00:00Z	9
<http://www.wikidata.org/entity/Q137560372>	"P571"	1876-01-01T00:00:00Z	9
<http://www.wikidata.org/entity/Q96592292>	"P571"	1876-01-01T00:00:00Z	9
<http://www.wikidata.org/entity/Q96592290>	"P571"	1876-01-01T00:00:00Z	9
<http://www.wikidata.org/entity/Q77776201>	"P571"	1876-01-01T00:00:00Z	9
<http://www.wikidata.org/entity/Q56877914>	"P571"	1876-01-01T00:00:00Z	9
<http://www.wikidata.org/entity/Q49405829>	"P571"	1822-01-01T00:00:00Z	9
<http://www.wikidata.org/entity/Q49457726>	"P571"	1822-01-01T00:00:00Z	9
<http://www.wikidata.org/entity/Q49407432>	"P571"	1822-01-01T00:00:00Z	9
<http://www.wikidata.org/entity/Q49442607>	"P571"	1822-01-01T00:00:00Z	9
<http://www.wikidata.org/entity/Q136416306>	"P571"	1931-01-01T00:00:00Z	9
<http://www.wikidata.org/entity/Q135070114>	"P571"	1931-01-01T00:00:00Z	9
<http://www.wikidata.org/entity/Q98314152>	"P571"	1931-01-01T00:00:00Z	9
<http://www.wikidata.org/entity/Q31137171>	"P571"	1870-01-01T00:00:00Z	9
<http://www.wikidata.org/entity/Q36866621>	"P571"	1710-01-01T00:00:00Z	9
<http://www.wikidata.org/entity/Q137554508>	"P571"	1710-01-01T00:00:00Z	9
<http://www.wikidata.org/entity/Q49446928>	"P571"	1816-01-01T00:00:00Z	9
<http://www.wikidata.org/entity/Q49519771>	"P571"	1797-01-01T00:00:00Z	9
<http://www.wikidata.org/entity/Q49448154>	"P571"	1797-01-01T00:00:00Z	9
<http://www.wikidata.org/entity/Q49346903>	"P571"	1835-01-01T00:00:00Z	9
<http://www.wikidata.org/entity/Q49346713>	"P571"	1835-01-01T00:00:00Z	9
<http://www.wikidata.org/entity/Q49353599>	"P571"	1835-01-01T00:00:00Z	9
<http://www.wikidata.org/entity/Q3556548>	"P571"	1864-12-01T00:00:00Z	10
<http://www.wikidata.org/entity/Q126715762>	"P571"	1759-01-01T00:00:00Z	7
<http://www.wikidata.org/entity/Q126711842>	"P571"	1759-01-01T00:00:00Z	7
<http://www.wikidata.org/entity/Q126700558>	"P571"	1759-01-01T00:00:00Z	7
<http://www.wikidata.org/entity/Q126700625>	"P571"	1759-01-01T00:00:00Z	7
<http://www.wikidata.org/entity/Q126702557>	"P571"	1759-01-01T00:00:00Z	7
<http://www.wikidata.org/entity/Q126703933>	"P571"	1759-01-01T00:00:00Z	7
<http://www.wikidata.org/entity/Q126706714>	"P571"	1759-01-01T00:00:00Z	7
<http://www.wikidata.org/entity/Q17860399>	"P571"	1759-01-01T00:00:00Z	7
<http://www.wikidata.org/entity/Q130614060>	"P571"	1948-01-01T00:00:00Z	9
<http://www.wikidata.org/entity/Q130983746>	"P571"	1948-01-01T00:00:00Z	9
<http://www.wikidata.org/entity/Q49438642>	"P571"	1948-01-01T00:00:00Z	9
<http://www.wikidata.org/entity/Q115510754>	"P571"	1866-01-01T00:00:00Z	9
<http://www.wikidata.org/entity/Q116492185>	"P571"	1866-01-01T00:00:00Z	9
<http://www.wikidata.org/entity/Q116575881>	"P571"	1866-01-01T00:00:00Z	9
<http://www.wikidata.org/entity/Q125418455>	"P571"	1866-01-01T00:00:00Z	9
<http://www.wikidata.org/entity/Q130226358>	"P571"	1866-01-01T00:00:00Z	9
<http://www.wikidata.org/entity/Q134539853>	"P571"	1866-01-01T00:00:00Z	9
<http://www.wikidata.org/entity/Q100709330>	"P571"	1866-01-01T00:00:00Z	9
<http://www.wikidata.org/entity/Q4191194>	"P571"	1866-01-01T00:00:00Z	9
<http://www.wikidata.org/entity/Q25474173>	"P571"	1866-01-01T00:00:00Z	9
<http://www.wikidata.org/entity/Q16894207>	"P571"	1866-01-01T00:00:00Z	9
<http://www.wikidata.org/entity/Q29501370>	"P571"	1866-01-01T00:00:00Z	9
<http://www.wikidata.org/entity/Q29501003>	"P571"	1866-01-01T00:00:00Z	9
<http://www.wikidata.org/entity/Q92594298>	"P571"	1866-01-01T00:00:00Z	9
<http://www.wikidata.org/entity/Q85627651>	"P571"	1866-01-01T00:00:00Z	9
<http://www.wikidata.org/entity/Q77781789>	"P571"	1866-01-01T00:00:00Z	9
<http://www.wikidata.org/entity/Q85626887>	"P571"	1866-01-01T00:00:00Z	9
<http://www.wikidata.org/entity/Q830803>	"P571"	1866-01-01T00:00:00Z	9
<http://www.wikidata.org/entity/Q85626990>	"P571"	1866-01-01T00:00:00Z	9
<http://www.wikidata.org/entity/Q59709923>	"P571"	1866-01-01T00:00:00Z	9
<http://www.wikidata.org/entity/Q85627208>	"P571"	1866-01-01T00:00:00Z	9
<http://www.wikidata.org/entity/Q57269904>	"P571"	1866-01-01T00:00:00Z	9
<http://www.wikidata.org/entity/Q49441158>	"P571"	1847-01-01T00:00:00Z	9
<http://www.wikidata.org/entity/Q49434135>	"P571"	1847-01-01T00:00:00Z	9
<http://www.wikidata.org/entity/Q49429673>	"P571"	1847-01-01T00:00:00Z	9
<http://www.wikidata.org/entity/Q49428369>	"P571"	1847-01-01T00:00:00Z	9
<http://www.wikidata.org/entity/Q30530725>	"P571"	1782-01-01T00:00:00Z	9
<http://www.wikidata.org/entity/Q10351496>	"P571"	0500-01-01T00:00:00Z	7
<http://www.wikidata.org/entity/Q115621237>	"P571"	1870-01-01T00:00:00Z	9
<http://www.wikidata.org/entity/Q116972297>	"P571"	1870-01-01T00:00:00Z	9
<http://www.wikidata.org/entity/Q116950259>	"P571"	1870-01-01T00:00:00Z	9
<http://www.wikidata.org/entity/Q113495935>	"P571"	1870-01-01T00:00:00Z	9
<http://www.wikidata.org/entity/Q113495934>	"P571"	1870-01-01T00:00:00Z	9
<http://www.wikidata.org/entity/Q113495933>	"P571"	1870-01-01T00:00:00Z	9
<http://www.wikidata.org/entity/Q12049026>	"P571"	1870-01-01T00:00:00Z	9
<http://www.wikidata.org/entity/Q125506996>	"P571"	1870-01-01T00:00:00Z	9
<http://www.wikidata.org/entity/Q126363055>	"P571"	1870-01-01T00:00:00Z	9
<http://www.wikidata.org/entity/Q113325104>	"P571"	1870-01-01T00:00:00Z	9
<http://www.wikidata.org/entity/Q108823013>	"P571"	1870-01-01T00:00:00Z	9
<http://www.wikidata.org/entity/Q100233502>	"P571"	1870-01-01T00:00:00Z	9
<http://www.wikidata.org/entity/Q49231109>	"P571"	1870-01-01T00:00:00Z	9
<http://www.wikidata.org/entity/Q17454149>	"P571"	1870-01-01T00:00:00Z	9
<http://www.wikidata.org/entity/Q19874283>	"P571"	1870-01-01T00:00:00Z	9
<http://www.wikidata.org/entity/Q41390621>	"P571"	1870-01-01T00:00:00Z	9
<http://www.wikidata.org/entity/Q139383859>	"P571"	1870-01-01T00:00:00Z	9
<http://www.wikidata.org/entity/Q26590506>	"P571"	1870-01-01T00:00:00Z	9
<http://www.wikidata.org/entity/Q47531777>	"P571"	1870-01-01T00:00:00Z	9
<http://www.wikidata.org/entity/Q2014426>	"P571"	1870-01-01T00:00:00Z	9
<http://www.wikidata.org/entity/Q17834222>	"P571"	1870-01-01T00:00:00Z	9
<http://www.wikidata.org/entity/Q29504721>	"P571"	1870-01-01T00:00:00Z	9
<http://www.wikidata.org/entity/Q17575942>	"P571"	1870-01-01T00:00:00Z	9
<http://www.wikidata.org/entity/Q96107789>	"P571"	1870-01-01T00:00:00Z	9
<http://www.wikidata.org/entity/Q5398585>	"P571"	1870-01-01T00:00:00Z	9
<http://www.wikidata.org/entity/Q6652543>	"P571"	1870-01-01T00:00:00Z	9
<http://www.wikidata.org/entity/Q98663958>	"P571"	1870-01-01T00:00:00Z	9
<http://www.wikidata.org/entity/Q56606285>	"P571"	1870-01-01T00:00:00Z	9
<http://www.wikidata.org/entity/Q15115430>	"P571"	1858-01-01T00:00:00Z	9
<http://www.wikidata.org/entity/Q49586040>	"P571"	1858-01-01T00:00:00Z	9
<http://www.wikidata.org/entity/Q49454338>	"P571"	1858-01-01T00:00:00Z	9
<http://www.wikidata.org/entity/Q49443729>	"P571"	1858-01-01T00:00:00Z	9
<http://www.wikidata.org/entity/Q49448713>	"P571"	1858-01-01T00:00:00Z	9
<http://www.wikidata.org/entity/Q49396586>	"P571"	1858-01-01T00:00:00Z	9
<http://www.wikidata.org/entity/Q49445749>	"P571"	1858-01-01T00:00:00Z	9
<http://www.wikidata.org/entity/Q112094867>	"P571"	1740-01-01T00:00:00Z	9
<http://www.wikidata.org/entity/Q17570706>	"P571"	1740-01-01T00:00:00Z	9
<http://www.wikidata.org/entity/Q116980589>	"P571"	1717-01-01T00:00:00Z	9
<http://www.wikidata.org/entity/Q38192829>	"P571"	1717-01-01T00:00:00Z	9
<http://www.wikidata.org/entity/Q29522062>	"P571"	1717-01-01T00:00:00Z	9
<http://www.wikidata.org/entity/Q31098254>	"P571"	1880-01-01T00:00:00Z	9
<http://www.wikidata.org/entity/Q6112769>	"P571"	1880-01-01T00:00:00Z	9
<http://www.wikidata.org/entity/Q118340899>	"P571"	1906-07-01T00:00:00Z	10
<http://www.wikidata.org/entity/Q10556656>	"P571"	1737-01-01T00:00:00Z	9
<http://www.wikidata.org/entity/Q117777634>	"P571"	1859-01-01T00:00:00Z	9
<http://www.wikidata.org/entity/Q117772960>	"P571"	1859-01-01T00:00:00Z	9
<http://www.wikidata.org/entity/Q110641741>	"P571"	1859-01-01T00:00:00Z	9
<http://www.wikidata.org/entity/Q1236965>	"P571"	1859-01-01T00:00:00Z	9
<http://www.wikidata.org/entity/Q132660192>	"P571"	1859-01-01T00:00:00Z	9
<http://www.wikidata.org/entity/Q113058640>	"P571"	1859-01-01T00:00:00Z	9
<http://www.wikidata.org/entity/Q26501588>	"P571"	1859-01-01T00:00:00Z	9
<http://www.wikidata.org/entity/Q17570667>	"P571"	1859-01-01T00:00:00Z	9
<http://www.wikidata.org/entity/Q36686487>	"P571"	1859-01-01T00:00:00Z	9
<http://www.wikidata.org/entity/Q17645322>	"P571"	1859-01-01T00:00:00Z	9
<http://www.wikidata.org/entity/Q134583319>	"P571"	1859-01-01T00:00:00Z	9
<http://www.wikidata.org/entity/Q317211>	"P571"	1859-01-01T00:00:00Z	9
<http://www.wikidata.org/entity/Q17463314>	"P571"	1859-01-01T00:00:00Z	9
<http://www.wikidata.org/entity/Q18008816>	"P571"	1859-01-01T00:00:00Z	9
<http://www.wikidata.org/entity/Q17795469>	"P571"	1859-01-01T00:00:00Z	9
<http://www.wikidata.org/entity/Q26379193>	"P571"	1859-01-01T00:00:00Z	9
<http://www.wikidata.org/entity/Q96146645>	"P571"	1859-01-01T00:00:00Z	9
<http://www.wikidata.org/entity/Q56623625>	"P571"	1859-01-01T00:00:00Z	9
<http://www.wikidata.org/entity/Q9064436>	"P571"	1859-01-01T00:00:00Z	9
<http://www.wikidata.org/entity/Q7926602>	"P571"	1838-01-01T00:00:00Z	9
<http://www.wikidata.org/entity/Q1325181>	"P571"	1877-10-03T00:00:00Z	11
<http://www.wikidata.org/entity/Q49229604>	"P571"	1851-01-01T00:00:00Z	9
<http://www.wikidata.org/entity/Q49444706>	"P571"	1851-01-01T00:00:00Z	9
<http://www.wikidata.org/entity/Q49464743>	"P571"	1851-01-01T00:00:00Z	9
<http://www.wikidata.org/entity/Q49464764>	"P571"	1851-01-01T00:00:00Z	9
<http://www.wikidata.org/entity/Q49442841>	"P571"	1851-01-01T00:00:00Z	9
<http://www.wikidata.org/entity/Q49459236>	"P571"	1851-01-01T00:00:00Z	9
<http://www.wikidata.org/entity/Q49444322>	"P571"	1851-01-01T00:00:00Z	9
<http://www.wikidata.org/entity/Q49444697>	"P571"	1851-01-01T00:00:00Z	9
<http://www.wikidata.org/entity/Q49456048>	"P571"	1851-01-01T00:00:00Z	9
<http://www.wikidata.org/entity/Q49444702>	"P571"	1851-01-01T00:00:00Z	9
<http://www.wikidata.org/entity/Q49370994>	"P571"	1851-01-01T00:00:00Z	9
<http://www.wikidata.org/entity/Q49454706>	"P571"	1851-01-01T00:00:00Z	9
<http://www.wikidata.org/entity/Q49391082>	"P571"	1851-01-01T00:00:00Z	9
<http://www.wikidata.org/entity/Q49454596>	"P571"	1851-01-01T00:00:00Z	9
<http://www.wikidata.org/entity/Q49409413>	"P571"	1851-01-01T00:00:00Z	9
<http://www.wikidata.org/entity/Q49449544>	"P571"	1851-01-01T00:00:00Z	9
<http://www.wikidata.org/entity/Q49448691>	"P571"	1851-01-01T00:00:00Z	9
<http://www.wikidata.org/entity/Q49449059>	"P571"	1851-01-01T00:00:00Z	9
<http://www.wikidata.org/entity/Q113495979>	"P571"	1820-01-01T00:00:00Z	9
<http://www.wikidata.org/entity/Q110680602>	"P571"	1820-01-01T00:00:00Z	9
<http://www.wikidata.org/entity/Q25394333>	"P571"	1820-01-01T00:00:00Z	9
<http://www.wikidata.org/entity/Q26530935>	"P571"	1820-01-01T00:00:00Z	9
<http://www.wikidata.org/entity/Q17825699>	"P571"	1820-01-01T00:00:00Z	9
<http://www.wikidata.org/entity/Q17850961>	"P571"	1820-01-01T00:00:00Z	9
<http://www.wikidata.org/entity/Q2494538>	"P571"	1820-01-01T00:00:00Z	9
<http://www.wikidata.org/entity/Q56616734>	"P571"	1820-01-01T00:00:00Z	9
<http://www.wikidata.org/entity/Q57903187>	"P571"	1820-01-01T00:00:00Z	9
<http://www.wikidata.org/entity/Q56620518>	"P571"	1820-01-01T00:00:00Z	9
<http://www.wikidata.org/entity/Q56616219>	"P571"	1820-01-01T00:00:00Z	9
<http://www.wikidata.org/entity/Q56616724>	"P571"	1820-01-01T00:00:00Z	9
<http://www.wikidata.org/entity/Q117760350>	"P571"	1900-01-01T00:00:00Z	8
<http://www.wikidata.org/entity/Q48940716>	"P571"	1900-01-01T00:00:00Z	8
<http://www.wikidata.org/entity/Q17829382>	"P571"	1900-01-01T00:00:00Z	8
<http://www.wikidata.org/entity/Q19602452>	"P571"	1900-01-01T00:00:00Z	8
<http://www.wikidata.org/entity/Q56606469>	"P571"	1900-01-01T00:00:00Z	8
<http://www.wikidata.org/entity/Q2179445>	"P571"	1632-01-01T00:00:00Z	9
<http://www.wikidata.org/entity/Q1460090>	"P571"	1632-01-01T00:00:00Z	9
<http://www.wikidata.org/entity/Q141214512>	"P571"	1632-01-01T00:00:00Z	9
<http://www.wikidata.org/entity/Q17571315>	"P571"	1737-01-01T00:00:00Z	9
<http://www.wikidata.org/entity/Q17571373>	"P571"	1737-01-01T00:00:00Z	9
<http://www.wikidata.org/entity/Q17529297>	"P571"	1737-01-01T00:00:00Z	9
<http://www.wikidata.org/entity/Q139577294>	"P571"	1877-08-01T00:00:00Z	10
<http://www.wikidata.org/entity/Q10570722>	"P571"	1889-01-01T00:00:00Z	9
<http://www.wikidata.org/entity/Q7852706>	"P571"	1889-01-01T00:00:00Z	9
<http://www.wikidata.org/entity/Q1232277>	"P571"	1897-01-01T00:00:00Z	9
<http://www.wikidata.org/entity/Q10684610>	"P571"	1897-01-01T00:00:00Z	9
<http://www.wikidata.org/entity/Q11786018>	"P571"	1897-01-01T00:00:00Z	9
<http://www.wikidata.org/entity/Q24196222>	"P571"	1897-01-01T00:00:00Z	9
<http://www.wikidata.org/entity/Q30075861>	"P571"	1897-01-01T00:00:00Z	9
<http://www.wikidata.org/entity/Q7618175>	"P571"	1839-03-01T00:00:00Z	10
<http://www.wikidata.org/entity/Q49438642>	"P571"	1850-01-01T00:00:00Z	7
<http://www.wikidata.org/entity/Q49405739>	"P571"	1834-01-01T00:00:00Z	9
<http://www.wikidata.org/entity/Q49409161>	"P571"	1834-01-01T00:00:00Z	9
<http://www.wikidata.org/entity/Q3396350>	"P571"	1687-01-01T00:00:00Z	9
<http://www.wikidata.org/entity/Q137553828>	"P571"	1687-01-01T00:00:00Z	9
<http://www.wikidata.org/entity/Q49394974>	"P571"	1725-01-01T00:00:00Z	9
<http://www.wikidata.org/entity/Q12059877>	"P571"	1786-01-01T00:00:00Z	9
<http://www.wikidata.org/entity/Q1814756>	"P571"	1786-01-01T00:00:00Z	9
<http://www.wikidata.org/entity/Q17810844>	"P571"	1786-01-01T00:00:00Z	9
<http://www.wikidata.org/entity/Q14537641>	"P571"	1786-01-01T00:00:00Z	9
<http://www.wikidata.org/entity/Q17847375>	"P571"	1786-01-01T00:00:00Z	9
<http://www.wikidata.org/entity/Q30154921>	"P571"	1786-01-01T00:00:00Z	9
<http://www.wikidata.org/entity/Q30154950>	"P571"	1786-01-01T00:00:00Z	9
<http://www.wikidata.org/entity/Q49380183>	"P571"	1862-01-01T00:00:00Z	9
<http://www.wikidata.org/entity/Q49438713>	"P571"	1862-01-01T00:00:00Z	9
<http://www.wikidata.org/entity/Q49449878>	"P571"	1862-01-01T00:00:00Z	9
<http://www.wikidata.org/entity/Q49629628>	"P571"	1862-01-01T00:00:00Z	9
<http://www.wikidata.org/entity/Q49441542>	"P571"	1862-01-01T00:00:00Z	9
<http://www.wikidata.org/entity/Q49629623>	"P571"	1862-01-01T00:00:00Z	9
<http://www.wikidata.org/entity/Q49441526>	"P571"	1862-01-01T00:00:00Z	9
<http://www.wikidata.org/entity/Q105883562>	"P571"	1876-07-01T00:00:00Z	10
<http://www.wikidata.org/entity/Q7597303>	"P571"	1904-11-04T00:00:00Z	11
<http://www.wikidata.org/entity/Q123579069>	"P571"	1836-01-01T00:00:00Z	9
<http://www.wikidata.org/entity/Q105062339>	"P571"	1836-01-01T00:00:00Z	9
<http://www.wikidata.org/entity/Q111324170>	"P571"	1836-01-01T00:00:00Z	9
<http://www.wikidata.org/entity/Q110440458>	"P571"	1836-01-01T00:00:00Z	9
<http://www.wikidata.org/entity/Q115808533>	"P571"	1836-01-01T00:00:00Z	9
<http://www.wikidata.org/entity/Q117051340>	"P571"	1836-01-01T00:00:00Z	9
<http://www.wikidata.org/entity/Q17567749>	"P571"	1836-01-01T00:00:00Z	9
<http://www.wikidata.org/entity/Q3563350>	"P571"	1836-01-01T00:00:00Z	9
<http://www.wikidata.org/entity/Q66311668>	"P571"	1836-01-01T00:00:00Z	9
<http://www.wikidata.org/entity/Q5317559>	"P571"	1836-01-01T00:00:00Z	9
<http://www.wikidata.org/entity/Q1318205>	"P571"	1867-01-01T00:00:00Z	9
<http://www.wikidata.org/entity/Q118641052>	"P571"	1867-01-01T00:00:00Z	9
<http://www.wikidata.org/entity/Q130235332>	"P571"	1867-01-01T00:00:00Z	9
<http://www.wikidata.org/entity/Q123120402>	"P571"	1867-01-01T00:00:00Z	9
<http://www.wikidata.org/entity/Q113131395>	"P571"	1867-01-01T00:00:00Z	9
<http://www.wikidata.org/entity/Q108794902>	"P571"	1867-01-01T00:00:00Z	9
<http://www.wikidata.org/entity/Q116252779>	"P571"	1867-01-01T00:00:00Z	9
<http://www.wikidata.org/entity/Q134443239>	"P571"	1867-01-01T00:00:00Z	9
<http://www.wikidata.org/entity/Q29698200>	"P571"	1867-01-01T00:00:00Z	9
<http://www.wikidata.org/entity/Q26570021>	"P571"	1867-01-01T00:00:00Z	9
<http://www.wikidata.org/entity/Q42891121>	"P571"	1867-01-01T00:00:00Z	9
<http://www.wikidata.org/entity/Q17331007>	"P571"	1867-01-01T00:00:00Z	9
<http://www.wikidata.org/entity/Q136383488>	"P571"	1867-01-01T00:00:00Z	9
<http://www.wikidata.org/entity/Q3368330>	"P571"	1867-01-01T00:00:00Z	9
<http://www.wikidata.org/entity/Q3397401>	"P571"	1867-01-01T00:00:00Z	9
<http://www.wikidata.org/entity/Q64460874>	"P571"	1867-01-01T00:00:00Z	9
<http://www.wikidata.org/entity/Q56618943>	"P571"	1867-01-01T00:00:00Z	9
<http://www.wikidata.org/entity/Q60830553>	"P571"	1867-01-01T00:00:00Z	9
<http://www.wikidata.org/entity/Q5167053>	"P571"	1867-01-01T00:00:00Z	9
<http://www.wikidata.org/entity/Q112663953>	"P571"	1908-08-01T00:00:00Z	10
<http://www.wikidata.org/entity/Q49456289>	"P571"	1817-01-01T00:00:00Z	9
<http://www.wikidata.org/entity/Q49532292>	"P571"	1817-01-01T00:00:00Z	9
<http://www.wikidata.org/entity/Q116153416>	"P571"	1798-01-01T00:00:00Z	9
<http://www.wikidata.org/entity/Q4899738>	"P571"	1798-01-01T00:00:00Z	9
<http://www.wikidata.org/entity/Q110747933>	"P571"	1782-01-01T00:00:00Z	9
<http://www.wikidata.org/entity/Q110747937>	"P571"	1782-01-01T00:00:00Z	9
<http://www.wikidata.org/entity/Q114962746>	"P571"	1782-01-01T00:00:00Z	9
<http://www.wikidata.org/entity/Q17570346>	"P571"	1782-01-01T00:00:00Z	9
<http://www.wikidata.org/entity/Q26601439>	"P571"	1782-01-01T00:00:00Z	9
<http://www.wikidata.org/entity/Q17903019>	"P571"	1782-01-01T00:00:00Z	9
<http://www.wikidata.org/entity/Q49445965>	"P571"	1861-01-01T00:00:00Z	9
<http://www.wikidata.org/entity/Q49504496>	"P571"	1861-01-01T00:00:00Z	9
<http://www.wikidata.org/entity/Q49454933>	"P571"	1861-01-01T00:00:00Z	9
<http://www.wikidata.org/entity/Q48785009>	"P571"	1688-01-01T00:00:00Z	9
<http://www.wikidata.org/entity/Q122998829>	"P571"	1830-01-01T00:00:00Z	8
<http://www.wikidata.org/entity/Q109648595>	"P571"	1830-01-01T00:00:00Z	8
<http://www.wikidata.org/entity/Q12021763>	"P571"	1830-01-01T00:00:00Z	8
<http://www.wikidata.org/entity/Q108068540>	"P571"	2020-01-01T00:00:00Z	8
<http://www.wikidata.org/entity/Q49405058>	"P571"	1736-01-01T00:00:00Z	9
<http://www.wikidata.org/entity/Q116766613>	"P571"	1778-01-01T00:00:00Z	9
<http://www.wikidata.org/entity/Q17567641>	"P571"	1778-01-01T00:00:00Z	9
<http://www.wikidata.org/entity/Q4092989>	"P571"	1778-01-01T00:00:00Z	9
<http://www.wikidata.org/entity/Q61965719>	"P571"	1778-01-01T00:00:00Z	9
<http://www.wikidata.org/entity/Q97466234>	"P571"	1778-01-01T00:00:00Z	9
<http://www.wikidata.org/entity/Q130321691>	"P571"	1937-01-01T00:00:00Z	9
<http://www.wikidata.org/entity/Q49449204>	"P571"	1937-01-01T00:00:00Z	9
<http://www.wikidata.org/entity/Q11785907>	"P571"	1884-01-01T00:00:00Z	9
<http://www.wikidata.org/entity/Q2100416>	"P571"	1884-01-01T00:00:00Z	9
<http://www.wikidata.org/entity/Q1700867>	"P571"	1695-01-01T00:00:00Z	9
<http://www.wikidata.org/entity/Q49452744>	"P571"	1879-01-01T00:00:00Z	9
<http://www.wikidata.org/entity/Q49438864>	"P571"	1879-01-01T00:00:00Z	9
<http://www.wikidata.org/entity/Q137939374>	"P571"	1988-09-01T00:00:00Z	10
<http://www.wikidata.org/entity/Q17810161>	"P571"	1806-01-01T00:00:00Z	9
<http://www.wikidata.org/entity/Q18696754>	"P571"	1806-01-01T00:00:00Z	9
<http://www.wikidata.org/entity/Q139764982>	"P571"	1806-01-01T00:00:00Z	9
<http://www.wikidata.org/entity/Q2147602>	"P571"	1806-01-01T00:00:00Z	9
<http://www.wikidata.org/entity/Q55027856>	"P571"	1806-01-01T00:00:00Z	9
<http://www.wikidata.org/entity/Q75847643>	"P571"	1806-01-01T00:00:00Z	9
<http://www.wikidata.org/entity/Q38283944>	"P571"	1659-01-01T00:00:00Z	9
<http://www.wikidata.org/entity/Q110641887>	"P571"	1870-01-01T00:00:00Z	8
<http://www.wikidata.org/entity/Q116972273>	"P571"	1870-01-01T00:00:00Z	8
<http://www.wikidata.org/entity/Q132588286>	"P571"	1870-01-01T00:00:00Z	8
<http://www.wikidata.org/entity/Q120416063>	"P571"	1870-01-01T00:00:00Z	8
<http://www.wikidata.org/entity/Q12401815>	"P571"	1870-01-01T00:00:00Z	8
<http://www.wikidata.org/entity/Q27085057>	"P571"	1870-01-01T00:00:00Z	8
<http://www.wikidata.org/entity/Q28036807>	"P571"	1870-01-01T00:00:00Z	8
<http://www.wikidata.org/entity/Q137534592>	"P571"	1870-01-01T00:00:00Z	8
<http://www.wikidata.org/entity/Q7126345>	"P571"	1870-01-01T00:00:00Z	8
<http://www.wikidata.org/entity/Q123573462>	"P571"	1893-01-01T00:00:00Z	9
<http://www.wikidata.org/entity/Q10279681>	"P571"	1893-01-01T00:00:00Z	9
<http://www.wikidata.org/entity/Q123120491>	"P571"	1893-01-01T00:00:00Z	9
<http://www.wikidata.org/entity/Q123113165>	"P571"	1893-01-01T00:00:00Z	9
<http://www.wikidata.org/entity/Q132743903>	"P571"	1893-01-01T00:00:00Z	9
<http://www.wikidata.org/entity/Q115794087>	"P571"	1893-01-01T00:00:00Z	9
<http://www.wikidata.org/entity/Q122900970>	"P571"	1893-01-01T00:00:00Z	9
<http://www.wikidata.org/entity/Q117772414>	"P571"	1893-01-01T00:00:00Z	9
<http://www.wikidata.org/entity/Q117773246>	"P571"	1893-01-01T00:00:00Z	9
<http://www.wikidata.org/entity/Q114961672>	"P571"	1893-01-01T00:00:00Z	9
<http://www.wikidata.org/entity/Q26579794>	"P571"	1893-01-01T00:00:00Z	9
<http://www.wikidata.org/entity/Q22995888>	"P571"	1893-01-01T00:00:00Z	9
<http://www.wikidata.org/entity/Q42211614>	"P571"	1893-01-01T00:00:00Z	9
<http://www.wikidata.org/entity/Q26847117>	"P571"	1893-01-01T00:00:00Z	9
<http://www.wikidata.org/entity/Q3575338>	"P571"	1893-01-01T00:00:00Z	9
<http://www.wikidata.org/entity/Q138757454>	"P571"	1893-01-01T00:00:00Z	9
<http://www.wikidata.org/entity/Q1784255>	"P571"	1893-01-01T00:00:00Z	9
<http://www.wikidata.org/entity/Q2315829>	"P571"	1893-01-01T00:00:00Z	9
<http://www.wikidata.org/entity/Q25389028>	"P571"	1893-01-01T00:00:00Z	9
<http://www.wikidata.org/entity/Q25452393>	"P571"	1893-01-01T00:00:00Z	9
<http://www.wikidata.org/entity/Q56614776>	"P571"	1893-01-01T00:00:00Z	9
<http://www.wikidata.org/entity/Q65943214>	"P571"	1893-01-01T00:00:00Z	9
<http://www.wikidata.org/entity/Q849016>	"P571"	1893-01-01T00:00:00Z	9
<http://www.wikidata.org/entity/Q84849928>	"P571"	1893-01-01T00:00:00Z	9
<http://www.wikidata.org/entity/Q112103564>	"P571"	1751-01-01T00:00:00Z	9
<http://www.wikidata.org/entity/Q112103563>	"P571"	1751-01-01T00:00:00Z	9
<http://www.wikidata.org/entity/Q112103567>	"P571"	1751-01-01T00:00:00Z	9
<http://www.wikidata.org/entity/Q112103566>	"P571"	1751-01-01T00:00:00Z	9
<http://www.wikidata.org/entity/Q27160767>	"P571"	1751-01-01T00:00:00Z	9
<http://www.wikidata.org/entity/Q99319>	"P571"	1751-01-01T00:00:00Z	9
<http://www.wikidata.org/entity/Q116749512>	"P571"	1800-01-01T00:00:00Z	9
<http://www.wikidata.org/entity/Q13104034>	"P571"	1800-01-01T00:00:00Z	9
<http://www.wikidata.org/entity/Q111020496>	"P571"	1800-01-01T00:00:00Z	9
<http://www.wikidata.org/entity/Q3458702>	"P1249"	1800-01-01T00:00:00Z	9
<http://www.wikidata.org/entity/Q26656634>	"P571"	1800-01-01T00:00:00Z	9
<http://www.wikidata.org/entity/Q17532761>	"P571"	1800-01-01T00:00:00Z	9
<http://www.wikidata.org/entity/Q29786954>	"P571"	1800-01-01T00:00:00Z	9
<http://www.wikidata.org/entity/Q26327526>	"P571"	1800-01-01T00:00:00Z	9
<http://www.wikidata.org/entity/Q135683029>	"P571"	1800-01-01T00:00:00Z	9
<http://www.wikidata.org/entity/Q135683152>	"P571"	1800-01-01T00:00:00Z	9
<http://www.wikidata.org/entity/Q29495393>	"P571"	1800-01-01T00:00:00Z	9
<http://www.wikidata.org/entity/Q26393533>	"P571"	1800-01-01T00:00:00Z	9
<http://www.wikidata.org/entity/Q26394413>	"P571"	1800-01-01T00:00:00Z	9
<http://www.wikidata.org/entity/Q26394434>	"P571"	1800-01-01T00:00:00Z	9
<http://www.wikidata.org/entity/Q3458702>	"P571"	1800-01-01T00:00:00Z	9
<http://www.wikidata.org/entity/Q17532753>	"P571"	1800-01-01T00:00:00Z	9
<http://www.wikidata.org/entity/Q124538757>	"P571"	1875-01-01T00:00:00Z	9
<http://www.wikidata.org/entity/Q118121973>	"P571"	1875-01-01T00:00:00Z	9
<http://www.wikidata.org/entity/Q132743848>	"P571"	1875-01-01T00:00:00Z	9
<http://www.wikidata.org/entity/Q11785844>	"P571"	1875-01-01T00:00:00Z	9
<http://www.wikidata.org/entity/Q11785844>	"P571"	1875-01-01T00:00:00Z	9
<http://www.wikidata.org/entity/Q124538640>	"P571"	1875-01-01T00:00:00Z	9
<http://www.wikidata.org/entity/Q124538750>	"P571"	1875-01-01T00:00:00Z	9
<http://www.wikidata.org/entity/Q130392223>	"P571"	1875-01-01T00:00:00Z	9
<http://www.wikidata.org/entity/Q116842315>	"P571"	1875-01-01T00:00:00Z	9
<http://www.wikidata.org/entity/Q107104373>	"P571"	1875-01-01T00:00:00Z	9
<http://www.wikidata.org/entity/Q1134023>	"P571"	1875-01-01T00:00:00Z	9
<http://www.wikidata.org/entity/Q116419504>	"P571"	1875-01-01T00:00:00Z	9
<http://www.wikidata.org/entity/Q122884681>	"P571"	1875-01-01T00:00:00Z	9
<http://www.wikidata.org/entity/Q110641925>	"P571"	1875-01-01T00:00:00Z	9
<http://www.wikidata.org/entity/Q122884726>	"P571"	1875-01-01T00:00:00Z	9
<http://www.wikidata.org/entity/Q1315365>	"P571"	1875-01-01T00:00:00Z	9
<http://www.wikidata.org/entity/Q109270142>	"P571"	1875-01-01T00:00:00Z	9
<http://www.wikidata.org/entity/Q122884261>	"P571"	1875-01-01T00:00:00Z	9
<http://www.wikidata.org/entity/Q115001245>	"P571"	1875-01-01T00:00:00Z	9
<http://www.wikidata.org/entity/Q138854392>	"P571"	1875-01-01T00:00:00Z	9
<http://www.wikidata.org/entity/Q26320036>	"P571"	1875-01-01T00:00:00Z	9
<http://www.wikidata.org/entity/Q138854353>	"P571"	1875-01-01T00:00:00Z	9
<http://www.wikidata.org/entity/Q47170986>	"P571"	1875-01-01T00:00:00Z	9
<http://www.wikidata.org/entity/Q2459509>	"P571"	1875-01-01T00:00:00Z	9
<http://www.wikidata.org/entity/Q138854034>	"P571"	1875-01-01T00:00:00Z	9
<http://www.wikidata.org/entity/Q23057749>	"P571"	1875-01-01T00:00:00Z	9
<http://www.wikidata.org/entity/Q26380071>	"P571"	1875-01-01T00:00:00Z	9
<http://www.wikidata.org/entity/Q26278448>	"P571"	1875-01-01T00:00:00Z	9
<http://www.wikidata.org/entity/Q1410082>	"P571"	1875-01-01T00:00:00Z	9
<http://www.wikidata.org/entity/Q435885>	"P571"	1875-01-01T00:00:00Z	9
<http://www.wikidata.org/entity/Q47170982>	"P571"	1875-01-01T00:00:00Z	9
<http://www.wikidata.org/entity/Q138854003>	"P571"	1875-01-01T00:00:00Z	9
<http://www.wikidata.org/entity/Q137939374>	"P571"	1875-01-01T00:00:00Z	9
<http://www.wikidata.org/entity/Q26577793>	"P571"	1875-01-01T00:00:00Z	9
<http://www.wikidata.org/entity/Q26587295>	"P571"	1875-01-01T00:00:00Z	9
<http://www.wikidata.org/entity/Q138510150>	"P571"	1875-01-01T00:00:00Z	9
<http://www.wikidata.org/entity/Q138514961>	"P571"	1875-01-01T00:00:00Z	9
<http://www.wikidata.org/entity/Q47170990>	"P571"	1875-01-01T00:00:00Z	9
<http://www.wikidata.org/entity/Q26600460>	"P571"	1875-01-01T00:00:00Z	9
<http://www.wikidata.org/entity/Q26603159>	"P571"	1875-01-01T00:00:00Z	9
<http://www.wikidata.org/entity/Q26651555>	"P571"	1875-01-01T00:00:00Z	9
<http://www.wikidata.org/entity/Q138853627>	"P571"	1875-01-01T00:00:00Z	9
<http://www.wikidata.org/entity/Q138853925>	"P571"	1875-01-01T00:00:00Z	9
<http://www.wikidata.org/entity/Q2341779>	"P571"	1875-01-01T00:00:00Z	9
<http://www.wikidata.org/entity/Q96107872>	"P571"	1875-01-01T00:00:00Z	9
<http://www.wikidata.org/entity/Q96592314>	"P571"	1875-01-01T00:00:00Z	9
<http://www.wikidata.org/entity/Q54380021>	"P571"	1875-01-01T00:00:00Z	9
<http://www.wikidata.org/entity/Q49452183>	"P571"	1875-01-01T00:00:00Z	9
<http://www.wikidata.org/entity/Q5055088>	"P571"	1875-01-01T00:00:00Z	9
<http://www.wikidata.org/entity/Q49443354>	"P571"	1821-01-01T00:00:00Z	9
<http://www.wikidata.org/entity/Q49442439>	"P571"	1821-01-01T00:00:00Z	9
<http://www.wikidata.org/entity/Q49444264>	"P571"	1765-01-01T00:00:00Z	9
<http://www.wikidata.org/entity/Q49401044>	"P571"	1765-01-01T00:00:00Z	9
<http://www.wikidata.org/entity/Q107503272>	"P571"	1748-01-01T00:00:00Z	9
<http://www.wikidata.org/entity/Q49272892>	"P571"	1960-01-01T00:00:00Z	9
<http://www.wikidata.org/entity/Q17825224>	"P571"	1651-01-01T00:00:00Z	9
<http://www.wikidata.org/entity/Q121529133>	"P571"	1894-01-01T00:00:00Z	9
<http://www.wikidata.org/entity/Q117205943>	"P571"	1894-01-01T00:00:00Z	9
<http://www.wikidata.org/entity/Q111988580>	"P571"	1894-01-01T00:00:00Z	9
<http://www.wikidata.org/entity/Q125582155>	"P571"	1894-01-01T00:00:00Z	9
<http://www.wikidata.org/entity/Q125217290>	"P571"	1894-01-01T00:00:00Z	9
<http://www.wikidata.org/entity/Q124680119>	"P571"	1894-01-01T00:00:00Z	9
<http://www.wikidata.org/entity/Q123111835>	"P571"	1894-01-01T00:00:00Z	9
<http://www.wikidata.org/entity/Q123111942>	"P571"	1894-01-01T00:00:00Z	9
<http://www.wikidata.org/entity/Q123112071>	"P571"	1894-01-01T00:00:00Z	9
<http://www.wikidata.org/entity/Q13101815>	"P571"	1894-01-01T00:00:00Z	9
<http://www.wikidata.org/entity/Q123112394>	"P571"	1894-01-01T00:00:00Z	9
<http://www.wikidata.org/entity/Q12846460>	"P571"	1894-01-01T00:00:00Z	9
<http://www.wikidata.org/entity/Q113612550>	"P571"	1894-01-01T00:00:00Z	9
<http://www.wikidata.org/entity/Q113054073>	"P571"	1894-01-01T00:00:00Z	9
<http://www.wikidata.org/entity/Q12397867>	"P571"	1894-01-01T00:00:00Z	9
<http://www.wikidata.org/entity/Q108806321>	"P571"	1894-01-01T00:00:00Z	9
<http://www.wikidata.org/entity/Q11971659>	"P571"	1894-01-01T00:00:00Z	9
<http://www.wikidata.org/entity/Q1796528>	"P571"	1894-01-01T00:00:00Z	9
<http://www.wikidata.org/entity/Q27331742>	"P571"	1894-01-01T00:00:00Z	9
<http://www.wikidata.org/entity/Q32660485>	"P571"	1894-01-01T00:00:00Z	9
<http://www.wikidata.org/entity/Q1632971>	"P571"	1894-01-01T00:00:00Z	9
<http://www.wikidata.org/entity/Q26665908>	"P571"	1894-01-01T00:00:00Z	9
<http://www.wikidata.org/entity/Q136806678>	"P571"	1894-01-01T00:00:00Z	9
<http://www.wikidata.org/entity/Q1526462>	"P571"	1894-01-01T00:00:00Z	9
<http://www.wikidata.org/entity/Q1632971>	"P571"	1894-01-01T00:00:00Z	9
<http://www.wikidata.org/entity/Q23786526>	"P571"	1894-01-01T00:00:00Z	9
<http://www.wikidata.org/entity/Q17567374>	"P571"	1894-01-01T00:00:00Z	9
<http://www.wikidata.org/entity/Q15112054>	"P571"	1894-01-01T00:00:00Z	9
<http://www.wikidata.org/entity/Q1821750>	"P571"	1894-01-01T00:00:00Z	9
<http://www.wikidata.org/entity/Q199045>	"P571"	1894-01-01T00:00:00Z	9
<http://www.wikidata.org/entity/Q65205473>	"P571"	1894-01-01T00:00:00Z	9
<http://www.wikidata.org/entity/Q64563151>	"P571"	1894-01-01T00:00:00Z	9
<http://www.wikidata.org/entity/Q541166>	"P571"	1894-01-01T00:00:00Z	9
<http://www.wikidata.org/entity/Q54007131>	"P571"	1894-01-01T00:00:00Z	9
<http://www.wikidata.org/entity/Q881386>	"P571"	1894-01-01T00:00:00Z	9
<http://www.wikidata.org/entity/Q96188030>	"P571"	1894-01-01T00:00:00Z	9
<http://www.wikidata.org/entity/Q97577319>	"P571"	1894-01-01T00:00:00Z	9
<http://www.wikidata.org/entity/Q49383324>	"P571"	1912-01-01T00:00:00Z	9
<http://www.wikidata.org/entity/Q49452975>	"P571"	1912-01-01T00:00:00Z	9
<http://www.wikidata.org/entity/Q114702683>	"P571"	1830-01-01T00:00:00Z	9
<http://www.wikidata.org/entity/Q112805658>	"P571"	1830-01-01T00:00:00Z	9
<http://www.wikidata.org/entity/Q109836389>	"P571"	1830-01-01T00:00:00Z	9
<http://www.wikidata.org/entity/Q113621538>	"P571"	1830-01-01T00:00:00Z	9
<http://www.wikidata.org/entity/Q26675242>	"P571"	1830-01-01T00:00:00Z	9
<http://www.wikidata.org/entity/Q14549687>	"P571"	1830-01-01T00:00:00Z	9
<http://www.wikidata.org/entity/Q26553977>	"P571"	1830-01-01T00:00:00Z	9
<http://www.wikidata.org/entity/Q26554772>	"P571"	1830-01-01T00:00:00Z	9
<http://www.wikidata.org/entity/Q26530698>	"P571"	1830-01-01T00:00:00Z	9
<http://www.wikidata.org/entity/Q26414678>	"P571"	1830-01-01T00:00:00Z	9
<http://www.wikidata.org/entity/Q17830533>	"P571"	1830-01-01T00:00:00Z	9
<http://www.wikidata.org/entity/Q17575279>	"P571"	1830-01-01T00:00:00Z	9
<http://www.wikidata.org/entity/Q17557669>	"P571"	1830-01-01T00:00:00Z	9
<http://www.wikidata.org/entity/Q26530677>	"P571"	1830-01-01T00:00:00Z	9
<http://www.wikidata.org/entity/Q37324403>	"P571"	1830-01-01T00:00:00Z	9
<http://www.wikidata.org/entity/Q26530678>	"P571"	1830-01-01T00:00:00Z	9
<http://www.wikidata.org/entity/Q56606464>	"P571"	1830-01-01T00:00:00Z	9
<http://www.wikidata.org/entity/Q56606432>	"P571"	1830-01-01T00:00:00Z	9
<http://www.wikidata.org/entity/Q56397397>	"P571"	1830-01-01T00:00:00Z	9
<http://www.wikidata.org/entity/Q53673375>	"P571"	1830-01-01T00:00:00Z	9
<http://www.wikidata.org/entity/Q52162366>	"P571"	1830-01-01T00:00:00Z	9
<http://www.wikidata.org/entity/Q1493768>	"P571"	1903-05-01T00:00:00Z	10
<http://www.wikidata.org/entity/Q12323093>	"P571"	1874-01-01T00:00:00Z	9
<http://www.wikidata.org/entity/Q139680638>	"P571"	1615-01-01T00:00:00Z	9
<http://www.wikidata.org/entity/Q1636588>	"P571"	1937-08-06T00:00:00Z	11
<http://www.wikidata.org/entity/Q56641041>	"P571"	1626-01-01T00:00:00Z	9
<http://www.wikidata.org/entity/Q17744064>	"P571"	1697-01-01T00:00:00Z	9
<http://www.wikidata.org/entity/Q3397588>	"P571"	1873-02-10T00:00:00Z	11
<http://www.wikidata.org/entity/Q28873919>	"P571"	1911-01-01T00:00:00Z	9
<http://www.wikidata.org/entity/Q49476305>	"P571"	1911-01-01T00:00:00Z	9
<http://www.wikidata.org/entity/Q49278702>	"P571"	1911-01-01T00:00:00Z	9
<http://www.wikidata.org/entity/Q49438582>	"P571"	1911-01-01T00:00:00Z	9
<http://www.wikidata.org/entity/Q49391489>	"P571"	1911-01-01T00:00:00Z	9
<http://www.wikidata.org/entity/Q49365797>	"P571"	1911-01-01T00:00:00Z	9
<http://www.wikidata.org/entity/Q12312728>	"P571"	1856-09-21T00:00:00Z	11
<http://www.wikidata.org/entity/Q117313445>	"P571"	1910-01-01T00:00:00Z	9
<http://www.wikidata.org/entity/Q116313160>	"P571"	1910-01-01T00:00:00Z	9
<http://www.wikidata.org/entity/Q114643646>	"P571"	1910-01-01T00:00:00Z	9
<http://www.wikidata.org/entity/Q12257252>	"P571"	1910-01-01T00:00:00Z	9
<http://www.wikidata.org/entity/Q116209350>	"P571"	1910-01-01T00:00:00Z	9
<http://www.wikidata.org/entity/Q108369869>	"P571"	1910-01-01T00:00:00Z	9
<http://www.wikidata.org/entity/Q116931435>	"P571"	1910-01-01T00:00:00Z	9
<http://www.wikidata.org/entity/Q124660943>	"P571"	1910-01-01T00:00:00Z	9
<http://www.wikidata.org/entity/Q114068797>	"P571"	1910-01-01T00:00:00Z	9
<http://www.wikidata.org/entity/Q117047958>	"P571"	1910-01-01T00:00:00Z	9
<http://www.wikidata.org/entity/Q122984758>	"P571"	1910-01-01T00:00:00Z	9
<http://www.wikidata.org/entity/Q116973730>	"P571"	1910-01-01T00:00:00Z	9
<http://www.wikidata.org/entity/Q122974586>	"P571"	1910-01-01T00:00:00Z	9
<http://www.wikidata.org/entity/Q122177113>	"P571"	1910-01-01T00:00:00Z	9
<http://www.wikidata.org/entity/Q12266040>	"P571"	1910-01-01T00:00:00Z	9
<http://www.wikidata.org/entity/Q104215198>	"P571"	1910-01-01T00:00:00Z	9
<http://www.wikidata.org/entity/Q111753025>	"P571"	1910-01-01T00:00:00Z	9
<http://www.wikidata.org/entity/Q111753047>	"P571"	1910-01-01T00:00:00Z	9
<http://www.wikidata.org/entity/Q109563630>	"P571"	1910-01-01T00:00:00Z	9
<http://www.wikidata.org/entity/Q104833557>	"P571"	1910-01-01T00:00:00Z	9
<http://www.wikidata.org/entity/Q104733708>	"P571"	1910-01-01T00:00:00Z	9
<http://www.wikidata.org/entity/Q1270912>	"P571"	1910-01-01T00:00:00Z	9
<http://www.wikidata.org/entity/Q1992167>	"P571"	1910-01-01T00:00:00Z	9
<http://www.wikidata.org/entity/Q20754318>	"P571"	1910-01-01T00:00:00Z	9
<http://www.wikidata.org/entity/Q23787852>	"P571"	1910-01-01T00:00:00Z	9
<http://www.wikidata.org/entity/Q1441206>	"P571"	1910-01-01T00:00:00Z	9
<http://www.wikidata.org/entity/Q136033466>	"P571"	1910-01-01T00:00:00Z	9
<http://www.wikidata.org/entity/Q2255328>	"P571"	1910-01-01T00:00:00Z	9
<http://www.wikidata.org/entity/Q1870418>	"P571"	1910-01-01T00:00:00Z	9
<http://www.wikidata.org/entity/Q20754334>	"P571"	1910-01-01T00:00:00Z	9
<http://www.wikidata.org/entity/Q20498584>	"P571"	1910-01-01T00:00:00Z	9
<http://www.wikidata.org/entity/Q137806214>	"P571"	1910-01-01T00:00:00Z	9
<http://www.wikidata.org/entity/Q1876774>	"P571"	1910-01-01T00:00:00Z	9
<http://www.wikidata.org/entity/Q20435949>	"P571"	1910-01-01T00:00:00Z	9
<http://www.wikidata.org/entity/Q1796750>	"P571"	1910-01-01T00:00:00Z	9
<http://www.wikidata.org/entity/Q38093239>	"P571"	1910-01-01T00:00:00Z	9
<http://www.wikidata.org/entity/Q136033319>	"P571"	1910-01-01T00:00:00Z	9
<http://www.wikidata.org/entity/Q26833820>	"P571"	1910-01-01T00:00:00Z	9
<http://www.wikidata.org/entity/Q137552661>	"P571"	1910-01-01T00:00:00Z	9
<http://www.wikidata.org/entity/Q96107791>	"P571"	1910-01-01T00:00:00Z	9
<http://www.wikidata.org/entity/Q91332045>	"P571"	1910-01-01T00:00:00Z	9
<http://www.wikidata.org/entity/Q83491393>	"P571"	1910-01-01T00:00:00Z	9
<http://www.wikidata.org/entity/Q830218>	"P571"	1910-01-01T00:00:00Z	9
<http://www.wikidata.org/entity/Q82019854>	"P571"	1910-01-01T00:00:00Z	9
<http://www.wikidata.org/entity/Q60560527>	"P571"	1910-01-01T00:00:00Z	9
<http://www.wikidata.org/entity/Q745733>	"P571"	1910-01-01T00:00:00Z	9
<http://www.wikidata.org/entity/Q51357073>	"P571"	1910-01-01T00:00:00Z	9
<http://www.wikidata.org/entity/Q54870042>	"P571"	1910-01-01T00:00:00Z	9
<http://www.wikidata.org/entity/Q54870041>	"P571"	1910-01-01T00:00:00Z	9
<http://www.wikidata.org/entity/Q136028306>	"P571"	1973-01-01T00:00:00Z	9
<http://www.wikidata.org/entity/Q126704731>	"P571"	1739-01-01T00:00:00Z	7
<http://www.wikidata.org/entity/Q126700453>	"P571"	1739-01-01T00:00:00Z	7
<http://www.wikidata.org/entity/Q126700403>	"P571"	1739-01-01T00:00:00Z	7
<http://www.wikidata.org/entity/Q126713494>	"P571"	1739-01-01T00:00:00Z	7
<http://www.wikidata.org/entity/Q17861930>	"P571"	1739-01-01T00:00:00Z	7
<http://www.wikidata.org/entity/Q123991619>	"P571"	1613-01-01T00:00:00Z	9
<http://www.wikidata.org/entity/Q50385899>	"P571"	1613-01-01T00:00:00Z	9
<http://www.wikidata.org/entity/Q124672619>	"P571"	1904-08-23T00:00:00Z	11
<http://www.wikidata.org/entity/Q450445>	"P1249"	1230-01-01T00:00:00Z	9
<http://www.wikidata.org/entity/Q99534679>	"P1249"	1264-01-01T00:00:00Z	9
<http://www.wikidata.org/entity/Q49444239>	"P571"	1865-01-01T00:00:00Z	9
<http://www.wikidata.org/entity/Q49457293>	"P571"	1865-01-01T00:00:00Z	9
<http://www.wikidata.org/entity/Q49457289>	"P571"	1865-01-01T00:00:00Z	9
<http://www.wikidata.org/entity/Q49457278>	"P571"	1865-01-01T00:00:00Z	9
<http://www.wikidata.org/entity/Q49457248>	"P571"	1865-01-01T00:00:00Z	9
<http://www.wikidata.org/entity/Q49457240>	"P571"	1865-01-01T00:00:00Z	9
<http://www.wikidata.org/entity/Q49457203>	"P571"	1865-01-01T00:00:00Z	9
<http://www.wikidata.org/entity/Q49560488>	"P571"	1865-01-01T00:00:00Z	9
<http://www.wikidata.org/entity/Q49454998>	"P571"	1865-01-01T00:00:00Z	9
<http://www.wikidata.org/entity/Q131465213>	"P571"	1700-01-01T00:00:00Z	7
<http://www.wikidata.org/entity/Q33531306>	"P571"	1700-01-01T00:00:00Z	7
<http://www.wikidata.org/entity/Q33531318>	"P571"	1700-01-01T00:00:00Z	7
<http://www.wikidata.org/entity/Q4304534>	"P571"	1870-02-17T00:00:00Z	11
<http://www.wikidata.org/entity/Q3845616>	"P571"	1718-01-01T00:00:00Z	9
<http://www.wikidata.org/entity/Q87587759>	"P571"	1718-01-01T00:00:00Z	9
<http://www.wikidata.org/entity/Q49439441>	"P571"	1895-01-01T00:00:00Z	9
<http://www.wikidata.org/entity/Q49439967>	"P571"	1895-01-01T00:00:00Z	9
<http://www.wikidata.org/entity/Q49456002>	"P571"	1895-01-01T00:00:00Z	9
<http://www.wikidata.org/entity/Q49455380>	"P571"	1895-01-01T00:00:00Z	9
<http://www.wikidata.org/entity/Q49449928>	"P571"	1895-01-01T00:00:00Z	9
<http://www.wikidata.org/entity/Q49455376>	"P571"	1895-01-01T00:00:00Z	9
<http://www.wikidata.org/entity/Q49541561>	"P571"	1895-01-01T00:00:00Z	9
<http://www.wikidata.org/entity/Q49455372>	"P571"	1895-01-01T00:00:00Z	9
<http://www.wikidata.org/entity/Q49530403>	"P571"	1895-01-01T00:00:00Z	9
<http://www.wikidata.org/entity/Q49257581>	"P571"	1895-01-01T00:00:00Z	9
<http://www.wikidata.org/entity/Q49458016>	"P571"	1794-01-01T00:00:00Z	9
<http://www.wikidata.org/entity/Q49438799>	"P571"	1794-01-01T00:00:00Z	9
<http://www.wikidata.org/entity/Q49406258>	"P571"	1794-01-01T00:00:00Z	9
<http://www.wikidata.org/entity/Q10699801>	"P571"	1882-01-01T00:00:00Z	9
<http://www.wikidata.org/entity/Q2055975>	"P571"	1847-01-01T00:00:00Z	9
<http://www.wikidata.org/entity/Q136085035>	"P571"	1975-01-01T00:00:00Z	9
<http://www.wikidata.org/entity/Q133256562>	"P571"	1856-01-01T00:00:00Z	9
<http://www.wikidata.org/entity/Q122386473>	"P571"	1856-01-01T00:00:00Z	9
<http://www.wikidata.org/entity/Q114355399>	"P571"	1856-01-01T00:00:00Z	9
<http://www.wikidata.org/entity/Q108764341>	"P571"	1856-01-01T00:00:00Z	9
<http://www.wikidata.org/entity/Q113516560>	"P571"	1856-01-01T00:00:00Z	9
<http://www.wikidata.org/entity/Q116206799>	"P571"	1856-01-01T00:00:00Z	9
<http://www.wikidata.org/entity/Q116972084>	"P571"	1856-01-01T00:00:00Z	9
<http://www.wikidata.org/entity/Q116972094>	"P571"	1856-01-01T00:00:00Z	9
<http://www.wikidata.org/entity/Q38093580>	"P571"	1856-01-01T00:00:00Z	9
<http://www.wikidata.org/entity/Q135706389>	"P571"	1856-01-01T00:00:00Z	9
<http://www.wikidata.org/entity/Q134699041>	"P571"	1856-01-01T00:00:00Z	9
<http://www.wikidata.org/entity/Q138358677>	"P571"	1856-01-01T00:00:00Z	9
<http://www.wikidata.org/entity/Q38117868>	"P571"	1856-01-01T00:00:00Z	9
<http://www.wikidata.org/entity/Q3556565>	"P571"	1856-01-01T00:00:00Z	9
<http://www.wikidata.org/entity/Q20888211>	"P571"	1856-01-01T00:00:00Z	9
<http://www.wikidata.org/entity/Q17457275>	"P571"	1856-01-01T00:00:00Z	9
<http://www.wikidata.org/entity/Q17331124>	"P571"	1856-01-01T00:00:00Z	9
<http://www.wikidata.org/entity/Q26413940>	"P571"	1856-01-01T00:00:00Z	9
<http://www.wikidata.org/entity/Q17828672>	"P571"	1856-01-01T00:00:00Z	9
<http://www.wikidata.org/entity/Q1621256>	"P571"	1856-01-01T00:00:00Z	9
<http://www.wikidata.org/entity/Q26816829>	"P571"	1856-01-01T00:00:00Z	9
<http://www.wikidata.org/entity/Q96030831>	"P571"	1856-01-01T00:00:00Z	9
<http://www.wikidata.org/entity/Q4944544>	"P571"	1856-01-01T00:00:00Z	9
<http://www.wikidata.org/entity/Q7597034>	"P571"	1856-01-01T00:00:00Z	9
<http://www.wikidata.org/entity/Q776344>	"P571"	1829-12-01T00:00:00Z	10
<http://www.wikidata.org/entity/Q49408367>	"P571"	1702-01-01T00:00:00Z	9
<http://www.wikidata.org/entity/Q2345743>	"P571"	1807-01-01T00:00:00Z	9
<http://www.wikidata.org/entity/Q7650219>	"P571"	1807-01-01T00:00:00Z	9
<http://www.wikidata.org/entity/Q58403081>	"P571"	1807-01-01T00:00:00Z	9
<http://www.wikidata.org/entity/Q116619959>	"P571"	1852-01-01T00:00:00Z	9
<http://www.wikidata.org/entity/Q105062245>	"P571"	1852-01-01T00:00:00Z	9
<http://www.wikidata.org/entity/Q37806429>	"P571"	1852-01-01T00:00:00Z	9
<http://www.wikidata.org/entity/Q2451777>	"P571"	1852-01-01T00:00:00Z	9
<http://www.wikidata.org/entity/Q26651852>	"P571"	1852-01-01T00:00:00Z	9
<http://www.wikidata.org/entity/Q139710239>	"P571"	1852-01-01T00:00:00Z	9
<http://www.wikidata.org/entity/Q18920672>	"P571"	1852-01-01T00:00:00Z	9
<http://www.wikidata.org/entity/Q26303841>	"P571"	1852-01-01T00:00:00Z	9
<http://www.wikidata.org/entity/Q136206547>	"P571"	1852-01-01T00:00:00Z	9
<http://www.wikidata.org/entity/Q1862973>	"P571"	1852-01-01T00:00:00Z	9
<http://www.wikidata.org/entity/Q29497065>	"P571"	1852-01-01T00:00:00Z	9
<http://www.wikidata.org/entity/Q28041242>	"P571"	1852-01-01T00:00:00Z	9
<http://www.wikidata.org/entity/Q26449029>	"P571"	1852-01-01T00:00:00Z	9
<http://www.wikidata.org/entity/Q97516312>	"P571"	1852-01-01T00:00:00Z	9
<http://www.wikidata.org/entity/Q59918612>	"P571"	1852-01-01T00:00:00Z	9
<http://www.wikidata.org/entity/Q113174016>	"P571"	2000-01-01T00:00:00Z	7
<http://www.wikidata.org/entity/Q113174235>	"P571"	2000-01-01T00:00:00Z	7
<http://www.wikidata.org/entity/Q113131478>	"P571"	2000-01-01T00:00:00Z	7
<http://www.wikidata.org/entity/Q110641543>	"P571"	2000-01-01T00:00:00Z	7
<http://www.wikidata.org/entity/Q113174575>	"P571"	2000-01-01T00:00:00Z	7
<http://www.wikidata.org/entity/Q290355>	"P571"	1905-01-01T00:00:00Z	9
<http://www.wikidata.org/entity/Q33300203>	"P571"	1905-01-01T00:00:00Z	9
<http://www.wikidata.org/entity/Q33253098>	"P571"	1905-01-01T00:00:00Z	9
<http://www.wikidata.org/entity/Q30533325>	"P571"	1905-01-01T00:00:00Z	9
<http://www.wikidata.org/entity/Q955838>	"P571"	1905-01-01T00:00:00Z	9
<http://www.wikidata.org/entity/Q1138720>	"P571"	1813-01-01T00:00:00Z	9
<http://www.wikidata.org/entity/Q107524707>	"P571"	1813-01-01T00:00:00Z	9
<http://www.wikidata.org/entity/Q111842003>	"P571"	1813-01-01T00:00:00Z	9
<http://www.wikidata.org/entity/Q26438240>	"P571"	1813-01-01T00:00:00Z	9
<http://www.wikidata.org/entity/Q17571297>	"P571"	1813-01-01T00:00:00Z	9
<http://www.wikidata.org/entity/Q17827294>	"P571"	1813-01-01T00:00:00Z	9
<http://www.wikidata.org/entity/Q26567446>	"P571"	1813-01-01T00:00:00Z	9
<http://www.wikidata.org/entity/Q57235992>	"P571"	1813-01-01T00:00:00Z	9
<http://www.wikidata.org/entity/Q49457134>	"P571"	1770-01-01T00:00:00Z	9
<http://www.wikidata.org/entity/Q130272278>	"P571"	1877-04-01T00:00:00Z	10
<http://www.wikidata.org/entity/Q49445956>	"P571"	1863-01-01T00:00:00Z	9
<http://www.wikidata.org/entity/Q49439449>	"P571"	1863-01-01T00:00:00Z	9
<http://www.wikidata.org/entity/Q49449393>	"P571"	1746-01-01T00:00:00Z	9
<http://www.wikidata.org/entity/Q1513866>	"P571"	1864-01-01T00:00:00Z	9
<http://www.wikidata.org/entity/Q30556852>	"P571"	1904-01-01T00:00:00Z	9
<http://www.wikidata.org/entity/Q30556910>	"P571"	1904-01-01T00:00:00Z	9
<http://www.wikidata.org/entity/Q30557044>	"P571"	1904-01-01T00:00:00Z	9
<http://www.wikidata.org/entity/Q30556592>	"P571"	1904-01-01T00:00:00Z	9
<http://www.wikidata.org/entity/Q10569136>	"P571"	1910-08-02T00:00:00Z	11
<http://www.wikidata.org/entity/Q49278265>	"P571"	1884-01-01T00:00:00Z	9
<http://www.wikidata.org/entity/Q49454722>	"P571"	1884-01-01T00:00:00Z	9
<http://www.wikidata.org/entity/Q49442623>	"P571"	1884-01-01T00:00:00Z	9
<http://www.wikidata.org/entity/Q49439261>	"P571"	1884-01-01T00:00:00Z	9
<http://www.wikidata.org/entity/Q49455329>	"P571"	1884-01-01T00:00:00Z	9
<http://www.wikidata.org/entity/Q49385310>	"P571"	1884-01-01T00:00:00Z	9
<http://www.wikidata.org/entity/Q17571597>	"P571"	1699-01-01T00:00:00Z	9
<http://www.wikidata.org/entity/Q10494172>	"P571"	1914-01-01T00:00:00Z	9
<http://www.wikidata.org/entity/Q32052378>	"P571"	1914-01-01T00:00:00Z	9
<http://www.wikidata.org/entity/Q26256987>	"P571"	1914-01-01T00:00:00Z	9
<http://www.wikidata.org/entity/Q39614107>	"P571"	1914-01-01T00:00:00Z	9
<http://www.wikidata.org/entity/Q17570905>	"P571"	1814-01-01T00:00:00Z	9
<http://www.wikidata.org/entity/Q17572007>	"P571"	1814-01-01T00:00:00Z	9
<http://www.wikidata.org/entity/Q17830675>	"P571"	1814-01-01T00:00:00Z	9
<http://www.wikidata.org/entity/Q56397374>	"P571"	1814-01-01T00:00:00Z	9
<http://www.wikidata.org/entity/Q540781>	"P571"	1814-01-01T00:00:00Z	9
<http://www.wikidata.org/entity/Q138164605>	"P571"	1706-01-01T00:00:00Z	9
<http://www.wikidata.org/entity/Q49515316>	"P571"	1820-01-01T00:00:00Z	9
<http://www.wikidata.org/entity/Q49428697>	"P571"	1820-01-01T00:00:00Z	9
<http://www.wikidata.org/entity/Q49566616>	"P571"	1820-01-01T00:00:00Z	9
<http://www.wikidata.org/entity/Q49446005>	"P571"	1820-01-01T00:00:00Z	9
<http://www.wikidata.org/entity/Q49230713>	"P571"	1901-01-01T00:00:00Z	9
<http://www.wikidata.org/entity/Q15054534>	"P571"	1901-01-01T00:00:00Z	9
<http://www.wikidata.org/entity/Q49277752>	"P571"	1901-01-01T00:00:00Z	9
<http://www.wikidata.org/entity/Q49399459>	"P571"	1901-01-01T00:00:00Z	9
<http://www.wikidata.org/entity/Q49444071>	"P571"	1901-01-01T00:00:00Z	9
<http://www.wikidata.org/entity/Q49444998>	"P571"	1901-01-01T00:00:00Z	9
<http://www.wikidata.org/entity/Q49448146>	"P571"	1901-01-01T00:00:00Z	9
<http://www.wikidata.org/entity/Q49425027>	"P571"	1901-01-01T00:00:00Z	9
<http://www.wikidata.org/entity/Q49444576>	"P571"	1901-01-01T00:00:00Z	9
<http://www.wikidata.org/entity/Q11942317>	"P571"	1607-01-01T00:00:00Z	9
<http://www.wikidata.org/entity/Q122911758>	"P571"	1883-01-01T00:00:00Z	9
<http://www.wikidata.org/entity/Q124464520>	"P571"	1883-01-01T00:00:00Z	9
<http://www.wikidata.org/entity/Q113495995>	"P571"	1883-01-01T00:00:00Z	9
<http://www.wikidata.org/entity/Q111324176>	"P571"	1883-01-01T00:00:00Z	9
<http://www.wikidata.org/entity/Q116494293>	"P571"	1883-01-01T00:00:00Z	9
<http://www.wikidata.org/entity/Q12061012>	"P571"	1883-01-01T00:00:00Z	9
<http://www.wikidata.org/entity/Q114834619>	"P571"	1883-01-01T00:00:00Z	9
<http://www.wikidata.org/entity/Q113495251>	"P571"	1883-01-01T00:00:00Z	9
<http://www.wikidata.org/entity/Q122911852>	"P571"	1883-01-01T00:00:00Z	9
<http://www.wikidata.org/entity/Q1636588>	"P571"	1883-01-01T00:00:00Z	9
<http://www.wikidata.org/entity/Q18346736>	"P571"	1883-01-01T00:00:00Z	9
<http://www.wikidata.org/entity/Q278314>	"P571"	1883-01-01T00:00:00Z	9
<http://www.wikidata.org/entity/Q20901344>	"P571"	1883-01-01T00:00:00Z	9
<http://www.wikidata.org/entity/Q136805246>	"P571"	1883-01-01T00:00:00Z	9
<http://www.wikidata.org/entity/Q16895163>	"P571"	1883-01-01T00:00:00Z	9
<http://www.wikidata.org/entity/Q82025078>	"P571"	1883-01-01T00:00:00Z	9
<http://www.wikidata.org/entity/Q56547269>	"P571"	1883-01-01T00:00:00Z	9
<http://www.wikidata.org/entity/Q883126>	"P571"	1883-01-01T00:00:00Z	9
<http://www.wikidata.org/entity/Q49443292>	"P571"	1740-01-01T00:00:00Z	9
<http://www.wikidata.org/entity/Q49451014>	"P571"	1740-01-01T00:00:00Z	9
<http://www.wikidata.org/entity/Q49425420>	"P571"	1650-01-01T00:00:00Z	9
<http://www.wikidata.org/entity/Q107992952>	"P571"	1869-01-01T00:00:00Z	9
<http://www.wikidata.org/entity/Q102156650>	"P571"	1869-01-01T00:00:00Z	9
<http://www.wikidata.org/entity/Q1253811>	"P571"	1869-01-01T00:00:00Z	9
<http://www.wikidata.org/entity/Q110482572>	"P571"	1869-01-01T00:00:00Z	9
<http://www.wikidata.org/entity/Q124155395>	"P571"	1869-01-01T00:00:00Z	9
<http://www.wikidata.org/entity/Q108524122>	"P571"	1869-01-01T00:00:00Z	9
<http://www.wikidata.org/entity/Q117211648>	"P571"	1869-01-01T00:00:00Z	9
<http://www.wikidata.org/entity/Q37005308>	"P571"	1869-01-01T00:00:00Z	9
<http://www.wikidata.org/entity/Q3556698>	"P571"	1869-01-01T00:00:00Z	9
<http://www.wikidata.org/entity/Q20827384>	"P571"	1869-01-01T00:00:00Z	9
<http://www.wikidata.org/entity/Q17331025>	"P571"	1869-01-01T00:00:00Z	9
<http://www.wikidata.org/entity/Q29580122>	"P571"	1869-01-01T00:00:00Z	9
<http://www.wikidata.org/entity/Q18192777>	"P571"	1869-01-01T00:00:00Z	9
<http://www.wikidata.org/entity/Q47188001>	"P571"	1869-01-01T00:00:00Z	9
<http://www.wikidata.org/entity/Q3563239>	"P571"	1869-01-01T00:00:00Z	9
<http://www.wikidata.org/entity/Q70244244>	"P571"	1869-01-01T00:00:00Z	9
<http://www.wikidata.org/entity/Q880843>	"P571"	1869-01-01T00:00:00Z	9
<http://www.wikidata.org/entity/Q49438642>	"P571"	1957-01-01T00:00:00Z	9
<http://www.wikidata.org/entity/Q137554443>	"P571"	1752-01-01T00:00:00Z	9
<http://www.wikidata.org/entity/Q123113599>	"P571"	1850-10-01T00:00:00Z	10
<http://www.wikidata.org/entity/Q696762>	"P571"	1911-05-01T00:00:00Z	10
<http://www.wikidata.org/entity/Q123516117>	"P571"	1844-01-01T00:00:00Z	9
<http://www.wikidata.org/entity/Q3396739>	"P571"	1844-01-01T00:00:00Z	9
<http://www.wikidata.org/entity/Q30242986>	"P571"	1844-01-01T00:00:00Z	9
<http://www.wikidata.org/entity/Q26671706>	"P571"	1844-01-01T00:00:00Z	9
<http://www.wikidata.org/entity/Q1668620>	"P571"	1844-01-01T00:00:00Z	9
<http://www.wikidata.org/entity/Q6581327>	"P571"	1844-01-01T00:00:00Z	9
<http://www.wikidata.org/entity/Q682024>	"P571"	1844-01-01T00:00:00Z	9
<http://www.wikidata.org/entity/Q21995106>	"P571"	1837-09-01T00:00:00Z	10
<http://www.wikidata.org/entity/Q130058369>	"P571"	1900-01-01T00:00:00Z	9
<http://www.wikidata.org/entity/Q110979982>	"P571"	1900-01-01T00:00:00Z	9
<http://www.wikidata.org/entity/Q117313390>	"P571"	1900-01-01T00:00:00Z	9
<http://www.wikidata.org/entity/Q132888870>	"P571"	1900-01-01T00:00:00Z	9
<http://www.wikidata.org/entity/Q111038012>	"P571"	1900-01-01T00:00:00Z	9
<http://www.wikidata.org/entity/Q106632906>	"P571"	1900-01-01T00:00:00Z	9
<http://www.wikidata.org/entity/Q107365484>	"P571"	1900-01-01T00:00:00Z	9
<http://www.wikidata.org/entity/Q111134213>	"P571"	1900-01-01T00:00:00Z	9
<http://www.wikidata.org/entity/Q111169855>	"P571"	1900-01-01T00:00:00Z	9
<http://www.wikidata.org/entity/Q112097513>	"P571"	1900-01-01T00:00:00Z	9
<http://www.wikidata.org/entity/Q1271320>	"P571"	1900-01-01T00:00:00Z	9
<http://www.wikidata.org/entity/Q111970117>	"P571"	1900-01-01T00:00:00Z	9
<http://www.wikidata.org/entity/Q115588728>	"P571"	1900-01-01T00:00:00Z	9
<http://www.wikidata.org/entity/Q1267891>	"P571"	1900-01-01T00:00:00Z	9
<http://www.wikidata.org/entity/Q2358055>	"P571"	1900-01-01T00:00:00Z	9
<http://www.wikidata.org/entity/Q1746493>	"P571"	1900-01-01T00:00:00Z	9
<http://www.wikidata.org/entity/Q2258859>	"P571"	1900-01-01T00:00:00Z	9
<http://www.wikidata.org/entity/Q135325903>	"P571"	1900-01-01T00:00:00Z	9
<http://www.wikidata.org/entity/Q226913>	"P571"	1900-01-01T00:00:00Z	9
<http://www.wikidata.org/entity/Q2284344>	"P571"	1900-01-01T00:00:00Z	9
<http://www.wikidata.org/entity/Q29966245>	"P571"	1900-01-01T00:00:00Z	9
<http://www.wikidata.org/entity/Q26499817>	"P571"	1900-01-01T00:00:00Z	9
<http://www.wikidata.org/entity/Q2125583>	"P571"	1900-01-01T00:00:00Z	9
<http://www.wikidata.org/entity/Q218566>	"P571"	1900-01-01T00:00:00Z	9
<http://www.wikidata.org/entity/Q37432557>	"P571"	1900-01-01T00:00:00Z	9
<http://www.wikidata.org/entity/Q17792264>	"P571"	1900-01-01T00:00:00Z	9
<http://www.wikidata.org/entity/Q38190589>	"P571"	1900-01-01T00:00:00Z	9
<http://www.wikidata.org/entity/Q140998211>	"P571"	1900-01-01T00:00:00Z	9
<http://www.wikidata.org/entity/Q137553992>	"P571"	1900-01-01T00:00:00Z	9
<http://www.wikidata.org/entity/Q218570>	"P571"	1900-01-01T00:00:00Z	9
<http://www.wikidata.org/entity/Q49449739>	"P571"	1900-01-01T00:00:00Z	9
<http://www.wikidata.org/entity/Q94698233>	"P571"	1900-01-01T00:00:00Z	9
<http://www.wikidata.org/entity/Q60167095>	"P571"	1900-01-01T00:00:00Z	9
<http://www.wikidata.org/entity/Q62030339>	"P571"	1900-01-01T00:00:00Z	9
<http://www.wikidata.org/entity/Q9206783>	"P1249"	1900-01-01T00:00:00Z	9
<http://www.wikidata.org/entity/Q56556100>	"P571"	1900-01-01T00:00:00Z	9
<http://www.wikidata.org/entity/Q49365751>	"P571"	1900-01-01T00:00:00Z	9
<http://www.wikidata.org/entity/Q87835504>	"P571"	1900-01-01T00:00:00Z	9
<http://www.wikidata.org/entity/Q33011413>	"P571"	1900-01-01T00:00:00Z	7
<http://www.wikidata.org/entity/Q31805395>	"P571"	1900-01-01T00:00:00Z	7
<http://www.wikidata.org/entity/Q31796220>	"P571"	1900-01-01T00:00:00Z	7
<http://www.wikidata.org/entity/Q30571151>	"P571"	1900-01-01T00:00:00Z	7
<http://www.wikidata.org/entity/Q30079022>	"P571"	1900-01-01T00:00:00Z	7
<http://www.wikidata.org/entity/Q30038626>	"P571"	1900-01-01T00:00:00Z	7
<http://www.wikidata.org/entity/Q30038624>	"P571"	1900-01-01T00:00:00Z	7
<http://www.wikidata.org/entity/Q30038625>	"P571"	1900-01-01T00:00:00Z	7
<http://www.wikidata.org/entity/Q33397537>	"P571"	1900-01-01T00:00:00Z	7
<http://www.wikidata.org/entity/Q30079275>	"P571"	1900-01-01T00:00:00Z	7
<http://www.wikidata.org/entity/Q30571151>	"P571"	1900-01-01T00:00:00Z	7
<http://www.wikidata.org/entity/Q33397564>	"P571"	1900-01-01T00:00:00Z	7
<http://www.wikidata.org/entity/Q33397551>	"P571"	1900-01-01T00:00:00Z	7
<http://www.wikidata.org/entity/Q30532545>	"P571"	1900-01-01T00:00:00Z	7
<http://www.wikidata.org/entity/Q30530580>	"P571"	1900-01-01T00:00:00Z	7
<http://www.wikidata.org/entity/Q30532543>	"P571"	1900-01-01T00:00:00Z	7
<http://www.wikidata.org/entity/Q122573577>	"P571"	1914-01-01T00:00:00Z	9
<http://www.wikidata.org/entity/Q1049065>	"P571"	1914-01-01T00:00:00Z	9
<http://www.wikidata.org/entity/Q122228301>	"P571"	1914-01-01T00:00:00Z	9
<http://www.wikidata.org/entity/Q121484075>	"P571"	1914-01-01T00:00:00Z	9
<http://www.wikidata.org/entity/Q113496084>	"P571"	1914-01-01T00:00:00Z	9
<http://www.wikidata.org/entity/Q10857969>	"P571"	1914-01-01T00:00:00Z	9
<http://www.wikidata.org/entity/Q12038728>	"P571"	1914-01-01T00:00:00Z	9
<http://www.wikidata.org/entity/Q113620699>	"P571"	1914-01-01T00:00:00Z	9
<http://www.wikidata.org/entity/Q110390338>	"P571"	1914-01-01T00:00:00Z	9
<http://www.wikidata.org/entity/Q42628048>	"P571"	1914-01-01T00:00:00Z	9
<http://www.wikidata.org/entity/Q139770429>	"P571"	1914-01-01T00:00:00Z	9
<http://www.wikidata.org/entity/Q17780987>	"P571"	1914-01-01T00:00:00Z	9
<http://www.wikidata.org/entity/Q1373758>	"P571"	1914-01-01T00:00:00Z	9
<http://www.wikidata.org/entity/Q137534177>	"P571"	1914-01-01T00:00:00Z	9
<http://www.wikidata.org/entity/Q134582970>	"P571"	1914-01-01T00:00:00Z	9
<http://www.wikidata.org/entity/Q32660458>	"P571"	1914-01-01T00:00:00Z	9
<http://www.wikidata.org/entity/Q3407626>	"P571"	1914-01-01T00:00:00Z	9
<http://www.wikidata.org/entity/Q3397392>	"P571"	1914-01-01T00:00:00Z	9
<http://www.wikidata.org/entity/Q137882743>	"P571"	1914-01-01T00:00:00Z	9
<http://www.wikidata.org/entity/Q28573101>	"P571"	1914-01-01T00:00:00Z	9
<http://www.wikidata.org/entity/Q17806750>	"P571"	1914-01-01T00:00:00Z	9
<http://www.wikidata.org/entity/Q17291484>	"P571"	1914-01-01T00:00:00Z	9
<http://www.wikidata.org/entity/Q17780987>	"P571"	1914-01-01T00:00:00Z	9
<http://www.wikidata.org/entity/Q137554230>	"P571"	1914-01-01T00:00:00Z	9
<http://www.wikidata.org/entity/Q77779001>	"P571"	1914-01-01T00:00:00Z	9
<http://www.wikidata.org/entity/Q65299921>	"P571"	1914-01-01T00:00:00Z	9
<http://www.wikidata.org/entity/Q6091421>	"P571"	1914-01-01T00:00:00Z	9
<http://www.wikidata.org/entity/Q83543262>	"P571"	1914-01-01T00:00:00Z	9
<http://www.wikidata.org/entity/Q436661>	"P571"	1853-07-13T00:00:00Z	11
<http://www.wikidata.org/entity/Q116192934>	"P571"	1732-01-01T00:00:00Z	9
<http://www.wikidata.org/entity/Q116058001>	"P571"	1732-01-01T00:00:00Z	9
<http://www.wikidata.org/entity/Q1903264>	"P571"	1732-01-01T00:00:00Z	9
<http://www.wikidata.org/entity/Q2477480>	"P571"	1732-01-01T00:00:00Z	9
<http://www.wikidata.org/entity/Q123240222>	"P571"	1842-01-01T00:00:00Z	9
<http://www.wikidata.org/entity/Q116698265>	"P571"	1842-01-01T00:00:00Z	9
<http://www.wikidata.org/entity/Q112034339>	"P571"	1842-01-01T00:00:00Z	9
<http://www.wikidata.org/entity/Q1653712>	"P571"	1842-01-01T00:00:00Z	9
<http://www.wikidata.org/entity/Q15782505>	"P571"	1842-01-01T00:00:00Z	9
<http://www.wikidata.org/entity/Q15789982>	"P571"	1842-01-01T00:00:00Z	9
<http://www.wikidata.org/entity/Q17807640>	"P571"	1842-01-01T00:00:00Z	9
<http://www.wikidata.org/entity/Q3397643>	"P571"	1842-01-01T00:00:00Z	9
<http://www.wikidata.org/entity/Q4679099>	"P571"	1842-01-01T00:00:00Z	9
<http://www.wikidata.org/entity/Q134583703>	"P571"	1842-01-01T00:00:00Z	9
<http://www.wikidata.org/entity/Q134564275>	"P571"	1842-01-01T00:00:00Z	9
<http://www.wikidata.org/entity/Q97466199>	"P571"	1842-01-01T00:00:00Z	9
<http://www.wikidata.org/entity/Q49616894>	"P571"	1775-01-01T00:00:00Z	9
<http://www.wikidata.org/entity/Q49401047>	"P571"	1775-01-01T00:00:00Z	9
<http://www.wikidata.org/entity/Q49616890>	"P571"	1775-01-01T00:00:00Z	9
<http://www.wikidata.org/entity/Q1494059>	"P571"	1761-01-01T00:00:00Z	9
<http://www.wikidata.org/entity/Q10715219>	"P571"	1888-01-01T00:00:00Z	9
<http://www.wikidata.org/entity/Q16510415>	"P571"	1888-01-01T00:00:00Z	9
<http://www.wikidata.org/entity/Q17842879>	"P571"	1702-01-01T00:00:00Z	9
<http://www.wikidata.org/entity/Q3396752>	"P571"	1906-01-01T00:00:00Z	9
<http://www.wikidata.org/entity/Q803652>	"P571"	1870-01-01T00:00:00Z	9
<http://www.wikidata.org/entity/Q49456069>	"P571"	1870-01-01T00:00:00Z	9
<http://www.wikidata.org/entity/Q49442526>	"P571"	1870-01-01T00:00:00Z	9
<http://www.wikidata.org/entity/Q49442406>	"P571"	1870-01-01T00:00:00Z	9
<http://www.wikidata.org/entity/Q49441611>	"P571"	1870-01-01T00:00:00Z	9
<http://www.wikidata.org/entity/Q49441639>	"P571"	1870-01-01T00:00:00Z	9
<http://www.wikidata.org/entity/Q49450995>	"P571"	1870-01-01T00:00:00Z	9
<http://www.wikidata.org/entity/Q49454670>	"P571"	1870-01-01T00:00:00Z	9
<http://www.wikidata.org/entity/Q49515807>	"P571"	1870-01-01T00:00:00Z	9
<http://www.wikidata.org/entity/Q49446733>	"P571"	1870-01-01T00:00:00Z	9
<http://www.wikidata.org/entity/Q49489435>	"P571"	1870-01-01T00:00:00Z	9
<http://www.wikidata.org/entity/Q49443659>	"P571"	1870-01-01T00:00:00Z	9
<http://www.wikidata.org/entity/Q49448350>	"P571"	1870-01-01T00:00:00Z	9
<http://www.wikidata.org/entity/Q49515939>	"P571"	1870-01-01T00:00:00Z	9
<http://www.wikidata.org/entity/Q49408258>	"P571"	1870-01-01T00:00:00Z	9
<http://www.wikidata.org/entity/Q49443503>	"P571"	1870-01-01T00:00:00Z	9
<http://www.wikidata.org/entity/Q49629694>	"P571"	1870-01-01T00:00:00Z	9
<http://www.wikidata.org/entity/Q49443488>	"P571"	1870-01-01T00:00:00Z	9
<http://www.wikidata.org/entity/Q115763871>	"P571"	1900-02-14T00:00:00Z	11
<http://www.wikidata.org/entity/Q1322447>	"P571"	1881-01-01T00:00:00Z	9
<http://www.wikidata.org/entity/Q117314610>	"P571"	1881-01-01T00:00:00Z	9
<http://www.wikidata.org/entity/Q107607381>	"P571"	1881-01-01T00:00:00Z	9
<http://www.wikidata.org/entity/Q126125454>	"P571"	1881-01-01T00:00:00Z	9
<http://www.wikidata.org/entity/Q10351427>	"P571"	1881-01-01T00:00:00Z	9
<http://www.wikidata.org/entity/Q1425040>	"P571"	1881-01-01T00:00:00Z	9
<http://www.wikidata.org/entity/Q17830855>	"P571"	1881-01-01T00:00:00Z	9
<http://www.wikidata.org/entity/Q26579820>	"P571"	1881-01-01T00:00:00Z	9
<http://www.wikidata.org/entity/Q17830676>	"P571"	1881-01-01T00:00:00Z	9
<http://www.wikidata.org/entity/Q26301974>	"P571"	1881-01-01T00:00:00Z	9
<http://www.wikidata.org/entity/Q28669169>	"P571"	1881-01-01T00:00:00Z	9
<http://www.wikidata.org/entity/Q134877966>	"P571"	1881-01-01T00:00:00Z	9
<http://www.wikidata.org/entity/Q29882664>	"P571"	1881-01-01T00:00:00Z	9
<http://www.wikidata.org/entity/Q17770194>	"P571"	1881-01-01T00:00:00Z	9
<http://www.wikidata.org/entity/Q26290467>	"P571"	1881-01-01T00:00:00Z	9
<http://www.wikidata.org/entity/Q137485781>	"P571"	1881-01-01T00:00:00Z	9
<http://www.wikidata.org/entity/Q96592333>	"P571"	1881-01-01T00:00:00Z	9
<http://www.wikidata.org/entity/Q56703441>	"P571"	1881-01-01T00:00:00Z	9
<http://www.wikidata.org/entity/Q95754065>	"P571"	1881-01-01T00:00:00Z	9
<http://www.wikidata.org/entity/Q66479890>	"P571"	1881-01-01T00:00:00Z	9
<http://www.wikidata.org/entity/Q96592320>	"P571"	1881-01-01T00:00:00Z	9
<http://www.wikidata.org/entity/Q49449525>	"P571"	1859-01-01T00:00:00Z	9
<http://www.wikidata.org/entity/Q49446038>	"P571"	1859-01-01T00:00:00Z	9
<http://www.wikidata.org/entity/Q11785827>	"P571"	1850-01-01T00:00:00Z	9
<http://www.wikidata.org/entity/Q116394354>	"P571"	1850-01-01T00:00:00Z	9
<http://www.wikidata.org/entity/Q125806089>	"P571"	1850-01-01T00:00:00Z	9
<http://www.wikidata.org/entity/Q108423582>	"P571"	1850-01-01T00:00:00Z	9
<http://www.wikidata.org/entity/Q116914119>	"P571"	1850-01-01T00:00:00Z	9
<http://www.wikidata.org/entity/Q12040558>	"P571"	1850-01-01T00:00:00Z	9
<http://www.wikidata.org/entity/Q116730538>	"P571"	1850-01-01T00:00:00Z	9
<http://www.wikidata.org/entity/Q116926874>	"P571"	1850-01-01T00:00:00Z	9
<http://www.wikidata.org/entity/Q127868895>	"P571"	1850-01-01T00:00:00Z	9
<http://www.wikidata.org/entity/Q116927530>	"P571"	1850-01-01T00:00:00Z	9
<http://www.wikidata.org/entity/Q116447215>	"P571"	1850-01-01T00:00:00Z	9
<http://www.wikidata.org/entity/Q105947508>	"P571"	1850-01-01T00:00:00Z	9
<http://www.wikidata.org/entity/Q115858823>	"P571"	1850-01-01T00:00:00Z	9
<http://www.wikidata.org/entity/Q18346759>	"P571"	1850-01-01T00:00:00Z	9
<http://www.wikidata.org/entity/Q137554719>	"P571"	1850-01-01T00:00:00Z	9
<http://www.wikidata.org/entity/Q140610988>	"P571"	1850-01-01T00:00:00Z	9
<http://www.wikidata.org/entity/Q41307397>	"P571"	1850-01-01T00:00:00Z	9
<http://www.wikidata.org/entity/Q3556634>	"P571"	1850-01-01T00:00:00Z	9
<http://www.wikidata.org/entity/Q17571118>	"P571"	1850-01-01T00:00:00Z	9
<http://www.wikidata.org/entity/Q4921494>	"P571"	1850-01-01T00:00:00Z	9
<http://www.wikidata.org/entity/Q17827889>	"P571"	1850-01-01T00:00:00Z	9
<http://www.wikidata.org/entity/Q26540485>	"P571"	1850-01-01T00:00:00Z	9
<http://www.wikidata.org/entity/Q17779901>	"P571"	1850-01-01T00:00:00Z	9
<http://www.wikidata.org/entity/Q17791659>	"P571"	1850-01-01T00:00:00Z	9
<http://www.wikidata.org/entity/Q136547216>	"P571"	1850-01-01T00:00:00Z	9
<http://www.wikidata.org/entity/Q137553909>	"P571"	1850-01-01T00:00:00Z	9
<http://www.wikidata.org/entity/Q20499195>	"P571"	1850-01-01T00:00:00Z	9
<http://www.wikidata.org/entity/Q56653780>	"P571"	1850-01-01T00:00:00Z	9
<http://www.wikidata.org/entity/Q918066>	"P571"	1850-01-01T00:00:00Z	9
<http://www.wikidata.org/entity/Q55047484>	"P571"	1850-01-01T00:00:00Z	9
<http://www.wikidata.org/entity/Q90702602>	"P571"	1850-01-01T00:00:00Z	9
<http://www.wikidata.org/entity/Q56659306>	"P571"	1850-01-01T00:00:00Z	9
<http://www.wikidata.org/entity/Q649396>	"P571"	1850-01-01T00:00:00Z	9
<http://www.wikidata.org/entity/Q5276373>	"P571"	1850-01-01T00:00:00Z	9
<http://www.wikidata.org/entity/Q8033150>	"P571"	1850-01-01T00:00:00Z	9
<http://www.wikidata.org/entity/Q77776680>	"P571"	1850-01-01T00:00:00Z	9
<http://www.wikidata.org/entity/Q49457349>	"P571"	1811-01-01T00:00:00Z	9
<http://www.wikidata.org/entity/Q1570866>	"P571"	1913-09-01T00:00:00Z	10
<http://www.wikidata.org/entity/Q2859218>	"P571"	1686-01-01T00:00:00Z	9
<http://www.wikidata.org/entity/Q49443035>	"P571"	1734-01-01T00:00:00Z	9
<http://www.wikidata.org/entity/Q47037397>	"P571"	1955-01-01T00:00:00Z	9
<http://www.wikidata.org/entity/Q4191194>	"P571"	1819-12-01T00:00:00Z	10
<http://www.wikidata.org/entity/Q49402401>	"P571"	1714-01-01T00:00:00Z	9
<http://www.wikidata.org/entity/Q137791458>	"P571"	1912-04-28T00:00:00Z	11
<http://www.wikidata.org/entity/Q1559240>	"P571"	1869-01-01T00:00:00Z	9
<http://www.wikidata.org/entity/Q49446598>	"P571"	1869-01-01T00:00:00Z	9
<http://www.wikidata.org/entity/Q49364935>	"P571"	1869-01-01T00:00:00Z	9
<http://www.wikidata.org/entity/Q49403626>	"P571"	1869-01-01T00:00:00Z	9
<http://www.wikidata.org/entity/Q49448288>	"P571"	1869-01-01T00:00:00Z	9
<http://www.wikidata.org/entity/Q857777>	"P571"	1869-01-01T00:00:00Z	9
<http://www.wikidata.org/entity/Q49439153>	"P571"	1869-01-01T00:00:00Z	9
<http://www.wikidata.org/entity/Q130697738>	"P571"	1886-01-01T00:00:00Z	9
<http://www.wikidata.org/entity/Q124496255>	"P571"	1886-01-01T00:00:00Z	9
<http://www.wikidata.org/entity/Q113054991>	"P571"	1886-01-01T00:00:00Z	9
<http://www.wikidata.org/entity/Q114077677>	"P571"	1886-01-01T00:00:00Z	9
<http://www.wikidata.org/entity/Q133119946>	"P571"	1886-01-01T00:00:00Z	9
<http://www.wikidata.org/entity/Q115863931>	"P571"	1886-01-01T00:00:00Z	9
<http://www.wikidata.org/entity/Q121422837>	"P571"	1886-01-01T00:00:00Z	9
<http://www.wikidata.org/entity/Q120750087>	"P571"	1886-01-01T00:00:00Z	9
<http://www.wikidata.org/entity/Q17828462>	"P571"	1886-01-01T00:00:00Z	9
<http://www.wikidata.org/entity/Q135919395>	"P571"	1886-01-01T00:00:00Z	9
<http://www.wikidata.org/entity/Q2457773>	"P571"	1886-01-01T00:00:00Z	9
<http://www.wikidata.org/entity/Q26260841>	"P571"	1886-01-01T00:00:00Z	9
<http://www.wikidata.org/entity/Q1620795>	"P571"	1886-01-01T00:00:00Z	9
<http://www.wikidata.org/entity/Q1702491>	"P571"	1886-01-01T00:00:00Z	9
<http://www.wikidata.org/entity/Q30052241>	"P571"	1886-01-01T00:00:00Z	9
<http://www.wikidata.org/entity/Q18661663>	"P571"	1886-01-01T00:00:00Z	9
<http://www.wikidata.org/entity/Q1524010>	"P571"	1886-01-01T00:00:00Z	9
<http://www.wikidata.org/entity/Q77779280>	"P571"	1886-01-01T00:00:00Z	9
<http://www.wikidata.org/entity/Q83125>	"P571"	1886-01-01T00:00:00Z	9
<http://www.wikidata.org/entity/Q99851779>	"P571"	1886-01-01T00:00:00Z	9
<http://www.wikidata.org/entity/Q96592317>	"P571"	1886-01-01T00:00:00Z	9
<http://www.wikidata.org/entity/Q96037898>	"P571"	1886-01-01T00:00:00Z	9
<http://www.wikidata.org/entity/Q89662171>	"P571"	1886-01-01T00:00:00Z	9
<http://www.wikidata.org/entity/Q116971546>	"P571"	1839-01-01T00:00:00Z	8
<http://www.wikidata.org/entity/Q116036695>	"P571"	1861-01-01T00:00:00Z	9
<http://www.wikidata.org/entity/Q112233867>	"P571"	1861-01-01T00:00:00Z	9
<http://www.wikidata.org/entity/Q107338666>	"P571"	1861-01-01T00:00:00Z	9
<http://www.wikidata.org/entity/Q121306718>	"P571"	1861-01-01T00:00:00Z	9
<http://www.wikidata.org/entity/Q106484073>	"P571"	1861-01-01T00:00:00Z	9
<http://www.wikidata.org/entity/Q114579701>	"P571"	1861-01-01T00:00:00Z	9
<http://www.wikidata.org/entity/Q11785821>	"P571"	1861-01-01T00:00:00Z	9
<http://www.wikidata.org/entity/Q11785821>	"P571"	1861-01-01T00:00:00Z	9
<http://www.wikidata.org/entity/Q116209293>	"P571"	1861-01-01T00:00:00Z	9
<http://www.wikidata.org/entity/Q116621715>	"P571"	1861-01-01T00:00:00Z	9
<http://www.wikidata.org/entity/Q114077273>	"P571"	1861-01-01T00:00:00Z	9
<http://www.wikidata.org/entity/Q114077652>	"P571"	1861-01-01T00:00:00Z	9
<http://www.wikidata.org/entity/Q26675821>	"P571"	1861-01-01T00:00:00Z	9
<http://www.wikidata.org/entity/Q26579771>	"P571"	1861-01-01T00:00:00Z	9
<http://www.wikidata.org/entity/Q17804846>	"P571"	1861-01-01T00:00:00Z	9
<http://www.wikidata.org/entity/Q137939394>	"P571"	1861-01-01T00:00:00Z	9
<http://www.wikidata.org/entity/Q26388330>	"P571"	1861-01-01T00:00:00Z	9
<http://www.wikidata.org/entity/Q26666933>	"P571"	1861-01-01T00:00:00Z	9
<http://www.wikidata.org/entity/Q780291>	"P571"	1861-01-01T00:00:00Z	9
<http://www.wikidata.org/entity/Q61951955>	"P571"	1861-01-01T00:00:00Z	9
<http://www.wikidata.org/entity/Q49415269>	"P571"	1726-01-01T00:00:00Z	9
<http://www.wikidata.org/entity/Q131763165>	"P571"	1759-01-01T00:00:00Z	9
<http://www.wikidata.org/entity/Q136032503>	"P571"	1759-01-01T00:00:00Z	9
<http://www.wikidata.org/entity/Q17530703>	"P571"	1759-01-01T00:00:00Z	9
<http://www.wikidata.org/entity/Q134703485>	"P571"	1759-01-01T00:00:00Z	9
<http://www.wikidata.org/entity/Q136032718>	"P571"	1759-01-01T00:00:00Z	9
<http://www.wikidata.org/entity/Q65133458>	"P571"	1759-01-01T00:00:00Z	9
<http://www.wikidata.org/entity/Q111852250>	"P571"	1770-01-01T00:00:00Z	9
<http://www.wikidata.org/entity/Q106067500>	"P571"	1770-01-01T00:00:00Z	9
<http://www.wikidata.org/entity/Q17777613>	"P571"	1770-01-01T00:00:00Z	9
<http://www.wikidata.org/entity/Q17549321>	"P571"	1770-01-01T00:00:00Z	9
<http://www.wikidata.org/entity/Q5749003>	"P571"	1770-01-01T00:00:00Z	9
<http://www.wikidata.org/entity/Q66479743>	"P571"	1770-01-01T00:00:00Z	9
<http://www.wikidata.org/entity/Q96033491>	"P571"	1770-01-01T00:00:00Z	9
<http://www.wikidata.org/entity/Q49457582>	"P571"	1874-01-01T00:00:00Z	9
<http://www.wikidata.org/entity/Q49407296>	"P571"	1874-01-01T00:00:00Z	9
<http://www.wikidata.org/entity/Q49271474>	"P571"	1874-01-01T00:00:00Z	9
<http://www.wikidata.org/entity/Q49448330>	"P571"	1874-01-01T00:00:00Z	9
<http://www.wikidata.org/entity/Q49262874>	"P571"	1874-01-01T00:00:00Z	9
<http://www.wikidata.org/entity/Q49454298>	"P571"	1829-01-01T00:00:00Z	9
<http://www.wikidata.org/entity/Q49457105>	"P571"	1829-01-01T00:00:00Z	9
<http://www.wikidata.org/entity/Q49583279>	"P571"	1829-01-01T00:00:00Z	9
<http://www.wikidata.org/entity/Q3396739>	"P571"	1961-01-01T00:00:00Z	9
<http://www.wikidata.org/entity/Q1268750>	"P571"	1878-01-01T00:00:00Z	9
<http://www.wikidata.org/entity/Q111015176>	"P571"	1878-01-01T00:00:00Z	9
<http://www.wikidata.org/entity/Q132958435>	"P571"	1878-01-01T00:00:00Z	9
<http://www.wikidata.org/entity/Q1243307>	"P571"	1878-01-01T00:00:00Z	9
<http://www.wikidata.org/entity/Q115942277>	"P571"	1878-01-01T00:00:00Z	9
<http://www.wikidata.org/entity/Q130044834>	"P571"	1878-01-01T00:00:00Z	9
<http://www.wikidata.org/entity/Q114077284>	"P571"	1878-01-01T00:00:00Z	9
<http://www.wikidata.org/entity/Q110801144>	"P571"	1878-01-01T00:00:00Z	9
<http://www.wikidata.org/entity/Q123189132>	"P571"	1878-01-01T00:00:00Z	9
<http://www.wikidata.org/entity/Q122926757>	"P571"	1878-01-01T00:00:00Z	9
<http://www.wikidata.org/entity/Q122922629>	"P571"	1878-01-01T00:00:00Z	9
<http://www.wikidata.org/entity/Q130321691>	"P571"	1878-01-01T00:00:00Z	9
<http://www.wikidata.org/entity/Q16615392>	"P571"	1878-01-01T00:00:00Z	9
<http://www.wikidata.org/entity/Q29500951>	"P571"	1878-01-01T00:00:00Z	9
<http://www.wikidata.org/entity/Q1628054>	"P571"	1878-01-01T00:00:00Z	9
<http://www.wikidata.org/entity/Q2175044>	"P571"	1878-01-01T00:00:00Z	9
<http://www.wikidata.org/entity/Q28450685>	"P571"	1878-01-01T00:00:00Z	9
<http://www.wikidata.org/entity/Q137768169>	"P571"	1878-01-01T00:00:00Z	9
<http://www.wikidata.org/entity/Q96592307>	"P571"	1878-01-01T00:00:00Z	9
<http://www.wikidata.org/entity/Q96592311>	"P571"	1878-01-01T00:00:00Z	9
<http://www.wikidata.org/entity/Q799756>	"P571"	1878-01-01T00:00:00Z	9
<http://www.wikidata.org/entity/Q955299>	"P571"	1878-01-01T00:00:00Z	9
<http://www.wikidata.org/entity/Q6480690>	"P571"	1878-01-01T00:00:00Z	9
<http://www.wikidata.org/entity/Q49287951>	"P571"	1878-01-01T00:00:00Z	9
<http://www.wikidata.org/entity/Q136543267>	"P571"	1880-01-01T00:00:00Z	9
<http://www.wikidata.org/entity/Q49414820>	"P571"	1880-01-01T00:00:00Z	9
<http://www.wikidata.org/entity/Q49320996>	"P571"	1880-01-01T00:00:00Z	9
<http://www.wikidata.org/entity/Q49438826>	"P571"	1880-01-01T00:00:00Z	9
<http://www.wikidata.org/entity/Q49438823>	"P571"	1880-01-01T00:00:00Z	9
<http://www.wikidata.org/entity/Q49438820>	"P571"	1880-01-01T00:00:00Z	9
<http://www.wikidata.org/entity/Q49443968>	"P571"	1880-01-01T00:00:00Z	9
<http://www.wikidata.org/entity/Q49437129>	"P571"	1880-01-01T00:00:00Z	9
<http://www.wikidata.org/entity/Q49438817>	"P571"	1880-01-01T00:00:00Z	9
<http://www.wikidata.org/entity/Q49449563>	"P571"	1880-01-01T00:00:00Z	9
<http://www.wikidata.org/entity/Q49438814>	"P571"	1880-01-01T00:00:00Z	9
<http://www.wikidata.org/entity/Q49463964>	"P571"	1880-01-01T00:00:00Z	9
<http://www.wikidata.org/entity/Q49438812>	"P571"	1880-01-01T00:00:00Z	9
<http://www.wikidata.org/entity/Q49413909>	"P571"	1880-01-01T00:00:00Z	9
<http://www.wikidata.org/entity/Q49443927>	"P571"	1880-01-01T00:00:00Z	9
<http://www.wikidata.org/entity/Q49319029>	"P571"	1880-01-01T00:00:00Z	9
<http://www.wikidata.org/entity/Q49566993>	"P571"	1880-01-01T00:00:00Z	9
<http://www.wikidata.org/entity/Q49441112>	"P571"	1880-01-01T00:00:00Z	9
<http://www.wikidata.org/entity/Q49480788>	"P571"	1880-01-01T00:00:00Z	9
<http://www.wikidata.org/entity/Q49448837>	"P571"	1880-01-01T00:00:00Z	9
<http://www.wikidata.org/entity/Q49262136>	"P571"	1880-01-01T00:00:00Z	9
<http://www.wikidata.org/entity/Q49348968>	"P571"	1880-01-01T00:00:00Z	9
<http://www.wikidata.org/entity/Q49405944>	"P571"	1880-01-01T00:00:00Z	9
<http://www.wikidata.org/entity/Q49358509>	"P571"	1880-01-01T00:00:00Z	9
<http://www.wikidata.org/entity/Q49445753>	"P571"	1880-01-01T00:00:00Z	9
<http://www.wikidata.org/entity/Q49289712>	"P571"	1880-01-01T00:00:00Z	9
<http://www.wikidata.org/entity/Q49348864>	"P571"	1880-01-01T00:00:00Z	9
<http://www.wikidata.org/entity/Q49274994>	"P571"	1880-01-01T00:00:00Z	9
<http://www.wikidata.org/entity/Q49453992>	"P571"	1880-01-01T00:00:00Z	9
<http://www.wikidata.org/entity/Q1423605>	"P571"	1892-12-02T00:00:00Z	11
<http://www.wikidata.org/entity/Q49406540>	"P571"	1889-01-01T00:00:00Z	9
<http://www.wikidata.org/entity/Q49448250>	"P571"	1889-01-01T00:00:00Z	9
<http://www.wikidata.org/entity/Q49441665>	"P571"	1889-01-01T00:00:00Z	9
<http://www.wikidata.org/entity/Q49446203>	"P571"	1889-01-01T00:00:00Z	9
<http://www.wikidata.org/entity/Q49446430>	"P571"	1889-01-01T00:00:00Z	9
<http://www.wikidata.org/entity/Q49445286>	"P571"	1893-01-01T00:00:00Z	9
<http://www.wikidata.org/entity/Q10351418>	"P571"	1806-08-15T00:00:00Z	11
<http://www.wikidata.org/entity/Q1392136>	"P571"	1906-10-24T00:00:00Z	11
<http://www.wikidata.org/entity/Q49446084>	"P571"	1848-01-01T00:00:00Z	9
<http://www.wikidata.org/entity/Q49436961>	"P571"	1848-01-01T00:00:00Z	9
<http://www.wikidata.org/entity/Q49418437>	"P571"	1848-01-01T00:00:00Z	9
<http://www.wikidata.org/entity/Q49418434>	"P571"	1848-01-01T00:00:00Z	9
<http://www.wikidata.org/entity/Q49415904>	"P571"	1848-01-01T00:00:00Z	9
<http://www.wikidata.org/entity/Q49450103>	"P571"	1848-01-01T00:00:00Z	9
<http://www.wikidata.org/entity/Q49362952>	"P571"	1848-01-01T00:00:00Z	9
<http://www.wikidata.org/entity/Q49422359>	"P571"	1848-01-01T00:00:00Z	9
<http://www.wikidata.org/entity/Q49422366>	"P571"	1848-01-01T00:00:00Z	9
<http://www.wikidata.org/entity/Q49446623>	"P571"	1848-01-01T00:00:00Z	9
<http://www.wikidata.org/entity/Q42419416>	"P571"	1890-07-01T00:00:00Z	10
<http://www.wikidata.org/entity/Q115599703>	"P571"	1851-01-01T00:00:00Z	9
<http://www.wikidata.org/entity/Q12867285>	"P571"	1851-01-01T00:00:00Z	9
<http://www.wikidata.org/entity/Q116357286>	"P571"	1851-01-01T00:00:00Z	9
<http://www.wikidata.org/entity/Q117764202>	"P571"	1851-01-01T00:00:00Z	9
<http://www.wikidata.org/entity/Q31272481>	"P571"	1851-01-01T00:00:00Z	9
<http://www.wikidata.org/entity/Q2552594>	"P571"	1851-01-01T00:00:00Z	9
<http://www.wikidata.org/entity/Q1505147>	"P571"	1851-01-01T00:00:00Z	9
<http://www.wikidata.org/entity/Q135935483>	"P571"	1851-01-01T00:00:00Z	9
<http://www.wikidata.org/entity/Q1031728>	"P571"	1913-11-15T00:00:00Z	11
<http://www.wikidata.org/entity/Q19831040>	"P571"	1753-01-01T00:00:00Z	9
<http://www.wikidata.org/entity/Q136543267>	"P571"	1920-01-01T00:00:00Z	8
<http://www.wikidata.org/entity/Q49441112>	"P571"	1920-01-01T00:00:00Z	8
<http://www.wikidata.org/entity/Q17826921>	"P571"	1800-01-01T00:00:00Z	8
<http://www.wikidata.org/entity/Q17826635>	"P571"	1800-01-01T00:00:00Z	8
<http://www.wikidata.org/entity/Q17830667>	"P571"	1800-01-01T00:00:00Z	8
<http://www.wikidata.org/entity/Q17828869>	"P571"	1800-01-01T00:00:00Z	8
<http://www.wikidata.org/entity/Q17851561>	"P571"	1800-01-01T00:00:00Z	8
<http://www.wikidata.org/entity/Q17828715>	"P571"	1800-01-01T00:00:00Z	8
<http://www.wikidata.org/entity/Q56624729>	"P571"	1800-01-01T00:00:00Z	8
<http://www.wikidata.org/entity/Q56614769>	"P571"	1800-01-01T00:00:00Z	8
<http://www.wikidata.org/entity/Q56606436>	"P571"	1800-01-01T00:00:00Z	8
<http://www.wikidata.org/entity/Q77778329>	"P571"	1800-01-01T00:00:00Z	8
<http://www.wikidata.org/entity/Q56606208>	"P571"	1800-01-01T00:00:00Z	8
<http://www.wikidata.org/entity/Q56606353>	"P571"	1800-01-01T00:00:00Z	8
<http://www.wikidata.org/entity/Q77778425>	"P571"	1800-01-01T00:00:00Z	8
<http://www.wikidata.org/entity/Q1031728>	"P571"	1480-01-01T00:00:00Z	9
<http://www.wikidata.org/entity/Q49457267>	"P571"	1813-01-01T00:00:00Z	9
<http://www.wikidata.org/entity/Q49535007>	"P571"	1841-01-01T00:00:00Z	9
<http://www.wikidata.org/entity/Q49445078>	"P571"	1841-01-01T00:00:00Z	9
<http://www.wikidata.org/entity/Q49457710>	"P571"	1841-01-01T00:00:00Z	9
<http://www.wikidata.org/entity/Q49403719>	"P571"	1864-01-01T00:00:00Z	9
<http://www.wikidata.org/entity/Q49452138>	"P571"	1864-01-01T00:00:00Z	9
<http://www.wikidata.org/entity/Q49456990>	"P571"	1864-01-01T00:00:00Z	9
<http://www.wikidata.org/entity/Q49457035>	"P571"	1864-01-01T00:00:00Z	9
<http://www.wikidata.org/entity/Q109658957>	"P571"	1802-01-01T00:00:00Z	9
<http://www.wikidata.org/entity/Q126144827>	"P571"	1802-01-01T00:00:00Z	9
<http://www.wikidata.org/entity/Q96592342>	"P571"	1802-01-01T00:00:00Z	9
<http://www.wikidata.org/entity/Q964673>	"P571"	1802-01-01T00:00:00Z	9
<http://www.wikidata.org/entity/Q77770408>	"P571"	1802-01-01T00:00:00Z	9
<http://www.wikidata.org/entity/Q56619995>	"P571"	1802-01-01T00:00:00Z	9
<http://www.wikidata.org/entity/Q137264996>	"P571"	1664-01-01T00:00:00Z	9
<http://www.wikidata.org/entity/Q42863089>	"P571"	1664-01-01T00:00:00Z	9
<http://www.wikidata.org/entity/Q136085035>	"P571"	1933-01-01T00:00:00Z	9
<http://www.wikidata.org/entity/Q138510150>	"P571"	1962-01-01T00:00:00Z	9
<http://www.wikidata.org/entity/Q49531115>	"P571"	1787-01-01T00:00:00Z	9
<http://www.wikidata.org/entity/Q126716550>	"P571"	1879-01-01T00:00:00Z	7
<http://www.wikidata.org/entity/Q126700317>	"P571"	1879-01-01T00:00:00Z	7
<http://www.wikidata.org/entity/Q126716530>	"P571"	1879-01-01T00:00:00Z	7
<http://www.wikidata.org/entity/Q126716569>	"P571"	1879-01-01T00:00:00Z	7
<http://www.wikidata.org/entity/Q126714139>	"P571"	1879-01-01T00:00:00Z	7
<http://www.wikidata.org/entity/Q126713195>	"P571"	1879-01-01T00:00:00Z	7
<http://www.wikidata.org/entity/Q126712685>	"P571"	1879-01-01T00:00:00Z	7
<http://www.wikidata.org/entity/Q126716414>	"P571"	1879-01-01T00:00:00Z	7
<http://www.wikidata.org/entity/Q126712684>	"P571"	1879-01-01T00:00:00Z	7
<http://www.wikidata.org/entity/Q126716361>	"P571"	1879-01-01T00:00:00Z	7
<http://www.wikidata.org/entity/Q126717259>	"P571"	1879-01-01T00:00:00Z	7
<http://www.wikidata.org/entity/Q126715887>	"P571"	1879-01-01T00:00:00Z	7
<http://www.wikidata.org/entity/Q126717307>	"P571"	1879-01-01T00:00:00Z	7
<http://www.wikidata.org/entity/Q126701748>	"P571"	1879-01-01T00:00:00Z	7
<http://www.wikidata.org/entity/Q126716422>	"P571"	1879-01-01T00:00:00Z	7
<http://www.wikidata.org/entity/Q126700425>	"P571"	1879-01-01T00:00:00Z	7
<http://www.wikidata.org/entity/Q126700522>	"P571"	1879-01-01T00:00:00Z	7
<http://www.wikidata.org/entity/Q126711334>	"P571"	1879-01-01T00:00:00Z	7
<http://www.wikidata.org/entity/Q126712224>	"P571"	1879-01-01T00:00:00Z	7
<http://www.wikidata.org/entity/Q126715311>	"P571"	1879-01-01T00:00:00Z	7
<http://www.wikidata.org/entity/Q126700688>	"P571"	1879-01-01T00:00:00Z	7
<http://www.wikidata.org/entity/Q126700790>	"P571"	1879-01-01T00:00:00Z	7
<http://www.wikidata.org/entity/Q126700543>	"P571"	1879-01-01T00:00:00Z	7
<http://www.wikidata.org/entity/Q126701767>	"P571"	1879-01-01T00:00:00Z	7
<http://www.wikidata.org/entity/Q126701885>	"P571"	1879-01-01T00:00:00Z	7
<http://www.wikidata.org/entity/Q126701925>	"P571"	1879-01-01T00:00:00Z	7
<http://www.wikidata.org/entity/Q126702382>	"P571"	1879-01-01T00:00:00Z	7
<http://www.wikidata.org/entity/Q126706718>	"P571"	1879-01-01T00:00:00Z	7
<http://www.wikidata.org/entity/Q126705979>	"P571"	1879-01-01T00:00:00Z	7
<http://www.wikidata.org/entity/Q126705702>	"P571"	1879-01-01T00:00:00Z	7
<http://www.wikidata.org/entity/Q126700294>	"P571"	1879-01-01T00:00:00Z	7
<http://www.wikidata.org/entity/Q126700306>	"P571"	1879-01-01T00:00:00Z	7
<http://www.wikidata.org/entity/Q126700307>	"P571"	1879-01-01T00:00:00Z	7
<http://www.wikidata.org/entity/Q126700311>	"P571"	1879-01-01T00:00:00Z	7
<http://www.wikidata.org/entity/Q126700407>	"P571"	1879-01-01T00:00:00Z	7
<http://www.wikidata.org/entity/Q126700316>	"P571"	1879-01-01T00:00:00Z	7
<http://www.wikidata.org/entity/Q126712193>	"P571"	1879-01-01T00:00:00Z	7
<http://www.wikidata.org/entity/Q126700365>	"P571"	1879-01-01T00:00:00Z	7
<http://www.wikidata.org/entity/Q126700296>	"P571"	1879-01-01T00:00:00Z	7
<http://www.wikidata.org/entity/Q126712185>	"P571"	1879-01-01T00:00:00Z	7
<http://www.wikidata.org/entity/Q126700295>	"P571"	1879-01-01T00:00:00Z	7
<http://www.wikidata.org/entity/Q126700378>	"P571"	1879-01-01T00:00:00Z	7
<http://www.wikidata.org/entity/Q126712181>	"P571"	1879-01-01T00:00:00Z	7
<http://www.wikidata.org/entity/Q17779886>	"P571"	1879-01-01T00:00:00Z	7
<http://www.wikidata.org/entity/Q17861561>	"P571"	1879-01-01T00:00:00Z	7
<http://www.wikidata.org/entity/Q17861444>	"P571"	1879-01-01T00:00:00Z	7
<http://www.wikidata.org/entity/Q54870002>	"P571"	1879-01-01T00:00:00Z	7
<http://www.wikidata.org/entity/Q49449219>	"P571"	1601-01-01T00:00:00Z	9
<http://www.wikidata.org/entity/Q49369191>	"P571"	1601-01-01T00:00:00Z	9
<http://www.wikidata.org/entity/Q49449224>	"P571"	1601-01-01T00:00:00Z	9
<http://www.wikidata.org/entity/Q49443127>	"P571"	1685-01-01T00:00:00Z	9
<http://www.wikidata.org/entity/Q49250091>	"P571"	1905-01-01T00:00:00Z	9
<http://www.wikidata.org/entity/Q49237826>	"P571"	1905-01-01T00:00:00Z	9
<http://www.wikidata.org/entity/Q49230755>	"P571"	1905-01-01T00:00:00Z	9
<http://www.wikidata.org/entity/Q49263024>	"P571"	1905-01-01T00:00:00Z	9
<http://www.wikidata.org/entity/Q49318200>	"P571"	1905-01-01T00:00:00Z	9
<http://www.wikidata.org/entity/Q49329474>	"P571"	1905-01-01T00:00:00Z	9
<http://www.wikidata.org/entity/Q49444200>	"P571"	1905-01-01T00:00:00Z	9
<http://www.wikidata.org/entity/Q49271255>	"P571"	1905-01-01T00:00:00Z	9
<http://www.wikidata.org/entity/Q49379476>	"P571"	1905-01-01T00:00:00Z	9
<http://www.wikidata.org/entity/Q49450913>	"P571"	1905-01-01T00:00:00Z	9
<http://www.wikidata.org/entity/Q49448589>	"P571"	1905-01-01T00:00:00Z	9
<http://www.wikidata.org/entity/Q49319195>	"P571"	1905-01-01T00:00:00Z	9
<http://www.wikidata.org/entity/Q49448564>	"P571"	1905-01-01T00:00:00Z	9
<http://www.wikidata.org/entity/Q49288203>	"P571"	1905-01-01T00:00:00Z	9
<http://www.wikidata.org/entity/Q49454769>	"P571"	1905-01-01T00:00:00Z	9
<http://www.wikidata.org/entity/Q49317676>	"P571"	1905-01-01T00:00:00Z	9
<http://www.wikidata.org/entity/Q49317858>	"P571"	1905-01-01T00:00:00Z	9
<http://www.wikidata.org/entity/Q49505461>	"P571"	1905-01-01T00:00:00Z	9
<http://www.wikidata.org/entity/Q109659392>	"P571"	1912-01-01T00:00:00Z	9
<http://www.wikidata.org/entity/Q11706613>	"P571"	1912-01-01T00:00:00Z	9
<http://www.wikidata.org/entity/Q109540922>	"P571"	1912-01-01T00:00:00Z	9
<http://www.wikidata.org/entity/Q124373364>	"P571"	1912-01-01T00:00:00Z	9
<http://www.wikidata.org/entity/Q124373430>	"P571"	1912-01-01T00:00:00Z	9
<http://www.wikidata.org/entity/Q10499418>	"P571"	1912-01-01T00:00:00Z	9
<http://www.wikidata.org/entity/Q107746324>	"P571"	1912-01-01T00:00:00Z	9
<http://www.wikidata.org/entity/Q114865164>	"P571"	1912-01-01T00:00:00Z	9
<http://www.wikidata.org/entity/Q104215252>	"P571"	1912-01-01T00:00:00Z	9
<http://www.wikidata.org/entity/Q108941370>	"P571"	1912-01-01T00:00:00Z	9
<http://www.wikidata.org/entity/Q117037281>	"P571"	1912-01-01T00:00:00Z	9
<http://www.wikidata.org/entity/Q11785845>	"P571"	1912-01-01T00:00:00Z	9
<http://www.wikidata.org/entity/Q108042487>	"P571"	1912-01-01T00:00:00Z	9
<http://www.wikidata.org/entity/Q115184554>	"P571"	1912-01-01T00:00:00Z	9
<http://www.wikidata.org/entity/Q1325153>	"P571"	1912-01-01T00:00:00Z	9
<http://www.wikidata.org/entity/Q110867220>	"P571"	1912-01-01T00:00:00Z	9
<http://www.wikidata.org/entity/Q11954582>	"P571"	1912-01-01T00:00:00Z	9
<http://www.wikidata.org/entity/Q108858915>	"P571"	1912-01-01T00:00:00Z	9
<http://www.wikidata.org/entity/Q122573273>	"P571"	1912-01-01T00:00:00Z	9
<http://www.wikidata.org/entity/Q12027837>	"P571"	1912-01-01T00:00:00Z	9
<http://www.wikidata.org/entity/Q18346745>	"P571"	1912-01-01T00:00:00Z	9
<http://www.wikidata.org/entity/Q2453238>	"P571"	1912-01-01T00:00:00Z	9
<http://www.wikidata.org/entity/Q3563804>	"P571"	1912-01-01T00:00:00Z	9
<http://www.wikidata.org/entity/Q436157>	"P571"	1912-01-01T00:00:00Z	9
<http://www.wikidata.org/entity/Q2103641>	"P571"	1912-01-01T00:00:00Z	9
<http://www.wikidata.org/entity/Q3545442>	"P571"	1912-01-01T00:00:00Z	9
<http://www.wikidata.org/entity/Q1623467>	"P571"	1912-01-01T00:00:00Z	9
<http://www.wikidata.org/entity/Q1522515>	"P571"	1912-01-01T00:00:00Z	9
<http://www.wikidata.org/entity/Q17375924>	"P571"	1912-01-01T00:00:00Z	9
<http://www.wikidata.org/entity/Q136297440>	"P571"	1912-01-01T00:00:00Z	9
<http://www.wikidata.org/entity/Q2246171>	"P571"	1912-01-01T00:00:00Z	9
<http://www.wikidata.org/entity/Q4275494>	"P571"	1912-01-01T00:00:00Z	9
<http://www.wikidata.org/entity/Q4275494>	"P1249"	1912-01-01T00:00:00Z	9
<http://www.wikidata.org/entity/Q1723586>	"P571"	1912-01-01T00:00:00Z	9
<http://www.wikidata.org/entity/Q4440569>	"P571"	1912-01-01T00:00:00Z	9
<http://www.wikidata.org/entity/Q19376435>	"P571"	1912-01-01T00:00:00Z	9
<http://www.wikidata.org/entity/Q3556726>	"P571"	1912-01-01T00:00:00Z	9
<http://www.wikidata.org/entity/Q140183748>	"P571"	1912-01-01T00:00:00Z	9
<http://www.wikidata.org/entity/Q140183740>	"P571"	1912-01-01T00:00:00Z	9
<http://www.wikidata.org/entity/Q96107809>	"P571"	1912-01-01T00:00:00Z	9
<http://www.wikidata.org/entity/Q96586007>	"P571"	1912-01-01T00:00:00Z	9
<http://www.wikidata.org/entity/Q96146611>	"P571"	1912-01-01T00:00:00Z	9
<http://www.wikidata.org/entity/Q96145362>	"P571"	1912-01-01T00:00:00Z	9
<http://www.wikidata.org/entity/Q49278940>	"P571"	1912-01-01T00:00:00Z	9
<http://www.wikidata.org/entity/Q96107808>	"P571"	1912-01-01T00:00:00Z	9
<http://www.wikidata.org/entity/Q60560527>	"P571"	1912-01-01T00:00:00Z	9
<http://www.wikidata.org/entity/Q96107769>	"P571"	1912-01-01T00:00:00Z	9
<http://www.wikidata.org/entity/Q58034257>	"P571"	1912-01-01T00:00:00Z	9
<http://www.wikidata.org/entity/Q84511108>	"P571"	1912-01-01T00:00:00Z	9
<http://www.wikidata.org/entity/Q18646098>	"P571"	1905-02-05T00:00:00Z	11
<http://www.wikidata.org/entity/Q12401817>	"P571"	1884-01-01T00:00:00Z	9
<http://www.wikidata.org/entity/Q1333442>	"P571"	1884-01-01T00:00:00Z	9
<http://www.wikidata.org/entity/Q120155329>	"P571"	1884-01-01T00:00:00Z	9
<http://www.wikidata.org/entity/Q115572910>	"P571"	1884-01-01T00:00:00Z	9
<http://www.wikidata.org/entity/Q130246200>	"P571"	1884-01-01T00:00:00Z	9
<http://www.wikidata.org/entity/Q100784080>	"P571"	1884-01-01T00:00:00Z	9
<http://www.wikidata.org/entity/Q131823977>	"P571"	1884-01-01T00:00:00Z	9
<http://www.wikidata.org/entity/Q131823965>	"P571"	1884-01-01T00:00:00Z	9
<http://www.wikidata.org/entity/Q110641734>	"P571"	1884-01-01T00:00:00Z	9
<http://www.wikidata.org/entity/Q131823936>	"P571"	1884-01-01T00:00:00Z	9
<http://www.wikidata.org/entity/Q107190826>	"P571"	1884-01-01T00:00:00Z	9
<http://www.wikidata.org/entity/Q123776459>	"P571"	1884-01-01T00:00:00Z	9
<http://www.wikidata.org/entity/Q2103618>	"P571"	1884-01-01T00:00:00Z	9
<http://www.wikidata.org/entity/Q37324510>	"P571"	1884-01-01T00:00:00Z	9
<http://www.wikidata.org/entity/Q38282137>	"P571"	1884-01-01T00:00:00Z	9
<http://www.wikidata.org/entity/Q38149525>	"P571"	1884-01-01T00:00:00Z	9
<http://www.wikidata.org/entity/Q15818287>	"P571"	1884-01-01T00:00:00Z	9
<http://www.wikidata.org/entity/Q3396739>	"P571"	1884-01-01T00:00:00Z	9
<http://www.wikidata.org/entity/Q26577307>	"P571"	1884-01-01T00:00:00Z	9
<http://www.wikidata.org/entity/Q137907784>	"P571"	1884-01-01T00:00:00Z	9
<http://www.wikidata.org/entity/Q435888>	"P571"	1884-01-01T00:00:00Z	9
<http://www.wikidata.org/entity/Q2121988>	"P571"	1884-01-01T00:00:00Z	9
<http://www.wikidata.org/entity/Q280131>	"P571"	1884-01-01T00:00:00Z	9
<http://www.wikidata.org/entity/Q5644215>	"P571"	1884-01-01T00:00:00Z	9
<http://www.wikidata.org/entity/Q77825646>	"P571"	1884-01-01T00:00:00Z	9
<http://www.wikidata.org/entity/Q107456508>	"P571"	1750-01-01T00:00:00Z	9
<http://www.wikidata.org/entity/Q113638904>	"P571"	1750-01-01T00:00:00Z	9
<http://www.wikidata.org/entity/Q107456488>	"P571"	1750-01-01T00:00:00Z	9
<http://www.wikidata.org/entity/Q107447261>	"P571"	1750-01-01T00:00:00Z	9
<http://www.wikidata.org/entity/Q26561032>	"P571"	1750-01-01T00:00:00Z	9
<http://www.wikidata.org/entity/Q137551703>	"P571"	1750-01-01T00:00:00Z	9
<http://www.wikidata.org/entity/Q26539439>	"P571"	1750-01-01T00:00:00Z	9
<http://www.wikidata.org/entity/Q1420275>	"P571"	1750-01-01T00:00:00Z	9
<http://www.wikidata.org/entity/Q26597343>	"P571"	1750-01-01T00:00:00Z	9
<http://www.wikidata.org/entity/Q91241299>	"P571"	1750-01-01T00:00:00Z	9
<http://www.wikidata.org/entity/Q56397378>	"P571"	1750-01-01T00:00:00Z	9
<http://www.wikidata.org/entity/Q132743848>	"P571"	1938-01-01T00:00:00Z	9
<http://www.wikidata.org/entity/Q49452240>	"P571"	1938-01-01T00:00:00Z	9
<http://www.wikidata.org/entity/Q126700598>	"P571"	1899-01-01T00:00:00Z	7
<http://www.wikidata.org/entity/Q126701243>	"P571"	1899-01-01T00:00:00Z	7
<http://www.wikidata.org/entity/Q126701231>	"P571"	1899-01-01T00:00:00Z	7
<http://www.wikidata.org/entity/Q126700526>	"P571"	1899-01-01T00:00:00Z	7
<http://www.wikidata.org/entity/Q126712236>	"P571"	1899-01-01T00:00:00Z	7
<http://www.wikidata.org/entity/Q126699948>	"P571"	1899-01-01T00:00:00Z	7
<http://www.wikidata.org/entity/Q126701428>	"P571"	1899-01-01T00:00:00Z	7
<http://www.wikidata.org/entity/Q126700542>	"P571"	1899-01-01T00:00:00Z	7
<http://www.wikidata.org/entity/Q126712246>	"P571"	1899-01-01T00:00:00Z	7
<http://www.wikidata.org/entity/Q126707027>	"P571"	1899-01-01T00:00:00Z	7
<http://www.wikidata.org/entity/Q126711780>	"P571"	1899-01-01T00:00:00Z	7
<http://www.wikidata.org/entity/Q126712240>	"P571"	1899-01-01T00:00:00Z	7
<http://www.wikidata.org/entity/Q126705422>	"P571"	1899-01-01T00:00:00Z	7
<http://www.wikidata.org/entity/Q126706813>	"P571"	1899-01-01T00:00:00Z	7
<http://www.wikidata.org/entity/Q126706973>	"P571"	1899-01-01T00:00:00Z	7
<http://www.wikidata.org/entity/Q126716473>	"P571"	1899-01-01T00:00:00Z	7
<http://www.wikidata.org/entity/Q126700419>	"P571"	1899-01-01T00:00:00Z	7
<http://www.wikidata.org/entity/Q17861451>	"P571"	1899-01-01T00:00:00Z	7
<http://www.wikidata.org/entity/Q4709802>	"P571"	1899-01-01T00:00:00Z	7
<http://www.wikidata.org/entity/Q17861682>	"P571"	1899-01-01T00:00:00Z	7
<http://www.wikidata.org/entity/Q17860394>	"P571"	1899-01-01T00:00:00Z	7
<http://www.wikidata.org/entity/Q17861776>	"P571"	1899-01-01T00:00:00Z	7
<http://www.wikidata.org/entity/Q49257211>	"P571"	1885-01-01T00:00:00Z	9
<http://www.wikidata.org/entity/Q49285335>	"P571"	1885-01-01T00:00:00Z	9
<http://www.wikidata.org/entity/Q49285338>	"P571"	1885-01-01T00:00:00Z	9
<http://www.wikidata.org/entity/Q49441275>	"P571"	1885-01-01T00:00:00Z	9
<http://www.wikidata.org/entity/Q49456928>	"P571"	1885-01-01T00:00:00Z	9
<http://www.wikidata.org/entity/Q49453668>	"P571"	1885-01-01T00:00:00Z	9
<http://www.wikidata.org/entity/Q49457215>	"P571"	1885-01-01T00:00:00Z	9
<http://www.wikidata.org/entity/Q2885001>	"P571"	1680-01-01T00:00:00Z	8
<http://www.wikidata.org/entity/Q1796320>	"P571"	1777-01-01T00:00:00Z	9
<http://www.wikidata.org/entity/Q18552406>	"P571"	1777-01-01T00:00:00Z	9
<http://www.wikidata.org/entity/Q41283542>	"P571"	1777-01-01T00:00:00Z	9
<http://www.wikidata.org/entity/Q26499835>	"P571"	1777-01-01T00:00:00Z	9
<http://www.wikidata.org/entity/Q17835671>	"P571"	1777-01-01T00:00:00Z	9
<http://www.wikidata.org/entity/Q56622250>	"P571"	1777-01-01T00:00:00Z	9
<http://www.wikidata.org/entity/Q6735430>	"P571"	1777-01-01T00:00:00Z	9
<http://www.wikidata.org/entity/Q111680559>	"P571"	1858-12-15T00:00:00Z	11
<http://www.wikidata.org/entity/Q38084465>	"P571"	1858-12-15T00:00:00Z	11
<http://www.wikidata.org/entity/Q33608270>	"P571"	1838-01-01T00:00:00Z	9
<http://www.wikidata.org/entity/Q115920731>	"P571"	1600-01-01T00:00:00Z	7
<http://www.wikidata.org/entity/Q116947023>	"P571"	1600-01-01T00:00:00Z	7
<http://www.wikidata.org/entity/Q134308608>	"P571"	1600-01-01T00:00:00Z	7
<http://www.wikidata.org/entity/Q131389967>	"P571"	1600-01-01T00:00:00Z	7
<http://www.wikidata.org/entity/Q10351486>	"P571"	1600-01-01T00:00:00Z	7
<http://www.wikidata.org/entity/Q10351496>	"P571"	1600-01-01T00:00:00Z	7
<http://www.wikidata.org/entity/Q114956477>	"P571"	1600-01-01T00:00:00Z	7
<http://www.wikidata.org/entity/Q114957743>	"P571"	1600-01-01T00:00:00Z	7
<http://www.wikidata.org/entity/Q116947028>	"P571"	1600-01-01T00:00:00Z	7
<http://www.wikidata.org/entity/Q134126594>	"P571"	1600-01-01T00:00:00Z	7
<http://www.wikidata.org/entity/Q112096835>	"P571"	1600-01-01T00:00:00Z	7
<http://www.wikidata.org/entity/Q112103063>	"P571"	1600-01-01T00:00:00Z	7
<http://www.wikidata.org/entity/Q115755044>	"P571"	1600-01-01T00:00:00Z	7
<http://www.wikidata.org/entity/Q112100617>	"P571"	1600-01-01T00:00:00Z	7
<http://www.wikidata.org/entity/Q113451442>	"P571"	1600-01-01T00:00:00Z	7
<http://www.wikidata.org/entity/Q25540802>	"P571"	1600-01-01T00:00:00Z	7
<http://www.wikidata.org/entity/Q134623749>	"P571"	1600-01-01T00:00:00Z	7
<http://www.wikidata.org/entity/Q39713617>	"P571"	1600-01-01T00:00:00Z	7
<http://www.wikidata.org/entity/Q137570019>	"P571"	1600-01-01T00:00:00Z	7
<http://www.wikidata.org/entity/Q19257272>	"P571"	1600-01-01T00:00:00Z	7
<http://www.wikidata.org/entity/Q37821317>	"P571"	1600-01-01T00:00:00Z	7
<http://www.wikidata.org/entity/Q14193545>	"P571"	1600-01-01T00:00:00Z	7
<http://www.wikidata.org/entity/Q30177029>	"P571"	1600-01-01T00:00:00Z	7
<http://www.wikidata.org/entity/Q41289023>	"P571"	1600-01-01T00:00:00Z	7
<http://www.wikidata.org/entity/Q18464303>	"P571"	1600-01-01T00:00:00Z	7
<http://www.wikidata.org/entity/Q138838766>	"P571"	1600-01-01T00:00:00Z	7
<http://www.wikidata.org/entity/Q28501804>	"P571"	1600-01-01T00:00:00Z	7
<http://www.wikidata.org/entity/Q18005884>	"P571"	1600-01-01T00:00:00Z	7
<http://www.wikidata.org/entity/Q138918976>	"P571"	1600-01-01T00:00:00Z	7
<http://www.wikidata.org/entity/Q18005898>	"P571"	1600-01-01T00:00:00Z	7
<http://www.wikidata.org/entity/Q139034633>	"P571"	1600-01-01T00:00:00Z	7
<http://www.wikidata.org/entity/Q3397704>	"P571"	1600-01-01T00:00:00Z	7
<http://www.wikidata.org/entity/Q17544853>	"P571"	1600-01-01T00:00:00Z	7
<http://www.wikidata.org/entity/Q65559619>	"P571"	1600-01-01T00:00:00Z	7
<http://www.wikidata.org/entity/Q8505536>	"P571"	1600-01-01T00:00:00Z	7
<http://www.wikidata.org/entity/Q98633835>	"P571"	1600-01-01T00:00:00Z	7
<http://www.wikidata.org/entity/Q57899573>	"P571"	1600-01-01T00:00:00Z	7
<http://www.wikidata.org/entity/Q862032>	"P571"	1600-01-01T00:00:00Z	7
<http://www.wikidata.org/entity/Q112268484>	"P571"	1847-01-01T00:00:00Z	9
<http://www.wikidata.org/entity/Q110641571>	"P571"	1847-01-01T00:00:00Z	9
<http://www.wikidata.org/entity/Q124680024>	"P571"	1847-01-01T00:00:00Z	9
<http://www.wikidata.org/entity/Q124690518>	"P571"	1847-01-01T00:00:00Z	9
<http://www.wikidata.org/entity/Q17554562>	"P571"	1847-01-01T00:00:00Z	9
<http://www.wikidata.org/entity/Q26479049>	"P571"	1847-01-01T00:00:00Z	9
<http://www.wikidata.org/entity/Q26551797>	"P571"	1847-01-01T00:00:00Z	9
<http://www.wikidata.org/entity/Q38140998>	"P571"	1847-01-01T00:00:00Z	9
<http://www.wikidata.org/entity/Q26317909>	"P571"	1847-01-01T00:00:00Z	9
<http://www.wikidata.org/entity/Q138010452>	"P571"	1847-01-01T00:00:00Z	9
<http://www.wikidata.org/entity/Q22966811>	"P571"	1847-01-01T00:00:00Z	9
<http://www.wikidata.org/entity/Q26600090>	"P571"	1847-01-01T00:00:00Z	9
<http://www.wikidata.org/entity/Q17828194>	"P571"	1847-01-01T00:00:00Z	9
<http://www.wikidata.org/entity/Q26643945>	"P571"	1847-01-01T00:00:00Z	9
<http://www.wikidata.org/entity/Q17826388>	"P571"	1847-01-01T00:00:00Z	9
<http://www.wikidata.org/entity/Q18729862>	"P571"	1847-01-01T00:00:00Z	9
<http://www.wikidata.org/entity/Q56620210>	"P571"	1847-01-01T00:00:00Z	9
<http://www.wikidata.org/entity/Q1345842>	"P571"	1901-09-03T00:00:00Z	11
<http://www.wikidata.org/entity/Q136384554>	"P571"	2024-01-01T00:00:00Z	9
<http://www.wikidata.org/entity/Q56025113>	"P571"	1901-01-01T00:00:00Z	7
<http://www.wikidata.org/entity/Q55652828>	"P571"	1901-01-01T00:00:00Z	7
<http://www.wikidata.org/entity/Q49353847>	"P571"	1836-01-01T00:00:00Z	9
<http://www.wikidata.org/entity/Q12255532>	"P571"	1864-01-01T00:00:00Z	9
<http://www.wikidata.org/entity/Q110983810>	"P571"	1864-01-01T00:00:00Z	9
<http://www.wikidata.org/entity/Q108267420>	"P571"	1864-01-01T00:00:00Z	9
<http://www.wikidata.org/entity/Q116210254>	"P571"	1864-01-01T00:00:00Z	9
<http://www.wikidata.org/entity/Q116921024>	"P571"	1864-01-01T00:00:00Z	9
<http://www.wikidata.org/entity/Q116795794>	"P571"	1864-01-01T00:00:00Z	9
<http://www.wikidata.org/entity/Q110641912>	"P571"	1864-01-01T00:00:00Z	9
<http://www.wikidata.org/entity/Q17548660>	"P571"	1864-01-01T00:00:00Z	9
<http://www.wikidata.org/entity/Q2082095>	"P571"	1864-01-01T00:00:00Z	9
<http://www.wikidata.org/entity/Q17826436>	"P571"	1864-01-01T00:00:00Z	9
<http://www.wikidata.org/entity/Q29482101>	"P571"	1864-01-01T00:00:00Z	9
<http://www.wikidata.org/entity/Q17542164>	"P571"	1864-01-01T00:00:00Z	9
<http://www.wikidata.org/entity/Q17835674>	"P571"	1864-01-01T00:00:00Z	9
<http://www.wikidata.org/entity/Q14806840>	"P571"	1864-01-01T00:00:00Z	9
<http://www.wikidata.org/entity/Q3908134>	"P571"	1864-01-01T00:00:00Z	9
<http://www.wikidata.org/entity/Q162170>	"P571"	1864-01-01T00:00:00Z	9
<http://www.wikidata.org/entity/Q55028508>	"P571"	1864-01-01T00:00:00Z	9
<http://www.wikidata.org/entity/Q95981570>	"P571"	1864-01-01T00:00:00Z	9
<http://www.wikidata.org/entity/Q26448854>	"P571"	1733-01-01T00:00:00Z	9
<http://www.wikidata.org/entity/Q49440455>	"P571"	1756-01-01T00:00:00Z	9
<http://www.wikidata.org/entity/Q25426016>	"P571"	1884-10-22T00:00:00Z	11
<http://www.wikidata.org/entity/Q112113952>	"P571"	1720-01-01T00:00:00Z	8
<http://www.wikidata.org/entity/Q49534993>	"P571"	1802-01-01T00:00:00Z	9
<http://www.wikidata.org/entity/Q11942315>	"P571"	1700-01-01T00:00:00Z	7
<http://www.wikidata.org/entity/Q113519278>	"P571"	1700-01-01T00:00:00Z	7
<http://www.wikidata.org/entity/Q113638883>	"P571"	1700-01-01T00:00:00Z	7
<http://www.wikidata.org/entity/Q113638885>	"P571"	1700-01-01T00:00:00Z	7
<http://www.wikidata.org/entity/Q113132530>	"P571"	1700-01-01T00:00:00Z	7
<http://www.wikidata.org/entity/Q114965216>	"P571"	1700-01-01T00:00:00Z	7
<http://www.wikidata.org/entity/Q108665803>	"P571"	1700-01-01T00:00:00Z	7
<http://www.wikidata.org/entity/Q12844375>	"P571"	1700-01-01T00:00:00Z	7
<http://www.wikidata.org/entity/Q112091889>	"P571"	1700-01-01T00:00:00Z	7
<http://www.wikidata.org/entity/Q108150905>	"P571"	1700-01-01T00:00:00Z	7
<http://www.wikidata.org/entity/Q42847802>	"P571"	1700-01-01T00:00:00Z	7
<http://www.wikidata.org/entity/Q26348458>	"P571"	1700-01-01T00:00:00Z	7
<http://www.wikidata.org/entity/Q20104490>	"P571"	1700-01-01T00:00:00Z	7
<http://www.wikidata.org/entity/Q22951692>	"P571"	1700-01-01T00:00:00Z	7
<http://www.wikidata.org/entity/Q20104489>	"P571"	1700-01-01T00:00:00Z	7
<http://www.wikidata.org/entity/Q22976691>	"P571"	1700-01-01T00:00:00Z	7
<http://www.wikidata.org/entity/Q141592604>	"P571"	1700-01-01T00:00:00Z	7
<http://www.wikidata.org/entity/Q28711104>	"P571"	1700-01-01T00:00:00Z	7
<http://www.wikidata.org/entity/Q42855192>	"P571"	1700-01-01T00:00:00Z	7
<http://www.wikidata.org/entity/Q18005848>	"P571"	1700-01-01T00:00:00Z	7
<http://www.wikidata.org/entity/Q141103073>	"P571"	1700-01-01T00:00:00Z	7
<http://www.wikidata.org/entity/Q2511710>	"P571"	1700-01-01T00:00:00Z	7
<http://www.wikidata.org/entity/Q36857637>	"P571"	1700-01-01T00:00:00Z	7
<http://www.wikidata.org/entity/Q36865724>	"P571"	1700-01-01T00:00:00Z	7
<http://www.wikidata.org/entity/Q39713617>	"P571"	1700-01-01T00:00:00Z	7
<http://www.wikidata.org/entity/Q37586461>	"P571"	1700-01-01T00:00:00Z	7
<http://www.wikidata.org/entity/Q20986080>	"P571"	1700-01-01T00:00:00Z	7
<http://www.wikidata.org/entity/Q65171790>	"P571"	1700-01-01T00:00:00Z	7
<http://www.wikidata.org/entity/Q7228163>	"P571"	1700-01-01T00:00:00Z	7
<http://www.wikidata.org/entity/Q79835222>	"P571"	1700-01-01T00:00:00Z	7
<http://www.wikidata.org/entity/Q89660682>	"P571"	1700-01-01T00:00:00Z	7
<http://www.wikidata.org/entity/Q63461690>	"P571"	1700-01-01T00:00:00Z	7
<http://www.wikidata.org/entity/Q63490153>	"P571"	1700-01-01T00:00:00Z	7
<http://www.wikidata.org/entity/Q49445589>	"P571"	1700-01-01T00:00:00Z	7
<http://www.wikidata.org/entity/Q65207018>	"P571"	1700-01-01T00:00:00Z	7
<http://www.wikidata.org/entity/Q109936565>	"P571"	1853-01-01T00:00:00Z	9
<http://www.wikidata.org/entity/Q123158379>	"P571"	1853-01-01T00:00:00Z	9
<http://www.wikidata.org/entity/Q111802152>	"P571"	1853-01-01T00:00:00Z	9
<http://www.wikidata.org/entity/Q113125050>	"P571"	1853-01-01T00:00:00Z	9
<http://www.wikidata.org/entity/Q113124811>	"P571"	1853-01-01T00:00:00Z	9
<http://www.wikidata.org/entity/Q116935776>	"P571"	1853-01-01T00:00:00Z	9
<http://www.wikidata.org/entity/Q22980707>	"P571"	1853-01-01T00:00:00Z	9
<http://www.wikidata.org/entity/Q26304852>	"P571"	1853-01-01T00:00:00Z	9
<http://www.wikidata.org/entity/Q314940>	"P571"	1853-01-01T00:00:00Z	9
<http://www.wikidata.org/entity/Q135456838>	"P571"	1853-01-01T00:00:00Z	9
<http://www.wikidata.org/entity/Q29786516>	"P571"	1853-01-01T00:00:00Z	9
<http://www.wikidata.org/entity/Q29786410>	"P571"	1853-01-01T00:00:00Z	9
<http://www.wikidata.org/entity/Q1990053>	"P571"	1853-01-01T00:00:00Z	9
<http://www.wikidata.org/entity/Q14627756>	"P571"	1853-01-01T00:00:00Z	9
<http://www.wikidata.org/entity/Q22980707>	"P571"	1853-01-01T00:00:00Z	9
<http://www.wikidata.org/entity/Q17536361>	"P571"	1853-01-01T00:00:00Z	9
<http://www.wikidata.org/entity/Q22980707>	"P571"	1853-01-01T00:00:00Z	9
<http://www.wikidata.org/entity/Q136198224>	"P571"	1853-01-01T00:00:00Z	9
<http://www.wikidata.org/entity/Q96385688>	"P571"	1853-01-01T00:00:00Z	9
<http://www.wikidata.org/entity/Q83353732>	"P571"	1853-01-01T00:00:00Z	9
<http://www.wikidata.org/entity/Q123137676>	"P571"	1946-01-01T00:00:00Z	9
<http://www.wikidata.org/entity/Q136791730>	"P571"	1946-01-01T00:00:00Z	9
<http://www.wikidata.org/entity/Q1626613>	"P571"	1857-11-01T00:00:00Z	10
<http://www.wikidata.org/entity/Q49458256>	"P571"	1894-01-01T00:00:00Z	9
<http://www.wikidata.org/entity/Q49452252>	"P571"	1894-01-01T00:00:00Z	9
<http://www.wikidata.org/entity/Q49441422>	"P571"	1894-01-01T00:00:00Z	9
<http://www.wikidata.org/entity/Q19297473>	"P571"	1904-05-01T00:00:00Z	10
<http://www.wikidata.org/entity/Q107291497>	"P571"	1858-10-24T00:00:00Z	11
<http://www.wikidata.org/entity/Q30084154>	"P571"	1902-01-01T00:00:00Z	9
<http://www.wikidata.org/entity/Q1912042>	"P571"	1902-01-01T00:00:00Z	9
<http://www.wikidata.org/entity/Q888749>	"P571"	1947-01-01T00:00:00Z	9
<http://www.wikidata.org/entity/Q11942303>	"P571"	1903-01-01T00:00:00Z	9
<http://www.wikidata.org/entity/Q123467543>	"P571"	1903-01-01T00:00:00Z	9
<http://www.wikidata.org/entity/Q119113955>	"P571"	1903-01-01T00:00:00Z	9
<http://www.wikidata.org/entity/Q116795815>	"P571"	1903-01-01T00:00:00Z	9
<http://www.wikidata.org/entity/Q1253883>	"P571"	1903-01-01T00:00:00Z	9
<http://www.wikidata.org/entity/Q125218479>	"P571"	1903-01-01T00:00:00Z	9
<http://www.wikidata.org/entity/Q113055562>	"P571"	1903-01-01T00:00:00Z	9
<http://www.wikidata.org/entity/Q102347344>	"P571"	1903-01-01T00:00:00Z	9
<http://www.wikidata.org/entity/Q114077707>	"P571"	1903-01-01T00:00:00Z	9
<http://www.wikidata.org/entity/Q112231451>	"P571"	1903-01-01T00:00:00Z	9
<http://www.wikidata.org/entity/Q114077708>	"P571"	1903-01-01T00:00:00Z	9
<http://www.wikidata.org/entity/Q114077712>	"P571"	1903-01-01T00:00:00Z	9
<http://www.wikidata.org/entity/Q116870959>	"P571"	1903-01-01T00:00:00Z	9
<http://www.wikidata.org/entity/Q116914074>	"P571"	1903-01-01T00:00:00Z	9
<http://www.wikidata.org/entity/Q127261903>	"P571"	1903-01-01T00:00:00Z	9
<http://www.wikidata.org/entity/Q3563527>	"P571"	1903-01-01T00:00:00Z	9
<http://www.wikidata.org/entity/Q17602806>	"P571"	1903-01-01T00:00:00Z	9
<http://www.wikidata.org/entity/Q3908038>	"P571"	1903-01-01T00:00:00Z	9
<http://www.wikidata.org/entity/Q47208544>	"P571"	1903-01-01T00:00:00Z	9
<http://www.wikidata.org/entity/Q38124226>	"P571"	1903-01-01T00:00:00Z	9
<http://www.wikidata.org/entity/Q2083615>	"P571"	1903-01-01T00:00:00Z	9
<http://www.wikidata.org/entity/Q2657983>	"P571"	1903-01-01T00:00:00Z	9
<http://www.wikidata.org/entity/Q1816485>	"P571"	1903-01-01T00:00:00Z	9
<http://www.wikidata.org/entity/Q1588525>	"P571"	1903-01-01T00:00:00Z	9
<http://www.wikidata.org/entity/Q2837694>	"P571"	1903-01-01T00:00:00Z	9
<http://www.wikidata.org/entity/Q3397225>	"P571"	1903-01-01T00:00:00Z	9
<http://www.wikidata.org/entity/Q2060757>	"P571"	1903-01-01T00:00:00Z	9
<http://www.wikidata.org/entity/Q2060757>	"P571"	1903-01-01T00:00:00Z	9
<http://www.wikidata.org/entity/Q1632069>	"P571"	1903-01-01T00:00:00Z	9
<http://www.wikidata.org/entity/Q4347683>	"P571"	1903-01-01T00:00:00Z	9
<http://www.wikidata.org/entity/Q1623446>	"P571"	1903-01-01T00:00:00Z	9
<http://www.wikidata.org/entity/Q28468870>	"P571"	1903-01-01T00:00:00Z	9
<http://www.wikidata.org/entity/Q98398942>	"P571"	1903-01-01T00:00:00Z	9
<http://www.wikidata.org/entity/Q61884313>	"P571"	1903-01-01T00:00:00Z	9
<http://www.wikidata.org/entity/Q65249669>	"P571"	1903-01-01T00:00:00Z	9
<http://www.wikidata.org/entity/Q90257406>	"P571"	1903-01-01T00:00:00Z	9
<http://www.wikidata.org/entity/Q684408>	"P571"	1903-01-01T00:00:00Z	9
<http://www.wikidata.org/entity/Q52063166>	"P571"	1903-01-01T00:00:00Z	9
<http://www.wikidata.org/entity/Q56601275>	"P571"	1903-01-01T00:00:00Z	9
<http://www.wikidata.org/entity/Q96101335>	"P571"	1903-01-01T00:00:00Z	9
<http://www.wikidata.org/entity/Q66170306>	"P571"	1903-01-01T00:00:00Z	9
<http://www.wikidata.org/entity/Q5396166>	"P571"	1903-01-01T00:00:00Z	9
<http://www.wikidata.org/entity/Q126363414>	"P571"	1832-01-01T00:00:00Z	9
<http://www.wikidata.org/entity/Q112093431>	"P571"	1832-01-01T00:00:00Z	9
<http://www.wikidata.org/entity/Q26586627>	"P571"	1832-01-01T00:00:00Z	9
<http://www.wikidata.org/entity/Q3908016>	"P571"	1832-01-01T00:00:00Z	9
<http://www.wikidata.org/entity/Q4922065>	"P571"	1832-01-01T00:00:00Z	9
<http://www.wikidata.org/entity/Q1625438>	"P571"	1832-01-01T00:00:00Z	9
<http://www.wikidata.org/entity/Q17569865>	"P571"	1832-01-01T00:00:00Z	9
<http://www.wikidata.org/entity/Q17542278>	"P571"	1832-01-01T00:00:00Z	9
<http://www.wikidata.org/entity/Q26414504>	"P571"	1832-01-01T00:00:00Z	9
<http://www.wikidata.org/entity/Q26352176>	"P571"	1832-01-01T00:00:00Z	9
<http://www.wikidata.org/entity/Q7597028>	"P571"	1832-01-01T00:00:00Z	9
<http://www.wikidata.org/entity/Q7623517>	"P571"	1832-01-01T00:00:00Z	9
<http://www.wikidata.org/entity/Q77770799>	"P571"	1832-01-01T00:00:00Z	9
<http://www.wikidata.org/entity/Q110746704>	"P571"	1768-01-01T00:00:00Z	9
<http://www.wikidata.org/entity/Q137552613>	"P571"	1768-01-01T00:00:00Z	9
<http://www.wikidata.org/entity/Q135825157>	"P571"	1768-01-01T00:00:00Z	9
<http://www.wikidata.org/entity/Q17463285>	"P571"	1768-01-01T00:00:00Z	9
<http://www.wikidata.org/entity/Q81086587>	"P571"	1768-01-01T00:00:00Z	9
<http://www.wikidata.org/entity/Q17860181>	"P571"	1839-01-01T00:00:00Z	9
<http://www.wikidata.org/entity/Q26321216>	"P571"	1839-01-01T00:00:00Z	9
<http://www.wikidata.org/entity/Q4829180>	"P571"	1839-01-01T00:00:00Z	9
<http://www.wikidata.org/entity/Q26660317>	"P571"	1839-01-01T00:00:00Z	9
<http://www.wikidata.org/entity/Q3397011>	"P571"	1839-01-01T00:00:00Z	9
<http://www.wikidata.org/entity/Q1747112>	"P571"	1839-01-01T00:00:00Z	9
<http://www.wikidata.org/entity/Q29675142>	"P571"	1839-01-01T00:00:00Z	9
<http://www.wikidata.org/entity/Q465534>	"P571"	1839-01-01T00:00:00Z	9
<http://www.wikidata.org/entity/Q96592326>	"P571"	1839-01-01T00:00:00Z	9
<http://www.wikidata.org/entity/Q97342664>	"P571"	1839-01-01T00:00:00Z	9
<http://www.wikidata.org/entity/Q119512277>	"P571"	1819-01-01T00:00:00Z	9
<http://www.wikidata.org/entity/Q1318369>	"P571"	1819-01-01T00:00:00Z	9
<http://www.wikidata.org/entity/Q1627704>	"P571"	1819-01-01T00:00:00Z	9
<http://www.wikidata.org/entity/Q3562984>	"P571"	1819-01-01T00:00:00Z	9
<http://www.wikidata.org/entity/Q21401861>	"P571"	1819-01-01T00:00:00Z	9
<http://www.wikidata.org/entity/Q459161>	"P571"	1819-01-01T00:00:00Z	9
<http://www.wikidata.org/entity/Q17805791>	"P571"	1819-01-01T00:00:00Z	9
<http://www.wikidata.org/entity/Q17535988>	"P571"	1819-01-01T00:00:00Z	9
<http://www.wikidata.org/entity/Q26490915>	"P571"	1819-01-01T00:00:00Z	9
<http://www.wikidata.org/entity/Q17486123>	"P571"	1862-01-01T00:00:00Z	9
<http://www.wikidata.org/entity/Q56616071>	"P571"	1600-01-01T00:00:00Z	8
<http://www.wikidata.org/entity/Q140197672>	"P571"	1887-01-10T00:00:00Z	11
<http://www.wikidata.org/entity/Q140197672>	"P571"	1887-01-10T00:00:00Z	11
<http://www.wikidata.org/entity/Q5637104>	"P571"	1897-12-01T00:00:00Z	10
<http://www.wikidata.org/entity/Q450445>	"P571"	1907-01-01T00:00:00Z	9
<http://www.wikidata.org/entity/Q49274945>	"P571"	1907-01-01T00:00:00Z	9
<http://www.wikidata.org/entity/Q49312244>	"P571"	1907-01-01T00:00:00Z	9
<http://www.wikidata.org/entity/Q49439220>	"P571"	1907-01-01T00:00:00Z	9
<http://www.wikidata.org/entity/Q49375091>	"P571"	1907-01-01T00:00:00Z	9
<http://www.wikidata.org/entity/Q49369058>	"P571"	1907-01-01T00:00:00Z	9
<http://www.wikidata.org/entity/Q49317705>	"P571"	1907-01-01T00:00:00Z	9
<http://www.wikidata.org/entity/Q49468002>	"P571"	1907-01-01T00:00:00Z	9
<http://www.wikidata.org/entity/Q49454718>	"P571"	1907-01-01T00:00:00Z	9
<http://www.wikidata.org/entity/Q49468302>	"P571"	1907-01-01T00:00:00Z	9
<http://www.wikidata.org/entity/Q138853925>	"P571"	1981-01-01T00:00:00Z	9
<http://www.wikidata.org/entity/Q137289546>	"P571"	1672-01-01T00:00:00Z	9
<http://www.wikidata.org/entity/Q17646800>	"P571"	1672-01-01T00:00:00Z	9
<http://www.wikidata.org/entity/Q107410098>	"P571"	1910-06-09T00:00:00Z	11
<http://www.wikidata.org/entity/Q99534679>	"P571"	1722-01-01T00:00:00Z	9
<http://www.wikidata.org/entity/Q10816466>	"P571"	1900-01-01T00:00:00Z	9
<http://www.wikidata.org/entity/Q390418>	"P571"	1900-01-01T00:00:00Z	9
<http://www.wikidata.org/entity/Q120134575>	"P571"	1711-01-01T00:00:00Z	9
<http://www.wikidata.org/entity/Q7169729>	"P571"	1711-01-01T00:00:00Z	9
<http://www.wikidata.org/entity/Q1975031>	"P571"	1859-12-01T00:00:00Z	11
<http://www.wikidata.org/entity/Q1253018>	"P571"	1926-01-01T00:00:00Z	9
<http://www.wikidata.org/entity/Q17572374>	"P571"	1735-01-01T00:00:00Z	9
<http://www.wikidata.org/entity/Q16368081>	"P571"	1735-01-01T00:00:00Z	9
<http://www.wikidata.org/entity/Q123137676>	"P571"	2000-01-01T00:00:00Z	9
<http://www.wikidata.org/entity/Q104588743>	"P571"	1877-10-01T00:00:00Z	10
<http://www.wikidata.org/entity/Q17828319>	"P571"	1803-01-01T00:00:00Z	9
<http://www.wikidata.org/entity/Q38227778>	"P571"	1803-01-01T00:00:00Z	9
<http://www.wikidata.org/entity/Q20968287>	"P571"	1803-01-01T00:00:00Z	9
<http://www.wikidata.org/entity/Q65207018>	"P571"	1803-01-01T00:00:00Z	9
<http://www.wikidata.org/entity/Q79497908>	"P571"	1843-01-01T00:00:00Z	9
<http://www.wikidata.org/entity/Q115808533>	"P571"	1822-01-01T00:00:00Z	9
<http://www.wikidata.org/entity/Q132133062>	"P571"	1822-01-01T00:00:00Z	9
<http://www.wikidata.org/entity/Q1342531>	"P571"	1822-01-01T00:00:00Z	9
<http://www.wikidata.org/entity/Q1242882>	"P571"	1822-01-01T00:00:00Z	9
<http://www.wikidata.org/entity/Q122295312>	"P571"	1822-01-01T00:00:00Z	9
<http://www.wikidata.org/entity/Q112235177>	"P571"	1822-01-01T00:00:00Z	9
<http://www.wikidata.org/entity/Q37458192>	"P571"	1822-01-01T00:00:00Z	9
<http://www.wikidata.org/entity/Q15782506>	"P571"	1822-01-01T00:00:00Z	9
<http://www.wikidata.org/entity/Q4733885>	"P571"	1822-01-01T00:00:00Z	9
<http://www.wikidata.org/entity/Q17741926>	"P571"	1822-01-01T00:00:00Z	9
<http://www.wikidata.org/entity/Q17390259>	"P571"	1822-01-01T00:00:00Z	9
<http://www.wikidata.org/entity/Q17543677>	"P571"	1822-01-01T00:00:00Z	9
<http://www.wikidata.org/entity/Q7538876>	"P571"	1822-01-01T00:00:00Z	9
<http://www.wikidata.org/entity/Q124756426>	"P571"	1858-01-01T00:00:00Z	9
<http://www.wikidata.org/entity/Q115540302>	"P571"	1858-01-01T00:00:00Z	9
<http://www.wikidata.org/entity/Q110788096>	"P571"	1858-01-01T00:00:00Z	9
<http://www.wikidata.org/entity/Q138840771>	"P571"	1858-01-01T00:00:00Z	9
<http://www.wikidata.org/entity/Q18520333>	"P571"	1858-01-01T00:00:00Z	9
<http://www.wikidata.org/entity/Q134583488>	"P571"	1858-01-01T00:00:00Z	9
<http://www.wikidata.org/entity/Q138841004>	"P571"	1858-01-01T00:00:00Z	9
<http://www.wikidata.org/entity/Q2168152>	"P571"	1858-01-01T00:00:00Z	9
<http://www.wikidata.org/entity/Q17568265>	"P571"	1858-01-01T00:00:00Z	9
<http://www.wikidata.org/entity/Q1949080>	"P571"	1858-01-01T00:00:00Z	9
<http://www.wikidata.org/entity/Q141143418>	"P571"	1858-01-01T00:00:00Z	9
<http://www.wikidata.org/entity/Q19362783>	"P571"	1858-01-01T00:00:00Z	9
<http://www.wikidata.org/entity/Q57204835>	"P571"	1858-01-01T00:00:00Z	9
<http://www.wikidata.org/entity/Q865866>	"P571"	1858-01-01T00:00:00Z	9
<http://www.wikidata.org/entity/Q3541970>	"P571"	1761-01-01T00:00:00Z	9
<http://www.wikidata.org/entity/Q116952139>	"P571"	1862-01-01T00:00:00Z	9
<http://www.wikidata.org/entity/Q112234351>	"P571"	1862-01-01T00:00:00Z	9
<http://www.wikidata.org/entity/Q104528405>	"P571"	1862-01-01T00:00:00Z	9
<http://www.wikidata.org/entity/Q112243687>	"P571"	1862-01-01T00:00:00Z	9
<http://www.wikidata.org/entity/Q116732924>	"P571"	1862-01-01T00:00:00Z	9
<http://www.wikidata.org/entity/Q108598710>	"P571"	1862-01-01T00:00:00Z	9
<http://www.wikidata.org/entity/Q10718140>	"P571"	1862-01-01T00:00:00Z	9
<http://www.wikidata.org/entity/Q113869869>	"P571"	1862-01-01T00:00:00Z	9
<http://www.wikidata.org/entity/Q124691799>	"P571"	1862-01-01T00:00:00Z	9
<http://www.wikidata.org/entity/Q13102160>	"P571"	1862-01-01T00:00:00Z	9
<http://www.wikidata.org/entity/Q10351405>	"P571"	1862-01-01T00:00:00Z	9
<http://www.wikidata.org/entity/Q1311536>	"P571"	1862-01-01T00:00:00Z	9
<http://www.wikidata.org/entity/Q11942330>	"P571"	1862-01-01T00:00:00Z	9
<http://www.wikidata.org/entity/Q117773239>	"P571"	1862-01-01T00:00:00Z	9
<http://www.wikidata.org/entity/Q12650218>	"P571"	1862-01-01T00:00:00Z	9
<http://www.wikidata.org/entity/Q1196667>	"P571"	1862-01-01T00:00:00Z	9
<http://www.wikidata.org/entity/Q114566150>	"P571"	1862-01-01T00:00:00Z	9
<http://www.wikidata.org/entity/Q38094038>	"P571"	1862-01-01T00:00:00Z	9
<http://www.wikidata.org/entity/Q26516385>	"P571"	1862-01-01T00:00:00Z	9
<http://www.wikidata.org/entity/Q29651321>	"P571"	1862-01-01T00:00:00Z	9
<http://www.wikidata.org/entity/Q29500924>	"P571"	1862-01-01T00:00:00Z	9
<http://www.wikidata.org/entity/Q26296919>	"P571"	1862-01-01T00:00:00Z	9
<http://www.wikidata.org/entity/Q139710550>	"P571"	1862-01-01T00:00:00Z	9
<http://www.wikidata.org/entity/Q141572739>	"P571"	1862-01-01T00:00:00Z	9
<http://www.wikidata.org/entity/Q24895944>	"P571"	1862-01-01T00:00:00Z	9
<http://www.wikidata.org/entity/Q29786409>	"P571"	1862-01-01T00:00:00Z	9
<http://www.wikidata.org/entity/Q29786409>	"P571"	1862-01-01T00:00:00Z	9
<http://www.wikidata.org/entity/Q26449802>	"P571"	1862-01-01T00:00:00Z	9
<http://www.wikidata.org/entity/Q26816828>	"P571"	1862-01-01T00:00:00Z	9
<http://www.wikidata.org/entity/Q17592248>	"P571"	1862-01-01T00:00:00Z	9
<http://www.wikidata.org/entity/Q4155234>	"P571"	1862-01-01T00:00:00Z	9
<http://www.wikidata.org/entity/Q2521715>	"P571"	1862-01-01T00:00:00Z	9
<http://www.wikidata.org/entity/Q66667374>	"P571"	1862-01-01T00:00:00Z	9
<http://www.wikidata.org/entity/Q6405251>	"P571"	1862-01-01T00:00:00Z	9
<http://www.wikidata.org/entity/Q107622078>	"P571"	1895-01-01T00:00:00Z	9
<http://www.wikidata.org/entity/Q115682766>	"P571"	1895-01-01T00:00:00Z	9
<http://www.wikidata.org/entity/Q126164417>	"P571"	1895-01-01T00:00:00Z	9
<http://www.wikidata.org/entity/Q124694764>	"P571"	1895-01-01T00:00:00Z	9
<http://www.wikidata.org/entity/Q102076378>	"P571"	1895-01-01T00:00:00Z	9
<http://www.wikidata.org/entity/Q124692066>	"P571"	1895-01-01T00:00:00Z	9
<http://www.wikidata.org/entity/Q111650615>	"P571"	1895-01-01T00:00:00Z	9
<http://www.wikidata.org/entity/Q124691943>	"P571"	1895-01-01T00:00:00Z	9
<http://www.wikidata.org/entity/Q130384746>	"P571"	1895-01-01T00:00:00Z	9
<http://www.wikidata.org/entity/Q130384756>	"P571"	1895-01-01T00:00:00Z	9
<http://www.wikidata.org/entity/Q117406356>	"P571"	1895-01-01T00:00:00Z	9
<http://www.wikidata.org/entity/Q110641787>	"P571"	1895-01-01T00:00:00Z	9
<http://www.wikidata.org/entity/Q26391387>	"P571"	1895-01-01T00:00:00Z	9
<http://www.wikidata.org/entity/Q16695636>	"P571"	1895-01-01T00:00:00Z	9
<http://www.wikidata.org/entity/Q15124095>	"P571"	1895-01-01T00:00:00Z	9
<http://www.wikidata.org/entity/Q37151042>	"P571"	1895-01-01T00:00:00Z	9
<http://www.wikidata.org/entity/Q136801903>	"P571"	1895-01-01T00:00:00Z	9
<http://www.wikidata.org/entity/Q49231627>	"P571"	1895-01-01T00:00:00Z	9
<http://www.wikidata.org/entity/Q1709754>	"P571"	1895-01-01T00:00:00Z	9
<http://www.wikidata.org/entity/Q3657086>	"P571"	1895-01-01T00:00:00Z	9
<http://www.wikidata.org/entity/Q16111602>	"P571"	1895-01-01T00:00:00Z	9
<http://www.wikidata.org/entity/Q28001229>	"P571"	1895-01-01T00:00:00Z	9
<http://www.wikidata.org/entity/Q27478767>	"P571"	1895-01-01T00:00:00Z	9
<http://www.wikidata.org/entity/Q19388965>	"P571"	1895-01-01T00:00:00Z	9
<http://www.wikidata.org/entity/Q135650165>	"P571"	1895-01-01T00:00:00Z	9
<http://www.wikidata.org/entity/Q96592295>	"P571"	1895-01-01T00:00:00Z	9
<http://www.wikidata.org/entity/Q4950232>	"P571"	1895-01-01T00:00:00Z	9
<http://www.wikidata.org/entity/Q126712245>	"P571"	1799-01-01T00:00:00Z	7
<http://www.wikidata.org/entity/Q126716523>	"P571"	1799-01-01T00:00:00Z	7
<http://www.wikidata.org/entity/Q126712226>	"P571"	1799-01-01T00:00:00Z	7
<http://www.wikidata.org/entity/Q126700298>	"P571"	1799-01-01T00:00:00Z	7
<http://www.wikidata.org/entity/Q126712232>	"P571"	1799-01-01T00:00:00Z	7
<http://www.wikidata.org/entity/Q126700297>	"P571"	1799-01-01T00:00:00Z	7
<http://www.wikidata.org/entity/Q126700293>	"P571"	1799-01-01T00:00:00Z	7
<http://www.wikidata.org/entity/Q126700075>	"P571"	1799-01-01T00:00:00Z	7
<http://www.wikidata.org/entity/Q126716529>	"P571"	1799-01-01T00:00:00Z	7
<http://www.wikidata.org/entity/Q126699739>	"P571"	1799-01-01T00:00:00Z	7
<http://www.wikidata.org/entity/Q126716106>	"P571"	1799-01-01T00:00:00Z	7
<http://www.wikidata.org/entity/Q126698274>	"P571"	1799-01-01T00:00:00Z	7
<http://www.wikidata.org/entity/Q126698249>	"P571"	1799-01-01T00:00:00Z	7
<http://www.wikidata.org/entity/Q126716103>	"P571"	1799-01-01T00:00:00Z	7
<http://www.wikidata.org/entity/Q126713420>	"P571"	1799-01-01T00:00:00Z	7
<http://www.wikidata.org/entity/Q126713416>	"P571"	1799-01-01T00:00:00Z	7
<http://www.wikidata.org/entity/Q126716105>	"P571"	1799-01-01T00:00:00Z	7
<http://www.wikidata.org/entity/Q124661738>	"P571"	1799-01-01T00:00:00Z	7
<http://www.wikidata.org/entity/Q126712351>	"P571"	1799-01-01T00:00:00Z	7
<http://www.wikidata.org/entity/Q126712345>	"P571"	1799-01-01T00:00:00Z	7
<http://www.wikidata.org/entity/Q126712326>	"P571"	1799-01-01T00:00:00Z	7
<http://www.wikidata.org/entity/Q126716579>	"P571"	1799-01-01T00:00:00Z	7
<http://www.wikidata.org/entity/Q126704733>	"P571"	1799-01-01T00:00:00Z	7
<http://www.wikidata.org/entity/Q126712336>	"P571"	1799-01-01T00:00:00Z	7
<http://www.wikidata.org/entity/Q126712335>	"P571"	1799-01-01T00:00:00Z	7
<http://www.wikidata.org/entity/Q126706967>	"P571"	1799-01-01T00:00:00Z	7
<http://www.wikidata.org/entity/Q126707022>	"P571"	1799-01-01T00:00:00Z	7
<http://www.wikidata.org/entity/Q126700594>	"P571"	1799-01-01T00:00:00Z	7
<http://www.wikidata.org/entity/Q126700647>	"P571"	1799-01-01T00:00:00Z	7
<http://www.wikidata.org/entity/Q126700669>	"P571"	1799-01-01T00:00:00Z	7
<http://www.wikidata.org/entity/Q126706984>	"P571"	1799-01-01T00:00:00Z	7
<http://www.wikidata.org/entity/Q126701077>	"P571"	1799-01-01T00:00:00Z	7
<http://www.wikidata.org/entity/Q126701545>	"P571"	1799-01-01T00:00:00Z	7
<http://www.wikidata.org/entity/Q126701642>	"P571"	1799-01-01T00:00:00Z	7
<http://www.wikidata.org/entity/Q126700368>	"P571"	1799-01-01T00:00:00Z	7
<http://www.wikidata.org/entity/Q126701657>	"P571"	1799-01-01T00:00:00Z	7
<http://www.wikidata.org/entity/Q126702634>	"P571"	1799-01-01T00:00:00Z	7
<http://www.wikidata.org/entity/Q126702637>	"P571"	1799-01-01T00:00:00Z	7
<http://www.wikidata.org/entity/Q126705321>	"P571"	1799-01-01T00:00:00Z	7
<http://www.wikidata.org/entity/Q126705228>	"P571"	1799-01-01T00:00:00Z	7
<http://www.wikidata.org/entity/Q126704730>	"P571"	1799-01-01T00:00:00Z	7
<http://www.wikidata.org/entity/Q126704732>	"P571"	1799-01-01T00:00:00Z	7
<http://www.wikidata.org/entity/Q126707173>	"P571"	1799-01-01T00:00:00Z	7
<http://www.wikidata.org/entity/Q126700556>	"P571"	1799-01-01T00:00:00Z	7
<http://www.wikidata.org/entity/Q126711176>	"P571"	1799-01-01T00:00:00Z	7
<http://www.wikidata.org/entity/Q126700309>	"P571"	1799-01-01T00:00:00Z	7
<http://www.wikidata.org/entity/Q126711846>	"P571"	1799-01-01T00:00:00Z	7
<http://www.wikidata.org/entity/Q126711850>	"P571"	1799-01-01T00:00:00Z	7
<http://www.wikidata.org/entity/Q126711855>	"P571"	1799-01-01T00:00:00Z	7
<http://www.wikidata.org/entity/Q126712153>	"P571"	1799-01-01T00:00:00Z	7
<http://www.wikidata.org/entity/Q126712154>	"P571"	1799-01-01T00:00:00Z	7
<http://www.wikidata.org/entity/Q126700563>	"P571"	1799-01-01T00:00:00Z	7
<http://www.wikidata.org/entity/Q126700409>	"P571"	1799-01-01T00:00:00Z	7
<http://www.wikidata.org/entity/Q126712174>	"P571"	1799-01-01T00:00:00Z	7
<http://www.wikidata.org/entity/Q126700414>	"P571"	1799-01-01T00:00:00Z	7
<http://www.wikidata.org/entity/Q47037397>	"P571"	1799-01-01T00:00:00Z	7
<http://www.wikidata.org/entity/Q17861922>	"P571"	1799-01-01T00:00:00Z	7
<http://www.wikidata.org/entity/Q17861923>	"P571"	1799-01-01T00:00:00Z	7
<http://www.wikidata.org/entity/Q3276559>	"P571"	1792-01-01T00:00:00Z	9
<http://www.wikidata.org/entity/Q21406765>	"P571"	1792-01-01T00:00:00Z	9
<http://www.wikidata.org/entity/Q48844782>	"P571"	1792-01-01T00:00:00Z	9
<http://www.wikidata.org/entity/Q136416306>	"P571"	1792-01-01T00:00:00Z	9
<http://www.wikidata.org/entity/Q16247870>	"P571"	1792-01-01T00:00:00Z	9
<http://www.wikidata.org/entity/Q5576938>	"P571"	1792-01-01T00:00:00Z	9
<http://www.wikidata.org/entity/Q87331683>	"P571"	1792-01-01T00:00:00Z	9
<http://www.wikidata.org/entity/Q57265538>	"P571"	1792-01-01T00:00:00Z	9
<http://www.wikidata.org/entity/Q56669520>	"P571"	1792-01-01T00:00:00Z	9
<http://www.wikidata.org/entity/Q105563498>	"P571"	1713-01-01T00:00:00Z	7
<http://www.wikidata.org/entity/Q30055234>	"P571"	1600-01-01T00:00:00Z	7
<http://www.wikidata.org/entity/Q30089405>	"P571"	1600-01-01T00:00:00Z	7
<http://www.wikidata.org/entity/Q49456711>	"P571"	1896-01-01T00:00:00Z	9
<http://www.wikidata.org/entity/Q49342501>	"P571"	1896-01-01T00:00:00Z	9
<http://www.wikidata.org/entity/Q112103728>	"P571"	1760-01-01T00:00:00Z	8
<http://www.wikidata.org/entity/Q17536163>	"P571"	1760-01-01T00:00:00Z	8
<http://www.wikidata.org/entity/Q113627716>	"P571"	1785-01-01T00:00:00Z	9
<http://www.wikidata.org/entity/Q1070410>	"P571"	1785-01-01T00:00:00Z	9
<http://www.wikidata.org/entity/Q4211282>	"P571"	1785-01-01T00:00:00Z	9
<http://www.wikidata.org/entity/Q37271007>	"P571"	1785-01-01T00:00:00Z	9
<http://www.wikidata.org/entity/Q5104362>	"P571"	1785-01-01T00:00:00Z	9
<http://www.wikidata.org/entity/Q623417>	"P1249"	1785-01-01T00:00:00Z	9
<http://www.wikidata.org/entity/Q47007490>	"P571"	1801-01-01T00:00:00Z	7
<http://www.wikidata.org/entity/Q47005930>	"P571"	1801-01-01T00:00:00Z	7
<http://www.wikidata.org/entity/Q46382658>	"P571"	1801-01-01T00:00:00Z	7
<http://www.wikidata.org/entity/Q45987917>	"P571"	1801-01-01T00:00:00Z	7
<http://www.wikidata.org/entity/Q55425099>	"P571"	1801-01-01T00:00:00Z	7
<http://www.wikidata.org/entity/Q49385605>	"P571"	1876-03-22T00:00:00Z	11
<http://www.wikidata.org/entity/Q12061099>	"P571"	1784-01-01T00:00:00Z	9
<http://www.wikidata.org/entity/Q113577841>	"P571"	1784-01-01T00:00:00Z	9
<http://www.wikidata.org/entity/Q118121964>	"P571"	1784-01-01T00:00:00Z	9
<http://www.wikidata.org/entity/Q17571515>	"P571"	1784-01-01T00:00:00Z	9
<http://www.wikidata.org/entity/Q22924140>	"P571"	1784-01-01T00:00:00Z	9
<http://www.wikidata.org/entity/Q7674672>	"P571"	1784-01-01T00:00:00Z	9
<http://www.wikidata.org/entity/Q124545755>	"P571"	1912-12-01T00:00:00Z	10
<http://www.wikidata.org/entity/Q3397110>	"P571"	1907-05-01T00:00:00Z	10
<http://www.wikidata.org/entity/Q109653145>	"P571"	1728-01-01T00:00:00Z	9
<http://www.wikidata.org/entity/Q3397360>	"P571"	1728-01-01T00:00:00Z	9
<http://www.wikidata.org/entity/Q135189368>	"P571"	1728-01-01T00:00:00Z	9
<http://www.wikidata.org/entity/Q55089292>	"P571"	1728-01-01T00:00:00Z	9
<http://www.wikidata.org/entity/Q97596255>	"P571"	1728-01-01T00:00:00Z	9
<http://www.wikidata.org/entity/Q126704535>	"P571"	1859-01-01T00:00:00Z	7
<http://www.wikidata.org/entity/Q126706981>	"P571"	1859-01-01T00:00:00Z	7
<http://www.wikidata.org/entity/Q126706719>	"P571"	1859-01-01T00:00:00Z	7
<http://www.wikidata.org/entity/Q126705804>	"P571"	1859-01-01T00:00:00Z	7
<http://www.wikidata.org/entity/Q126705699>	"P571"	1859-01-01T00:00:00Z	7
<http://www.wikidata.org/entity/Q126705628>	"P571"	1859-01-01T00:00:00Z	7
<http://www.wikidata.org/entity/Q126705626>	"P571"	1859-01-01T00:00:00Z	7
<http://www.wikidata.org/entity/Q126705625>	"P571"	1859-01-01T00:00:00Z	7
<http://www.wikidata.org/entity/Q126705619>	"P571"	1859-01-01T00:00:00Z	7
<http://www.wikidata.org/entity/Q126705322>	"P571"	1859-01-01T00:00:00Z	7
<http://www.wikidata.org/entity/Q126707000>	"P571"	1859-01-01T00:00:00Z	7
<http://www.wikidata.org/entity/Q126704534>	"P571"	1859-01-01T00:00:00Z	7
<http://www.wikidata.org/entity/Q126704533>	"P571"	1859-01-01T00:00:00Z	7
<http://www.wikidata.org/entity/Q126704238>	"P571"	1859-01-01T00:00:00Z	7
<http://www.wikidata.org/entity/Q126704219>	"P571"	1859-01-01T00:00:00Z	7
<http://www.wikidata.org/entity/Q126704009>	"P571"	1859-01-01T00:00:00Z	7
<http://www.wikidata.org/entity/Q126704008>	"P571"	1859-01-01T00:00:00Z	7
<http://www.wikidata.org/entity/Q126703841>	"P571"	1859-01-01T00:00:00Z	7
<http://www.wikidata.org/entity/Q126703000>	"P571"	1859-01-01T00:00:00Z	7
<http://www.wikidata.org/entity/Q126702572>	"P571"	1859-01-01T00:00:00Z	7
<http://www.wikidata.org/entity/Q126711161>	"P571"	1859-01-01T00:00:00Z	7
<http://www.wikidata.org/entity/Q126712882>	"P571"	1859-01-01T00:00:00Z	7
<http://www.wikidata.org/entity/Q126712252>	"P571"	1859-01-01T00:00:00Z	7
<http://www.wikidata.org/entity/Q126712243>	"P571"	1859-01-01T00:00:00Z	7
<http://www.wikidata.org/entity/Q126711852>	"P571"	1859-01-01T00:00:00Z	7
<http://www.wikidata.org/entity/Q126711808>	"P571"	1859-01-01T00:00:00Z	7
<http://www.wikidata.org/entity/Q126711805>	"P571"	1859-01-01T00:00:00Z	7
<http://www.wikidata.org/entity/Q126711623>	"P571"	1859-01-01T00:00:00Z	7
<http://www.wikidata.org/entity/Q126711422>	"P571"	1859-01-01T00:00:00Z	7
<http://www.wikidata.org/entity/Q126711179>	"P571"	1859-01-01T00:00:00Z	7
<http://www.wikidata.org/entity/Q126702565>	"P571"	1859-01-01T00:00:00Z	7
<http://www.wikidata.org/entity/Q126710754>	"P571"	1859-01-01T00:00:00Z	7
<http://www.wikidata.org/entity/Q126707365>	"P571"	1859-01-01T00:00:00Z	7
<http://www.wikidata.org/entity/Q126707220>	"P571"	1859-01-01T00:00:00Z	7
<http://www.wikidata.org/entity/Q126707090>	"P571"	1859-01-01T00:00:00Z	7
<http://www.wikidata.org/entity/Q126707088>	"P571"	1859-01-01T00:00:00Z	7
<http://www.wikidata.org/entity/Q126707031>	"P571"	1859-01-01T00:00:00Z	7
<http://www.wikidata.org/entity/Q126707030>	"P571"	1859-01-01T00:00:00Z	7
<http://www.wikidata.org/entity/Q126707024>	"P571"	1859-01-01T00:00:00Z	7
<http://www.wikidata.org/entity/Q126707018>	"P571"	1859-01-01T00:00:00Z	7
<http://www.wikidata.org/entity/Q126700416>	"P571"	1859-01-01T00:00:00Z	7
<http://www.wikidata.org/entity/Q126700627>	"P571"	1859-01-01T00:00:00Z	7
<http://www.wikidata.org/entity/Q126700567>	"P571"	1859-01-01T00:00:00Z	7
<http://www.wikidata.org/entity/Q126700536>	"P571"	1859-01-01T00:00:00Z	7
<http://www.wikidata.org/entity/Q126700524>	"P571"	1859-01-01T00:00:00Z	7
<http://www.wikidata.org/entity/Q126700500>	"P571"	1859-01-01T00:00:00Z	7
<http://www.wikidata.org/entity/Q126700441>	"P571"	1859-01-01T00:00:00Z	7
<http://www.wikidata.org/entity/Q126700433>	"P571"	1859-01-01T00:00:00Z	7
<http://www.wikidata.org/entity/Q126700424>	"P571"	1859-01-01T00:00:00Z	7
<http://www.wikidata.org/entity/Q126700422>	"P571"	1859-01-01T00:00:00Z	7
<http://www.wikidata.org/entity/Q126700641>	"P571"	1859-01-01T00:00:00Z	7
<http://www.wikidata.org/entity/Q126700415>	"P571"	1859-01-01T00:00:00Z	7
<http://www.wikidata.org/entity/Q126700392>	"P571"	1859-01-01T00:00:00Z	7
<http://www.wikidata.org/entity/Q126700353>	"P571"	1859-01-01T00:00:00Z	7
<http://www.wikidata.org/entity/Q126700308>	"P571"	1859-01-01T00:00:00Z	7
<http://www.wikidata.org/entity/Q126700305>	"P571"	1859-01-01T00:00:00Z	7
<http://www.wikidata.org/entity/Q126700302>	"P571"	1859-01-01T00:00:00Z	7
<http://www.wikidata.org/entity/Q126699726>	"P571"	1859-01-01T00:00:00Z	7
<http://www.wikidata.org/entity/Q126699725>	"P571"	1859-01-01T00:00:00Z	7
<http://www.wikidata.org/entity/Q12066706>	"P571"	1859-01-01T00:00:00Z	7
<http://www.wikidata.org/entity/Q126701649>	"P571"	1859-01-01T00:00:00Z	7
<http://www.wikidata.org/entity/Q126702564>	"P571"	1859-01-01T00:00:00Z	7
<http://www.wikidata.org/entity/Q126702524>	"P571"	1859-01-01T00:00:00Z	7
<http://www.wikidata.org/entity/Q126702523>	"P571"	1859-01-01T00:00:00Z	7
<http://www.wikidata.org/entity/Q126702521>	"P571"	1859-01-01T00:00:00Z	7
<http://www.wikidata.org/entity/Q126702512>	"P571"	1859-01-01T00:00:00Z	7
<http://www.wikidata.org/entity/Q126702492>	"P571"	1859-01-01T00:00:00Z	7
<http://www.wikidata.org/entity/Q126701794>	"P571"	1859-01-01T00:00:00Z	7
<http://www.wikidata.org/entity/Q126701791>	"P571"	1859-01-01T00:00:00Z	7
<http://www.wikidata.org/entity/Q126701789>	"P571"	1859-01-01T00:00:00Z	7
<http://www.wikidata.org/entity/Q126712797>	"P571"	1859-01-01T00:00:00Z	7
<http://www.wikidata.org/entity/Q126701643>	"P571"	1859-01-01T00:00:00Z	7
<http://www.wikidata.org/entity/Q126701636>	"P571"	1859-01-01T00:00:00Z	7
<http://www.wikidata.org/entity/Q126701628>	"P571"	1859-01-01T00:00:00Z	7
<http://www.wikidata.org/entity/Q126701240>	"P571"	1859-01-01T00:00:00Z	7
<http://www.wikidata.org/entity/Q126700853>	"P571"	1859-01-01T00:00:00Z	7
<http://www.wikidata.org/entity/Q126700852>	"P571"	1859-01-01T00:00:00Z	7
<http://www.wikidata.org/entity/Q126700673>	"P571"	1859-01-01T00:00:00Z	7
<http://www.wikidata.org/entity/Q126700670>	"P571"	1859-01-01T00:00:00Z	7
<http://www.wikidata.org/entity/Q126700645>	"P571"	1859-01-01T00:00:00Z	7
<http://www.wikidata.org/entity/Q126716068>	"P571"	1859-01-01T00:00:00Z	7
<http://www.wikidata.org/entity/Q126716463>	"P571"	1859-01-01T00:00:00Z	7
<http://www.wikidata.org/entity/Q126716462>	"P571"	1859-01-01T00:00:00Z	7
<http://www.wikidata.org/entity/Q126716449>	"P571"	1859-01-01T00:00:00Z	7
<http://www.wikidata.org/entity/Q126716448>	"P571"	1859-01-01T00:00:00Z	7
<http://www.wikidata.org/entity/Q126716321>	"P571"	1859-01-01T00:00:00Z	7
<http://www.wikidata.org/entity/Q126716291>	"P571"	1859-01-01T00:00:00Z	7
<http://www.wikidata.org/entity/Q126716147>	"P571"	1859-01-01T00:00:00Z	7
<http://www.wikidata.org/entity/Q126716142>	"P571"	1859-01-01T00:00:00Z	7
<http://www.wikidata.org/entity/Q126716141>	"P571"	1859-01-01T00:00:00Z	7
<http://www.wikidata.org/entity/Q126716470>	"P571"	1859-01-01T00:00:00Z	7
<http://www.wikidata.org/entity/Q126716047>	"P571"	1859-01-01T00:00:00Z	7
<http://www.wikidata.org/entity/Q126715518>	"P571"	1859-01-01T00:00:00Z	7
<http://www.wikidata.org/entity/Q126715153>	"P571"	1859-01-01T00:00:00Z	7
<http://www.wikidata.org/entity/Q126715140>	"P571"	1859-01-01T00:00:00Z	7
<http://www.wikidata.org/entity/Q126715135>	"P571"	1859-01-01T00:00:00Z	7
<http://www.wikidata.org/entity/Q126715124>	"P571"	1859-01-01T00:00:00Z	7
<http://www.wikidata.org/entity/Q126715119>	"P571"	1859-01-01T00:00:00Z	7
<http://www.wikidata.org/entity/Q126715041>	"P571"	1859-01-01T00:00:00Z	7
<http://www.wikidata.org/entity/Q126715018>	"P571"	1859-01-01T00:00:00Z	7
<http://www.wikidata.org/entity/Q126716548>	"P571"	1859-01-01T00:00:00Z	7
<http://www.wikidata.org/entity/Q126717348>	"P571"	1859-01-01T00:00:00Z	7
<http://www.wikidata.org/entity/Q126717306>	"P571"	1859-01-01T00:00:00Z	7
<http://www.wikidata.org/entity/Q126717304>	"P571"	1859-01-01T00:00:00Z	7
<http://www.wikidata.org/entity/Q126716860>	"P571"	1859-01-01T00:00:00Z	7
<http://www.wikidata.org/entity/Q126716774>	"P571"	1859-01-01T00:00:00Z	7
<http://www.wikidata.org/entity/Q126716762>	"P571"	1859-01-01T00:00:00Z	7
<http://www.wikidata.org/entity/Q126716749>	"P571"	1859-01-01T00:00:00Z	7
<http://www.wikidata.org/entity/Q126716634>	"P571"	1859-01-01T00:00:00Z	7
<http://www.wikidata.org/entity/Q126716552>	"P571"	1859-01-01T00:00:00Z	7
<http://www.wikidata.org/entity/Q126713034>	"P571"	1859-01-01T00:00:00Z	7
<http://www.wikidata.org/entity/Q126716525>	"P571"	1859-01-01T00:00:00Z	7
<http://www.wikidata.org/entity/Q126716497>	"P571"	1859-01-01T00:00:00Z	7
<http://www.wikidata.org/entity/Q126716492>	"P571"	1859-01-01T00:00:00Z	7
<http://www.wikidata.org/entity/Q126716491>	"P571"	1859-01-01T00:00:00Z	7
<http://www.wikidata.org/entity/Q126716490>	"P571"	1859-01-01T00:00:00Z	7
<http://www.wikidata.org/entity/Q126716486>	"P571"	1859-01-01T00:00:00Z	7
<http://www.wikidata.org/entity/Q126716485>	"P571"	1859-01-01T00:00:00Z	7
<http://www.wikidata.org/entity/Q126716483>	"P571"	1859-01-01T00:00:00Z	7
<http://www.wikidata.org/entity/Q126716479>	"P571"	1859-01-01T00:00:00Z	7
<http://www.wikidata.org/entity/Q126713486>	"P571"	1859-01-01T00:00:00Z	7
<http://www.wikidata.org/entity/Q126713829>	"P571"	1859-01-01T00:00:00Z	7
<http://www.wikidata.org/entity/Q126713806>	"P571"	1859-01-01T00:00:00Z	7
<http://www.wikidata.org/entity/Q126713804>	"P571"	1859-01-01T00:00:00Z	7
<http://www.wikidata.org/entity/Q126713770>	"P571"	1859-01-01T00:00:00Z	7
<http://www.wikidata.org/entity/Q126713739>	"P571"	1859-01-01T00:00:00Z	7
<http://www.wikidata.org/entity/Q126713637>	"P571"	1859-01-01T00:00:00Z	7
<http://www.wikidata.org/entity/Q126713591>	"P571"	1859-01-01T00:00:00Z	7
<http://www.wikidata.org/entity/Q126713555>	"P571"	1859-01-01T00:00:00Z	7
<http://www.wikidata.org/entity/Q126713525>	"P571"	1859-01-01T00:00:00Z	7
<http://www.wikidata.org/entity/Q126715003>	"P571"	1859-01-01T00:00:00Z	7
<http://www.wikidata.org/entity/Q126713481>	"P571"	1859-01-01T00:00:00Z	7
<http://www.wikidata.org/entity/Q126713477>	"P571"	1859-01-01T00:00:00Z	7
<http://www.wikidata.org/entity/Q126713424>	"P571"	1859-01-01T00:00:00Z	7
<http://www.wikidata.org/entity/Q126713410>	"P571"	1859-01-01T00:00:00Z	7
<http://www.wikidata.org/entity/Q126713405>	"P571"	1859-01-01T00:00:00Z	7
<http://www.wikidata.org/entity/Q126713362>	"P571"	1859-01-01T00:00:00Z	7
<http://www.wikidata.org/entity/Q126713358>	"P571"	1859-01-01T00:00:00Z	7
<http://www.wikidata.org/entity/Q126713355>	"P571"	1859-01-01T00:00:00Z	7
<http://www.wikidata.org/entity/Q126713933>	"P571"	1859-01-01T00:00:00Z	7
<http://www.wikidata.org/entity/Q126715017>	"P571"	1859-01-01T00:00:00Z	7
<http://www.wikidata.org/entity/Q126715001>	"P571"	1859-01-01T00:00:00Z	7
<http://www.wikidata.org/entity/Q126714998>	"P571"	1859-01-01T00:00:00Z	7
<http://www.wikidata.org/entity/Q126714962>	"P571"	1859-01-01T00:00:00Z	7
<http://www.wikidata.org/entity/Q126714835>	"P571"	1859-01-01T00:00:00Z	7
<http://www.wikidata.org/entity/Q126714833>	"P571"	1859-01-01T00:00:00Z	7
<http://www.wikidata.org/entity/Q126714115>	"P571"	1859-01-01T00:00:00Z	7
<http://www.wikidata.org/entity/Q126714111>	"P571"	1859-01-01T00:00:00Z	7
<http://www.wikidata.org/entity/Q126714094>	"P571"	1859-01-01T00:00:00Z	7
<http://www.wikidata.org/entity/Q126714093>	"P571"	1859-01-01T00:00:00Z	7
<http://www.wikidata.org/entity/Q126714092>	"P571"	1859-01-01T00:00:00Z	7
<http://www.wikidata.org/entity/Q126714088>	"P571"	1859-01-01T00:00:00Z	7
<http://www.wikidata.org/entity/Q126714060>	"P571"	1859-01-01T00:00:00Z	7
<http://www.wikidata.org/entity/Q126714047>	"P571"	1859-01-01T00:00:00Z	7
<http://www.wikidata.org/entity/Q126714003>	"P571"	1859-01-01T00:00:00Z	7
<http://www.wikidata.org/entity/Q126713940>	"P571"	1859-01-01T00:00:00Z	7
<http://www.wikidata.org/entity/Q126713937>	"P571"	1859-01-01T00:00:00Z	7
<http://www.wikidata.org/entity/Q126713907>	"P571"	1859-01-01T00:00:00Z	7
<http://www.wikidata.org/entity/Q17860459>	"P571"	1859-01-01T00:00:00Z	7
<http://www.wikidata.org/entity/Q17861942>	"P571"	1859-01-01T00:00:00Z	7
<http://www.wikidata.org/entity/Q17861814>	"P571"	1859-01-01T00:00:00Z	7
<http://www.wikidata.org/entity/Q17779912>	"P571"	1859-01-01T00:00:00Z	7
<http://www.wikidata.org/entity/Q17779904>	"P571"	1859-01-01T00:00:00Z	7
<http://www.wikidata.org/entity/Q17779593>	"P571"	1859-01-01T00:00:00Z	7
<http://www.wikidata.org/entity/Q17860419>	"P571"	1859-01-01T00:00:00Z	7
<http://www.wikidata.org/entity/Q136997235>	"P571"	1634-01-01T00:00:00Z	9
<http://www.wikidata.org/entity/Q12287394>	"P571"	1727-01-01T00:00:00Z	9
<http://www.wikidata.org/entity/Q22938475>	"P571"	1727-01-01T00:00:00Z	9
<http://www.wikidata.org/entity/Q137552879>	"P571"	1727-01-01T00:00:00Z	9
<http://www.wikidata.org/entity/Q100611547>	"P571"	1891-01-01T00:00:00Z	9
<http://www.wikidata.org/entity/Q121780025>	"P571"	1891-01-01T00:00:00Z	9
<http://www.wikidata.org/entity/Q116252428>	"P571"	1891-01-01T00:00:00Z	9
<http://www.wikidata.org/entity/Q116208127>	"P571"	1891-01-01T00:00:00Z	9
<http://www.wikidata.org/entity/Q117313408>	"P571"	1891-01-01T00:00:00Z	9
<http://www.wikidata.org/entity/Q20108691>	"P571"	1891-01-01T00:00:00Z	9
<http://www.wikidata.org/entity/Q358267>	"P571"	1891-01-01T00:00:00Z	9
<http://www.wikidata.org/entity/Q137560515>	"P571"	1891-01-01T00:00:00Z	9
<http://www.wikidata.org/entity/Q20492232>	"P571"	1891-01-01T00:00:00Z	9
<http://www.wikidata.org/entity/Q134661413>	"P571"	1891-01-01T00:00:00Z	9
<http://www.wikidata.org/entity/Q18005885>	"P571"	1891-01-01T00:00:00Z	9
<http://www.wikidata.org/entity/Q17853096>	"P571"	1891-01-01T00:00:00Z	9
<http://www.wikidata.org/entity/Q16889447>	"P571"	1891-01-01T00:00:00Z	9
<http://www.wikidata.org/entity/Q17331187>	"P571"	1891-01-01T00:00:00Z	9
<http://www.wikidata.org/entity/Q17771306>	"P571"	1891-01-01T00:00:00Z	9
<http://www.wikidata.org/entity/Q26337265>	"P571"	1891-01-01T00:00:00Z	9
<http://www.wikidata.org/entity/Q21730814>	"P571"	1891-01-01T00:00:00Z	9
<http://www.wikidata.org/entity/Q65943214>	"P571"	1891-01-01T00:00:00Z	9
<http://www.wikidata.org/entity/Q77779224>	"P571"	1891-01-01T00:00:00Z	9
<http://www.wikidata.org/entity/Q882840>	"P571"	1891-01-01T00:00:00Z	9
<http://www.wikidata.org/entity/Q96592315>	"P571"	1891-01-01T00:00:00Z	9
<http://www.wikidata.org/entity/Q995984>	"P571"	1891-01-01T00:00:00Z	9
<http://www.wikidata.org/entity/Q4851829>	"P571"	1848-08-09T00:00:00Z	11
<http://www.wikidata.org/entity/Q66814419>	"P571"	1608-01-01T00:00:00Z	9
<http://www.wikidata.org/entity/Q3556539>	"P571"	1908-09-26T00:00:00Z	11
<http://www.wikidata.org/entity/Q1234108>	"P571"	1808-01-01T00:00:00Z	9
<http://www.wikidata.org/entity/Q124504924>	"P571"	1808-01-01T00:00:00Z	9
<http://www.wikidata.org/entity/Q118121965>	"P571"	1808-01-01T00:00:00Z	9
<http://www.wikidata.org/entity/Q112243477>	"P571"	1808-01-01T00:00:00Z	9
<http://www.wikidata.org/entity/Q26469111>	"P571"	1808-01-01T00:00:00Z	9
<http://www.wikidata.org/entity/Q17571377>	"P571"	1808-01-01T00:00:00Z	9
<http://www.wikidata.org/entity/Q121094665>	"P571"	1906-01-01T00:00:00Z	9
<http://www.wikidata.org/entity/Q111603469>	"P571"	1906-01-01T00:00:00Z	9
<http://www.wikidata.org/entity/Q111821163>	"P571"	1906-01-01T00:00:00Z	9
<http://www.wikidata.org/entity/Q121378934>	"P571"	1906-01-01T00:00:00Z	9
<http://www.wikidata.org/entity/Q116137194>	"P571"	1906-01-01T00:00:00Z	9
<http://www.wikidata.org/entity/Q115910587>	"P571"	1906-01-01T00:00:00Z	9
<http://www.wikidata.org/entity/Q116512320>	"P571"	1906-01-01T00:00:00Z	9
<http://www.wikidata.org/entity/Q130244479>	"P571"	1906-01-01T00:00:00Z	9
<http://www.wikidata.org/entity/Q112944274>	"P571"	1906-01-01T00:00:00Z	9
<http://www.wikidata.org/entity/Q113496085>	"P571"	1906-01-01T00:00:00Z	9
<http://www.wikidata.org/entity/Q106484134>	"P571"	1906-01-01T00:00:00Z	9
<http://www.wikidata.org/entity/Q102360442>	"P571"	1906-01-01T00:00:00Z	9
<http://www.wikidata.org/entity/Q126363052>	"P571"	1906-01-01T00:00:00Z	9
<http://www.wikidata.org/entity/Q44689506>	"P571"	1906-01-01T00:00:00Z	9
<http://www.wikidata.org/entity/Q2258722>	"P571"	1906-01-01T00:00:00Z	9
<http://www.wikidata.org/entity/Q41413616>	"P571"	1906-01-01T00:00:00Z	9
<http://www.wikidata.org/entity/Q16889447>	"P571"	1906-01-01T00:00:00Z	9
<http://www.wikidata.org/entity/Q38048048>	"P571"	1906-01-01T00:00:00Z	9
<http://www.wikidata.org/entity/Q37775493>	"P571"	1906-01-01T00:00:00Z	9
<http://www.wikidata.org/entity/Q15109857>	"P571"	1906-01-01T00:00:00Z	9
<http://www.wikidata.org/entity/Q17779450>	"P571"	1906-01-01T00:00:00Z	9
<http://www.wikidata.org/entity/Q2009352>	"P571"	1906-01-01T00:00:00Z	9
<http://www.wikidata.org/entity/Q140249881>	"P571"	1906-01-01T00:00:00Z	9
<http://www.wikidata.org/entity/Q3397515>	"P571"	1906-01-01T00:00:00Z	9
<http://www.wikidata.org/entity/Q96592368>	"P571"	1906-01-01T00:00:00Z	9
<http://www.wikidata.org/entity/Q96592382>	"P571"	1906-01-01T00:00:00Z	9
<http://www.wikidata.org/entity/Q97370147>	"P571"	1906-01-01T00:00:00Z	9
<http://www.wikidata.org/entity/Q96101346>	"P571"	1906-01-01T00:00:00Z	9
<http://www.wikidata.org/entity/Q55048688>	"P571"	1906-01-01T00:00:00Z	9
<http://www.wikidata.org/entity/Q96380336>	"P571"	1906-01-01T00:00:00Z	9
<http://www.wikidata.org/entity/Q96101343>	"P571"	1906-01-01T00:00:00Z	9
<http://www.wikidata.org/entity/Q894195>	"P571"	1906-01-01T00:00:00Z	9
<http://www.wikidata.org/entity/Q7559951>	"P571"	1906-01-01T00:00:00Z	9
<http://www.wikidata.org/entity/Q52366586>	"P571"	1906-01-01T00:00:00Z	9
<http://www.wikidata.org/entity/Q56692394>	"P571"	1690-01-01T00:00:00Z	9
<http://www.wikidata.org/entity/Q57323897>	"P571"	1690-01-01T00:00:00Z	9
<http://www.wikidata.org/entity/Q109399097>	"P571"	1873-01-01T00:00:00Z	9
<http://www.wikidata.org/entity/Q107775141>	"P571"	1873-01-01T00:00:00Z	9
<http://www.wikidata.org/entity/Q12056807>	"P571"	1873-01-01T00:00:00Z	9
<http://www.wikidata.org/entity/Q110662873>	"P571"	1873-01-01T00:00:00Z	9
<http://www.wikidata.org/entity/Q131403358>	"P571"	1873-01-01T00:00:00Z	9
<http://www.wikidata.org/entity/Q113952684>	"P571"	1873-01-01T00:00:00Z	9
<http://www.wikidata.org/entity/Q123130413>	"P571"	1873-01-01T00:00:00Z	9
<http://www.wikidata.org/entity/Q124434101>	"P571"	1873-01-01T00:00:00Z	9
<http://www.wikidata.org/entity/Q124353399>	"P571"	1873-01-01T00:00:00Z	9
<http://www.wikidata.org/entity/Q38035515>	"P571"	1873-01-01T00:00:00Z	9
<http://www.wikidata.org/entity/Q1552146>	"P571"	1873-01-01T00:00:00Z	9
<http://www.wikidata.org/entity/Q17830700>	"P571"	1873-01-01T00:00:00Z	9
<http://www.wikidata.org/entity/Q137939484>	"P571"	1873-01-01T00:00:00Z	9
<http://www.wikidata.org/entity/Q38035515>	"P571"	1873-01-01T00:00:00Z	9
<http://www.wikidata.org/entity/Q28090235>	"P571"	1873-01-01T00:00:00Z	9
<http://www.wikidata.org/entity/Q17439813>	"P571"	1873-01-01T00:00:00Z	9
<http://www.wikidata.org/entity/Q15060225>	"P571"	1873-01-01T00:00:00Z	9
<http://www.wikidata.org/entity/Q87189229>	"P571"	1873-01-01T00:00:00Z	9
<http://www.wikidata.org/entity/Q49257584>	"P571"	1873-01-01T00:00:00Z	9
<http://www.wikidata.org/entity/Q99264018>	"P571"	1873-01-01T00:00:00Z	9
<http://www.wikidata.org/entity/Q874989>	"P571"	1873-01-01T00:00:00Z	9
<http://www.wikidata.org/entity/Q114851260>	"P571"	1899-01-01T00:00:00Z	9
<http://www.wikidata.org/entity/Q11853481>	"P571"	1899-01-01T00:00:00Z	9
<http://www.wikidata.org/entity/Q102360560>	"P571"	1899-01-01T00:00:00Z	9
<http://www.wikidata.org/entity/Q11898665>	"P571"	1899-01-01T00:00:00Z	9
<http://www.wikidata.org/entity/Q109651592>	"P571"	1899-01-01T00:00:00Z	9
<http://www.wikidata.org/entity/Q12047874>	"P571"	1899-01-01T00:00:00Z	9
<http://www.wikidata.org/entity/Q116393449>	"P571"	1899-01-01T00:00:00Z	9
<http://www.wikidata.org/entity/Q120197097>	"P571"	1899-01-01T00:00:00Z	9
<http://www.wikidata.org/entity/Q120196990>	"P571"	1899-01-01T00:00:00Z	9
<http://www.wikidata.org/entity/Q132176892>	"P571"	1899-01-01T00:00:00Z	9
<http://www.wikidata.org/entity/Q1746540>	"P571"	1899-01-01T00:00:00Z	9
<http://www.wikidata.org/entity/Q1957842>	"P571"	1899-01-01T00:00:00Z	9
<http://www.wikidata.org/entity/Q2067713>	"P571"	1899-01-01T00:00:00Z	9
<http://www.wikidata.org/entity/Q17795388>	"P571"	1899-01-01T00:00:00Z	9
<http://www.wikidata.org/entity/Q21534880>	"P571"	1899-01-01T00:00:00Z	9
<http://www.wikidata.org/entity/Q137274598>	"P571"	1899-01-01T00:00:00Z	9
<http://www.wikidata.org/entity/Q1635577>	"P571"	1899-01-01T00:00:00Z	9
<http://www.wikidata.org/entity/Q18027103>	"P571"	1899-01-01T00:00:00Z	9
<http://www.wikidata.org/entity/Q1418533>	"P571"	1899-01-01T00:00:00Z	9
<http://www.wikidata.org/entity/Q36867879>	"P571"	1899-01-01T00:00:00Z	9
<http://www.wikidata.org/entity/Q14704545>	"P571"	1899-01-01T00:00:00Z	9
<http://www.wikidata.org/entity/Q2117657>	"P571"	1899-01-01T00:00:00Z	9
<http://www.wikidata.org/entity/Q2103876>	"P571"	1899-01-01T00:00:00Z	9
<http://www.wikidata.org/entity/Q138821003>	"P571"	1899-01-01T00:00:00Z	9
<http://www.wikidata.org/entity/Q3980145>	"P571"	1899-01-01T00:00:00Z	9
<http://www.wikidata.org/entity/Q138562117>	"P571"	1899-01-01T00:00:00Z	9
<http://www.wikidata.org/entity/Q161907>	"P571"	1899-01-01T00:00:00Z	9
<http://www.wikidata.org/entity/Q92373010>	"P571"	1899-01-01T00:00:00Z	9
<http://www.wikidata.org/entity/Q92375962>	"P571"	1899-01-01T00:00:00Z	9
<http://www.wikidata.org/entity/Q96101330>	"P571"	1899-01-01T00:00:00Z	9
<http://www.wikidata.org/entity/Q96592288>	"P571"	1899-01-01T00:00:00Z	9
<http://www.wikidata.org/entity/Q92379202>	"P571"	1899-01-01T00:00:00Z	9
<http://www.wikidata.org/entity/Q97478210>	"P571"	1899-01-01T00:00:00Z	9
<http://www.wikidata.org/entity/Q96101332>	"P571"	1899-01-01T00:00:00Z	9
<http://www.wikidata.org/entity/Q5123472>	"P571"	1899-01-01T00:00:00Z	9
<http://www.wikidata.org/entity/Q92377585>	"P571"	1899-01-01T00:00:00Z	9
<http://www.wikidata.org/entity/Q49449130>	"P571"	1899-01-01T00:00:00Z	9
<http://www.wikidata.org/entity/Q65770018>	"P571"	1899-01-01T00:00:00Z	9
<http://www.wikidata.org/entity/Q92380324>	"P571"	1899-01-01T00:00:00Z	9
<http://www.wikidata.org/entity/Q4962794>	"P571"	1899-01-01T00:00:00Z	9
<http://www.wikidata.org/entity/Q50322331>	"P571"	1899-01-01T00:00:00Z	9
<http://www.wikidata.org/entity/Q33135307>	"P571"	1910-01-01T00:00:00Z	9
<http://www.wikidata.org/entity/Q32032713>	"P571"	1910-01-01T00:00:00Z	9
<http://www.wikidata.org/entity/Q42414275>	"P571"	1910-01-01T00:00:00Z	9
<http://www.wikidata.org/entity/Q31123948>	"P571"	1910-01-01T00:00:00Z	9
<http://www.wikidata.org/entity/Q107463078>	"P571"	1843-01-01T00:00:00Z	9
<http://www.wikidata.org/entity/Q4679099>	"P571"	1843-01-01T00:00:00Z	9
<http://www.wikidata.org/entity/Q29575958>	"P571"	1843-01-01T00:00:00Z	9
<http://www.wikidata.org/entity/Q2202527>	"P571"	1843-01-01T00:00:00Z	9
<http://www.wikidata.org/entity/Q29673177>	"P571"	1843-01-01T00:00:00Z	9
<http://www.wikidata.org/entity/Q26414732>	"P571"	1843-01-01T00:00:00Z	9
<http://www.wikidata.org/entity/Q139769920>	"P571"	1843-01-01T00:00:00Z	9
<http://www.wikidata.org/entity/Q26296953>	"P571"	1843-01-01T00:00:00Z	9
<http://www.wikidata.org/entity/Q139824704>	"P571"	1843-01-01T00:00:00Z	9
<http://www.wikidata.org/entity/Q2139186>	"P571"	1843-01-01T00:00:00Z	9
<http://www.wikidata.org/entity/Q96004400>	"P571"	1843-01-01T00:00:00Z	9
<http://www.wikidata.org/entity/Q67507135>	"P571"	1843-01-01T00:00:00Z	9
<http://www.wikidata.org/entity/Q57338971>	"P571"	1843-01-01T00:00:00Z	9
<http://www.wikidata.org/entity/Q49228961>	"P571"	1890-01-01T00:00:00Z	9
<http://www.wikidata.org/entity/Q49253173>	"P571"	1890-01-01T00:00:00Z	9
<http://www.wikidata.org/entity/Q49399433>	"P571"	1890-01-01T00:00:00Z	9
<http://www.wikidata.org/entity/Q49426223>	"P571"	1890-01-01T00:00:00Z	9
<http://www.wikidata.org/entity/Q49448142>	"P571"	1890-01-01T00:00:00Z	9
<http://www.wikidata.org/entity/Q49456667>	"P571"	1890-01-01T00:00:00Z	9
<http://www.wikidata.org/entity/Q49409536>	"P571"	1890-01-01T00:00:00Z	9
<http://www.wikidata.org/entity/Q49439025>	"P571"	1890-01-01T00:00:00Z	9
<http://www.wikidata.org/entity/Q49458548>	"P571"	1890-01-01T00:00:00Z	9
<http://www.wikidata.org/entity/Q49335006>	"P571"	1890-01-01T00:00:00Z	9
<http://www.wikidata.org/entity/Q49271841>	"P571"	1890-01-01T00:00:00Z	9
<http://www.wikidata.org/entity/Q49453901>	"P571"	1890-01-01T00:00:00Z	9
<http://www.wikidata.org/entity/Q49456893>	"P571"	1890-01-01T00:00:00Z	9
<http://www.wikidata.org/entity/Q49565341>	"P571"	1890-01-01T00:00:00Z	9
<http://www.wikidata.org/entity/Q49456900>	"P571"	1890-01-01T00:00:00Z	9
<http://www.wikidata.org/entity/Q49565344>	"P571"	1890-01-01T00:00:00Z	9
<http://www.wikidata.org/entity/Q49406195>	"P571"	1890-01-01T00:00:00Z	9
<http://www.wikidata.org/entity/Q49343627>	"P571"	1890-01-01T00:00:00Z	9
<http://www.wikidata.org/entity/Q49565542>	"P571"	1890-01-01T00:00:00Z	9
<http://www.wikidata.org/entity/Q49565637>	"P571"	1890-01-01T00:00:00Z	9
<http://www.wikidata.org/entity/Q49401308>	"P571"	1890-01-01T00:00:00Z	9
<http://www.wikidata.org/entity/Q49567406>	"P571"	1890-01-01T00:00:00Z	9
<http://www.wikidata.org/entity/Q49497046>	"P571"	1890-01-01T00:00:00Z	9
<http://www.wikidata.org/entity/Q49585626>	"P571"	1890-01-01T00:00:00Z	9
<http://www.wikidata.org/entity/Q49446398>	"P571"	1890-01-01T00:00:00Z	9
<http://www.wikidata.org/entity/Q49379472>	"P571"	1890-01-01T00:00:00Z	9
<http://www.wikidata.org/entity/Q49399101>	"P571"	1890-01-01T00:00:00Z	9
<http://www.wikidata.org/entity/Q49425505>	"P571"	1890-01-01T00:00:00Z	9
<http://www.wikidata.org/entity/Q49275692>	"P571"	1890-01-01T00:00:00Z	9
<http://www.wikidata.org/entity/Q10351496>	"P571"	1500-01-01T00:00:00Z	7
<http://www.wikidata.org/entity/Q137570019>	"P571"	1500-01-01T00:00:00Z	7
<http://www.wikidata.org/entity/Q11785802>	"P571"	1901-01-01T00:00:00Z	9
<http://www.wikidata.org/entity/Q113002867>	"P571"	1901-01-01T00:00:00Z	9
<http://www.wikidata.org/entity/Q13142833>	"P571"	1901-01-01T00:00:00Z	9
<http://www.wikidata.org/entity/Q1313829>	"P571"	1901-01-01T00:00:00Z	9
<http://www.wikidata.org/entity/Q10818461>	"P571"	1901-01-01T00:00:00Z	9
<http://www.wikidata.org/entity/Q109932621>	"P571"	1901-01-01T00:00:00Z	9
<http://www.wikidata.org/entity/Q110641834>	"P571"	1901-01-01T00:00:00Z	9
<http://www.wikidata.org/entity/Q111633030>	"P571"	1901-01-01T00:00:00Z	9
<http://www.wikidata.org/entity/Q108467293>	"P571"	1901-01-01T00:00:00Z	9
<http://www.wikidata.org/entity/Q108386507>	"P571"	1901-01-01T00:00:00Z	9
<http://www.wikidata.org/entity/Q113496088>	"P571"	1901-01-01T00:00:00Z	9
<http://www.wikidata.org/entity/Q130304671>	"P571"	1901-01-01T00:00:00Z	9
<http://www.wikidata.org/entity/Q2171374>	"P571"	1901-01-01T00:00:00Z	9
<http://www.wikidata.org/entity/Q48327047>	"P571"	1901-01-01T00:00:00Z	9
<http://www.wikidata.org/entity/Q19362586>	"P571"	1901-01-01T00:00:00Z	9
<http://www.wikidata.org/entity/Q136232596>	"P571"	1901-01-01T00:00:00Z	9
<http://www.wikidata.org/entity/Q136408958>	"P571"	1901-01-01T00:00:00Z	9
<http://www.wikidata.org/entity/Q136409039>	"P571"	1901-01-01T00:00:00Z	9
<http://www.wikidata.org/entity/Q436158>	"P571"	1901-01-01T00:00:00Z	9
<http://www.wikidata.org/entity/Q37318641>	"P571"	1901-01-01T00:00:00Z	9
<http://www.wikidata.org/entity/Q1456673>	"P571"	1901-01-01T00:00:00Z	9
<http://www.wikidata.org/entity/Q1497236>	"P571"	1901-01-01T00:00:00Z	9
<http://www.wikidata.org/entity/Q1497789>	"P571"	1901-01-01T00:00:00Z	9
<http://www.wikidata.org/entity/Q26558615>	"P571"	1901-01-01T00:00:00Z	9
<http://www.wikidata.org/entity/Q80679584>	"P571"	1901-01-01T00:00:00Z	9
<http://www.wikidata.org/entity/Q76096769>	"P571"	1901-01-01T00:00:00Z	9
<http://www.wikidata.org/entity/Q124813081>	"P571"	1647-01-01T00:00:00Z	9
<http://www.wikidata.org/entity/Q134561858>	"P571"	1647-01-01T00:00:00Z	9
<http://www.wikidata.org/entity/Q1900624>	"P571"	1888-01-01T00:00:00Z	9
<http://www.wikidata.org/entity/Q49448937>	"P571"	1888-01-01T00:00:00Z	9
<http://www.wikidata.org/entity/Q49353670>	"P571"	1888-01-01T00:00:00Z	9
<http://www.wikidata.org/entity/Q49452615>	"P571"	1888-01-01T00:00:00Z	9
<http://www.wikidata.org/entity/Q49447819>	"P571"	1888-01-01T00:00:00Z	9
<http://www.wikidata.org/entity/Q49494232>	"P571"	1810-01-01T00:00:00Z	9
<http://www.wikidata.org/entity/Q16065610>	"P571"	1764-01-01T00:00:00Z	9
<http://www.wikidata.org/entity/Q126700429>	"P571"	1699-01-01T00:00:00Z	7
<http://www.wikidata.org/entity/Q126703773>	"P571"	1699-01-01T00:00:00Z	7
<http://www.wikidata.org/entity/Q126706951>	"P571"	1699-01-01T00:00:00Z	7
<http://www.wikidata.org/entity/Q17861661>	"P571"	1699-01-01T00:00:00Z	7
<http://www.wikidata.org/entity/Q17861469>	"P571"	1699-01-01T00:00:00Z	7
<http://www.wikidata.org/entity/Q108874569>	"P571"	1800-01-01T00:00:00Z	7
<http://www.wikidata.org/entity/Q115657153>	"P571"	1800-01-01T00:00:00Z	7
<http://www.wikidata.org/entity/Q115707135>	"P571"	1800-01-01T00:00:00Z	7
<http://www.wikidata.org/entity/Q116970444>	"P571"	1800-01-01T00:00:00Z	7
<http://www.wikidata.org/entity/Q115707172>	"P571"	1800-01-01T00:00:00Z	7
<http://www.wikidata.org/entity/Q112102064>	"P571"	1800-01-01T00:00:00Z	7
<http://www.wikidata.org/entity/Q112097008>	"P571"	1800-01-01T00:00:00Z	7
<http://www.wikidata.org/entity/Q112096263>	"P571"	1800-01-01T00:00:00Z	7
<http://www.wikidata.org/entity/Q112088389>	"P571"	1800-01-01T00:00:00Z	7
<http://www.wikidata.org/entity/Q130474363>	"P571"	1800-01-01T00:00:00Z	7
<http://www.wikidata.org/entity/Q117457885>	"P571"	1800-01-01T00:00:00Z	7
<http://www.wikidata.org/entity/Q116001065>	"P571"	1800-01-01T00:00:00Z	7
<http://www.wikidata.org/entity/Q131562173>	"P571"	1800-01-01T00:00:00Z	7
<http://www.wikidata.org/entity/Q121503703>	"P571"	1800-01-01T00:00:00Z	7
<http://www.wikidata.org/entity/Q130899578>	"P571"	1800-01-01T00:00:00Z	7
<http://www.wikidata.org/entity/Q114679388>	"P571"	1800-01-01T00:00:00Z	7
<http://www.wikidata.org/entity/Q113124915>	"P571"	1800-01-01T00:00:00Z	7
<http://www.wikidata.org/entity/Q112638711>	"P571"	1800-01-01T00:00:00Z	7
<http://www.wikidata.org/entity/Q108615501>	"P571"	1800-01-01T00:00:00Z	7
<http://www.wikidata.org/entity/Q116200323>	"P571"	1800-01-01T00:00:00Z	7
<http://www.wikidata.org/entity/Q108615501>	"P571"	1800-01-01T00:00:00Z	7
<http://www.wikidata.org/entity/Q10351445>	"P571"	1800-01-01T00:00:00Z	7
<http://www.wikidata.org/entity/Q106489853>	"P571"	1800-01-01T00:00:00Z	7
<http://www.wikidata.org/entity/Q26439039>	"P571"	1800-01-01T00:00:00Z	7
<http://www.wikidata.org/entity/Q26566611>	"P571"	1800-01-01T00:00:00Z	7
<http://www.wikidata.org/entity/Q14623648>	"P571"	1800-01-01T00:00:00Z	7
<http://www.wikidata.org/entity/Q20499799>	"P571"	1800-01-01T00:00:00Z	7
<http://www.wikidata.org/entity/Q18915613>	"P571"	1800-01-01T00:00:00Z	7
<http://www.wikidata.org/entity/Q17606874>	"P571"	1800-01-01T00:00:00Z	7
<http://www.wikidata.org/entity/Q140570482>	"P571"	1800-01-01T00:00:00Z	7
<http://www.wikidata.org/entity/Q18005873>	"P571"	1800-01-01T00:00:00Z	7
<http://www.wikidata.org/entity/Q37022294>	"P571"	1800-01-01T00:00:00Z	7
<http://www.wikidata.org/entity/Q26300222>	"P571"	1800-01-01T00:00:00Z	7
<http://www.wikidata.org/entity/Q47166227>	"P571"	1800-01-01T00:00:00Z	7
<http://www.wikidata.org/entity/Q18464303>	"P571"	1800-01-01T00:00:00Z	7
<http://www.wikidata.org/entity/Q36861604>	"P571"	1800-01-01T00:00:00Z	7
<http://www.wikidata.org/entity/Q36855895>	"P571"	1800-01-01T00:00:00Z	7
<http://www.wikidata.org/entity/Q21077378>	"P571"	1800-01-01T00:00:00Z	7
<http://www.wikidata.org/entity/Q36857416>	"P571"	1800-01-01T00:00:00Z	7
<http://www.wikidata.org/entity/Q33026527>	"P571"	1800-01-01T00:00:00Z	7
<http://www.wikidata.org/entity/Q19593973>	"P571"	1800-01-01T00:00:00Z	7
<http://www.wikidata.org/entity/Q21849442>	"P571"	1800-01-01T00:00:00Z	7
<http://www.wikidata.org/entity/Q16738703>	"P571"	1800-01-01T00:00:00Z	7
<http://www.wikidata.org/entity/Q18005889>	"P571"	1800-01-01T00:00:00Z	7
<http://www.wikidata.org/entity/Q26639349>	"P571"	1800-01-01T00:00:00Z	7
<http://www.wikidata.org/entity/Q20108688>	"P571"	1800-01-01T00:00:00Z	7
<http://www.wikidata.org/entity/Q19594053>	"P571"	1800-01-01T00:00:00Z	7
<http://www.wikidata.org/entity/Q30102821>	"P571"	1800-01-01T00:00:00Z	7
<http://www.wikidata.org/entity/Q69080095>	"P571"	1800-01-01T00:00:00Z	7
<http://www.wikidata.org/entity/Q97628584>	"P571"	1800-01-01T00:00:00Z	7
<http://www.wikidata.org/entity/Q96216665>	"P571"	1800-01-01T00:00:00Z	7
<http://www.wikidata.org/entity/Q62122894>	"P571"	1800-01-01T00:00:00Z	7
<http://www.wikidata.org/entity/Q67914925>	"P571"	1800-01-01T00:00:00Z	7
<http://www.wikidata.org/entity/Q94440078>	"P571"	1800-01-01T00:00:00Z	7
<http://www.wikidata.org/entity/Q96144824>	"P571"	1800-01-01T00:00:00Z	7
<http://www.wikidata.org/entity/Q66305848>	"P571"	1800-01-01T00:00:00Z	7
<http://www.wikidata.org/entity/Q50378230>	"P571"	1800-01-01T00:00:00Z	7
<http://www.wikidata.org/entity/Q8075698>	"P571"	1655-01-01T00:00:00Z	9
<http://www.wikidata.org/entity/Q56664471>	"P571"	1655-01-01T00:00:00Z	9
<http://www.wikidata.org/entity/Q8075698>	"P571"	1655-01-01T00:00:00Z	9
<http://www.wikidata.org/entity/Q8075698>	"P571"	1655-01-01T00:00:00Z	9
<http://www.wikidata.org/entity/Q48205070>	"P571"	1701-01-01T00:00:00Z	9
<http://www.wikidata.org/entity/Q49369176>	"P571"	1701-01-01T00:00:00Z	9
<http://www.wikidata.org/entity/Q49589794>	"P571"	1701-01-01T00:00:00Z	9
<http://www.wikidata.org/entity/Q49589815>	"P571"	1701-01-01T00:00:00Z	9
<http://www.wikidata.org/entity/Q49369651>	"P571"	1701-01-01T00:00:00Z	9
<http://www.wikidata.org/entity/Q49589788>	"P571"	1701-01-01T00:00:00Z	9
<http://www.wikidata.org/entity/Q49589818>	"P571"	1701-01-01T00:00:00Z	9
<http://www.wikidata.org/entity/Q49589786>	"P571"	1701-01-01T00:00:00Z	9
<http://www.wikidata.org/entity/Q49589782>	"P571"	1701-01-01T00:00:00Z	9
<http://www.wikidata.org/entity/Q49589812>	"P571"	1701-01-01T00:00:00Z	9
<http://www.wikidata.org/entity/Q49589766>	"P571"	1701-01-01T00:00:00Z	9
<http://www.wikidata.org/entity/Q49449623>	"P571"	1701-01-01T00:00:00Z	9
<http://www.wikidata.org/entity/Q49487743>	"P571"	1701-01-01T00:00:00Z	9
<http://www.wikidata.org/entity/Q49589762>	"P571"	1701-01-01T00:00:00Z	9
<http://www.wikidata.org/entity/Q49589759>	"P571"	1701-01-01T00:00:00Z	9
<http://www.wikidata.org/entity/Q49589756>	"P571"	1701-01-01T00:00:00Z	9
<http://www.wikidata.org/entity/Q49399453>	"P571"	1701-01-01T00:00:00Z	9
<http://www.wikidata.org/entity/Q49509474>	"P571"	1701-01-01T00:00:00Z	9
<http://www.wikidata.org/entity/Q49472803>	"P571"	1701-01-01T00:00:00Z	9
<http://www.wikidata.org/entity/Q49448173>	"P571"	1701-01-01T00:00:00Z	9
<http://www.wikidata.org/entity/Q49448119>	"P571"	1701-01-01T00:00:00Z	9
<http://www.wikidata.org/entity/Q49589753>	"P571"	1701-01-01T00:00:00Z	9
<http://www.wikidata.org/entity/Q49370273>	"P571"	1701-01-01T00:00:00Z	9
<http://www.wikidata.org/entity/Q49368828>	"P571"	1701-01-01T00:00:00Z	9
<http://www.wikidata.org/entity/Q49449431>	"P571"	1772-01-01T00:00:00Z	9
<http://www.wikidata.org/entity/Q2355887>	"P571"	1701-01-01T00:00:00Z	9
<http://www.wikidata.org/entity/Q107651978>	"P571"	1887-01-01T00:00:00Z	9
<http://www.wikidata.org/entity/Q117313438>	"P571"	1887-01-01T00:00:00Z	9
<http://www.wikidata.org/entity/Q1261411>	"P571"	1887-01-01T00:00:00Z	9
<http://www.wikidata.org/entity/Q122904541>	"P571"	1887-01-01T00:00:00Z	9
<http://www.wikidata.org/entity/Q122904515>	"P571"	1887-01-01T00:00:00Z	9
<http://www.wikidata.org/entity/Q122902346>	"P571"	1887-01-01T00:00:00Z	9
<http://www.wikidata.org/entity/Q122871940>	"P571"	1887-01-01T00:00:00Z	9
<http://www.wikidata.org/entity/Q114961868>	"P571"	1887-01-01T00:00:00Z	9
<http://www.wikidata.org/entity/Q122884067>	"P571"	1887-01-01T00:00:00Z	9
<http://www.wikidata.org/entity/Q115599721>	"P571"	1887-01-01T00:00:00Z	9
<http://www.wikidata.org/entity/Q132559543>	"P571"	1887-01-01T00:00:00Z	9
<http://www.wikidata.org/entity/Q122111225>	"P571"	1887-01-01T00:00:00Z	9
<http://www.wikidata.org/entity/Q122884150>	"P571"	1887-01-01T00:00:00Z	9
<http://www.wikidata.org/entity/Q113090473>	"P571"	1887-01-01T00:00:00Z	9
<http://www.wikidata.org/entity/Q121195981>	"P571"	1887-01-01T00:00:00Z	9
<http://www.wikidata.org/entity/Q122904591>	"P571"	1887-01-01T00:00:00Z	9
<http://www.wikidata.org/entity/Q122902067>	"P571"	1887-01-01T00:00:00Z	9
<http://www.wikidata.org/entity/Q122902159>	"P571"	1887-01-01T00:00:00Z	9
<http://www.wikidata.org/entity/Q126688936>	"P571"	1887-01-01T00:00:00Z	9
<http://www.wikidata.org/entity/Q122902199>	"P571"	1887-01-01T00:00:00Z	9
<http://www.wikidata.org/entity/Q3428996>	"P571"	1887-01-01T00:00:00Z	9
<http://www.wikidata.org/entity/Q137918914>	"P571"	1887-01-01T00:00:00Z	9
<http://www.wikidata.org/entity/Q3397281>	"P571"	1887-01-01T00:00:00Z	9
<http://www.wikidata.org/entity/Q3397204>	"P571"	1887-01-01T00:00:00Z	9
<http://www.wikidata.org/entity/Q19372526>	"P571"	1887-01-01T00:00:00Z	9
<http://www.wikidata.org/entity/Q26433650>	"P571"	1887-01-01T00:00:00Z	9
<http://www.wikidata.org/entity/Q17830296>	"P571"	1887-01-01T00:00:00Z	9
<http://www.wikidata.org/entity/Q2309847>	"P571"	1887-01-01T00:00:00Z	9
<http://www.wikidata.org/entity/Q20108694>	"P571"	1887-01-01T00:00:00Z	9
<http://www.wikidata.org/entity/Q7228140>	"P571"	1887-01-01T00:00:00Z	9
<http://www.wikidata.org/entity/Q116203468>	"P571"	1871-01-01T00:00:00Z	9
<http://www.wikidata.org/entity/Q120025775>	"P571"	1871-01-01T00:00:00Z	9
<http://www.wikidata.org/entity/Q124155395>	"P571"	1871-01-01T00:00:00Z	9
<http://www.wikidata.org/entity/Q1311523>	"P571"	1871-01-01T00:00:00Z	9
<http://www.wikidata.org/entity/Q21534880>	"P571"	1871-01-01T00:00:00Z	9
<http://www.wikidata.org/entity/Q3907988>	"P571"	1871-01-01T00:00:00Z	9
<http://www.wikidata.org/entity/Q138821002>	"P571"	1871-01-01T00:00:00Z	9
<http://www.wikidata.org/entity/Q26503481>	"P571"	1871-01-01T00:00:00Z	9
<http://www.wikidata.org/entity/Q139662877>	"P571"	1871-01-01T00:00:00Z	9
<http://www.wikidata.org/entity/Q17459655>	"P571"	1871-01-01T00:00:00Z	9
<http://www.wikidata.org/entity/Q49377796>	"P571"	1871-01-01T00:00:00Z	9
<http://www.wikidata.org/entity/Q98314152>	"P571"	1871-01-01T00:00:00Z	9
<http://www.wikidata.org/entity/Q849134>	"P571"	1871-01-01T00:00:00Z	9
<http://www.wikidata.org/entity/Q110830605>	"P571"	1840-01-01T00:00:00Z	9
<http://www.wikidata.org/entity/Q13359366>	"P571"	1840-01-01T00:00:00Z	9
<http://www.wikidata.org/entity/Q134424919>	"P571"	1840-01-01T00:00:00Z	9
<http://www.wikidata.org/entity/Q108686769>	"P571"	1840-01-01T00:00:00Z	9
<http://www.wikidata.org/entity/Q26424331>	"P571"	1840-01-01T00:00:00Z	9
<http://www.wikidata.org/entity/Q17780059>	"P571"	1840-01-01T00:00:00Z	9
<http://www.wikidata.org/entity/Q18005846>	"P571"	1840-01-01T00:00:00Z	9
<http://www.wikidata.org/entity/Q2118522>	"P571"	1840-01-01T00:00:00Z	9
<http://www.wikidata.org/entity/Q17846168>	"P571"	1840-01-01T00:00:00Z	9
<http://www.wikidata.org/entity/Q17829723>	"P571"	1840-01-01T00:00:00Z	9
<http://www.wikidata.org/entity/Q465534>	"P571"	1840-01-01T00:00:00Z	9
<http://www.wikidata.org/entity/Q2301773>	"P571"	1840-01-01T00:00:00Z	9
<http://www.wikidata.org/entity/Q17844458>	"P571"	1840-01-01T00:00:00Z	9
<http://www.wikidata.org/entity/Q17845346>	"P571"	1840-01-01T00:00:00Z	9
<http://www.wikidata.org/entity/Q15825539>	"P571"	1840-01-01T00:00:00Z	9
<http://www.wikidata.org/entity/Q26523478>	"P571"	1840-01-01T00:00:00Z	9
<http://www.wikidata.org/entity/Q26523414>	"P571"	1840-01-01T00:00:00Z	9
<http://www.wikidata.org/entity/Q26499361>	"P571"	1840-01-01T00:00:00Z	9
<http://www.wikidata.org/entity/Q3397042>	"P571"	1840-01-01T00:00:00Z	9
<http://www.wikidata.org/entity/Q1457123>	"P571"	1840-01-01T00:00:00Z	9
<http://www.wikidata.org/entity/Q140301520>	"P571"	1840-01-01T00:00:00Z	9
<http://www.wikidata.org/entity/Q26380186>	"P571"	1840-01-01T00:00:00Z	9
<http://www.wikidata.org/entity/Q139680556>	"P571"	1840-01-01T00:00:00Z	9
<http://www.wikidata.org/entity/Q26328440>	"P571"	1840-01-01T00:00:00Z	9
<http://www.wikidata.org/entity/Q26674163>	"P571"	1840-01-01T00:00:00Z	9
<http://www.wikidata.org/entity/Q17532337>	"P571"	1840-01-01T00:00:00Z	9
<http://www.wikidata.org/entity/Q56606240>	"P571"	1840-01-01T00:00:00Z	9
<http://www.wikidata.org/entity/Q77774799>	"P571"	1840-01-01T00:00:00Z	9
<http://www.wikidata.org/entity/Q96149029>	"P571"	1840-01-01T00:00:00Z	9
<http://www.wikidata.org/entity/Q160996>	"P571"	1909-01-01T00:00:00Z	9
<http://www.wikidata.org/entity/Q49441550>	"P571"	1909-01-01T00:00:00Z	9
<http://www.wikidata.org/entity/Q49444117>	"P571"	1909-01-01T00:00:00Z	9
<http://www.wikidata.org/entity/Q110641588>	"P571"	1885-01-01T00:00:00Z	9
<http://www.wikidata.org/entity/Q116379113>	"P571"	1885-01-01T00:00:00Z	9
<http://www.wikidata.org/entity/Q115526871>	"P571"	1885-01-01T00:00:00Z	9
<http://www.wikidata.org/entity/Q107644610>	"P571"	1885-01-01T00:00:00Z	9
<http://www.wikidata.org/entity/Q113495848>	"P571"	1885-01-01T00:00:00Z	9
<http://www.wikidata.org/entity/Q136797325>	"P571"	1885-01-01T00:00:00Z	9
<http://www.wikidata.org/entity/Q17342708>	"P571"	1885-01-01T00:00:00Z	9
<http://www.wikidata.org/entity/Q14913908>	"P571"	1885-01-01T00:00:00Z	9
<http://www.wikidata.org/entity/Q3392517>	"P571"	1885-01-01T00:00:00Z	9
<http://www.wikidata.org/entity/Q17574769>	"P571"	1885-01-01T00:00:00Z	9
<http://www.wikidata.org/entity/Q3396555>	"P571"	1885-01-01T00:00:00Z	9
<http://www.wikidata.org/entity/Q17776836>	"P571"	1885-01-01T00:00:00Z	9
<http://www.wikidata.org/entity/Q3397541>	"P571"	1885-01-01T00:00:00Z	9
<http://www.wikidata.org/entity/Q37818632>	"P571"	1885-01-01T00:00:00Z	9
<http://www.wikidata.org/entity/Q140998292>	"P571"	1885-01-01T00:00:00Z	9
<http://www.wikidata.org/entity/Q37289288>	"P571"	1885-01-01T00:00:00Z	9
<http://www.wikidata.org/entity/Q135961313>	"P571"	1885-01-01T00:00:00Z	9
<http://www.wikidata.org/entity/Q17776201>	"P571"	1885-01-01T00:00:00Z	9
<http://www.wikidata.org/entity/Q136085035>	"P571"	1885-01-01T00:00:00Z	9
<http://www.wikidata.org/entity/Q567512>	"P571"	1885-01-01T00:00:00Z	9
<http://www.wikidata.org/entity/Q107845729>	"P571"	1855-01-01T00:00:00Z	9
<http://www.wikidata.org/entity/Q110906994>	"P571"	1855-01-01T00:00:00Z	9
<http://www.wikidata.org/entity/Q1290384>	"P571"	1855-01-01T00:00:00Z	9
<http://www.wikidata.org/entity/Q116785251>	"P571"	1855-01-01T00:00:00Z	9
<http://www.wikidata.org/entity/Q112245497>	"P571"	1855-01-01T00:00:00Z	9
<http://www.wikidata.org/entity/Q4010904>	"P571"	1855-01-01T00:00:00Z	9
<http://www.wikidata.org/entity/Q37864765>	"P571"	1855-01-01T00:00:00Z	9
<http://www.wikidata.org/entity/Q37458429>	"P571"	1855-01-01T00:00:00Z	9
<http://www.wikidata.org/entity/Q42131774>	"P571"	1855-01-01T00:00:00Z	9
<http://www.wikidata.org/entity/Q17341404>	"P571"	1855-01-01T00:00:00Z	9
<http://www.wikidata.org/entity/Q2786245>	"P571"	1855-01-01T00:00:00Z	9
<http://www.wikidata.org/entity/Q2786245>	"P571"	1855-01-01T00:00:00Z	9
<http://www.wikidata.org/entity/Q29786113>	"P571"	1855-01-01T00:00:00Z	9
<http://www.wikidata.org/entity/Q17779246>	"P571"	1855-01-01T00:00:00Z	9
<http://www.wikidata.org/entity/Q21449620>	"P571"	1855-01-01T00:00:00Z	9
<http://www.wikidata.org/entity/Q56753493>	"P571"	1855-01-01T00:00:00Z	9
<http://www.wikidata.org/entity/Q95871790>	"P571"	1855-01-01T00:00:00Z	9
<http://www.wikidata.org/entity/Q126363449>	"P571"	1913-01-01T00:00:00Z	9
<http://www.wikidata.org/entity/Q123024279>	"P571"	1913-01-01T00:00:00Z	9
<http://www.wikidata.org/entity/Q10856737>	"P571"	1913-01-01T00:00:00Z	9
<http://www.wikidata.org/entity/Q112248570>	"P571"	1913-01-01T00:00:00Z	9
<http://www.wikidata.org/entity/Q105747124>	"P571"	1913-01-01T00:00:00Z	9
<http://www.wikidata.org/entity/Q121294973>	"P571"	1913-01-01T00:00:00Z	9
<http://www.wikidata.org/entity/Q110642018>	"P571"	1913-01-01T00:00:00Z	9
<http://www.wikidata.org/entity/Q107863972>	"P571"	1913-01-01T00:00:00Z	9
<http://www.wikidata.org/entity/Q122224138>	"P571"	1913-01-01T00:00:00Z	9
<http://www.wikidata.org/entity/Q115163317>	"P571"	1913-01-01T00:00:00Z	9
<http://www.wikidata.org/entity/Q122385305>	"P571"	1913-01-01T00:00:00Z	9
<http://www.wikidata.org/entity/Q122413740>	"P571"	1913-01-01T00:00:00Z	9
<http://www.wikidata.org/entity/Q133994003>	"P571"	1913-01-01T00:00:00Z	9
<http://www.wikidata.org/entity/Q122569710>	"P571"	1913-01-01T00:00:00Z	9
<http://www.wikidata.org/entity/Q122571941>	"P571"	1913-01-01T00:00:00Z	9
<http://www.wikidata.org/entity/Q122575979>	"P571"	1913-01-01T00:00:00Z	9
<http://www.wikidata.org/entity/Q122584196>	"P571"	1913-01-01T00:00:00Z	9
<http://www.wikidata.org/entity/Q112976461>	"P571"	1913-01-01T00:00:00Z	9
<http://www.wikidata.org/entity/Q113495830>	"P571"	1913-01-01T00:00:00Z	9
<http://www.wikidata.org/entity/Q113496042>	"P571"	1913-01-01T00:00:00Z	9
<http://www.wikidata.org/entity/Q18018757>	"P571"	1913-01-01T00:00:00Z	9
<http://www.wikidata.org/entity/Q3556693>	"P571"	1913-01-01T00:00:00Z	9
<http://www.wikidata.org/entity/Q4010901>	"P571"	1913-01-01T00:00:00Z	9
<http://www.wikidata.org/entity/Q136007763>	"P571"	1913-01-01T00:00:00Z	9
<http://www.wikidata.org/entity/Q3556552>	"P571"	1913-01-01T00:00:00Z	9
<http://www.wikidata.org/entity/Q3556546>	"P571"	1913-01-01T00:00:00Z	9
<http://www.wikidata.org/entity/Q137552951>	"P571"	1913-01-01T00:00:00Z	9
<http://www.wikidata.org/entity/Q140183703>	"P571"	1913-01-01T00:00:00Z	9
<http://www.wikidata.org/entity/Q137595409>	"P571"	1913-01-01T00:00:00Z	9
<http://www.wikidata.org/entity/Q17834150>	"P571"	1913-01-01T00:00:00Z	9
<http://www.wikidata.org/entity/Q23018843>	"P571"	1913-01-01T00:00:00Z	9
<http://www.wikidata.org/entity/Q137533369>	"P571"	1913-01-01T00:00:00Z	9
<http://www.wikidata.org/entity/Q135102638>	"P571"	1913-01-01T00:00:00Z	9
<http://www.wikidata.org/entity/Q38112592>	"P571"	1913-01-01T00:00:00Z	9
<http://www.wikidata.org/entity/Q2267484>	"P571"	1913-01-01T00:00:00Z	9
<http://www.wikidata.org/entity/Q16614707>	"P571"	1913-01-01T00:00:00Z	9
<http://www.wikidata.org/entity/Q3396478>	"P571"	1913-01-01T00:00:00Z	9
<http://www.wikidata.org/entity/Q505745>	"P571"	1913-01-01T00:00:00Z	9
<http://www.wikidata.org/entity/Q58406522>	"P571"	1913-01-01T00:00:00Z	9
<http://www.wikidata.org/entity/Q7083540>	"P571"	1913-01-01T00:00:00Z	9
<http://www.wikidata.org/entity/Q56825113>	"P571"	1913-01-01T00:00:00Z	9
<http://www.wikidata.org/entity/Q77981244>	"P571"	1913-01-01T00:00:00Z	9
<http://www.wikidata.org/entity/Q80903492>	"P571"	1721-01-01T00:00:00Z	9
<http://www.wikidata.org/entity/Q61613289>	"P571"	1721-01-01T00:00:00Z	9
<http://www.wikidata.org/entity/Q61613289>	"P571"	1721-01-01T00:00:00Z	9
<http://www.wikidata.org/entity/Q123995712>	"P571"	1877-01-01T00:00:00Z	9
<http://www.wikidata.org/entity/Q110659826>	"P571"	1877-01-01T00:00:00Z	9
<http://www.wikidata.org/entity/Q108907298>	"P571"	1877-01-01T00:00:00Z	9
<http://www.wikidata.org/entity/Q116779780>	"P571"	1877-01-01T00:00:00Z	9
<http://www.wikidata.org/entity/Q122674236>	"P571"	1877-01-01T00:00:00Z	9
<http://www.wikidata.org/entity/Q138005436>	"P571"	1877-01-01T00:00:00Z	9
<http://www.wikidata.org/entity/Q29489789>	"P571"	1877-01-01T00:00:00Z	9
<http://www.wikidata.org/entity/Q2417198>	"P571"	1877-01-01T00:00:00Z	9
<http://www.wikidata.org/entity/Q41391727>	"P571"	1877-01-01T00:00:00Z	9
<http://www.wikidata.org/entity/Q41391709>	"P571"	1877-01-01T00:00:00Z	9
<http://www.wikidata.org/entity/Q26675694>	"P571"	1877-01-01T00:00:00Z	9
<http://www.wikidata.org/entity/Q41391680>	"P571"	1877-01-01T00:00:00Z	9
<http://www.wikidata.org/entity/Q19368177>	"P571"	1877-01-01T00:00:00Z	9
<http://www.wikidata.org/entity/Q26347924>	"P571"	1877-01-01T00:00:00Z	9
<http://www.wikidata.org/entity/Q26447278>	"P571"	1877-01-01T00:00:00Z	9
<http://www.wikidata.org/entity/Q41391648>	"P571"	1877-01-01T00:00:00Z	9
<http://www.wikidata.org/entity/Q41391647>	"P571"	1877-01-01T00:00:00Z	9
<http://www.wikidata.org/entity/Q18332943>	"P571"	1877-01-01T00:00:00Z	9
<http://www.wikidata.org/entity/Q17546868>	"P571"	1877-01-01T00:00:00Z	9
<http://www.wikidata.org/entity/Q135471880>	"P571"	1877-01-01T00:00:00Z	9
<http://www.wikidata.org/entity/Q96586041>	"P571"	1877-01-01T00:00:00Z	9
<http://www.wikidata.org/entity/Q58066007>	"P571"	1877-01-01T00:00:00Z	9
<http://www.wikidata.org/entity/Q58066010>	"P571"	1877-01-01T00:00:00Z	9
<http://www.wikidata.org/entity/Q96592321>	"P571"	1877-01-01T00:00:00Z	9
<http://www.wikidata.org/entity/Q96592324>	"P571"	1877-01-01T00:00:00Z	9
<http://www.wikidata.org/entity/Q96592324>	"P571"	1877-01-01T00:00:00Z	9
<http://www.wikidata.org/entity/Q58066009>	"P571"	1877-01-01T00:00:00Z	9
<http://www.wikidata.org/entity/Q17850093>	"P571"	1863-06-01T00:00:00Z	10
<http://www.wikidata.org/entity/Q123225186>	"P571"	1846-01-01T00:00:00Z	9
<http://www.wikidata.org/entity/Q133463708>	"P571"	1846-01-01T00:00:00Z	9
<http://www.wikidata.org/entity/Q116446469>	"P571"	1846-01-01T00:00:00Z	9
<http://www.wikidata.org/entity/Q17816318>	"P571"	1846-01-01T00:00:00Z	9
<http://www.wikidata.org/entity/Q137552237>	"P571"	1846-01-01T00:00:00Z	9
<http://www.wikidata.org/entity/Q136716719>	"P571"	1846-01-01T00:00:00Z	9
<http://www.wikidata.org/entity/Q136723346>	"P571"	1846-01-01T00:00:00Z	9
<http://www.wikidata.org/entity/Q3396349>	"P571"	1846-01-01T00:00:00Z	9
<http://www.wikidata.org/entity/Q26598489>	"P571"	1846-01-01T00:00:00Z	9
<http://www.wikidata.org/entity/Q26547288>	"P571"	1846-01-01T00:00:00Z	9
<http://www.wikidata.org/entity/Q26569032>	"P571"	1846-01-01T00:00:00Z	9
<http://www.wikidata.org/entity/Q29932799>	"P571"	1846-01-01T00:00:00Z	9
<http://www.wikidata.org/entity/Q29932799>	"P571"	1846-01-01T00:00:00Z	9
<http://www.wikidata.org/entity/Q21037079>	"P571"	1846-01-01T00:00:00Z	9
<http://www.wikidata.org/entity/Q136716721>	"P571"	1846-01-01T00:00:00Z	9
<http://www.wikidata.org/entity/Q136808287>	"P571"	1846-01-01T00:00:00Z	9
<http://www.wikidata.org/entity/Q136808293>	"P571"	1846-01-01T00:00:00Z	9
<http://www.wikidata.org/entity/Q26389252>	"P571"	1846-01-01T00:00:00Z	9
<http://www.wikidata.org/entity/Q136721513>	"P571"	1846-01-01T00:00:00Z	9
<http://www.wikidata.org/entity/Q19295194>	"P571"	1846-01-01T00:00:00Z	9
<http://www.wikidata.org/entity/Q38143318>	"P571"	1846-01-01T00:00:00Z	9
<http://www.wikidata.org/entity/Q1466627>	"P571"	1846-01-01T00:00:00Z	9
<http://www.wikidata.org/entity/Q26537380>	"P571"	1846-01-01T00:00:00Z	9
<http://www.wikidata.org/entity/Q56615459>	"P571"	1846-01-01T00:00:00Z	9
<http://www.wikidata.org/entity/Q77776800>	"P571"	1846-01-01T00:00:00Z	9
<http://www.wikidata.org/entity/Q95748754>	"P571"	1846-01-01T00:00:00Z	9
<http://www.wikidata.org/entity/Q888749>	"P571"	1846-01-01T00:00:00Z	9
<http://www.wikidata.org/entity/Q82267193>	"P571"	1846-01-01T00:00:00Z	9
<http://www.wikidata.org/entity/Q12034555>	"P571"	1790-01-01T00:00:00Z	8
<http://www.wikidata.org/entity/Q126165722>	"P571"	1790-01-01T00:00:00Z	8
<http://www.wikidata.org/entity/Q107134357>	"P571"	1790-01-01T00:00:00Z	8
<http://www.wikidata.org/entity/Q21636081>	"P571"	1790-01-01T00:00:00Z	8
<http://www.wikidata.org/entity/Q20018495>	"P571"	1790-01-01T00:00:00Z	8
<http://www.wikidata.org/entity/Q21641185>	"P571"	1790-01-01T00:00:00Z	8
<http://www.wikidata.org/entity/Q92184793>	"P571"	1790-01-01T00:00:00Z	8
<http://www.wikidata.org/entity/Q92185409>	"P571"	1790-01-01T00:00:00Z	8
<http://www.wikidata.org/entity/Q110386641>	"P571"	1848-01-01T00:00:00Z	9
<http://www.wikidata.org/entity/Q118163824>	"P571"	1848-01-01T00:00:00Z	9
<http://www.wikidata.org/entity/Q112087510>	"P571"	1848-01-01T00:00:00Z	9
<http://www.wikidata.org/entity/Q116806606>	"P571"	1848-01-01T00:00:00Z	9
<http://www.wikidata.org/entity/Q116240766>	"P571"	1848-01-01T00:00:00Z	9
<http://www.wikidata.org/entity/Q116490395>	"P571"	1848-01-01T00:00:00Z	9
<http://www.wikidata.org/entity/Q26273535>	"P571"	1848-01-01T00:00:00Z	9
<http://www.wikidata.org/entity/Q139255200>	"P571"	1848-01-01T00:00:00Z	9
<http://www.wikidata.org/entity/Q26545037>	"P571"	1848-01-01T00:00:00Z	9
<http://www.wikidata.org/entity/Q26656592>	"P571"	1848-01-01T00:00:00Z	9
<http://www.wikidata.org/entity/Q15825919>	"P571"	1848-01-01T00:00:00Z	9
<http://www.wikidata.org/entity/Q18380168>	"P571"	1848-01-01T00:00:00Z	9
<http://www.wikidata.org/entity/Q17742054>	"P571"	1848-01-01T00:00:00Z	9
<http://www.wikidata.org/entity/Q26643619>	"P571"	1848-01-01T00:00:00Z	9
<http://www.wikidata.org/entity/Q26389530>	"P571"	1848-01-01T00:00:00Z	9
<http://www.wikidata.org/entity/Q26526391>	"P571"	1848-01-01T00:00:00Z	9
<http://www.wikidata.org/entity/Q17810857>	"P571"	1848-01-01T00:00:00Z	9
<http://www.wikidata.org/entity/Q17816759>	"P571"	1848-01-01T00:00:00Z	9
<http://www.wikidata.org/entity/Q17568054>	"P571"	1848-01-01T00:00:00Z	9
<http://www.wikidata.org/entity/Q26680354>	"P571"	1848-01-01T00:00:00Z	9
<http://www.wikidata.org/entity/Q17567957>	"P571"	1848-01-01T00:00:00Z	9
<http://www.wikidata.org/entity/Q2221794>	"P571"	1848-01-01T00:00:00Z	9
<http://www.wikidata.org/entity/Q22329616>	"P571"	1848-01-01T00:00:00Z	9
<http://www.wikidata.org/entity/Q1973690>	"P571"	1848-01-01T00:00:00Z	9
<http://www.wikidata.org/entity/Q140820487>	"P571"	1848-01-01T00:00:00Z	9
<http://www.wikidata.org/entity/Q59478465>	"P571"	1848-01-01T00:00:00Z	9
<http://www.wikidata.org/entity/Q49354421>	"P571"	1883-01-01T00:00:00Z	9
<http://www.wikidata.org/entity/Q49456760>	"P571"	1883-01-01T00:00:00Z	9
<http://www.wikidata.org/entity/Q49263456>	"P571"	1883-01-01T00:00:00Z	9
<http://www.wikidata.org/entity/Q49438477>	"P571"	1883-01-01T00:00:00Z	9
<http://www.wikidata.org/entity/Q49385306>	"P571"	1883-01-01T00:00:00Z	9
<http://www.wikidata.org/entity/Q110251892>	"P571"	1701-01-01T00:00:00Z	7
<http://www.wikidata.org/entity/Q113638909>	"P571"	1701-01-01T00:00:00Z	7
<http://www.wikidata.org/entity/Q113495889>	"P571"	1701-01-01T00:00:00Z	7
<http://www.wikidata.org/entity/Q113495851>	"P571"	1701-01-01T00:00:00Z	7
<http://www.wikidata.org/entity/Q113495825>	"P571"	1701-01-01T00:00:00Z	7
<http://www.wikidata.org/entity/Q113495651>	"P571"	1701-01-01T00:00:00Z	7
<http://www.wikidata.org/entity/Q113495676>	"P571"	1701-01-01T00:00:00Z	7
<http://www.wikidata.org/entity/Q113638887>	"P571"	1701-01-01T00:00:00Z	7
<http://www.wikidata.org/entity/Q113496095>	"P571"	1701-01-01T00:00:00Z	7
<http://www.wikidata.org/entity/Q113496038>	"P571"	1701-01-01T00:00:00Z	7
<http://www.wikidata.org/entity/Q113496028>	"P571"	1701-01-01T00:00:00Z	7
<http://www.wikidata.org/entity/Q18005846>	"P571"	1701-01-01T00:00:00Z	7
<http://www.wikidata.org/entity/Q21077382>	"P571"	1701-01-01T00:00:00Z	7
<http://www.wikidata.org/entity/Q47166259>	"P571"	1701-01-01T00:00:00Z	7
<http://www.wikidata.org/entity/Q19368174>	"P571"	1701-01-01T00:00:00Z	7
<http://www.wikidata.org/entity/Q26632012>	"P571"	1701-01-01T00:00:00Z	7
<http://www.wikidata.org/entity/Q37583475>	"P571"	1701-01-01T00:00:00Z	7
<http://www.wikidata.org/entity/Q56402250>	"P571"	1701-01-01T00:00:00Z	7
<http://www.wikidata.org/entity/Q85240950>	"P571"	1701-01-01T00:00:00Z	7
<http://www.wikidata.org/entity/Q112095269>	"P571"	1700-01-01T00:00:00Z	9
<http://www.wikidata.org/entity/Q108337018>	"P571"	1700-01-01T00:00:00Z	9
<http://www.wikidata.org/entity/Q116810882>	"P571"	1700-01-01T00:00:00Z	9
<http://www.wikidata.org/entity/Q17571305>	"P571"	1700-01-01T00:00:00Z	9
<http://www.wikidata.org/entity/Q57279264>	"P571"	1700-01-01T00:00:00Z	9
<http://www.wikidata.org/entity/Q56615576>	"P571"	1700-01-01T00:00:00Z	9
<http://www.wikidata.org/entity/Q56738507>	"P571"	1700-01-01T00:00:00Z	9
<http://www.wikidata.org/entity/Q56703316>	"P571"	1700-01-01T00:00:00Z	9
<http://www.wikidata.org/entity/Q49237684>	"P571"	1910-01-01T00:00:00Z	9
<http://www.wikidata.org/entity/Q49476541>	"P571"	1910-01-01T00:00:00Z	9
<http://www.wikidata.org/entity/Q49271857>	"P571"	1910-01-01T00:00:00Z	9
<http://www.wikidata.org/entity/Q49433980>	"P571"	1910-01-01T00:00:00Z	9
<http://www.wikidata.org/entity/Q49442241>	"P571"	1910-01-01T00:00:00Z	9
<http://www.wikidata.org/entity/Q49516128>	"P571"	1910-01-01T00:00:00Z	9
<http://www.wikidata.org/entity/Q49534541>	"P571"	1910-01-01T00:00:00Z	9
<http://www.wikidata.org/entity/Q49440160>	"P571"	1910-01-01T00:00:00Z	9
<http://www.wikidata.org/entity/Q49449571>	"P571"	1910-01-01T00:00:00Z	9
<http://www.wikidata.org/entity/Q49457219>	"P571"	1910-01-01T00:00:00Z	9
<http://www.wikidata.org/entity/Q49457207>	"P571"	1910-01-01T00:00:00Z	9
<http://www.wikidata.org/entity/Q136431917>	"P571"	2016-06-25T00:00:00Z	11
<http://www.wikidata.org/entity/Q33019159>	"P571"	1825-01-01T00:00:00Z	9
<http://www.wikidata.org/entity/Q11785766>	"P571"	1909-01-01T00:00:00Z	9
<http://www.wikidata.org/entity/Q33053075>	"P571"	1909-01-01T00:00:00Z	9
<http://www.wikidata.org/entity/Q33135845>	"P571"	1909-01-01T00:00:00Z	9
<http://www.wikidata.org/entity/Q29965374>	"P571"	1909-01-01T00:00:00Z	9
<http://www.wikidata.org/entity/Q49399185>	"P571"	1602-01-01T00:00:00Z	9
<http://www.wikidata.org/entity/Q8024573>	"P571"	1824-06-01T00:00:00Z	11
<http://www.wikidata.org/entity/Q116173791>	"P571"	1772-01-01T00:00:00Z	9
<http://www.wikidata.org/entity/Q17553311>	"P571"	1772-01-01T00:00:00Z	9
<http://www.wikidata.org/entity/Q7239370>	"P571"	1772-01-01T00:00:00Z	9
<http://www.wikidata.org/entity/Q62083808>	"P571"	1772-01-01T00:00:00Z	9
<http://www.wikidata.org/entity/Q17536390>	"P571"	1773-01-01T00:00:00Z	9
<http://www.wikidata.org/entity/Q17536775>	"P571"	1773-01-01T00:00:00Z	9
<http://www.wikidata.org/entity/Q15978767>	"P571"	1773-01-01T00:00:00Z	9
<http://www.wikidata.org/entity/Q3397710>	"P571"	1773-01-01T00:00:00Z	9
<http://www.wikidata.org/entity/Q17569226>	"P571"	1773-01-01T00:00:00Z	9
<http://www.wikidata.org/entity/Q17571589>	"P571"	1773-01-01T00:00:00Z	9
<http://www.wikidata.org/entity/Q117780924>	"P571"	1780-01-01T00:00:00Z	9
<http://www.wikidata.org/entity/Q8984274>	"P571"	1780-01-01T00:00:00Z	9
<http://www.wikidata.org/entity/Q96030663>	"P571"	1780-01-01T00:00:00Z	9
<http://www.wikidata.org/entity/Q126700421>	"P571"	1819-01-01T00:00:00Z	7
<http://www.wikidata.org/entity/Q126701059>	"P571"	1819-01-01T00:00:00Z	7
<http://www.wikidata.org/entity/Q126712262>	"P571"	1819-01-01T00:00:00Z	7
<http://www.wikidata.org/entity/Q126712295>	"P571"	1819-01-01T00:00:00Z	7
<http://www.wikidata.org/entity/Q126700534>	"P571"	1819-01-01T00:00:00Z	7
<http://www.wikidata.org/entity/Q126712636>	"P571"	1819-01-01T00:00:00Z	7
<http://www.wikidata.org/entity/Q126700511>	"P571"	1819-01-01T00:00:00Z	7
<http://www.wikidata.org/entity/Q126700502>	"P571"	1819-01-01T00:00:00Z	7
<http://www.wikidata.org/entity/Q126700501>	"P571"	1819-01-01T00:00:00Z	7
<http://www.wikidata.org/entity/Q126715128>	"P571"	1819-01-01T00:00:00Z	7
<http://www.wikidata.org/entity/Q126713470>	"P571"	1819-01-01T00:00:00Z	7
<http://www.wikidata.org/entity/Q126712881>	"P571"	1819-01-01T00:00:00Z	7
<http://www.wikidata.org/entity/Q126713157>	"P571"	1819-01-01T00:00:00Z	7
<http://www.wikidata.org/entity/Q126700412>	"P571"	1819-01-01T00:00:00Z	7
<http://www.wikidata.org/entity/Q126700401>	"P571"	1819-01-01T00:00:00Z	7
<http://www.wikidata.org/entity/Q126700395>	"P571"	1819-01-01T00:00:00Z	7
<http://www.wikidata.org/entity/Q126700394>	"P571"	1819-01-01T00:00:00Z	7
<http://www.wikidata.org/entity/Q126700387>	"P571"	1819-01-01T00:00:00Z	7
<http://www.wikidata.org/entity/Q126700304>	"P571"	1819-01-01T00:00:00Z	7
<http://www.wikidata.org/entity/Q126700303>	"P571"	1819-01-01T00:00:00Z	7
<http://www.wikidata.org/entity/Q126699763>	"P571"	1819-01-01T00:00:00Z	7
<http://www.wikidata.org/entity/Q126699724>	"P571"	1819-01-01T00:00:00Z	7
<http://www.wikidata.org/entity/Q126704024>	"P571"	1819-01-01T00:00:00Z	7
<http://www.wikidata.org/entity/Q126707028>	"P571"	1819-01-01T00:00:00Z	7
<http://www.wikidata.org/entity/Q126716138>	"P571"	1819-01-01T00:00:00Z	7
<http://www.wikidata.org/entity/Q126706725>	"P571"	1819-01-01T00:00:00Z	7
<http://www.wikidata.org/entity/Q126715911>	"P571"	1819-01-01T00:00:00Z	7
<http://www.wikidata.org/entity/Q126706690>	"P571"	1819-01-01T00:00:00Z	7
<http://www.wikidata.org/entity/Q126715909>	"P571"	1819-01-01T00:00:00Z	7
<http://www.wikidata.org/entity/Q126705805>	"P571"	1819-01-01T00:00:00Z	7
<http://www.wikidata.org/entity/Q126707222>	"P571"	1819-01-01T00:00:00Z	7
<http://www.wikidata.org/entity/Q126711020>	"P571"	1819-01-01T00:00:00Z	7
<http://www.wikidata.org/entity/Q126705227>	"P571"	1819-01-01T00:00:00Z	7
<http://www.wikidata.org/entity/Q126711349>	"P571"	1819-01-01T00:00:00Z	7
<http://www.wikidata.org/entity/Q126704430>	"P571"	1819-01-01T00:00:00Z	7
<http://www.wikidata.org/entity/Q126704231>	"P571"	1819-01-01T00:00:00Z	7
<http://www.wikidata.org/entity/Q126717303>	"P571"	1819-01-01T00:00:00Z	7
<http://www.wikidata.org/entity/Q126704020>	"P571"	1819-01-01T00:00:00Z	7
<http://www.wikidata.org/entity/Q126703961>	"P571"	1819-01-01T00:00:00Z	7
<http://www.wikidata.org/entity/Q126715334>	"P571"	1819-01-01T00:00:00Z	7
<http://www.wikidata.org/entity/Q126703862>	"P571"	1819-01-01T00:00:00Z	7
<http://www.wikidata.org/entity/Q126711853>	"P571"	1819-01-01T00:00:00Z	7
<http://www.wikidata.org/entity/Q126712128>	"P571"	1819-01-01T00:00:00Z	7
<http://www.wikidata.org/entity/Q126712134>	"P571"	1819-01-01T00:00:00Z	7
<http://www.wikidata.org/entity/Q126716540>	"P571"	1819-01-01T00:00:00Z	7
<http://www.wikidata.org/entity/Q126716546>	"P571"	1819-01-01T00:00:00Z	7
<http://www.wikidata.org/entity/Q126712781>	"P571"	1819-01-01T00:00:00Z	7
<http://www.wikidata.org/entity/Q126712182>	"P571"	1819-01-01T00:00:00Z	7
<http://www.wikidata.org/entity/Q126700743>	"P571"	1819-01-01T00:00:00Z	7
<http://www.wikidata.org/entity/Q126713727>	"P571"	1819-01-01T00:00:00Z	7
<http://www.wikidata.org/entity/Q126714072>	"P571"	1819-01-01T00:00:00Z	7
<http://www.wikidata.org/entity/Q126714069>	"P571"	1819-01-01T00:00:00Z	7
<http://www.wikidata.org/entity/Q133955701>	"P571"	1979-01-01T00:00:00Z	9
<http://www.wikidata.org/entity/Q114961430>	"P571"	1667-01-01T00:00:00Z	9
<http://www.wikidata.org/entity/Q29695499>	"P571"	1667-01-01T00:00:00Z	9
<http://www.wikidata.org/entity/Q49457740>	"P571"	1842-01-01T00:00:00Z	9
<http://www.wikidata.org/entity/Q49342238>	"P571"	1842-01-01T00:00:00Z	9
<http://www.wikidata.org/entity/Q112095051>	"P571"	1900-01-01T00:00:00Z	7
<http://www.wikidata.org/entity/Q113173833>	"P571"	1900-01-01T00:00:00Z	7
<http://www.wikidata.org/entity/Q120933638>	"P571"	1900-01-01T00:00:00Z	7
<http://www.wikidata.org/entity/Q120753030>	"P571"	1900-01-01T00:00:00Z	7
<http://www.wikidata.org/entity/Q112092809>	"P571"	1900-01-01T00:00:00Z	7
<http://www.wikidata.org/entity/Q112093108>	"P571"	1900-01-01T00:00:00Z	7
<http://www.wikidata.org/entity/Q112093113>	"P571"	1900-01-01T00:00:00Z	7
<http://www.wikidata.org/entity/Q131105733>	"P571"	1900-01-01T00:00:00Z	7
<http://www.wikidata.org/entity/Q12287394>	"P571"	1900-01-01T00:00:00Z	7
<http://www.wikidata.org/entity/Q115757129>	"P571"	1900-01-01T00:00:00Z	7
<http://www.wikidata.org/entity/Q11696502>	"P571"	1900-01-01T00:00:00Z	7
<http://www.wikidata.org/entity/Q122225892>	"P571"	1900-01-01T00:00:00Z	7
<http://www.wikidata.org/entity/Q110642024>	"P571"	1900-01-01T00:00:00Z	7
<http://www.wikidata.org/entity/Q112109995>	"P571"	1900-01-01T00:00:00Z	7
<http://www.wikidata.org/entity/Q112100617>	"P571"	1900-01-01T00:00:00Z	7
<http://www.wikidata.org/entity/Q112095797>	"P571"	1900-01-01T00:00:00Z	7
<http://www.wikidata.org/entity/Q115858522>	"P571"	1900-01-01T00:00:00Z	7
<http://www.wikidata.org/entity/Q104476397>	"P571"	1900-01-01T00:00:00Z	7
<http://www.wikidata.org/entity/Q123219720>	"P571"	1900-01-01T00:00:00Z	7
<http://www.wikidata.org/entity/Q112092127>	"P571"	1900-01-01T00:00:00Z	7
<http://www.wikidata.org/entity/Q120937059>	"P571"	1900-01-01T00:00:00Z	7
<http://www.wikidata.org/entity/Q123187164>	"P571"	1900-01-01T00:00:00Z	7
<http://www.wikidata.org/entity/Q114447990>	"P571"	1900-01-01T00:00:00Z	7
<http://www.wikidata.org/entity/Q123188918>	"P571"	1900-01-01T00:00:00Z	7
<http://www.wikidata.org/entity/Q131986503>	"P571"	1900-01-01T00:00:00Z	7
<http://www.wikidata.org/entity/Q117783995>	"P571"	1900-01-01T00:00:00Z	7
<http://www.wikidata.org/entity/Q18005881>	"P571"	1900-01-01T00:00:00Z	7
<http://www.wikidata.org/entity/Q33608537>	"P571"	1900-01-01T00:00:00Z	7
<http://www.wikidata.org/entity/Q37275556>	"P571"	1900-01-01T00:00:00Z	7
<http://www.wikidata.org/entity/Q26430214>	"P571"	1900-01-01T00:00:00Z	7
<http://www.wikidata.org/entity/Q26431604>	"P571"	1900-01-01T00:00:00Z	7
<http://www.wikidata.org/entity/Q20901354>	"P571"	1900-01-01T00:00:00Z	7
<http://www.wikidata.org/entity/Q141573110>	"P571"	1900-01-01T00:00:00Z	7
<http://www.wikidata.org/entity/Q47166226>	"P571"	1900-01-01T00:00:00Z	7
<http://www.wikidata.org/entity/Q26479724>	"P571"	1900-01-01T00:00:00Z	7
<http://www.wikidata.org/entity/Q20901349>	"P571"	1900-01-01T00:00:00Z	7
<http://www.wikidata.org/entity/Q29581373>	"P571"	1900-01-01T00:00:00Z	7
<http://www.wikidata.org/entity/Q140389655>	"P571"	1900-01-01T00:00:00Z	7
<http://www.wikidata.org/entity/Q14624875>	"P571"	1900-01-01T00:00:00Z	7
<http://www.wikidata.org/entity/Q139741882>	"P571"	1900-01-01T00:00:00Z	7
<http://www.wikidata.org/entity/Q47166264>	"P571"	1900-01-01T00:00:00Z	7
<http://www.wikidata.org/entity/Q20876535>	"P571"	1900-01-01T00:00:00Z	7
<http://www.wikidata.org/entity/Q139741304>	"P571"	1900-01-01T00:00:00Z	7
<http://www.wikidata.org/entity/Q18464303>	"P571"	1900-01-01T00:00:00Z	7
<http://www.wikidata.org/entity/Q26327578>	"P571"	1900-01-01T00:00:00Z	7
<http://www.wikidata.org/entity/Q139671972>	"P571"	1900-01-01T00:00:00Z	7
<http://www.wikidata.org/entity/Q33608537>	"P571"	1900-01-01T00:00:00Z	7
<http://www.wikidata.org/entity/Q141143916>	"P571"	1900-01-01T00:00:00Z	7
<http://www.wikidata.org/entity/Q141262522>	"P571"	1900-01-01T00:00:00Z	7
<http://www.wikidata.org/entity/Q25424042>	"P571"	1900-01-01T00:00:00Z	7
<http://www.wikidata.org/entity/Q28711660>	"P571"	1900-01-01T00:00:00Z	7
<http://www.wikidata.org/entity/Q38232108>	"P571"	1900-01-01T00:00:00Z	7
<http://www.wikidata.org/entity/Q17390261>	"P571"	1900-01-01T00:00:00Z	7
<http://www.wikidata.org/entity/Q29489470>	"P571"	1900-01-01T00:00:00Z	7
<http://www.wikidata.org/entity/Q26663555>	"P571"	1900-01-01T00:00:00Z	7
<http://www.wikidata.org/entity/Q29496717>	"P571"	1900-01-01T00:00:00Z	7
<http://www.wikidata.org/entity/Q17830377>	"P571"	1900-01-01T00:00:00Z	7
<http://www.wikidata.org/entity/Q26626201>	"P571"	1900-01-01T00:00:00Z	7
<http://www.wikidata.org/entity/Q136646543>	"P571"	1900-01-01T00:00:00Z	7
<http://www.wikidata.org/entity/Q136694820>	"P571"	1900-01-01T00:00:00Z	7
<http://www.wikidata.org/entity/Q21449233>	"P571"	1900-01-01T00:00:00Z	7
<http://www.wikidata.org/entity/Q137041836>	"P571"	1900-01-01T00:00:00Z	7
<http://www.wikidata.org/entity/Q137041479>	"P571"	1900-01-01T00:00:00Z	7
<http://www.wikidata.org/entity/Q31296476>	"P571"	1900-01-01T00:00:00Z	7
<http://www.wikidata.org/entity/Q1504273>	"P571"	1900-01-01T00:00:00Z	7
<http://www.wikidata.org/entity/Q21730813>	"P571"	1900-01-01T00:00:00Z	7
<http://www.wikidata.org/entity/Q21748975>	"P571"	1900-01-01T00:00:00Z	7
<http://www.wikidata.org/entity/Q18005855>	"P571"	1900-01-01T00:00:00Z	7
<http://www.wikidata.org/entity/Q20058097>	"P571"	1900-01-01T00:00:00Z	7
<http://www.wikidata.org/entity/Q136384554>	"P1249"	1900-01-01T00:00:00Z	7
<http://www.wikidata.org/entity/Q61673941>	"P571"	1900-01-01T00:00:00Z	7
<http://www.wikidata.org/entity/Q61732443>	"P571"	1900-01-01T00:00:00Z	7
<http://www.wikidata.org/entity/Q53790198>	"P571"	1900-01-01T00:00:00Z	7
<http://www.wikidata.org/entity/Q61750758>	"P571"	1900-01-01T00:00:00Z	7
<http://www.wikidata.org/entity/Q49443163>	"P571"	1900-01-01T00:00:00Z	7
<http://www.wikidata.org/entity/Q62078884>	"P571"	1900-01-01T00:00:00Z	7
<http://www.wikidata.org/entity/Q62081685>	"P571"	1900-01-01T00:00:00Z	7
<http://www.wikidata.org/entity/Q7228164>	"P571"	1900-01-01T00:00:00Z	7
<http://www.wikidata.org/entity/Q73891110>	"P571"	1900-01-01T00:00:00Z	7
<http://www.wikidata.org/entity/Q56408860>	"P571"	1900-01-01T00:00:00Z	7
<http://www.wikidata.org/entity/Q65205201>	"P571"	1900-01-01T00:00:00Z	7
<http://www.wikidata.org/entity/Q65205672>	"P571"	1900-01-01T00:00:00Z	7
<http://www.wikidata.org/entity/Q65207007>	"P571"	1900-01-01T00:00:00Z	7
<http://www.wikidata.org/entity/Q65208250>	"P571"	1900-01-01T00:00:00Z	7
<http://www.wikidata.org/entity/Q65924363>	"P571"	1900-01-01T00:00:00Z	7
<http://www.wikidata.org/entity/Q55791948>	"P571"	1900-01-01T00:00:00Z	7
<http://www.wikidata.org/entity/Q49457702>	"P571"	1900-01-01T00:00:00Z	7
<http://www.wikidata.org/entity/Q56166652>	"P571"	1900-01-01T00:00:00Z	7
<http://www.wikidata.org/entity/Q85323924>	"P571"	1900-01-01T00:00:00Z	7
<http://www.wikidata.org/entity/Q59185977>	"P571"	1900-01-01T00:00:00Z	7
<http://www.wikidata.org/entity/Q55792060>	"P571"	1900-01-01T00:00:00Z	7
<http://www.wikidata.org/entity/Q17541300>	"P571"	1769-01-01T00:00:00Z	9
<http://www.wikidata.org/entity/Q23668125>	"P571"	1769-01-01T00:00:00Z	9
<http://www.wikidata.org/entity/Q17647825>	"P571"	1769-01-01T00:00:00Z	9
<http://www.wikidata.org/entity/Q7658493>	"P571"	1769-01-01T00:00:00Z	9
<http://www.wikidata.org/entity/Q56651069>	"P571"	1769-01-01T00:00:00Z	9
<http://www.wikidata.org/entity/Q57031228>	"P571"	1769-01-01T00:00:00Z	9
<http://www.wikidata.org/entity/Q113496055>	"P571"	1940-01-01T00:00:00Z	9
<http://www.wikidata.org/entity/Q85182340>	"P571"	1940-01-01T00:00:00Z	9
<http://www.wikidata.org/entity/Q49408102>	"P571"	1876-01-01T00:00:00Z	9
<http://www.wikidata.org/entity/Q49407822>	"P571"	1876-01-01T00:00:00Z	9
<http://www.wikidata.org/entity/Q49452501>	"P571"	1876-01-01T00:00:00Z	9
<http://www.wikidata.org/entity/Q49454342>	"P571"	1876-01-01T00:00:00Z	9
<http://www.wikidata.org/entity/Q49454528>	"P571"	1876-01-01T00:00:00Z	9
<http://www.wikidata.org/entity/Q49455962>	"P571"	1876-01-01T00:00:00Z	9
<http://www.wikidata.org/entity/Q49443044>	"P571"	1876-01-01T00:00:00Z	9
<http://www.wikidata.org/entity/Q49443082>	"P571"	1876-01-01T00:00:00Z	9
<http://www.wikidata.org/entity/Q49443104>	"P571"	1876-01-01T00:00:00Z	9
<http://www.wikidata.org/entity/Q49451321>	"P571"	1876-01-01T00:00:00Z	9
<http://www.wikidata.org/entity/Q49443048>	"P571"	1876-01-01T00:00:00Z	9
<http://www.wikidata.org/entity/Q49457706>	"P571"	1876-01-01T00:00:00Z	9
<http://www.wikidata.org/entity/Q123338871>	"P571"	1858-09-02T00:00:00Z	11
<http://www.wikidata.org/entity/Q12256014>	"P571"	1789-01-01T00:00:00Z	9
<http://www.wikidata.org/entity/Q4211279>	"P571"	1789-01-01T00:00:00Z	9
<http://www.wikidata.org/entity/Q56616098>	"P571"	1789-01-01T00:00:00Z	9
<http://www.wikidata.org/entity/Q1504273>	"P571"	0200-01-01T00:00:00Z	7
<http://www.wikidata.org/entity/Q33526481>	"P571"	1845-01-01T00:00:00Z	9
<http://www.wikidata.org/entity/Q2147616>	"P571"	1859-08-18T00:00:00Z	11
<http://www.wikidata.org/entity/Q116602985>	"P571"	1838-01-01T00:00:00Z	9
<http://www.wikidata.org/entity/Q116985044>	"P571"	1838-01-01T00:00:00Z	9
<http://www.wikidata.org/entity/Q1311527>	"P571"	1838-01-01T00:00:00Z	9
<http://www.wikidata.org/entity/Q137552831>	"P571"	1838-01-01T00:00:00Z	9
<http://www.wikidata.org/entity/Q18924499>	"P571"	1838-01-01T00:00:00Z	9
<http://www.wikidata.org/entity/Q26668798>	"P571"	1838-01-01T00:00:00Z	9
<http://www.wikidata.org/entity/Q26523749>	"P571"	1838-01-01T00:00:00Z	9
<http://www.wikidata.org/entity/Q26538543>	"P571"	1838-01-01T00:00:00Z	9
<http://www.wikidata.org/entity/Q18716357>	"P571"	1838-01-01T00:00:00Z	9
<http://www.wikidata.org/entity/Q26286453>	"P571"	1838-01-01T00:00:00Z	9
<http://www.wikidata.org/entity/Q38090393>	"P571"	1838-01-01T00:00:00Z	9
<http://www.wikidata.org/entity/Q26570673>	"P571"	1838-01-01T00:00:00Z	9
<http://www.wikidata.org/entity/Q17771103>	"P571"	1838-01-01T00:00:00Z	9
<http://www.wikidata.org/entity/Q26340386>	"P571"	1838-01-01T00:00:00Z	9
<http://www.wikidata.org/entity/Q26381551>	"P571"	1838-01-01T00:00:00Z	9
<http://www.wikidata.org/entity/Q88110443>	"P571"	1838-01-01T00:00:00Z	9
<http://www.wikidata.org/entity/Q737735>	"P571"	1838-01-01T00:00:00Z	9
<http://www.wikidata.org/entity/Q120986047>	"P571"	1760-01-01T00:00:00Z	9
<http://www.wikidata.org/entity/Q14623632>	"P571"	1760-01-01T00:00:00Z	9
<http://www.wikidata.org/entity/Q17527824>	"P571"	1760-01-01T00:00:00Z	9
<http://www.wikidata.org/entity/Q17574766>	"P571"	1760-01-01T00:00:00Z	9
<http://www.wikidata.org/entity/Q13518450>	"P571"	1720-01-01T00:00:00Z	9
<http://www.wikidata.org/entity/Q25487202>	"P571"	1720-01-01T00:00:00Z	9
<http://www.wikidata.org/entity/Q3562536>	"P571"	1720-01-01T00:00:00Z	9
<http://www.wikidata.org/entity/Q109836583>	"P571"	1833-01-01T00:00:00Z	9
<http://www.wikidata.org/entity/Q1108489>	"P571"	1833-01-01T00:00:00Z	9
<http://www.wikidata.org/entity/Q137554411>	"P571"	1833-01-01T00:00:00Z	9
<http://www.wikidata.org/entity/Q1518137>	"P571"	1833-01-01T00:00:00Z	9
<http://www.wikidata.org/entity/Q2292017>	"P571"	1787-09-01T00:00:00Z	10
<http://www.wikidata.org/entity/Q3396972>	"P571"	1776-01-01T00:00:00Z	9
<http://www.wikidata.org/entity/Q29651904>	"P571"	1776-01-01T00:00:00Z	9
<http://www.wikidata.org/entity/Q16247736>	"P571"	1776-01-01T00:00:00Z	9
<http://www.wikidata.org/entity/Q62263782>	"P571"	1776-01-01T00:00:00Z	9
<http://www.wikidata.org/entity/Q62264019>	"P571"	1776-01-01T00:00:00Z	9
<http://www.wikidata.org/entity/Q97616850>	"P571"	1776-01-01T00:00:00Z	9
<http://www.wikidata.org/entity/Q116811929>	"P571"	1817-01-01T00:00:00Z	9
<http://www.wikidata.org/entity/Q113732675>	"P571"	1817-01-01T00:00:00Z	9
<http://www.wikidata.org/entity/Q17830765>	"P571"	1817-01-01T00:00:00Z	9
<http://www.wikidata.org/entity/Q16833751>	"P571"	1817-01-01T00:00:00Z	9
<http://www.wikidata.org/entity/Q17807783>	"P571"	1817-01-01T00:00:00Z	9
<http://www.wikidata.org/entity/Q17571089>	"P571"	1817-01-01T00:00:00Z	9
<http://www.wikidata.org/entity/Q137554644>	"P571"	1817-01-01T00:00:00Z	9
<http://www.wikidata.org/entity/Q107503324>	"P571"	1842-02-01T00:00:00Z	11
<http://www.wikidata.org/entity/Q49452983>	"P571"	1655-01-01T00:00:00Z	9
<http://www.wikidata.org/entity/Q257027>	"P571"	1897-03-21T00:00:00Z	11
<http://www.wikidata.org/entity/Q21077380>	"P571"	1601-01-01T00:00:00Z	7
<http://www.wikidata.org/entity/Q37585627>	"P571"	1601-01-01T00:00:00Z	7
<http://www.wikidata.org/entity/Q26389846>	"P571"	1601-01-01T00:00:00Z	7
<http://www.wikidata.org/entity/Q17641772>	"P571"	1601-01-01T00:00:00Z	7
<http://www.wikidata.org/entity/Q19367616>	"P571"	1601-01-01T00:00:00Z	7
<http://www.wikidata.org/entity/Q18696754>	"P571"	1601-01-01T00:00:00Z	7
<http://www.wikidata.org/entity/Q85240953>	"P571"	1601-01-01T00:00:00Z	7
<http://www.wikidata.org/entity/Q657639>	"P571"	1914-07-01T00:00:00Z	10
<http://www.wikidata.org/entity/Q681123>	"P571"	1914-07-01T00:00:00Z	10
<http://www.wikidata.org/entity/Q1897647>	"P571"	1846-01-01T00:00:00Z	9
<http://www.wikidata.org/entity/Q36225506>	"P571"	1846-01-01T00:00:00Z	9
<http://www.wikidata.org/entity/Q17363682>	"P571"	1846-01-01T00:00:00Z	9
<http://www.wikidata.org/entity/Q49455977>	"P571"	1846-01-01T00:00:00Z	9
<http://www.wikidata.org/entity/Q49437453>	"P571"	1846-01-01T00:00:00Z	9
<http://www.wikidata.org/entity/Q49453359>	"P571"	1846-01-01T00:00:00Z	9
<http://www.wikidata.org/entity/Q49454890>	"P571"	1846-01-01T00:00:00Z	9
<http://www.wikidata.org/entity/Q49457085>	"P571"	1846-01-01T00:00:00Z	9
<http://www.wikidata.org/entity/Q896279>	"P571"	1846-01-01T00:00:00Z	9
<http://www.wikidata.org/entity/Q49367672>	"P571"	1846-01-01T00:00:00Z	9
<http://www.wikidata.org/entity/Q49416244>	"P571"	1846-01-01T00:00:00Z	9
<http://www.wikidata.org/entity/Q49440370>	"P571"	1846-01-01T00:00:00Z	9
<http://www.wikidata.org/entity/Q49438710>	"P571"	1846-01-01T00:00:00Z	9
<http://www.wikidata.org/entity/Q49481798>	"P571"	1846-01-01T00:00:00Z	9
<http://www.wikidata.org/entity/Q49481793>	"P571"	1846-01-01T00:00:00Z	9
<http://www.wikidata.org/entity/Q49413799>	"P571"	1846-01-01T00:00:00Z	9
<http://www.wikidata.org/entity/Q707706>	"P571"	1846-01-01T00:00:00Z	9
<http://www.wikidata.org/entity/Q49414351>	"P571"	1846-01-01T00:00:00Z	9
<http://www.wikidata.org/entity/Q49416018>	"P571"	1846-01-01T00:00:00Z	9
<http://www.wikidata.org/entity/Q49456193>	"P571"	1846-01-01T00:00:00Z	9
<http://www.wikidata.org/entity/Q49570366>	"P571"	1846-01-01T00:00:00Z	9
<http://www.wikidata.org/entity/Q49630156>	"P571"	1846-01-01T00:00:00Z	9
<http://www.wikidata.org/entity/Q49559616>	"P571"	1846-01-01T00:00:00Z	9
<http://www.wikidata.org/entity/Q49446725>	"P571"	1846-01-01T00:00:00Z	9
<http://www.wikidata.org/entity/Q49448025>	"P571"	1846-01-01T00:00:00Z	9
<http://www.wikidata.org/entity/Q49448058>	"P571"	1846-01-01T00:00:00Z	9
<http://www.wikidata.org/entity/Q49442077>	"P571"	1846-01-01T00:00:00Z	9
<http://www.wikidata.org/entity/Q49369202>	"P571"	1846-01-01T00:00:00Z	9
<http://www.wikidata.org/entity/Q49377808>	"P571"	1846-01-01T00:00:00Z	9
<http://www.wikidata.org/entity/Q49448648>	"P571"	1846-01-01T00:00:00Z	9
<http://www.wikidata.org/entity/Q49448998>	"P571"	1846-01-01T00:00:00Z	9
<http://www.wikidata.org/entity/Q49449322>	"P571"	1846-01-01T00:00:00Z	9
<http://www.wikidata.org/entity/Q49449326>	"P571"	1846-01-01T00:00:00Z	9
<http://www.wikidata.org/entity/Q49559620>	"P571"	1846-01-01T00:00:00Z	9
<http://www.wikidata.org/entity/Q12755751>	"P571"	1881-09-09T00:00:00Z	11
<http://www.wikidata.org/entity/Q2014426>	"P571"	2008-12-12T00:00:00Z	11
<http://www.wikidata.org/entity/Q49237315>	"P571"	1878-01-01T00:00:00Z	9
<http://www.wikidata.org/entity/Q49534703>	"P571"	1878-01-01T00:00:00Z	9
<http://www.wikidata.org/entity/Q54153169>	"P571"	1665-01-01T00:00:00Z	9
<http://www.wikidata.org/entity/Q17390261>	"P571"	0300-01-01T00:00:00Z	7
<http://www.wikidata.org/entity/Q117726260>	"P571"	1898-01-01T00:00:00Z	9
<http://www.wikidata.org/entity/Q11866826>	"P571"	1898-01-01T00:00:00Z	9
<http://www.wikidata.org/entity/Q117289150>	"P571"	1898-01-01T00:00:00Z	9
<http://www.wikidata.org/entity/Q108544899>	"P571"	1898-01-01T00:00:00Z	9
<http://www.wikidata.org/entity/Q100786332>	"P571"	1898-01-01T00:00:00Z	9
<http://www.wikidata.org/entity/Q110882950>	"P571"	1898-01-01T00:00:00Z	9
<http://www.wikidata.org/entity/Q115863834>	"P571"	1898-01-01T00:00:00Z	9
<http://www.wikidata.org/entity/Q105554677>	"P571"	1898-01-01T00:00:00Z	9
<http://www.wikidata.org/entity/Q117726431>	"P571"	1898-01-01T00:00:00Z	9
<http://www.wikidata.org/entity/Q126485156>	"P571"	1898-01-01T00:00:00Z	9
<http://www.wikidata.org/entity/Q112571045>	"P571"	1898-01-01T00:00:00Z	9
<http://www.wikidata.org/entity/Q11838929>	"P571"	1898-01-01T00:00:00Z	9
<http://www.wikidata.org/entity/Q110882216>	"P571"	1898-01-01T00:00:00Z	9
<http://www.wikidata.org/entity/Q17826015>	"P571"	1898-01-01T00:00:00Z	9
<http://www.wikidata.org/entity/Q138840771>	"P571"	1898-01-01T00:00:00Z	9
<http://www.wikidata.org/entity/Q15823794>	"P571"	1898-01-01T00:00:00Z	9
<http://www.wikidata.org/entity/Q38228312>	"P571"	1898-01-01T00:00:00Z	9
<http://www.wikidata.org/entity/Q38684766>	"P571"	1898-01-01T00:00:00Z	9
<http://www.wikidata.org/entity/Q18889506>	"P571"	1898-01-01T00:00:00Z	9
<http://www.wikidata.org/entity/Q393375>	"P571"	1898-01-01T00:00:00Z	9
<http://www.wikidata.org/entity/Q436154>	"P571"	1898-01-01T00:00:00Z	9
<http://www.wikidata.org/entity/Q136479165>	"P571"	1898-01-01T00:00:00Z	9
<http://www.wikidata.org/entity/Q1666575>	"P571"	1898-01-01T00:00:00Z	9
<http://www.wikidata.org/entity/Q3397514>	"P571"	1898-01-01T00:00:00Z	9
<http://www.wikidata.org/entity/Q1666575>	"P571"	1898-01-01T00:00:00Z	9
<http://www.wikidata.org/entity/Q18718664>	"P571"	1898-01-01T00:00:00Z	9
<http://www.wikidata.org/entity/Q137274598>	"P571"	1898-01-01T00:00:00Z	9
<http://www.wikidata.org/entity/Q17536692>	"P571"	1898-01-01T00:00:00Z	9
<http://www.wikidata.org/entity/Q55177548>	"P571"	1898-01-01T00:00:00Z	9
<http://www.wikidata.org/entity/Q996229>	"P571"	1898-01-01T00:00:00Z	9
<http://www.wikidata.org/entity/Q49455361>	"P571"	1898-01-01T00:00:00Z	9
<http://www.wikidata.org/entity/Q56196036>	"P571"	1898-01-01T00:00:00Z	9
<http://www.wikidata.org/entity/Q96592312>	"P571"	1898-01-01T00:00:00Z	9
<http://www.wikidata.org/entity/Q66211694>	"P571"	1898-01-01T00:00:00Z	9
<http://www.wikidata.org/entity/Q68454121>	"P571"	1898-01-01T00:00:00Z	9
<http://www.wikidata.org/entity/Q99394969>	"P571"	1898-01-01T00:00:00Z	9
<http://www.wikidata.org/entity/Q5637104>	"P571"	1898-01-01T00:00:00Z	9
<http://www.wikidata.org/entity/Q56615380>	"P571"	1898-01-01T00:00:00Z	9
<http://www.wikidata.org/entity/Q26580338>	"P571"	1877-01-01T00:00:00Z	9
<http://www.wikidata.org/entity/Q134506832>	"P571"	1845-01-01T00:00:00Z	9
<http://www.wikidata.org/entity/Q26583398>	"P571"	1845-01-01T00:00:00Z	9
<http://www.wikidata.org/entity/Q26643909>	"P571"	1845-01-01T00:00:00Z	9
<http://www.wikidata.org/entity/Q1436185>	"P571"	1845-01-01T00:00:00Z	9
<http://www.wikidata.org/entity/Q1520891>	"P571"	1845-01-01T00:00:00Z	9
<http://www.wikidata.org/entity/Q28337710>	"P571"	1845-01-01T00:00:00Z	9
<http://www.wikidata.org/entity/Q136085035>	"P571"	1845-01-01T00:00:00Z	9
<http://www.wikidata.org/entity/Q20500059>	"P571"	1845-01-01T00:00:00Z	9
<http://www.wikidata.org/entity/Q17606991>	"P571"	1845-01-01T00:00:00Z	9
<http://www.wikidata.org/entity/Q139376266>	"P571"	1845-01-01T00:00:00Z	9
<http://www.wikidata.org/entity/Q49457762>	"P571"	1845-01-01T00:00:00Z	9
<http://www.wikidata.org/entity/Q79280054>	"P571"	1845-01-01T00:00:00Z	9
<http://www.wikidata.org/entity/Q52152545>	"P571"	1845-01-01T00:00:00Z	9
<http://www.wikidata.org/entity/Q60416267>	"P571"	1845-01-01T00:00:00Z	9
<http://www.wikidata.org/entity/Q96586009>	"P571"	1845-01-01T00:00:00Z	9
<http://www.wikidata.org/entity/Q36158264>	"P571"	1860-01-01T00:00:00Z	9
<http://www.wikidata.org/entity/Q47034610>	"P571"	1860-01-01T00:00:00Z	9
<http://www.wikidata.org/entity/Q49448521>	"P571"	1860-01-01T00:00:00Z	9
<http://www.wikidata.org/entity/Q49450973>	"P571"	1860-01-01T00:00:00Z	9
<http://www.wikidata.org/entity/Q49440736>	"P571"	1860-01-01T00:00:00Z	9
<http://www.wikidata.org/entity/Q49445989>	"P571"	1860-01-01T00:00:00Z	9
<http://www.wikidata.org/entity/Q49436884>	"P571"	1860-01-01T00:00:00Z	9
<http://www.wikidata.org/entity/Q49466393>	"P571"	1860-01-01T00:00:00Z	9
<http://www.wikidata.org/entity/Q49438533>	"P571"	1860-01-01T00:00:00Z	9
<http://www.wikidata.org/entity/Q49408475>	"P571"	1860-01-01T00:00:00Z	9
<http://www.wikidata.org/entity/Q49448242>	"P571"	1860-01-01T00:00:00Z	9
<http://www.wikidata.org/entity/Q30055090>	"P571"	1831-01-01T00:00:00Z	9
<http://www.wikidata.org/entity/Q111635688>	"P571"	1696-01-01T00:00:00Z	9
<http://www.wikidata.org/entity/Q49273209>	"P571"	1906-01-01T00:00:00Z	9
<http://www.wikidata.org/entity/Q49322050>	"P571"	1906-01-01T00:00:00Z	9
<http://www.wikidata.org/entity/Q49480673>	"P571"	1906-01-01T00:00:00Z	9
<http://www.wikidata.org/entity/Q49273489>	"P571"	1906-01-01T00:00:00Z	9
<http://www.wikidata.org/entity/Q49291695>	"P571"	1906-01-01T00:00:00Z	9
<http://www.wikidata.org/entity/Q49520226>	"P571"	1906-01-01T00:00:00Z	9
<http://www.wikidata.org/entity/Q54644820>	"P571"	1857-06-28T00:00:00Z	11
<http://www.wikidata.org/entity/Q465534>	"P571"	1949-01-01T00:00:00Z	9
<http://www.wikidata.org/entity/Q49454338>	"P571"	1856-01-01T00:00:00Z	9
<http://www.wikidata.org/entity/Q49257584>	"P571"	1856-01-01T00:00:00Z	9
<http://www.wikidata.org/entity/Q49444054>	"P571"	1856-01-01T00:00:00Z	9
<http://www.wikidata.org/entity/Q49505051>	"P571"	1856-01-01T00:00:00Z	9
<http://www.wikidata.org/entity/Q48976043>	"P571"	1909-05-26T00:00:00Z	11
<http://www.wikidata.org/entity/Q130485524>	"P571"	1868-01-01T00:00:00Z	9
<http://www.wikidata.org/entity/Q111359647>	"P571"	1868-01-01T00:00:00Z	9
<http://www.wikidata.org/entity/Q111311579>	"P571"	1868-01-01T00:00:00Z	9
<http://www.wikidata.org/entity/Q111015176>	"P571"	1868-01-01T00:00:00Z	9
<http://www.wikidata.org/entity/Q113090612>	"P571"	1868-01-01T00:00:00Z	9
<http://www.wikidata.org/entity/Q12038735>	"P571"	1868-01-01T00:00:00Z	9
<http://www.wikidata.org/entity/Q124868789>	"P571"	1868-01-01T00:00:00Z	9
<http://www.wikidata.org/entity/Q116394354>	"P571"	1868-01-01T00:00:00Z	9
<http://www.wikidata.org/entity/Q122972533>	"P571"	1868-01-01T00:00:00Z	9
<http://www.wikidata.org/entity/Q1313525>	"P571"	1868-01-01T00:00:00Z	9
<http://www.wikidata.org/entity/Q139741302>	"P571"	1868-01-01T00:00:00Z	9
<http://www.wikidata.org/entity/Q358268>	"P571"	1868-01-01T00:00:00Z	9
<http://www.wikidata.org/entity/Q135458002>	"P571"	1868-01-01T00:00:00Z	9
<http://www.wikidata.org/entity/Q26414985>	"P571"	1868-01-01T00:00:00Z	9
<http://www.wikidata.org/entity/Q27846376>	"P571"	1868-01-01T00:00:00Z	9
<http://www.wikidata.org/entity/Q37458228>	"P571"	1868-01-01T00:00:00Z	9
<http://www.wikidata.org/entity/Q48016295>	"P571"	1868-01-01T00:00:00Z	9
<http://www.wikidata.org/entity/Q3396840>	"P571"	1868-01-01T00:00:00Z	9
<http://www.wikidata.org/entity/Q66502320>	"P571"	1868-01-01T00:00:00Z	9
<http://www.wikidata.org/entity/Q98502895>	"P571"	1868-01-01T00:00:00Z	9
<http://www.wikidata.org/entity/Q65157642>	"P571"	1868-01-01T00:00:00Z	9
<http://www.wikidata.org/entity/Q97466123>	"P571"	1868-01-01T00:00:00Z	9
<http://www.wikidata.org/entity/Q3907978>	"P571"	1908-01-01T00:00:00Z	9
<http://www.wikidata.org/entity/Q112705083>	"P571"	1828-01-01T00:00:00Z	9
<http://www.wikidata.org/entity/Q118122224>	"P571"	1828-01-01T00:00:00Z	9
<http://www.wikidata.org/entity/Q118122225>	"P571"	1828-01-01T00:00:00Z	9
<http://www.wikidata.org/entity/Q29575908>	"P571"	1828-01-01T00:00:00Z	9
<http://www.wikidata.org/entity/Q21293198>	"P571"	1828-01-01T00:00:00Z	9
<http://www.wikidata.org/entity/Q3563532>	"P571"	1828-01-01T00:00:00Z	9
<http://www.wikidata.org/entity/Q3563532>	"P571"	1828-01-01T00:00:00Z	9
<http://www.wikidata.org/entity/Q3907975>	"P571"	1828-01-01T00:00:00Z	9
<http://www.wikidata.org/entity/Q26572417>	"P571"	1828-01-01T00:00:00Z	9
<http://www.wikidata.org/entity/Q17642880>	"P571"	1828-01-01T00:00:00Z	9
<http://www.wikidata.org/entity/Q26483596>	"P571"	1828-01-01T00:00:00Z	9
<http://www.wikidata.org/entity/Q59186035>	"P571"	1828-01-01T00:00:00Z	9
<http://www.wikidata.org/entity/Q49457009>	"P571"	1886-01-01T00:00:00Z	9
<http://www.wikidata.org/entity/Q49442683>	"P571"	1886-01-01T00:00:00Z	9
<http://www.wikidata.org/entity/Q49439401>	"P571"	1886-01-01T00:00:00Z	9
<http://www.wikidata.org/entity/Q49566990>	"P571"	1886-01-01T00:00:00Z	9
<http://www.wikidata.org/entity/Q49451371>	"P571"	1886-01-01T00:00:00Z	9
<http://www.wikidata.org/entity/Q49399897>	"P571"	1886-01-01T00:00:00Z	9
<http://www.wikidata.org/entity/Q49440605>	"P571"	1886-01-01T00:00:00Z	9
<http://www.wikidata.org/entity/Q49257659>	"P571"	1886-01-01T00:00:00Z	9
<http://www.wikidata.org/entity/Q49448517>	"P571"	1886-01-01T00:00:00Z	9
<http://www.wikidata.org/entity/Q49464777>	"P571"	1886-01-01T00:00:00Z	9
<http://www.wikidata.org/entity/Q49520507>	"P571"	1886-01-01T00:00:00Z	9
<http://www.wikidata.org/entity/Q49379935>	"P571"	1886-01-01T00:00:00Z	9
<http://www.wikidata.org/entity/Q49629735>	"P571"	1886-01-01T00:00:00Z	9
<http://www.wikidata.org/entity/Q49556547>	"P571"	1886-01-01T00:00:00Z	9
<http://www.wikidata.org/entity/Q49630142>	"P571"	1886-01-01T00:00:00Z	9
<http://www.wikidata.org/entity/Q49425674>	"P571"	1886-01-01T00:00:00Z	9
<http://www.wikidata.org/entity/Q126086445>	"P571"	1912-01-01T00:00:00Z	9
<http://www.wikidata.org/entity/Q3562936>	"P571"	1912-01-01T00:00:00Z	9
<http://www.wikidata.org/entity/Q3562936>	"P571"	1912-01-01T00:00:00Z	9
<http://www.wikidata.org/entity/Q33053066>	"P571"	1912-01-01T00:00:00Z	9
<http://www.wikidata.org/entity/Q4094592>	"P571"	1912-01-01T00:00:00Z	9
<http://www.wikidata.org/entity/Q37291744>	"P571"	1912-01-01T00:00:00Z	9
<http://www.wikidata.org/entity/Q17826704>	"P571"	1774-01-01T00:00:00Z	9
<http://www.wikidata.org/entity/Q17570884>	"P571"	1774-01-01T00:00:00Z	9
<http://www.wikidata.org/entity/Q17574730>	"P571"	1774-01-01T00:00:00Z	9
<http://www.wikidata.org/entity/Q56623204>	"P571"	1774-01-01T00:00:00Z	9
<http://www.wikidata.org/entity/Q49509778>	"P571"	1788-01-01T00:00:00Z	9
<http://www.wikidata.org/entity/Q123560162>	"P571"	1618-01-01T00:00:00Z	9
<http://www.wikidata.org/entity/Q49451762>	"P571"	1867-01-01T00:00:00Z	9
<http://www.wikidata.org/entity/Q49447643>	"P571"	1867-01-01T00:00:00Z	9
<http://www.wikidata.org/entity/Q49413902>	"P571"	1867-01-01T00:00:00Z	9
<http://www.wikidata.org/entity/Q49446847>	"P571"	1867-01-01T00:00:00Z	9
<http://www.wikidata.org/entity/Q49507073>	"P571"	1867-01-01T00:00:00Z	9
<http://www.wikidata.org/entity/Q49449335>	"P571"	1867-01-01T00:00:00Z	9
<http://www.wikidata.org/entity/Q49492501>	"P571"	1867-01-01T00:00:00Z	9
<http://www.wikidata.org/entity/Q49457244>	"P571"	1867-01-01T00:00:00Z	9
<http://www.wikidata.org/entity/Q49449398>	"P571"	1899-01-01T00:00:00Z	9
<http://www.wikidata.org/entity/Q49449426>	"P571"	1899-01-01T00:00:00Z	9
<http://www.wikidata.org/entity/Q49630147>	"P571"	1899-01-01T00:00:00Z	9
<http://www.wikidata.org/entity/Q49439071>	"P571"	1899-01-01T00:00:00Z	9
<http://www.wikidata.org/entity/Q49454346>	"P571"	1899-01-01T00:00:00Z	9
<http://www.wikidata.org/entity/Q49910993>	"P571"	1899-01-01T00:00:00Z	9
<http://www.wikidata.org/entity/Q49630160>	"P571"	1899-01-01T00:00:00Z	9
<http://www.wikidata.org/entity/Q130384756>	"P571"	1854-01-01T00:00:00Z	9
<http://www.wikidata.org/entity/Q124672578>	"P571"	1854-01-01T00:00:00Z	9
<http://www.wikidata.org/entity/Q1330527>	"P571"	1854-01-01T00:00:00Z	9
<http://www.wikidata.org/entity/Q130384746>	"P571"	1854-01-01T00:00:00Z	9
<http://www.wikidata.org/entity/Q113124811>	"P571"	1854-01-01T00:00:00Z	9
<http://www.wikidata.org/entity/Q117466520>	"P571"	1854-01-01T00:00:00Z	9
<http://www.wikidata.org/entity/Q113496071>	"P571"	1854-01-01T00:00:00Z	9
<http://www.wikidata.org/entity/Q134661721>	"P571"	1854-01-01T00:00:00Z	9
<http://www.wikidata.org/entity/Q2307722>	"P571"	1854-01-01T00:00:00Z	9
<http://www.wikidata.org/entity/Q20499733>	"P571"	1854-01-01T00:00:00Z	9
<http://www.wikidata.org/entity/Q26660319>	"P571"	1854-01-01T00:00:00Z	9
<http://www.wikidata.org/entity/Q137554739>	"P571"	1854-01-01T00:00:00Z	9
<http://www.wikidata.org/entity/Q136748214>	"P571"	1854-01-01T00:00:00Z	9
<http://www.wikidata.org/entity/Q19362771>	"P571"	1854-01-01T00:00:00Z	9
<http://www.wikidata.org/entity/Q56448281>	"P571"	1854-01-01T00:00:00Z	9
<http://www.wikidata.org/entity/Q77283131>	"P571"	1854-01-01T00:00:00Z	9
<http://www.wikidata.org/entity/Q10351496>	"P571"	1100-01-01T00:00:00Z	7
<http://www.wikidata.org/entity/Q11140639>	"P571"	1896-01-01T00:00:00Z	9
<http://www.wikidata.org/entity/Q126195215>	"P571"	1896-01-01T00:00:00Z	9
<http://www.wikidata.org/entity/Q114077237>	"P571"	1896-01-01T00:00:00Z	9
<http://www.wikidata.org/entity/Q113054508>	"P571"	1896-01-01T00:00:00Z	9
<http://www.wikidata.org/entity/Q105967222>	"P571"	1896-01-01T00:00:00Z	9
<http://www.wikidata.org/entity/Q11785918>	"P571"	1896-01-01T00:00:00Z	9
<http://www.wikidata.org/entity/Q116250639>	"P571"	1896-01-01T00:00:00Z	9
<http://www.wikidata.org/entity/Q113815822>	"P571"	1896-01-01T00:00:00Z	9
<http://www.wikidata.org/entity/Q110344032>	"P571"	1896-01-01T00:00:00Z	9
<http://www.wikidata.org/entity/Q112242969>	"P571"	1896-01-01T00:00:00Z	9
<http://www.wikidata.org/entity/Q113132808>	"P571"	1896-01-01T00:00:00Z	9
<http://www.wikidata.org/entity/Q113132897>	"P571"	1896-01-01T00:00:00Z	9
<http://www.wikidata.org/entity/Q113612691>	"P571"	1896-01-01T00:00:00Z	9
<http://www.wikidata.org/entity/Q38047992>	"P571"	1896-01-01T00:00:00Z	9
<http://www.wikidata.org/entity/Q2792530>	"P571"	1896-01-01T00:00:00Z	9
<http://www.wikidata.org/entity/Q15134882>	"P571"	1896-01-01T00:00:00Z	9
<http://www.wikidata.org/entity/Q137553952>	"P571"	1896-01-01T00:00:00Z	9
<http://www.wikidata.org/entity/Q259220>	"P571"	1896-01-01T00:00:00Z	9
<http://www.wikidata.org/entity/Q26479933>	"P571"	1896-01-01T00:00:00Z	9
<http://www.wikidata.org/entity/Q41711149>	"P571"	1896-01-01T00:00:00Z	9
<http://www.wikidata.org/entity/Q20754350>	"P571"	1896-01-01T00:00:00Z	9
<http://www.wikidata.org/entity/Q436402>	"P571"	1896-01-01T00:00:00Z	9
<http://www.wikidata.org/entity/Q2239173>	"P571"	1896-01-01T00:00:00Z	9
<http://www.wikidata.org/entity/Q38227805>	"P571"	1896-01-01T00:00:00Z	9
<http://www.wikidata.org/entity/Q139980765>	"P571"	1896-01-01T00:00:00Z	9
<http://www.wikidata.org/entity/Q28657124>	"P571"	1896-01-01T00:00:00Z	9
<http://www.wikidata.org/entity/Q17849415>	"P571"	1896-01-01T00:00:00Z	9
<http://www.wikidata.org/entity/Q291093>	"P571"	1896-01-01T00:00:00Z	9
<http://www.wikidata.org/entity/Q684619>	"P571"	1896-01-01T00:00:00Z	9
<http://www.wikidata.org/entity/Q684619>	"P571"	1896-01-01T00:00:00Z	9
<http://www.wikidata.org/entity/Q63790102>	"P571"	1896-01-01T00:00:00Z	9
<http://www.wikidata.org/entity/Q98077531>	"P571"	1896-01-01T00:00:00Z	9
<http://www.wikidata.org/entity/Q96250928>	"P571"	1896-01-01T00:00:00Z	9
<http://www.wikidata.org/entity/Q435416>	"P571"	1788-01-01T00:00:00Z	9
<http://www.wikidata.org/entity/Q17122410>	"P571"	1788-01-01T00:00:00Z	9
<http://www.wikidata.org/entity/Q30084261>	"P571"	1903-01-01T00:00:00Z	9
<http://www.wikidata.org/entity/Q1418458>	"P571"	1856-01-01T00:00:00Z	9
<http://www.wikidata.org/entity/Q49517564>	"P571"	1720-01-01T00:00:00Z	9
<http://www.wikidata.org/entity/Q1497457>	"P571"	1840-01-01T00:00:00Z	9
<http://www.wikidata.org/entity/Q49457730>	"P571"	1840-01-01T00:00:00Z	9
<http://www.wikidata.org/entity/Q49560556>	"P571"	1840-01-01T00:00:00Z	9
<http://www.wikidata.org/entity/Q49535838>	"P571"	1840-01-01T00:00:00Z	9
<http://www.wikidata.org/entity/Q49457758>	"P571"	1840-01-01T00:00:00Z	9
<http://www.wikidata.org/entity/Q49446615>	"P571"	1840-01-01T00:00:00Z	9
<http://www.wikidata.org/entity/Q49457722>	"P571"	1840-01-01T00:00:00Z	9
<http://www.wikidata.org/entity/Q49457718>	"P571"	1840-01-01T00:00:00Z	9
<http://www.wikidata.org/entity/Q49457714>	"P571"	1840-01-01T00:00:00Z	9
<http://www.wikidata.org/entity/Q49457606>	"P571"	1840-01-01T00:00:00Z	9
<http://www.wikidata.org/entity/Q49368758>	"P571"	1833-01-01T00:00:00Z	9
<http://www.wikidata.org/entity/Q49457766>	"P571"	1833-01-01T00:00:00Z	9
<http://www.wikidata.org/entity/Q49353274>	"P571"	1833-01-01T00:00:00Z	9
<http://www.wikidata.org/entity/Q49545078>	"P571"	1833-01-01T00:00:00Z	9
<http://www.wikidata.org/entity/Q1034624>	"P571"	1816-01-01T00:00:00Z	9
<http://www.wikidata.org/entity/Q113324337>	"P571"	1816-01-01T00:00:00Z	9
<http://www.wikidata.org/entity/Q1142134>	"P571"	1816-01-01T00:00:00Z	9
<http://www.wikidata.org/entity/Q26521529>	"P571"	1816-01-01T00:00:00Z	9
<http://www.wikidata.org/entity/Q17570813>	"P571"	1816-01-01T00:00:00Z	9
<http://www.wikidata.org/entity/Q37177377>	"P571"	1816-01-01T00:00:00Z	9
<http://www.wikidata.org/entity/Q27084454>	"P571"	1816-01-01T00:00:00Z	9
<http://www.wikidata.org/entity/Q17842433>	"P571"	1816-01-01T00:00:00Z	9
<http://www.wikidata.org/entity/Q2798100>	"P571"	1816-01-01T00:00:00Z	9
<http://www.wikidata.org/entity/Q7071779>	"P571"	1816-01-01T00:00:00Z	9
<http://www.wikidata.org/entity/Q6091607>	"P571"	1816-01-01T00:00:00Z	9
<http://www.wikidata.org/entity/Q81756141>	"P571"	1816-01-01T00:00:00Z	9
<http://www.wikidata.org/entity/Q136791730>	"P571"	1989-01-01T00:00:00Z	9
<http://www.wikidata.org/entity/Q31124022>	"P571"	1913-01-01T00:00:00Z	9
<http://www.wikidata.org/entity/Q13424408>	"P571"	1886-01-01T00:00:00Z	9
<http://www.wikidata.org/entity/Q30228167>	"P571"	1827-01-01T00:00:00Z	9
<http://www.wikidata.org/entity/Q86972084>	"P571"	1602-01-01T00:00:00Z	9
<http://www.wikidata.org/entity/Q79497931>	"P571"	1830-01-01T00:00:00Z	9
<http://www.wikidata.org/entity/Q217980>	"P571"	1871-11-01T00:00:00Z	11
<http://www.wikidata.org/entity/Q17571541>	"P571"	1744-01-01T00:00:00Z	9
<http://www.wikidata.org/entity/Q2739714>	"P571"	1744-01-01T00:00:00Z	9
<http://www.wikidata.org/entity/Q49447310>	"P571"	1818-01-01T00:00:00Z	9
<http://www.wikidata.org/entity/Q49408255>	"P571"	1818-01-01T00:00:00Z	9
<http://www.wikidata.org/entity/Q49447560>	"P571"	1818-01-01T00:00:00Z	9
<http://www.wikidata.org/entity/Q49409004>	"P571"	1729-01-01T00:00:00Z	9
<http://www.wikidata.org/entity/Q49449068>	"P571"	1839-01-01T00:00:00Z	9
<http://www.wikidata.org/entity/Q49451605>	"P571"	1839-01-01T00:00:00Z	9
<http://www.wikidata.org/entity/Q49567182>	"P571"	1839-01-01T00:00:00Z	9
<http://www.wikidata.org/entity/Q49498855>	"P571"	1839-01-01T00:00:00Z	9
<http://www.wikidata.org/entity/Q49498985>	"P571"	1839-01-01T00:00:00Z	9
<http://www.wikidata.org/entity/Q101245494>	"P571"	1745-01-01T00:00:00Z	9
<http://www.wikidata.org/entity/Q22924141>	"P571"	1745-01-01T00:00:00Z	9
<http://www.wikidata.org/entity/Q16061655>	"P571"	1708-01-01T00:00:00Z	9
<http://www.wikidata.org/entity/Q30075865>	"P571"	1892-01-01T00:00:00Z	9
<http://www.wikidata.org/entity/Q30537585>	"P571"	1892-01-01T00:00:00Z	9
<http://www.wikidata.org/entity/Q11974529>	"P571"	1892-01-01T00:00:00Z	9
<http://www.wikidata.org/entity/Q117351528>	"P571"	1892-01-01T00:00:00Z	9
<http://www.wikidata.org/entity/Q116176446>	"P571"	1892-01-01T00:00:00Z	9
<http://www.wikidata.org/entity/Q123137676>	"P571"	1892-01-01T00:00:00Z	9
<http://www.wikidata.org/entity/Q108393717>	"P571"	1892-01-01T00:00:00Z	9
<http://www.wikidata.org/entity/Q116872543>	"P571"	1892-01-01T00:00:00Z	9
<http://www.wikidata.org/entity/Q113381910>	"P571"	1892-01-01T00:00:00Z	9
<http://www.wikidata.org/entity/Q120750782>	"P571"	1892-01-01T00:00:00Z	9
<http://www.wikidata.org/entity/Q130392309>	"P571"	1892-01-01T00:00:00Z	9
<http://www.wikidata.org/entity/Q130527483>	"P571"	1892-01-01T00:00:00Z	9
<http://www.wikidata.org/entity/Q113130589>	"P571"	1892-01-01T00:00:00Z	9
<http://www.wikidata.org/entity/Q130370564>	"P571"	1892-01-01T00:00:00Z	9
<http://www.wikidata.org/entity/Q113496072>	"P571"	1892-01-01T00:00:00Z	9
<http://www.wikidata.org/entity/Q116698370>	"P571"	1892-01-01T00:00:00Z	9
<http://www.wikidata.org/entity/Q121070572>	"P571"	1892-01-01T00:00:00Z	9
<http://www.wikidata.org/entity/Q1256412>	"P571"	1892-01-01T00:00:00Z	9
<http://www.wikidata.org/entity/Q123655173>	"P571"	1892-01-01T00:00:00Z	9
<http://www.wikidata.org/entity/Q130538422>	"P571"	1892-01-01T00:00:00Z	9
<http://www.wikidata.org/entity/Q130392223>	"P571"	1892-01-01T00:00:00Z	9
<http://www.wikidata.org/entity/Q18947811>	"P571"	1892-01-01T00:00:00Z	9
<http://www.wikidata.org/entity/Q17463234>	"P571"	1892-01-01T00:00:00Z	9
<http://www.wikidata.org/entity/Q1801332>	"P571"	1892-01-01T00:00:00Z	9
<http://www.wikidata.org/entity/Q1652970>	"P571"	1892-01-01T00:00:00Z	9
<http://www.wikidata.org/entity/Q1874090>	"P571"	1892-01-01T00:00:00Z	9
<http://www.wikidata.org/entity/Q47497974>	"P571"	1892-01-01T00:00:00Z	9
<http://www.wikidata.org/entity/Q48468694>	"P571"	1892-01-01T00:00:00Z	9
<http://www.wikidata.org/entity/Q43102653>	"P571"	1892-01-01T00:00:00Z	9
<http://www.wikidata.org/entity/Q1430578>	"P571"	1892-01-01T00:00:00Z	9
<http://www.wikidata.org/entity/Q25480595>	"P571"	1892-01-01T00:00:00Z	9
<http://www.wikidata.org/entity/Q47186313>	"P571"	1892-01-01T00:00:00Z	9
<http://www.wikidata.org/entity/Q17828079>	"P571"	1892-01-01T00:00:00Z	9
<http://www.wikidata.org/entity/Q1804911>	"P571"	1892-01-01T00:00:00Z	9
<http://www.wikidata.org/entity/Q26580338>	"P571"	1892-01-01T00:00:00Z	9
<http://www.wikidata.org/entity/Q5016501>	"P571"	1892-01-01T00:00:00Z	9
<http://www.wikidata.org/entity/Q96592291>	"P571"	1892-01-01T00:00:00Z	9
<http://www.wikidata.org/entity/Q96592308>	"P571"	1892-01-01T00:00:00Z	9
<http://www.wikidata.org/entity/Q96592309>	"P571"	1892-01-01T00:00:00Z	9
<http://www.wikidata.org/entity/Q95734162>	"P571"	1892-01-01T00:00:00Z	9
<http://www.wikidata.org/entity/Q84321856>	"P571"	1892-01-01T00:00:00Z	9
<http://www.wikidata.org/entity/Q114962390>	"P571"	1825-01-01T00:00:00Z	9
<http://www.wikidata.org/entity/Q112036813>	"P571"	1825-01-01T00:00:00Z	9
<http://www.wikidata.org/entity/Q121963170>	"P571"	1825-01-01T00:00:00Z	9
<http://www.wikidata.org/entity/Q130478701>	"P571"	1825-01-01T00:00:00Z	9
<http://www.wikidata.org/entity/Q26559355>	"P571"	1825-01-01T00:00:00Z	9
<http://www.wikidata.org/entity/Q15109351>	"P571"	1825-01-01T00:00:00Z	9
<http://www.wikidata.org/entity/Q3368276>	"P571"	1825-01-01T00:00:00Z	9
<http://www.wikidata.org/entity/Q17567699>	"P571"	1825-01-01T00:00:00Z	9
<http://www.wikidata.org/entity/Q17793003>	"P571"	1825-01-01T00:00:00Z	9
<http://www.wikidata.org/entity/Q77781377>	"P571"	1825-01-01T00:00:00Z	9
<http://www.wikidata.org/entity/Q136791730>	"P571"	2018-01-01T00:00:00Z	9
<http://www.wikidata.org/entity/Q126363067>	"P571"	1724-01-01T00:00:00Z	9
<http://www.wikidata.org/entity/Q36864889>	"P571"	1724-01-01T00:00:00Z	9
<http://www.wikidata.org/entity/Q56546092>	"P571"	1724-01-01T00:00:00Z	9
<http://www.wikidata.org/entity/Q49367268>	"P571"	1752-01-01T00:00:00Z	9
<http://www.wikidata.org/entity/Q37027832>	"P571"	1884-05-01T00:00:00Z	10
<http://www.wikidata.org/entity/Q49223961>	"P571"	1724-01-01T00:00:00Z	9
<http://www.wikidata.org/entity/Q138757454>	"P571"	1917-01-01T00:00:00Z	9
<http://www.wikidata.org/entity/Q130392309>	"P571"	2012-01-01T00:00:00Z	9
<http://www.wikidata.org/entity/Q2120789>	"P571"	2012-01-01T00:00:00Z	9
<http://www.wikidata.org/entity/Q93353790>	"P571"	2012-01-01T00:00:00Z	9
<http://www.wikidata.org/entity/Q49411205>	"P571"	1831-01-01T00:00:00Z	9
<http://www.wikidata.org/entity/Q49455973>	"P571"	1831-01-01T00:00:00Z	9
<http://www.wikidata.org/entity/Q108464401>	"P571"	1889-01-01T00:00:00Z	9
<http://www.wikidata.org/entity/Q117760621>	"P571"	1889-01-01T00:00:00Z	9
<http://www.wikidata.org/entity/Q112161657>	"P571"	1889-01-01T00:00:00Z	9
<http://www.wikidata.org/entity/Q116946948>	"P571"	1889-01-01T00:00:00Z	9
<http://www.wikidata.org/entity/Q136345452>	"P571"	1889-01-01T00:00:00Z	9
<http://www.wikidata.org/entity/Q26538650>	"P571"	1889-01-01T00:00:00Z	9
<http://www.wikidata.org/entity/Q1656531>	"P571"	1889-01-01T00:00:00Z	9
<http://www.wikidata.org/entity/Q136028306>	"P571"	1889-01-01T00:00:00Z	9
<http://www.wikidata.org/entity/Q3397529>	"P571"	1889-01-01T00:00:00Z	9
<http://www.wikidata.org/entity/Q4503250>	"P571"	1889-01-01T00:00:00Z	9
<http://www.wikidata.org/entity/Q77779667>	"P571"	1889-01-01T00:00:00Z	9
<http://www.wikidata.org/entity/Q7693955>	"P571"	1889-01-01T00:00:00Z	9
<http://www.wikidata.org/entity/Q85792749>	"P571"	1889-01-01T00:00:00Z	9
<http://www.wikidata.org/entity/Q62654153>	"P571"	1889-01-01T00:00:00Z	9
<http://www.wikidata.org/entity/Q56650059>	"P571"	1889-01-01T00:00:00Z	9
<http://www.wikidata.org/entity/Q636691>	"P571"	1889-01-01T00:00:00Z	9
<http://www.wikidata.org/entity/Q9064414>	"P571"	1889-01-01T00:00:00Z	9
<http://www.wikidata.org/entity/Q4243193>	"P571"	1872-03-25T00:00:00Z	11
<http://www.wikidata.org/entity/Q2254622>	"P571"	1899-09-15T00:00:00Z	11
<http://www.wikidata.org/entity/Q110068170>	"P571"	1897-01-01T00:00:00Z	9
<http://www.wikidata.org/entity/Q1155735>	"P571"	1897-01-01T00:00:00Z	9
<http://www.wikidata.org/entity/Q112233532>	"P571"	1897-01-01T00:00:00Z	9
<http://www.wikidata.org/entity/Q11883675>	"P571"	1897-01-01T00:00:00Z	9
<http://www.wikidata.org/entity/Q109935124>	"P571"	1897-01-01T00:00:00Z	9
<http://www.wikidata.org/entity/Q113953325>	"P571"	1897-01-01T00:00:00Z	9
<http://www.wikidata.org/entity/Q12236400>	"P571"	1897-01-01T00:00:00Z	9
<http://www.wikidata.org/entity/Q113496055>	"P571"	1897-01-01T00:00:00Z	9
<http://www.wikidata.org/entity/Q4440164>	"P571"	1897-01-01T00:00:00Z	9
<http://www.wikidata.org/entity/Q1642271>	"P571"	1897-01-01T00:00:00Z	9
<http://www.wikidata.org/entity/Q17828125>	"P571"	1897-01-01T00:00:00Z	9
<http://www.wikidata.org/entity/Q17591071>	"P571"	1897-01-01T00:00:00Z	9
<http://www.wikidata.org/entity/Q17574828>	"P571"	1897-01-01T00:00:00Z	9
<http://www.wikidata.org/entity/Q17571091>	"P571"	1897-01-01T00:00:00Z	9
<http://www.wikidata.org/entity/Q1470116>	"P571"	1897-01-01T00:00:00Z	9
<http://www.wikidata.org/entity/Q1514344>	"P571"	1897-01-01T00:00:00Z	9
<http://www.wikidata.org/entity/Q677520>	"P571"	1897-01-01T00:00:00Z	9
<http://www.wikidata.org/entity/Q7498007>	"P571"	1897-01-01T00:00:00Z	9
<http://www.wikidata.org/entity/Q55049671>	"P571"	1897-01-01T00:00:00Z	9
<http://www.wikidata.org/entity/Q55051036>	"P571"	1897-01-01T00:00:00Z	9
<http://www.wikidata.org/entity/Q131324730>	"P571"	1911-01-01T00:00:00Z	9
<http://www.wikidata.org/entity/Q104876678>	"P571"	1911-01-01T00:00:00Z	9
<http://www.wikidata.org/entity/Q113496061>	"P571"	1911-01-01T00:00:00Z	9
<http://www.wikidata.org/entity/Q112639840>	"P571"	1911-01-01T00:00:00Z	9
<http://www.wikidata.org/entity/Q116770337>	"P571"	1911-01-01T00:00:00Z	9
<http://www.wikidata.org/entity/Q132562182>	"P571"	1911-01-01T00:00:00Z	9
<http://www.wikidata.org/entity/Q125993400>	"P571"	1911-01-01T00:00:00Z	9
<http://www.wikidata.org/entity/Q122577390>	"P571"	1911-01-01T00:00:00Z	9
<http://www.wikidata.org/entity/Q131994995>	"P571"	1911-01-01T00:00:00Z	9
<http://www.wikidata.org/entity/Q100320870>	"P571"	1911-01-01T00:00:00Z	9
<http://www.wikidata.org/entity/Q12268069>	"P571"	1911-01-01T00:00:00Z	9
<http://www.wikidata.org/entity/Q108068540>	"P571"	1911-01-01T00:00:00Z	9
<http://www.wikidata.org/entity/Q113773601>	"P571"	1911-01-01T00:00:00Z	9
<http://www.wikidata.org/entity/Q124471985>	"P571"	1911-01-01T00:00:00Z	9
<http://www.wikidata.org/entity/Q12019825>	"P571"	1911-01-01T00:00:00Z	9
<http://www.wikidata.org/entity/Q122567426>	"P571"	1911-01-01T00:00:00Z	9
<http://www.wikidata.org/entity/Q32663323>	"P571"	1911-01-01T00:00:00Z	9
<http://www.wikidata.org/entity/Q38089512>	"P571"	1911-01-01T00:00:00Z	9
<http://www.wikidata.org/entity/Q137553151>	"P571"	1911-01-01T00:00:00Z	9
<http://www.wikidata.org/entity/Q28541439>	"P571"	1911-01-01T00:00:00Z	9
<http://www.wikidata.org/entity/Q1807407>	"P571"	1911-01-01T00:00:00Z	9
<http://www.wikidata.org/entity/Q17791892>	"P571"	1911-01-01T00:00:00Z	9
<http://www.wikidata.org/entity/Q19873714>	"P571"	1911-01-01T00:00:00Z	9
<http://www.wikidata.org/entity/Q2103760>	"P571"	1911-01-01T00:00:00Z	9
<http://www.wikidata.org/entity/Q137552394>	"P571"	1911-01-01T00:00:00Z	9
<http://www.wikidata.org/entity/Q1540066>	"P571"	1911-01-01T00:00:00Z	9
<http://www.wikidata.org/entity/Q96101338>	"P571"	1911-01-01T00:00:00Z	9
<http://www.wikidata.org/entity/Q96586048>	"P571"	1911-01-01T00:00:00Z	9
<http://www.wikidata.org/entity/Q98815788>	"P571"	1911-01-01T00:00:00Z	9
<http://www.wikidata.org/entity/Q96592328>	"P571"	1911-01-01T00:00:00Z	9
<http://www.wikidata.org/entity/Q52213800>	"P571"	1911-01-01T00:00:00Z	9
<http://www.wikidata.org/entity/Q95612650>	"P571"	1911-01-01T00:00:00Z	9
<http://www.wikidata.org/entity/Q14549687>	"P571"	1741-01-01T00:00:00Z	9
<http://www.wikidata.org/entity/Q24033378>	"P571"	1741-01-01T00:00:00Z	9
<http://www.wikidata.org/entity/Q1742844>	"P571"	1847-08-01T00:00:00Z	10
<http://www.wikidata.org/entity/Q253210>	"P571"	1826-01-01T00:00:00Z	9
<http://www.wikidata.org/entity/Q253210>	"P571"	1826-01-01T00:00:00Z	9
<http://www.wikidata.org/entity/Q1432472>	"P571"	1826-01-01T00:00:00Z	9
<http://www.wikidata.org/entity/Q30228295>	"P571"	1887-01-01T00:00:00Z	9
<http://www.wikidata.org/entity/Q114719385>	"P571"	1865-01-01T00:00:00Z	9
<http://www.wikidata.org/entity/Q134515500>	"P571"	1865-01-01T00:00:00Z	9
<http://www.wikidata.org/entity/Q120485612>	"P571"	1865-01-01T00:00:00Z	9
<http://www.wikidata.org/entity/Q112097274>	"P571"	1865-01-01T00:00:00Z	9
<http://www.wikidata.org/entity/Q116243168>	"P571"	1865-01-01T00:00:00Z	9
<http://www.wikidata.org/entity/Q103344947>	"P571"	1865-01-01T00:00:00Z	9
<http://www.wikidata.org/entity/Q1297320>	"P571"	1865-01-01T00:00:00Z	9
<http://www.wikidata.org/entity/Q113165627>	"P571"	1865-01-01T00:00:00Z	9
<http://www.wikidata.org/entity/Q137754025>	"P571"	1865-01-01T00:00:00Z	9
<http://www.wikidata.org/entity/Q137754044>	"P571"	1865-01-01T00:00:00Z	9
<http://www.wikidata.org/entity/Q137920882>	"P571"	1865-01-01T00:00:00Z	9
<http://www.wikidata.org/entity/Q139906834>	"P571"	1865-01-01T00:00:00Z	9
<http://www.wikidata.org/entity/Q136890884>	"P571"	1865-01-01T00:00:00Z	9
<http://www.wikidata.org/entity/Q134539853>	"P571"	1865-01-01T00:00:00Z	9
<http://www.wikidata.org/entity/Q17779896>	"P571"	1865-01-01T00:00:00Z	9
<http://www.wikidata.org/entity/Q20497386>	"P571"	1865-01-01T00:00:00Z	9
<http://www.wikidata.org/entity/Q21088699>	"P571"	1865-01-01T00:00:00Z	9
<http://www.wikidata.org/entity/Q26535023>	"P571"	1865-01-01T00:00:00Z	9
<http://www.wikidata.org/entity/Q60837238>	"P571"	1865-01-01T00:00:00Z	9
<http://www.wikidata.org/entity/Q97485446>	"P571"	1865-01-01T00:00:00Z	9
<http://www.wikidata.org/entity/Q17572290>	"P571"	1754-01-01T00:00:00Z	9
<http://www.wikidata.org/entity/Q58480511>	"P571"	1692-01-01T00:00:00Z	9
<http://www.wikidata.org/entity/Q49449289>	"P571"	1732-01-01T00:00:00Z	9
<http://www.wikidata.org/entity/Q49456776>	"P571"	1732-01-01T00:00:00Z	9
<http://www.wikidata.org/entity/Q5161719>	"P571"	1903-05-09T00:00:00Z	11
<http://www.wikidata.org/entity/Q112736763>	"P571"	1703-01-01T00:00:00Z	9
<http://www.wikidata.org/entity/Q211304>	"P571"	1703-01-01T00:00:00Z	9
<http://www.wikidata.org/entity/Q30571151>	"P571"	1955-01-01T00:00:00Z	9
<http://www.wikidata.org/entity/Q30571151>	"P571"	1955-01-01T00:00:00Z	9
<http://www.wikidata.org/entity/Q130304921>	"P571"	1888-01-01T00:00:00Z	9
<http://www.wikidata.org/entity/Q130304917>	"P571"	1888-01-01T00:00:00Z	9
<http://www.wikidata.org/entity/Q110747935>	"P571"	1888-01-01T00:00:00Z	9
<http://www.wikidata.org/entity/Q109942824>	"P571"	1888-01-01T00:00:00Z	9
<http://www.wikidata.org/entity/Q117313349>	"P571"	1888-01-01T00:00:00Z	9
<http://www.wikidata.org/entity/Q116945467>	"P571"	1888-01-01T00:00:00Z	9
<http://www.wikidata.org/entity/Q123439978>	"P571"	1888-01-01T00:00:00Z	9
<http://www.wikidata.org/entity/Q139494714>	"P571"	1888-01-01T00:00:00Z	9
<http://www.wikidata.org/entity/Q16510411>	"P571"	1888-01-01T00:00:00Z	9
<http://www.wikidata.org/entity/Q1896945>	"P571"	1888-01-01T00:00:00Z	9
<http://www.wikidata.org/entity/Q38048359>	"P571"	1888-01-01T00:00:00Z	9
<http://www.wikidata.org/entity/Q38035955>	"P571"	1888-01-01T00:00:00Z	9
<http://www.wikidata.org/entity/Q1713426>	"P571"	1888-01-01T00:00:00Z	9
<http://www.wikidata.org/entity/Q22014566>	"P571"	1888-01-01T00:00:00Z	9
<http://www.wikidata.org/entity/Q85222932>	"P571"	1888-01-01T00:00:00Z	9
<http://www.wikidata.org/entity/Q59625088>	"P571"	1888-01-01T00:00:00Z	9
<http://www.wikidata.org/entity/Q96592322>	"P571"	1888-01-01T00:00:00Z	9
<http://www.wikidata.org/entity/Q125698388>	"P571"	1804-01-01T00:00:00Z	9
<http://www.wikidata.org/entity/Q123580629>	"P571"	1804-01-01T00:00:00Z	9
<http://www.wikidata.org/entity/Q1329141>	"P571"	1804-01-01T00:00:00Z	9
<http://www.wikidata.org/entity/Q123113740>	"P571"	1804-01-01T00:00:00Z	9
<http://www.wikidata.org/entity/Q17568419>	"P571"	1804-01-01T00:00:00Z	9
<http://www.wikidata.org/entity/Q30153920>	"P571"	1804-01-01T00:00:00Z	9
<http://www.wikidata.org/entity/Q29576376>	"P571"	1804-01-01T00:00:00Z	9
<http://www.wikidata.org/entity/Q17815085>	"P571"	1804-01-01T00:00:00Z	9
<http://www.wikidata.org/entity/Q32979261>	"P571"	1804-01-01T00:00:00Z	9
<http://www.wikidata.org/entity/Q623417>	"P571"	1804-01-01T00:00:00Z	9
<http://www.wikidata.org/entity/Q113495949>	"P571"	1908-01-01T00:00:00Z	9
<http://www.wikidata.org/entity/Q111754571>	"P571"	1908-01-01T00:00:00Z	9
<http://www.wikidata.org/entity/Q116779949>	"P571"	1908-01-01T00:00:00Z	9
<http://www.wikidata.org/entity/Q121841843>	"P571"	1908-01-01T00:00:00Z	9
<http://www.wikidata.org/entity/Q129900680>	"P571"	1908-01-01T00:00:00Z	9
<http://www.wikidata.org/entity/Q121291482>	"P571"	1908-01-01T00:00:00Z	9
<http://www.wikidata.org/entity/Q118134910>	"P571"	1908-01-01T00:00:00Z	9
<http://www.wikidata.org/entity/Q108309424>	"P571"	1908-01-01T00:00:00Z	9
<http://www.wikidata.org/entity/Q107077581>	"P571"	1908-01-01T00:00:00Z	9
<http://www.wikidata.org/entity/Q108175423>	"P571"	1908-01-01T00:00:00Z	9
<http://www.wikidata.org/entity/Q124638781>	"P571"	1908-01-01T00:00:00Z	9
<http://www.wikidata.org/entity/Q114657604>	"P571"	1908-01-01T00:00:00Z	9
<http://www.wikidata.org/entity/Q116780019>	"P571"	1908-01-01T00:00:00Z	9
<http://www.wikidata.org/entity/Q119727066>	"P571"	1908-01-01T00:00:00Z	9
<http://www.wikidata.org/entity/Q113496092>	"P571"	1908-01-01T00:00:00Z	9
<http://www.wikidata.org/entity/Q111792435>	"P571"	1908-01-01T00:00:00Z	9
<http://www.wikidata.org/entity/Q113343469>	"P571"	1908-01-01T00:00:00Z	9
<http://www.wikidata.org/entity/Q1206573>	"P571"	1908-01-01T00:00:00Z	9
<http://www.wikidata.org/entity/Q124289081>	"P571"	1908-01-01T00:00:00Z	9
<http://www.wikidata.org/entity/Q136880983>	"P571"	1908-01-01T00:00:00Z	9
<http://www.wikidata.org/entity/Q137553440>	"P571"	1908-01-01T00:00:00Z	9
<http://www.wikidata.org/entity/Q38381416>	"P571"	1908-01-01T00:00:00Z	9
<http://www.wikidata.org/entity/Q19362447>	"P571"	1908-01-01T00:00:00Z	9
<http://www.wikidata.org/entity/Q429344>	"P571"	1908-01-01T00:00:00Z	9
<http://www.wikidata.org/entity/Q3566417>	"P571"	1908-01-01T00:00:00Z	9
<http://www.wikidata.org/entity/Q3562456>	"P571"	1908-01-01T00:00:00Z	9
<http://www.wikidata.org/entity/Q37771024>	"P571"	1908-01-01T00:00:00Z	9
<http://www.wikidata.org/entity/Q44395530>	"P571"	1908-01-01T00:00:00Z	9
<http://www.wikidata.org/entity/Q1456694>	"P571"	1908-01-01T00:00:00Z	9
<http://www.wikidata.org/entity/Q3396759>	"P571"	1908-01-01T00:00:00Z	9
<http://www.wikidata.org/entity/Q3396824>	"P571"	1908-01-01T00:00:00Z	9
<http://www.wikidata.org/entity/Q2168953>	"P571"	1908-01-01T00:00:00Z	9
<http://www.wikidata.org/entity/Q3496276>	"P571"	1908-01-01T00:00:00Z	9
<http://www.wikidata.org/entity/Q46992726>	"P571"	1908-01-01T00:00:00Z	9
<http://www.wikidata.org/entity/Q138461304>	"P571"	1908-01-01T00:00:00Z	9
<http://www.wikidata.org/entity/Q17464058>	"P571"	1908-01-01T00:00:00Z	9
<http://www.wikidata.org/entity/Q17447479>	"P571"	1908-01-01T00:00:00Z	9
<http://www.wikidata.org/entity/Q137553558>	"P571"	1908-01-01T00:00:00Z	9
<http://www.wikidata.org/entity/Q1751300>	"P571"	1908-01-01T00:00:00Z	9
<http://www.wikidata.org/entity/Q66614576>	"P571"	1908-01-01T00:00:00Z	9
<http://www.wikidata.org/entity/Q54565924>	"P571"	1908-01-01T00:00:00Z	9
<http://www.wikidata.org/entity/Q77775655>	"P571"	1908-01-01T00:00:00Z	9
<http://www.wikidata.org/entity/Q140427816>	"P571"	1811-01-01T00:00:00Z	9
<http://www.wikidata.org/entity/Q307327>	"P571"	1811-01-01T00:00:00Z	9
<http://www.wikidata.org/entity/Q29523997>	"P571"	1811-01-01T00:00:00Z	9
<http://www.wikidata.org/entity/Q394930>	"P571"	1811-01-01T00:00:00Z	9
<http://www.wikidata.org/entity/Q56448294>	"P571"	1811-01-01T00:00:00Z	9
<http://www.wikidata.org/entity/Q96586031>	"P571"	1811-01-01T00:00:00Z	9
<http://www.wikidata.org/entity/Q597019>	"P571"	1891-04-01T00:00:00Z	10
<http://www.wikidata.org/entity/Q16623014>	"P571"	1889-07-01T00:00:00Z	11
<http://www.wikidata.org/entity/Q111465515>	"P571"	1719-01-01T00:00:00Z	9
<http://www.wikidata.org/entity/Q121362569>	"P571"	1719-01-01T00:00:00Z	9
<http://www.wikidata.org/entity/Q140463911>	"P571"	1719-01-01T00:00:00Z	9
<http://www.wikidata.org/entity/Q2120789>	"P571"	1719-01-01T00:00:00Z	9
<http://www.wikidata.org/entity/Q96782421>	"P571"	1719-01-01T00:00:00Z	9
<http://www.wikidata.org/entity/Q1455868>	"P571"	1964-01-01T00:00:00Z	9
<http://www.wikidata.org/entity/Q1758497>	"P571"	1689-01-01T00:00:00Z	9
<http://www.wikidata.org/entity/Q49600652>	"P571"	1881-01-01T00:00:00Z	9
<http://www.wikidata.org/entity/Q49448402>	"P571"	1881-01-01T00:00:00Z	9
<http://www.wikidata.org/entity/Q49348726>	"P571"	1881-01-01T00:00:00Z	9
<http://www.wikidata.org/entity/Q49347667>	"P571"	1881-01-01T00:00:00Z	9
<http://www.wikidata.org/entity/Q49607978>	"P571"	1881-01-01T00:00:00Z	9
<http://www.wikidata.org/entity/Q1504273>	"P571"	0100-01-01T00:00:00Z	7
<http://www.wikidata.org/entity/Q891580>	"P571"	1911-01-01T00:00:00Z	9
<http://www.wikidata.org/entity/Q591331>	"P571"	1911-01-01T00:00:00Z	9
<http://www.wikidata.org/entity/Q770949>	"P571"	1911-01-01T00:00:00Z	9
<http://www.wikidata.org/entity/Q6744389>	"P571"	1911-01-01T00:00:00Z	9
<http://www.wikidata.org/entity/Q4966445>	"P571"	1911-01-01T00:00:00Z	9
<http://www.wikidata.org/entity/Q49353420>	"P571"	1843-01-01T00:00:00Z	9
<http://www.wikidata.org/entity/Q49438943>	"P571"	1843-01-01T00:00:00Z	9
<http://www.wikidata.org/entity/Q49438923>	"P571"	1843-01-01T00:00:00Z	9
<http://www.wikidata.org/entity/Q49441202>	"P571"	1843-01-01T00:00:00Z	9
<http://www.wikidata.org/entity/Q131465213>	"P571"	1620-01-01T00:00:00Z	9
<http://www.wikidata.org/entity/Q33531306>	"P571"	1620-01-01T00:00:00Z	9
<http://www.wikidata.org/entity/Q1311521>	"P571"	1862-02-01T00:00:00Z	10
<http://www.wikidata.org/entity/Q117408846>	"P571"	1891-01-01T00:00:00Z	7
<http://www.wikidata.org/entity/Q141600365>	"P571"	1872-06-01T00:00:00Z	11
<http://www.wikidata.org/entity/Q3331246>	"P571"	1903-11-01T00:00:00Z	10
<http://www.wikidata.org/entity/Q83789129>	"P571"	1853-04-09T00:00:00Z	11
<http://www.wikidata.org/entity/Q49444028>	"P571"	1743-01-01T00:00:00Z	9
<http://www.wikidata.org/entity/Q29483482>	"P571"	1820-01-01T00:00:00Z	8
<http://www.wikidata.org/entity/Q66816409>	"P571"	1820-01-01T00:00:00Z	8
<http://www.wikidata.org/entity/Q110906994>	"P571"	1934-01-01T00:00:00Z	9
<http://www.wikidata.org/entity/Q98663958>	"P571"	1934-01-01T00:00:00Z	9
<http://www.wikidata.org/entity/Q49452183>	"P571"	1934-01-01T00:00:00Z	9
<http://www.wikidata.org/entity/Q11858942>	"P571"	1837-01-01T00:00:00Z	9
<http://www.wikidata.org/entity/Q116733089>	"P571"	1837-01-01T00:00:00Z	9
<http://www.wikidata.org/entity/Q104520611>	"P571"	1837-01-01T00:00:00Z	9
<http://www.wikidata.org/entity/Q109836504>	"P571"	1837-01-01T00:00:00Z	9
<http://www.wikidata.org/entity/Q29882382>	"P571"	1837-01-01T00:00:00Z	9
<http://www.wikidata.org/entity/Q1572890>	"P571"	1837-01-01T00:00:00Z	9
<http://www.wikidata.org/entity/Q29673223>	"P571"	1837-01-01T00:00:00Z	9
<http://www.wikidata.org/entity/Q3397528>	"P571"	1837-01-01T00:00:00Z	9
<http://www.wikidata.org/entity/Q26346613>	"P571"	1837-01-01T00:00:00Z	9
<http://www.wikidata.org/entity/Q26292861>	"P571"	1837-01-01T00:00:00Z	9
<http://www.wikidata.org/entity/Q17552507>	"P571"	1837-01-01T00:00:00Z	9
<http://www.wikidata.org/entity/Q137553328>	"P571"	1837-01-01T00:00:00Z	9
<http://www.wikidata.org/entity/Q65920421>	"P571"	1837-01-01T00:00:00Z	9
<http://www.wikidata.org/entity/Q1509510>	"P571"	1899-11-01T00:00:00Z	10
<http://www.wikidata.org/entity/Q123219719>	"P571"	1640-01-01T00:00:00Z	9
<http://www.wikidata.org/entity/Q16964761>	"P571"	1640-01-01T00:00:00Z	9
<http://www.wikidata.org/entity/Q45850367>	"P571"	1701-01-01T00:00:00Z	7
<http://www.wikidata.org/entity/Q49271474>	"P571"	2022-01-01T00:00:00Z	9
<http://www.wikidata.org/entity/Q17741870>	"P571"	1726-01-01T00:00:00Z	9
<http://www.wikidata.org/entity/Q137554272>	"P571"	1726-01-01T00:00:00Z	9
<http://www.wikidata.org/entity/Q38092852>	"P571"	1726-01-01T00:00:00Z	9
<http://www.wikidata.org/entity/Q124414245>	"P571"	1880-01-01T00:00:00Z	7
<http://www.wikidata.org/entity/Q113058967>	"P571"	1879-01-01T00:00:00Z	9
<http://www.wikidata.org/entity/Q113495946>	"P571"	1879-01-01T00:00:00Z	9
<http://www.wikidata.org/entity/Q132895626>	"P571"	1879-01-01T00:00:00Z	9
<http://www.wikidata.org/entity/Q11942340>	"P571"	1879-01-01T00:00:00Z	9
<http://www.wikidata.org/entity/Q109692203>	"P571"	1879-01-01T00:00:00Z	9
<http://www.wikidata.org/entity/Q106614867>	"P571"	1879-01-01T00:00:00Z	9
<http://www.wikidata.org/entity/Q11785886>	"P571"	1879-01-01T00:00:00Z	9
<http://www.wikidata.org/entity/Q124819572>	"P571"	1879-01-01T00:00:00Z	9
<http://www.wikidata.org/entity/Q122086040>	"P571"	1879-01-01T00:00:00Z	9
<http://www.wikidata.org/entity/Q3736907>	"P571"	1879-01-01T00:00:00Z	9
<http://www.wikidata.org/entity/Q1865088>	"P571"	1879-01-01T00:00:00Z	9
<http://www.wikidata.org/entity/Q17840973>	"P571"	1879-01-01T00:00:00Z	9
<http://www.wikidata.org/entity/Q3397597>	"P571"	1879-01-01T00:00:00Z	9
<http://www.wikidata.org/entity/Q136232053>	"P571"	1879-01-01T00:00:00Z	9
<http://www.wikidata.org/entity/Q14903119>	"P571"	1879-01-01T00:00:00Z	9
<http://www.wikidata.org/entity/Q137969453>	"P571"	1879-01-01T00:00:00Z	9
<http://www.wikidata.org/entity/Q49231627>	"P571"	1879-01-01T00:00:00Z	9
<http://www.wikidata.org/entity/Q140830709>	"P571"	1879-01-01T00:00:00Z	9
<http://www.wikidata.org/entity/Q39975536>	"P571"	1879-01-01T00:00:00Z	9
<http://www.wikidata.org/entity/Q3396657>	"P571"	1879-01-01T00:00:00Z	9
<http://www.wikidata.org/entity/Q2018212>	"P571"	1879-01-01T00:00:00Z	9
<http://www.wikidata.org/entity/Q7532639>	"P571"	1879-01-01T00:00:00Z	9
<http://www.wikidata.org/entity/Q96586033>	"P571"	1879-01-01T00:00:00Z	9
<http://www.wikidata.org/entity/Q56647110>	"P571"	1879-01-01T00:00:00Z	9
<http://www.wikidata.org/entity/Q96592316>	"P571"	1879-01-01T00:00:00Z	9
<http://www.wikidata.org/entity/Q49272892>	"P571"	1879-01-01T00:00:00Z	9
<http://www.wikidata.org/entity/Q56547480>	"P571"	1879-01-01T00:00:00Z	9
<http://www.wikidata.org/entity/Q30075858>	"P571"	1898-01-01T00:00:00Z	9
<http://www.wikidata.org/entity/Q131369517>	"P571"	1880-01-01T00:00:00Z	9
<http://www.wikidata.org/entity/Q131677378>	"P571"	1880-01-01T00:00:00Z	9
<http://www.wikidata.org/entity/Q122228297>	"P571"	1880-01-01T00:00:00Z	9
<http://www.wikidata.org/entity/Q116007850>	"P571"	1880-01-01T00:00:00Z	9
<http://www.wikidata.org/entity/Q110641948>	"P571"	1880-01-01T00:00:00Z	9
<http://www.wikidata.org/entity/Q131677378>	"P571"	1880-01-01T00:00:00Z	9
<http://www.wikidata.org/entity/Q100280888>	"P571"	1880-01-01T00:00:00Z	9
<http://www.wikidata.org/entity/Q113496031>	"P571"	1880-01-01T00:00:00Z	9
<http://www.wikidata.org/entity/Q116889410>	"P571"	1880-01-01T00:00:00Z	9
<http://www.wikidata.org/entity/Q130492711>	"P571"	1880-01-01T00:00:00Z	9
<http://www.wikidata.org/entity/Q12271386>	"P571"	1880-01-01T00:00:00Z	9
<http://www.wikidata.org/entity/Q114006779>	"P571"	1880-01-01T00:00:00Z	9
<http://www.wikidata.org/entity/Q132958426>	"P571"	1880-01-01T00:00:00Z	9
<http://www.wikidata.org/entity/Q1455868>	"P571"	1880-01-01T00:00:00Z	9
<http://www.wikidata.org/entity/Q26237106>	"P571"	1880-01-01T00:00:00Z	9
<http://www.wikidata.org/entity/Q2798597>	"P571"	1880-01-01T00:00:00Z	9
<http://www.wikidata.org/entity/Q1637403>	"P571"	1880-01-01T00:00:00Z	9
<http://www.wikidata.org/entity/Q26457926>	"P571"	1880-01-01T00:00:00Z	9
<http://www.wikidata.org/entity/Q3556585>	"P571"	1880-01-01T00:00:00Z	9
<http://www.wikidata.org/entity/Q17771389>	"P571"	1880-01-01T00:00:00Z	9
<http://www.wikidata.org/entity/Q137553772>	"P571"	1880-01-01T00:00:00Z	9
<http://www.wikidata.org/entity/Q20056041>	"P571"	1880-01-01T00:00:00Z	9
<http://www.wikidata.org/entity/Q140357004>	"P571"	1880-01-01T00:00:00Z	9
<http://www.wikidata.org/entity/Q134606070>	"P571"	1880-01-01T00:00:00Z	9
<http://www.wikidata.org/entity/Q2120926>	"P571"	1880-01-01T00:00:00Z	9
<http://www.wikidata.org/entity/Q9064348>	"P571"	1880-01-01T00:00:00Z	9
<http://www.wikidata.org/entity/Q61790494>	"P571"	1880-01-01T00:00:00Z	9
<http://www.wikidata.org/entity/Q49257659>	"P571"	1880-01-01T00:00:00Z	9
<http://www.wikidata.org/entity/Q97485139>	"P571"	1880-01-01T00:00:00Z	9
<http://www.wikidata.org/entity/Q217980>	"P571"	1871-10-03T00:00:00Z	11
<http://www.wikidata.org/entity/Q130614060>	"P571"	1992-01-01T00:00:00Z	9
<http://www.wikidata.org/entity/Q49223941>	"P571"	1877-01-01T00:00:00Z	9
<http://www.wikidata.org/entity/Q49442561>	"P571"	1877-01-01T00:00:00Z	9
<http://www.wikidata.org/entity/Q49443097>	"P571"	1877-01-01T00:00:00Z	9
<http://www.wikidata.org/entity/Q49442548>	"P571"	1877-01-01T00:00:00Z	9
<http://www.wikidata.org/entity/Q49443094>	"P571"	1877-01-01T00:00:00Z	9
<http://www.wikidata.org/entity/Q49443086>	"P571"	1877-01-01T00:00:00Z	9
<http://www.wikidata.org/entity/Q49451329>	"P571"	1877-01-01T00:00:00Z	9
<http://www.wikidata.org/entity/Q49442523>	"P571"	1877-01-01T00:00:00Z	9
<http://www.wikidata.org/entity/Q49443484>	"P571"	1877-01-01T00:00:00Z	9
<http://www.wikidata.org/entity/Q49452248>	"P571"	1877-01-01T00:00:00Z	9
<http://www.wikidata.org/entity/Q49438510>	"P571"	1877-01-01T00:00:00Z	9
<http://www.wikidata.org/entity/Q49450901>	"P571"	1877-01-01T00:00:00Z	9
<http://www.wikidata.org/entity/Q49451161>	"P571"	1877-01-01T00:00:00Z	9
<http://www.wikidata.org/entity/Q49443801>	"P571"	1877-01-01T00:00:00Z	9
<http://www.wikidata.org/entity/Q49443793>	"P571"	1877-01-01T00:00:00Z	9
<http://www.wikidata.org/entity/Q49579175>	"P571"	1877-01-01T00:00:00Z	9
<http://www.wikidata.org/entity/Q49451169>	"P571"	1877-01-01T00:00:00Z	9
<http://www.wikidata.org/entity/Q49629722>	"P571"	1877-01-01T00:00:00Z	9
<http://www.wikidata.org/entity/Q49443655>	"P571"	1877-01-01T00:00:00Z	9
<http://www.wikidata.org/entity/Q49451278>	"P571"	1877-01-01T00:00:00Z	9
<http://www.wikidata.org/entity/Q49451295>	"P571"	1877-01-01T00:00:00Z	9
<http://www.wikidata.org/entity/Q49443511>	"P571"	1877-01-01T00:00:00Z	9
<http://www.wikidata.org/entity/Q49451203>	"P571"	1877-01-01T00:00:00Z	9
<http://www.wikidata.org/entity/Q133994003>	"P571"	1974-01-01T00:00:00Z	9
<http://www.wikidata.org/entity/Q48203544>	"P571"	1875-01-01T00:00:00Z	9
<http://www.wikidata.org/entity/Q49397465>	"P571"	1875-01-01T00:00:00Z	9
<http://www.wikidata.org/entity/Q49448656>	"P571"	1875-01-01T00:00:00Z	9
<http://www.wikidata.org/entity/Q49438885>	"P571"	1875-01-01T00:00:00Z	9
<http://www.wikidata.org/entity/Q49439506>	"P571"	1875-01-01T00:00:00Z	9
<http://www.wikidata.org/entity/Q49452719>	"P571"	1875-01-01T00:00:00Z	9
<http://www.wikidata.org/entity/Q49452260>	"P571"	1875-01-01T00:00:00Z	9
<http://www.wikidata.org/entity/Q49441599>	"P571"	1875-01-01T00:00:00Z	9
<http://www.wikidata.org/entity/Q49438622>	"P571"	1875-01-01T00:00:00Z	9
<http://www.wikidata.org/entity/Q49438613>	"P571"	1875-01-01T00:00:00Z	9
<http://www.wikidata.org/entity/Q49452240>	"P571"	1875-01-01T00:00:00Z	9
<http://www.wikidata.org/entity/Q49453381>	"P571"	1875-01-01T00:00:00Z	9
<http://www.wikidata.org/entity/Q49453447>	"P571"	1875-01-01T00:00:00Z	9
<http://www.wikidata.org/entity/Q49587785>	"P571"	1875-01-01T00:00:00Z	9
<http://www.wikidata.org/entity/Q49452211>	"P571"	1875-01-01T00:00:00Z	9
<http://www.wikidata.org/entity/Q49451601>	"P571"	1875-01-01T00:00:00Z	9
<http://www.wikidata.org/entity/Q49457453>	"P571"	1875-01-01T00:00:00Z	9
<http://www.wikidata.org/entity/Q49343326>	"P571"	1875-01-01T00:00:00Z	9
<http://www.wikidata.org/entity/Q49448552>	"P571"	1875-01-01T00:00:00Z	9
<http://www.wikidata.org/entity/Q49448418>	"P571"	1875-01-01T00:00:00Z	9
<http://www.wikidata.org/entity/Q49448882>	"P571"	1875-01-01T00:00:00Z	9
<http://www.wikidata.org/entity/Q49403402>	"P571"	1875-01-01T00:00:00Z	9
<http://www.wikidata.org/entity/Q49403593>	"P571"	1875-01-01T00:00:00Z	9
<http://www.wikidata.org/entity/Q49449164>	"P571"	1875-01-01T00:00:00Z	9
<http://www.wikidata.org/entity/Q49449204>	"P571"	1875-01-01T00:00:00Z	9
<http://www.wikidata.org/entity/Q49449709>	"P571"	1875-01-01T00:00:00Z	9
<http://www.wikidata.org/entity/Q49446025>	"P571"	1875-01-01T00:00:00Z	9
<http://www.wikidata.org/entity/Q49450094>	"P571"	1875-01-01T00:00:00Z	9
<http://www.wikidata.org/entity/Q49385739>	"P571"	1875-01-01T00:00:00Z	9
<http://www.wikidata.org/entity/Q49408036>	"P571"	1875-01-01T00:00:00Z	9
<http://www.wikidata.org/entity/Q49450871>	"P571"	1875-01-01T00:00:00Z	9
<http://www.wikidata.org/entity/Q49364059>	"P571"	1875-01-01T00:00:00Z	9
<http://www.wikidata.org/entity/Q49454019>	"P571"	1875-01-01T00:00:00Z	9
<http://www.wikidata.org/entity/Q49454131>	"P571"	1875-01-01T00:00:00Z	9
<http://www.wikidata.org/entity/Q49442536>	"P571"	1875-01-01T00:00:00Z	9
<http://www.wikidata.org/entity/Q49353413>	"P571"	1875-01-01T00:00:00Z	9
<http://www.wikidata.org/entity/Q49410898>	"P571"	1875-01-01T00:00:00Z	9
<http://www.wikidata.org/entity/Q49364059>	"P571"	1875-01-01T00:00:00Z	9
<http://www.wikidata.org/entity/Q125100951>	"P571"	1890-01-01T00:00:00Z	9
<http://www.wikidata.org/entity/Q113031058>	"P571"	1890-01-01T00:00:00Z	9
<http://www.wikidata.org/entity/Q110037710>	"P571"	1890-01-01T00:00:00Z	9
<http://www.wikidata.org/entity/Q113496041>	"P571"	1890-01-01T00:00:00Z	9
<http://www.wikidata.org/entity/Q116671724>	"P571"	1890-01-01T00:00:00Z	9
<http://www.wikidata.org/entity/Q110641771>	"P571"	1890-01-01T00:00:00Z	9
<http://www.wikidata.org/entity/Q1310809>	"P571"	1890-01-01T00:00:00Z	9
<http://www.wikidata.org/entity/Q113495800>	"P571"	1890-01-01T00:00:00Z	9
<http://www.wikidata.org/entity/Q113495990>	"P571"	1890-01-01T00:00:00Z	9
<http://www.wikidata.org/entity/Q113496007>	"P571"	1890-01-01T00:00:00Z	9
<http://www.wikidata.org/entity/Q113496008>	"P571"	1890-01-01T00:00:00Z	9
<http://www.wikidata.org/entity/Q110769585>	"P571"	1890-01-01T00:00:00Z	9
<http://www.wikidata.org/entity/Q117871598>	"P571"	1890-01-01T00:00:00Z	9
<http://www.wikidata.org/entity/Q1693418>	"P571"	1890-01-01T00:00:00Z	9
<http://www.wikidata.org/entity/Q138611680>	"P571"	1890-01-01T00:00:00Z	9
<http://www.wikidata.org/entity/Q1528226>	"P571"	1890-01-01T00:00:00Z	9
<http://www.wikidata.org/entity/Q27821993>	"P571"	1890-01-01T00:00:00Z	9
<http://www.wikidata.org/entity/Q26549258>	"P571"	1890-01-01T00:00:00Z	9
<http://www.wikidata.org/entity/Q26615283>	"P571"	1890-01-01T00:00:00Z	9
<http://www.wikidata.org/entity/Q275>	"P571"	1890-01-01T00:00:00Z	9
<http://www.wikidata.org/entity/Q3396607>	"P571"	1890-01-01T00:00:00Z	9
<http://www.wikidata.org/entity/Q139568625>	"P571"	1890-01-01T00:00:00Z	9
<http://www.wikidata.org/entity/Q139455887>	"P571"	1890-01-01T00:00:00Z	9
<http://www.wikidata.org/entity/Q6160846>	"P571"	1890-01-01T00:00:00Z	9
<http://www.wikidata.org/entity/Q96592305>	"P571"	1890-01-01T00:00:00Z	9
<http://www.wikidata.org/entity/Q96592303>	"P571"	1890-01-01T00:00:00Z	9
<http://www.wikidata.org/entity/Q96592300>	"P571"	1890-01-01T00:00:00Z	9
<http://www.wikidata.org/entity/Q96592293>	"P571"	1890-01-01T00:00:00Z	9
<http://www.wikidata.org/entity/Q7852706>	"P571"	1890-01-01T00:00:00Z	9
<http://www.wikidata.org/entity/Q56628430>	"P571"	1890-01-01T00:00:00Z	9
<http://www.wikidata.org/entity/Q49443317>	"P571"	1708-01-01T00:00:00Z	9
<http://www.wikidata.org/entity/Q106083781>	"P571"	1850-01-01T00:00:00Z	7
<http://www.wikidata.org/entity/Q106046649>	"P571"	1850-01-01T00:00:00Z	7
<http://www.wikidata.org/entity/Q106080273>	"P571"	1850-01-01T00:00:00Z	7
<http://www.wikidata.org/entity/Q106083762>	"P571"	1850-01-01T00:00:00Z	7
<http://www.wikidata.org/entity/Q106083724>	"P571"	1850-01-01T00:00:00Z	7
<http://www.wikidata.org/entity/Q106083590>	"P571"	1850-01-01T00:00:00Z	7
<http://www.wikidata.org/entity/Q106083534>	"P571"	1850-01-01T00:00:00Z	7
<http://www.wikidata.org/entity/Q106083477>	"P571"	1850-01-01T00:00:00Z	7
<http://www.wikidata.org/entity/Q106083421>	"P571"	1850-01-01T00:00:00Z	7
<http://www.wikidata.org/entity/Q106083418>	"P571"	1850-01-01T00:00:00Z	7
<http://www.wikidata.org/entity/Q106079150>	"P571"	1850-01-01T00:00:00Z	7
<http://www.wikidata.org/entity/Q3908188>	"P571"	1850-01-01T00:00:00Z	7
<http://www.wikidata.org/entity/Q28003435>	"P571"	1850-01-01T00:00:00Z	7
<http://www.wikidata.org/entity/Q49237969>	"P571"	1903-01-01T00:00:00Z	9
<http://www.wikidata.org/entity/Q49235938>	"P571"	1903-01-01T00:00:00Z	9
<http://www.wikidata.org/entity/Q49253013>	"P571"	1903-01-01T00:00:00Z	9
<http://www.wikidata.org/entity/Q49252087>	"P571"	1903-01-01T00:00:00Z	9
<http://www.wikidata.org/entity/Q49252079>	"P571"	1903-01-01T00:00:00Z	9
<http://www.wikidata.org/entity/Q49459007>	"P571"	1903-01-01T00:00:00Z	9
<http://www.wikidata.org/entity/Q980401>	"P571"	1903-01-01T00:00:00Z	9
<http://www.wikidata.org/entity/Q49329543>	"P571"	1903-01-01T00:00:00Z	9
<http://www.wikidata.org/entity/Q49279408>	"P571"	1903-01-01T00:00:00Z	9
<http://www.wikidata.org/entity/Q49449948>	"P571"	1903-01-01T00:00:00Z	9
<http://www.wikidata.org/entity/Q7418706>	"P571"	1830-09-15T00:00:00Z	11
<http://www.wikidata.org/entity/Q49347632>	"P571"	1830-01-01T00:00:00Z	9
<http://www.wikidata.org/entity/Q49438803>	"P571"	1830-01-01T00:00:00Z	9
<http://www.wikidata.org/entity/Q49425661>	"P571"	1830-01-01T00:00:00Z	9
<http://www.wikidata.org/entity/Q114742252>	"P571"	1818-01-01T00:00:00Z	9
<http://www.wikidata.org/entity/Q2204114>	"P571"	1818-01-01T00:00:00Z	9
<http://www.wikidata.org/entity/Q17570933>	"P571"	1818-01-01T00:00:00Z	9
<http://www.wikidata.org/entity/Q4829178>	"P571"	1818-01-01T00:00:00Z	9
<http://www.wikidata.org/entity/Q688397>	"P571"	1818-01-01T00:00:00Z	9
<http://www.wikidata.org/entity/Q4922900>	"P571"	1761-01-01T00:00:00Z	9
<http://www.wikidata.org/entity/Q79497922>	"P571"	1799-01-01T00:00:00Z	9
<http://www.wikidata.org/entity/Q112028998>	"P571"	1824-01-01T00:00:00Z	9
<http://www.wikidata.org/entity/Q1243802>	"P571"	1824-01-01T00:00:00Z	9
<http://www.wikidata.org/entity/Q120096083>	"P571"	1824-01-01T00:00:00Z	9
<http://www.wikidata.org/entity/Q116514731>	"P571"	1824-01-01T00:00:00Z	9
<http://www.wikidata.org/entity/Q116514731>	"P571"	1824-01-01T00:00:00Z	9
<http://www.wikidata.org/entity/Q17571361>	"P571"	1824-01-01T00:00:00Z	9
<http://www.wikidata.org/entity/Q4713796>	"P571"	1824-01-01T00:00:00Z	9
<http://www.wikidata.org/entity/Q26321391>	"P571"	1824-01-01T00:00:00Z	9
<http://www.wikidata.org/entity/Q14628923>	"P571"	1824-01-01T00:00:00Z	9
<http://www.wikidata.org/entity/Q459161>	"P571"	1824-01-01T00:00:00Z	9
<http://www.wikidata.org/entity/Q29499549>	"P571"	1824-01-01T00:00:00Z	9
<http://www.wikidata.org/entity/Q49444113>	"P571"	1914-01-01T00:00:00Z	9
<http://www.wikidata.org/entity/Q49497831>	"P571"	1914-01-01T00:00:00Z	9
<http://www.wikidata.org/entity/Q121334636>	"P571"	1805-01-01T00:00:00Z	9
<http://www.wikidata.org/entity/Q125698387>	"P571"	1805-01-01T00:00:00Z	9
<http://www.wikidata.org/entity/Q17826957>	"P571"	1805-01-01T00:00:00Z	9
<http://www.wikidata.org/entity/Q38069516>	"P571"	1805-01-01T00:00:00Z	9
<http://www.wikidata.org/entity/Q29651333>	"P571"	1805-01-01T00:00:00Z	9
<http://www.wikidata.org/entity/Q21293200>	"P571"	1805-01-01T00:00:00Z	9
<http://www.wikidata.org/entity/Q66820765>	"P571"	1805-01-01T00:00:00Z	9
<http://www.wikidata.org/entity/Q68575601>	"P571"	1805-01-01T00:00:00Z	9
<http://www.wikidata.org/entity/Q435842>	"P571"	1693-01-01T00:00:00Z	9
<http://www.wikidata.org/entity/Q17770763>	"P571"	1693-01-01T00:00:00Z	9
<http://www.wikidata.org/entity/Q49390801>	"P571"	1908-01-01T00:00:00Z	9
<http://www.wikidata.org/entity/Q49280044>	"P571"	1908-01-01T00:00:00Z	9
<http://www.wikidata.org/entity/Q49448597>	"P571"	1908-01-01T00:00:00Z	9
<http://www.wikidata.org/entity/Q435413>	"P571"	1770-01-01T00:00:00Z	8
<http://www.wikidata.org/entity/Q118122053>	"P571"	1794-01-01T00:00:00Z	9
<http://www.wikidata.org/entity/Q116200041>	"P571"	1794-01-01T00:00:00Z	9
<http://www.wikidata.org/entity/Q139597232>	"P571"	1794-01-01T00:00:00Z	9
<http://www.wikidata.org/entity/Q97118131>	"P571"	1794-01-01T00:00:00Z	9
<http://www.wikidata.org/entity/Q55028472>	"P571"	1794-01-01T00:00:00Z	9
<http://www.wikidata.org/entity/Q1031728>	"P571"	1946-07-13T00:00:00Z	11
<http://www.wikidata.org/entity/Q136806678>	"P571"	1505-01-01T00:00:00Z	9
<http://www.wikidata.org/entity/Q1253018>	"P571"	1866-01-01T00:00:00Z	9
<http://www.wikidata.org/entity/Q1529629>	"P571"	1866-01-01T00:00:00Z	9
<http://www.wikidata.org/entity/Q49449003>	"P571"	1866-01-01T00:00:00Z	9
<http://www.wikidata.org/entity/Q49457027>	"P571"	1866-01-01T00:00:00Z	9
<http://www.wikidata.org/entity/Q49453984>	"P571"	1866-01-01T00:00:00Z	9
<http://www.wikidata.org/entity/Q49448854>	"P571"	1866-01-01T00:00:00Z	9
<http://www.wikidata.org/entity/Q49447139>	"P571"	1866-01-01T00:00:00Z	9
<http://www.wikidata.org/entity/Q49452479>	"P571"	1866-01-01T00:00:00Z	9
<http://www.wikidata.org/entity/Q49444268>	"P571"	1866-01-01T00:00:00Z	9
<http://www.wikidata.org/entity/Q49498910>	"P571"	1866-01-01T00:00:00Z	9
<http://www.wikidata.org/entity/Q49354944>	"P571"	1866-01-01T00:00:00Z	9
<http://www.wikidata.org/entity/Q136757498>	"P571"	1874-04-30T00:00:00Z	11
<http://www.wikidata.org/entity/Q1418533>	"P571"	1899-09-18T00:00:00Z	11
<http://www.wikidata.org/entity/Q113006397>	"P571"	1925-01-01T00:00:00Z	9
<http://www.wikidata.org/entity/Q113006362>	"P571"	1925-01-01T00:00:00Z	9
<http://www.wikidata.org/entity/Q23307797>	"P571"	1671-01-01T00:00:00Z	9
<http://www.wikidata.org/entity/Q29965405>	"P571"	1895-01-01T00:00:00Z	9
<http://www.wikidata.org/entity/Q33315707>	"P571"	1895-01-01T00:00:00Z	9
<http://www.wikidata.org/entity/Q31112991>	"P571"	1895-01-01T00:00:00Z	9
<http://www.wikidata.org/entity/Q111903842>	"P571"	1829-01-01T00:00:00Z	9
<http://www.wikidata.org/entity/Q125220144>	"P571"	1829-01-01T00:00:00Z	9
<http://www.wikidata.org/entity/Q1073098>	"P571"	1829-01-01T00:00:00Z	9
<http://www.wikidata.org/entity/Q22916298>	"P571"	1829-01-01T00:00:00Z	9
<http://www.wikidata.org/entity/Q21309049>	"P571"	1829-01-01T00:00:00Z	9
<http://www.wikidata.org/entity/Q26431817>	"P571"	1829-01-01T00:00:00Z	9
<http://www.wikidata.org/entity/Q3752968>	"P571"	1829-01-01T00:00:00Z	9
<http://www.wikidata.org/entity/Q26615187>	"P571"	1829-01-01T00:00:00Z	9
<http://www.wikidata.org/entity/Q26615189>	"P571"	1829-01-01T00:00:00Z	9
<http://www.wikidata.org/entity/Q17852587>	"P571"	1829-01-01T00:00:00Z	9
<http://www.wikidata.org/entity/Q65091667>	"P571"	1829-01-01T00:00:00Z	9
<http://www.wikidata.org/entity/Q12254678>	"P571"	1661-01-01T00:00:00Z	9
<http://www.wikidata.org/entity/Q49401165>	"P571"	1750-01-01T00:00:00Z	9
<http://www.wikidata.org/entity/Q49430946>	"P571"	1750-01-01T00:00:00Z	9
<http://www.wikidata.org/entity/Q49418029>	"P571"	1750-01-01T00:00:00Z	9
<http://www.wikidata.org/entity/Q49446013>	"P571"	1750-01-01T00:00:00Z	9
<http://www.wikidata.org/entity/Q49364549>	"P571"	1750-01-01T00:00:00Z	9
<http://www.wikidata.org/entity/Q13101859>	"P571"	1684-01-01T00:00:00Z	9
<http://www.wikidata.org/entity/Q112245694>	"P571"	1684-01-01T00:00:00Z	9
<http://www.wikidata.org/entity/Q1742844>	"P571"	1844-01-01T00:00:00Z	9
<http://www.wikidata.org/entity/Q49368094>	"P571"	1844-01-01T00:00:00Z	9
<http://www.wikidata.org/entity/Q49438939>	"P571"	1844-01-01T00:00:00Z	9
<http://www.wikidata.org/entity/Q49438946>	"P571"	1844-01-01T00:00:00Z	9
<http://www.wikidata.org/entity/Q49449366>	"P571"	1844-01-01T00:00:00Z	9
<http://www.wikidata.org/entity/Q49449980>	"P571"	1844-01-01T00:00:00Z	9
<http://www.wikidata.org/entity/Q11785831>	"P571"	1775-01-01T00:00:00Z	9
<http://www.wikidata.org/entity/Q136028306>	"P571"	1775-01-01T00:00:00Z	9
<http://www.wikidata.org/entity/Q17546414>	"P571"	1775-01-01T00:00:00Z	9
<http://www.wikidata.org/entity/Q1593025>	"P571"	1775-01-01T00:00:00Z	9
<http://www.wikidata.org/entity/Q17568312>	"P571"	1775-01-01T00:00:00Z	9
<http://www.wikidata.org/entity/Q62263582>	"P571"	1775-01-01T00:00:00Z	9
<http://www.wikidata.org/entity/Q62122798>	"P571"	1775-01-01T00:00:00Z	9
<http://www.wikidata.org/entity/Q3563881>	"P571"	1715-01-01T00:00:00Z	9
<http://www.wikidata.org/entity/Q26791279>	"P571"	1715-01-01T00:00:00Z	9
<http://www.wikidata.org/entity/Q17568798>	"P571"	1757-01-01T00:00:00Z	9
<http://www.wikidata.org/entity/Q3397173>	"P571"	1757-01-01T00:00:00Z	9
<http://www.wikidata.org/entity/Q137552571>	"P571"	1757-01-01T00:00:00Z	9
<http://www.wikidata.org/entity/Q110906994>	"P571"	2001-01-01T00:00:00Z	9
<http://www.wikidata.org/entity/Q123467543>	"P571"	2001-01-01T00:00:00Z	9
<http://www.wikidata.org/entity/Q130392223>	"P571"	2001-01-01T00:00:00Z	9
<http://www.wikidata.org/entity/Q112035841>	"P571"	1831-01-01T00:00:00Z	9
<http://www.wikidata.org/entity/Q118151886>	"P571"	1831-01-01T00:00:00Z	9
<http://www.wikidata.org/entity/Q126050286>	"P571"	1831-01-01T00:00:00Z	9
<http://www.wikidata.org/entity/Q17853835>	"P571"	1831-01-01T00:00:00Z	9
<http://www.wikidata.org/entity/Q136758844>	"P571"	1831-01-01T00:00:00Z	9
<http://www.wikidata.org/entity/Q26423534>	"P571"	1831-01-01T00:00:00Z	9
<http://www.wikidata.org/entity/Q26530712>	"P571"	1831-01-01T00:00:00Z	9
<http://www.wikidata.org/entity/Q26530667>	"P571"	1831-01-01T00:00:00Z	9
<http://www.wikidata.org/entity/Q26530668>	"P571"	1831-01-01T00:00:00Z	9
<http://www.wikidata.org/entity/Q26530679>	"P571"	1831-01-01T00:00:00Z	9
<http://www.wikidata.org/entity/Q17570539>	"P571"	1831-01-01T00:00:00Z	9
<http://www.wikidata.org/entity/Q17569804>	"P571"	1831-01-01T00:00:00Z	9
<http://www.wikidata.org/entity/Q3368269>	"P571"	1831-01-01T00:00:00Z	9
<http://www.wikidata.org/entity/Q111754914>	"P571"	1909-01-01T00:00:00Z	9
<http://www.wikidata.org/entity/Q1311550>	"P571"	1909-01-01T00:00:00Z	9
<http://www.wikidata.org/entity/Q111754626>	"P571"	1909-01-01T00:00:00Z	9
<http://www.wikidata.org/entity/Q112663547>	"P571"	1909-01-01T00:00:00Z	9
<http://www.wikidata.org/entity/Q111903514>	"P571"	1909-01-01T00:00:00Z	9
<http://www.wikidata.org/entity/Q113496090>	"P571"	1909-01-01T00:00:00Z	9
<http://www.wikidata.org/entity/Q111754649>	"P571"	1909-01-01T00:00:00Z	9
<http://www.wikidata.org/entity/Q113496079>	"P571"	1909-01-01T00:00:00Z	9
<http://www.wikidata.org/entity/Q105768527>	"P571"	1909-01-01T00:00:00Z	9
<http://www.wikidata.org/entity/Q12280079>	"P571"	1909-01-01T00:00:00Z	9
<http://www.wikidata.org/entity/Q114267773>	"P571"	1909-01-01T00:00:00Z	9
<http://www.wikidata.org/entity/Q117400564>	"P571"	1909-01-01T00:00:00Z	9
<http://www.wikidata.org/entity/Q10351348>	"P571"	1909-01-01T00:00:00Z	9
<http://www.wikidata.org/entity/Q11942319>	"P571"	1909-01-01T00:00:00Z	9
<http://www.wikidata.org/entity/Q131460825>	"P571"	1909-01-01T00:00:00Z	9
<http://www.wikidata.org/entity/Q107452537>	"P571"	1909-01-01T00:00:00Z	9
<http://www.wikidata.org/entity/Q111578055>	"P571"	1909-01-01T00:00:00Z	9
<http://www.wikidata.org/entity/Q116819437>	"P571"	1909-01-01T00:00:00Z	9
<http://www.wikidata.org/entity/Q137660790>	"P571"	1909-01-01T00:00:00Z	9
<http://www.wikidata.org/entity/Q355556>	"P571"	1909-01-01T00:00:00Z	9
<http://www.wikidata.org/entity/Q138023829>	"P571"	1909-01-01T00:00:00Z	9
<http://www.wikidata.org/entity/Q138005303>	"P571"	1909-01-01T00:00:00Z	9
<http://www.wikidata.org/entity/Q140235236>	"P571"	1909-01-01T00:00:00Z	9
<http://www.wikidata.org/entity/Q139955491>	"P571"	1909-01-01T00:00:00Z	9
<http://www.wikidata.org/entity/Q26474617>	"P571"	1909-01-01T00:00:00Z	9
<http://www.wikidata.org/entity/Q2360818>	"P571"	1909-01-01T00:00:00Z	9
<http://www.wikidata.org/entity/Q137926618>	"P571"	1909-01-01T00:00:00Z	9
<http://www.wikidata.org/entity/Q43497694>	"P571"	1909-01-01T00:00:00Z	9
<http://www.wikidata.org/entity/Q2254658>	"P571"	1909-01-01T00:00:00Z	9
<http://www.wikidata.org/entity/Q16830369>	"P571"	1909-01-01T00:00:00Z	9
<http://www.wikidata.org/entity/Q38086895>	"P571"	1909-01-01T00:00:00Z	9
<http://www.wikidata.org/entity/Q16830369>	"P571"	1909-01-01T00:00:00Z	9
<http://www.wikidata.org/entity/Q98608815>	"P571"	1909-01-01T00:00:00Z	9
<http://www.wikidata.org/entity/Q88959561>	"P571"	1909-01-01T00:00:00Z	9
<http://www.wikidata.org/entity/Q7083540>	"P571"	1909-01-01T00:00:00Z	9
<http://www.wikidata.org/entity/Q56223538>	"P571"	1909-01-01T00:00:00Z	9
<http://www.wikidata.org/entity/Q9064469>	"P571"	1909-01-01T00:00:00Z	9
<http://www.wikidata.org/entity/Q66212584>	"P571"	1909-01-01T00:00:00Z	9
<http://www.wikidata.org/entity/Q96107795>	"P571"	1909-01-01T00:00:00Z	9
<http://www.wikidata.org/entity/Q74473900>	"P571"	1909-01-01T00:00:00Z	9
<http://www.wikidata.org/entity/Q56884204>	"P571"	1909-01-01T00:00:00Z	9
<http://www.wikidata.org/entity/Q59817303>	"P571"	1909-01-01T00:00:00Z	9
<http://www.wikidata.org/entity/Q926823>	"P571"	1909-01-01T00:00:00Z	9
<http://www.wikidata.org/entity/Q57906280>	"P571"	1909-01-01T00:00:00Z	9
<http://www.wikidata.org/entity/Q98744271>	"P571"	1909-01-01T00:00:00Z	9
<http://www.wikidata.org/entity/Q17575305>	"P571"	1713-01-01T00:00:00Z	9
<http://www.wikidata.org/entity/Q17778005>	"P571"	1713-01-01T00:00:00Z	9
<http://www.wikidata.org/entity/Q17375902>	"P571"	1713-01-01T00:00:00Z	9
<http://www.wikidata.org/entity/Q17842433>	"P571"	1713-01-01T00:00:00Z	9
<http://www.wikidata.org/entity/Q56569023>	"P571"	1713-01-01T00:00:00Z	9
<http://www.wikidata.org/entity/Q55027858>	"P571"	1713-01-01T00:00:00Z	9
<http://www.wikidata.org/entity/Q2139186>	"P571"	1903-07-17T00:00:00Z	11
<http://www.wikidata.org/entity/Q106930374>	"P571"	1834-08-01T00:00:00Z	10
<http://www.wikidata.org/entity/Q11786013>	"P571"	1885-01-01T00:00:00Z	9
<http://www.wikidata.org/entity/Q49453269>	"P571"	1608-01-01T00:00:00Z	9
<http://www.wikidata.org/entity/Q49453265>	"P571"	1608-01-01T00:00:00Z	9
<http://www.wikidata.org/entity/Q49453206>	"P571"	1608-01-01T00:00:00Z	9
<http://www.wikidata.org/entity/Q49453218>	"P571"	1608-01-01T00:00:00Z	9
<http://www.wikidata.org/entity/Q107368040>	"P571"	1763-01-01T00:00:00Z	9
<http://www.wikidata.org/entity/Q3753005>	"P571"	1763-01-01T00:00:00Z	9
<http://www.wikidata.org/entity/Q17570378>	"P571"	1763-01-01T00:00:00Z	9
<http://www.wikidata.org/entity/Q5166683>	"P571"	1763-01-01T00:00:00Z	9
<http://www.wikidata.org/entity/Q547156>	"P571"	1763-01-01T00:00:00Z	9
<http://www.wikidata.org/entity/Q5142562>	"P571"	1763-01-01T00:00:00Z	9
<http://www.wikidata.org/entity/Q17641364>	"P571"	1650-01-01T00:00:00Z	7
<http://www.wikidata.org/entity/Q49453427>	"P571"	1838-01-01T00:00:00Z	9
<http://www.wikidata.org/entity/Q49449341>	"P571"	1838-01-01T00:00:00Z	9
<http://www.wikidata.org/entity/Q49413756>	"P571"	1838-01-01T00:00:00Z	9
<http://www.wikidata.org/entity/Q49398999>	"P571"	1838-01-01T00:00:00Z	9
<http://www.wikidata.org/entity/Q49445298>	"P571"	1838-01-01T00:00:00Z	9
<http://www.wikidata.org/entity/Q136461799>	"P571"	1657-01-01T00:00:00Z	9
<http://www.wikidata.org/entity/Q1147842>	"P571"	1872-01-01T00:00:00Z	9
<http://www.wikidata.org/entity/Q124869170>	"P571"	1872-01-01T00:00:00Z	9
<http://www.wikidata.org/entity/Q1325169>	"P571"	1872-01-01T00:00:00Z	9
<http://www.wikidata.org/entity/Q108293352>	"P571"	1872-01-01T00:00:00Z	9
<http://www.wikidata.org/entity/Q11976219>	"P571"	1872-01-01T00:00:00Z	9
<http://www.wikidata.org/entity/Q106098702>	"P571"	1872-01-01T00:00:00Z	9
<http://www.wikidata.org/entity/Q105491424>	"P571"	1872-01-01T00:00:00Z	9
<http://www.wikidata.org/entity/Q108267073>	"P571"	1872-01-01T00:00:00Z	9
<http://www.wikidata.org/entity/Q116202240>	"P571"	1872-01-01T00:00:00Z	9
<http://www.wikidata.org/entity/Q108087086>	"P571"	1872-01-01T00:00:00Z	9
<http://www.wikidata.org/entity/Q123403416>	"P571"	1872-01-01T00:00:00Z	9
<http://www.wikidata.org/entity/Q116200258>	"P571"	1872-01-01T00:00:00Z	9
<http://www.wikidata.org/entity/Q120556865>	"P571"	1872-01-01T00:00:00Z	9
<http://www.wikidata.org/entity/Q12045903>	"P571"	1872-01-01T00:00:00Z	9
<http://www.wikidata.org/entity/Q23786566>	"P571"	1872-01-01T00:00:00Z	9
<http://www.wikidata.org/entity/Q136807437>	"P571"	1872-01-01T00:00:00Z	9
<http://www.wikidata.org/entity/Q41391714>	"P571"	1872-01-01T00:00:00Z	9
<http://www.wikidata.org/entity/Q37857715>	"P571"	1872-01-01T00:00:00Z	9
<http://www.wikidata.org/entity/Q17826010>	"P571"	1872-01-01T00:00:00Z	9
<http://www.wikidata.org/entity/Q17827748>	"P571"	1872-01-01T00:00:00Z	9
<http://www.wikidata.org/entity/Q17463232>	"P571"	1872-01-01T00:00:00Z	9
<http://www.wikidata.org/entity/Q136807294>	"P571"	1872-01-01T00:00:00Z	9
<http://www.wikidata.org/entity/Q134582826>	"P571"	1872-01-01T00:00:00Z	9
<http://www.wikidata.org/entity/Q73797095>	"P571"	1872-01-01T00:00:00Z	9
<http://www.wikidata.org/entity/Q56755247>	"P571"	1872-01-01T00:00:00Z	9
<http://www.wikidata.org/entity/Q56816935>	"P571"	1872-01-01T00:00:00Z	9
<http://www.wikidata.org/entity/Q96107871>	"P571"	1872-01-01T00:00:00Z	9
<http://www.wikidata.org/entity/Q99775281>	"P571"	1872-01-01T00:00:00Z	9
<http://www.wikidata.org/entity/Q96107801>	"P571"	1872-01-01T00:00:00Z	9
<http://www.wikidata.org/entity/Q52105263>	"P571"	1872-01-01T00:00:00Z	9
<http://www.wikidata.org/entity/Q29673531>	"P571"	1736-01-01T00:00:00Z	9
<http://www.wikidata.org/entity/Q137553883>	"P571"	1736-01-01T00:00:00Z	9
<http://www.wikidata.org/entity/Q26416055>	"P571"	1736-01-01T00:00:00Z	9
<http://www.wikidata.org/entity/Q136409399>	"P571"	1736-01-01T00:00:00Z	9
<http://www.wikidata.org/entity/Q136409327>	"P571"	1736-01-01T00:00:00Z	9
<http://www.wikidata.org/entity/Q54556533>	"P571"	1736-01-01T00:00:00Z	9
<http://www.wikidata.org/entity/Q49582264>	"P571"	1778-01-01T00:00:00Z	9
<http://www.wikidata.org/entity/Q25391716>	"P571"	1670-01-01T00:00:00Z	9
<http://www.wikidata.org/entity/Q49439273>	"P571"	1790-01-01T00:00:00Z	9
<http://www.wikidata.org/entity/Q49532287>	"P571"	1790-01-01T00:00:00Z	9
<http://www.wikidata.org/entity/Q49369093>	"P571"	1790-01-01T00:00:00Z	9
<http://www.wikidata.org/entity/Q49364878>	"P571"	1790-01-01T00:00:00Z	9
<http://www.wikidata.org/entity/Q49536233>	"P571"	1790-01-01T00:00:00Z	9
<http://www.wikidata.org/entity/Q49575668>	"P571"	1790-01-01T00:00:00Z	9
<http://www.wikidata.org/entity/Q49553856>	"P571"	1790-01-01T00:00:00Z	9
<http://www.wikidata.org/entity/Q13423860>	"P571"	1710-01-01T00:00:00Z	8
<http://www.wikidata.org/entity/Q31128441>	"P571"	1890-01-01T00:00:00Z	9
<http://www.wikidata.org/entity/Q49449829>	"P571"	1719-01-01T00:00:00Z	9
<http://www.wikidata.org/entity/Q8075698>	"P571"	1897-07-01T00:00:00Z	10
<http://www.wikidata.org/entity/Q8075698>	"P571"	1897-07-01T00:00:00Z	10
<http://www.wikidata.org/entity/Q8075698>	"P571"	1897-07-01T00:00:00Z	10
<http://www.wikidata.org/entity/Q2466319>	"P571"	1867-01-01T00:00:00Z	9
<http://www.wikidata.org/entity/Q14544274>	"P571"	1644-01-01T00:00:00Z	9
<http://www.wikidata.org/entity/Q56250620>	"P571"	1787-01-27T00:00:00Z	11
<http://www.wikidata.org/entity/Q49418874>	"P571"	1694-01-01T00:00:00Z	9
<http://www.wikidata.org/entity/Q113018452>	"P571"	1857-01-01T00:00:00Z	9
<http://www.wikidata.org/entity/Q12336106>	"P571"	1857-01-01T00:00:00Z	9
<http://www.wikidata.org/entity/Q105554558>	"P571"	1857-01-01T00:00:00Z	9
<http://www.wikidata.org/entity/Q120196992>	"P571"	1857-01-01T00:00:00Z	9
<http://www.wikidata.org/entity/Q116780431>	"P571"	1857-01-01T00:00:00Z	9
<http://www.wikidata.org/entity/Q114598731>	"P571"	1857-01-01T00:00:00Z	9
<http://www.wikidata.org/entity/Q110661007>	"P571"	1857-01-01T00:00:00Z	9
<http://www.wikidata.org/entity/Q104425267>	"P571"	1857-01-01T00:00:00Z	9
<http://www.wikidata.org/entity/Q3563515>	"P571"	1857-01-01T00:00:00Z	9
<http://www.wikidata.org/entity/Q25089122>	"P571"	1857-01-01T00:00:00Z	9
<http://www.wikidata.org/entity/Q436771>	"P571"	1857-01-01T00:00:00Z	9
<http://www.wikidata.org/entity/Q26298099>	"P571"	1857-01-01T00:00:00Z	9
<http://www.wikidata.org/entity/Q17809049>	"P571"	1857-01-01T00:00:00Z	9
<http://www.wikidata.org/entity/Q84082750>	"P571"	1857-01-01T00:00:00Z	9
<http://www.wikidata.org/entity/Q49449705>	"P571"	1824-01-01T00:00:00Z	9
<http://www.wikidata.org/entity/Q49367226>	"P571"	1824-01-01T00:00:00Z	9
<http://www.wikidata.org/entity/Q30821059>	"P571"	1852-01-01T00:00:00Z	9
<http://www.wikidata.org/entity/Q130052542>	"P571"	1616-01-01T00:00:00Z	9
<http://www.wikidata.org/entity/Q136488119>	"P571"	1616-01-01T00:00:00Z	9
<http://www.wikidata.org/entity/Q107036129>	"P571"	1682-01-01T00:00:00Z	9
<http://www.wikidata.org/entity/Q56695825>	"P571"	1682-01-01T00:00:00Z	9
<http://www.wikidata.org/entity/Q106930311>	"P571"	1791-01-01T00:00:00Z	9
<http://www.wikidata.org/entity/Q38147764>	"P571"	1791-01-01T00:00:00Z	9
<http://www.wikidata.org/entity/Q26400736>	"P571"	1791-01-01T00:00:00Z	9
<http://www.wikidata.org/entity/Q1766409>	"P571"	1791-01-01T00:00:00Z	9
<http://www.wikidata.org/entity/Q29786512>	"P571"	1791-01-01T00:00:00Z	9
<http://www.wikidata.org/entity/Q1454390>	"P571"	1791-01-01T00:00:00Z	9
<http://www.wikidata.org/entity/Q26280082>	"P571"	1791-01-01T00:00:00Z	9
<http://www.wikidata.org/entity/Q7196189>	"P571"	1791-01-01T00:00:00Z	9
<http://www.wikidata.org/entity/Q49385022>	"P571"	1769-01-01T00:00:00Z	9
<http://www.wikidata.org/entity/Q49347503>	"P571"	1769-01-01T00:00:00Z	9
<http://www.wikidata.org/entity/Q130392223>	"P571"	2008-01-01T00:00:00Z	9
<http://www.wikidata.org/entity/Q79497942>	"P571"	1849-01-01T00:00:00Z	9
<http://www.wikidata.org/entity/Q49458199>	"P571"	1837-01-01T00:00:00Z	9
<http://www.wikidata.org/entity/Q123328500>	"P571"	1617-01-01T00:00:00Z	9
<http://www.wikidata.org/entity/Q11785965>	"P571"	1799-01-01T00:00:00Z	9
<http://www.wikidata.org/entity/Q133836675>	"P571"	1799-01-01T00:00:00Z	9
<http://www.wikidata.org/entity/Q113577841>	"P571"	1799-01-01T00:00:00Z	9
<http://www.wikidata.org/entity/Q17570926>	"P571"	1799-01-01T00:00:00Z	9
<http://www.wikidata.org/entity/Q130384746>	"P571"	2003-01-01T00:00:00Z	9
<http://www.wikidata.org/entity/Q130384756>	"P571"	2003-01-01T00:00:00Z	9
<http://www.wikidata.org/entity/Q1418533>	"P571"	1898-01-01T00:00:00Z	9
<http://www.wikidata.org/entity/Q49369179>	"P571"	1898-01-01T00:00:00Z	9
<http://www.wikidata.org/entity/Q49441243>	"P571"	1898-01-01T00:00:00Z	9
<http://www.wikidata.org/entity/Q49451157>	"P571"	1898-01-01T00:00:00Z	9
<http://www.wikidata.org/entity/Q49453712>	"P571"	1898-01-01T00:00:00Z	9
<http://www.wikidata.org/entity/Q49368609>	"P571"	1898-01-01T00:00:00Z	9
<http://www.wikidata.org/entity/Q49443572>	"P571"	1898-01-01T00:00:00Z	9
<http://www.wikidata.org/entity/Q49449259>	"P571"	1898-01-01T00:00:00Z	9
<http://www.wikidata.org/entity/Q49389847>	"P571"	1898-01-01T00:00:00Z	9
<http://www.wikidata.org/entity/Q49445600>	"P571"	1898-01-01T00:00:00Z	9
<http://www.wikidata.org/entity/Q49369074>	"P571"	1898-01-01T00:00:00Z	9
<http://www.wikidata.org/entity/Q49470361>	"P571"	1898-01-01T00:00:00Z	9
<http://www.wikidata.org/entity/Q56739652>	"P571"	1825-06-15T00:00:00Z	11
<http://www.wikidata.org/entity/Q49440354>	"P571"	1904-01-01T00:00:00Z	9
<http://www.wikidata.org/entity/Q49272109>	"P571"	1904-01-01T00:00:00Z	9
<http://www.wikidata.org/entity/Q49453226>	"P571"	1904-01-01T00:00:00Z	9
<http://www.wikidata.org/entity/Q49445928>	"P571"	1904-01-01T00:00:00Z	9
<http://www.wikidata.org/entity/Q113495846>	"P571"	1793-01-01T00:00:00Z	9
<http://www.wikidata.org/entity/Q109653154>	"P571"	1793-01-01T00:00:00Z	9
<http://www.wikidata.org/entity/Q17571114>	"P571"	1793-01-01T00:00:00Z	9
<http://www.wikidata.org/entity/Q24238746>	"P571"	1793-01-01T00:00:00Z	9
<http://www.wikidata.org/entity/Q5748995>	"P571"	1793-01-01T00:00:00Z	9
<http://www.wikidata.org/entity/Q58404432>	"P571"	1793-01-01T00:00:00Z	9
<http://www.wikidata.org/entity/Q5637104>	"P571"	1898-03-22T00:00:00Z	11
<http://www.wikidata.org/entity/Q132660192>	"P571"	1716-01-01T00:00:00Z	9
<http://www.wikidata.org/entity/Q186970>	"P571"	1716-01-01T00:00:00Z	9
<http://www.wikidata.org/entity/Q1587110>	"P571"	1716-01-01T00:00:00Z	9
<http://www.wikidata.org/entity/Q1587110>	"P571"	1716-01-01T00:00:00Z	9
<http://www.wikidata.org/entity/Q29881639>	"P571"	1716-01-01T00:00:00Z	9
<http://www.wikidata.org/entity/Q550953>	"P571"	1716-01-01T00:00:00Z	9
<http://www.wikidata.org/entity/Q114077303>	"P571"	1860-01-01T00:00:00Z	9
<http://www.wikidata.org/entity/Q114077646>	"P571"	1860-01-01T00:00:00Z	9
<http://www.wikidata.org/entity/Q110641890>	"P571"	1860-01-01T00:00:00Z	9
<http://www.wikidata.org/entity/Q1327827>	"P571"	1860-01-01T00:00:00Z	9
<http://www.wikidata.org/entity/Q26575895>	"P571"	1860-01-01T00:00:00Z	9
<http://www.wikidata.org/entity/Q17429822>	"P571"	1860-01-01T00:00:00Z	9
<http://www.wikidata.org/entity/Q13528046>	"P571"	1860-01-01T00:00:00Z	9
<http://www.wikidata.org/entity/Q26432110>	"P571"	1860-01-01T00:00:00Z	9
<http://www.wikidata.org/entity/Q26468925>	"P571"	1860-01-01T00:00:00Z	9
<http://www.wikidata.org/entity/Q2008179>	"P571"	1860-01-01T00:00:00Z	9
<http://www.wikidata.org/entity/Q17805584>	"P571"	1860-01-01T00:00:00Z	9
<http://www.wikidata.org/entity/Q3908116>	"P571"	1860-01-01T00:00:00Z	9
<http://www.wikidata.org/entity/Q57326116>	"P571"	1860-01-01T00:00:00Z	9
<http://www.wikidata.org/entity/Q82349454>	"P571"	1860-01-01T00:00:00Z	9
<http://www.wikidata.org/entity/Q49465010>	"P571"	1860-01-01T00:00:00Z	9
<http://www.wikidata.org/entity/Q96185733>	"P571"	1860-01-01T00:00:00Z	9
<http://www.wikidata.org/entity/Q108126709>	"P571"	1787-01-01T00:00:00Z	9
<http://www.wikidata.org/entity/Q130614060>	"P571"	1787-01-01T00:00:00Z	9
<http://www.wikidata.org/entity/Q37743326>	"P571"	1787-01-01T00:00:00Z	9
<http://www.wikidata.org/entity/Q1779405>	"P571"	1787-01-01T00:00:00Z	9
<http://www.wikidata.org/entity/Q134584230>	"P571"	1787-01-01T00:00:00Z	9
<http://www.wikidata.org/entity/Q17568815>	"P571"	1787-01-01T00:00:00Z	9
<http://www.wikidata.org/entity/Q29651255>	"P571"	1787-01-01T00:00:00Z	9
<http://www.wikidata.org/entity/Q29651323>	"P571"	1787-01-01T00:00:00Z	9
<http://www.wikidata.org/entity/Q644398>	"P571"	1787-01-01T00:00:00Z	9
<http://www.wikidata.org/entity/Q60167090>	"P571"	1787-01-01T00:00:00Z	9
<http://www.wikidata.org/entity/Q49465990>	"P571"	1873-01-01T00:00:00Z	9
<http://www.wikidata.org/entity/Q49453872>	"P571"	1873-01-01T00:00:00Z	9
<http://www.wikidata.org/entity/Q49442679>	"P571"	1873-01-01T00:00:00Z	9
<http://www.wikidata.org/entity/Q106049814>	"P571"	1750-01-01T00:00:00Z	7
<http://www.wikidata.org/entity/Q106080149>	"P571"	1750-01-01T00:00:00Z	7
<http://www.wikidata.org/entity/Q106083044>	"P571"	1750-01-01T00:00:00Z	7
<http://www.wikidata.org/entity/Q106083088>	"P571"	1750-01-01T00:00:00Z	7
<http://www.wikidata.org/entity/Q106083130>	"P571"	1750-01-01T00:00:00Z	7
<http://www.wikidata.org/entity/Q106083017>	"P571"	1750-01-01T00:00:00Z	7
<http://www.wikidata.org/entity/Q106083283>	"P571"	1750-01-01T00:00:00Z	7
<http://www.wikidata.org/entity/Q105920307>	"P571"	1750-01-01T00:00:00Z	7
<http://www.wikidata.org/entity/Q106081683>	"P571"	1750-01-01T00:00:00Z	7
<http://www.wikidata.org/entity/Q106080265>	"P571"	1750-01-01T00:00:00Z	7
<http://www.wikidata.org/entity/Q106083355>	"P571"	1750-01-01T00:00:00Z	7
<http://www.wikidata.org/entity/Q106073920>	"P571"	1750-01-01T00:00:00Z	7
<http://www.wikidata.org/entity/Q106073883>	"P571"	1750-01-01T00:00:00Z	7
<http://www.wikidata.org/entity/Q28003379>	"P571"	1750-01-01T00:00:00Z	7
<http://www.wikidata.org/entity/Q3397710>	"P571"	1750-01-01T00:00:00Z	7
<http://www.wikidata.org/entity/Q49480913>	"P571"	1786-01-01T00:00:00Z	9
<http://www.wikidata.org/entity/Q49473549>	"P571"	1786-01-01T00:00:00Z	9
<http://www.wikidata.org/entity/Q49446046>	"P571"	1786-01-01T00:00:00Z	9
<http://www.wikidata.org/entity/Q49630133>	"P571"	1786-01-01T00:00:00Z	9
<http://www.wikidata.org/entity/Q24993510>	"P571"	1889-04-03T00:00:00Z	11
<http://www.wikidata.org/entity/Q118121962>	"P571"	1823-01-01T00:00:00Z	9
<http://www.wikidata.org/entity/Q112233028>	"P571"	1823-01-01T00:00:00Z	9
<http://www.wikidata.org/entity/Q17572366>	"P571"	1823-01-01T00:00:00Z	9
<http://www.wikidata.org/entity/Q38050753>	"P571"	1823-01-01T00:00:00Z	9
<http://www.wikidata.org/entity/Q5527699>	"P571"	1823-01-01T00:00:00Z	9
<http://www.wikidata.org/entity/Q93292925>	"P571"	1823-01-01T00:00:00Z	9
<http://www.wikidata.org/entity/Q995998>	"P571"	1823-01-01T00:00:00Z	9
<http://www.wikidata.org/entity/Q49438642>	"P571"	1996-01-01T00:00:00Z	9
<http://www.wikidata.org/entity/Q113624719>	"P571"	2002-01-01T00:00:00Z	9
<http://www.wikidata.org/entity/Q49438642>	"P571"	2002-01-01T00:00:00Z	9
<http://www.wikidata.org/entity/Q49430172>	"P571"	1892-01-01T00:00:00Z	9
<http://www.wikidata.org/entity/Q136767204>	"P571"	1897-05-01T00:00:00Z	11
<http://www.wikidata.org/entity/Q130394693>	"P571"	1850-01-01T00:00:00Z	9
<http://www.wikidata.org/entity/Q48210293>	"P571"	1850-01-01T00:00:00Z	9
<http://www.wikidata.org/entity/Q49220776>	"P571"	1850-01-01T00:00:00Z	9
<http://www.wikidata.org/entity/Q49403383>	"P571"	1850-01-01T00:00:00Z	9
<http://www.wikidata.org/entity/Q49401534>	"P571"	1850-01-01T00:00:00Z	9
<http://www.wikidata.org/entity/Q49403752>	"P571"	1850-01-01T00:00:00Z	9
<http://www.wikidata.org/entity/Q49403700>	"P571"	1850-01-01T00:00:00Z	9
<http://www.wikidata.org/entity/Q49403587>	"P571"	1850-01-01T00:00:00Z	9
<http://www.wikidata.org/entity/Q49402291>	"P571"	1850-01-01T00:00:00Z	9
<http://www.wikidata.org/entity/Q49447638>	"P571"	1850-01-01T00:00:00Z	9
<http://www.wikidata.org/entity/Q49403564>	"P571"	1850-01-01T00:00:00Z	9
<http://www.wikidata.org/entity/Q49402088>	"P571"	1850-01-01T00:00:00Z	9
<http://www.wikidata.org/entity/Q49403571>	"P571"	1850-01-01T00:00:00Z	9
<http://www.wikidata.org/entity/Q49403755>	"P571"	1850-01-01T00:00:00Z	9
<http://www.wikidata.org/entity/Q49403758>	"P571"	1850-01-01T00:00:00Z	9
<http://www.wikidata.org/entity/Q49402317>	"P571"	1850-01-01T00:00:00Z	9
<http://www.wikidata.org/entity/Q49402397>	"P571"	1850-01-01T00:00:00Z	9
<http://www.wikidata.org/entity/Q49403762>	"P571"	1850-01-01T00:00:00Z	9
<http://www.wikidata.org/entity/Q49446081>	"P571"	1850-01-01T00:00:00Z	9
<http://www.wikidata.org/entity/Q49403765>	"P571"	1850-01-01T00:00:00Z	9
<http://www.wikidata.org/entity/Q49403768>	"P571"	1850-01-01T00:00:00Z	9
<http://www.wikidata.org/entity/Q49403771>	"P571"	1850-01-01T00:00:00Z	9
<http://www.wikidata.org/entity/Q49403774>	"P571"	1850-01-01T00:00:00Z	9
<http://www.wikidata.org/entity/Q49377862>	"P571"	1850-01-01T00:00:00Z	9
<http://www.wikidata.org/entity/Q49404200>	"P571"	1850-01-01T00:00:00Z	9
<http://www.wikidata.org/entity/Q49403789>	"P571"	1850-01-01T00:00:00Z	9
<http://www.wikidata.org/entity/Q49431823>	"P571"	1850-01-01T00:00:00Z	9
<http://www.wikidata.org/entity/Q49389437>	"P571"	1850-01-01T00:00:00Z	9
<http://www.wikidata.org/entity/Q49398993>	"P571"	1850-01-01T00:00:00Z	9
<http://www.wikidata.org/entity/Q49398960>	"P571"	1850-01-01T00:00:00Z	9
<http://www.wikidata.org/entity/Q49398763>	"P571"	1850-01-01T00:00:00Z	9
<http://www.wikidata.org/entity/Q49428836>	"P571"	1850-01-01T00:00:00Z	9
<http://www.wikidata.org/entity/Q49398371>	"P571"	1850-01-01T00:00:00Z	9
<http://www.wikidata.org/entity/Q49430022>	"P571"	1850-01-01T00:00:00Z	9
<http://www.wikidata.org/entity/Q49430330>	"P571"	1850-01-01T00:00:00Z	9
<http://www.wikidata.org/entity/Q49430405>	"P571"	1850-01-01T00:00:00Z	9
<http://www.wikidata.org/entity/Q49430414>	"P571"	1850-01-01T00:00:00Z	9
<http://www.wikidata.org/entity/Q49430854>	"P571"	1850-01-01T00:00:00Z	9
<http://www.wikidata.org/entity/Q49430899>	"P571"	1850-01-01T00:00:00Z	9
<http://www.wikidata.org/entity/Q49431127>	"P571"	1850-01-01T00:00:00Z	9
<http://www.wikidata.org/entity/Q49431692>	"P571"	1850-01-01T00:00:00Z	9
<http://www.wikidata.org/entity/Q49419609>	"P571"	1850-01-01T00:00:00Z	9
<http://www.wikidata.org/entity/Q49432177>	"P571"	1850-01-01T00:00:00Z	9
<http://www.wikidata.org/entity/Q49440918>	"P571"	1850-01-01T00:00:00Z	9
<http://www.wikidata.org/entity/Q49440848>	"P571"	1850-01-01T00:00:00Z	9
<http://www.wikidata.org/entity/Q49433369>	"P571"	1850-01-01T00:00:00Z	9
<http://www.wikidata.org/entity/Q49440823>	"P571"	1850-01-01T00:00:00Z	9
<http://www.wikidata.org/entity/Q49398254>	"P571"	1850-01-01T00:00:00Z	9
<http://www.wikidata.org/entity/Q49440809>	"P571"	1850-01-01T00:00:00Z	9
<http://www.wikidata.org/entity/Q49440728>	"P571"	1850-01-01T00:00:00Z	9
<http://www.wikidata.org/entity/Q49397022>	"P571"	1850-01-01T00:00:00Z	9
<http://www.wikidata.org/entity/Q49394029>	"P571"	1850-01-01T00:00:00Z	9
<http://www.wikidata.org/entity/Q49396573>	"P571"	1850-01-01T00:00:00Z	9
<http://www.wikidata.org/entity/Q49396924>	"P571"	1850-01-01T00:00:00Z	9
<http://www.wikidata.org/entity/Q49439509>	"P571"	1850-01-01T00:00:00Z	9
<http://www.wikidata.org/entity/Q49396792>	"P571"	1850-01-01T00:00:00Z	9
<http://www.wikidata.org/entity/Q49408752>	"P571"	1850-01-01T00:00:00Z	9
<http://www.wikidata.org/entity/Q49405026>	"P571"	1850-01-01T00:00:00Z	9
<http://www.wikidata.org/entity/Q49401143>	"P571"	1850-01-01T00:00:00Z	9
<http://www.wikidata.org/entity/Q49405777>	"P571"	1850-01-01T00:00:00Z	9
<http://www.wikidata.org/entity/Q49405973>	"P571"	1850-01-01T00:00:00Z	9
<http://www.wikidata.org/entity/Q49405991>	"P571"	1850-01-01T00:00:00Z	9
<http://www.wikidata.org/entity/Q49406094>	"P571"	1850-01-01T00:00:00Z	9
<http://www.wikidata.org/entity/Q49406205>	"P571"	1850-01-01T00:00:00Z	9
<http://www.wikidata.org/entity/Q49406525>	"P571"	1850-01-01T00:00:00Z	9
<http://www.wikidata.org/entity/Q49406726>	"P571"	1850-01-01T00:00:00Z	9
<http://www.wikidata.org/entity/Q49386514>	"P571"	1850-01-01T00:00:00Z	9
<http://www.wikidata.org/entity/Q49407077>	"P571"	1850-01-01T00:00:00Z	9
<http://www.wikidata.org/entity/Q49407480>	"P571"	1850-01-01T00:00:00Z	9
<http://www.wikidata.org/entity/Q49408405>	"P571"	1850-01-01T00:00:00Z	9
<http://www.wikidata.org/entity/Q49408748>	"P571"	1850-01-01T00:00:00Z	9
<http://www.wikidata.org/entity/Q49405023>	"P571"	1850-01-01T00:00:00Z	9
<http://www.wikidata.org/entity/Q49389353>	"P571"	1850-01-01T00:00:00Z	9
<http://www.wikidata.org/entity/Q49409055>	"P571"	1850-01-01T00:00:00Z	9
<http://www.wikidata.org/entity/Q49409087>	"P571"	1850-01-01T00:00:00Z	9
<http://www.wikidata.org/entity/Q49409210>	"P571"	1850-01-01T00:00:00Z	9
<http://www.wikidata.org/entity/Q49409218>	"P571"	1850-01-01T00:00:00Z	9
<http://www.wikidata.org/entity/Q49409462>	"P571"	1850-01-01T00:00:00Z	9
<http://www.wikidata.org/entity/Q49409482>	"P571"	1850-01-01T00:00:00Z	9
<http://www.wikidata.org/entity/Q49410195>	"P571"	1850-01-01T00:00:00Z	9
<http://www.wikidata.org/entity/Q49411209>	"P571"	1850-01-01T00:00:00Z	9
<http://www.wikidata.org/entity/Q49389393>	"P571"	1850-01-01T00:00:00Z	9
<http://www.wikidata.org/entity/Q49415529>	"P571"	1850-01-01T00:00:00Z	9
<http://www.wikidata.org/entity/Q49418877>	"P571"	1850-01-01T00:00:00Z	9
<http://www.wikidata.org/entity/Q49419393>	"P571"	1850-01-01T00:00:00Z	9
<http://www.wikidata.org/entity/Q49612288>	"P571"	1850-01-01T00:00:00Z	9
<http://www.wikidata.org/entity/Q49368025>	"P571"	1850-01-01T00:00:00Z	9
<http://www.wikidata.org/entity/Q49461748>	"P571"	1850-01-01T00:00:00Z	9
<http://www.wikidata.org/entity/Q49347406>	"P571"	1850-01-01T00:00:00Z	9
<http://www.wikidata.org/entity/Q49347887>	"P571"	1850-01-01T00:00:00Z	9
<http://www.wikidata.org/entity/Q49348090>	"P571"	1850-01-01T00:00:00Z	9
<http://www.wikidata.org/entity/Q49348730>	"P571"	1850-01-01T00:00:00Z	9
<http://www.wikidata.org/entity/Q49450115>	"P571"	1850-01-01T00:00:00Z	9
<http://www.wikidata.org/entity/Q49348996>	"P571"	1850-01-01T00:00:00Z	9
<http://www.wikidata.org/entity/Q49351193>	"P571"	1850-01-01T00:00:00Z	9
<http://www.wikidata.org/entity/Q49629570>	"P571"	1850-01-01T00:00:00Z	9
<http://www.wikidata.org/entity/Q49368041>	"P571"	1850-01-01T00:00:00Z	9
<http://www.wikidata.org/entity/Q49374786>	"P571"	1850-01-01T00:00:00Z	9
<http://www.wikidata.org/entity/Q49451683>	"P571"	1850-01-01T00:00:00Z	9
<http://www.wikidata.org/entity/Q49368049>	"P571"	1850-01-01T00:00:00Z	9
<http://www.wikidata.org/entity/Q49575555>	"P571"	1850-01-01T00:00:00Z	9
<http://www.wikidata.org/entity/Q49567010>	"P571"	1850-01-01T00:00:00Z	9
<http://www.wikidata.org/entity/Q49453261>	"P571"	1850-01-01T00:00:00Z	9
<http://www.wikidata.org/entity/Q49362628>	"P571"	1850-01-01T00:00:00Z	9
<http://www.wikidata.org/entity/Q49526336>	"P571"	1850-01-01T00:00:00Z	9
<http://www.wikidata.org/entity/Q49364384>	"P571"	1850-01-01T00:00:00Z	9
<http://www.wikidata.org/entity/Q49454662>	"P571"	1850-01-01T00:00:00Z	9
<http://www.wikidata.org/entity/Q49505880>	"P571"	1850-01-01T00:00:00Z	9
<http://www.wikidata.org/entity/Q49364346>	"P571"	1850-01-01T00:00:00Z	9
<http://www.wikidata.org/entity/Q49346243>	"P571"	1850-01-01T00:00:00Z	9
<http://www.wikidata.org/entity/Q49346213>	"P571"	1850-01-01T00:00:00Z	9
<http://www.wikidata.org/entity/Q138514961>	"P571"	1927-01-01T00:00:00Z	9
<http://www.wikidata.org/entity/Q1627704>	"P571"	1927-01-01T00:00:00Z	9
<http://www.wikidata.org/entity/Q136769363>	"P571"	1908-05-13T00:00:00Z	11
<http://www.wikidata.org/entity/Q115792270>	"P571"	1801-01-01T00:00:00Z	9
<http://www.wikidata.org/entity/Q18397236>	"P571"	1801-01-01T00:00:00Z	9
<http://www.wikidata.org/entity/Q49403619>	"P571"	1777-01-01T00:00:00Z	9
<http://www.wikidata.org/entity/Q26483208>	"P571"	1903-07-25T00:00:00Z	11
<http://www.wikidata.org/entity/Q49438736>	"P571"	1801-01-01T00:00:00Z	9
<http://www.wikidata.org/entity/Q49545373>	"P571"	1801-01-01T00:00:00Z	9
<http://www.wikidata.org/entity/Q49438746>	"P571"	1801-01-01T00:00:00Z	9
<http://www.wikidata.org/entity/Q49438749>	"P571"	1801-01-01T00:00:00Z	9
<http://www.wikidata.org/entity/Q49438796>	"P571"	1801-01-01T00:00:00Z	9
<http://www.wikidata.org/entity/Q49544948>	"P571"	1801-01-01T00:00:00Z	9
<http://www.wikidata.org/entity/Q49486038>	"P571"	1801-01-01T00:00:00Z	9
<http://www.wikidata.org/entity/Q49545185>	"P571"	1801-01-01T00:00:00Z	9
<http://www.wikidata.org/entity/Q49485575>	"P571"	1801-01-01T00:00:00Z	9
<http://www.wikidata.org/entity/Q49545340>	"P571"	1801-01-01T00:00:00Z	9
<http://www.wikidata.org/entity/Q49545353>	"P571"	1801-01-01T00:00:00Z	9
<http://www.wikidata.org/entity/Q49482247>	"P571"	1801-01-01T00:00:00Z	9
<http://www.wikidata.org/entity/Q49438861>	"P571"	1801-01-01T00:00:00Z	9
<http://www.wikidata.org/entity/Q49545356>	"P571"	1801-01-01T00:00:00Z	9
<http://www.wikidata.org/entity/Q49545366>	"P571"	1801-01-01T00:00:00Z	9
<http://www.wikidata.org/entity/Q49487568>	"P571"	1801-01-01T00:00:00Z	9
<http://www.wikidata.org/entity/Q49535062>	"P571"	1801-01-01T00:00:00Z	9
<http://www.wikidata.org/entity/Q49440600>	"P571"	1801-01-01T00:00:00Z	9
<http://www.wikidata.org/entity/Q49487254>	"P571"	1801-01-01T00:00:00Z	9
<http://www.wikidata.org/entity/Q49535012>	"P571"	1801-01-01T00:00:00Z	9
<http://www.wikidata.org/entity/Q49535016>	"P571"	1801-01-01T00:00:00Z	9
<http://www.wikidata.org/entity/Q49535034>	"P571"	1801-01-01T00:00:00Z	9
<http://www.wikidata.org/entity/Q49535037>	"P571"	1801-01-01T00:00:00Z	9
<http://www.wikidata.org/entity/Q49535041>	"P571"	1801-01-01T00:00:00Z	9
<http://www.wikidata.org/entity/Q49535053>	"P571"	1801-01-01T00:00:00Z	9
<http://www.wikidata.org/entity/Q49536357>	"P571"	1801-01-01T00:00:00Z	9
<http://www.wikidata.org/entity/Q49535088>	"P571"	1801-01-01T00:00:00Z	9
<http://www.wikidata.org/entity/Q49535090>	"P571"	1801-01-01T00:00:00Z	9
<http://www.wikidata.org/entity/Q49535094>	"P571"	1801-01-01T00:00:00Z	9
<http://www.wikidata.org/entity/Q49535098>	"P571"	1801-01-01T00:00:00Z	9
<http://www.wikidata.org/entity/Q49535102>	"P571"	1801-01-01T00:00:00Z	9
<http://www.wikidata.org/entity/Q49535130>	"P571"	1801-01-01T00:00:00Z	9
<http://www.wikidata.org/entity/Q49486041>	"P571"	1801-01-01T00:00:00Z	9
<http://www.wikidata.org/entity/Q49439992>	"P571"	1801-01-01T00:00:00Z	9
<http://www.wikidata.org/entity/Q49455839>	"P571"	1801-01-01T00:00:00Z	9
<http://www.wikidata.org/entity/Q49545830>	"P571"	1801-01-01T00:00:00Z	9
<http://www.wikidata.org/entity/Q49545838>	"P571"	1801-01-01T00:00:00Z	9
<http://www.wikidata.org/entity/Q49545870>	"P571"	1801-01-01T00:00:00Z	9
<http://www.wikidata.org/entity/Q49439938>	"P571"	1801-01-01T00:00:00Z	9
<http://www.wikidata.org/entity/Q49439952>	"P571"	1801-01-01T00:00:00Z	9
<http://www.wikidata.org/entity/Q49546686>	"P571"	1801-01-01T00:00:00Z	9
<http://www.wikidata.org/entity/Q49448406>	"P571"	1801-01-01T00:00:00Z	9
<http://www.wikidata.org/entity/Q49545748>	"P571"	1801-01-01T00:00:00Z	9
<http://www.wikidata.org/entity/Q49559609>	"P571"	1801-01-01T00:00:00Z	9
<http://www.wikidata.org/entity/Q49391288>	"P571"	1801-01-01T00:00:00Z	9
<http://www.wikidata.org/entity/Q49479987>	"P571"	1801-01-01T00:00:00Z	9
<http://www.wikidata.org/entity/Q49448890>	"P571"	1801-01-01T00:00:00Z	9
<http://www.wikidata.org/entity/Q49570183>	"P571"	1801-01-01T00:00:00Z	9
<http://www.wikidata.org/entity/Q49570519>	"P571"	1801-01-01T00:00:00Z	9
<http://www.wikidata.org/entity/Q49447524>	"P571"	1801-01-01T00:00:00Z	9
<http://www.wikidata.org/entity/Q49455787>	"P571"	1801-01-01T00:00:00Z	9
<http://www.wikidata.org/entity/Q49545739>	"P571"	1801-01-01T00:00:00Z	9
<http://www.wikidata.org/entity/Q49545704>	"P571"	1801-01-01T00:00:00Z	9
<http://www.wikidata.org/entity/Q49545551>	"P571"	1801-01-01T00:00:00Z	9
<http://www.wikidata.org/entity/Q49545441>	"P571"	1801-01-01T00:00:00Z	9
<http://www.wikidata.org/entity/Q49439312>	"P571"	1801-01-01T00:00:00Z	9
<http://www.wikidata.org/entity/Q49455819>	"P571"	1801-01-01T00:00:00Z	9
<http://www.wikidata.org/entity/Q49545415>	"P571"	1801-01-01T00:00:00Z	9
<http://www.wikidata.org/entity/Q49439199>	"P571"	1801-01-01T00:00:00Z	9
<http://www.wikidata.org/entity/Q49439009>	"P571"	1801-01-01T00:00:00Z	9
<http://www.wikidata.org/entity/Q49545409>	"P571"	1801-01-01T00:00:00Z	9
<http://www.wikidata.org/entity/Q49545404>	"P571"	1801-01-01T00:00:00Z	9
<http://www.wikidata.org/entity/Q49545400>	"P571"	1801-01-01T00:00:00Z	9
<http://www.wikidata.org/entity/Q49545384>	"P571"	1801-01-01T00:00:00Z	9
<http://www.wikidata.org/entity/Q49545381>	"P571"	1801-01-01T00:00:00Z	9
<http://www.wikidata.org/entity/Q49545377>	"P571"	1801-01-01T00:00:00Z	9
<http://www.wikidata.org/entity/Q49494943>	"P571"	1801-01-01T00:00:00Z	9
<http://www.wikidata.org/entity/Q49454842>	"P571"	1801-01-01T00:00:00Z	9
<http://www.wikidata.org/entity/Q49448466>	"P571"	1801-01-01T00:00:00Z	9
<http://www.wikidata.org/entity/Q49455278>	"P571"	1801-01-01T00:00:00Z	9
<http://www.wikidata.org/entity/Q49448445>	"P571"	1801-01-01T00:00:00Z	9
<http://www.wikidata.org/entity/Q49368835>	"P571"	1801-01-01T00:00:00Z	9
<http://www.wikidata.org/entity/Q49516067>	"P571"	1801-01-01T00:00:00Z	9
<http://www.wikidata.org/entity/Q49516087>	"P571"	1801-01-01T00:00:00Z	9
<http://www.wikidata.org/entity/Q49455369>	"P571"	1801-01-01T00:00:00Z	9
<http://www.wikidata.org/entity/Q49504326>	"P571"	1801-01-01T00:00:00Z	9
<http://www.wikidata.org/entity/Q49516330>	"P571"	1801-01-01T00:00:00Z	9
<http://www.wikidata.org/entity/Q49516675>	"P571"	1801-01-01T00:00:00Z	9
<http://www.wikidata.org/entity/Q49517209>	"P571"	1801-01-01T00:00:00Z	9
<http://www.wikidata.org/entity/Q49517236>	"P571"	1801-01-01T00:00:00Z	9
<http://www.wikidata.org/entity/Q49517365>	"P571"	1801-01-01T00:00:00Z	9
<http://www.wikidata.org/entity/Q49517568>	"P571"	1801-01-01T00:00:00Z	9
<http://www.wikidata.org/entity/Q49494784>	"P571"	1801-01-01T00:00:00Z	9
<http://www.wikidata.org/entity/Q49519715>	"P571"	1801-01-01T00:00:00Z	9
<http://www.wikidata.org/entity/Q49504340>	"P571"	1801-01-01T00:00:00Z	9
<http://www.wikidata.org/entity/Q49514458>	"P571"	1801-01-01T00:00:00Z	9
<http://www.wikidata.org/entity/Q49512006>	"P571"	1801-01-01T00:00:00Z	9
<http://www.wikidata.org/entity/Q49504344>	"P571"	1801-01-01T00:00:00Z	9
<http://www.wikidata.org/entity/Q49454903>	"P571"	1801-01-01T00:00:00Z	9
<http://www.wikidata.org/entity/Q49508760>	"P571"	1801-01-01T00:00:00Z	9
<http://www.wikidata.org/entity/Q49508731>	"P571"	1801-01-01T00:00:00Z	9
<http://www.wikidata.org/entity/Q49368743>	"P571"	1801-01-01T00:00:00Z	9
<http://www.wikidata.org/entity/Q49506365>	"P571"	1801-01-01T00:00:00Z	9
<http://www.wikidata.org/entity/Q49505919>	"P571"	1801-01-01T00:00:00Z	9
<http://www.wikidata.org/entity/Q49505484>	"P571"	1801-01-01T00:00:00Z	9
<http://www.wikidata.org/entity/Q49504361>	"P571"	1801-01-01T00:00:00Z	9
<http://www.wikidata.org/entity/Q49504462>	"P571"	1801-01-01T00:00:00Z	9
<http://www.wikidata.org/entity/Q49505082>	"P571"	1801-01-01T00:00:00Z	9
<http://www.wikidata.org/entity/Q49505029>	"P571"	1801-01-01T00:00:00Z	9
<http://www.wikidata.org/entity/Q49534884>	"P571"	1801-01-01T00:00:00Z	9
<http://www.wikidata.org/entity/Q49531711>	"P571"	1801-01-01T00:00:00Z	9
<http://www.wikidata.org/entity/Q49531821>	"P571"	1801-01-01T00:00:00Z	9
<http://www.wikidata.org/entity/Q49448414>	"P571"	1801-01-01T00:00:00Z	9
<http://www.wikidata.org/entity/Q49532296>	"P571"	1801-01-01T00:00:00Z	9
<http://www.wikidata.org/entity/Q49532300>	"P571"	1801-01-01T00:00:00Z	9
<http://www.wikidata.org/entity/Q49534263>	"P571"	1801-01-01T00:00:00Z	9
<http://www.wikidata.org/entity/Q49534723>	"P571"	1801-01-01T00:00:00Z	9
<http://www.wikidata.org/entity/Q49534852>	"P571"	1801-01-01T00:00:00Z	9
<http://www.wikidata.org/entity/Q49531539>	"P571"	1801-01-01T00:00:00Z	9
<http://www.wikidata.org/entity/Q49534943>	"P571"	1801-01-01T00:00:00Z	9
<http://www.wikidata.org/entity/Q49534978>	"P571"	1801-01-01T00:00:00Z	9
<http://www.wikidata.org/entity/Q49490365>	"P571"	1801-01-01T00:00:00Z	9
<http://www.wikidata.org/entity/Q49534981>	"P571"	1801-01-01T00:00:00Z	9
<http://www.wikidata.org/entity/Q49368632>	"P571"	1801-01-01T00:00:00Z	9
<http://www.wikidata.org/entity/Q49535000>	"P571"	1801-01-01T00:00:00Z	9
<http://www.wikidata.org/entity/Q49455700>	"P571"	1801-01-01T00:00:00Z	9
<http://www.wikidata.org/entity/Q49535004>	"P571"	1801-01-01T00:00:00Z	9
<http://www.wikidata.org/entity/Q49531496>	"P571"	1801-01-01T00:00:00Z	9
<http://www.wikidata.org/entity/Q49490384>	"P571"	1801-01-01T00:00:00Z	9
<http://www.wikidata.org/entity/Q49457491>	"P571"	1801-01-01T00:00:00Z	9
<http://www.wikidata.org/entity/Q49526012>	"P571"	1801-01-01T00:00:00Z	9
<http://www.wikidata.org/entity/Q49526007>	"P571"	1801-01-01T00:00:00Z	9
<http://www.wikidata.org/entity/Q49525994>	"P571"	1801-01-01T00:00:00Z	9
<http://www.wikidata.org/entity/Q49368676>	"P571"	1801-01-01T00:00:00Z	9
<http://www.wikidata.org/entity/Q49368739>	"P571"	1801-01-01T00:00:00Z	9
<http://www.wikidata.org/entity/Q49525904>	"P571"	1801-01-01T00:00:00Z	9
<http://www.wikidata.org/entity/Q49525838>	"P571"	1801-01-01T00:00:00Z	9
<http://www.wikidata.org/entity/Q49525077>	"P571"	1801-01-01T00:00:00Z	9
<http://www.wikidata.org/entity/Q49525073>	"P571"	1801-01-01T00:00:00Z	9
<http://www.wikidata.org/entity/Q49521323>	"P571"	1801-01-01T00:00:00Z	9
<http://www.wikidata.org/entity/Q49520578>	"P571"	1801-01-01T00:00:00Z	9
<http://www.wikidata.org/entity/Q49519813>	"P571"	1801-01-01T00:00:00Z	9
<http://www.wikidata.org/entity/Q49447703>	"P571"	1801-01-01T00:00:00Z	9
<http://www.wikidata.org/entity/Q49448994>	"P571"	1801-01-01T00:00:00Z	9
<http://www.wikidata.org/entity/Q49450502>	"P571"	1801-01-01T00:00:00Z	9
<http://www.wikidata.org/entity/Q49444121>	"P571"	1801-01-01T00:00:00Z	9
<http://www.wikidata.org/entity/Q49444220>	"P571"	1801-01-01T00:00:00Z	9
<http://www.wikidata.org/entity/Q49450446>	"P571"	1801-01-01T00:00:00Z	9
<http://www.wikidata.org/entity/Q49450442>	"P571"	1801-01-01T00:00:00Z	9
<http://www.wikidata.org/entity/Q49444224>	"P571"	1801-01-01T00:00:00Z	9
<http://www.wikidata.org/entity/Q49450432>	"P571"	1801-01-01T00:00:00Z	9
<http://www.wikidata.org/entity/Q49450518>	"P571"	1801-01-01T00:00:00Z	9
<http://www.wikidata.org/entity/Q49450333>	"P571"	1801-01-01T00:00:00Z	9
<http://www.wikidata.org/entity/Q49450207>	"P571"	1801-01-01T00:00:00Z	9
<http://www.wikidata.org/entity/Q49444584>	"P571"	1801-01-01T00:00:00Z	9
<http://www.wikidata.org/entity/Q49450169>	"P571"	1801-01-01T00:00:00Z	9
<http://www.wikidata.org/entity/Q49450154>	"P571"	1801-01-01T00:00:00Z	9
<http://www.wikidata.org/entity/Q49456332>	"P571"	1801-01-01T00:00:00Z	9
<http://www.wikidata.org/entity/Q49445230>	"P571"	1801-01-01T00:00:00Z	9
<http://www.wikidata.org/entity/Q49449006>	"P571"	1801-01-01T00:00:00Z	9
<http://www.wikidata.org/entity/Q49464373>	"P571"	1801-01-01T00:00:00Z	9
<http://www.wikidata.org/entity/Q49450905>	"P571"	1801-01-01T00:00:00Z	9
<http://www.wikidata.org/entity/Q49464376>	"P571"	1801-01-01T00:00:00Z	9
<http://www.wikidata.org/entity/Q49464378>	"P571"	1801-01-01T00:00:00Z	9
<http://www.wikidata.org/entity/Q49451165>	"P571"	1801-01-01T00:00:00Z	9
<http://www.wikidata.org/entity/Q49444005>	"P571"	1801-01-01T00:00:00Z	9
<http://www.wikidata.org/entity/Q49443994>	"P571"	1801-01-01T00:00:00Z	9
<http://www.wikidata.org/entity/Q49443947>	"P571"	1801-01-01T00:00:00Z	9
<http://www.wikidata.org/entity/Q49464641>	"P571"	1801-01-01T00:00:00Z	9
<http://www.wikidata.org/entity/Q49464655>	"P571"	1801-01-01T00:00:00Z	9
<http://www.wikidata.org/entity/Q49629846>	"P571"	1801-01-01T00:00:00Z	9
<http://www.wikidata.org/entity/Q49629748>	"P571"	1801-01-01T00:00:00Z	9
<http://www.wikidata.org/entity/Q49451253>	"P571"	1801-01-01T00:00:00Z	9
<http://www.wikidata.org/entity/Q49443613>	"P571"	1801-01-01T00:00:00Z	9
<http://www.wikidata.org/entity/Q49618088>	"P571"	1801-01-01T00:00:00Z	9
<http://www.wikidata.org/entity/Q49446497>	"P571"	1801-01-01T00:00:00Z	9
<http://www.wikidata.org/entity/Q49447542>	"P571"	1801-01-01T00:00:00Z	9
<http://www.wikidata.org/entity/Q49370964>	"P571"	1801-01-01T00:00:00Z	9
<http://www.wikidata.org/entity/Q49449242>	"P571"	1801-01-01T00:00:00Z	9
<http://www.wikidata.org/entity/Q49457031>	"P571"	1801-01-01T00:00:00Z	9
<http://www.wikidata.org/entity/Q49377920>	"P571"	1801-01-01T00:00:00Z	9
<http://www.wikidata.org/entity/Q49456630>	"P571"	1801-01-01T00:00:00Z	9
<http://www.wikidata.org/entity/Q49456437>	"P571"	1801-01-01T00:00:00Z	9
<http://www.wikidata.org/entity/Q49461587>	"P571"	1801-01-01T00:00:00Z	9
<http://www.wikidata.org/entity/Q49370391>	"P571"	1801-01-01T00:00:00Z	9
<http://www.wikidata.org/entity/Q49370277>	"P571"	1801-01-01T00:00:00Z	9
<http://www.wikidata.org/entity/Q49461602>	"P571"	1801-01-01T00:00:00Z	9
<http://www.wikidata.org/entity/Q49449035>	"P571"	1801-01-01T00:00:00Z	9
<http://www.wikidata.org/entity/Q49446533>	"P571"	1801-01-01T00:00:00Z	9
<http://www.wikidata.org/entity/Q49449359>	"P571"	1801-01-01T00:00:00Z	9
<http://www.wikidata.org/entity/Q49446519>	"P571"	1801-01-01T00:00:00Z	9
<http://www.wikidata.org/entity/Q49448346>	"P571"	1801-01-01T00:00:00Z	9
<http://www.wikidata.org/entity/Q49449370>	"P571"	1801-01-01T00:00:00Z	9
<http://www.wikidata.org/entity/Q49462649>	"P571"	1801-01-01T00:00:00Z	9
<http://www.wikidata.org/entity/Q49462674>	"P571"	1801-01-01T00:00:00Z	9
<http://www.wikidata.org/entity/Q49449725>	"P571"	1801-01-01T00:00:00Z	9
<http://www.wikidata.org/entity/Q49446073>	"P571"	1801-01-01T00:00:00Z	9
<http://www.wikidata.org/entity/Q49447565>	"P571"	1801-01-01T00:00:00Z	9
<http://www.wikidata.org/entity/Q49449875>	"P571"	1801-01-01T00:00:00Z	9
<http://www.wikidata.org/entity/Q49369503>	"P571"	1801-01-01T00:00:00Z	9
<http://www.wikidata.org/entity/Q49449907>	"P571"	1801-01-01T00:00:00Z	9
<http://www.wikidata.org/entity/Q49462678>	"P571"	1801-01-01T00:00:00Z	9
<http://www.wikidata.org/entity/Q49445981>	"P571"	1801-01-01T00:00:00Z	9
<http://www.wikidata.org/entity/Q49447574>	"P571"	1801-01-01T00:00:00Z	9
<http://www.wikidata.org/entity/Q49447578>	"P571"	1801-01-01T00:00:00Z	9
<http://www.wikidata.org/entity/Q49463241>	"P571"	1801-01-01T00:00:00Z	9
<http://www.wikidata.org/entity/Q49450086>	"P571"	1801-01-01T00:00:00Z	9
<http://www.wikidata.org/entity/Q49441626>	"P571"	1801-01-01T00:00:00Z	9
<http://www.wikidata.org/entity/Q49452073>	"P571"	1801-01-01T00:00:00Z	9
<http://www.wikidata.org/entity/Q49588457>	"P571"	1801-01-01T00:00:00Z	9
<http://www.wikidata.org/entity/Q49390064>	"P571"	1801-01-01T00:00:00Z	9
<http://www.wikidata.org/entity/Q49452167>	"P571"	1801-01-01T00:00:00Z	9
<http://www.wikidata.org/entity/Q49586818>	"P571"	1801-01-01T00:00:00Z	9
<http://www.wikidata.org/entity/Q49442435>	"P571"	1801-01-01T00:00:00Z	9
<http://www.wikidata.org/entity/Q49470453>	"P571"	1801-01-01T00:00:00Z	9
<http://www.wikidata.org/entity/Q49442337>	"P571"	1801-01-01T00:00:00Z	9
<http://www.wikidata.org/entity/Q49442237>	"P571"	1801-01-01T00:00:00Z	9
<http://www.wikidata.org/entity/Q49442089>	"P571"	1801-01-01T00:00:00Z	9
<http://www.wikidata.org/entity/Q49470626>	"P571"	1801-01-01T00:00:00Z	9
<http://www.wikidata.org/entity/Q49442045>	"P571"	1801-01-01T00:00:00Z	9
<http://www.wikidata.org/entity/Q49441660>	"P571"	1801-01-01T00:00:00Z	9
<http://www.wikidata.org/entity/Q49441652>	"P571"	1801-01-01T00:00:00Z	9
<http://www.wikidata.org/entity/Q49441635>	"P571"	1801-01-01T00:00:00Z	9
<http://www.wikidata.org/entity/Q49616074>	"P571"	1801-01-01T00:00:00Z	9
<http://www.wikidata.org/entity/Q49441622>	"P571"	1801-01-01T00:00:00Z	9
<http://www.wikidata.org/entity/Q49455970>	"P571"	1801-01-01T00:00:00Z	9
<http://www.wikidata.org/entity/Q49455889>	"P571"	1801-01-01T00:00:00Z	9
<http://www.wikidata.org/entity/Q49478978>	"P571"	1801-01-01T00:00:00Z	9
<http://www.wikidata.org/entity/Q49441486>	"P571"	1801-01-01T00:00:00Z	9
<http://www.wikidata.org/entity/Q49441339>	"P571"	1801-01-01T00:00:00Z	9
<http://www.wikidata.org/entity/Q49584340>	"P571"	1801-01-01T00:00:00Z	9
<http://www.wikidata.org/entity/Q49584314>	"P571"	1801-01-01T00:00:00Z	9
<http://www.wikidata.org/entity/Q49391224>	"P571"	1801-01-01T00:00:00Z	9
<http://www.wikidata.org/entity/Q49479116>	"P571"	1801-01-01T00:00:00Z	9
<http://www.wikidata.org/entity/Q49582288>	"P571"	1801-01-01T00:00:00Z	9
<http://www.wikidata.org/entity/Q49582285>	"P571"	1801-01-01T00:00:00Z	9
<http://www.wikidata.org/entity/Q49582235>	"P571"	1801-01-01T00:00:00Z	9
<http://www.wikidata.org/entity/Q49578282>	"P571"	1801-01-01T00:00:00Z	9
<http://www.wikidata.org/entity/Q49570524>	"P571"	1801-01-01T00:00:00Z	9
<http://www.wikidata.org/entity/Q49456168>	"P571"	1801-01-01T00:00:00Z	9
<http://www.wikidata.org/entity/Q49451395>	"P571"	1801-01-01T00:00:00Z	9
<http://www.wikidata.org/entity/Q49442864>	"P571"	1801-01-01T00:00:00Z	9
<http://www.wikidata.org/entity/Q49605760>	"P571"	1801-01-01T00:00:00Z	9
<http://www.wikidata.org/entity/Q49607953>	"P571"	1801-01-01T00:00:00Z	9
<http://www.wikidata.org/entity/Q49607987>	"P571"	1801-01-01T00:00:00Z	9
<http://www.wikidata.org/entity/Q49456139>	"P571"	1801-01-01T00:00:00Z	9
<http://www.wikidata.org/entity/Q49608011>	"P571"	1801-01-01T00:00:00Z	9
<http://www.wikidata.org/entity/Q49608020>	"P571"	1801-01-01T00:00:00Z	9
<http://www.wikidata.org/entity/Q49451771>	"P571"	1801-01-01T00:00:00Z	9
<http://www.wikidata.org/entity/Q49448295>	"P571"	1801-01-01T00:00:00Z	9
<http://www.wikidata.org/entity/Q49443404>	"P571"	1801-01-01T00:00:00Z	9
<http://www.wikidata.org/entity/Q49448977>	"P571"	1801-01-01T00:00:00Z	9
<http://www.wikidata.org/entity/Q49443408>	"P571"	1801-01-01T00:00:00Z	9
<http://www.wikidata.org/entity/Q49451325>	"P571"	1801-01-01T00:00:00Z	9
<http://www.wikidata.org/entity/Q49616036>	"P571"	1801-01-01T00:00:00Z	9
<http://www.wikidata.org/entity/Q49616054>	"P571"	1801-01-01T00:00:00Z	9
<http://www.wikidata.org/entity/Q49443601>	"P571"	1801-01-01T00:00:00Z	9
<http://www.wikidata.org/entity/Q49451420>	"P571"	1801-01-01T00:00:00Z	9
<http://www.wikidata.org/entity/Q49448962>	"P571"	1801-01-01T00:00:00Z	9
<http://www.wikidata.org/entity/Q49442760>	"P571"	1801-01-01T00:00:00Z	9
<http://www.wikidata.org/entity/Q49451439>	"P571"	1801-01-01T00:00:00Z	9
<http://www.wikidata.org/entity/Q49451456>	"P571"	1801-01-01T00:00:00Z	9
<http://www.wikidata.org/entity/Q49442619>	"P571"	1801-01-01T00:00:00Z	9
<http://www.wikidata.org/entity/Q49451707>	"P571"	1801-01-01T00:00:00Z	9
<http://www.wikidata.org/entity/Q49451479>	"P571"	1801-01-01T00:00:00Z	9
<http://www.wikidata.org/entity/Q49590556>	"P571"	1801-01-01T00:00:00Z	9
<http://www.wikidata.org/entity/Q49466847>	"P571"	1801-01-01T00:00:00Z	9
<http://www.wikidata.org/entity/Q49451483>	"P571"	1801-01-01T00:00:00Z	9
<http://www.wikidata.org/entity/Q49457450>	"P571"	1801-01-01T00:00:00Z	9
<http://www.wikidata.org/entity/Q141143831>	"P571"	1848-08-10T00:00:00Z	11
<http://www.wikidata.org/entity/Q49235879>	"P571"	1913-01-01T00:00:00Z	9
<http://www.wikidata.org/entity/Q49389867>	"P571"	1913-01-01T00:00:00Z	9
<http://www.wikidata.org/entity/Q49366522>	"P571"	1913-01-01T00:00:00Z	9
<http://www.wikidata.org/entity/Q7916304>	"P571"	1878-01-01T00:00:00Z	9
<http://www.wikidata.org/entity/Q132396801>	"P571"	1863-01-01T00:00:00Z	9
<http://www.wikidata.org/entity/Q128305953>	"P571"	1863-01-01T00:00:00Z	9
<http://www.wikidata.org/entity/Q117351847>	"P571"	1863-01-01T00:00:00Z	9
<http://www.wikidata.org/entity/Q1475434>	"P571"	1863-01-01T00:00:00Z	9
<http://www.wikidata.org/entity/Q17574671>	"P571"	1863-01-01T00:00:00Z	9
<http://www.wikidata.org/entity/Q3397515>	"P571"	1863-01-01T00:00:00Z	9
<http://www.wikidata.org/entity/Q1557779>	"P571"	1863-01-01T00:00:00Z	9
<http://www.wikidata.org/entity/Q3603782>	"P571"	1863-01-01T00:00:00Z	9
<http://www.wikidata.org/entity/Q17569732>	"P571"	1863-01-01T00:00:00Z	9
<http://www.wikidata.org/entity/Q15115430>	"P571"	1863-01-01T00:00:00Z	9
<http://www.wikidata.org/entity/Q26597457>	"P571"	1863-01-01T00:00:00Z	9
<http://www.wikidata.org/entity/Q17829765>	"P571"	1863-01-01T00:00:00Z	9
<http://www.wikidata.org/entity/Q19599634>	"P571"	1863-01-01T00:00:00Z	9
<http://www.wikidata.org/entity/Q135053591>	"P571"	1863-01-01T00:00:00Z	9
<http://www.wikidata.org/entity/Q27926327>	"P571"	1863-01-01T00:00:00Z	9
<http://www.wikidata.org/entity/Q65782119>	"P571"	1863-01-01T00:00:00Z	9
<http://www.wikidata.org/entity/Q9093145>	"P571"	1863-01-01T00:00:00Z	9
<http://www.wikidata.org/entity/Q132795214>	"P571"	1797-01-01T00:00:00Z	9
<http://www.wikidata.org/entity/Q17570726>	"P571"	1797-01-01T00:00:00Z	9
<http://www.wikidata.org/entity/Q26404719>	"P571"	1797-01-01T00:00:00Z	9
<http://www.wikidata.org/entity/Q19257281>	"P571"	1797-01-01T00:00:00Z	9
<http://www.wikidata.org/entity/Q26529927>	"P571"	1797-01-01T00:00:00Z	9
<http://www.wikidata.org/entity/Q29672956>	"P571"	1797-01-01T00:00:00Z	9
<http://www.wikidata.org/entity/Q26443475>	"P571"	1755-01-01T00:00:00Z	9
<http://www.wikidata.org/entity/Q56877973>	"P571"	1755-01-01T00:00:00Z	9
<http://www.wikidata.org/entity/Q132830160>	"P571"	1905-01-01T00:00:00Z	9
<http://www.wikidata.org/entity/Q116752426>	"P571"	1905-01-01T00:00:00Z	9
<http://www.wikidata.org/entity/Q107602212>	"P571"	1905-01-01T00:00:00Z	9
<http://www.wikidata.org/entity/Q113638896>	"P571"	1905-01-01T00:00:00Z	9
<http://www.wikidata.org/entity/Q111710106>	"P571"	1905-01-01T00:00:00Z	9
<http://www.wikidata.org/entity/Q116202609>	"P571"	1905-01-01T00:00:00Z	9
<http://www.wikidata.org/entity/Q132830140>	"P571"	1905-01-01T00:00:00Z	9
<http://www.wikidata.org/entity/Q132830107>	"P571"	1905-01-01T00:00:00Z	9
<http://www.wikidata.org/entity/Q132829509>	"P571"	1905-01-01T00:00:00Z	9
<http://www.wikidata.org/entity/Q132829102>	"P571"	1905-01-01T00:00:00Z	9
<http://www.wikidata.org/entity/Q127421157>	"P571"	1905-01-01T00:00:00Z	9
<http://www.wikidata.org/entity/Q130343893>	"P571"	1905-01-01T00:00:00Z	9
<http://www.wikidata.org/entity/Q116779828>	"P571"	1905-01-01T00:00:00Z	9
<http://www.wikidata.org/entity/Q120035120>	"P571"	1905-01-01T00:00:00Z	9
<http://www.wikidata.org/entity/Q10857958>	"P571"	1905-01-01T00:00:00Z	9
<http://www.wikidata.org/entity/Q122803066>	"P571"	1905-01-01T00:00:00Z	9
<http://www.wikidata.org/entity/Q123128915>	"P571"	1905-01-01T00:00:00Z	9
<http://www.wikidata.org/entity/Q113124884>	"P571"	1905-01-01T00:00:00Z	9
<http://www.wikidata.org/entity/Q11786018>	"P571"	1905-01-01T00:00:00Z	9
<http://www.wikidata.org/entity/Q105443942>	"P571"	1905-01-01T00:00:00Z	9
<http://www.wikidata.org/entity/Q107976009>	"P571"	1905-01-01T00:00:00Z	9
<http://www.wikidata.org/entity/Q117073908>	"P571"	1905-01-01T00:00:00Z	9
<http://www.wikidata.org/entity/Q114077681>	"P571"	1905-01-01T00:00:00Z	9
<http://www.wikidata.org/entity/Q107600868>	"P571"	1905-01-01T00:00:00Z	9
<http://www.wikidata.org/entity/Q2331260>	"P571"	1905-01-01T00:00:00Z	9
<http://www.wikidata.org/entity/Q2894289>	"P571"	1905-01-01T00:00:00Z	9
<http://www.wikidata.org/entity/Q25493203>	"P571"	1905-01-01T00:00:00Z	9
<http://www.wikidata.org/entity/Q25493218>	"P571"	1905-01-01T00:00:00Z	9
<http://www.wikidata.org/entity/Q17845827>	"P571"	1905-01-01T00:00:00Z	9
<http://www.wikidata.org/entity/Q4154771>	"P571"	1905-01-01T00:00:00Z	9
<http://www.wikidata.org/entity/Q38137974>	"P571"	1905-01-01T00:00:00Z	9
<http://www.wikidata.org/entity/Q4166835>	"P571"	1905-01-01T00:00:00Z	9
<http://www.wikidata.org/entity/Q138947527>	"P571"	1905-01-01T00:00:00Z	9
<http://www.wikidata.org/entity/Q1552354>	"P571"	1905-01-01T00:00:00Z	9
<http://www.wikidata.org/entity/Q1555217>	"P571"	1905-01-01T00:00:00Z	9
<http://www.wikidata.org/entity/Q26619515>	"P571"	1905-01-01T00:00:00Z	9
<http://www.wikidata.org/entity/Q15056403>	"P571"	1905-01-01T00:00:00Z	9
<http://www.wikidata.org/entity/Q3396976>	"P571"	1905-01-01T00:00:00Z	9
<http://www.wikidata.org/entity/Q26492256>	"P571"	1905-01-01T00:00:00Z	9
<http://www.wikidata.org/entity/Q141409833>	"P571"	1905-01-01T00:00:00Z	9
<http://www.wikidata.org/entity/Q3397367>	"P571"	1905-01-01T00:00:00Z	9
<http://www.wikidata.org/entity/Q17606682>	"P571"	1905-01-01T00:00:00Z	9
<http://www.wikidata.org/entity/Q19379165>	"P571"	1905-01-01T00:00:00Z	9
<http://www.wikidata.org/entity/Q136705830>	"P571"	1905-01-01T00:00:00Z	9
<http://www.wikidata.org/entity/Q34790387>	"P571"	1905-01-01T00:00:00Z	9
<http://www.wikidata.org/entity/Q3556570>	"P571"	1905-01-01T00:00:00Z	9
<http://www.wikidata.org/entity/Q140298303>	"P571"	1905-01-01T00:00:00Z	9
<http://www.wikidata.org/entity/Q134582971>	"P571"	1905-01-01T00:00:00Z	9
<http://www.wikidata.org/entity/Q17771303>	"P571"	1905-01-01T00:00:00Z	9
<http://www.wikidata.org/entity/Q866452>	"P571"	1905-01-01T00:00:00Z	9
<http://www.wikidata.org/entity/Q99327584>	"P571"	1905-01-01T00:00:00Z	9
<http://www.wikidata.org/entity/Q682049>	"P571"	1905-01-01T00:00:00Z	9
<http://www.wikidata.org/entity/Q49272109>	"P571"	1905-01-01T00:00:00Z	9
<http://www.wikidata.org/entity/Q61738456>	"P571"	1905-01-01T00:00:00Z	9
<http://www.wikidata.org/entity/Q7559759>	"P571"	1905-01-01T00:00:00Z	9
<http://www.wikidata.org/entity/Q100606514>	"P571"	1767-01-01T00:00:00Z	9
<http://www.wikidata.org/entity/Q17569420>	"P571"	1767-01-01T00:00:00Z	9
<http://www.wikidata.org/entity/Q22954795>	"P571"	1767-01-01T00:00:00Z	9
<http://www.wikidata.org/entity/Q14545224>	"P571"	1767-01-01T00:00:00Z	9
<http://www.wikidata.org/entity/Q29933057>	"P571"	1767-01-01T00:00:00Z	9
<http://www.wikidata.org/entity/Q3397090>	"P571"	1767-01-01T00:00:00Z	9
<http://www.wikidata.org/entity/Q97580995>	"P571"	1767-01-01T00:00:00Z	9
<http://www.wikidata.org/entity/Q97485664>	"P571"	1767-01-01T00:00:00Z	9
<http://www.wikidata.org/entity/Q120648711>	"P571"	1910-01-01T00:00:00Z	8
<http://www.wikidata.org/entity/Q108068540>	"P571"	1910-01-01T00:00:00Z	8
<http://www.wikidata.org/entity/Q116972301>	"P571"	1910-01-01T00:00:00Z	8
<http://www.wikidata.org/entity/Q17052453>	"P571"	1910-01-01T00:00:00Z	8
<http://www.wikidata.org/entity/Q41181479>	"P571"	1630-01-01T00:00:00Z	9
<http://www.wikidata.org/entity/Q49231627>	"P571"	1945-01-01T00:00:00Z	9
<http://www.wikidata.org/entity/Q116571074>	"P571"	1835-01-01T00:00:00Z	9
<http://www.wikidata.org/entity/Q109653176>	"P571"	1835-01-01T00:00:00Z	9
<http://www.wikidata.org/entity/Q106914756>	"P571"	1835-01-01T00:00:00Z	9
<http://www.wikidata.org/entity/Q17827835>	"P571"	1835-01-01T00:00:00Z	9
<http://www.wikidata.org/entity/Q17827805>	"P571"	1835-01-01T00:00:00Z	9
<http://www.wikidata.org/entity/Q55046709>	"P571"	1835-01-01T00:00:00Z	9
<http://www.wikidata.org/entity/Q131823977>	"P571"	1930-01-01T00:00:00Z	9
<http://www.wikidata.org/entity/Q136791730>	"P571"	1930-01-01T00:00:00Z	9
<http://www.wikidata.org/entity/Q15115506>	"P571"	1812-01-01T00:00:00Z	9
<http://www.wikidata.org/entity/Q17572346>	"P571"	1812-01-01T00:00:00Z	9
<http://www.wikidata.org/entity/Q6473808>	"P571"	1812-01-01T00:00:00Z	9
<http://www.wikidata.org/entity/Q3179616>	"P571"	1909-09-02T00:00:00Z	11
<http://www.wikidata.org/entity/Q122259948>	"P571"	1781-01-01T00:00:00Z	9
<http://www.wikidata.org/entity/Q122259511>	"P571"	1781-01-01T00:00:00Z	9
<http://www.wikidata.org/entity/Q37911344>	"P571"	1781-01-01T00:00:00Z	9
<http://www.wikidata.org/entity/Q26443621>	"P571"	1781-01-01T00:00:00Z	9
<http://www.wikidata.org/entity/Q18019736>	"P571"	1781-01-01T00:00:00Z	9
<http://www.wikidata.org/entity/Q38136341>	"P571"	1781-01-01T00:00:00Z	9
<http://www.wikidata.org/entity/Q21401858>	"P571"	1833-07-26T00:00:00Z	11
<http://www.wikidata.org/entity/Q49451946>	"P571"	1800-01-01T00:00:00Z	9
<http://www.wikidata.org/entity/Q49438806>	"P571"	1800-01-01T00:00:00Z	9
<http://www.wikidata.org/entity/Q49439700>	"P571"	1800-01-01T00:00:00Z	9
<http://www.wikidata.org/entity/Q49452413>	"P571"	1800-01-01T00:00:00Z	9
<http://www.wikidata.org/entity/Q49583072>	"P571"	1800-01-01T00:00:00Z	9
<http://www.wikidata.org/entity/Q49446917>	"P571"	1800-01-01T00:00:00Z	9
<http://www.wikidata.org/entity/Q49584350>	"P571"	1800-01-01T00:00:00Z	9
<http://www.wikidata.org/entity/Q49446737>	"P571"	1800-01-01T00:00:00Z	9
<http://www.wikidata.org/entity/Q49459218>	"P571"	1800-01-01T00:00:00Z	9
<http://www.wikidata.org/entity/Q49402748>	"P571"	1800-01-01T00:00:00Z	9
<http://www.wikidata.org/entity/Q49442565>	"P571"	1800-01-01T00:00:00Z	9
<http://www.wikidata.org/entity/Q49630113>	"P571"	1800-01-01T00:00:00Z	9
<http://www.wikidata.org/entity/Q49451103>	"P571"	1800-01-01T00:00:00Z	9
<http://www.wikidata.org/entity/Q49445082>	"P571"	1800-01-01T00:00:00Z	9
<http://www.wikidata.org/entity/Q49348338>	"P571"	1800-01-01T00:00:00Z	9
<http://www.wikidata.org/entity/Q49445993>	"P571"	1800-01-01T00:00:00Z	9
<http://www.wikidata.org/entity/Q49341713>	"P571"	1800-01-01T00:00:00Z	9
<http://www.wikidata.org/entity/Q49371369>	"P571"	1800-01-01T00:00:00Z	9
<http://www.wikidata.org/entity/Q49438333>	"P571"	1800-01-01T00:00:00Z	9
<http://www.wikidata.org/entity/Q49531120>	"P571"	1800-01-01T00:00:00Z	9
<http://www.wikidata.org/entity/Q2534245>	"P571"	1898-06-01T00:00:00Z	11
<http://www.wikidata.org/entity/Q49367031>	"P571"	1887-01-01T00:00:00Z	9
<http://www.wikidata.org/entity/Q49367146>	"P571"	1887-01-01T00:00:00Z	9
<http://www.wikidata.org/entity/Q49402515>	"P571"	1887-01-01T00:00:00Z	9
<http://www.wikidata.org/entity/Q49367612>	"P571"	1887-01-01T00:00:00Z	9
<http://www.wikidata.org/entity/Q49443276>	"P571"	1887-01-01T00:00:00Z	9
<http://www.wikidata.org/entity/Q12038734>	"P571"	1841-01-01T00:00:00Z	9
<http://www.wikidata.org/entity/Q1134699>	"P571"	1841-01-01T00:00:00Z	9
<http://www.wikidata.org/entity/Q1257391>	"P571"	1841-01-01T00:00:00Z	9
<http://www.wikidata.org/entity/Q21323542>	"P571"	1841-01-01T00:00:00Z	9
<http://www.wikidata.org/entity/Q26612614>	"P571"	1841-01-01T00:00:00Z	9
<http://www.wikidata.org/entity/Q26642471>	"P571"	1841-01-01T00:00:00Z	9
<http://www.wikidata.org/entity/Q14628594>	"P571"	1841-01-01T00:00:00Z	9
<http://www.wikidata.org/entity/Q17544310>	"P571"	1841-01-01T00:00:00Z	9
<http://www.wikidata.org/entity/Q26525246>	"P571"	1841-01-01T00:00:00Z	9
<http://www.wikidata.org/entity/Q3396924>	"P571"	1841-01-01T00:00:00Z	9
<http://www.wikidata.org/entity/Q3396927>	"P571"	1841-01-01T00:00:00Z	9
<http://www.wikidata.org/entity/Q77778221>	"P571"	1841-01-01T00:00:00Z	9
<http://www.wikidata.org/entity/Q97466125>	"P571"	1841-01-01T00:00:00Z	9
<http://www.wikidata.org/entity/Q99671183>	"P571"	1841-01-01T00:00:00Z	9
<http://www.wikidata.org/entity/Q96107814>	"P571"	1841-01-01T00:00:00Z	9
<http://www.wikidata.org/entity/Q29580860>	"P571"	1771-01-01T00:00:00Z	9
<http://www.wikidata.org/entity/Q56619997>	"P571"	1771-01-01T00:00:00Z	9
<http://www.wikidata.org/entity/Q7170825>	"P571"	1771-01-01T00:00:00Z	9
<http://www.wikidata.org/entity/Q29651058>	"P571"	1739-01-01T00:00:00Z	9
<http://www.wikidata.org/entity/Q117481505>	"P571"	1874-01-01T00:00:00Z	9
<http://www.wikidata.org/entity/Q113651470>	"P571"	1874-01-01T00:00:00Z	9
<http://www.wikidata.org/entity/Q114739105>	"P571"	1874-01-01T00:00:00Z	9
<http://www.wikidata.org/entity/Q117311447>	"P571"	1874-01-01T00:00:00Z	9
<http://www.wikidata.org/entity/Q107467326>	"P571"	1874-01-01T00:00:00Z	9
<http://www.wikidata.org/entity/Q118236654>	"P571"	1874-01-01T00:00:00Z	9
<http://www.wikidata.org/entity/Q13101808>	"P571"	1874-01-01T00:00:00Z	9
<http://www.wikidata.org/entity/Q114155547>	"P571"	1874-01-01T00:00:00Z	9
<http://www.wikidata.org/entity/Q24295131>	"P571"	1874-01-01T00:00:00Z	9
<http://www.wikidata.org/entity/Q1671274>	"P571"	1874-01-01T00:00:00Z	9
<http://www.wikidata.org/entity/Q26271145>	"P571"	1874-01-01T00:00:00Z	9
<http://www.wikidata.org/entity/Q13529390>	"P571"	1874-01-01T00:00:00Z	9
<http://www.wikidata.org/entity/Q45186471>	"P571"	1874-01-01T00:00:00Z	9
<http://www.wikidata.org/entity/Q14538007>	"P571"	1874-01-01T00:00:00Z	9
<http://www.wikidata.org/entity/Q3396483>	"P571"	1874-01-01T00:00:00Z	9
<http://www.wikidata.org/entity/Q1552146>	"P571"	1874-01-01T00:00:00Z	9
<http://www.wikidata.org/entity/Q56618513>	"P571"	1874-01-01T00:00:00Z	9
<http://www.wikidata.org/entity/Q96586052>	"P571"	1874-01-01T00:00:00Z	9
<http://www.wikidata.org/entity/Q7981168>	"P571"	1874-01-01T00:00:00Z	9
<http://www.wikidata.org/entity/Q13359359>	"P571"	1882-01-01T00:00:00Z	9
<http://www.wikidata.org/entity/Q130983746>	"P571"	1882-01-01T00:00:00Z	9
<http://www.wikidata.org/entity/Q116758620>	"P571"	1882-01-01T00:00:00Z	9
<http://www.wikidata.org/entity/Q116732465>	"P571"	1882-01-01T00:00:00Z	9
<http://www.wikidata.org/entity/Q108044786>	"P571"	1882-01-01T00:00:00Z	9
<http://www.wikidata.org/entity/Q115860678>	"P571"	1882-01-01T00:00:00Z	9
<http://www.wikidata.org/entity/Q121273910>	"P571"	1882-01-01T00:00:00Z	9
<http://www.wikidata.org/entity/Q3368303>	"P571"	1882-01-01T00:00:00Z	9
<http://www.wikidata.org/entity/Q22810200>	"P571"	1882-01-01T00:00:00Z	9
<http://www.wikidata.org/entity/Q359162>	"P571"	1882-01-01T00:00:00Z	9
<http://www.wikidata.org/entity/Q22951316>	"P571"	1882-01-01T00:00:00Z	9
<http://www.wikidata.org/entity/Q16510380>	"P571"	1882-01-01T00:00:00Z	9
<http://www.wikidata.org/entity/Q23798751>	"P571"	1882-01-01T00:00:00Z	9
<http://www.wikidata.org/entity/Q2451777>	"P571"	1882-01-01T00:00:00Z	9
<http://www.wikidata.org/entity/Q26668371>	"P571"	1882-01-01T00:00:00Z	9
<http://www.wikidata.org/entity/Q21037249>	"P571"	1882-01-01T00:00:00Z	9
<http://www.wikidata.org/entity/Q21037248>	"P571"	1882-01-01T00:00:00Z	9
<http://www.wikidata.org/entity/Q134992589>	"P571"	1882-01-01T00:00:00Z	9
<http://www.wikidata.org/entity/Q38151119>	"P571"	1882-01-01T00:00:00Z	9
<http://www.wikidata.org/entity/Q7597362>	"P571"	1882-01-01T00:00:00Z	9
<http://www.wikidata.org/entity/Q85182340>	"P571"	1882-01-01T00:00:00Z	9
<http://www.wikidata.org/entity/Q96586036>	"P571"	1882-01-01T00:00:00Z	9
<http://www.wikidata.org/entity/Q558920>	"P571"	1882-01-01T00:00:00Z	9
<http://www.wikidata.org/entity/Q1311510>	"P571"	1904-01-01T00:00:00Z	9
<http://www.wikidata.org/entity/Q100716513>	"P571"	1904-01-01T00:00:00Z	9
<http://www.wikidata.org/entity/Q114077713>	"P571"	1904-01-01T00:00:00Z	9
<http://www.wikidata.org/entity/Q100783929>	"P571"	1904-01-01T00:00:00Z	9
<http://www.wikidata.org/entity/Q109655037>	"P571"	1904-01-01T00:00:00Z	9
<http://www.wikidata.org/entity/Q124220009>	"P571"	1904-01-01T00:00:00Z	9
<http://www.wikidata.org/entity/Q116186279>	"P571"	1904-01-01T00:00:00Z	9
<http://www.wikidata.org/entity/Q113055562>	"P571"	1904-01-01T00:00:00Z	9
<http://www.wikidata.org/entity/Q133955701>	"P571"	1904-01-01T00:00:00Z	9
<http://www.wikidata.org/entity/Q113569491>	"P571"	1904-01-01T00:00:00Z	9
<http://www.wikidata.org/entity/Q11942335>	"P571"	1904-01-01T00:00:00Z	9
<http://www.wikidata.org/entity/Q113724987>	"P571"	1904-01-01T00:00:00Z	9
<http://www.wikidata.org/entity/Q137272329>	"P571"	1904-01-01T00:00:00Z	9
<http://www.wikidata.org/entity/Q17835969>	"P571"	1904-01-01T00:00:00Z	9
<http://www.wikidata.org/entity/Q17848390>	"P571"	1904-01-01T00:00:00Z	9
<http://www.wikidata.org/entity/Q17835405>	"P571"	1904-01-01T00:00:00Z	9
<http://www.wikidata.org/entity/Q2271703>	"P571"	1904-01-01T00:00:00Z	9
<http://www.wikidata.org/entity/Q19730385>	"P571"	1904-01-01T00:00:00Z	9
<http://www.wikidata.org/entity/Q3397231>	"P571"	1904-01-01T00:00:00Z	9
<http://www.wikidata.org/entity/Q37903215>	"P571"	1904-01-01T00:00:00Z	9
<http://www.wikidata.org/entity/Q36698469>	"P571"	1904-01-01T00:00:00Z	9
<http://www.wikidata.org/entity/Q3556714>	"P571"	1904-01-01T00:00:00Z	9
<http://www.wikidata.org/entity/Q140264338>	"P571"	1904-01-01T00:00:00Z	9
<http://www.wikidata.org/entity/Q3556620>	"P571"	1904-01-01T00:00:00Z	9
<http://www.wikidata.org/entity/Q3556605>	"P571"	1904-01-01T00:00:00Z	9
<http://www.wikidata.org/entity/Q347997>	"P571"	1904-01-01T00:00:00Z	9
<http://www.wikidata.org/entity/Q1410082>	"P571"	1904-01-01T00:00:00Z	9
<http://www.wikidata.org/entity/Q24276426>	"P571"	1904-01-01T00:00:00Z	9
<http://www.wikidata.org/entity/Q328874>	"P571"	1904-01-01T00:00:00Z	9
<http://www.wikidata.org/entity/Q32660512>	"P571"	1904-01-01T00:00:00Z	9
<http://www.wikidata.org/entity/Q31889493>	"P571"	1904-01-01T00:00:00Z	9
<http://www.wikidata.org/entity/Q15124931>	"P571"	1904-01-01T00:00:00Z	9
<http://www.wikidata.org/entity/Q29994288>	"P571"	1904-01-01T00:00:00Z	9
<http://www.wikidata.org/entity/Q16248618>	"P571"	1904-01-01T00:00:00Z	9
<http://www.wikidata.org/entity/Q1721832>	"P571"	1904-01-01T00:00:00Z	9
<http://www.wikidata.org/entity/Q17310982>	"P571"	1904-01-01T00:00:00Z	9
<http://www.wikidata.org/entity/Q24947828>	"P571"	1904-01-01T00:00:00Z	9
<http://www.wikidata.org/entity/Q96592299>	"P571"	1904-01-01T00:00:00Z	9
<http://www.wikidata.org/entity/Q55503211>	"P571"	1904-01-01T00:00:00Z	9
<http://www.wikidata.org/entity/Q56606225>	"P571"	1904-01-01T00:00:00Z	9
<http://www.wikidata.org/entity/Q811616>	"P571"	1904-01-01T00:00:00Z	9
<http://www.wikidata.org/entity/Q7542677>	"P571"	1904-01-01T00:00:00Z	9
<http://www.wikidata.org/entity/Q96279114>	"P571"	1904-01-01T00:00:00Z	9
<http://www.wikidata.org/entity/Q836823>	"P571"	1904-01-01T00:00:00Z	9
<http://www.wikidata.org/entity/Q530858>	"P571"	1904-01-01T00:00:00Z	9
<http://www.wikidata.org/entity/Q93353790>	"P571"	1904-01-01T00:00:00Z	9
<http://www.wikidata.org/entity/Q69901884>	"P571"	1904-01-01T00:00:00Z	9
<http://www.wikidata.org/entity/Q96107767>	"P571"	1904-01-01T00:00:00Z	9
<http://www.wikidata.org/entity/Q17680244>	"P571"	1857-01-01T00:00:00Z	9
<http://www.wikidata.org/entity/Q49584446>	"P571"	1700-01-01T00:00:00Z	9
<http://www.wikidata.org/entity/Q49442373>	"P571"	1700-01-01T00:00:00Z	9
<http://www.wikidata.org/entity/Q49407607>	"P571"	1700-01-01T00:00:00Z	9
<http://www.wikidata.org/entity/Q49416712>	"P571"	1823-01-01T00:00:00Z	9
<http://www.wikidata.org/entity/Q141077817>	"P571"	1843-11-14T00:00:00Z	11
<http://www.wikidata.org/entity/Q49443885>	"P571"	1798-01-01T00:00:00Z	9
<http://www.wikidata.org/entity/Q49278205>	"P571"	1793-01-01T00:00:00Z	9
<http://www.wikidata.org/entity/Q49515147>	"P571"	1793-01-01T00:00:00Z	9
<http://www.wikidata.org/entity/Q26271588>	"P571"	1872-01-01T00:00:00Z	8
<http://www.wikidata.org/entity/Q26527577>	"P571"	1840-01-01T00:00:00Z	8
<http://www.wikidata.org/entity/Q17571374>	"P571"	1765-01-01T00:00:00Z	9
<http://www.wikidata.org/entity/Q117866876>	"P571"	1849-01-01T00:00:00Z	9
<http://www.wikidata.org/entity/Q124751268>	"P571"	1849-01-01T00:00:00Z	9
<http://www.wikidata.org/entity/Q113938141>	"P571"	1849-01-01T00:00:00Z	9
<http://www.wikidata.org/entity/Q116789984>	"P571"	1849-01-01T00:00:00Z	9
<http://www.wikidata.org/entity/Q115538863>	"P571"	1849-01-01T00:00:00Z	9
<http://www.wikidata.org/entity/Q14687640>	"P571"	1849-01-01T00:00:00Z	9
<http://www.wikidata.org/entity/Q23305617>	"P571"	1849-01-01T00:00:00Z	9
<http://www.wikidata.org/entity/Q26423549>	"P571"	1849-01-01T00:00:00Z	9
<http://www.wikidata.org/entity/Q26448355>	"P571"	1849-01-01T00:00:00Z	9
<http://www.wikidata.org/entity/Q26448845>	"P571"	1849-01-01T00:00:00Z	9
<http://www.wikidata.org/entity/Q41289383>	"P571"	1849-01-01T00:00:00Z	9
<http://www.wikidata.org/entity/Q26457926>	"P571"	1849-01-01T00:00:00Z	9
<http://www.wikidata.org/entity/Q17591356>	"P571"	1849-01-01T00:00:00Z	9
<http://www.wikidata.org/entity/Q26591155>	"P571"	1849-01-01T00:00:00Z	9
<http://www.wikidata.org/entity/Q26591200>	"P571"	1849-01-01T00:00:00Z	9
<http://www.wikidata.org/entity/Q22953324>	"P571"	1849-01-01T00:00:00Z	9
<http://www.wikidata.org/entity/Q26562693>	"P571"	1849-01-01T00:00:00Z	9
<http://www.wikidata.org/entity/Q2530125>	"P571"	1849-01-01T00:00:00Z	9
<http://www.wikidata.org/entity/Q61782594>	"P571"	1849-01-01T00:00:00Z	9
<http://www.wikidata.org/entity/Q77776981>	"P571"	1849-01-01T00:00:00Z	9
<http://www.wikidata.org/entity/Q59908943>	"P571"	1849-01-01T00:00:00Z	9
<http://www.wikidata.org/entity/Q8024685>	"P571"	1849-01-01T00:00:00Z	9
<http://www.wikidata.org/entity/Q98503714>	"P571"	1611-01-01T00:00:00Z	9
<http://www.wikidata.org/entity/Q136431917>	"P571"	1850-01-01T00:00:00Z	8
<http://www.wikidata.org/entity/Q30242175>	"P571"	1850-01-01T00:00:00Z	8
<http://www.wikidata.org/entity/Q99872426>	"P571"	1850-01-01T00:00:00Z	8
<http://www.wikidata.org/entity/Q17568204>	"P571"	1779-01-01T00:00:00Z	9
<http://www.wikidata.org/entity/Q99200>	"P571"	1779-01-01T00:00:00Z	9
<http://www.wikidata.org/entity/Q96586043>	"P571"	1779-01-01T00:00:00Z	9
<http://www.wikidata.org/entity/Q896279>	"P571"	1851-07-15T00:00:00Z	11
<http://www.wikidata.org/entity/Q707706>	"P571"	1851-07-15T00:00:00Z	11
<http://www.wikidata.org/entity/Q49429783>	"P571"	1805-01-01T00:00:00Z	9
<http://www.wikidata.org/entity/Q17791504>	"P571"	1831-03-01T00:00:00Z	10
<http://www.wikidata.org/entity/Q110630884>	"P571"	1891-08-01T00:00:00Z	10
<http://www.wikidata.org/entity/Q1623442>	"P571"	1709-01-01T00:00:00Z	9
<http://www.wikidata.org/entity/Q13433815>	"P571"	1860-01-01T00:00:00Z	8
<http://www.wikidata.org/entity/Q140264435>	"P571"	1860-01-01T00:00:00Z	8
<http://www.wikidata.org/entity/Q49452267>	"P571"	1860-01-01T00:00:00Z	8
<http://www.wikidata.org/entity/Q126701312>	"P571"	1719-01-01T00:00:00Z	7
<http://www.wikidata.org/entity/Q126700537>	"P571"	1719-01-01T00:00:00Z	7
<http://www.wikidata.org/entity/Q126704023>	"P571"	1719-01-01T00:00:00Z	7
<http://www.wikidata.org/entity/Q126698243>	"P571"	1719-01-01T00:00:00Z	7
<http://www.wikidata.org/entity/Q126713581>	"P571"	1719-01-01T00:00:00Z	7
<http://www.wikidata.org/entity/Q126705276>	"P571"	1719-01-01T00:00:00Z	7
<http://www.wikidata.org/entity/Q126700860>	"P571"	1719-01-01T00:00:00Z	7
<http://www.wikidata.org/entity/Q17780460>	"P571"	1719-01-01T00:00:00Z	7
<http://www.wikidata.org/entity/Q17860447>	"P571"	1719-01-01T00:00:00Z	7
<http://www.wikidata.org/entity/Q646333>	"P571"	1907-02-01T00:00:00Z	10
<http://www.wikidata.org/entity/Q114345582>	"P571"	1766-01-01T00:00:00Z	9
<http://www.wikidata.org/entity/Q120496447>	"P571"	1766-01-01T00:00:00Z	9
<http://www.wikidata.org/entity/Q115257723>	"P571"	1766-01-01T00:00:00Z	9
<http://www.wikidata.org/entity/Q37270465>	"P571"	1766-01-01T00:00:00Z	9
<http://www.wikidata.org/entity/Q26602018>	"P571"	1766-01-01T00:00:00Z	9
<http://www.wikidata.org/entity/Q24514224>	"P571"	1766-01-01T00:00:00Z	9
<http://www.wikidata.org/entity/Q17791492>	"P571"	1766-01-01T00:00:00Z	9
<http://www.wikidata.org/entity/Q29581966>	"P571"	1766-01-01T00:00:00Z	9
<http://www.wikidata.org/entity/Q49615947>	"P571"	1852-01-01T00:00:00Z	9
<http://www.wikidata.org/entity/Q49559958>	"P571"	1852-01-01T00:00:00Z	9
<http://www.wikidata.org/entity/Q1568911>	"P571"	1806-01-01T00:00:00Z	9
<http://www.wikidata.org/entity/Q1550899>	"P571"	1877-10-31T00:00:00Z	11
<http://www.wikidata.org/entity/Q4738822>	"P571"	1662-01-01T00:00:00Z	9
<http://www.wikidata.org/entity/Q66778016>	"P571"	1662-01-01T00:00:00Z	9
<http://www.wikidata.org/entity/Q26488516>	"P571"	1746-01-01T00:00:00Z	9
<http://www.wikidata.org/entity/Q18620739>	"P571"	1855-12-04T00:00:00Z	11
<http://www.wikidata.org/entity/Q126710882>	"P571"	1779-01-01T00:00:00Z	7
<http://www.wikidata.org/entity/Q126701646>	"P571"	1779-01-01T00:00:00Z	7
<http://www.wikidata.org/entity/Q126700859>	"P571"	1779-01-01T00:00:00Z	7
<http://www.wikidata.org/entity/Q126700538>	"P571"	1779-01-01T00:00:00Z	7
<http://www.wikidata.org/entity/Q126707019>	"P571"	1779-01-01T00:00:00Z	7
<http://www.wikidata.org/entity/Q126706983>	"P571"	1779-01-01T00:00:00Z	7
<http://www.wikidata.org/entity/Q126707020>	"P571"	1779-01-01T00:00:00Z	7
<http://www.wikidata.org/entity/Q126700367>	"P571"	1779-01-01T00:00:00Z	7
<http://www.wikidata.org/entity/Q126711177>	"P571"	1779-01-01T00:00:00Z	7
<http://www.wikidata.org/entity/Q126705183>	"P571"	1779-01-01T00:00:00Z	7
<http://www.wikidata.org/entity/Q17861822>	"P571"	1779-01-01T00:00:00Z	7
<http://www.wikidata.org/entity/Q17860398>	"P571"	1779-01-01T00:00:00Z	7
<http://www.wikidata.org/entity/Q120729436>	"P571"	1890-01-01T00:00:00Z	8
<http://www.wikidata.org/entity/Q106921084>	"P571"	1890-01-01T00:00:00Z	8
<http://www.wikidata.org/entity/Q1225147>	"P571"	1839-07-11T00:00:00Z	11
<http://www.wikidata.org/entity/Q113495809>	"P571"	1901-01-01T00:00:00Z	7
<http://www.wikidata.org/entity/Q113495808>	"P571"	1901-01-01T00:00:00Z	7
<http://www.wikidata.org/entity/Q113495986>	"P571"	1901-01-01T00:00:00Z	7
<http://www.wikidata.org/entity/Q113495945>	"P571"	1901-01-01T00:00:00Z	7
<http://www.wikidata.org/entity/Q113495665>	"P571"	1901-01-01T00:00:00Z	7
<http://www.wikidata.org/entity/Q113495811>	"P571"	1901-01-01T00:00:00Z	7
<http://www.wikidata.org/entity/Q110641819>	"P571"	1901-01-01T00:00:00Z	7
<http://www.wikidata.org/entity/Q110641838>	"P571"	1901-01-01T00:00:00Z	7
<http://www.wikidata.org/entity/Q113495642>	"P571"	1901-01-01T00:00:00Z	7
<http://www.wikidata.org/entity/Q113495652>	"P571"	1901-01-01T00:00:00Z	7
<http://www.wikidata.org/entity/Q113495641>	"P571"	1901-01-01T00:00:00Z	7
<http://www.wikidata.org/entity/Q113495974>	"P571"	1901-01-01T00:00:00Z	7
<http://www.wikidata.org/entity/Q113495947>	"P571"	1901-01-01T00:00:00Z	7
<http://www.wikidata.org/entity/Q113495666>	"P571"	1901-01-01T00:00:00Z	7
<http://www.wikidata.org/entity/Q110641832>	"P571"	1901-01-01T00:00:00Z	7
<http://www.wikidata.org/entity/Q113495803>	"P571"	1901-01-01T00:00:00Z	7
<http://www.wikidata.org/entity/Q110641833>	"P571"	1901-01-01T00:00:00Z	7
<http://www.wikidata.org/entity/Q110641843>	"P571"	1901-01-01T00:00:00Z	7
<http://www.wikidata.org/entity/Q113495647>	"P571"	1901-01-01T00:00:00Z	7
<http://www.wikidata.org/entity/Q113495675>	"P571"	1901-01-01T00:00:00Z	7
<http://www.wikidata.org/entity/Q113495657>	"P571"	1901-01-01T00:00:00Z	7
<http://www.wikidata.org/entity/Q113495656>	"P571"	1901-01-01T00:00:00Z	7
<http://www.wikidata.org/entity/Q113495802>	"P571"	1901-01-01T00:00:00Z	7
<http://www.wikidata.org/entity/Q113495833>	"P571"	1901-01-01T00:00:00Z	7
<http://www.wikidata.org/entity/Q110641543>	"P571"	1901-01-01T00:00:00Z	7
<http://www.wikidata.org/entity/Q113495898>	"P571"	1901-01-01T00:00:00Z	7
<http://www.wikidata.org/entity/Q113495980>	"P571"	1901-01-01T00:00:00Z	7
<http://www.wikidata.org/entity/Q110641542>	"P571"	1901-01-01T00:00:00Z	7
<http://www.wikidata.org/entity/Q113495977>	"P571"	1901-01-01T00:00:00Z	7
<http://www.wikidata.org/entity/Q110641540>	"P571"	1901-01-01T00:00:00Z	7
<http://www.wikidata.org/entity/Q113495888>	"P571"	1901-01-01T00:00:00Z	7
<http://www.wikidata.org/entity/Q113495887>	"P571"	1901-01-01T00:00:00Z	7
<http://www.wikidata.org/entity/Q113638889>	"P571"	1901-01-01T00:00:00Z	7
<http://www.wikidata.org/entity/Q113495822>	"P571"	1901-01-01T00:00:00Z	7
<http://www.wikidata.org/entity/Q113495886>	"P571"	1901-01-01T00:00:00Z	7
<http://www.wikidata.org/entity/Q113495834>	"P571"	1901-01-01T00:00:00Z	7
<http://www.wikidata.org/entity/Q113495838>	"P571"	1901-01-01T00:00:00Z	7
<http://www.wikidata.org/entity/Q113638890>	"P571"	1901-01-01T00:00:00Z	7
<http://www.wikidata.org/entity/Q113495842>	"P571"	1901-01-01T00:00:00Z	7
<http://www.wikidata.org/entity/Q113495843>	"P571"	1901-01-01T00:00:00Z	7
<http://www.wikidata.org/entity/Q113495978>	"P571"	1901-01-01T00:00:00Z	7
<http://www.wikidata.org/entity/Q113495864>	"P571"	1901-01-01T00:00:00Z	7
<http://www.wikidata.org/entity/Q113495883>	"P571"	1901-01-01T00:00:00Z	7
<http://www.wikidata.org/entity/Q110641760>	"P571"	1901-01-01T00:00:00Z	7
<http://www.wikidata.org/entity/Q110641818>	"P571"	1901-01-01T00:00:00Z	7
<http://www.wikidata.org/entity/Q113495973>	"P571"	1901-01-01T00:00:00Z	7
<http://www.wikidata.org/entity/Q113495813>	"P571"	1901-01-01T00:00:00Z	7
<http://www.wikidata.org/entity/Q113495814>	"P571"	1901-01-01T00:00:00Z	7
<http://www.wikidata.org/entity/Q113495815>	"P571"	1901-01-01T00:00:00Z	7
<http://www.wikidata.org/entity/Q113495985>	"P571"	1901-01-01T00:00:00Z	7
<http://www.wikidata.org/entity/Q113495816>	"P571"	1901-01-01T00:00:00Z	7
<http://www.wikidata.org/entity/Q113495817>	"P571"	1901-01-01T00:00:00Z	7
<http://www.wikidata.org/entity/Q113495819>	"P571"	1901-01-01T00:00:00Z	7
<http://www.wikidata.org/entity/Q113495812>	"P571"	1901-01-01T00:00:00Z	7
<http://www.wikidata.org/entity/Q110641738>	"P571"	1901-01-01T00:00:00Z	7
<http://www.wikidata.org/entity/Q113495931>	"P571"	1901-01-01T00:00:00Z	7
<http://www.wikidata.org/entity/Q113495984>	"P571"	1901-01-01T00:00:00Z	7
<http://www.wikidata.org/entity/Q113495982>	"P571"	1901-01-01T00:00:00Z	7
<http://www.wikidata.org/entity/Q113495884>	"P571"	1901-01-01T00:00:00Z	7
<http://www.wikidata.org/entity/Q110641732>	"P571"	1901-01-01T00:00:00Z	7
<http://www.wikidata.org/entity/Q110641710>	"P571"	1901-01-01T00:00:00Z	7
<http://www.wikidata.org/entity/Q110641610>	"P571"	1901-01-01T00:00:00Z	7
<http://www.wikidata.org/entity/Q110641608>	"P571"	1901-01-01T00:00:00Z	7
<http://www.wikidata.org/entity/Q113174575>	"P571"	1901-01-01T00:00:00Z	7
<http://www.wikidata.org/entity/Q113495962>	"P571"	1901-01-01T00:00:00Z	7
<http://www.wikidata.org/entity/Q113495957>	"P571"	1901-01-01T00:00:00Z	7
<http://www.wikidata.org/entity/Q113496043>	"P571"	1901-01-01T00:00:00Z	7
<http://www.wikidata.org/entity/Q113495954>	"P571"	1901-01-01T00:00:00Z	7
<http://www.wikidata.org/entity/Q113131478>	"P571"	1901-01-01T00:00:00Z	7
<http://www.wikidata.org/entity/Q113165593>	"P571"	1901-01-01T00:00:00Z	7
<http://www.wikidata.org/entity/Q113496040>	"P571"	1901-01-01T00:00:00Z	7
<http://www.wikidata.org/entity/Q113174016>	"P571"	1901-01-01T00:00:00Z	7
<http://www.wikidata.org/entity/Q113174235>	"P571"	1901-01-01T00:00:00Z	7
<http://www.wikidata.org/entity/Q113495963>	"P571"	1901-01-01T00:00:00Z	7
<http://www.wikidata.org/entity/Q113495950>	"P571"	1901-01-01T00:00:00Z	7
<http://www.wikidata.org/entity/Q113495252>	"P571"	1901-01-01T00:00:00Z	7
<http://www.wikidata.org/entity/Q113496086>	"P571"	1901-01-01T00:00:00Z	7
<http://www.wikidata.org/entity/Q113495253>	"P571"	1901-01-01T00:00:00Z	7
<http://www.wikidata.org/entity/Q133801251>	"P571"	1901-01-01T00:00:00Z	7
<http://www.wikidata.org/entity/Q113495255>	"P571"	1901-01-01T00:00:00Z	7
<http://www.wikidata.org/entity/Q113495521>	"P571"	1901-01-01T00:00:00Z	7
<http://www.wikidata.org/entity/Q113495522>	"P571"	1901-01-01T00:00:00Z	7
<http://www.wikidata.org/entity/Q113496066>	"P571"	1901-01-01T00:00:00Z	7
<http://www.wikidata.org/entity/Q113495972>	"P571"	1901-01-01T00:00:00Z	7
<http://www.wikidata.org/entity/Q113496078>	"P571"	1901-01-01T00:00:00Z	7
<http://www.wikidata.org/entity/Q113495971>	"P571"	1901-01-01T00:00:00Z	7
<http://www.wikidata.org/entity/Q134498858>	"P571"	1901-01-01T00:00:00Z	7
<http://www.wikidata.org/entity/Q134498331>	"P571"	1901-01-01T00:00:00Z	7
<http://www.wikidata.org/entity/Q113496067>	"P571"	1901-01-01T00:00:00Z	7
<http://www.wikidata.org/entity/Q113495970>	"P571"	1901-01-01T00:00:00Z	7
<http://www.wikidata.org/entity/Q113638908>	"P571"	1901-01-01T00:00:00Z	7
<http://www.wikidata.org/entity/Q113496020>	"P571"	1901-01-01T00:00:00Z	7
<http://www.wikidata.org/entity/Q113496065>	"P571"	1901-01-01T00:00:00Z	7
<http://www.wikidata.org/entity/Q113496081>	"P571"	1901-01-01T00:00:00Z	7
<http://www.wikidata.org/entity/Q113496063>	"P571"	1901-01-01T00:00:00Z	7
<http://www.wikidata.org/entity/Q113496058>	"P571"	1901-01-01T00:00:00Z	7
<http://www.wikidata.org/entity/Q113006362>	"P571"	1901-01-01T00:00:00Z	7
<http://www.wikidata.org/entity/Q113495966>	"P571"	1901-01-01T00:00:00Z	7
<http://www.wikidata.org/entity/Q113006397>	"P571"	1901-01-01T00:00:00Z	7
<http://www.wikidata.org/entity/Q113495964>	"P571"	1901-01-01T00:00:00Z	7
<http://www.wikidata.org/entity/Q113495625>	"P571"	1901-01-01T00:00:00Z	7
<http://www.wikidata.org/entity/Q113495538>	"P571"	1901-01-01T00:00:00Z	7
<http://www.wikidata.org/entity/Q113495539>	"P571"	1901-01-01T00:00:00Z	7
<http://www.wikidata.org/entity/Q12038719>	"P571"	1901-01-01T00:00:00Z	7
<http://www.wikidata.org/entity/Q113495540>	"P571"	1901-01-01T00:00:00Z	7
<http://www.wikidata.org/entity/Q110641906>	"P571"	1901-01-01T00:00:00Z	7
<http://www.wikidata.org/entity/Q113495541>	"P571"	1901-01-01T00:00:00Z	7
<http://www.wikidata.org/entity/Q110641855>	"P571"	1901-01-01T00:00:00Z	7
<http://www.wikidata.org/entity/Q113495624>	"P571"	1901-01-01T00:00:00Z	7
<http://www.wikidata.org/entity/Q113495527>	"P571"	1901-01-01T00:00:00Z	7
<http://www.wikidata.org/entity/Q110641852>	"P571"	1901-01-01T00:00:00Z	7
<http://www.wikidata.org/entity/Q110641851>	"P571"	1901-01-01T00:00:00Z	7
<http://www.wikidata.org/entity/Q113495633>	"P571"	1901-01-01T00:00:00Z	7
<http://www.wikidata.org/entity/Q113495635>	"P571"	1901-01-01T00:00:00Z	7
<http://www.wikidata.org/entity/Q113495636>	"P571"	1901-01-01T00:00:00Z	7
<http://www.wikidata.org/entity/Q110641849>	"P571"	1901-01-01T00:00:00Z	7
<http://www.wikidata.org/entity/Q110641848>	"P571"	1901-01-01T00:00:00Z	7
<http://www.wikidata.org/entity/Q113495637>	"P571"	1901-01-01T00:00:00Z	7
<http://www.wikidata.org/entity/Q110642011>	"P571"	1901-01-01T00:00:00Z	7
<http://www.wikidata.org/entity/Q113495530>	"P571"	1901-01-01T00:00:00Z	7
<http://www.wikidata.org/entity/Q113496035>	"P571"	1901-01-01T00:00:00Z	7
<http://www.wikidata.org/entity/Q113496034>	"P571"	1901-01-01T00:00:00Z	7
<http://www.wikidata.org/entity/Q113496032>	"P571"	1901-01-01T00:00:00Z	7
<http://www.wikidata.org/entity/Q110642391>	"P571"	1901-01-01T00:00:00Z	7
<http://www.wikidata.org/entity/Q110642244>	"P571"	1901-01-01T00:00:00Z	7
<http://www.wikidata.org/entity/Q110642242>	"P571"	1901-01-01T00:00:00Z	7
<http://www.wikidata.org/entity/Q110642044>	"P571"	1901-01-01T00:00:00Z	7
<http://www.wikidata.org/entity/Q113495533>	"P571"	1901-01-01T00:00:00Z	7
<http://www.wikidata.org/entity/Q113495534>	"P571"	1901-01-01T00:00:00Z	7
<http://www.wikidata.org/entity/Q113495536>	"P571"	1901-01-01T00:00:00Z	7
<http://www.wikidata.org/entity/Q127510294>	"P571"	1901-01-01T00:00:00Z	7
<http://www.wikidata.org/entity/Q110642012>	"P571"	1901-01-01T00:00:00Z	7
<http://www.wikidata.org/entity/Q113495537>	"P571"	1901-01-01T00:00:00Z	7
<http://www.wikidata.org/entity/Q110641940>	"P571"	1901-01-01T00:00:00Z	7
<http://www.wikidata.org/entity/Q137769072>	"P571"	1901-01-01T00:00:00Z	7
<http://www.wikidata.org/entity/Q137803177>	"P571"	1901-01-01T00:00:00Z	7
<http://www.wikidata.org/entity/Q137805908>	"P571"	1901-01-01T00:00:00Z	7
<http://www.wikidata.org/entity/Q135656340>	"P571"	1901-01-01T00:00:00Z	7
<http://www.wikidata.org/entity/Q137801157>	"P571"	1901-01-01T00:00:00Z	7
<http://www.wikidata.org/entity/Q21077383>	"P571"	1901-01-01T00:00:00Z	7
<http://www.wikidata.org/entity/Q135301423>	"P571"	1901-01-01T00:00:00Z	7
<http://www.wikidata.org/entity/Q135301417>	"P571"	1901-01-01T00:00:00Z	7
<http://www.wikidata.org/entity/Q137754035>	"P571"	1901-01-01T00:00:00Z	7
<http://www.wikidata.org/entity/Q20106307>	"P571"	1901-01-01T00:00:00Z	7
<http://www.wikidata.org/entity/Q139410803>	"P571"	1901-01-01T00:00:00Z	7
<http://www.wikidata.org/entity/Q137769113>	"P571"	1901-01-01T00:00:00Z	7
<http://www.wikidata.org/entity/Q137768370>	"P571"	1901-01-01T00:00:00Z	7
<http://www.wikidata.org/entity/Q21730812>	"P571"	1901-01-01T00:00:00Z	7
<http://www.wikidata.org/entity/Q83496398>	"P571"	1901-01-01T00:00:00Z	7
<http://www.wikidata.org/entity/Q2473739>	"P571"	1878-08-24T00:00:00Z	11
<http://www.wikidata.org/entity/Q49453230>	"P571"	1799-01-01T00:00:00Z	9
<http://www.wikidata.org/entity/Q49588453>	"P571"	1799-01-01T00:00:00Z	9
<http://www.wikidata.org/entity/Q1570586>	"P571"	1859-04-01T00:00:00Z	10
<http://www.wikidata.org/entity/Q17571242>	"P571"	1723-01-01T00:00:00Z	9
<http://www.wikidata.org/entity/Q49447922>	"P571"	1806-01-01T00:00:00Z	9
<http://www.wikidata.org/entity/Q49446030>	"P571"	1806-01-01T00:00:00Z	9
<http://www.wikidata.org/entity/Q113192981>	"P571"	1826-01-01T00:00:00Z	9
<http://www.wikidata.org/entity/Q1193149>	"P571"	1826-01-01T00:00:00Z	9
<http://www.wikidata.org/entity/Q109371133>	"P571"	1826-01-01T00:00:00Z	9
<http://www.wikidata.org/entity/Q107134998>	"P571"	1826-01-01T00:00:00Z	9
<http://www.wikidata.org/entity/Q1193149>	"P571"	1826-01-01T00:00:00Z	9
<http://www.wikidata.org/entity/Q26454924>	"P571"	1826-01-01T00:00:00Z	9
<http://www.wikidata.org/entity/Q17741293>	"P571"	1826-01-01T00:00:00Z	9
<http://www.wikidata.org/entity/Q21309040>	"P571"	1826-01-01T00:00:00Z	9
<http://www.wikidata.org/entity/Q2339845>	"P571"	1826-01-01T00:00:00Z	9
<http://www.wikidata.org/entity/Q2091681>	"P571"	1826-01-01T00:00:00Z	9
<http://www.wikidata.org/entity/Q17574337>	"P571"	1826-01-01T00:00:00Z	9
<http://www.wikidata.org/entity/Q55045640>	"P571"	1826-01-01T00:00:00Z	9
<http://www.wikidata.org/entity/Q5132072>	"P571"	1826-01-01T00:00:00Z	9
<http://www.wikidata.org/entity/Q7116782>	"P571"	1879-01-01T00:00:00Z	9
<http://www.wikidata.org/entity/Q49449318>	"P571"	1744-01-01T00:00:00Z	9
<http://www.wikidata.org/entity/Q122051012>	"P571"	1880-01-01T00:00:00Z	8
<http://www.wikidata.org/entity/Q107191170>	"P571"	1880-01-01T00:00:00Z	8
<http://www.wikidata.org/entity/Q107190992>	"P571"	1880-01-01T00:00:00Z	8
<http://www.wikidata.org/entity/Q122901526>	"P571"	1880-01-01T00:00:00Z	8
<http://www.wikidata.org/entity/Q113624719>	"P571"	1880-01-01T00:00:00Z	8
<http://www.wikidata.org/entity/Q2455726>	"P571"	1880-01-01T00:00:00Z	8
<http://www.wikidata.org/entity/Q86734435>	"P571"	1893-10-13T00:00:00Z	11
<http://www.wikidata.org/entity/Q49377811>	"P571"	1853-01-01T00:00:00Z	9
<http://www.wikidata.org/entity/Q49349050>	"P571"	1853-01-01T00:00:00Z	9
<http://www.wikidata.org/entity/Q137907784>	"P571"	2006-01-01T00:00:00Z	9
<http://www.wikidata.org/entity/Q435413>	"P571"	1549-01-01T00:00:00Z	9
<http://www.wikidata.org/entity/Q5701068>	"P571"	1612-01-01T00:00:00Z	9
<http://www.wikidata.org/entity/Q17848127>	"P571"	1790-01-01T00:00:00Z	9
<http://www.wikidata.org/entity/Q17849356>	"P571"	1790-01-01T00:00:00Z	9
<http://www.wikidata.org/entity/Q17827776>	"P571"	1790-01-01T00:00:00Z	9
<http://www.wikidata.org/entity/Q17774216>	"P571"	1790-01-01T00:00:00Z	9
<http://www.wikidata.org/entity/Q26403022>	"P571"	1790-01-01T00:00:00Z	9
<http://www.wikidata.org/entity/Q26656660>	"P571"	1790-01-01T00:00:00Z	9
<http://www.wikidata.org/entity/Q5001320>	"P571"	1790-01-01T00:00:00Z	9
<http://www.wikidata.org/entity/Q56653751>	"P571"	1790-01-01T00:00:00Z	9
<http://www.wikidata.org/entity/Q7380816>	"P571"	1790-01-01T00:00:00Z	9
<http://www.wikidata.org/entity/Q28062504>	"P571"	1749-01-01T00:00:00Z	9
<http://www.wikidata.org/entity/Q17568547>	"P571"	1749-01-01T00:00:00Z	9
<http://www.wikidata.org/entity/Q2980588>	"P571"	1749-01-01T00:00:00Z	9
<http://www.wikidata.org/entity/Q49368028>	"P571"	1676-01-01T00:00:00Z	9
<http://www.wikidata.org/entity/Q49445690>	"P571"	1676-01-01T00:00:00Z	9
<http://www.wikidata.org/entity/Q49450428>	"P571"	1891-01-01T00:00:00Z	9
<http://www.wikidata.org/entity/Q567518>	"P571"	1891-01-01T00:00:00Z	9
<http://www.wikidata.org/entity/Q49450434>	"P571"	1891-01-01T00:00:00Z	9
<http://www.wikidata.org/entity/Q49450438>	"P571"	1891-01-01T00:00:00Z	9
<http://www.wikidata.org/entity/Q49439657>	"P571"	1891-01-01T00:00:00Z	9
<http://www.wikidata.org/entity/Q1538480>	"P571"	1758-01-01T00:00:00Z	9
<http://www.wikidata.org/entity/Q25391716>	"P571"	1669-01-01T00:00:00Z	9
<http://www.wikidata.org/entity/Q17828139>	"P571"	1700-01-01T00:00:00Z	8
<http://www.wikidata.org/entity/Q17826420>	"P571"	1700-01-01T00:00:00Z	8
<http://www.wikidata.org/entity/Q17569381>	"P571"	1700-01-01T00:00:00Z	8
<http://www.wikidata.org/entity/Q17825213>	"P571"	1700-01-01T00:00:00Z	8
<http://www.wikidata.org/entity/Q17776064>	"P571"	1700-01-01T00:00:00Z	8
<http://www.wikidata.org/entity/Q17771183>	"P571"	1700-01-01T00:00:00Z	8
<http://www.wikidata.org/entity/Q17779899>	"P571"	1700-01-01T00:00:00Z	8
<http://www.wikidata.org/entity/Q17825213>	"P571"	1700-01-01T00:00:00Z	8
<http://www.wikidata.org/entity/Q17830907>	"P571"	1700-01-01T00:00:00Z	8
<http://www.wikidata.org/entity/Q17830556>	"P571"	1700-01-01T00:00:00Z	8
<http://www.wikidata.org/entity/Q55048687>	"P571"	1700-01-01T00:00:00Z	8
<http://www.wikidata.org/entity/Q3396774>	"P571"	1674-01-01T00:00:00Z	9
<http://www.wikidata.org/entity/Q5169781>	"P571"	1674-01-01T00:00:00Z	9
<http://www.wikidata.org/entity/Q114719385>	"P571"	2025-04-01T00:00:00Z	10
<http://www.wikidata.org/entity/Q116313863>	"P571"	1609-01-01T00:00:00Z	9
<http://www.wikidata.org/entity/Q2103630>	"P571"	1609-01-01T00:00:00Z	9
<http://www.wikidata.org/entity/Q56448331>	"P571"	1609-01-01T00:00:00Z	9
<http://www.wikidata.org/entity/Q106736699>	"P571"	1848-08-01T00:00:00Z	10
<http://www.wikidata.org/entity/Q115921681>	"P571"	1827-01-01T00:00:00Z	9
<http://www.wikidata.org/entity/Q115866113>	"P571"	1827-01-01T00:00:00Z	9
<http://www.wikidata.org/entity/Q111903044>	"P571"	1827-01-01T00:00:00Z	9
<http://www.wikidata.org/entity/Q116499553>	"P571"	1827-01-01T00:00:00Z	9
<http://www.wikidata.org/entity/Q37819816>	"P571"	1827-01-01T00:00:00Z	9
<http://www.wikidata.org/entity/Q17571245>	"P571"	1827-01-01T00:00:00Z	9
<http://www.wikidata.org/entity/Q17571092>	"P571"	1827-01-01T00:00:00Z	9
<http://www.wikidata.org/entity/Q1739931>	"P571"	1827-01-01T00:00:00Z	9
<http://www.wikidata.org/entity/Q3397409>	"P571"	1827-01-01T00:00:00Z	9
<http://www.wikidata.org/entity/Q29486914>	"P571"	1827-01-01T00:00:00Z	9
<http://www.wikidata.org/entity/Q5179719>	"P571"	1827-01-01T00:00:00Z	9
<http://www.wikidata.org/entity/Q7496673>	"P571"	1827-01-01T00:00:00Z	9
<http://www.wikidata.org/entity/Q62070888>	"P571"	1827-01-01T00:00:00Z	9
<http://www.wikidata.org/entity/Q4966420>	"P571"	1827-01-01T00:00:00Z	9
<http://www.wikidata.org/entity/Q62070961>	"P571"	1827-01-01T00:00:00Z	9
<http://www.wikidata.org/entity/Q62070993>	"P571"	1827-01-01T00:00:00Z	9
<http://www.wikidata.org/entity/Q62070978>	"P571"	1827-01-01T00:00:00Z	9
<http://www.wikidata.org/entity/Q17742936>	"P571"	1660-01-01T00:00:00Z	9
<http://www.wikidata.org/entity/Q32660512>	"P571"	1983-01-01T00:00:00Z	9
<http://www.wikidata.org/entity/Q32052590>	"P571"	1907-01-01T00:00:00Z	9
<http://www.wikidata.org/entity/Q3397356>	"P571"	1907-01-01T00:00:00Z	9
<http://www.wikidata.org/entity/Q745733>	"P571"	1907-01-01T00:00:00Z	9
<http://www.wikidata.org/entity/Q694708>	"P571"	1907-01-01T00:00:00Z	9
<http://www.wikidata.org/entity/Q49271814>	"P571"	1902-01-01T00:00:00Z	9
<http://www.wikidata.org/entity/Q49455267>	"P571"	1902-01-01T00:00:00Z	9
<http://www.wikidata.org/entity/Q49446692>	"P571"	1902-01-01T00:00:00Z	9
<http://www.wikidata.org/entity/Q49399871>	"P571"	1902-01-01T00:00:00Z	9
<http://www.wikidata.org/entity/Q49458991>	"P571"	1902-01-01T00:00:00Z	9
<http://www.wikidata.org/entity/Q49279126>	"P571"	1902-01-01T00:00:00Z	9
<http://www.wikidata.org/entity/Q49278982>	"P571"	1902-01-01T00:00:00Z	9
<http://www.wikidata.org/entity/Q49278695>	"P571"	1902-01-01T00:00:00Z	9
<http://www.wikidata.org/entity/Q109672002>	"P571"	1795-01-01T00:00:00Z	9
<http://www.wikidata.org/entity/Q117769942>	"P571"	1795-01-01T00:00:00Z	9
<http://www.wikidata.org/entity/Q17568452>	"P571"	1795-01-01T00:00:00Z	9
<http://www.wikidata.org/entity/Q73235994>	"P571"	1795-01-01T00:00:00Z	9
<http://www.wikidata.org/entity/Q55029369>	"P571"	1795-01-01T00:00:00Z	9
<http://www.wikidata.org/entity/Q49449314>	"P571"	1828-01-01T00:00:00Z	9
<http://www.wikidata.org/entity/Q49422374>	"P571"	1828-01-01T00:00:00Z	9
<http://www.wikidata.org/entity/Q49449305>	"P571"	1828-01-01T00:00:00Z	9
<http://www.wikidata.org/entity/Q125775268>	"P571"	1738-01-01T00:00:00Z	9
<http://www.wikidata.org/entity/Q125774932>	"P571"	1738-01-01T00:00:00Z	9
<http://www.wikidata.org/entity/Q29676457>	"P571"	1738-01-01T00:00:00Z	9
<http://www.wikidata.org/entity/Q3562631>	"P571"	1738-01-01T00:00:00Z	9
<http://www.wikidata.org/entity/Q17574649>	"P571"	1796-08-18T00:00:00Z	11
<http://www.wikidata.org/entity/Q49451244>	"P571"	1715-01-01T00:00:00Z	9
<http://www.wikidata.org/entity/Q107379813>	"P571"	1907-01-01T00:00:00Z	9
<http://www.wikidata.org/entity/Q12339376>	"P571"	1907-01-01T00:00:00Z	9
<http://www.wikidata.org/entity/Q115783462>	"P571"	1907-01-01T00:00:00Z	9
<http://www.wikidata.org/entity/Q111755057>	"P571"	1907-01-01T00:00:00Z	9
<http://www.wikidata.org/entity/Q112257155>	"P571"	1907-01-01T00:00:00Z	9
<http://www.wikidata.org/entity/Q112663573>	"P571"	1907-01-01T00:00:00Z	9
<http://www.wikidata.org/entity/Q121267500>	"P571"	1907-01-01T00:00:00Z	9
<http://www.wikidata.org/entity/Q11853512>	"P571"	1907-01-01T00:00:00Z	9
<http://www.wikidata.org/entity/Q117316267>	"P571"	1907-01-01T00:00:00Z	9
<http://www.wikidata.org/entity/Q117316502>	"P571"	1907-01-01T00:00:00Z	9
<http://www.wikidata.org/entity/Q111439078>	"P571"	1907-01-01T00:00:00Z	9
<http://www.wikidata.org/entity/Q108467181>	"P571"	1907-01-01T00:00:00Z	9
<http://www.wikidata.org/entity/Q110386602>	"P571"	1907-01-01T00:00:00Z	9
<http://www.wikidata.org/entity/Q102359073>	"P571"	1907-01-01T00:00:00Z	9
<http://www.wikidata.org/entity/Q102359031>	"P571"	1907-01-01T00:00:00Z	9
<http://www.wikidata.org/entity/Q42951413>	"P571"	1907-01-01T00:00:00Z	9
<http://www.wikidata.org/entity/Q16247878>	"P571"	1907-01-01T00:00:00Z	9
<http://www.wikidata.org/entity/Q37161042>	"P571"	1907-01-01T00:00:00Z	9
<http://www.wikidata.org/entity/Q138757454>	"P571"	1907-01-01T00:00:00Z	9
<http://www.wikidata.org/entity/Q1721549>	"P571"	1907-01-01T00:00:00Z	9
<http://www.wikidata.org/entity/Q2147609>	"P571"	1907-01-01T00:00:00Z	9
<http://www.wikidata.org/entity/Q135070114>	"P571"	1907-01-01T00:00:00Z	9
<http://www.wikidata.org/entity/Q135996166>	"P571"	1907-01-01T00:00:00Z	9
<http://www.wikidata.org/entity/Q18026354>	"P571"	1907-01-01T00:00:00Z	9
<http://www.wikidata.org/entity/Q20083581>	"P571"	1907-01-01T00:00:00Z	9
<http://www.wikidata.org/entity/Q20170816>	"P571"	1907-01-01T00:00:00Z	9
<http://www.wikidata.org/entity/Q1520861>	"P571"	1907-01-01T00:00:00Z	9
<http://www.wikidata.org/entity/Q31140915>	"P571"	1907-01-01T00:00:00Z	9
<http://www.wikidata.org/entity/Q24932231>	"P571"	1907-01-01T00:00:00Z	9
<http://www.wikidata.org/entity/Q77779466>	"P571"	1907-01-01T00:00:00Z	9
<http://www.wikidata.org/entity/Q87837099>	"P571"	1907-01-01T00:00:00Z	9
<http://www.wikidata.org/entity/Q96592332>	"P571"	1907-01-01T00:00:00Z	9
<http://www.wikidata.org/entity/Q61767837>	"P571"	1907-01-01T00:00:00Z	9
<http://www.wikidata.org/entity/Q49407327>	"P571"	1763-01-01T00:00:00Z	9
<http://www.wikidata.org/entity/Q49347628>	"P571"	1868-01-01T00:00:00Z	9
<http://www.wikidata.org/entity/Q49449548>	"P571"	1868-01-01T00:00:00Z	9
<http://www.wikidata.org/entity/Q49365707>	"P571"	1868-01-01T00:00:00Z	9
<http://www.wikidata.org/entity/Q49377796>	"P571"	1868-01-01T00:00:00Z	9
<http://www.wikidata.org/entity/Q117408889>	"P571"	1892-01-01T00:00:00Z	7
<http://www.wikidata.org/entity/Q7334920>	"P571"	1677-01-01T00:00:00Z	9
<http://www.wikidata.org/entity/Q6028979>	"P571"	1677-01-01T00:00:00Z	9
<http://www.wikidata.org/entity/Q124353239>	"P571"	1914-12-01T00:00:00Z	10
<http://www.wikidata.org/entity/Q49433086>	"P571"	1600-01-01T00:00:00Z	9
<http://www.wikidata.org/entity/Q49445317>	"P571"	1600-01-01T00:00:00Z	9
<http://www.wikidata.org/entity/Q49237617>	"P571"	1900-01-01T00:00:00Z	9
<http://www.wikidata.org/entity/Q49424118>	"P571"	1900-01-01T00:00:00Z	9
<http://www.wikidata.org/entity/Q49421701>	"P571"	1900-01-01T00:00:00Z	9
<http://www.wikidata.org/entity/Q49425109>	"P571"	1900-01-01T00:00:00Z	9
<http://www.wikidata.org/entity/Q49425413>	"P571"	1900-01-01T00:00:00Z	9
<http://www.wikidata.org/entity/Q49425482>	"P571"	1900-01-01T00:00:00Z	9
<http://www.wikidata.org/entity/Q49425495>	"P571"	1900-01-01T00:00:00Z	9
<http://www.wikidata.org/entity/Q49425509>	"P571"	1900-01-01T00:00:00Z	9
<http://www.wikidata.org/entity/Q49425521>	"P571"	1900-01-01T00:00:00Z	9
<http://www.wikidata.org/entity/Q49425539>	"P571"	1900-01-01T00:00:00Z	9
<http://www.wikidata.org/entity/Q49425564>	"P571"	1900-01-01T00:00:00Z	9
<http://www.wikidata.org/entity/Q49425606>	"P571"	1900-01-01T00:00:00Z	9
<http://www.wikidata.org/entity/Q49425615>	"P571"	1900-01-01T00:00:00Z	9
<http://www.wikidata.org/entity/Q49425639>	"P571"	1900-01-01T00:00:00Z	9
<http://www.wikidata.org/entity/Q49280267>	"P571"	1900-01-01T00:00:00Z	9
<http://www.wikidata.org/entity/Q49288220>	"P571"	1900-01-01T00:00:00Z	9
<http://www.wikidata.org/entity/Q49410753>	"P571"	1900-01-01T00:00:00Z	9
<http://www.wikidata.org/entity/Q49312310>	"P571"	1900-01-01T00:00:00Z	9
<http://www.wikidata.org/entity/Q49402987>	"P571"	1900-01-01T00:00:00Z	9
<http://www.wikidata.org/entity/Q49320380>	"P571"	1900-01-01T00:00:00Z	9
<http://www.wikidata.org/entity/Q49342701>	"P571"	1900-01-01T00:00:00Z	9
<http://www.wikidata.org/entity/Q49399906>	"P571"	1900-01-01T00:00:00Z	9
<http://www.wikidata.org/entity/Q49343145>	"P571"	1900-01-01T00:00:00Z	9
<http://www.wikidata.org/entity/Q49397121>	"P571"	1900-01-01T00:00:00Z	9
<http://www.wikidata.org/entity/Q49343588>	"P571"	1900-01-01T00:00:00Z	9
<http://www.wikidata.org/entity/Q49271229>	"P571"	1900-01-01T00:00:00Z	9
<http://www.wikidata.org/entity/Q49391049>	"P571"	1900-01-01T00:00:00Z	9
<http://www.wikidata.org/entity/Q49390811>	"P571"	1900-01-01T00:00:00Z	9
<http://www.wikidata.org/entity/Q49348313>	"P571"	1900-01-01T00:00:00Z	9
<http://www.wikidata.org/entity/Q49374688>	"P571"	1900-01-01T00:00:00Z	9
<http://www.wikidata.org/entity/Q49440245>	"P571"	1900-01-01T00:00:00Z	9
<http://www.wikidata.org/entity/Q49457437>	"P571"	1900-01-01T00:00:00Z	9
<http://www.wikidata.org/entity/Q49454358>	"P571"	1900-01-01T00:00:00Z	9
<http://www.wikidata.org/entity/Q49457579>	"P571"	1900-01-01T00:00:00Z	9
<http://www.wikidata.org/entity/Q49450072>	"P571"	1900-01-01T00:00:00Z	9
<http://www.wikidata.org/entity/Q49449540>	"P571"	1900-01-01T00:00:00Z	9
<http://www.wikidata.org/entity/Q49425648>	"P571"	1900-01-01T00:00:00Z	9
<http://www.wikidata.org/entity/Q49448342>	"P571"	1900-01-01T00:00:00Z	9
<http://www.wikidata.org/entity/Q49458085>	"P571"	1900-01-01T00:00:00Z	9
<http://www.wikidata.org/entity/Q49446669>	"P571"	1900-01-01T00:00:00Z	9
<http://www.wikidata.org/entity/Q49446665>	"P571"	1900-01-01T00:00:00Z	9
<http://www.wikidata.org/entity/Q49446100>	"P571"	1900-01-01T00:00:00Z	9
<http://www.wikidata.org/entity/Q49458109>	"P571"	1900-01-01T00:00:00Z	9
<http://www.wikidata.org/entity/Q49440050>	"P571"	1900-01-01T00:00:00Z	9
<http://www.wikidata.org/entity/Q49440046>	"P571"	1900-01-01T00:00:00Z	9
<http://www.wikidata.org/entity/Q49438262>	"P571"	1900-01-01T00:00:00Z	9
<http://www.wikidata.org/entity/Q49425666>	"P571"	1900-01-01T00:00:00Z	9
<http://www.wikidata.org/entity/Q49425708>	"P571"	1900-01-01T00:00:00Z	9
<http://www.wikidata.org/entity/Q49585080>	"P571"	1900-01-01T00:00:00Z	9
<http://www.wikidata.org/entity/Q49431439>	"P571"	1900-01-01T00:00:00Z	9
<http://www.wikidata.org/entity/Q49497546>	"P571"	1900-01-01T00:00:00Z	9
<http://www.wikidata.org/entity/Q49458118>	"P571"	1900-01-01T00:00:00Z	9
<http://www.wikidata.org/entity/Q49439303>	"P571"	1900-01-01T00:00:00Z	9
<http://www.wikidata.org/entity/Q49439316>	"P571"	1900-01-01T00:00:00Z	9
<http://www.wikidata.org/entity/Q49439389>	"P571"	1900-01-01T00:00:00Z	9
<http://www.wikidata.org/entity/Q49439445>	"P571"	1900-01-01T00:00:00Z	9
<http://www.wikidata.org/entity/Q49439456>	"P571"	1900-01-01T00:00:00Z	9
<http://www.wikidata.org/entity/Q49439934>	"P571"	1900-01-01T00:00:00Z	9
<http://www.wikidata.org/entity/Q49438241>	"P571"	1857-01-01T00:00:00Z	9
<http://www.wikidata.org/entity/Q49448768>	"P571"	1857-01-01T00:00:00Z	9
<http://www.wikidata.org/entity/Q49449331>	"P571"	1857-01-01T00:00:00Z	9
<http://www.wikidata.org/entity/Q49443915>	"P571"	1857-01-01T00:00:00Z	9
<http://www.wikidata.org/entity/Q1315365>	"P571"	1872-01-01T00:00:00Z	9
<http://www.wikidata.org/entity/Q15060225>	"P571"	1872-01-01T00:00:00Z	9
<http://www.wikidata.org/entity/Q49346276>	"P571"	1872-01-01T00:00:00Z	9
<http://www.wikidata.org/entity/Q49448505>	"P571"	1872-01-01T00:00:00Z	9
<http://www.wikidata.org/entity/Q49455261>	"P571"	1872-01-01T00:00:00Z	9
<http://www.wikidata.org/entity/Q49428757>	"P571"	1872-01-01T00:00:00Z	9
<http://www.wikidata.org/entity/Q49396704>	"P571"	1825-01-01T00:00:00Z	9
<http://www.wikidata.org/entity/Q49401825>	"P571"	1825-01-01T00:00:00Z	9
<http://www.wikidata.org/entity/Q49432088>	"P571"	1825-01-01T00:00:00Z	9
<http://www.wikidata.org/entity/Q136748214>	"P571"	1846-12-20T00:00:00Z	11
<http://www.wikidata.org/entity/Q11706613>	"P571"	1919-01-01T00:00:00Z	9
<http://www.wikidata.org/entity/Q49355187>	"P571"	1855-01-01T00:00:00Z	9
<http://www.wikidata.org/entity/Q49449553>	"P571"	1855-01-01T00:00:00Z	9
<http://www.wikidata.org/entity/Q49422061>	"P571"	1855-01-01T00:00:00Z	9
<http://www.wikidata.org/entity/Q49459152>	"P571"	1855-01-01T00:00:00Z	9
<http://www.wikidata.org/entity/Q49468241>	"P571"	1855-01-01T00:00:00Z	9
<http://www.wikidata.org/entity/Q49607944>	"P571"	1855-01-01T00:00:00Z	9
<http://www.wikidata.org/entity/Q49607996>	"P571"	1855-01-01T00:00:00Z	9
<http://www.wikidata.org/entity/Q49611913>	"P571"	1855-01-01T00:00:00Z	9
<http://www.wikidata.org/entity/Q49630164>	"P571"	1855-01-01T00:00:00Z	9
<http://www.wikidata.org/entity/Q112096844>	"P571"	1821-01-01T00:00:00Z	9
<http://www.wikidata.org/entity/Q18695745>	"P571"	1821-01-01T00:00:00Z	9
<http://www.wikidata.org/entity/Q108507900>	"P571"	1893-01-01T00:00:00Z	11
<http://www.wikidata.org/entity/Q131859983>	"P571"	1796-01-01T00:00:00Z	9
<http://www.wikidata.org/entity/Q17575177>	"P571"	1796-01-01T00:00:00Z	9
<http://www.wikidata.org/entity/Q28770198>	"P571"	1796-01-01T00:00:00Z	9
<http://www.wikidata.org/entity/Q99546386>	"P571"	1796-01-01T00:00:00Z	9
<http://www.wikidata.org/entity/Q108368000>	"P571"	1614-01-01T00:00:00Z	9
<http://www.wikidata.org/entity/Q130246619>	"P571"	1614-01-01T00:00:00Z	9
<http://www.wikidata.org/entity/Q52517>	"P571"	1614-01-01T00:00:00Z	9
