?i	?coord	?label	?inception	?firstMention	?dissolved	?when	?start	?end	?orders	?diocese	?partOf	?sitelinks	?types
<http://www.wikidata.org/entity/Q1017911>	POINT(20.020534 39.746067)	"Buthrotum titular see"@en	1933-01-01T00:00:00Z									5	"http://www.wikidata.org/entity/Q15217609"
<http://www.wikidata.org/entity/Q1026279>	POINT(14.388150 41.051025)	"Calatia"@en	1970-01-01T00:00:00Z									5	"http://www.wikidata.org/entity/Q15217609"
<http://www.wikidata.org/entity/Q1026935>	POINT(13.558350 45.316400)	"Aemona titular see"@en	1969-01-01T00:00:00Z									8	"http://www.wikidata.org/entity/Q15217609"
<http://www.wikidata.org/entity/Q1027394>	POINT(28.187778 38.245000)	"Caloe"@en										6	"http://www.wikidata.org/entity/Q15217609"
<http://www.wikidata.org/entity/Q1027944>	POINT(39.035556 39.602778)	"Camachus"@en										6	"http://www.wikidata.org/entity/Q15217609"
<http://www.wikidata.org/entity/Q1033677>	POINT(23.740683 35.326943)	"Cantanus"@en	1933-01-01T00:00:00Z									4	"http://www.wikidata.org/entity/Q15217609"
<http://www.wikidata.org/entity/Q1045755>	POINT(10.323400 36.853800)	"Carthage"@en	0050-01-01T00:00:00Z								"http://www.wikidata.org/entity/Q1274109"	15	"http://www.wikidata.org/entity/Q15217609"
<http://www.wikidata.org/entity/Q1049925>	POINT(9.002975 40.585500)	"Castro di Sardegna titular see"@en	1968-01-01T00:00:00Z									5	"http://www.wikidata.org/entity/Q15217609"
<http://www.wikidata.org/entity/Q1051464>	POINT(14.550000 41.033333)	"Caudium"@en	1970-01-01T00:00:00Z									7	"http://www.wikidata.org/entity/Q15217609"
<http://www.wikidata.org/entity/Q105835635>	POINT(9.363796 42.451784)	"Diocese of Accia"@en	0824-01-01T00:00:00Z		1563-02-09T00:00:00Z							0	"http://www.wikidata.org/entity/Q27780831"
<http://www.wikidata.org/entity/Q105836271>	POINT(11.043611 44.678056)	"Territorial Abbey of Nonantola"@en	0752-01-01T00:00:00Z		1820-12-15T00:00:00Z							2	"http://www.wikidata.org/entity/Q135639685"
<http://www.wikidata.org/entity/Q106539328>	POINT(11.060120 50.301050)											0	"http://www.wikidata.org/entity/Q17305527"
<http://www.wikidata.org/entity/Q1076861>	POINT(21.250000 48.716667)	"Eparchy of Košice"@en	1997-02-21T00:00:00Z								"http://www.wikidata.org/entity/Q911398"	13	"http://www.wikidata.org/entity/Q105389481"
<http://www.wikidata.org/entity/Q1077138>	POINT(51.416700 35.700000)	"Chaldean Catholic Metropolitan Archdiocese of Tehran"@en	1853-01-01T00:00:00Z								"http://www.wikidata.org/entity/Q64371954"	11	"http://www.wikidata.org/entity/Q108822885"
<http://www.wikidata.org/entity/Q1077523>	POINT(31.216700 30.016700)	"Coptic Catholic Eparchy of Giza"@en									"http://www.wikidata.org/entity/Q97260008"	10	"http://www.wikidata.org/entity/Q20725872"
<http://www.wikidata.org/entity/Q1079630>	POINT(35.633333 33.966667)	"Maronite Catholic Eparchy of Joubbé, Sarba and Jounieh"@en									"http://www.wikidata.org/entity/Q97253270"	14	"http://www.wikidata.org/entity/Q20725872"
<http://www.wikidata.org/entity/Q1079669>	POINT(31.246200 30.085000)	"Melkite Patriarchal Dependent Territory of Egypt, Sudan, and South Sudan"@en									"http://www.wikidata.org/entity/Q15977486"	10	"http://www.wikidata.org/entity/Q25345671|http://www.wikidata.org/entity/Q3732793"
<http://www.wikidata.org/entity/Q1079708>	POINT(32.266700 30.583300)	"Coptic Catholic Eparchy of Ismailia"@en									"http://www.wikidata.org/entity/Q97260008"	10	"http://www.wikidata.org/entity/Q20725872"
<http://www.wikidata.org/entity/Q108805119>	POINT(36.533333 35.683333)	"Albara"@en										1	"http://www.wikidata.org/entity/Q27780831"
<http://www.wikidata.org/entity/Q1091751>	POINT(30.300000 38.761111)	"Cidyessus"@en										6	"http://www.wikidata.org/entity/Q15217609"
<http://www.wikidata.org/entity/Q1091973>	POINT(8.797222 35.166667)	"Cillium"@en										3	"http://www.wikidata.org/entity/Q15217609"
<http://www.wikidata.org/entity/Q1092524>	POINT(33.033014 39.226876)	"Cinna"@en										6	"http://www.wikidata.org/entity/Q15217609"
<http://www.wikidata.org/entity/Q1093177>	POINT(23.660727 35.495307)	"Cisamus"@en										2	"http://www.wikidata.org/entity/Q15217609"
<http://www.wikidata.org/entity/Q1093331>	POINT(40.642000 38.874000)	"Citharizum"@en										9	"http://www.wikidata.org/entity/Q15217609|http://www.wikidata.org/entity/Q15661340"
<http://www.wikidata.org/entity/Q1098211>	POINT(31.611561 40.739479)	"Claudiopolis in Honoriade titular see"@en										5	"http://www.wikidata.org/entity/Q15217609"
<http://www.wikidata.org/entity/Q1102007>	POINT(16.116700 39.750000)	"Eparchy of Lungro"@en	1919-02-13T00:00:00Z								"http://www.wikidata.org/entity/Q749857|http://www.wikidata.org/entity/Q846093"	18	"http://www.wikidata.org/entity/Q105389481|http://www.wikidata.org/entity/Q2665272"
<http://www.wikidata.org/entity/Q1110758>	POINT(32.650000 25.683300)	"Coptic Catholic Eparchy of Luxor"@en									"http://www.wikidata.org/entity/Q97260008"	10	"http://www.wikidata.org/entity/Q20725872"
<http://www.wikidata.org/entity/Q1113482>	POINT(-1.898700 52.485600)	"Roman Catholic Archdiocese of Birmingham"@en	1688-01-01T00:00:00Z								"http://www.wikidata.org/entity/Q11777907"	13	"http://www.wikidata.org/entity/Q105390172"
<http://www.wikidata.org/entity/Q1114652>	POINT(-3.987000 50.591000)	"Roman Catholic Diocese of Plymouth"@en	1850-01-01T00:00:00Z									12	"http://www.wikidata.org/entity/Q3146899"
<http://www.wikidata.org/entity/Q111658830>	POINT(12.366389 45.432778)	"Roman Catholic Diocese of Castello"@en	1091-01-01T00:00:00Z		1451-10-17T00:00:00Z							4	"http://www.wikidata.org/entity/Q27780831"
<http://www.wikidata.org/entity/Q1118653>	POINT(18.483300 40.150000)	"Roman Catholic Archdiocese of Otranto"@en	0700-01-01T00:00:00Z								"http://www.wikidata.org/entity/Q105547515"	12	"http://www.wikidata.org/entity/Q105419665|http://www.wikidata.org/entity/Q373074"
<http://www.wikidata.org/entity/Q111903984>	POINT(3.883468 43.512464)	"Roman Catholic Diocese of Maguelonne"@en	0200-01-01T00:00:00Z		1536-01-01T00:00:00Z						"http://www.wikidata.org/entity/Q1365121"	1	"http://www.wikidata.org/entity/Q27780831|http://www.wikidata.org/entity/Q373074"
<http://www.wikidata.org/entity/Q1123285>	POINT(32.753914 36.750884)	"Domitiopolis"@en										2	"http://www.wikidata.org/entity/Q15217609"
<http://www.wikidata.org/entity/Q1129550>	POINT(14.500000 40.750000)	"Territorial Prelature of Pompei o Beatissima Vergine Maria del Santissimo Rosario"@en	1926-03-20T00:00:00Z								"http://www.wikidata.org/entity/Q64427772"	15	"http://www.wikidata.org/entity/Q2633744"
<http://www.wikidata.org/entity/Q1133181>	POINT(28.977610 39.092739)	"Synaus"@en										4	"http://www.wikidata.org/entity/Q15217609"
<http://www.wikidata.org/entity/Q1134003>	POINT(30.750000 38.866667)	"Docimium"@en										4	"http://www.wikidata.org/entity/Q15217609"
<http://www.wikidata.org/entity/Q11343218>	POINT(16.604947 49.197281)	"Brněnská diecéze Církve československé husitské"@en										1	"http://www.wikidata.org/entity/Q665487"
<http://www.wikidata.org/entity/Q1135157>	POINT(22.307439 43.218000)	"Remesiana"@en										8	"http://www.wikidata.org/entity/Q15217609"
<http://www.wikidata.org/entity/Q1135812>	POINT(30.273300 36.376700)	"Corydala"@en										2	"http://www.wikidata.org/entity/Q15217609"
<http://www.wikidata.org/entity/Q1136617>	POINT(31.633300 37.033300)	"Cotenna"@en										2	"http://www.wikidata.org/entity/Q15217609"
<http://www.wikidata.org/entity/Q1137939>	POINT(29.547020 38.685987)	"Traianopolis"@en										3	"http://www.wikidata.org/entity/Q15217609"
<http://www.wikidata.org/entity/Q1137988>	POINT(36.519600 34.557810)	"Laodicea ad Libanum"@en	1933-01-01T00:00:00Z									6	"http://www.wikidata.org/entity/Q15217609"
<http://www.wikidata.org/entity/Q1140659>	POINT(19.792500 41.510800)	"Diocese of Croae"@en	1300-01-01T00:00:00Z									6	"http://www.wikidata.org/entity/Q15217609"
<http://www.wikidata.org/entity/Q1142688>	POINT(2.322580 48.851900)	"Eastern Ordinariate of France"@en	1954-01-01T00:00:00Z								"http://www.wikidata.org/entity/Q159583|http://www.wikidata.org/entity/Q795240"	12	"http://www.wikidata.org/entity/Q7100806"
<http://www.wikidata.org/entity/Q1143224>	POINT(21.733333 38.250000)	"Latin Archdiocese of Old Patras"@en										9	"http://www.wikidata.org/entity/Q15217609"
<http://www.wikidata.org/entity/Q114517636>	POINT(14.613614 53.844658)	"Diocese of Wollin"@en	1140-10-21T00:00:00Z		1188-03-03T00:00:00Z							2	"http://www.wikidata.org/entity/Q27780831"
<http://www.wikidata.org/entity/Q1147950>	POINT(36.959167 36.744167)	"Cyrrhus titular see"@en										3	"http://www.wikidata.org/entity/Q15217609"
<http://www.wikidata.org/entity/Q1150766>	POINT(10.017310 44.064303)	"Diocesi di Luni"@en										6	"http://www.wikidata.org/entity/Q15217609|http://www.wikidata.org/entity/Q3146899"
<http://www.wikidata.org/entity/Q1165665>	POINT(30.500000 50.450000)	"Ukrainian Catholic Archeparchy of Kyiv"@en	1596-01-01T00:00:00Z								"http://www.wikidata.org/entity/Q1147978"	14	"http://www.wikidata.org/entity/Q105389481|http://www.wikidata.org/entity/Q108822885"
<http://www.wikidata.org/entity/Q1165764>	POINT(26.368333 40.085000)	"Dardanus titular see"@en										3	"http://www.wikidata.org/entity/Q15217609"
<http://www.wikidata.org/entity/Q11751408>	POINT(20.969500 52.284167)											1	"http://www.wikidata.org/entity/Q665487"
<http://www.wikidata.org/entity/Q11778054>	POINT(8.422000 45.330222)	"Vercelli"@en										1	"http://www.wikidata.org/entity/Q427961"
<http://www.wikidata.org/entity/Q11909431>	POINT(3.120556 42.134722)	"Empúries"@en										5	"http://www.wikidata.org/entity/Q27780831"
<http://www.wikidata.org/entity/Q11909436>	POINT(2.697778 42.199167)	"Roman Catholic Diocese of Besalú"@en	1017-01-01T00:00:00Z									0	"http://www.wikidata.org/entity/Q665487"
<http://www.wikidata.org/entity/Q12031757>	POINT(15.822778 50.209167)	"Hradec Králové Diocese"@en									"http://www.wikidata.org/entity/Q2060869"	1	"http://www.wikidata.org/entity/Q665487"
<http://www.wikidata.org/entity/Q1209045>	POINT(0.108611 38.840278)	"Diano"@en	1969-01-01T00:00:00Z									5	"http://www.wikidata.org/entity/Q15217609"
<http://www.wikidata.org/entity/Q122397967>	POINT(16.748600 41.040900)	"Bitettum titular see"@en	1968-01-01T00:00:00Z									5	"http://www.wikidata.org/entity/Q15217609"
<http://www.wikidata.org/entity/Q1226761>	POINT(33.925266 36.581229)	"Diocaesarea in Isauria"@en										4	"http://www.wikidata.org/entity/Q15217609"
<http://www.wikidata.org/entity/Q1226975>	POINT(29.411864 38.233858)	"Dionysiopolis"@en										5	"http://www.wikidata.org/entity/Q15217609"
<http://www.wikidata.org/entity/Q1230651>	POINT(-3.218060 51.495800)	"Diocese of Llandaff"@en										11	"http://www.wikidata.org/entity/Q18917976"
<http://www.wikidata.org/entity/Q1230886>	POINT(10.766667 34.733333)	"Vicus Turris"@en	1933-01-01T00:00:00Z									4	"http://www.wikidata.org/entity/Q15217609"
<http://www.wikidata.org/entity/Q1231350>	POINT(25.163500 37.575600)	"Roman Catholic Archdiocese of Naxos, Andros, Tinos and Mykonos"@en									"http://www.wikidata.org/entity/Q11777982"	12	"http://www.wikidata.org/entity/Q105390172"
<http://www.wikidata.org/entity/Q1231817>	POINT(5.567500 36.190000)	"Partenia"@en	1933-01-01T00:00:00Z									9	"http://www.wikidata.org/entity/Q15217609"
<http://www.wikidata.org/entity/Q1231910>	POINT(16.983211 51.127878)	"Lutheran Diocese of Wrocław"@en	1947-01-01T00:00:00Z								"http://www.wikidata.org/entity/Q1379796"	5	"http://www.wikidata.org/entity/Q66818387"
<http://www.wikidata.org/entity/Q1231916>	POINT(19.027639 50.259028)	"Lutheran Diocese of Katowice"@en									"http://www.wikidata.org/entity/Q1379796"	5	"http://www.wikidata.org/entity/Q66818387"
<http://www.wikidata.org/entity/Q1231931>	POINT(16.242500 47.815000)	"Roman Catholic Diocese of Wiener Neustadt"@en	1469-01-27T00:00:00Z		1785-01-28T00:00:00Z							4	"http://www.wikidata.org/entity/Q27780831|http://www.wikidata.org/entity/Q373074"
<http://www.wikidata.org/entity/Q1233755>	POINT(23.734700 37.979100)	"Roman Catholic Archdiocese of Athens"@en	1875-07-23T00:00:00Z									21	"http://www.wikidata.org/entity/Q105390172|http://www.wikidata.org/entity/Q105419665|http://www.wikidata.org/entity/Q2665272"
<http://www.wikidata.org/entity/Q123670066>	POINT(37.512602 36.082366)	"Gabbula"@en										2	"http://www.wikidata.org/entity/Q665487"
<http://www.wikidata.org/entity/Q123670069>	POINT(36.688907 36.386159)	"Gindarus"@en										1	"http://www.wikidata.org/entity/Q665487"
<http://www.wikidata.org/entity/Q1237939>	POINT(30.750000 28.083300)	"Coptic Catholic Eparchy of Minya"@en									"http://www.wikidata.org/entity/Q97260008"	11	"http://www.wikidata.org/entity/Q20725872"
<http://www.wikidata.org/entity/Q1242250>	POINT(2.350206 48.853395)	"Roman Catholic Archdiocese of Paris"@en	1622-10-20T00:00:00Z								"http://www.wikidata.org/entity/Q3408460"	28	"http://www.wikidata.org/entity/Q105390172"
<http://www.wikidata.org/entity/Q1247143>	POINT(11.544167 43.175278)	"Territorial Abbey of Monte Oliveto Maggiore"@en	1301-01-01T00:00:00Z						"http://www.wikidata.org/entity/Q572102"		"http://www.wikidata.org/entity/Q536831"	21	"http://www.wikidata.org/entity/Q1778235|http://www.wikidata.org/entity/Q2665272"
<http://www.wikidata.org/entity/Q1250006>	POINT(48.683300 31.316700)	"Chaldean Catholic Archeparchy of Ahwaz"@en	1966-01-01T00:00:00Z								"http://www.wikidata.org/entity/Q22936331"	11	"http://www.wikidata.org/entity/Q108822950|http://www.wikidata.org/entity/Q3146899"
<http://www.wikidata.org/entity/Q125168754>	POINT(11.490769 45.096339)	"Former Abbacy nullius of Santa Maria di Vangadizza"@en	1000-01-01T00:00:00Z		1792-09-07T00:00:00Z							3	"http://www.wikidata.org/entity/Q135639685"
<http://www.wikidata.org/entity/Q125566065>	POINT(15.960700 38.164500)	"Territorial Abbey of Santa Maria di Polsi"@en										0	"http://www.wikidata.org/entity/Q135639685"
<http://www.wikidata.org/entity/Q125566075>	POINT(12.977327 42.287048)	"abbazia imperiale di San Salvatore Maggiore"@en										0	"http://www.wikidata.org/entity/Q135639685|http://www.wikidata.org/entity/Q708751"
<http://www.wikidata.org/entity/Q1257579>	POINT(26.566667 41.066667)	"Garella"@en	1929-01-01T00:00:00Z									3	"http://www.wikidata.org/entity/Q15217609"
<http://www.wikidata.org/entity/Q1263544>	POINT(22.768055 49.781111)	"Roman Catholic Archdiocese of Przemyśl"@en	1992-03-25T00:00:00Z								"http://www.wikidata.org/entity/Q3498473"	17	"http://www.wikidata.org/entity/Q105390172"
<http://www.wikidata.org/entity/Q1274109>	POINT(10.178889 36.800278)	"Roman Catholic Archdiocese of Tunis"@en	2010-05-22T00:00:00Z									18	"http://www.wikidata.org/entity/Q105419665|http://www.wikidata.org/entity/Q2665272"
<http://www.wikidata.org/entity/Q128377>	POINT(14.690833 40.682222)	"Territorial Abbey of La Trinità della Cava"@en	1394-01-01T00:00:00Z						"http://www.wikidata.org/entity/Q131132"		"http://www.wikidata.org/entity/Q64428144"	20	"http://www.wikidata.org/entity/Q1778235"
<http://www.wikidata.org/entity/Q1284129>	POINT(43.116700 36.333300)	"Chaldean Catholic Archeparchy of Mosul"@en	1967-01-01T00:00:00Z								"http://www.wikidata.org/entity/Q64868"	13	"http://www.wikidata.org/entity/Q108822950"
<http://www.wikidata.org/entity/Q1288252>	POINT(-2.714444 51.145556)	"Glastonbury"@en	1969-01-01T00:00:00Z									6	"http://www.wikidata.org/entity/Q15217609"
<http://www.wikidata.org/entity/Q1302343>	POINT(28.932258 37.855906)	"Trapezopolis"@en										3	"http://www.wikidata.org/entity/Q15217609|http://www.wikidata.org/entity/Q15661340|http://www.wikidata.org/entity/Q839954"
<http://www.wikidata.org/entity/Q1304294>	POINT(31.414722 41.284722)	"Heraclea Pontica"@en	1933-01-01T00:00:00Z									2	"http://www.wikidata.org/entity/Q15217609"
<http://www.wikidata.org/entity/Q1306284>	POINT(-0.238889 52.572500)	"Diocese of Peterborough"@en	1541-01-01T00:00:00Z								"http://www.wikidata.org/entity/Q2113985"	9	"http://www.wikidata.org/entity/Q18917976"
<http://www.wikidata.org/entity/Q1306292>	POINT(-1.611110 54.970000)	"Diocese of Newcastle"@en	1882-05-23T00:00:00Z								"http://www.wikidata.org/entity/Q1278084"	10	"http://www.wikidata.org/entity/Q18917976"
<http://www.wikidata.org/entity/Q1307019>	POINT(13.285300 37.996200)	"Eparchy of Piana degli Albanesi"@en	1937-10-26T00:00:00Z								"http://www.wikidata.org/entity/Q846093"	18	"http://www.wikidata.org/entity/Q105389481|http://www.wikidata.org/entity/Q2665272"
<http://www.wikidata.org/entity/Q13100131>	POINT(18.425424 43.859411)	"Roman Catholic Diocese of Bosnia"@en	1100-01-01T00:00:00Z		1773-07-09T00:00:00Z							3	"http://www.wikidata.org/entity/Q27780831"
<http://www.wikidata.org/entity/Q131055814>	POINT(9.042245 40.233438)	"Ottana"@en										1	"http://www.wikidata.org/entity/Q665487"
<http://www.wikidata.org/entity/Q1311586>	POINT(37.155650 36.207075)	"Maronite Catholic Archeparchy of Aleppo"@en									"http://www.wikidata.org/entity/Q64900"	10	"http://www.wikidata.org/entity/Q108822950"
<http://www.wikidata.org/entity/Q1315710>	POINT(-3.631000 56.189000)	"Roman Catholic Archdiocese of St Andrews and Edinburgh"@en	1878-03-04T00:00:00Z								"http://www.wikidata.org/entity/Q11778012"	16	"http://www.wikidata.org/entity/Q105390172|http://www.wikidata.org/entity/Q163740"
<http://www.wikidata.org/entity/Q1317148>	POINT(25.316700 50.750000)	"Ukrainian Catholic Archiepiscopal Exarchate of Lutsk"@en									"http://www.wikidata.org/entity/Q1147978"	12	"http://www.wikidata.org/entity/Q3732792"
<http://www.wikidata.org/entity/Q132046>	POINT(-0.433878 43.333136)	"Roman Catholic Diocese of Lescar"@en			1801-11-29T00:00:00Z							9	"http://www.wikidata.org/entity/Q27780831"
<http://www.wikidata.org/entity/Q1324393>	POINT(5.350000 35.349999)	"Tubunae in Mauretania"@en										10	"http://www.wikidata.org/entity/Q15217609"
<http://www.wikidata.org/entity/Q1328271>	POINT(2.449440 36.591900)	"Tipasa in Mauretania"@en										5	"http://www.wikidata.org/entity/Q15217609"
<http://www.wikidata.org/entity/Q1331720>	POINT(0.101945 43.862222)	"Ancient Diocese of Éauze"@en			0879-01-01T00:00:00Z							8	"http://www.wikidata.org/entity/Q27780831"
<http://www.wikidata.org/entity/Q1332233>	POINT(2.590000 49.210000)	"Roman Catholic Diocese of Senlis"@en			1801-11-29T00:00:00Z							6	"http://www.wikidata.org/entity/Q27780831"
<http://www.wikidata.org/entity/Q1332597>	POINT(0.226718 49.146492)	"Roman Catholic Diocese of Lisieux"@en	0538-01-01T00:00:00Z		1801-11-29T00:00:00Z							8	"http://www.wikidata.org/entity/Q27780831"
<http://www.wikidata.org/entity/Q1333136>	POINT(-2.669419 40.431758)	"Elo"@en	1968-01-01T00:00:00Z									4	"http://www.wikidata.org/entity/Q15217609"
<http://www.wikidata.org/entity/Q1346424>	POINT(37.150000 36.183300)	"Chaldean Catholic Eparchy of Aleppo"@en	1957-07-03T00:00:00Z								"http://www.wikidata.org/entity/Q22936331"	11	"http://www.wikidata.org/entity/Q20725872"
<http://www.wikidata.org/entity/Q1346445>	POINT(31.340400 30.063700)	"Coptic Catholic Eparchy of Alexandria"@en									"http://www.wikidata.org/entity/Q97260008"	11	"http://www.wikidata.org/entity/Q20725872"
<http://www.wikidata.org/entity/Q1346451>	POINT(36.133475 34.125975)	"Maronite Catholic Eparchy of Baalbek-Deir El-Ahmar"@en									"http://www.wikidata.org/entity/Q64900"	11	"http://www.wikidata.org/entity/Q20725872"
<http://www.wikidata.org/entity/Q1346466>	POINT(35.500000 33.883300)	"Chaldean Catholic Eparchy of Beirut"@en									"http://www.wikidata.org/entity/Q64868"	10	"http://www.wikidata.org/entity/Q20725872"
<http://www.wikidata.org/entity/Q1346492>	POINT(25.400000 49.050000)	"Eparchy of Buchach (Ukrainian Greek Catholic Church)"@en	2000-01-01T00:00:00Z								"http://www.wikidata.org/entity/Q11778092"	12	"http://www.wikidata.org/entity/Q105389481"
<http://www.wikidata.org/entity/Q1346500>	POINT(17.038361 51.112694)	"Ukrainian Catholic Eparchy of Wrocław-Koszalin"@en	1996-01-01T00:00:00Z								"http://www.wikidata.org/entity/Q11041194"	15	"http://www.wikidata.org/entity/Q105389481"
<http://www.wikidata.org/entity/Q1346510>	POINT(51.666700 32.650000)	"Armenian Catholic Eparchy of Ispahan"@en	1850-01-01T00:00:00Z								"http://www.wikidata.org/entity/Q10882902"	11	"http://www.wikidata.org/entity/Q141603674|http://www.wikidata.org/entity/Q20725872"
<http://www.wikidata.org/entity/Q1346523>	POINT(41.216700 37.050000)	"Armenian Catholic Eparchy of Qamishli"@en	1938-01-01T00:00:00Z								"http://www.wikidata.org/entity/Q10882902"	10	"http://www.wikidata.org/entity/Q141603674|http://www.wikidata.org/entity/Q20725872"
<http://www.wikidata.org/entity/Q1346529>	POINT(35.776500 35.515500)	"Maronite Catholic Eparchy of Laodicea"@en									"http://www.wikidata.org/entity/Q64900"	10	"http://www.wikidata.org/entity/Q20725872"
<http://www.wikidata.org/entity/Q1346531>	POINT(31.233300 30.050000)	"Chaldean Catholic Eparchy of Cairo"@en	1980-01-01T00:00:00Z								"http://www.wikidata.org/entity/Q64868"	13	"http://www.wikidata.org/entity/Q20725872"
<http://www.wikidata.org/entity/Q1346565>	POINT(22.302150 48.623195)	"Byzantine Catholic Eparchy of Mukacheve"@en	1771-09-19T00:00:00Z								"http://www.wikidata.org/entity/Q657390"	19	"http://www.wikidata.org/entity/Q105389481|http://www.wikidata.org/entity/Q2665272"
<http://www.wikidata.org/entity/Q1346628>	POINT(2.349040 48.678400)	"Armenian Catholic Eparchy of the Holy Cross in Paris"@en	1960-01-01T00:00:00Z								"http://www.wikidata.org/entity/Q64842"	12	"http://www.wikidata.org/entity/Q141603674|http://www.wikidata.org/entity/Q20725872|http://www.wikidata.org/entity/Q2665272"
<http://www.wikidata.org/entity/Q1346631>	POINT(45.066700 37.533300)	"Chaldean Catholic Archdiocese of Salmas"@en									"http://www.wikidata.org/entity/Q64371345"	10	"http://www.wikidata.org/entity/Q20725872|http://www.wikidata.org/entity/Q3146899"
<http://www.wikidata.org/entity/Q1346642>	POINT(22.950000 49.450000)	"Ukrainian Catholic Eparchy of Sambir – Drohobych"@en	1993-01-01T00:00:00Z								"http://www.wikidata.org/entity/Q2748748"	12	"http://www.wikidata.org/entity/Q105389481"
<http://www.wikidata.org/entity/Q1346676>	POINT(23.850000 49.250000)	"Ukrainian Catholic Eparchy of Stryi"@en	2000-01-01T00:00:00Z								"http://www.wikidata.org/entity/Q2748748"	12	"http://www.wikidata.org/entity/Q105389481"
<http://www.wikidata.org/entity/Q1346680>	POINT(24.466700 50.800000)	"Ukrainian Catholic Eparchy of Sokal – Zhovkva"@en									"http://www.wikidata.org/entity/Q2748748"	12	"http://www.wikidata.org/entity/Q105389481"
<http://www.wikidata.org/entity/Q135212502>	POINT(35.369700 33.562692)											1	"http://www.wikidata.org/entity/Q665487"
<http://www.wikidata.org/entity/Q135220011>	POINT(35.110703 31.524777)	"Hebron"@en										6	"http://www.wikidata.org/entity/Q665487"
<http://www.wikidata.org/entity/Q135222567>	POINT(34.547528 31.663486)											3	"http://www.wikidata.org/entity/Q665487"
<http://www.wikidata.org/entity/Q135290>	POINT(12.908500 43.338600)	"Roman Catholic Diocese of Fabriano"@en	1728-11-15T00:00:00Z								"http://www.wikidata.org/entity/Q64427089"	14	"http://www.wikidata.org/entity/Q3146899|http://www.wikidata.org/entity/Q373074"
<http://www.wikidata.org/entity/Q1363804>	POINT(22.266667 32.866667)	"Erythrum"@en	1933-01-01T00:00:00Z									4	"http://www.wikidata.org/entity/Q15217609"
<http://www.wikidata.org/entity/Q1363892>	POINT(30.733300 46.466700)	"Ukrainian Catholic Archiepiscopal Exarchate of Odesa"@en									"http://www.wikidata.org/entity/Q1147978"	12	"http://www.wikidata.org/entity/Q3732792"
<http://www.wikidata.org/entity/Q1363893>	POINT(37.800000 48.000000)	"Ukrainian Catholic Archiepiscopal Exarchate of Donetsk"@en									"http://www.wikidata.org/entity/Q1147978"	12	"http://www.wikidata.org/entity/Q3732792"
<http://www.wikidata.org/entity/Q1364038>	POINT(44.396600 33.338900)	"Roman Catholic Archdiocese of Baghdad"@en	1848-08-19T00:00:00Z								"http://www.wikidata.org/entity/Q1547406"	16	"http://www.wikidata.org/entity/Q105419665|http://www.wikidata.org/entity/Q2665272"
<http://www.wikidata.org/entity/Q1364061>	POINT(44.383300 33.333300)	"Chaldean Catholic Archeparchy of Bagdad"@en	1553-04-30T00:00:00Z								"http://www.wikidata.org/entity/Q22936331"	13	"http://www.wikidata.org/entity/Q108822885"
<http://www.wikidata.org/entity/Q1364161>	POINT(23.164189 53.133119)	"Roman Catholic Archdiocese of Białystok"@en	1991-06-05T00:00:00Z								"http://www.wikidata.org/entity/Q3504705"	20	"http://www.wikidata.org/entity/Q105390172"
<http://www.wikidata.org/entity/Q1364218>	POINT(17.022200 51.110000)	"Roman Catholic Archdiocese of Wrocław"@en	1930-08-13T00:00:00Z								"http://www.wikidata.org/entity/Q3497775"	21	"http://www.wikidata.org/entity/Q105390172"
<http://www.wikidata.org/entity/Q1364307>	POINT(-2.946000 51.600000)	"Roman Catholic Archdiocese of Cardiff"@en	1916-02-07T00:00:00Z		2024-09-12T00:00:00Z						"http://www.wikidata.org/entity/Q11777916"	6	"http://www.wikidata.org/entity/Q27780831"
<http://www.wikidata.org/entity/Q1364453>	POINT(6.495000 44.562222)	"Archdiocese of Embrun"@en	0400-01-01T00:00:00Z		1801-11-29T00:00:00Z							7	"http://www.wikidata.org/entity/Q27780831"
<http://www.wikidata.org/entity/Q1364688>	POINT(19.018889 50.250556)	"Roman Catholic Archdiocese of Katowice"@en	1925-01-01T00:00:00Z								"http://www.wikidata.org/entity/Q3504281"	20	"http://www.wikidata.org/entity/Q105390172|http://www.wikidata.org/entity/Q2072238"
<http://www.wikidata.org/entity/Q1364732>	POINT(19.921900 39.623600)	"Roman Catholic Archdiocese of Corfu, Zakynthos and Cephalonia"@en	1919-06-03T00:00:00Z									16	"http://www.wikidata.org/entity/Q105390172"
<http://www.wikidata.org/entity/Q1364786>	POINT(19.934722 50.059722)	"Roman Catholic Archdiocese of Kraków"@en	1925-10-28T00:00:00Z								"http://www.wikidata.org/entity/Q3504750"	23	"http://www.wikidata.org/entity/Q105390172"
<http://www.wikidata.org/entity/Q1364829>	POINT(24.030555 49.840833)	"Roman Catholic Archdiocese of Lviv"@en	1412-09-06T00:00:00Z								"http://www.wikidata.org/entity/Q11778073"	19	"http://www.wikidata.org/entity/Q105390172"
<http://www.wikidata.org/entity/Q1364855>	POINT(-2.968610 53.404700)	"Roman Catholic Archdiocese of Liverpool"@en	1911-10-28T00:00:00Z								"http://www.wikidata.org/entity/Q11777962"	16	"http://www.wikidata.org/entity/Q105390172"
<http://www.wikidata.org/entity/Q1364888>	POINT(22.566667 51.233333)	"Roman Catholic Archdiocese of Lublin"@en	1375-01-01T00:00:00Z								"http://www.wikidata.org/entity/Q1973461"	20	"http://www.wikidata.org/entity/Q105390172"
<http://www.wikidata.org/entity/Q1365079>	POINT(7.424167 43.730833)	"Roman Catholic Archdiocese of Monaco"@en	1981-07-30T00:00:00Z									15	"http://www.wikidata.org/entity/Q105419665"
<http://www.wikidata.org/entity/Q1365121>	POINT(3.003889 43.183889)	"Archdiocese of Narbonne"@en	0445-01-01T00:00:00Z		1801-11-29T00:00:00Z							9	"http://www.wikidata.org/entity/Q2072238|http://www.wikidata.org/entity/Q27780831"
<http://www.wikidata.org/entity/Q1365187>	POINT(17.261121 49.595877)	"Roman Catholic Archdiocese of Olomouc"@en	1777-12-05T00:00:00Z								"http://www.wikidata.org/entity/Q12038652"	20	"http://www.wikidata.org/entity/Q105390172"
<http://www.wikidata.org/entity/Q1365617>	POINT(-0.108000 51.497900)	"Roman Catholic Archdiocese of Southwark"@en	1850-01-01T00:00:00Z									14	"http://www.wikidata.org/entity/Q105390172"
<http://www.wikidata.org/entity/Q1365624>	POINT(16.440194 43.508132)	"Roman Catholic Archdiocese of Split-Makarska"@en	1969-07-27T00:00:00Z								"http://www.wikidata.org/entity/Q64433124"	20	"http://www.wikidata.org/entity/Q105390172"
<http://www.wikidata.org/entity/Q1365626>	POINT(14.555000 53.425000)	"Roman Catholic Archdiocese of Szczecin-Kamień"@en	1972-06-28T00:00:00Z								"http://www.wikidata.org/entity/Q3498442"	20	"http://www.wikidata.org/entity/Q105390172"
<http://www.wikidata.org/entity/Q1365792>	POINT(5.116670 52.088900)	"Old Catholic Archdiocese of Utrecht"@en										9	"http://www.wikidata.org/entity/Q2072238|http://www.wikidata.org/entity/Q67206109"
<http://www.wikidata.org/entity/Q1365826>	POINT(9.523194 47.144806)	"Roman Catholic Archdiocese of Vaduz"@en	1997-12-02T00:00:00Z									21	"http://www.wikidata.org/entity/Q105419665|http://www.wikidata.org/entity/Q2665272"
<http://www.wikidata.org/entity/Q1365860>	POINT(-4.420000 36.720000)	"Roman Catholic Diocese of Málaga"@en									"http://www.wikidata.org/entity/Q11778063"	15	"http://www.wikidata.org/entity/Q3146899|http://www.wikidata.org/entity/Q373074"
<http://www.wikidata.org/entity/Q1365873>	POINT(25.287700 54.685800)	"Roman Catholic Archdiocese of Vilnius"@en	1925-10-28T00:00:00Z								"http://www.wikidata.org/entity/Q60854774"	21	"http://www.wikidata.org/entity/Q105390172"
<http://www.wikidata.org/entity/Q1365926>	POINT(19.459600 51.748800)	"Roman Catholic Archdiocese of Łódź"@en	1992-03-25T00:00:00Z								"http://www.wikidata.org/entity/Q3497725"	20	"http://www.wikidata.org/entity/Q105390172"
<http://www.wikidata.org/entity/Q1365950>	POINT(37.155000 36.207500)	"Armenian Catholic Archeparchy of Aleppo"@en	1710-01-01T00:00:00Z								"http://www.wikidata.org/entity/Q64842"	14	"http://www.wikidata.org/entity/Q108822950"
<http://www.wikidata.org/entity/Q1365956>	POINT(36.203900 34.006900)	"Melchite Catholic Eparchy of Baalbek"@en	1701-01-01T00:00:00Z								"http://www.wikidata.org/entity/Q64885"	12	"http://www.wikidata.org/entity/Q108822950"
<http://www.wikidata.org/entity/Q1365957>	POINT(37.155972 36.211000)	"Syriac Catholic Archeparchy of Aleppo"@en	1659-01-28T00:00:00Z								"http://www.wikidata.org/entity/Q755970"	11	"http://www.wikidata.org/entity/Q108822950"
<http://www.wikidata.org/entity/Q1365968>	POINT(35.588950 33.915300)	"Maronite Catholic Archeparchy of Antelias"@en									"http://www.wikidata.org/entity/Q64900"	13	"http://www.wikidata.org/entity/Q108822950"
<http://www.wikidata.org/entity/Q1365969>	POINT(44.428600 33.304400)	"Armenian Catholic Archeparchy of Bagdad"@en	1954-01-01T00:00:00Z								"http://www.wikidata.org/entity/Q64842"	11	"http://www.wikidata.org/entity/Q20725872"
<http://www.wikidata.org/entity/Q1365979>	POINT(36.274700 33.010800)	"Melkite Catholic Archeparchy of Bosra and Hauran"@en										9	"http://www.wikidata.org/entity/Q108822885"
<http://www.wikidata.org/entity/Q1365982>	POINT(35.500000 33.883300)	"Melkite Greek Catholic Archeparchy of Beirut and Byblos"@en									"http://www.wikidata.org/entity/Q64885"	13	"http://www.wikidata.org/entity/Q108822885"
<http://www.wikidata.org/entity/Q1365983>	POINT(36.315250 33.512125)	"Maronite Catholic Archeparchy of Damascus"@en									"http://www.wikidata.org/entity/Q64900"	12	"http://www.wikidata.org/entity/Q108822950"
<http://www.wikidata.org/entity/Q1365991>	POINT(36.316625 33.509400)	"Syrian Catholic Archeparchy of Damascus"@en									"http://www.wikidata.org/entity/Q64370995"	10	"http://www.wikidata.org/entity/Q108822885"
<http://www.wikidata.org/entity/Q1365997>	POINT(36.283300 33.500000)	"Melkite Catholic Archeparchy of Damascus"@en									"http://www.wikidata.org/entity/Q64524670"	13	"http://www.wikidata.org/entity/Q108822885"
<http://www.wikidata.org/entity/Q1366006>	POINT(34.999595 32.817236)	"Archeparchy of Haifa and the Holy Land"@en	1996-06-08T00:00:00Z								"http://www.wikidata.org/entity/Q64900"	12	"http://www.wikidata.org/entity/Q108822950"
<http://www.wikidata.org/entity/Q1366007>	POINT(40.748475 36.483000)	"Syriac Catholic Archeparchy of Hasakah-Nisibis"@en	1932-01-01T00:00:00Z								"http://www.wikidata.org/entity/Q755970"	9	"http://www.wikidata.org/entity/Q108822950"
<http://www.wikidata.org/entity/Q1366011>	POINT(28.966667 41.016667)	"Chaldean Catholic Archeparchy of Diyarbakir"@en									"http://www.wikidata.org/entity/Q64868"	11	"http://www.wikidata.org/entity/Q108822950"
<http://www.wikidata.org/entity/Q1366013>	POINT(36.716700 34.733300)	"Melkite Catholic Archeparchy of Homs"@en	1849-01-01T00:00:00Z								"http://www.wikidata.org/entity/Q64370907"	11	"http://www.wikidata.org/entity/Q108822885"
<http://www.wikidata.org/entity/Q1366014>	POINT(36.716700 34.733300)	"Syrian Catholic Archeparchy of Homs"@en									"http://www.wikidata.org/entity/Q64370715"	10	"http://www.wikidata.org/entity/Q108822885"
<http://www.wikidata.org/entity/Q1366016>	POINT(35.783300 35.516700)	"Melkite Catholic Archeparchy of Laodicea"@en	1961-01-01T00:00:00Z								"http://www.wikidata.org/entity/Q64885"	10	"http://www.wikidata.org/entity/Q108822950"
<http://www.wikidata.org/entity/Q1366030>	POINT(35.933300 31.950000)	"Melkite Catholic Archeparchy of Petra and Philadelphia"@en	1932-01-01T00:00:00Z								"http://www.wikidata.org/entity/Q64885"	10	"http://www.wikidata.org/entity/Q108822950"
<http://www.wikidata.org/entity/Q1366040>	POINT(43.137150 36.335450)	"Syrian Catholic Archeparchy of Mossul"@en									"http://www.wikidata.org/entity/Q755970"	12	"http://www.wikidata.org/entity/Q108822950"
<http://www.wikidata.org/entity/Q1366046>	POINT(24.083300 49.866700)	"Ukrainian Catholic Archeparchy of Lviv"@en	1539-01-01T00:00:00Z								"http://www.wikidata.org/entity/Q2748748"	14	"http://www.wikidata.org/entity/Q108822885"
<http://www.wikidata.org/entity/Q1366052>	POINT(35.366700 33.566700)	"Melkite Catholic Archeparchy of Sidon"@en									"http://www.wikidata.org/entity/Q64362932|http://www.wikidata.org/entity/Q64885"	9	"http://www.wikidata.org/entity/Q108822950"
<http://www.wikidata.org/entity/Q1366062>	POINT(22.770300 49.780800)	"Archeparchy of Przemyśl–Warsaw (Ukrainian Greek Catholic  Church)"@en	1996-05-24T00:00:00Z								"http://www.wikidata.org/entity/Q11041194"	15	"http://www.wikidata.org/entity/Q108822885|http://www.wikidata.org/entity/Q2665272"
<http://www.wikidata.org/entity/Q1366069>	POINT(35.850000 34.433300)	"Melkite Catholic Archeparchy of Tripoli"@en									"http://www.wikidata.org/entity/Q64362932"	11	"http://www.wikidata.org/entity/Q108822950"
<http://www.wikidata.org/entity/Q1366078>	POINT(25.600000 49.566700)	"Ternopil-Zboriv Archeparchy of UGCC"@en	1993-01-01T00:00:00Z								"http://www.wikidata.org/entity/Q11778092"	11	"http://www.wikidata.org/entity/Q108822885"
<http://www.wikidata.org/entity/Q1366083>	POINT(35.843050 34.437525)	"Maronite Catholic Archeparchy of Tripoli"@en									"http://www.wikidata.org/entity/Q64900"	11	"http://www.wikidata.org/entity/Q108822950"
<http://www.wikidata.org/entity/Q1366086>	POINT(35.193917 33.273472)	"Melkite Catholic Archeparchy of Tyre"@en									"http://www.wikidata.org/entity/Q64362932"	12	"http://www.wikidata.org/entity/Q108822885"
<http://www.wikidata.org/entity/Q1366090>	POINT(35.216389 33.268889)	"Maronite Catholic Archeparchy of Tyre"@en									"http://www.wikidata.org/entity/Q64900"	13	"http://www.wikidata.org/entity/Q108822950"
<http://www.wikidata.org/entity/Q1366092>	POINT(45.066700 37.533300)	"Chaldean Catholic Archeparchy of Urmia"@en									"http://www.wikidata.org/entity/Q64371345"	10	"http://www.wikidata.org/entity/Q108822885"
<http://www.wikidata.org/entity/Q1366096>	POINT(35.900000 33.833300)	"Melkite Catholic Archeparchy of Zahleh and Furzol"@en									"http://www.wikidata.org/entity/Q64524670"	11	"http://www.wikidata.org/entity/Q108822950"
<http://www.wikidata.org/entity/Q1372277>	POINT(31.746248 39.455074)	"Eudoxias"@en										4	"http://www.wikidata.org/entity/Q15217609|http://www.wikidata.org/entity/Q15661340"
<http://www.wikidata.org/entity/Q1374962>	POINT(20.607289 39.335898)	"Euroea in Epiro"@en										3	"http://www.wikidata.org/entity/Q15217609|http://www.wikidata.org/entity/Q15661340"
<http://www.wikidata.org/entity/Q1393021>	POINT(20.731759 39.019450)	"Titular see of Nicopolis in Epiro"@en										4	"http://www.wikidata.org/entity/Q15217609"
<http://www.wikidata.org/entity/Q1403394>	POINT(-4.127500 53.226700)	"Diocese of Bangor"@en	1558-01-01T00:00:00Z									9	"http://www.wikidata.org/entity/Q18917976"
<http://www.wikidata.org/entity/Q1406195>	POINT(12.132500 42.488611)	"Ferentium"@en										6	"http://www.wikidata.org/entity/Q15217609"
<http://www.wikidata.org/entity/Q1411306>	POINT(12.513333 41.974444)	"Fidenae"@en	1966-01-01T00:00:00Z									4	"http://www.wikidata.org/entity/Q15217609"
<http://www.wikidata.org/entity/Q1412183>	POINT(29.618865 40.689761)	"Praenetus"@en	1933-01-01T00:00:00Z									2	"http://www.wikidata.org/entity/Q15217609"
<http://www.wikidata.org/entity/Q141497573>	POINT(14.772500 53.970000)	"Roman Catholic Diocese of Cammin"@en	1188-03-03T00:00:00Z		1544-01-01T00:00:00Z							8	"http://www.wikidata.org/entity/Q2665272|http://www.wikidata.org/entity/Q27780831"
<http://www.wikidata.org/entity/Q141555099>	POINT(0.503517 51.388920)	"Roman Catholic Diocese of Rochester (England)"@en	0604-01-01T00:00:00Z		1559-01-01T00:00:00Z							1	"http://www.wikidata.org/entity/Q27780831"
<http://www.wikidata.org/entity/Q14164803>	POINT(9.671750 50.554028)	"Prince-Bishopric of Fulda"@en			1803-01-01T00:00:00Z							4	"http://www.wikidata.org/entity/Q183366|http://www.wikidata.org/entity/Q24305436|http://www.wikidata.org/entity/Q26830017|http://www.wikidata.org/entity/Q3024240|http://www.wikidata.org/entity/Q3403564|http://www.wikidata.org/entity/Q463742"
<http://www.wikidata.org/entity/Q1419411>	POINT(1.903050 36.570982)	"Gunugus"@en	1933-01-01T00:00:00Z									6	"http://www.wikidata.org/entity/Q15217609"
<http://www.wikidata.org/entity/Q1420420>	POINT(13.183937 38.130911)	"Hyccarum"@en	1968-01-01T00:00:00Z									4	"http://www.wikidata.org/entity/Q15217609"
<http://www.wikidata.org/entity/Q1423027>	POINT(-4.023060 39.857500)	"Roman Catholic Archdiocese of Toledo"@en									"http://www.wikidata.org/entity/Q11778045"	22	"http://www.wikidata.org/entity/Q105390172"
<http://www.wikidata.org/entity/Q1426608>	POINT(5.400000 43.883333)	"Roman Catholic Diocese of Apt"@en	0400-01-01T00:00:00Z		1801-11-29T00:00:00Z							9	"http://www.wikidata.org/entity/Q27780831"
<http://www.wikidata.org/entity/Q1428446>	POINT(13.118700 41.916700)	"Territorial Abbey of Subiaco"@en							"http://www.wikidata.org/entity/Q131132"			14	"http://www.wikidata.org/entity/Q1778235|http://www.wikidata.org/entity/Q2665272"
<http://www.wikidata.org/entity/Q1429994>	POINT(2.420639 35.937139)	"Floriana"@en	1933-01-01T00:00:00Z									4	"http://www.wikidata.org/entity/Q15217609|http://www.wikidata.org/entity/Q811979"
<http://www.wikidata.org/entity/Q1434565>	POINT(9.513333 42.114722)	"Roman Catholic diocese of Aleria"@en	0600-01-01T00:00:00Z		1801-11-29T00:00:00Z							8	"http://www.wikidata.org/entity/Q27780831"
<http://www.wikidata.org/entity/Q145330>	POINT(19.040833 49.829722)	"Roman Catholic Diocese of Bielsko–Żywiec"@en	1992-01-01T00:00:00Z								"http://www.wikidata.org/entity/Q3504750"	15	"http://www.wikidata.org/entity/Q3146899"
<http://www.wikidata.org/entity/Q1465708>	POINT(4.622110 52.376500)	"Roman Catholic Diocese of Haarlem-Amsterdam"@en									"http://www.wikidata.org/entity/Q634803"	18	"http://www.wikidata.org/entity/Q3146899|http://www.wikidata.org/entity/Q373074"
<http://www.wikidata.org/entity/Q1473088>	POINT(7.277549 36.066218)	"Gadiaufala"@en	1933-01-01T00:00:00Z									3	"http://www.wikidata.org/entity/Q15217609"
<http://www.wikidata.org/entity/Q1475086>	POINT(9.830048 36.693084)	"titular see of Furnos Minor"@en	1933-01-01T00:00:00Z									4	"http://www.wikidata.org/entity/Q15217609"
<http://www.wikidata.org/entity/Q147788>	POINT(5.677500 35.800800)	"Zaraï"@en										8	"http://www.wikidata.org/entity/Q15217609"
<http://www.wikidata.org/entity/Q1479532>	POINT(35.228740 31.774380)	"Armenian Patriarchate of Jerusalem"@en	0638-01-01T00:00:00Z								"http://www.wikidata.org/entity/Q683724"	23	"http://www.wikidata.org/entity/Q1282276"
<http://www.wikidata.org/entity/Q14946379>	POINT(-0.098600 51.513800)	"Diocese of London"@en									"http://www.wikidata.org/entity/Q2113985"	13	"http://www.wikidata.org/entity/Q18917976"
<http://www.wikidata.org/entity/Q1503220>	POINT(3.623950 49.564395)	"Ancient Diocese of Laon"@en	0500-01-01T00:00:00Z		1801-11-29T00:00:00Z							12	"http://www.wikidata.org/entity/Q27780831"
<http://www.wikidata.org/entity/Q1516945>	POINT(-2.150157 39.808580)	"Valeria"@en	1969-01-01T00:00:00Z									5	"http://www.wikidata.org/entity/Q15217609"
<http://www.wikidata.org/entity/Q15187215>	POINT(-4.257000 55.866000)	"Archdiocese of Glasgow, historical"@en	1492-01-18T00:00:00Z		1689-01-01T00:00:00Z							3	"http://www.wikidata.org/entity/Q27780831"
<http://www.wikidata.org/entity/Q1520533>	POINT(29.737198 36.388838)	"Isba"@en										4	"http://www.wikidata.org/entity/Q15217609"
<http://www.wikidata.org/entity/Q15214084>	POINT(-2.100000 57.166667)	"Diocese of Aberdeen, medieval"@en	1125-01-01T00:00:00Z		1577-01-01T00:00:00Z							3	"http://www.wikidata.org/entity/Q27780831"
<http://www.wikidata.org/entity/Q1521609>	POINT(15.239200 52.730900)	"Roman Catholic Diocese of Zielona Góra-Gorzów"@en	1972-01-01T00:00:00Z									16	"http://www.wikidata.org/entity/Q3146899"
<http://www.wikidata.org/entity/Q15279499>	POINT(31.535300 37.918800)	"Carallia"@en	1933-01-01T00:00:00Z									3	"http://www.wikidata.org/entity/Q15217609"
<http://www.wikidata.org/entity/Q1537518>	POINT(12.557500 55.673900)	"Roman Catholic Diocese of Copenhagen"@en	1868-08-07T00:00:00Z									23	"http://www.wikidata.org/entity/Q2665272|http://www.wikidata.org/entity/Q3146899"
<http://www.wikidata.org/entity/Q1546305>	POINT(16.492500 45.763300)	"Bishopric of Marča"@en										6	"http://www.wikidata.org/entity/Q665487"
<http://www.wikidata.org/entity/Q15471939>	POINT(24.133300 56.966700)	"Archbishopric of Riga"@en	1186-01-01T00:00:00Z		1561-01-01T00:00:00Z							18	"http://www.wikidata.org/entity/Q1366274|http://www.wikidata.org/entity/Q27780831"
<http://www.wikidata.org/entity/Q1549161>	POINT(23.914400 46.175300)	"Romanian Greek Catholic Major Archeparchy of Făgăraș and Alba Iulia"@en	1721-01-01T00:00:00Z								"http://www.wikidata.org/entity/Q856349"	16	"http://www.wikidata.org/entity/Q108822885"
<http://www.wikidata.org/entity/Q1551179>	POINT(12.666593 41.785585)	"Territorial Abbey of Santa Maria di Grottaferrata"@en	1937-09-26T00:00:00Z								"http://www.wikidata.org/entity/Q846093"	19	"http://www.wikidata.org/entity/Q1778235|http://www.wikidata.org/entity/Q2665272"
<http://www.wikidata.org/entity/Q1565727>	POINT(3.000000 49.580000)	"Roman Catholic Diocese of Noyon"@en			1851-04-12T00:00:00Z							8	"http://www.wikidata.org/entity/Q27780831"
<http://www.wikidata.org/entity/Q1566434>	POINT(3.713753 47.909777)	"Roman Catholic Territorial Prelature of Mission de France"@en	1954-08-15T00:00:00Z								"http://www.wikidata.org/entity/Q3408448"	13	"http://www.wikidata.org/entity/Q2633744"
<http://www.wikidata.org/entity/Q15729490>	POINT(30.733300 46.466700)	"Ukrainian Catholic Archiepiscopal Exarchate of Krym"@en	2014-01-01T00:00:00Z								"http://www.wikidata.org/entity/Q1147978"	12	"http://www.wikidata.org/entity/Q3732792"
<http://www.wikidata.org/entity/Q1575042>	POINT(14.740747 40.937794)	"Territorial Abbey of Montevergine"@en	1101-01-01T00:00:00Z								"http://www.wikidata.org/entity/Q11777906"	16	"http://www.wikidata.org/entity/Q1778235"
<http://www.wikidata.org/entity/Q1578529>	POINT(25.282800 54.682200)	"Military Ordinariate of Lithuania"@en										14	"http://www.wikidata.org/entity/Q1531518"
<http://www.wikidata.org/entity/Q1585344>	POINT(-3.712306 40.414770)	"Military Archbishopric of Spain"@en	1705-01-01T00:00:00Z								"http://www.wikidata.org/entity/Q868115"	15	"http://www.wikidata.org/entity/Q105406193|http://www.wikidata.org/entity/Q1531518|http://www.wikidata.org/entity/Q91450105"
<http://www.wikidata.org/entity/Q1586010>	POINT(28.348056 37.805833)	"Harpasa"@en										6	"http://www.wikidata.org/entity/Q15217609"
<http://www.wikidata.org/entity/Q1587155>	POINT(32.797551 36.713636)	"Sbida"@en	1933-01-01T00:00:00Z									3	"http://www.wikidata.org/entity/Q15217609"
<http://www.wikidata.org/entity/Q1602368>	POINT(35.232500 31.780000)	"Patriarchal Exarchate of Jerusalem and Amman"@en	1991-01-01T00:00:00Z								"http://www.wikidata.org/entity/Q10882902"	13	"http://www.wikidata.org/entity/Q3732793"
<http://www.wikidata.org/entity/Q1604744>	POINT(36.714348 34.723511)	"Hemesa"@en										4	"http://www.wikidata.org/entity/Q15217609"
<http://www.wikidata.org/entity/Q160918>	POINT(12.484056 41.921778)	"Prelature of the Holy Cross and Opus Dei"@en	1928-10-02T00:00:00Z									63	"http://www.wikidata.org/entity/Q1455927"
<http://www.wikidata.org/entity/Q1628877>	POINT(21.262222 43.981389)	"Horreomargum"@en	1933-01-01T00:00:00Z									4	"http://www.wikidata.org/entity/Q15217609"
<http://www.wikidata.org/entity/Q1632375>	POINT(0.372061 43.957967)	"Bishop of Condom"@en	1317-07-19T00:00:00Z		1801-11-29T00:00:00Z							8	"http://www.wikidata.org/entity/Q27780831"
<http://www.wikidata.org/entity/Q163745>	POINT(2.250000 50.750000)	"Roman Catholic Diocese of Saint-Omer"@en			1801-11-29T00:00:00Z							7	"http://www.wikidata.org/entity/Q27780831"
<http://www.wikidata.org/entity/Q163802>	POINT(35.265520 32.220500)	"Neapolis in Palaestina"@en	1933-01-01T00:00:00Z									2	"http://www.wikidata.org/entity/Q15217609"
<http://www.wikidata.org/entity/Q1658087>	POINT(32.600000 31.050000)	"Phacusa"@en										6	"http://www.wikidata.org/entity/Q15217609"
<http://www.wikidata.org/entity/Q165877>	POINT(34.994600 32.819200)	"Melkite Greek Catholic Archeparchy of Akka"@en									"http://www.wikidata.org/entity/Q64885"	11	"http://www.wikidata.org/entity/Q108822950"
<http://www.wikidata.org/entity/Q1658801>	POINT(-0.697495 38.267360)	"Illici"@en	1969-01-01T00:00:00Z									5	"http://www.wikidata.org/entity/Q15217609"
<http://www.wikidata.org/entity/Q1671979>	POINT(4.123269 36.893024)	"Titular see of Iomnium"@en	1933-01-01T00:00:00Z									4	"http://www.wikidata.org/entity/Q15217609"
<http://www.wikidata.org/entity/Q1672605>	POINT(36.456667 37.243056)	"Irenopolis"@en										6	"http://www.wikidata.org/entity/Q15217609"
<http://www.wikidata.org/entity/Q168404>	POINT(18.087084 48.318425)	"Roman Catholic Diocese of Nitra"@en									"http://www.wikidata.org/entity/Q10939123"	17	"http://www.wikidata.org/entity/Q3146899"
<http://www.wikidata.org/entity/Q16997745>	POINT(26.103675 44.449525)	"Eparchy of Saint Basil the Great of Bucharest"@en	2014-01-01T00:00:00Z								"http://www.wikidata.org/entity/Q856349"	13	"http://www.wikidata.org/entity/Q105389481"
<http://www.wikidata.org/entity/Q17042986>	POINT(30.728333 38.719444)	"Augustopolis in Phrygia"@en										3	"http://www.wikidata.org/entity/Q15217609"
<http://www.wikidata.org/entity/Q1711197>	POINT(46.250000 39.250000)	"Siunia"@en										2	"http://www.wikidata.org/entity/Q15217609"
<http://www.wikidata.org/entity/Q17173859>	POINT(36.391000 38.722000)	"Ariarathia"@en										7	"http://www.wikidata.org/entity/Q15217609|http://www.wikidata.org/entity/Q15661340"
<http://www.wikidata.org/entity/Q1718866>	POINT(35.227500 31.776389)	"Patriarchal Exarchate of Jerusalem and Palestine"@en	1996-01-01T00:00:00Z								"http://www.wikidata.org/entity/Q97253270"	11	"http://www.wikidata.org/entity/Q3732793"
<http://www.wikidata.org/entity/Q1760098>	POINT(11.039672 49.456828)		1994-01-01T00:00:00Z								"http://www.wikidata.org/entity/Q181901"	5	"http://www.wikidata.org/entity/Q427961"
<http://www.wikidata.org/entity/Q176805>	POINT(20.511667 54.706389)	"Bishopric of Samland"@en	1243-08-05T00:00:00Z		1525-12-20T00:00:00Z						"http://www.wikidata.org/entity/Q9207355"	15	"http://www.wikidata.org/entity/Q27780831"
<http://www.wikidata.org/entity/Q177494>	POINT(9.886338 57.038048)	"Diocese of Aalborg"@en	1554-01-01T00:00:00Z								"http://www.wikidata.org/entity/Q855585"	13	"http://www.wikidata.org/entity/Q2445047"
<http://www.wikidata.org/entity/Q17775340>	POINT(27.550000 31.200000)	"Zygris"@en										6	"http://www.wikidata.org/entity/Q15217609"
<http://www.wikidata.org/entity/Q1789652>	POINT(15.977887 45.837728)	"Military Ordinariate of Croatia"@en	1997-01-01T00:00:00Z									15	"http://www.wikidata.org/entity/Q1531518"
<http://www.wikidata.org/entity/Q1790948>	POINT(1.301000 52.631800)	"Anglican Diocese of Norwich"@en									"http://www.wikidata.org/entity/Q2113985"	10	"http://www.wikidata.org/entity/Q18917976"
<http://www.wikidata.org/entity/Q179343>	POINT(33.077710 31.218170)	"Casium"@en										4	"http://www.wikidata.org/entity/Q15217609"
<http://www.wikidata.org/entity/Q1794352>	POINT(6.650000 49.766700)	"Electorate of Trier"@en	0898-01-01T00:00:00Z		1801-11-29T00:00:00Z							36	"http://www.wikidata.org/entity/Q1366274|http://www.wikidata.org/entity/Q20521456|http://www.wikidata.org/entity/Q26830017|http://www.wikidata.org/entity/Q3024240"
<http://www.wikidata.org/entity/Q1796712>	POINT(-2.224000 52.192000)	"Diocese of Worcester"@en	1559-01-01T00:00:00Z								"http://www.wikidata.org/entity/Q2113985"	11	"http://www.wikidata.org/entity/Q18917976"
<http://www.wikidata.org/entity/Q1796747>	POINT(-2.247000 51.867000)	"Diocese of Gloucester"@en									"http://www.wikidata.org/entity/Q2113985"	10	"http://www.wikidata.org/entity/Q18917976"
<http://www.wikidata.org/entity/Q182341>	POINT(-3.529440 50.722500)	"Diocese of Exeter"@en									"http://www.wikidata.org/entity/Q2113985"	9	"http://www.wikidata.org/entity/Q18917976"
<http://www.wikidata.org/entity/Q1825471>	POINT(9.691389 36.036944)	"Limisa"@en										6	"http://www.wikidata.org/entity/Q15217609"
<http://www.wikidata.org/entity/Q1855809>	POINT(23.090889 38.949611)	"Oreus"@en	1927-01-01T00:00:00Z									2	"http://www.wikidata.org/entity/Q15217609"
<http://www.wikidata.org/entity/Q1860646>	POINT(21.030600 52.251700)	"Diocese of Warszawa-Praga"@en	1992-03-25T00:00:00Z								"http://www.wikidata.org/entity/Q3497661"	15	"http://www.wikidata.org/entity/Q3146899|http://www.wikidata.org/entity/Q373074"
<http://www.wikidata.org/entity/Q1861593>	POINT(-0.759722 51.260000)	"Bishopric of the Forces"@en										14	"http://www.wikidata.org/entity/Q1531518"
<http://www.wikidata.org/entity/Q1862707>	POINT(21.015000 52.241389)	"Military Ordinariate of Poland"@en										15	"http://www.wikidata.org/entity/Q1531518"
<http://www.wikidata.org/entity/Q186419>	POINT(-6.537048 39.981964)	"Roman Catholic Diocese of Coria-Cáceres"@en	1957-04-09T00:00:00Z								"http://www.wikidata.org/entity/Q11777980"	13	"http://www.wikidata.org/entity/Q3146899|http://www.wikidata.org/entity/Q373074"
<http://www.wikidata.org/entity/Q1919703>	POINT(33.349677 36.759213)	"Meloë"@en	1933-01-01T00:00:00Z									4	"http://www.wikidata.org/entity/Q15217609"
<http://www.wikidata.org/entity/Q1925198>	POINT(29.307254 38.251122)	"Metellopolis"@en										5	"http://www.wikidata.org/entity/Q15217609"
<http://www.wikidata.org/entity/Q19401219>	POINT(12.316700 45.433300)											1	"http://www.wikidata.org/entity/Q3146899"
<http://www.wikidata.org/entity/Q19423130>	POINT(-7.461568 43.376294)	"Britonia"@en	0572-01-01T00:00:00Z									6	"http://www.wikidata.org/entity/Q15217609"
<http://www.wikidata.org/entity/Q1949487>	POINT(29.298552 38.095586)	"Mossyna"@en	1933-01-01T00:00:00Z									4	"http://www.wikidata.org/entity/Q15217609|http://www.wikidata.org/entity/Q839954"
<http://www.wikidata.org/entity/Q1949516>	POINT(27.543740 38.510416)	"Mostene"@en	1933-01-01T00:00:00Z									2	"http://www.wikidata.org/entity/Q15217609"
<http://www.wikidata.org/entity/Q1950114>	POINT(17.033333 40.633333)	"Motula titular see"@en	1968-01-01T00:00:00Z									5	"http://www.wikidata.org/entity/Q15217609"
<http://www.wikidata.org/entity/Q1956776>	POINT(32.508314 39.475327)	"Myrika"@en	1933-01-01T00:00:00Z									4	"http://www.wikidata.org/entity/Q15217609"
<http://www.wikidata.org/entity/Q19635622>	POINT(21.714158 47.955658)	"Hungarian Catholic Eparchy of Nyíregyháza"@en	2015-01-01T00:00:00Z								"http://www.wikidata.org/entity/Q28966626"	17	"http://www.wikidata.org/entity/Q105389481"
<http://www.wikidata.org/entity/Q19645560>	POINT(6.264445 36.450278)	"Milevum"@en										3	"http://www.wikidata.org/entity/Q15217609"
<http://www.wikidata.org/entity/Q1985309>	POINT(30.222220 30.500000)	"Nicius"@en	1933-01-01T00:00:00Z									2	"http://www.wikidata.org/entity/Q15217609"
<http://www.wikidata.org/entity/Q2001210>	POINT(-2.659000 56.733000)	"Roman Catholic Diocese of Brechin"@en										5	"http://www.wikidata.org/entity/Q27780831"
<http://www.wikidata.org/entity/Q2006673>	POINT(-4.285000 55.877000)	"Roman Catholic Archdiocese of Glasgow"@en	1827-02-13T00:00:00Z								"http://www.wikidata.org/entity/Q11777943"	15	"http://www.wikidata.org/entity/Q105390172"
<http://www.wikidata.org/entity/Q2026952>	POINT(12.487500 45.783056)	"Opitergium"@en	1968-01-01T00:00:00Z									4	"http://www.wikidata.org/entity/Q15217609"
<http://www.wikidata.org/entity/Q2028706>	POINT(31.257318 39.255571)	"Orcistus"@en										6	"http://www.wikidata.org/entity/Q15217609"
<http://www.wikidata.org/entity/Q2035253>	POINT(10.316667 36.850000)	"Abitinae"@en	1933-01-01T00:00:00Z									6	"http://www.wikidata.org/entity/Q15217609"
<http://www.wikidata.org/entity/Q2037267>	POINT(29.958841 38.451497)	"Otrus"@en	1933-01-01T00:00:00Z									4	"http://www.wikidata.org/entity/Q15217609"
<http://www.wikidata.org/entity/Q2043138>	POINT(13.175000 32.868056)	"Diocese of Oea"@en	0256-01-01T00:00:00Z									9	"http://www.wikidata.org/entity/Q15217609"
<http://www.wikidata.org/entity/Q2048453>	POINT(35.925600 35.267200)	"Paltus"@en										3	"http://www.wikidata.org/entity/Q15217609"
<http://www.wikidata.org/entity/Q2049363>	POINT(30.500706 37.264347)	"Panemotichus"@en										3	"http://www.wikidata.org/entity/Q15217609"
<http://www.wikidata.org/entity/Q2053738>	POINT(33.586987 39.054632)	"Parnassus (see)"@en										4	"http://www.wikidata.org/entity/Q15217609"
<http://www.wikidata.org/entity/Q20547061>	POINT(-7.309540 43.561184)	"San Martiño de Mondoñedo"@en										4	"http://www.wikidata.org/entity/Q12397176|http://www.wikidata.org/entity/Q3146899"
<http://www.wikidata.org/entity/Q2057032>	POINT(36.313600 33.513100)	"Patriarchal Exarchate of Damascus"@en	1984-01-01T00:00:00Z								"http://www.wikidata.org/entity/Q10882902"	12	"http://www.wikidata.org/entity/Q3732793"
<http://www.wikidata.org/entity/Q2057048>	POINT(35.880237 31.876311)	"Patriarchal Exarchate of Jordan"@en	1996-10-05T00:00:00Z								"http://www.wikidata.org/entity/Q97253270"	12	"http://www.wikidata.org/entity/Q3732793"
<http://www.wikidata.org/entity/Q2057071>	POINT(35.229400 31.778600)	"Melkite Greek Catholic Patriarchal Dependent Territory of Jerusalem"@en	1838-01-01T00:00:00Z								"http://www.wikidata.org/entity/Q15977486"	13	"http://www.wikidata.org/entity/Q25345671|http://www.wikidata.org/entity/Q3732793"
<http://www.wikidata.org/entity/Q2062090>	POINT(-1.304722 51.830833)	"Diocese of Oxford"@en	1541-01-01T00:00:00Z								"http://www.wikidata.org/entity/Q2113985"	9	"http://www.wikidata.org/entity/Q18917976"
<http://www.wikidata.org/entity/Q2065025>	POINT(8.833333 35.166667)	"Scillium"@en										7	"http://www.wikidata.org/entity/Q15217609"
<http://www.wikidata.org/entity/Q2066595>	POINT(1.083330 51.279700)	"Diocese of Canterbury"@en									"http://www.wikidata.org/entity/Q2113985"	20	"http://www.wikidata.org/entity/Q18917976"
<http://www.wikidata.org/entity/Q2088444>	POINT(20.057778 39.913333)	"Diocese of Fenice"@en	1933-01-01T00:00:00Z									4	"http://www.wikidata.org/entity/Q15217609"
<http://www.wikidata.org/entity/Q2088817>	POINT(20.498889 39.478889)	"Photice"@en										2	"http://www.wikidata.org/entity/Q15217609"
<http://www.wikidata.org/entity/Q20949265>	POINT(17.225683 43.721696)	"Roman Catholic Diocese of Duvno"@en	0590-01-01T00:00:00Z		1663-01-01T00:00:00Z							2	"http://www.wikidata.org/entity/Q27780831"
<http://www.wikidata.org/entity/Q2100538>	POINT(30.251361 37.286611)	"Pogla"@en										2	"http://www.wikidata.org/entity/Q15217609"
<http://www.wikidata.org/entity/Q2102767>	POINT(31.048534 38.712642)	"Polybotus"@en										9	"http://www.wikidata.org/entity/Q15217609"
<http://www.wikidata.org/entity/Q210533>	POINT(26.571945 48.676667)	"Roman Catholic Diocese of Kamyanets-Podilskyi"@en	1918-09-22T00:00:00Z									16	"http://www.wikidata.org/entity/Q3146899"
<http://www.wikidata.org/entity/Q211004>	POINT(28.951675 41.029222)	"Ecumenical Patriarchate of Constantinople"@en									"http://www.wikidata.org/entity/Q35032"	70	"http://www.wikidata.org/entity/Q44301618"
<http://www.wikidata.org/entity/Q2117841>	POINT(-1.619000 54.969000)	"Roman Catholic Diocese of Hexham and Newcastle"@en	1850-01-01T00:00:00Z									10	"http://www.wikidata.org/entity/Q3146899"
<http://www.wikidata.org/entity/Q2131552>	POINT(3.433330 36.133330)	"Rapidum"@en	1933-01-01T00:00:00Z									3	"http://www.wikidata.org/entity/Q15217609"
<http://www.wikidata.org/entity/Q2148068>	POINT(40.070600 36.850300)	"Rhesaena"@en										3	"http://www.wikidata.org/entity/Q15217609"
<http://www.wikidata.org/entity/Q2164263>	POINT(17.859591 49.905437)	"Roman Catholic Diocese of Ostrava-Opava"@en	1996-05-30T00:00:00Z								"http://www.wikidata.org/entity/Q12038652"	16	"http://www.wikidata.org/entity/Q3146899"
<http://www.wikidata.org/entity/Q2165775>	POINT(18.558900 54.411000)	"Roman Catholic Archdiocese of Gdańsk"@en	1992-03-25T00:00:00Z								"http://www.wikidata.org/entity/Q3504222"	19	"http://www.wikidata.org/entity/Q105390172"
<http://www.wikidata.org/entity/Q2167791>	POINT(-4.132000 57.581000)	"Diocese of Ross (historical)"@en	1100-01-01T00:00:00Z		1689-01-01T00:00:00Z							5	"http://www.wikidata.org/entity/Q125915900|http://www.wikidata.org/entity/Q27780831"
<http://www.wikidata.org/entity/Q2176786>	POINT(3.239508 36.804715)	"Rusguniae"@en	1933-01-01T00:00:00Z									4	"http://www.wikidata.org/entity/Q15217609"
<http://www.wikidata.org/entity/Q2176808>	POINT(4.159583 36.900944)	"Rusibisir"@en	1933-01-01T00:00:00Z									7	"http://www.wikidata.org/entity/Q15217609"
<http://www.wikidata.org/entity/Q2177398>	POINT(3.566667 36.800000)	"Rusubbicari"@en	1933-01-01T00:00:00Z									6	"http://www.wikidata.org/entity/Q15217609"
<http://www.wikidata.org/entity/Q219133>	POINT(11.573889 48.138611)	"Roman Catholic Archdiocese of Munich and Freising"@en	1818-04-01T00:00:00Z								"http://www.wikidata.org/entity/Q278717"	28	"http://www.wikidata.org/entity/Q105390172"
<http://www.wikidata.org/entity/Q2201893>	POINT(10.200000 56.150000)	"Diocese of Århus"@en	1537-01-01T00:00:00Z								"http://www.wikidata.org/entity/Q855585"	13	"http://www.wikidata.org/entity/Q2445047"
<http://www.wikidata.org/entity/Q2225326>	POINT(-0.590556 42.675833)	"Sasabe titular see"@en	1969-01-01T00:00:00Z									5	"http://www.wikidata.org/entity/Q15217609"
<http://www.wikidata.org/entity/Q2225855>	POINT(28.269300 38.578550)	"Satala in Lydia"@en	1933-01-01T00:00:00Z									3	"http://www.wikidata.org/entity/Q15217609"
<http://www.wikidata.org/entity/Q222591>	POINT(35.798917 31.818639)	"Esbus"@en										2	"http://www.wikidata.org/entity/Q15217609"
<http://www.wikidata.org/entity/Q2226966>	POINT(33.110450 37.974048)	"Sauatra"@en										4	"http://www.wikidata.org/entity/Q15217609"
<http://www.wikidata.org/entity/Q222846>	POINT(42.983300 36.850000)	"Chaldean Catholic Eparchy of Amadiya"@en			2013-01-01T00:00:00Z						"http://www.wikidata.org/entity/Q22936331"	8	"http://www.wikidata.org/entity/Q20725872"
<http://www.wikidata.org/entity/Q225138>	POINT(16.543393 46.030731)	"Greek Catholic Eparchy of Križevci"@en	1777-06-17T00:00:00Z								"http://www.wikidata.org/entity/Q3586020|http://www.wikidata.org/entity/Q64433199"	20	"http://www.wikidata.org/entity/Q105389481"
<http://www.wikidata.org/entity/Q2256822>	POINT(-21.948600 64.147400)	"Roman Catholic Diocese of Reykjavík"@en	1923-06-12T00:00:00Z									20	"http://www.wikidata.org/entity/Q2665272|http://www.wikidata.org/entity/Q3146899"
<http://www.wikidata.org/entity/Q2285654>	POINT(28.823265 38.753629)	"Silandus"@en										5	"http://www.wikidata.org/entity/Q15217609"
<http://www.wikidata.org/entity/Q22936347>	POINT(27.845278 37.848056)	"Tralles"@en									"http://www.wikidata.org/entity/Q211004"	2	"http://www.wikidata.org/entity/Q15217609"
<http://www.wikidata.org/entity/Q2303817>	POINT(40.333333 43.166667)	"Soterioupolis"@en	1929-01-01T00:00:00Z									6	"http://www.wikidata.org/entity/Q15217609|http://www.wikidata.org/entity/Q1785071"
<http://www.wikidata.org/entity/Q2328892>	POINT(17.483987 42.895174)	"Roman Catholic Diocese of Ston"@en	1100-01-01T00:00:00Z		1828-06-30T00:00:00Z							7	"http://www.wikidata.org/entity/Q27780831"
<http://www.wikidata.org/entity/Q2335638>	POINT(30.143764 38.332610)	"Stectorium"@en	1933-01-01T00:00:00Z									2	"http://www.wikidata.org/entity/Q15217609"
<http://www.wikidata.org/entity/Q2376211>	POINT(-5.267780 51.881900)	"Diocese of St Davids"@en	1559-06-01T00:00:00Z									10	"http://www.wikidata.org/entity/Q18917976"
<http://www.wikidata.org/entity/Q23774082>	POINT(-1.313333 51.060833)	"Roman Catholic Diocese of Winchester"@en	0662-01-01T00:00:00Z		1560-01-22T00:00:00Z							5	"http://www.wikidata.org/entity/Q27780831"
<http://www.wikidata.org/entity/Q2386221>	POINT(28.846889 37.431139)	"Tabae"@en										5	"http://www.wikidata.org/entity/Q15217609"
<http://www.wikidata.org/entity/Q238786>	POINT(10.799444 36.935000)	"Carpi"@en	0256-01-01T00:00:00Z					0646-01-01T00:00:00Z				5	"http://www.wikidata.org/entity/Q15217609"
<http://www.wikidata.org/entity/Q2394839>	POINT(0.027778 35.520278)	"Tasaccora"@en										5	"http://www.wikidata.org/entity/Q15217609"
<http://www.wikidata.org/entity/Q2397541>	POINT(-1.747000 53.796000)	"Diocese of Bradford"@en	1919-11-25T00:00:00Z		2014-04-20T00:00:00Z						"http://www.wikidata.org/entity/Q1278084"	5	"http://www.wikidata.org/entity/Q18917976"
<http://www.wikidata.org/entity/Q240474>	POINT(0.623333 43.933944)	"Roman Catholic Diocese of Lectoure"@en	0400-01-01T00:00:00Z		1801-11-29T00:00:00Z							7	"http://www.wikidata.org/entity/Q27780831"
<http://www.wikidata.org/entity/Q2409186>	POINT(8.441019 39.873438)	"titular see of Tharros"@en	1970-01-01T00:00:00Z									5	"http://www.wikidata.org/entity/Q15217609"
<http://www.wikidata.org/entity/Q2420308>	POINT(22.946989 40.632776)	"Thessalonica titular see"@en										6	"http://www.wikidata.org/entity/Q15217609"
<http://www.wikidata.org/entity/Q2421173>	POINT(9.763771 37.162440)	"Thimida"@en	1933-01-01T00:00:00Z									4	"http://www.wikidata.org/entity/Q15217609"
<http://www.wikidata.org/entity/Q2421181>	POINT(10.141835 36.640739)	"Thimida Regia"@en	1933-01-01T00:00:00Z									5	"http://www.wikidata.org/entity/Q15217609"
<http://www.wikidata.org/entity/Q242758>	POINT(23.332800 42.695800)	"Bulgarian Orthodox Church"@en	1018-01-01T00:00:00Z								"http://www.wikidata.org/entity/Q35032"	51	"http://www.wikidata.org/entity/Q1649443|http://www.wikidata.org/entity/Q44301618"
<http://www.wikidata.org/entity/Q2429772>	POINT(8.660000 36.450000)	"Thuccabora"@en										3	"http://www.wikidata.org/entity/Q15217609"
<http://www.wikidata.org/entity/Q2431595>	POINT(13.446155 46.820692)	"Tiburnia"@en	1968-01-01T00:00:00Z									6	"http://www.wikidata.org/entity/Q15217609"
<http://www.wikidata.org/entity/Q2436972>	POINT(32.810890 36.094010)	"Titopolis"@en										3	"http://www.wikidata.org/entity/Q15217609"
<http://www.wikidata.org/entity/Q2454812>	POINT(31.180904 39.515927)	"Trocmades"@en										4	"http://www.wikidata.org/entity/Q15217609"
<http://www.wikidata.org/entity/Q247461>	POINT(4.835420 46.307000)	"Roman Catholic Diocese of Mâcon"@en			1801-11-29T00:00:00Z							6	"http://www.wikidata.org/entity/Q27780831"
<http://www.wikidata.org/entity/Q24909564>	POINT(24.583300 35.250000)	"Roman Catholic Diocese of Retimo–Ario"@en										1	"http://www.wikidata.org/entity/Q3146899"
<http://www.wikidata.org/entity/Q2500778>	POINT(37.865550 37.110367)	"Urima"@en	1933-01-01T00:00:00Z									3	"http://www.wikidata.org/entity/Q15217609"
<http://www.wikidata.org/entity/Q2501001>	POINT(-0.536700 53.234300)	"Anglican Diocese of Lincoln"@en	1559-07-05T00:00:00Z								"http://www.wikidata.org/entity/Q2113985"	10	"http://www.wikidata.org/entity/Q18917976"
<http://www.wikidata.org/entity/Q2501997>	POINT(-1.900000 52.483300)	"Diocese of Birmingham"@en	1905-01-13T00:00:00Z								"http://www.wikidata.org/entity/Q2113985"	8	"http://www.wikidata.org/entity/Q18917976"
<http://www.wikidata.org/entity/Q250224>	POINT(9.932175 49.793409)	"Roman Catholic Diocese of Würzburg"@en	0741-01-01T00:00:00Z									23	"http://www.wikidata.org/entity/Q3146899"
<http://www.wikidata.org/entity/Q251268>	POINT(29.896342 31.194907)	"Greek Orthodox Patriarchate of Alexandria"@en									"http://www.wikidata.org/entity/Q35032|http://www.wikidata.org/entity/Q7970362"	52	"http://www.wikidata.org/entity/Q44301618"
<http://www.wikidata.org/entity/Q25209016>	POINT(27.667099 38.667539)	"Hyrcanis"@en										2	"http://www.wikidata.org/entity/Q15661340|http://www.wikidata.org/entity/Q665487"
<http://www.wikidata.org/entity/Q252806>	POINT(6.131110 49.609400)	"Roman Catholic Archdiocese of Luxembourg"@en	1988-04-23T00:00:00Z									18	"http://www.wikidata.org/entity/Q105419665|http://www.wikidata.org/entity/Q2665272"
<http://www.wikidata.org/entity/Q2535454>	POINT(-0.749167 35.740833)	"Vulturia"@en	1933-01-01T00:00:00Z									4	"http://www.wikidata.org/entity/Q15217609"
<http://www.wikidata.org/entity/Q2545152>	POINT(12.614167 56.035722)	"Diocese of Helsingør"@en	1961-01-01T00:00:00Z								"http://www.wikidata.org/entity/Q855585"	14	"http://www.wikidata.org/entity/Q2445047"
<http://www.wikidata.org/entity/Q254994>	POINT(21.013583 52.248833)	"Roman Catholic Archdiocese of Warsaw"@en	1798-10-16T00:00:00Z								"http://www.wikidata.org/entity/Q3497661"	25	"http://www.wikidata.org/entity/Q105390172"
<http://www.wikidata.org/entity/Q2564064>	POINT(-1.798000 51.065000)	"Diocese of Salisbury"@en	1559-01-01T00:00:00Z								"http://www.wikidata.org/entity/Q2113985"	11	"http://www.wikidata.org/entity/Q18917976"
<http://www.wikidata.org/entity/Q256938>	POINT(29.001111 39.384445)	"Eluza"@en	1933-01-01T00:00:00Z									4	"http://www.wikidata.org/entity/Q15217609"
<http://www.wikidata.org/entity/Q259490>	POINT(21.242900 48.994100)	"Greek Catholic Archeparchy of Prešov"@en	1818-09-22T00:00:00Z								"http://www.wikidata.org/entity/Q911398"	16	"http://www.wikidata.org/entity/Q108822885"
<http://www.wikidata.org/entity/Q259933>	POINT(15.442222 47.071944)	"Roman Catholic Diocese of Graz-Seckau"@en	1963-04-22T00:00:00Z								"http://www.wikidata.org/entity/Q251816"	22	"http://www.wikidata.org/entity/Q3146899"
<http://www.wikidata.org/entity/Q2603079>	POINT(15.441000 43.938000)	"Alba Maritima"@en	1935-01-01T00:00:00Z									7	"http://www.wikidata.org/entity/Q15217609"
<http://www.wikidata.org/entity/Q260474>	POINT(18.409758 47.191722)	"Roman Catholic Diocese of Székesfehérvár"@en	1777-06-16T00:00:00Z								"http://www.wikidata.org/entity/Q11778084"	16	"http://www.wikidata.org/entity/Q3146899"
<http://www.wikidata.org/entity/Q260633>	POINT(12.092778 49.015278)	"St. Emmeram's Abbey"@en	0739-01-01T00:00:00Z		1803-01-01T00:00:00Z				"http://www.wikidata.org/entity/Q131132"			15	"http://www.wikidata.org/entity/Q24305436|http://www.wikidata.org/entity/Q44613|http://www.wikidata.org/entity/Q708751|http://www.wikidata.org/entity/Q817056"
<http://www.wikidata.org/entity/Q2623978>	POINT(12.301867 41.759346)	"Roman Catholic Suburbicarian Diocese of Ostia"@en									"http://www.wikidata.org/entity/Q1743216"	19	"http://www.wikidata.org/entity/Q1184788"
<http://www.wikidata.org/entity/Q2656880>	POINT(25.130800 35.337500)	"Church of Crete"@en									"http://www.wikidata.org/entity/Q211004"	19	"http://www.wikidata.org/entity/Q116372166"
<http://www.wikidata.org/entity/Q2661907>	POINT(4.290278 36.686611)	"Bida (North Africa)"@en										6	"http://www.wikidata.org/entity/Q15217609"
<http://www.wikidata.org/entity/Q2662300>	POINT(3.210700 43.341583)	"Ancient Diocese of Béziers"@en			1790-01-01T00:00:00Z							6	"http://www.wikidata.org/entity/Q27780831"
<http://www.wikidata.org/entity/Q2662311>	POINT(3.524167 47.460000)	"Roman Catholic Diocese of Bethléem à Clamecy"@en			1801-11-29T00:00:00Z							2	"http://www.wikidata.org/entity/Q27780831"
<http://www.wikidata.org/entity/Q2662327>	POINT(6.816667 43.950000)	"Roman Catholic Diocese of Glandèves"@en			1801-11-29T00:00:00Z							7	"http://www.wikidata.org/entity/Q27780831"
<http://www.wikidata.org/entity/Q2662355>	POINT(1.870000 43.090000)	"Roman Catholic Diocese of Mirepoix"@en	1317-01-01T00:00:00Z		1801-01-01T00:00:00Z							6	"http://www.wikidata.org/entity/Q27780831"
<http://www.wikidata.org/entity/Q2662380>	POINT(8.700000 42.120000)	"Roman Catholic Diocese of Sagona"@en			1801-11-29T00:00:00Z							7	"http://www.wikidata.org/entity/Q27780831|http://www.wikidata.org/entity/Q3146899"
<http://www.wikidata.org/entity/Q2748748>	POINT(24.031590 49.841950)	"Metropolis of Lviv (Ukrainian Greek Catholic Church)"@en									"http://www.wikidata.org/entity/Q472189"	4	"http://www.wikidata.org/entity/Q10139375|http://www.wikidata.org/entity/Q427961"
<http://www.wikidata.org/entity/Q275605>	POINT(11.912800 45.793300)	"Titular see of Acelum"@en	1968-01-01T00:00:00Z									3	"http://www.wikidata.org/entity/Q15217609"
<http://www.wikidata.org/entity/Q275743>	POINT(12.889500 45.599150)	"Roman Catholic Diocese of Caorle"@en	0900-01-01T00:00:00Z		1818-05-01T00:00:00Z							4	"http://www.wikidata.org/entity/Q27780831"
<http://www.wikidata.org/entity/Q275757>	POINT(12.359900 45.434500)	"titular see of Castello"@en	1969-01-01T00:00:00Z									4	"http://www.wikidata.org/entity/Q15217609"
<http://www.wikidata.org/entity/Q276072>	POINT(12.419133 45.498351)	"Diocese of Torcello"@en	1968-01-01T00:00:00Z									6	"http://www.wikidata.org/entity/Q15217609"
<http://www.wikidata.org/entity/Q277226>	POINT(43.893300 36.741400)	"Chaldean Catholic Eparchy of Aqra"@en	1910-01-01T00:00:00Z		2018-12-22T00:00:00Z						"http://www.wikidata.org/entity/Q22936331"	10	"http://www.wikidata.org/entity/Q20725872"
<http://www.wikidata.org/entity/Q2799241>	POINT(37.057146 35.050807)	"Salamias"@en										1	"http://www.wikidata.org/entity/Q15217609"
<http://www.wikidata.org/entity/Q280768>	POINT(-4.533330 54.216700)	"Diocese of Sodor and Man"@en									"http://www.wikidata.org/entity/Q1278084"	14	"http://www.wikidata.org/entity/Q18917976"
<http://www.wikidata.org/entity/Q280782>	POINT(32.899533 36.481117)	"Irenopolis"@en										5	"http://www.wikidata.org/entity/Q15217609|http://www.wikidata.org/entity/Q486972|http://www.wikidata.org/entity/Q839954"
<http://www.wikidata.org/entity/Q28195204>	POINT(15.266700 40.233300)	"Roman Catholic Diocese of Capaccio"@en	1179-01-01T00:00:00Z		1851-07-16T00:00:00Z							1	"http://www.wikidata.org/entity/Q27780831"
<http://www.wikidata.org/entity/Q282062>	POINT(22.659400 52.396800)	"Roman Catholic Diocese of Drohiczyn"@en	1991-01-01T00:00:00Z								"http://www.wikidata.org/entity/Q3504705"	17	"http://www.wikidata.org/entity/Q3146899"
<http://www.wikidata.org/entity/Q284091>	POINT(-0.139600 51.496000)	"Roman Catholic Archdiocese of Westminster"@en	1850-09-29T00:00:00Z								"http://www.wikidata.org/entity/Q11778096"	19	"http://www.wikidata.org/entity/Q105390172"
<http://www.wikidata.org/entity/Q2845780>	POINT(1.821297 43.699325)	"Diocese of Lavaur"@en			1801-11-29T00:00:00Z							6	"http://www.wikidata.org/entity/Q27780831"
<http://www.wikidata.org/entity/Q2860071>	POINT(-0.180178 51.513037)	"Greek Orthodox Archdiocese of Thyateira and Great Britain"@en	1922-01-01T00:00:00Z								"http://www.wikidata.org/entity/Q211004"	9	"http://www.wikidata.org/entity/Q116372166|http://www.wikidata.org/entity/Q708676"
<http://www.wikidata.org/entity/Q29015490>	POINT(8.403240 48.941420)	"Kirchenkreis Mittelbaden"@en										1	"http://www.wikidata.org/entity/Q17305527"
<http://www.wikidata.org/entity/Q2947238>	POINT(17.955880 43.082830)	"Sarsenterum"@en	2009-01-01T00:00:00Z									7	"http://www.wikidata.org/entity/Q15217609"
<http://www.wikidata.org/entity/Q3028195>	POINT(-0.089722 51.506111)	"Diocese of Southwark"@en	1905-05-01T00:00:00Z								"http://www.wikidata.org/entity/Q2113985"	9	"http://www.wikidata.org/entity/Q18917976"
<http://www.wikidata.org/entity/Q3028493>	POINT(-2.240000 53.480000)	"Anglican Diocese of Manchester"@en	1847-09-01T00:00:00Z								"http://www.wikidata.org/entity/Q1278084"	8	"http://www.wikidata.org/entity/Q18917976"
<http://www.wikidata.org/entity/Q3028494>	POINT(-1.104167 50.790278)	"Anglican Diocese of Portsmouth"@en	1927-05-01T00:00:00Z								"http://www.wikidata.org/entity/Q2113985"	8	"http://www.wikidata.org/entity/Q18917976"
<http://www.wikidata.org/entity/Q3028501>	POINT(-2.096200 57.149700)	"Diocese of Aberdeen and Orkney"@en	1825-01-01T00:00:00Z									6	"http://www.wikidata.org/entity/Q20060955"
<http://www.wikidata.org/entity/Q3028510>	POINT(8.000000 58.166700)	"Diocese of Agder and Telemark"@en	1682-01-01T00:00:00Z									13	"http://www.wikidata.org/entity/Q66818387"
<http://www.wikidata.org/entity/Q3028527>	POINT(-3.567000 55.974000)	"Diocese of Edinburgh"@en										6	"http://www.wikidata.org/entity/Q18917976"
<http://www.wikidata.org/entity/Q3028528>	POINT(-1.081940 53.961900)	"Anglican Diocese of York"@en									"http://www.wikidata.org/entity/Q1278084"	12	"http://www.wikidata.org/entity/Q18917976"
<http://www.wikidata.org/entity/Q3028530>	POINT(-2.485000 53.750000)	"Diocese of Blackburn"@en	1926-11-12T00:00:00Z								"http://www.wikidata.org/entity/Q1278084"	8	"http://www.wikidata.org/entity/Q18917976"
<http://www.wikidata.org/entity/Q3028537>	POINT(-2.600800 51.451700)	"Diocese of Bristol"@en									"http://www.wikidata.org/entity/Q2113985"	9	"http://www.wikidata.org/entity/Q18917976"
<http://www.wikidata.org/entity/Q3028550>	POINT(0.472300 51.735200)	"Diocese of Chelmsford"@en	1914-01-23T00:00:00Z								"http://www.wikidata.org/entity/Q2113985"	8	"http://www.wikidata.org/entity/Q18917976"
<http://www.wikidata.org/entity/Q3028555>	POINT(-1.507200 52.408500)	"Diocese of Coventry"@en	1918-09-06T00:00:00Z								"http://www.wikidata.org/entity/Q2113985"	9	"http://www.wikidata.org/entity/Q18917976"
<http://www.wikidata.org/entity/Q3028558>	POINT(-1.477400 52.924800)	"Diocese of Derby"@en	1927-07-07T00:00:00Z								"http://www.wikidata.org/entity/Q2113985"	8	"http://www.wikidata.org/entity/Q18917976"
<http://www.wikidata.org/entity/Q3028559>	POINT(-1.594000 54.717000)	"Diocese of Durham"@en									"http://www.wikidata.org/entity/Q1278084"	11	"http://www.wikidata.org/entity/Q18917976"
<http://www.wikidata.org/entity/Q3028560>	POINT(-4.320000 55.826000)	"Diocese of Glasgow and Galloway"@en										6	"http://www.wikidata.org/entity/Q18917976"
<http://www.wikidata.org/entity/Q3028563>	POINT(-0.590000 51.241100)	"Diocese of Guildford"@en	1927-05-01T00:00:00Z								"http://www.wikidata.org/entity/Q2113985"	9	"http://www.wikidata.org/entity/Q18917976"
<http://www.wikidata.org/entity/Q3028579>	POINT(-1.830500 52.685500)	"Anglican Diocese of Lichfield"@en									"http://www.wikidata.org/entity/Q2113985"	9	"http://www.wikidata.org/entity/Q18917976"
<http://www.wikidata.org/entity/Q3028581>	POINT(-2.973060 53.397500)	"Anglican Diocese of Liverpool"@en	1880-04-09T00:00:00Z								"http://www.wikidata.org/entity/Q1278084"	7	"http://www.wikidata.org/entity/Q18917976"
<http://www.wikidata.org/entity/Q3028590>	POINT(-4.231000 57.477000)	"Diocese of Moray, Ross and Caithness"@en										6	"http://www.wikidata.org/entity/Q20060955"
<http://www.wikidata.org/entity/Q3028593>	POINT(-3.000000 51.666667)	"Diocese of Monmouth"@en										9	"http://www.wikidata.org/entity/Q18917976"
<http://www.wikidata.org/entity/Q3028607>	POINT(10.396900 63.426900)	"Diocese of Nidaros"@en										16	"http://www.wikidata.org/entity/Q66818387"
<http://www.wikidata.org/entity/Q3028611>	POINT(19.500000 69.600000)	"Diocese of Nord-Hålogaland"@en	1952-01-01T00:00:00Z									15	"http://www.wikidata.org/entity/Q665487"
<http://www.wikidata.org/entity/Q3028615>	POINT(-1.520000 54.135000)	"Diocese of Ripon"@en	1836-10-05T00:00:00Z		2014-04-20T00:00:00Z						"http://www.wikidata.org/entity/Q1278084"	4	"http://www.wikidata.org/entity/Q18917976"
<http://www.wikidata.org/entity/Q3028621>	POINT(-3.441940 53.257200)	"Diocese of St Asaph"@en										11	"http://www.wikidata.org/entity/Q18917976"
<http://www.wikidata.org/entity/Q3028624>	POINT(-3.435000 56.395000)	"Diocese of St Andrews, Dunkeld and Dunblane"@en										6	"http://www.wikidata.org/entity/Q20060955"
<http://www.wikidata.org/entity/Q3028626>	POINT(-1.470000 53.382000)	"Diocese of Sheffield"@en	1914-01-23T00:00:00Z								"http://www.wikidata.org/entity/Q1278084"	7	"http://www.wikidata.org/entity/Q18917976"
<http://www.wikidata.org/entity/Q3028630>	POINT(-0.339000 51.752000)	"Diocese of St Albans"@en	1877-05-04T00:00:00Z								"http://www.wikidata.org/entity/Q2113985"	9	"http://www.wikidata.org/entity/Q18917976"
<http://www.wikidata.org/entity/Q3028633>	POINT(0.716800 52.243900)	"Diocese of St Edmundsbury and Ipswich"@en	1914-01-23T00:00:00Z								"http://www.wikidata.org/entity/Q2113985"	7	"http://www.wikidata.org/entity/Q18917976"
<http://www.wikidata.org/entity/Q3028636>	POINT(-3.391944 51.951111)	"Diocese of Swansea and Brecon"@en										9	"http://www.wikidata.org/entity/Q18917976"
<http://www.wikidata.org/entity/Q3028653>	POINT(-1.500000 53.680000)	"Diocese of Wakefield"@en	1888-05-18T00:00:00Z		2014-04-20T00:00:00Z						"http://www.wikidata.org/entity/Q1278084"	4	"http://www.wikidata.org/entity/Q18917976"
<http://www.wikidata.org/entity/Q303911>	POINT(16.244722 47.808889)	"Military Ordinariate of Austria"@en	1959-02-21T00:00:00Z									14	"http://www.wikidata.org/entity/Q1531518"
<http://www.wikidata.org/entity/Q305003>	POINT(22.722613 48.440394)	"Roman Catholic Diocese of Mukacheve"@en	1993-01-01T00:00:00Z									16	"http://www.wikidata.org/entity/Q1431554|http://www.wikidata.org/entity/Q3146899"
<http://www.wikidata.org/entity/Q31200382>	POINT(17.955880 43.082830)	"Diocese of Sarsenterum"@en										0	"http://www.wikidata.org/entity/Q665487"
<http://www.wikidata.org/entity/Q315609>	POINT(11.810000 51.152500)	"Roman Catholic Diocese of Naumburg"@en	1029-01-01T00:00:00Z		1656-01-01T00:00:00Z							8	"http://www.wikidata.org/entity/Q27780831"
<http://www.wikidata.org/entity/Q316077>	POINT(8.017100 48.404200)	"Gengenbach Abbey"@en	0725-01-01T00:00:00Z		1803-01-01T00:00:00Z				"http://www.wikidata.org/entity/Q131132"			8	"http://www.wikidata.org/entity/Q26830017|http://www.wikidata.org/entity/Q2742167|http://www.wikidata.org/entity/Q708751|http://www.wikidata.org/entity/Q817056"
<http://www.wikidata.org/entity/Q31840211>	POINT(10.025556 51.870556)	"Propstei Gandersheim-Seesen"@en										2	"http://www.wikidata.org/entity/Q665487"
<http://www.wikidata.org/entity/Q323301>	POINT(36.311389 33.509445)	"Eastern Orthodox Patriarchate of Antioch"@en									"http://www.wikidata.org/entity/Q35032|http://www.wikidata.org/entity/Q7970362"	60	"http://www.wikidata.org/entity/Q44301618"
<http://www.wikidata.org/entity/Q325761>	POINT(11.871000 42.742725)	"Aquipendium titular see"@en	1991-02-16T00:00:00Z									6	"http://www.wikidata.org/entity/Q15217609"
<http://www.wikidata.org/entity/Q325771>	POINT(14.993548 41.041503)	"Diocese of Eclanum"@en	1966-01-01T00:00:00Z									5	"http://www.wikidata.org/entity/Q15217609"
<http://www.wikidata.org/entity/Q325776>	POINT(13.916667 41.050000)	"Volturnum"@en	1966-01-01T00:00:00Z									6	"http://www.wikidata.org/entity/Q15217609"
<http://www.wikidata.org/entity/Q325804>	POINT(16.066050 41.223000)	"Diocese of Canosa"@en	2002-01-01T00:00:00Z									5	"http://www.wikidata.org/entity/Q15217609"
<http://www.wikidata.org/entity/Q326113>	POINT(5.036000 43.836325)	"Cavaillon"@en										2	"http://www.wikidata.org/entity/Q15217609"
<http://www.wikidata.org/entity/Q328001>	POINT(5.894172 48.675483)	"Prince-Bishopric of Toul"@en	1048-01-01T00:00:00Z		1801-01-01T00:00:00Z							9	"http://www.wikidata.org/entity/Q27780831|http://www.wikidata.org/entity/Q463742"
<http://www.wikidata.org/entity/Q3300687>	POINT(-1.313100 51.060700)	"Diocese of Winchester"@en	0660-01-01T00:00:00Z								"http://www.wikidata.org/entity/Q2113985"	11	"http://www.wikidata.org/entity/Q18917976"
<http://www.wikidata.org/entity/Q333255>	POINT(5.396900 43.876100)	"Apt titular see"@en	2009-01-01T00:00:00Z									2	"http://www.wikidata.org/entity/Q15217609"
<http://www.wikidata.org/entity/Q334174>	POINT(7.003333 46.219444)	"Territorial Abbey of Saint-Maurice"@en	0515-01-01T00:00:00Z						"http://www.wikidata.org/entity/Q3655527"			17	"http://www.wikidata.org/entity/Q1778235|http://www.wikidata.org/entity/Q2665272"
<http://www.wikidata.org/entity/Q339015>	POINT(-3.136200 37.300975)	"Titular see of Acci"@en	1969-01-01T00:00:00Z									6	"http://www.wikidata.org/entity/Q15217609|http://www.wikidata.org/entity/Q3146899"
<http://www.wikidata.org/entity/Q342582>	POINT(27.782778 39.080000)	"Acrassus"@en	1933-01-01T00:00:00Z									8	"http://www.wikidata.org/entity/Q15217609"
<http://www.wikidata.org/entity/Q342817>	POINT(14.989500 40.350500)	"Acropolis"@en	1968-01-01T00:00:00Z									6	"http://www.wikidata.org/entity/Q15217609"
<http://www.wikidata.org/entity/Q3502671>	POINT(3.058500 36.776300)	"Icosium"@en										7	"http://www.wikidata.org/entity/Q15217609|http://www.wikidata.org/entity/Q15661340"
<http://www.wikidata.org/entity/Q352304>	POINT(22.640001 41.435074)	"Macedonian Catholic Eparchy of the Blessed Virgin Mary Assumed in Strumica-Skopje"@en	2018-05-31T00:00:00Z								"http://www.wikidata.org/entity/Q3443559"	12	"http://www.wikidata.org/entity/Q105389481"
<http://www.wikidata.org/entity/Q3561679>	POINT(0.570908 43.026867)	"Roman Catholic Diocese of Comminges"@en	0500-01-01T00:00:00Z		1801-11-29T00:00:00Z							9	"http://www.wikidata.org/entity/Q27780831"
<http://www.wikidata.org/entity/Q3573252>	POINT(-1.604982 42.063890)	"Roman Catholic Diocese of Tudela"@en	1783-03-27T00:00:00Z		1851-09-05T00:00:00Z							4	"http://www.wikidata.org/entity/Q27780831"
<http://www.wikidata.org/entity/Q359273>	POINT(51.408600 35.696900)	"Roman Catholic Archdiocese of Tehran–Isfahan"@en	1629-10-12T00:00:00Z									15	"http://www.wikidata.org/entity/Q105419665|http://www.wikidata.org/entity/Q2665272"
<http://www.wikidata.org/entity/Q360601>	POINT(24.030800 49.843300)	"Armenian Catholic Archeparchy of Lviv"@en									"http://www.wikidata.org/entity/Q64842"	12	"http://www.wikidata.org/entity/Q108822950|http://www.wikidata.org/entity/Q141605273"
<http://www.wikidata.org/entity/Q360645>	POINT(6.348440 45.272900)	"Roman Catholic Diocese of Saint-Jean-de-Maurienne"@en	0579-01-01T00:00:00Z									7	"http://www.wikidata.org/entity/Q27780831"
<http://www.wikidata.org/entity/Q361729>	POINT(13.607200 43.440300)	"Roman Catholic Territorial Prelature of Loreto"@en	1935-01-01T00:00:00Z								"http://www.wikidata.org/entity/Q64427089"	15	"http://www.wikidata.org/entity/Q2633744|http://www.wikidata.org/entity/Q373074"
<http://www.wikidata.org/entity/Q3618590>	POINT(1.083056 51.279722)	"Roman Catholic Archdiocese of Canterbury"@en	0596-01-01T00:00:00Z		1558-01-01T00:00:00Z							6	"http://www.wikidata.org/entity/Q105390172|http://www.wikidata.org/entity/Q27780831"
<http://www.wikidata.org/entity/Q3618591>	POINT(-1.081945 53.961944)	"Roman Catholic Archdiocese of York"@en	0735-01-01T00:00:00Z		1579-01-01T00:00:00Z							6	"http://www.wikidata.org/entity/Q105390172|http://www.wikidata.org/entity/Q27780831"
<http://www.wikidata.org/entity/Q3618593>	POINT(9.799276 57.369012)	"Ancient See of Børglum"@en	1056-01-01T00:00:00Z		1536-11-09T00:00:00Z							4	"http://www.wikidata.org/entity/Q27780831"
<http://www.wikidata.org/entity/Q3618594>	POINT(-0.535747 53.234303)	"Roman Catholic Diocese of Lincoln (England)"@en										4	"http://www.wikidata.org/entity/Q27780831"
<http://www.wikidata.org/entity/Q366189>	POINT(4.872910 45.524230)	"Roman Catholic Archdiocese of Vienne"@en			1801-11-29T00:00:00Z						"http://www.wikidata.org/entity/Q3408471"	10	"http://www.wikidata.org/entity/Q27780831"
<http://www.wikidata.org/entity/Q3708105>	POINT(9.410000 51.777800)		1792-01-01T00:00:00Z		1821-08-16T00:00:00Z							3	"http://www.wikidata.org/entity/Q3146899"
<http://www.wikidata.org/entity/Q3708109>	POINT(28.083300 38.227600)	"Dios Hieron (Lydia)"@en	1933-01-01T00:00:00Z									3	"http://www.wikidata.org/entity/Q148837|http://www.wikidata.org/entity/Q15217609|http://www.wikidata.org/entity/Q839954"
<http://www.wikidata.org/entity/Q3708111>	POINT(-3.961000 56.189000)	"Diocese of Dunblane"@en										5	"http://www.wikidata.org/entity/Q125915900|http://www.wikidata.org/entity/Q27780831"
<http://www.wikidata.org/entity/Q3708117>	POINT(28.985710 37.622590)	"Heraclea Salbace"@en	1933-01-01T00:00:00Z									1	"http://www.wikidata.org/entity/Q15217609"
<http://www.wikidata.org/entity/Q3708135>	POINT(11.038300 60.791900)	"Roman Catholic Diocese of Hamar"@en	1153-01-01T00:00:00Z		1537-01-01T00:00:00Z						"http://www.wikidata.org/entity/Q141430997|http://www.wikidata.org/entity/Q31079827"	5	"http://www.wikidata.org/entity/Q27780831"
<http://www.wikidata.org/entity/Q3708179>	POINT(-3.783000 57.360000)	"Diocese of Moray"@en										5	"http://www.wikidata.org/entity/Q125915900|http://www.wikidata.org/entity/Q27780831"
<http://www.wikidata.org/entity/Q3708290>	POINT(25.610859 56.527966)	"Diocese of Semigalia"@en										6	"http://www.wikidata.org/entity/Q665487"
<http://www.wikidata.org/entity/Q3708441>	POINT(19.100000 50.800000)	"Polish Catholic Church Diocese of Kraków-Częstochowa"@en										2	"http://www.wikidata.org/entity/Q67206109"
<http://www.wikidata.org/entity/Q3708442>	POINT(21.045000 52.216400)	"Polish Catholic Church Diocese of Warsaw"@en										2	"http://www.wikidata.org/entity/Q67206109"
<http://www.wikidata.org/entity/Q370908>	POINT(19.127200 50.808800)	"Roman Catholic Archdiocese of Częstochowa"@en	1925-01-01T00:00:00Z								"http://www.wikidata.org/entity/Q3504266"	20	"http://www.wikidata.org/entity/Q105390172"
<http://www.wikidata.org/entity/Q371152>	POINT(18.921389 53.735833)	"Roman Catholic Diocese of Pomesania"@en	1243-08-04T00:00:00Z		1525-01-01T00:00:00Z						"http://www.wikidata.org/entity/Q9207355"	13	"http://www.wikidata.org/entity/Q27780831"
<http://www.wikidata.org/entity/Q372915>	POINT(3.317386 43.731935)	"Roman Catholic Diocese of Lodève"@en			1801-11-29T00:00:00Z							7	"http://www.wikidata.org/entity/Q27780831"
<http://www.wikidata.org/entity/Q373287>	POINT(31.233300 30.050000)	"Armenian Catholic Eparchy of Alexandria"@en	1885-01-01T00:00:00Z								"http://www.wikidata.org/entity/Q10882902"	14	"http://www.wikidata.org/entity/Q141603674|http://www.wikidata.org/entity/Q20725872"
<http://www.wikidata.org/entity/Q3738192>	POINT(18.612100 53.186000)	"Roman Catholic Diocese of Chełmno"@en	1243-01-01T00:00:00Z		1992-03-25T00:00:00Z						"http://www.wikidata.org/entity/Q9207355"	8	"http://www.wikidata.org/entity/Q27780831"
<http://www.wikidata.org/entity/Q375014>	POINT(-0.630000 45.740000)	"Roman Catholic Diocese of Saintes"@en			1801-11-29T00:00:00Z							7	"http://www.wikidata.org/entity/Q27780831"
<http://www.wikidata.org/entity/Q375607>	POINT(-3.570000 52.920000)	"Diocese of Wrexham"@en	1987-02-12T00:00:00Z								"http://www.wikidata.org/entity/Q11777916"	13	"http://www.wikidata.org/entity/Q3146899"
<http://www.wikidata.org/entity/Q375891>	POINT(-0.954300 53.076900)	"Diocese of Southwell and Nottingham"@en	1884-02-05T00:00:00Z								"http://www.wikidata.org/entity/Q1278084"	9	"http://www.wikidata.org/entity/Q18917976"
<http://www.wikidata.org/entity/Q386894>	POINT(-3.230000 48.790000)	"Roman Catholic Diocese of Tréguier"@en			1801-11-29T00:00:00Z							7	"http://www.wikidata.org/entity/Q27780831"
<http://www.wikidata.org/entity/Q387022>	POINT(4.850000 46.783333)	"Roman Catholic Diocese of Chalon-sur-Saône"@en			1801-11-29T00:00:00Z							7	"http://www.wikidata.org/entity/Q27780831"
<http://www.wikidata.org/entity/Q389360>	POINT(26.715000 58.380194)	"Bishopric of Dorpat"@en	1224-01-01T00:00:00Z		1558-01-01T00:00:00Z							20	"http://www.wikidata.org/entity/Q3146899|http://www.wikidata.org/entity/Q463742"
<http://www.wikidata.org/entity/Q392053>	POINT(9.228444 36.393083)	"Agbia"@en										4	"http://www.wikidata.org/entity/Q15217609"
<http://www.wikidata.org/entity/Q395039>	POINT(30.822786 31.534097)	"Agnus"@en										5	"http://www.wikidata.org/entity/Q15217609"
<http://www.wikidata.org/entity/Q40741>	POINT(20.468997 44.806550)	"Roman Catholic Archdiocese of Belgrade"@en	1924-10-29T00:00:00Z								"http://www.wikidata.org/entity/Q64431497"	19	"http://www.wikidata.org/entity/Q105390172|http://www.wikidata.org/entity/Q2072238|http://www.wikidata.org/entity/Q625160"
<http://www.wikidata.org/entity/Q4121630>	POINT(5.050000 44.050000)	"Roman Catholic Diocese of Carpentras"@en			1801-11-29T00:00:00Z							10	"http://www.wikidata.org/entity/Q27780831"
<http://www.wikidata.org/entity/Q4153535>	POINT(18.425218 43.858334)	"Metropolitanate of Dabar-Bosna"@en	1219-01-01T00:00:00Z								"http://www.wikidata.org/entity/Q188814"	10	"http://www.wikidata.org/entity/Q427961|http://www.wikidata.org/entity/Q60176300"
<http://www.wikidata.org/entity/Q4302540>	POINT(45.181600 54.181500)	"Metropolitanate of Mordovia"@en	2011-10-06T00:00:00Z								"http://www.wikidata.org/entity/Q60995"	5	"http://www.wikidata.org/entity/Q427961"
<http://www.wikidata.org/entity/Q43424>	POINT(33.976100 28.555600)	"Archdiocese of Sinai, Pharan, and Raitho"@en										20	"http://www.wikidata.org/entity/Q116372166|http://www.wikidata.org/entity/Q2654450"
<http://www.wikidata.org/entity/Q4370719>	POINT(28.758700 55.486100)	"Polatsk eparchy"@en	1391-01-01T00:00:00Z		1662-01-01T00:00:00Z							2	"http://www.wikidata.org/entity/Q2072238"
<http://www.wikidata.org/entity/Q441139>	POINT(8.786861 35.873444)	"Altiburus"@en	1933-01-01T00:00:00Z									3	"http://www.wikidata.org/entity/Q15217609"
<http://www.wikidata.org/entity/Q44300386>	POINT(35.517000 33.877917)	"Patriarch of Antioch and all the East of the Syriacs"@en									"http://www.wikidata.org/entity/Q22936436|http://www.wikidata.org/entity/Q755970"	5	"http://www.wikidata.org/entity/Q124434520"
<http://www.wikidata.org/entity/Q448527>	POINT(11.756855 47.707440)	"Tegernsee Abbey"@en	0701-01-01T00:00:00Z						"http://www.wikidata.org/entity/Q131132"			10	"http://www.wikidata.org/entity/Q160742|http://www.wikidata.org/entity/Q2742167|http://www.wikidata.org/entity/Q44613|http://www.wikidata.org/entity/Q708751"
<http://www.wikidata.org/entity/Q450258>	POINT(1.616667 50.716667)	"Ancient Diocese of Thérouanne"@en	0700-01-01T00:00:00Z		1566-03-13T00:00:00Z							6	"http://www.wikidata.org/entity/Q27780831"
<http://www.wikidata.org/entity/Q45109>	POINT(43.100000 36.733300)	"Chaldean Catholic Eparchy of Alqosh"@en	1960-01-01T00:00:00Z								"http://www.wikidata.org/entity/Q22936331"	13	"http://www.wikidata.org/entity/Q20725872"
<http://www.wikidata.org/entity/Q452534>	POINT(-4.163220 42.642610)	"Amaia"@en	1969-01-01T00:00:00Z									5	"http://www.wikidata.org/entity/Q15217609"
<http://www.wikidata.org/entity/Q454502>	POINT(19.697671 40.378770)	"Amantia"@en	1933-01-01T00:00:00Z									6	"http://www.wikidata.org/entity/Q15217609"
<http://www.wikidata.org/entity/Q45667776>	POINT(-2.650833 51.209167)	"Ancient Diocese of Bath and Wells"@en	1135-01-01T00:00:00Z		1559-01-01T00:00:00Z							4	"http://www.wikidata.org/entity/Q27780831"
<http://www.wikidata.org/entity/Q46082>	POINT(14.400833 50.090833)	"Roman Catholic Archdiocese of Prague"@en	0973-01-01T00:00:00Z								"http://www.wikidata.org/entity/Q11179608"	23	"http://www.wikidata.org/entity/Q105390172"
<http://www.wikidata.org/entity/Q464464>	POINT(2.883333 50.850000)	"Roman Catholic Diocese of Ypres"@en	1559-05-22T00:00:00Z		1801-07-15T00:00:00Z							8	"http://www.wikidata.org/entity/Q27780831"
<http://www.wikidata.org/entity/Q4664075>	POINT(20.071500 41.861800)	"Territorial Abbey of Orosh"@en	1888-12-25T00:00:00Z		1996-12-07T00:00:00Z							5	"http://www.wikidata.org/entity/Q135639685"
<http://www.wikidata.org/entity/Q4704524>	POINT(2.330830 48.854700)	"Ukrainian Catholic Eparchy of Saint Wladimir-Le-Grand de Paris"@en	1960-01-01T00:00:00Z								"http://www.wikidata.org/entity/Q472189"	15	"http://www.wikidata.org/entity/Q105389481"
<http://www.wikidata.org/entity/Q472227>	POINT(4.421972 44.012113)	"Roman Catholic Diocese of Uzès"@en			1801-11-29T00:00:00Z							7	"http://www.wikidata.org/entity/Q27780831"
<http://www.wikidata.org/entity/Q472455>	POINT(13.306000 42.400500)	"Amiternum"@en	1966-01-01T00:00:00Z									4	"http://www.wikidata.org/entity/Q15217609"
<http://www.wikidata.org/entity/Q472693>	POINT(8.453274 35.564430)	"Ammaedara"@en										3	"http://www.wikidata.org/entity/Q15217609"
<http://www.wikidata.org/entity/Q4763489>	POINT(-1.530500 53.799800)	"Anglican Diocese of Leeds"@en	2014-04-20T00:00:00Z								"http://www.wikidata.org/entity/Q1278084"	7	"http://www.wikidata.org/entity/Q18917976"
<http://www.wikidata.org/entity/Q476911>	POINT(-7.862958 42.336280)	"Roman Catholic Diocese of Ourense"@en	0401-01-01T00:00:00Z								"http://www.wikidata.org/entity/Q32997172"	14	"http://www.wikidata.org/entity/Q3146899|http://www.wikidata.org/entity/Q373074"
<http://www.wikidata.org/entity/Q477156>	POINT(11.159306 42.827180)	"titular see of Rusellae"@en	1966-01-01T00:00:00Z									6	"http://www.wikidata.org/entity/Q15217609"
<http://www.wikidata.org/entity/Q478133>	POINT(27.100000 39.550000)	"Aureliopolis in Asia"@en	1933-01-01T00:00:00Z									5	"http://www.wikidata.org/entity/Q15217609"
<http://www.wikidata.org/entity/Q481991>	POINT(22.622495 37.016407)	"Amyclae"@en										4	"http://www.wikidata.org/entity/Q15217609"
<http://www.wikidata.org/entity/Q48739882>	POINT(30.626389 30.778056)	"Andropolis"@en										2	"http://www.wikidata.org/entity/Q15217609|http://www.wikidata.org/entity/Q15661340"
<http://www.wikidata.org/entity/Q496180>	POINT(8.800000 53.066667)	"Archbishopric of Bremen"@en	0788-01-01T00:00:00Z		1648-01-01T00:00:00Z							18	"http://www.wikidata.org/entity/Q27780831"
<http://www.wikidata.org/entity/Q4994042>	POINT(16.366945 56.664722)	"Diocese of Kalmar"@en			1915-01-01T00:00:00Z						"http://www.wikidata.org/entity/Q749243"	9	"http://www.wikidata.org/entity/Q4162032|http://www.wikidata.org/entity/Q66818387"
<http://www.wikidata.org/entity/Q50221603>	POINT(-8.655603 42.745949)	"Diocese of Iria Flavia"@en										1	"http://www.wikidata.org/entity/Q15893266|http://www.wikidata.org/entity/Q27780831"
<http://www.wikidata.org/entity/Q5068659>	POINT(44.416667 33.350000)	"Chaldean Catholic Patriarchate of Babylon"@en									"http://www.wikidata.org/entity/Q22936331|http://www.wikidata.org/entity/Q64868"	17	"http://www.wikidata.org/entity/Q124434520"
<http://www.wikidata.org/entity/Q511342>	POINT(-0.780000 50.837000)	"Anglican Diocese of Chichester"@en	1075-01-01T00:00:00Z								"http://www.wikidata.org/entity/Q2113985"	9	"http://www.wikidata.org/entity/Q18917976"
<http://www.wikidata.org/entity/Q5169035>	POINT(-1.775278 52.420944)	"Coptic Orthodox Diocese of the Midlands and Affiliated Areas U.K."@en										3	"http://www.wikidata.org/entity/Q665487"
<http://www.wikidata.org/entity/Q523161>	POINT(11.607550 48.152900)	"Apostolic Exarchate in Germany and Scandinavia for the Ukrainians"@en	1959-01-01T00:00:00Z								"http://www.wikidata.org/entity/Q472189"	16	"http://www.wikidata.org/entity/Q3732788"
<http://www.wikidata.org/entity/Q5278857>	POINT(11.992300 43.276500)	"Roman Catholic Diocese of Cortona"@en	1325-06-27T00:00:00Z		1986-09-30T00:00:00Z							3	"http://www.wikidata.org/entity/Q27780831"
<http://www.wikidata.org/entity/Q5278867>	POINT(-3.585000 56.565000)	"Diocese of Dunkeld"@en	1100-01-01T00:00:00Z		1689-01-01T00:00:00Z							3	"http://www.wikidata.org/entity/Q125915900|http://www.wikidata.org/entity/Q27780831"
<http://www.wikidata.org/entity/Q5278882>	POINT(-3.608000 55.069000)	"Diocese of Galloway, Scotland 1128-1558 and to 1689"@en	1128-01-01T00:00:00Z		1689-01-01T00:00:00Z							3	"http://www.wikidata.org/entity/Q125915900|http://www.wikidata.org/entity/Q27780831"
<http://www.wikidata.org/entity/Q5278912>	POINT(13.816667 58.700000)	"Diocese of Mariestad"@en	1580-01-01T00:00:00Z		1646-01-01T00:00:00Z							5	"http://www.wikidata.org/entity/Q665487"
<http://www.wikidata.org/entity/Q5279044>	POINT(-0.128100 51.499000)	"Diocese of Westminster"@en	1540-01-01T00:00:00Z		1550-01-01T00:00:00Z							2	"http://www.wikidata.org/entity/Q27780831"
<http://www.wikidata.org/entity/Q5279054>	POINT(-4.698100 54.226200)	"Diocese of the Isles"@en	1098-01-01T00:00:00Z		1558-01-01T00:00:00Z						"http://www.wikidata.org/entity/Q141430997"	5	"http://www.wikidata.org/entity/Q27780831"
<http://www.wikidata.org/entity/Q530303>	POINT(21.629742 47.526158)	"Roman Catholic Diocese of Debrecen–Nyíregyháza"@en	1993-05-31T00:00:00Z									15	"http://www.wikidata.org/entity/Q3146899"
<http://www.wikidata.org/entity/Q530906>	POINT(35.227090 31.777780)	"Latin Patriarchate of Jerusalem"@en	1099-01-01T00:00:00Z									31	"http://www.wikidata.org/entity/Q12593969"
<http://www.wikidata.org/entity/Q531737>	POINT(47.816700 30.483300)	"Chaldean Catholic Archeparchy of Basra"@en									"http://www.wikidata.org/entity/Q64868"	11	"http://www.wikidata.org/entity/Q108822950"
<http://www.wikidata.org/entity/Q535720>	POINT(36.570872 40.622447)	"Ibora"@en										5	"http://www.wikidata.org/entity/Q15217609|http://www.wikidata.org/entity/Q486972"
<http://www.wikidata.org/entity/Q536990>	POINT(35.505000 33.895000)	"Maronite Catholic Archeparchy of Beirut"@en									"http://www.wikidata.org/entity/Q64900"	11	"http://www.wikidata.org/entity/Q108822950"
<http://www.wikidata.org/entity/Q540541>	POINT(16.311111 49.870556)	"Diocese of Litomyšl"@en	1344-05-08T00:00:00Z		1474-01-01T00:00:00Z							7	"http://www.wikidata.org/entity/Q27780831"
<http://www.wikidata.org/entity/Q5422103>	POINT(5.033333 43.833333)	"Roman Catholic Diocese of Cavaillon"@en	0300-01-01T00:00:00Z		1801-11-29T00:00:00Z							9	"http://www.wikidata.org/entity/Q27780831"
<http://www.wikidata.org/entity/Q543301>	POINT(-2.643750 53.331222)	"Diocese of Chester"@en	1541-08-14T00:00:00Z								"http://www.wikidata.org/entity/Q1278084"	9	"http://www.wikidata.org/entity/Q18917976"
<http://www.wikidata.org/entity/Q545383>	POINT(28.961200 41.004500)	"Armenian Patriarchate of Constantinople"@en	1461-01-01T00:00:00Z								"http://www.wikidata.org/entity/Q683724"	25	"http://www.wikidata.org/entity/Q1282276|http://www.wikidata.org/entity/Q35112127"
<http://www.wikidata.org/entity/Q54818777>	POINT(7.946111 49.037500)	"Imperial Abbey of Wissembourg"@en	0974-01-01T00:00:00Z		1789-01-01T00:00:00Z						"http://www.wikidata.org/entity/Q574644"	0	"http://www.wikidata.org/entity/Q26830017|http://www.wikidata.org/entity/Q3024240|http://www.wikidata.org/entity/Q708751"
<http://www.wikidata.org/entity/Q548512>	POINT(28.443642 37.933423)	"Anineta"@en	1933-01-01T00:00:00Z									6	"http://www.wikidata.org/entity/Q15217609"
<http://www.wikidata.org/entity/Q549405>	POINT(6.075000 35.779444)	"Diana titular see"@en	1933-01-01T00:00:00Z									3	"http://www.wikidata.org/entity/Q15217609"
<http://www.wikidata.org/entity/Q553177>	POINT(21.712403 47.955416)	"Archeparchy of Hajdúdorog (Hungarian Greek Catholic Church)"@en	1912-01-01T00:00:00Z								"http://www.wikidata.org/entity/Q28966626|http://www.wikidata.org/entity/Q950310"	19	"http://www.wikidata.org/entity/Q108822885"
<http://www.wikidata.org/entity/Q5622023>	POINT(0.503333 51.388889)	"Anglican Diocese of Rochester"@en									"http://www.wikidata.org/entity/Q2113985"	12	"http://www.wikidata.org/entity/Q18917976"
<http://www.wikidata.org/entity/Q566315>	POINT(9.183333 47.666667)	"Roman Catholic Diocese of Constance"@en	0585-01-01T00:00:00Z		1821-08-16T00:00:00Z							13	"http://www.wikidata.org/entity/Q27780831"
<http://www.wikidata.org/entity/Q569885>	POINT(14.128100 50.532100)	"Roman Catholic Diocese of Litoměřice"@en	1655-07-03T00:00:00Z								"http://www.wikidata.org/entity/Q11179608"	14	"http://www.wikidata.org/entity/Q3146899"
<http://www.wikidata.org/entity/Q571077>	POINT(26.789167 39.570556)	"Antandrus"@en	1933-01-01T00:00:00Z									3	"http://www.wikidata.org/entity/Q15217609"
<http://www.wikidata.org/entity/Q573750>	POINT(31.166700 27.183300)	"Coptic Catholic Eparchy of Assiut"@en									"http://www.wikidata.org/entity/Q97260008"	10	"http://www.wikidata.org/entity/Q20725872"
<http://www.wikidata.org/entity/Q573888>	POINT(42.730540 42.149923)	"Diocese of Rhodopolis"@en	1933-01-01T00:00:00Z									2	"http://www.wikidata.org/entity/Q15217609"
<http://www.wikidata.org/entity/Q581448>	POINT(-5.665736 40.960622)	"Roman Catholic Diocese of Salamanca"@en									"http://www.wikidata.org/entity/Q64430802"	14	"http://www.wikidata.org/entity/Q3146899|http://www.wikidata.org/entity/Q373074"
<http://www.wikidata.org/entity/Q58344682>	POINT(-0.590600 42.675800)	"bishopric of Sasabe"@en			1076-01-01T00:00:00Z							2	"http://www.wikidata.org/entity/Q27780831"
<http://www.wikidata.org/entity/Q584214>	POINT(12.628600 41.448300)	"Antium"@en	1969-01-01T00:00:00Z									5	"http://www.wikidata.org/entity/Q15217609"
<http://www.wikidata.org/entity/Q587581>	POINT(9.361667 36.523611)	"Thignica"@en										3	"http://www.wikidata.org/entity/Q15217609"
<http://www.wikidata.org/entity/Q59201841>	POINT(-3.123600 42.865800)	"Valpuesta"@en										6	"http://www.wikidata.org/entity/Q665487"
<http://www.wikidata.org/entity/Q602735>	POINT(45.433300 35.550000)	"Sulaymaniyya eparchy of the Chaldeans"@en	1968-01-01T00:00:00Z		2013-01-01T00:00:00Z						"http://www.wikidata.org/entity/Q22936331"	7	"http://www.wikidata.org/entity/Q20725872"
<http://www.wikidata.org/entity/Q603125>	POINT(0.198889 48.009167)	"Roman Catholic Diocese of Le Mans"@en	0500-01-01T00:00:00Z									16	"http://www.wikidata.org/entity/Q3146899"
<http://www.wikidata.org/entity/Q605584>	POINT(16.491945 50.841111)	"Roman Catholic Diocese of Świdnica"@en	2004-01-01T00:00:00Z								"http://www.wikidata.org/entity/Q3497775"	15	"http://www.wikidata.org/entity/Q3146899"
<http://www.wikidata.org/entity/Q610448>	POINT(-7.362778 43.428055)	"Roman Catholic Diocese of Mondoñedo-Ferrol"@en	1959-03-19T00:00:00Z								"http://www.wikidata.org/entity/Q32997172"	13	"http://www.wikidata.org/entity/Q3146899|http://www.wikidata.org/entity/Q373074"
<http://www.wikidata.org/entity/Q6113758>	POINT(11.000971 35.014288)	"Ruspe"@en										3	"http://www.wikidata.org/entity/Q15217609|http://www.wikidata.org/entity/Q15661340"
<http://www.wikidata.org/entity/Q620000>	POINT(24.748900 59.438100)	"Roman Catholic Diocese of Tallinn"@en	1924-11-01T00:00:00Z									15	"http://www.wikidata.org/entity/Q2665272|http://www.wikidata.org/entity/Q3146899"
<http://www.wikidata.org/entity/Q620190>	POINT(28.977500 41.036900)	"Apostolic Exarchate of Istanbul"@en	1911-01-01T00:00:00Z								"http://www.wikidata.org/entity/Q44476"	11	"http://www.wikidata.org/entity/Q3732788"
<http://www.wikidata.org/entity/Q620195>	POINT(20.790400 48.106600)	"Hungarian Catholic Eparchy of Miskolc"@en	1924-01-01T00:00:00Z								"http://www.wikidata.org/entity/Q28966626"	15	"http://www.wikidata.org/entity/Q105389481"
<http://www.wikidata.org/entity/Q620202>	POINT(14.415000 50.086111)	"Apostolic Exarchate in the Czech Republic"@en	1996-01-18T00:00:00Z								"http://www.wikidata.org/entity/Q657390"	16	"http://www.wikidata.org/entity/Q3732788"
<http://www.wikidata.org/entity/Q620205>	POINT(22.205600 49.558300)	"Apostolic Exarchate of Lemkowszczyzna"@en	1934-02-10T00:00:00Z		1991-01-16T00:00:00Z							8	"http://www.wikidata.org/entity/Q137662053"
<http://www.wikidata.org/entity/Q621033>	POINT(26.245621 43.987675)	"Appiaria"@en										3	"http://www.wikidata.org/entity/Q15217609"
<http://www.wikidata.org/entity/Q622978>	POINT(-7.469000 41.739000)	"Titular See of Aquae Flaviae"@en	1969-01-01T00:00:00Z									5	"http://www.wikidata.org/entity/Q15217609"
<http://www.wikidata.org/entity/Q623285>	POINT(13.370400 45.769500)	"Titular see of Aquileia"@en										3	"http://www.wikidata.org/entity/Q15217609"
<http://www.wikidata.org/entity/Q624397>	POINT(36.911673 38.246013)	"Arabissus"@en										5	"http://www.wikidata.org/entity/Q15217609"
<http://www.wikidata.org/entity/Q626173>	POINT(6.924720 43.657900)	"Roman Catholic Diocese of Grasse"@en			1801-11-29T00:00:00Z							7	"http://www.wikidata.org/entity/Q27780831"
<http://www.wikidata.org/entity/Q626850>	POINT(14.761950 44.754250)	"Arba titular see"@en	1933-01-01T00:00:00Z									3	"http://www.wikidata.org/entity/Q15217609"
<http://www.wikidata.org/entity/Q631494>	POINT(27.733333 38.083333)	"Arcadiopolis in Asia"@en										6	"http://www.wikidata.org/entity/Q15217609"
<http://www.wikidata.org/entity/Q631661>	POINT(1.203330 43.258330)	"Ancient Diocese of Rieux"@en			1801-11-29T00:00:00Z							7	"http://www.wikidata.org/entity/Q27780831"
<http://www.wikidata.org/entity/Q631740>	POINT(-2.669420 40.431800)	"Roman Catholic Diocese of Arcavica"@en	1969-01-01T00:00:00Z									5	"http://www.wikidata.org/entity/Q15217609"
<http://www.wikidata.org/entity/Q632602>	POINT(35.228630 31.778440)	"Greek Orthodox Patriarchate of Jerusalem"@en	0001-01-01T00:00:00Z								"http://www.wikidata.org/entity/Q35032|http://www.wikidata.org/entity/Q7970362"	49	"http://www.wikidata.org/entity/Q44301618"
<http://www.wikidata.org/entity/Q636236>	POINT(-1.364700 48.687800)	"Roman Catholic Diocese of Avranches"@en			1801-11-29T00:00:00Z							6	"http://www.wikidata.org/entity/Q27780831"
<http://www.wikidata.org/entity/Q636389>	POINT(11.966667 51.466667)	"Archbishopric of Magdeburg"@en	1180-01-01T00:00:00Z		1680-01-01T00:00:00Z							17	"http://www.wikidata.org/entity/Q1366274|http://www.wikidata.org/entity/Q26830017"
<http://www.wikidata.org/entity/Q638160>	POINT(35.300000 32.700000)	"Titular Archbishopric of Nazareth"@en	1099-01-01T00:00:00Z									9	"http://www.wikidata.org/entity/Q15217609"
<http://www.wikidata.org/entity/Q64220927>	POINT(35.781528 35.518556)	"Greek Orthodox Archdiocese of Latakia"@en										3	"http://www.wikidata.org/entity/Q427961"
<http://www.wikidata.org/entity/Q64935>	POINT(23.313450 42.691280)	"Bulgarian Greek Catholic Eparchy of Sofia"@en	2019-10-11T00:00:00Z								"http://www.wikidata.org/entity/Q2664136"	12	"http://www.wikidata.org/entity/Q105389481"
<http://www.wikidata.org/entity/Q654465>	POINT(30.693900 39.445600)	"Nacolia"@en										2	"http://www.wikidata.org/entity/Q15217609"
<http://www.wikidata.org/entity/Q656904>	POINT(30.472500 37.181111)	"Ariassus"@en										7	"http://www.wikidata.org/entity/Q15217609|http://www.wikidata.org/entity/Q15661340|http://www.wikidata.org/entity/Q486972|http://www.wikidata.org/entity/Q839954"
<http://www.wikidata.org/entity/Q658211>	POINT(23.582222 46.767386)	"Greek Catholic Diocese of Cluj-Gherla"@en	1853-11-26T00:00:00Z								"http://www.wikidata.org/entity/Q108822885"	12	"http://www.wikidata.org/entity/Q105389481"
<http://www.wikidata.org/entity/Q659423>	POINT(10.396900 63.426900)	"Roman Catholic Archdiocese of Nidaros"@en	1153-01-01T00:00:00Z		1537-01-01T00:00:00Z						"http://www.wikidata.org/entity/Q141430997|http://www.wikidata.org/entity/Q31079827"	13	"http://www.wikidata.org/entity/Q27780831"
<http://www.wikidata.org/entity/Q661612>	POINT(4.630894 52.385961)	"Old Catholic Diocese of Haarlem"@en	1723-01-01T00:00:00Z									5	"http://www.wikidata.org/entity/Q67206109"
<http://www.wikidata.org/entity/Q661703>	POINT(35.650011 30.715285)	"Arindela"@en										9	"http://www.wikidata.org/entity/Q15217609"
<http://www.wikidata.org/entity/Q664041>	POINT(4.076389 44.123611)	"Arisitum"@en	2009-02-09T00:00:00Z									8	"http://www.wikidata.org/entity/Q15217609"
<http://www.wikidata.org/entity/Q665037>	POINT(12.506156 41.885906)	"Diocese of Rome"@en	0001-01-01T00:00:00Z								"http://www.wikidata.org/entity/Q1743216"	42	"http://www.wikidata.org/entity/Q105390172|http://www.wikidata.org/entity/Q110164339|http://www.wikidata.org/entity/Q12593969|http://www.wikidata.org/entity/Q3146899"
<http://www.wikidata.org/entity/Q665759>	POINT(-5.018000 50.240000)	"Diocese of Truro"@en	1876-12-15T00:00:00Z								"http://www.wikidata.org/entity/Q2113985"	13	"http://www.wikidata.org/entity/Q18917976"
<http://www.wikidata.org/entity/Q668809>	POINT(27.791880 38.797510)	"Hierocæsarea"@en										4	"http://www.wikidata.org/entity/Q15217609|http://www.wikidata.org/entity/Q15661340"
<http://www.wikidata.org/entity/Q669032>	POINT(22.479444 58.246919)	"Prince-Bishopric of Ösel-Wiek"@en	1228-01-01T00:00:00Z		1560-01-01T00:00:00Z							26	"http://www.wikidata.org/entity/Q27780831"
<http://www.wikidata.org/entity/Q670239>	POINT(20.987083 50.013083)	"Roman Catholic Diocese of Tarnów"@en									"http://www.wikidata.org/entity/Q3504750"	16	"http://www.wikidata.org/entity/Q3146899"
<http://www.wikidata.org/entity/Q674141>	POINT(9.720580 47.503700)	"Territorial Abbey of Wettingen-Mehrerau"@en	0601-01-01T00:00:00Z						"http://www.wikidata.org/entity/Q166861"			16	"http://www.wikidata.org/entity/Q1778235|http://www.wikidata.org/entity/Q2665272"
<http://www.wikidata.org/entity/Q674549>	POINT(0.865613 36.220608)	"Timici"@en	1933-01-01T00:00:00Z									5	"http://www.wikidata.org/entity/Q15217609"
<http://www.wikidata.org/entity/Q677019>	POINT(4.807222 44.138055)	"Roman Catholic Diocese of Orange"@en										10	"http://www.wikidata.org/entity/Q27780831"
<http://www.wikidata.org/entity/Q677930>	POINT(8.933258 40.826800)	"Pandosia"@en	1976-01-01T00:00:00Z									5	"http://www.wikidata.org/entity/Q15217609"
<http://www.wikidata.org/entity/Q678924>	POINT(44.426194 33.307083)	"Archaeparchy of Baghdad of the Syrians"@en	1862-01-01T00:00:00Z								"http://www.wikidata.org/entity/Q755970"	10	"http://www.wikidata.org/entity/Q108822950"
<http://www.wikidata.org/entity/Q679114>	POINT(9.062081 47.698739)	"Abbey of Reichenau"@en	0724-01-01T00:00:00Z		1803-01-01T00:00:00Z				"http://www.wikidata.org/entity/Q131132"	<http://www.wikidata.org/entity/Q566315>	"http://www.wikidata.org/entity/Q156439"	22	"http://www.wikidata.org/entity/Q26830017|http://www.wikidata.org/entity/Q2742167|http://www.wikidata.org/entity/Q44613|http://www.wikidata.org/entity/Q708751"
<http://www.wikidata.org/entity/Q684075>	POINT(6.027750 50.426900)	"Diocese of Eupen-Malmedy"@en	1920-01-01T00:00:00Z									8	"http://www.wikidata.org/entity/Q665487"
<http://www.wikidata.org/entity/Q684520>	POINT(-2.616000 51.456000)	"Roman Catholic Diocese of Clifton"@en										11	"http://www.wikidata.org/entity/Q3146899|http://www.wikidata.org/entity/Q708676"
<http://www.wikidata.org/entity/Q693061>	POINT(21.156100 51.396900)	"Roman Catholic Diocese of Radom"@en	1992-01-01T00:00:00Z								"http://www.wikidata.org/entity/Q3504266"	19	"http://www.wikidata.org/entity/Q3146899"
<http://www.wikidata.org/entity/Q693087>	POINT(8.751472 47.126667)	"Territorial Abbey of Maria Einsiedeln"@en	0934-01-01T00:00:00Z						"http://www.wikidata.org/entity/Q131132"			4	"http://www.wikidata.org/entity/Q1778235|http://www.wikidata.org/entity/Q2665272"
<http://www.wikidata.org/entity/Q693678>	POINT(35.585328 33.918275)	"Holy See of Cilicia"@en	1441-01-01T00:00:00Z								"http://www.wikidata.org/entity/Q683724"	19	"http://www.wikidata.org/entity/Q1736301|http://www.wikidata.org/entity/Q866196"
<http://www.wikidata.org/entity/Q7005544>	POINT(8.274167 49.998889)	"Roman Catholic Diocese of Mainz"@en	1801-11-29T00:00:00Z								"http://www.wikidata.org/entity/Q127394"	23	"http://www.wikidata.org/entity/Q3146899|http://www.wikidata.org/entity/Q373074"
<http://www.wikidata.org/entity/Q701614>	POINT(13.033333 47.800000)	"Prince-Archbishopric of Salzburg"@en	1278-01-01T00:00:00Z		1803-01-01T00:00:00Z							25	"http://www.wikidata.org/entity/Q1366274|http://www.wikidata.org/entity/Q26830017|http://www.wikidata.org/entity/Q3024240"
<http://www.wikidata.org/entity/Q718855>	POINT(44.000000 36.183300)	"Chaldean Catholic Archeparchy of Arbil"@en	1968-03-07T00:00:00Z								"http://www.wikidata.org/entity/Q64868"	21	"http://www.wikidata.org/entity/Q108822950"
<http://www.wikidata.org/entity/Q728793>	POINT(12.125833 44.188056)	"Forum Popilii"@en										6	"http://www.wikidata.org/entity/Q15217609"
<http://www.wikidata.org/entity/Q729493>	POINT(29.391811 38.990799)	"Cadi"@en	1927-01-01T00:00:00Z									5	"http://www.wikidata.org/entity/Q15217609"
<http://www.wikidata.org/entity/Q735596>	POINT(5.733162 58.969787)	"Roman Catholic Diocese of Stavanger"@en	1125-01-01T00:00:00Z		1537-01-01T00:00:00Z						"http://www.wikidata.org/entity/Q141430997|http://www.wikidata.org/entity/Q31079827"	6	"http://www.wikidata.org/entity/Q27780831"
<http://www.wikidata.org/entity/Q740783>	POINT(12.339303 45.434717)	"Patriarchate of Venice"@en	1451-10-17T00:00:00Z								"http://www.wikidata.org/entity/Q1268513"	26	"http://www.wikidata.org/entity/Q12593969"
<http://www.wikidata.org/entity/Q741822>	POINT(27.877777 38.476241)	"Aureliopolis in Lydia"@en										3	"http://www.wikidata.org/entity/Q15217609"
<http://www.wikidata.org/entity/Q742057>	POINT(14.966667 38.133333)	"Roman Catholic Diocese of Patti"@en	1399-01-01T00:00:00Z								"http://www.wikidata.org/entity/Q1508474"	14	"http://www.wikidata.org/entity/Q3146899|http://www.wikidata.org/entity/Q373074"
<http://www.wikidata.org/entity/Q745613>	POINT(31.700000 26.550000)	"Coptic Catholic Eparchy of Sohag"@en									"http://www.wikidata.org/entity/Q97260008"	10	"http://www.wikidata.org/entity/Q20725872"
<http://www.wikidata.org/entity/Q747705>	POINT(14.365250 46.699240)	"Virunum"@en	1968-01-01T00:00:00Z									4	"http://www.wikidata.org/entity/Q15217609"
<http://www.wikidata.org/entity/Q749432>	POINT(-5.081490 37.540920)	"Astigi"@en	1969-01-01T00:00:00Z									6	"http://www.wikidata.org/entity/Q15217609"
<http://www.wikidata.org/entity/Q758257>	POINT(28.805880 37.842190)	"Attuda"@en										6	"http://www.wikidata.org/entity/Q15217609"
<http://www.wikidata.org/entity/Q758569>	POINT(-3.135555 42.491111)	"Auca titular see"@en	1969-01-01T00:00:00Z									10	"http://www.wikidata.org/entity/Q15217609"
<http://www.wikidata.org/entity/Q762255>	POINT(15.533333 40.383333)	"Roman Catholic Diocese of Teggiano-Policastro"@en	1850-01-01T00:00:00Z									14	"http://www.wikidata.org/entity/Q3146899"
<http://www.wikidata.org/entity/Q765737>	POINT(13.813900 41.490000)	"Territorial Abbey of Mont-Cassin"@en										10	"http://www.wikidata.org/entity/Q1778235|http://www.wikidata.org/entity/Q2665272"
<http://www.wikidata.org/entity/Q767613>	POINT(31.913889 38.279167)	"Tyriaeum"@en	1933-01-01T00:00:00Z									2	"http://www.wikidata.org/entity/Q15217609"
<http://www.wikidata.org/entity/Q772610>	POINT(22.277500 52.171111)	"Roman Catholic Diocese of Siedlce"@en	1818-06-30T00:00:00Z								"http://www.wikidata.org/entity/Q1973461"	17	"http://www.wikidata.org/entity/Q3146899"
<http://www.wikidata.org/entity/Q772675>	POINT(30.700000 28.190000)	"Theodosiopolis in Arcadia"@en										4	"http://www.wikidata.org/entity/Q15217609"
<http://www.wikidata.org/entity/Q777448>	POINT(9.783079 36.663672)	"Aurusuliana"@en	1933-01-01T00:00:00Z									5	"http://www.wikidata.org/entity/Q15217609"
<http://www.wikidata.org/entity/Q778172>	POINT(-2.972220 56.459400)	"Diocese of Brechin"@en										6	"http://www.wikidata.org/entity/Q18917976"
<http://www.wikidata.org/entity/Q783975>	POINT(33.431700 31.117400)	"Ostracine"@en										7	"http://www.wikidata.org/entity/Q15217609"
<http://www.wikidata.org/entity/Q784328>	POINT(28.979800 41.035600)	"Armenian Catholic Archeparchy of Istanbul"@en	1830-01-01T00:00:00Z								"http://www.wikidata.org/entity/Q64842"	12	"http://www.wikidata.org/entity/Q108822950"
<http://www.wikidata.org/entity/Q7904317>	POINT(6.833333 51.000000)	"Electorate of Cologne"@en	0953-01-01T00:00:00Z		1803-01-01T00:00:00Z						"http://www.wikidata.org/entity/Q12548"	39	"http://www.wikidata.org/entity/Q1366274|http://www.wikidata.org/entity/Q1621034|http://www.wikidata.org/entity/Q20521456|http://www.wikidata.org/entity/Q463742"
<http://www.wikidata.org/entity/Q799031>	POINT(6.666000 34.750000)	"Titular bishopric Badiae"@en	1933-01-01T00:00:00Z									5	"http://www.wikidata.org/entity/Q15217609"
<http://www.wikidata.org/entity/Q805485>	POINT(12.226200 42.241250)	"Roman Catholic Diocese of Bagnoregio"@en	0600-01-01T00:00:00Z		1986-01-01T00:00:00Z							5	"http://www.wikidata.org/entity/Q27780831"
<http://www.wikidata.org/entity/Q808204>	POINT(27.655361 40.102177)	"Baris in Hellesponto"@en	1933-01-01T00:00:00Z									5	"http://www.wikidata.org/entity/Q15217609"
<http://www.wikidata.org/entity/Q810140>	POINT(29.564020 40.606740)	"Basilinopolis"@en										8	"http://www.wikidata.org/entity/Q15217609"
<http://www.wikidata.org/entity/Q813222>	POINT(-3.468930 37.993690)	"Titular See of Beatia"@en	1969-01-01T00:00:00Z									4	"http://www.wikidata.org/entity/Q15217609"
<http://www.wikidata.org/entity/Q815083>	POINT(20.616944 39.865000)	"Bela"@en	1933-01-01T00:00:00Z									4	"http://www.wikidata.org/entity/Q15217609"
<http://www.wikidata.org/entity/Q815544>	POINT(4.393010 50.907471)	"Military Ordinariate of Belgium"@en										13	"http://www.wikidata.org/entity/Q1531518"
<http://www.wikidata.org/entity/Q815968>	POINT(16.786350 39.016050)	"Bellicastrum"@en	1968-01-01T00:00:00Z									5	"http://www.wikidata.org/entity/Q15217609"
<http://www.wikidata.org/entity/Q820689>	POINT(36.507200 40.083600)	"Berissa"@en										7	"http://www.wikidata.org/entity/Q15217609|http://www.wikidata.org/entity/Q15661340"
<http://www.wikidata.org/entity/Q831475>	POINT(35.195600 31.703100)	"Titular see of Bethlehem"@en										12	"http://www.wikidata.org/entity/Q15217609"
<http://www.wikidata.org/entity/Q834314>	POINT(-6.791944 61.951945)	"Ancient Diocese of the Faroe Islands"@en	1076-01-01T00:00:00Z		1537-01-01T00:00:00Z						"http://www.wikidata.org/entity/Q141430997"	12	"http://www.wikidata.org/entity/Q27780831"
<http://www.wikidata.org/entity/Q835426>	POINT(8.934053 48.477299)	"Roman Catholic Diocese of Rottenburg-Stuttgart"@en	1821-08-16T00:00:00Z								"http://www.wikidata.org/entity/Q127394"	21	"http://www.wikidata.org/entity/Q3146899"
<http://www.wikidata.org/entity/Q836894>	POINT(13.366667 45.766667)	"Patriarchate of Aquileia"@en	0300-01-01T00:00:00Z		1751-01-01T00:00:00Z							23	"http://www.wikidata.org/entity/Q1282276"
<http://www.wikidata.org/entity/Q845052>	POINT(16.587500 38.910000)	"Roman Catholic Archdiocese of Catanzaro-Squillace"@en	1986-09-30T00:00:00Z								"http://www.wikidata.org/entity/Q64427355"	14	"http://www.wikidata.org/entity/Q105390172"
<http://www.wikidata.org/entity/Q846642>	POINT(9.331725 42.421150)	"Accia titular see"@en	1968-01-01T00:00:00Z									10	"http://www.wikidata.org/entity/Q15217609"
<http://www.wikidata.org/entity/Q850184>	POINT(12.484500 43.013300)	"Bettonium"@en	1968-01-01T00:00:00Z									4	"http://www.wikidata.org/entity/Q15217609"
<http://www.wikidata.org/entity/Q85740734>	POINT(29.901111 38.869444)	"Alia"@en										3	"http://www.wikidata.org/entity/Q15217609|http://www.wikidata.org/entity/Q15661340"
<http://www.wikidata.org/entity/Q85742486>	POINT(29.984170 39.024608)	"Appia"@en										2	"http://www.wikidata.org/entity/Q15217609|http://www.wikidata.org/entity/Q15661340|http://www.wikidata.org/entity/Q755017"
<http://www.wikidata.org/entity/Q85805515>	POINT(29.412739 38.676609)	"Temenothyra"@en										1	"http://www.wikidata.org/entity/Q15217609|http://www.wikidata.org/entity/Q15661340"
<http://www.wikidata.org/entity/Q866761>	POINT(-2.143000 57.138000)	"Roman Catholic Diocese of Aberdeen"@en	1878-01-01T00:00:00Z									13	"http://www.wikidata.org/entity/Q3146899"
<http://www.wikidata.org/entity/Q866768>	POINT(3.466667 43.316667)	"Ancient Diocese of Agde"@en			1801-11-29T00:00:00Z							6	"http://www.wikidata.org/entity/Q27780831"
<http://www.wikidata.org/entity/Q866792>	POINT(-3.369650 40.482436)	"Roman Catholic Diocese of Alcalá de Henares"@en	1991-07-23T00:00:00Z								"http://www.wikidata.org/entity/Q11778076"	16	"http://www.wikidata.org/entity/Q3146899|http://www.wikidata.org/entity/Q373074"
<http://www.wikidata.org/entity/Q866819>	POINT(4.076281 44.123492)	"Diocese of Alais"@en			1801-11-29T00:00:00Z							8	"http://www.wikidata.org/entity/Q27780831"
<http://www.wikidata.org/entity/Q866881>	POINT(7.318336 45.737944)	"Roman Catholic Diocese of Aosta"@en									"http://www.wikidata.org/entity/Q64428260"	18	"http://www.wikidata.org/entity/Q3146899|http://www.wikidata.org/entity/Q373074"
<http://www.wikidata.org/entity/Q866912>	POINT(-5.466670 56.416700)	"Roman Catholic Diocese of Argyll and the Isles"@en	1878-01-01T00:00:00Z									16	"http://www.wikidata.org/entity/Q3146899"
<http://www.wikidata.org/entity/Q866917>	POINT(-0.559000 51.856000)	"Roman Catholic Diocese of Arundel and Brighton"@en	1965-01-01T00:00:00Z									12	"http://www.wikidata.org/entity/Q3146899"
<http://www.wikidata.org/entity/Q866927>	POINT(12.617500 43.070000)	"Roman Catholic Diocese of Assisi-Nocera Umbra-Gualdo Tadino"@en	1986-09-30T00:00:00Z								"http://www.wikidata.org/entity/Q11777996"	15	"http://www.wikidata.org/entity/Q3146899|http://www.wikidata.org/entity/Q373074"
<http://www.wikidata.org/entity/Q866941>	POINT(3.572900 47.797900)	"Roman Catholic Diocese of Auxerre"@en	0300-01-01T00:00:00Z		1821-01-01T00:00:00Z							7	"http://www.wikidata.org/entity/Q27780831"
<http://www.wikidata.org/entity/Q867023>	POINT(-2.642778 51.210278)	"Anglican Diocese of Bath and Wells"@en									"http://www.wikidata.org/entity/Q2113985"	10	"http://www.wikidata.org/entity/Q18917976"
<http://www.wikidata.org/entity/Q867059>	POINT(-0.210000 44.430000)	"Roman Catholic Diocese of Bazas"@en			1801-11-29T00:00:00Z							8	"http://www.wikidata.org/entity/Q27780831"
<http://www.wikidata.org/entity/Q867304>	POINT(1.616667 50.716667)	"Roman Catholic Diocese of Boulogne (-Sur-Mer)"@en	1566-03-13T00:00:00Z		1801-11-29T00:00:00Z							8	"http://www.wikidata.org/entity/Q27780831"
<http://www.wikidata.org/entity/Q867331>	POINT(17.034700 51.109400)	"Polish Catholic Church Diocese of Wrocław"@en	1961-01-01T00:00:00Z								"http://www.wikidata.org/entity/Q441966"	3	"http://www.wikidata.org/entity/Q67206109"
<http://www.wikidata.org/entity/Q867348>	POINT(0.306389 51.619400)	"Roman Catholic Diocese of Brentwood"@en	1917-01-01T00:00:00Z									14	"http://www.wikidata.org/entity/Q3146899"
<http://www.wikidata.org/entity/Q867405>	POINT(16.600000 49.200000)	"Roman Catholic Diocese of Brno"@en	1777-12-05T00:00:00Z								"http://www.wikidata.org/entity/Q12038652"	16	"http://www.wikidata.org/entity/Q3146899"
<http://www.wikidata.org/entity/Q867413>	POINT(14.475946 48.975352)	"Roman Catholic Diocese of České Budějovice"@en	1785-09-20T00:00:00Z								"http://www.wikidata.org/entity/Q11179608"	16	"http://www.wikidata.org/entity/Q3146899"
<http://www.wikidata.org/entity/Q867484>	POINT(17.999100 53.122900)	"Roman Catholic Diocese of Bydgoszcz"@en	2004-01-01T00:00:00Z								"http://www.wikidata.org/entity/Q3489809"	17	"http://www.wikidata.org/entity/Q3146899"
<http://www.wikidata.org/entity/Q867646>	POINT(-2.938500 54.894700)	"Diocese of Carlisle"@en	1132-04-18T00:00:00Z		1559-01-01T00:00:00Z						"http://www.wikidata.org/entity/Q1278084"	9	"http://www.wikidata.org/entity/Q18917976|http://www.wikidata.org/entity/Q27780831"
<http://www.wikidata.org/entity/Q867807>	POINT(36.235447 49.996399)	"Roman Catholic Diocese of Kharkiv-Zaporizhzhia"@en	2002-05-04T00:00:00Z									15	"http://www.wikidata.org/entity/Q3146899"
<http://www.wikidata.org/entity/Q867834>	POINT(23.470000 51.130000)	"Roman Catholic Diocese of Chełm"@en	1375-01-01T00:00:00Z		1790-01-01T00:00:00Z							5	"http://www.wikidata.org/entity/Q27780831"
<http://www.wikidata.org/entity/Q868072>	POINT(-6.958025 54.244650)	"Roman Catholic Diocese of Clogher"@en									"http://www.wikidata.org/entity/Q11777899"	14	"http://www.wikidata.org/entity/Q3146899"
<http://www.wikidata.org/entity/Q868145>	POINT(7.744749 36.881805)	"Roman Catholic Diocese of Constantine"@en	1866-07-25T00:00:00Z								"http://www.wikidata.org/entity/Q11778058"	13	"http://www.wikidata.org/entity/Q3146899"
<http://www.wikidata.org/entity/Q868176>	POINT(1.133333 43.000000)	"Ancient Diocese of Couserans"@en										7	"http://www.wikidata.org/entity/Q27780831"
<http://www.wikidata.org/entity/Q868295>	POINT(-1.050000 43.710000)	"Roman Catholic Diocese of Dax"@en	0500-01-01T00:00:00Z		1801-11-29T00:00:00Z							7	"http://www.wikidata.org/entity/Q27780831"
<http://www.wikidata.org/entity/Q868344>	POINT(-7.326000 54.995000)	"Roman Catholic Diocese of Derry"@en									"http://www.wikidata.org/entity/Q11777899"	12	"http://www.wikidata.org/entity/Q3146899"
<http://www.wikidata.org/entity/Q868362>	POINT(5.366667 44.750000)	"Roman Catholic Diocese of Die"@en										8	"http://www.wikidata.org/entity/Q27780831"
<http://www.wikidata.org/entity/Q868440>	POINT(-1.749722 48.550556)	"Roman Catholic Diocese of Dol"@en										9	"http://www.wikidata.org/entity/Q27780831"
<http://www.wikidata.org/entity/Q868494>	POINT(-6.102000 54.924000)	"Roman Catholic Diocese of Down and Connor"@en									"http://www.wikidata.org/entity/Q11777899"	12	"http://www.wikidata.org/entity/Q3146899"
<http://www.wikidata.org/entity/Q868504>	POINT(-6.338100 54.174600)	"Roman Catholic Diocese of Dromore"@en									"http://www.wikidata.org/entity/Q11777899"	11	"http://www.wikidata.org/entity/Q3146899"
<http://www.wikidata.org/entity/Q868567>	POINT(-3.585000 56.565000)	"Roman Catholic Diocese of Dunkeld"@en	1878-01-01T00:00:00Z									13	"http://www.wikidata.org/entity/Q3146899"
<http://www.wikidata.org/entity/Q868590>	POINT(0.903000 52.403000)	"Roman Catholic Diocese of East Anglia"@en	1976-01-01T00:00:00Z									14	"http://www.wikidata.org/entity/Q3146899"
<http://www.wikidata.org/entity/Q868644>	POINT(0.263333 52.398600)	"Anglican Diocese of Ely"@en	1559-07-15T00:00:00Z								"http://www.wikidata.org/entity/Q2113985"	10	"http://www.wikidata.org/entity/Q18917976"
<http://www.wikidata.org/entity/Q868776>	POINT(22.354700 53.820400)	"Roman Catholic Diocese of Ełk"@en	1992-01-01T00:00:00Z								"http://www.wikidata.org/entity/Q3497738"	17	"http://www.wikidata.org/entity/Q3146899"
<http://www.wikidata.org/entity/Q869015>	POINT(-4.630390 55.448680)	"Roman Catholic Diocese of Galloway"@en	1878-01-01T00:00:00Z									14	"http://www.wikidata.org/entity/Q3146899"
<http://www.wikidata.org/entity/Q869091>	POINT(-5.353660 36.139700)	"Roman Catholic Diocese of Gibraltar"@en	1910-11-19T00:00:00Z									13	"http://www.wikidata.org/entity/Q2665272|http://www.wikidata.org/entity/Q3146899"
<http://www.wikidata.org/entity/Q869149>	POINT(18.665514 50.291267)	"Roman Catholic Diocese of Gliwice"@en	1992-01-01T00:00:00Z									16	"http://www.wikidata.org/entity/Q3146899"
<http://www.wikidata.org/entity/Q869248>	POINT(23.830183 53.678332)	"Roman Catholic Diocese of Grodno"@en	1991-01-01T00:00:00Z								"http://www.wikidata.org/entity/Q11778078"	19	"http://www.wikidata.org/entity/Q3146899"
<http://www.wikidata.org/entity/Q869254>	POINT(-3.136278 37.301091)	"Roman Catholic Diocese of Guadix"@en									"http://www.wikidata.org/entity/Q11778063"	13	"http://www.wikidata.org/entity/Q3146899|http://www.wikidata.org/entity/Q373074"
<http://www.wikidata.org/entity/Q869379>	POINT(11.965278 57.704444)	"Diocese of Gothenburg"@en										12	"http://www.wikidata.org/entity/Q66818387"
<http://www.wikidata.org/entity/Q869397>	POINT(-1.465000 53.383000)	"Roman Catholic Diocese of Hallam"@en	1980-01-01T00:00:00Z									11	"http://www.wikidata.org/entity/Q3146899"
<http://www.wikidata.org/entity/Q869446>	POINT(-2.716000 52.054200)	"Anglican Diocese of Hereford"@en									"http://www.wikidata.org/entity/Q2113985"	7	"http://www.wikidata.org/entity/Q18917976"
<http://www.wikidata.org/entity/Q869467>	POINT(24.954439 60.159178)	"Roman Catholic Diocese of Helsinki"@en	1955-02-25T00:00:00Z								"http://www.wikidata.org/entity/Q944976"	22	"http://www.wikidata.org/entity/Q2665272|http://www.wikidata.org/entity/Q3146899"
<http://www.wikidata.org/entity/Q869573>	POINT(16.443150 43.172200)	"Roman Catholic Diocese of Hvar-Brač-Vis"@en									"http://www.wikidata.org/entity/Q64433124"	13	"http://www.wikidata.org/entity/Q3146899"
<http://www.wikidata.org/entity/Q869583>	POINT(17.941667 62.631111)	"Diocese of Härnösand"@en									"http://www.wikidata.org/entity/Q749243"	12	"http://www.wikidata.org/entity/Q66818387"
<http://www.wikidata.org/entity/Q869996>	POINT(23.727288 56.649219)	"Roman Catholic Diocese of Jelgava"@en	1995-01-01T00:00:00Z									17	"http://www.wikidata.org/entity/Q3146899"
<http://www.wikidata.org/entity/Q870251>	POINT(18.088800 51.764200)	"Roman Catholic Diocese of Kalisz"@en	1992-01-01T00:00:00Z								"http://www.wikidata.org/entity/Q658606"	16	"http://www.wikidata.org/entity/Q3146899"
<http://www.wikidata.org/entity/Q870343>	POINT(17.787940 46.357713)	"Roman Catholic Diocese of Kaposvár"@en	1993-05-31T00:00:00Z									14	"http://www.wikidata.org/entity/Q3146899"
<http://www.wikidata.org/entity/Q870351>	POINT(13.506389 59.381667)	"Diocese of Karlstad"@en										11	"http://www.wikidata.org/entity/Q66818387"
<http://www.wikidata.org/entity/Q870503>	POINT(20.628722 50.868889)	"Roman Catholic Diocese of Kielce"@en	1882-01-01T00:00:00Z								"http://www.wikidata.org/entity/Q3504750"	15	"http://www.wikidata.org/entity/Q3146899"
<http://www.wikidata.org/entity/Q870524>	POINT(28.654650 50.254825)	"Roman Catholic Diocese of Kyiv-Zhytomyr"@en										14	"http://www.wikidata.org/entity/Q3146899"
<http://www.wikidata.org/entity/Q870554>	POINT(-7.361400 53.994850)	"Roman Catholic Diocese of Kilmore"@en									"http://www.wikidata.org/entity/Q11777899"	11	"http://www.wikidata.org/entity/Q3146899"
<http://www.wikidata.org/entity/Q870725>	POINT(16.180444 54.189528)	"Roman Catholic Diocese of Koszalin-Kołobrzeg"@en	1972-06-28T00:00:00Z									15	"http://www.wikidata.org/entity/Q3146899"
<http://www.wikidata.org/entity/Q870856>	POINT(15.830650 50.208700)	"Roman Catholic Diocese of Hradec Králové"@en	1664-11-10T00:00:00Z								"http://www.wikidata.org/entity/Q11179608"	14	"http://www.wikidata.org/entity/Q3146899"
<http://www.wikidata.org/entity/Q870877>	POINT(21.702800 57.217200)	"Bishopric of Courland"@en	1234-01-01T00:00:00Z		1562-01-01T00:00:00Z							22	"http://www.wikidata.org/entity/Q3146899|http://www.wikidata.org/entity/Q463742"
<http://www.wikidata.org/entity/Q871028>	POINT(-2.798000 54.050000)	"Roman Catholic Diocese of Lancaster"@en	1924-01-01T00:00:00Z									12	"http://www.wikidata.org/entity/Q3146899"
<http://www.wikidata.org/entity/Q871131>	POINT(-1.137000 52.634700)	"Diocese of Leicester"@en									"http://www.wikidata.org/entity/Q2113985"	7	"http://www.wikidata.org/entity/Q18917976"
<http://www.wikidata.org/entity/Q871138>	POINT(-1.533330 53.783300)	"Roman Catholic Diocese of Leeds"@en	1878-01-01T00:00:00Z									12	"http://www.wikidata.org/entity/Q3146899"
<http://www.wikidata.org/entity/Q871151>	POINT(16.161700 51.207100)	"Roman Catholic Diocese of Legnica"@en	1992-01-01T00:00:00Z								"http://www.wikidata.org/entity/Q3497775"	15	"http://www.wikidata.org/entity/Q3146899"
<http://www.wikidata.org/entity/Q871289>	POINT(15.617222 58.411111)	"Diocese of Linköping"@en										13	"http://www.wikidata.org/entity/Q66818387"
<http://www.wikidata.org/entity/Q871409>	POINT(0.910294 43.474561)	"Roman Catholic Diocese of Lombez"@en	1317-08-24T00:00:00Z		1801-11-29T00:00:00Z							7	"http://www.wikidata.org/entity/Q27780831"
<http://www.wikidata.org/entity/Q871484>	POINT(-7.558478 43.009186)	"Roman Catholic Diocese of Lugo"@en									"http://www.wikidata.org/entity/Q32997172"	14	"http://www.wikidata.org/entity/Q3146899|http://www.wikidata.org/entity/Q373074"
<http://www.wikidata.org/entity/Q871487>	POINT(21.905375 45.684950)	"Greek Catholic Diocese of Lugoj"@en	1853-11-26T00:00:00Z								"http://www.wikidata.org/entity/Q856349"	12	"http://www.wikidata.org/entity/Q105389481"
<http://www.wikidata.org/entity/Q871517>	POINT(22.148889 65.582778)	"Diocese of Luleå"@en	1904-01-01T00:00:00Z									13	"http://www.wikidata.org/entity/Q66818387"
<http://www.wikidata.org/entity/Q871568>	POINT(25.319774 50.738322)	"Roman Catholic Diocese of Lutsk"@en	1925-10-28T00:00:00Z									15	"http://www.wikidata.org/entity/Q3146899"
<http://www.wikidata.org/entity/Q871677>	POINT(-0.740000 46.370000)	"Roman Catholic Diocese of Maillezais"@en	1317-07-19T00:00:00Z		1648-01-01T00:00:00Z							8	"http://www.wikidata.org/entity/Q27780831"
<http://www.wikidata.org/entity/Q871986>	POINT(23.571325 47.649800)	"Greek Catholic Diocese of Maramureș"@en	1930-06-05T00:00:00Z								"http://www.wikidata.org/entity/Q856349"	12	"http://www.wikidata.org/entity/Q105389481"
<http://www.wikidata.org/entity/Q872321>	POINT(-4.505000 52.008000)	"Roman Catholic Diocese of Menevia"@en	1895-03-04T00:00:00Z		2024-09-12T00:00:00Z						"http://www.wikidata.org/entity/Q11777916"	10	"http://www.wikidata.org/entity/Q27780831"
<http://www.wikidata.org/entity/Q872403>	POINT(-1.238000 54.573000)	"Roman Catholic Diocese of Middlesbrough"@en	1878-01-01T00:00:00Z									11	"http://www.wikidata.org/entity/Q3146899"
<http://www.wikidata.org/entity/Q872659>	POINT(17.812500 43.349444)	"Roman Catholic Diocese of Mostar-Duvno (-Trebinje e Mrkan)"@en	1890-07-08T00:00:00Z								"http://www.wikidata.org/entity/Q64431581"	17	"http://www.wikidata.org/entity/Q3146899"
<http://www.wikidata.org/entity/Q872669>	POINT(-3.987040 55.791300)	"Roman Catholic Diocese of Motherwell"@en	1947-01-01T00:00:00Z									14	"http://www.wikidata.org/entity/Q3146899"
<http://www.wikidata.org/entity/Q873116>	POINT(12.614100 43.069300)	"Diocese of Nocera Umbra-Gualdo Tadino"@en	1915-01-02T00:00:00Z		1986-09-30T00:00:00Z							2	"http://www.wikidata.org/entity/Q27780831"
<http://www.wikidata.org/entity/Q873197>	POINT(-0.898500 52.248100)	"Roman Catholic Diocese of Northampton"@en	1840-07-03T00:00:00Z									11	"http://www.wikidata.org/entity/Q3146899"
<http://www.wikidata.org/entity/Q873205>	POINT(-1.157200 52.954500)	"Roman Catholic Diocese of Nottingham"@en										12	"http://www.wikidata.org/entity/Q3146899"
<http://www.wikidata.org/entity/Q873388>	POINT(30.739171 46.480478)	"Roman Catholic Diocese of Odesa-Simferopol"@en	2002-05-04T00:00:00Z									15	"http://www.wikidata.org/entity/Q3146899"
<http://www.wikidata.org/entity/Q873408>	POINT(-0.620000 43.190000)	"Diocese of Oloron"@en			1790-01-01T00:00:00Z							8	"http://www.wikidata.org/entity/Q27780831|http://www.wikidata.org/entity/Q3146899"
<http://www.wikidata.org/entity/Q873471>	POINT(17.920300 50.670300)	"Roman Catholic Diocese of Opole"@en	1972-01-01T00:00:00Z									15	"http://www.wikidata.org/entity/Q3146899"
<http://www.wikidata.org/entity/Q873575>	POINT(-3.070797 41.585768)	"Roman Catholic Diocese of Osma-Soria"@en	1959-03-09T00:00:00Z								"http://www.wikidata.org/entity/Q11777912"	15	"http://www.wikidata.org/entity/Q3146899|http://www.wikidata.org/entity/Q373074"
<http://www.wikidata.org/entity/Q873762>	POINT(-4.416000 55.847000)	"Roman Catholic Diocese of Paisley"@en	1947-01-01T00:00:00Z									14	"http://www.wikidata.org/entity/Q3146899"
<http://www.wikidata.org/entity/Q873787>	POINT(-4.536944 42.011111)	"Roman Catholic Diocese of Palencia"@en	0300-01-01T00:00:00Z								"http://www.wikidata.org/entity/Q11777912"	14	"http://www.wikidata.org/entity/Q3146899|http://www.wikidata.org/entity/Q373074"
<http://www.wikidata.org/entity/Q873821>	POINT(12.900000 41.833300)	"Roman Catholic Suburbicarian Diocese of Palestrina"@en									"http://www.wikidata.org/entity/Q1743216"	20	"http://www.wikidata.org/entity/Q1184788"
<http://www.wikidata.org/entity/Q874059>	POINT(18.701111 53.926111)	"Roman Catholic Diocese of Pelplin"@en	1992-03-25T00:00:00Z								"http://www.wikidata.org/entity/Q3504222"	18	"http://www.wikidata.org/entity/Q3146899"
<http://www.wikidata.org/entity/Q874237>	POINT(13.377307 49.747464)	"Roman Catholic Diocese of Plzeň"@en	1993-05-31T00:00:00Z								"http://www.wikidata.org/entity/Q11179608"	14	"http://www.wikidata.org/entity/Q3146899"
<http://www.wikidata.org/entity/Q874294>	POINT(26.108250 52.112910)	"Roman Catholic Diocese of Pinsk"@en	1925-10-28T00:00:00Z								"http://www.wikidata.org/entity/Q11778078"	19	"http://www.wikidata.org/entity/Q3146899"
<http://www.wikidata.org/entity/Q874320>	POINT(-6.090727 40.028004)	"Roman Catholic Diocese of Plasencia"@en	1189-01-01T00:00:00Z								"http://www.wikidata.org/entity/Q11777980"	13	"http://www.wikidata.org/entity/Q3146899|http://www.wikidata.org/entity/Q373074"
<http://www.wikidata.org/entity/Q874486>	POINT(-1.091000 50.799000)	"Roman Catholic Diocese of Portsmouth"@en	1882-01-01T00:00:00Z									12	"http://www.wikidata.org/entity/Q3146899"
<http://www.wikidata.org/entity/Q874498>	POINT(12.366700 42.150000)	"Roman Catholic Suburbicarian Diocese of Porto-Santa Rufina"@en	1986-09-30T00:00:00Z								"http://www.wikidata.org/entity/Q1743216"	18	"http://www.wikidata.org/entity/Q1184788"
<http://www.wikidata.org/entity/Q874721>	POINT(19.689750 52.540972)	"Roman Catholic Diocese of Płock"@en	1075-01-01T00:00:00Z								"http://www.wikidata.org/entity/Q3497661"	16	"http://www.wikidata.org/entity/Q3146899"
<http://www.wikidata.org/entity/Q874960>	POINT(24.750000 59.433333)	"Roman Catholic Diocese of Reval"@en	1219-01-01T00:00:00Z		1561-01-01T00:00:00Z						"http://www.wikidata.org/entity/Q15471939"	12	"http://www.wikidata.org/entity/Q27780831|http://www.wikidata.org/entity/Q373074"
<http://www.wikidata.org/entity/Q874982>	POINT(6.090000 43.820000)	"Roman Catholic Diocese of Riez"@en			1801-11-29T00:00:00Z							7	"http://www.wikidata.org/entity/Q27780831|http://www.wikidata.org/entity/Q373074"
<http://www.wikidata.org/entity/Q875127>	POINT(5.984506 51.196518)	"Roman Catholic Diocese of Roermond"@en	1853-03-04T00:00:00Z								"http://www.wikidata.org/entity/Q634803"	18	"http://www.wikidata.org/entity/Q3146899|http://www.wikidata.org/entity/Q373074"
<http://www.wikidata.org/entity/Q875235>	POINT(22.019600 50.013100)	"Roman Catholic Diocese of Rzeszów"@en	1992-01-01T00:00:00Z									15	"http://www.wikidata.org/entity/Q3146899"
<http://www.wikidata.org/entity/Q875284>	POINT(12.688611 42.267222)	"Roman Catholic Suburbicarian Diocese of Sabina-Poggio Mirteto"@en	1925-06-03T00:00:00Z								"http://www.wikidata.org/entity/Q1743216"	18	"http://www.wikidata.org/entity/Q1184788"
<http://www.wikidata.org/entity/Q875326>	POINT(4.767537 44.349482)	"Ancient Diocese of Saint-Paul-Trois-Châteaux"@en	0400-01-01T00:00:00Z		1801-11-29T00:00:00Z							8	"http://www.wikidata.org/entity/Q27780831"
<http://www.wikidata.org/entity/Q875554>	POINT(-2.260000 53.480000)	"Roman Catholic Diocese of Salford"@en	1850-01-01T00:00:00Z									11	"http://www.wikidata.org/entity/Q3146899"
<http://www.wikidata.org/entity/Q875731>	POINT(-16.316389 28.488889)	"Roman Catholic Diocese of San Cristóbal de La Laguna"@en	1819-02-01T00:00:00Z								"http://www.wikidata.org/entity/Q64430340"	20	"http://www.wikidata.org/entity/Q3146899|http://www.wikidata.org/entity/Q373074"
<http://www.wikidata.org/entity/Q875989>	POINT(21.749611 50.676639)	"Roman Catholic Diocese of Sandomierz"@en	1818-01-01T00:00:00Z								"http://www.wikidata.org/entity/Q1973461"	15	"http://www.wikidata.org/entity/Q3146899"
<http://www.wikidata.org/entity/Q876099>	POINT(-3.807500 43.460555)	"Roman Catholic Diocese of Santander"@en	1754-12-12T00:00:00Z								"http://www.wikidata.org/entity/Q64430194"	17	"http://www.wikidata.org/entity/Q3146899|http://www.wikidata.org/entity/Q373074"
<http://www.wikidata.org/entity/Q876199>	POINT(25.430611 36.420611)	"Roman Catholic Diocese of Santorini"@en	1201-01-01T00:00:00Z								"http://www.wikidata.org/entity/Q11777982"	12	"http://www.wikidata.org/entity/Q3146899"
<http://www.wikidata.org/entity/Q876230>	POINT(1.220000 44.890000)	"Ancient Diocese of Sarlat"@en	1317-07-19T00:00:00Z		1801-11-29T00:00:00Z							9	"http://www.wikidata.org/entity/Q27780831"
<http://www.wikidata.org/entity/Q876245>	POINT(19.640600 42.007400)	"Roman Catholic Diocese of Sapë"@en	1062-01-01T00:00:00Z								"http://www.wikidata.org/entity/Q11778036"	15	"http://www.wikidata.org/entity/Q3146899"
<http://www.wikidata.org/entity/Q876311>	POINT(-4.125555 40.950278)	"Roman Catholic Diocese of Segovia"@en	0527-01-01T00:00:00Z								"http://www.wikidata.org/entity/Q64430802"	13	"http://www.wikidata.org/entity/Q3146899|http://www.wikidata.org/entity/Q373074"
<http://www.wikidata.org/entity/Q876411>	POINT(-8.892611 38.524306)	"Roman Catholic Diocese of Setúbal"@en	1975-07-16T00:00:00Z								"http://www.wikidata.org/entity/Q11778071"	16	"http://www.wikidata.org/entity/Q3146899|http://www.wikidata.org/entity/Q373074"
<http://www.wikidata.org/entity/Q876476>	POINT(-2.754000 52.708000)	"Roman Catholic Diocese of Shrewsbury"@en	1850-09-29T00:00:00Z								"http://www.wikidata.org/entity/Q11777907"	11	"http://www.wikidata.org/entity/Q3146899"
<http://www.wikidata.org/entity/Q876593>	POINT(5.940000 44.200000)	"Roman Catholic Diocese of Sisteron"@en			1801-11-29T00:00:00Z							6	"http://www.wikidata.org/entity/Q27780831"
<http://www.wikidata.org/entity/Q876632>	POINT(13.439167 58.386389)	"Diocese of Skara"@en										11	"http://www.wikidata.org/entity/Q66818387"
<http://www.wikidata.org/entity/Q876704>	POINT(19.131861 50.274611)	"Roman Catholic Diocese of Sosnowiec"@en	1992-01-01T00:00:00Z								"http://www.wikidata.org/entity/Q3504266"	16	"http://www.wikidata.org/entity/Q3146899"
<http://www.wikidata.org/entity/Q876767>	POINT(46.044812 51.527562)	"Roman Catholic Diocese of Saint Clement at Saratov"@en	1999-01-01T00:00:00Z								"http://www.wikidata.org/entity/Q64434228"	17	"http://www.wikidata.org/entity/Q3146899"
<http://www.wikidata.org/entity/Q876775>	POINT(18.070556 59.325833)	"Diocese of Stockholm"@en	1942-01-01T00:00:00Z									13	"http://www.wikidata.org/entity/Q66818387"
<http://www.wikidata.org/entity/Q876808>	POINT(18.072500 59.313889)	"Roman Catholic Diocese of Stockholm"@en	1781-01-01T00:00:00Z									24	"http://www.wikidata.org/entity/Q2665272|http://www.wikidata.org/entity/Q3146899"
<http://www.wikidata.org/entity/Q876816>	POINT(17.034444 59.375556)	"Lutheran Diocese of Strängnäs"@en	1527-01-01T00:00:00Z									11	"http://www.wikidata.org/entity/Q66818387"
<http://www.wikidata.org/entity/Q876917>	POINT(20.149366 46.248906)	"Roman Catholic Diocese of Szeged–Csanád"@en	1982-08-05T00:00:00Z								"http://www.wikidata.org/entity/Q56328680"	16	"http://www.wikidata.org/entity/Q3146899"
<http://www.wikidata.org/entity/Q876929>	POINT(16.618351 47.230720)	"Roman Catholic Diocese of Szombathely"@en	1777-06-17T00:00:00Z									16	"http://www.wikidata.org/entity/Q3146899"
<http://www.wikidata.org/entity/Q877134>	POINT(6.534440 45.485800)	"Roman Catholic Diocese of Tarentaise"@en	1825-08-05T00:00:00Z		1966-04-26T00:00:00Z							7	"http://www.wikidata.org/entity/Q27780831"
<http://www.wikidata.org/entity/Q877428>	POINT(5.930000 43.120000)	"Roman Catholic Diocese of Toulon"@en			1801-11-29T00:00:00Z							8	"http://www.wikidata.org/entity/Q27780831"
<http://www.wikidata.org/entity/Q877446>	POINT(18.606100 53.009300)	"Roman Catholic Diocese of Toruń"@en	1992-01-01T00:00:00Z								"http://www.wikidata.org/entity/Q3504222"	15	"http://www.wikidata.org/entity/Q3146899"
<http://www.wikidata.org/entity/Q877677>	POINT(17.633333 59.858056)	"Archdiocese of Uppsala"@en	1100-01-01T00:00:00Z								"http://www.wikidata.org/entity/Q749243"	16	"http://www.wikidata.org/entity/Q2072238|http://www.wikidata.org/entity/Q66818387"
<http://www.wikidata.org/entity/Q877698>	POINT(5.070000 44.240000)	"Roman Catholic Diocese of Vaison"@en										8	"http://www.wikidata.org/entity/Q27780831"
<http://www.wikidata.org/entity/Q877701>	POINT(2.840000 43.940000)	"Ancient Diocese of Vabres"@en	1317-07-19T00:00:00Z		1801-11-29T00:00:00Z							7	"http://www.wikidata.org/entity/Q27780831"
<http://www.wikidata.org/entity/Q877736>	POINT(1.462000 42.358000)	"Roman Catholic Diocese of Urgell"@en	0531-01-01T00:00:00Z								"http://www.wikidata.org/entity/Q6088739"	33	"http://www.wikidata.org/entity/Q3146899|http://www.wikidata.org/entity/Q373074"
<http://www.wikidata.org/entity/Q877786>	POINT(12.783333 41.666667)	"Roman Catholic Suburbicarian Diocese of Velletri-Segni"@en	1981-10-20T00:00:00Z								"http://www.wikidata.org/entity/Q1743216"	19	"http://www.wikidata.org/entity/Q1184788"
<http://www.wikidata.org/entity/Q877909>	POINT(23.037080 54.648105)	"Roman Catholic Diocese of Vilkaviškis"@en	1926-04-04T00:00:00Z								"http://www.wikidata.org/entity/Q64434111"	18	"http://www.wikidata.org/entity/Q3146899"
<http://www.wikidata.org/entity/Q877946>	POINT(18.297778 57.641667)	"Diocese of Visby"@en										17	"http://www.wikidata.org/entity/Q66818387"
<http://www.wikidata.org/entity/Q877972>	POINT(16.541111 59.612500)	"Diocese of Västerås"@en										11	"http://www.wikidata.org/entity/Q66818387"
<http://www.wikidata.org/entity/Q877980>	POINT(14.811945 56.877500)	"Diocese of Växjö"@en										11	"http://www.wikidata.org/entity/Q66818387"
<http://www.wikidata.org/entity/Q878097>	POINT(30.215400 55.163175)	"Roman Catholic Diocese of Vitebsk"@en	1999-01-01T00:00:00Z								"http://www.wikidata.org/entity/Q11778078"	20	"http://www.wikidata.org/entity/Q3146899"
<http://www.wikidata.org/entity/Q878118>	POINT(19.067800 52.660800)	"Roman Catholic Diocese of Włocławek"@en	0996-01-01T00:00:00Z								"http://www.wikidata.org/entity/Q3489809"	16	"http://www.wikidata.org/entity/Q3146899"
<http://www.wikidata.org/entity/Q878334>	POINT(42.683300 37.150000)	"Chaldean Catholic Diocese of Amadiyah and Zaku"@en	1850-01-01T00:00:00Z								"http://www.wikidata.org/entity/Q22936331"	8	"http://www.wikidata.org/entity/Q20725872"
<http://www.wikidata.org/entity/Q878360>	POINT(-5.754722 41.498889)	"Roman Catholic Diocese of Zamora"@en	0900-01-01T00:00:00Z								"http://www.wikidata.org/entity/Q64430802"	14	"http://www.wikidata.org/entity/Q3146899|http://www.wikidata.org/entity/Q373074"
<http://www.wikidata.org/entity/Q878361>	POINT(23.250400 50.716500)	"Roman Catholic Diocese of Zamość-Lubaczów"@en	1991-01-01T00:00:00Z									16	"http://www.wikidata.org/entity/Q3146899"
<http://www.wikidata.org/entity/Q878644>	POINT(19.942500 52.106800)	"Roman Catholic Diocese of Łowicz"@en	1992-01-01T00:00:00Z								"http://www.wikidata.org/entity/Q3497725"	15	"http://www.wikidata.org/entity/Q3146899"
<http://www.wikidata.org/entity/Q878786>	POINT(16.748600 41.040900)	"Roman Catholic Diocese of Bitetto"@en	1089-01-01T00:00:00Z		1818-06-27T00:00:00Z							0	"http://www.wikidata.org/entity/Q27780831"
<http://www.wikidata.org/entity/Q883855>	POINT(12.026200 42.274300)	"Blera"@en	1970-01-01T00:00:00Z									3	"http://www.wikidata.org/entity/Q15217609"
<http://www.wikidata.org/entity/Q9051508>	POINT(0.528428 42.291422)	"bishopric of Roda"@en	0887-01-01T00:00:00Z		1100-01-01T00:00:00Z							5	"http://www.wikidata.org/entity/Q27780831"
<http://www.wikidata.org/entity/Q914407>	POINT(-15.416667 27.998333)	"titular see of Telde"@en	1969-01-01T00:00:00Z									5	"http://www.wikidata.org/entity/Q15217609"
<http://www.wikidata.org/entity/Q928318>	POINT(27.607128 41.308200)	"Drusipara"@en										7	"http://www.wikidata.org/entity/Q15217609|http://www.wikidata.org/entity/Q15661340"
<http://www.wikidata.org/entity/Q930888>	POINT(30.742222 31.195611)	"Butus"@en	1933-01-01T00:00:00Z									3	"http://www.wikidata.org/entity/Q15217609"
<http://www.wikidata.org/entity/Q937969>	POINT(4.627778 43.676667)	"Roman Catholic Archdiocese of Arles"@en			1822-10-06T00:00:00Z							11	"http://www.wikidata.org/entity/Q27780831"
<http://www.wikidata.org/entity/Q940024>	POINT(31.834923 38.623418)	"diocesis of Claneus"@en	1933-01-01T00:00:00Z									2	"http://www.wikidata.org/entity/Q15217609"
<http://www.wikidata.org/entity/Q944064>	POINT(16.843300 45.898100)	"Roman Catholic Diocese of Makarska"@en	0600-01-01T00:00:00Z		1828-06-30T00:00:00Z							8	"http://www.wikidata.org/entity/Q27780831"
<http://www.wikidata.org/entity/Q948911>	POINT(35.507500 33.892800)	"Armenian Catholic Archeparchy of Beirut"@en	1929-01-01T00:00:00Z								"http://www.wikidata.org/entity/Q10882902"	10	"http://www.wikidata.org/entity/Q108822885"
<http://www.wikidata.org/entity/Q948925>	POINT(28.988621 39.906719)	"Hadriani ad Olympum"@en										4	"http://www.wikidata.org/entity/Q15217609"
<http://www.wikidata.org/entity/Q962149>	POINT(33.441560 36.651680)	"Claudiopolis"@en										2	"http://www.wikidata.org/entity/Q15217609"
<http://www.wikidata.org/entity/Q966281>	POINT(25.033300 48.516700)	"Ukrainian Catholic Eparchy of Kolomyia"@en	1993-01-01T00:00:00Z								"http://www.wikidata.org/entity/Q11778065"	13	"http://www.wikidata.org/entity/Q105389481"
<http://www.wikidata.org/entity/Q96694274>	POINT(42.683333 37.150000)	"Zakho Eparchy"@en	2020-06-27T00:00:00Z		2013-01-01T00:00:00Z							4	"http://www.wikidata.org/entity/Q3146899"
<http://www.wikidata.org/entity/Q969003>	POINT(6.946667 36.110556)	"Tigisi in Numidia"@en	1933-01-01T00:00:00Z									10	"http://www.wikidata.org/entity/Q15217609"
<http://www.wikidata.org/entity/Q971400>	POINT(35.588300 33.359200)	"Melkite Catholic Archeparchy of Banyas"@en									"http://www.wikidata.org/entity/Q64362932"	12	"http://www.wikidata.org/entity/Q108822950"
<http://www.wikidata.org/entity/Q98603245>	POINT(16.483056 43.539444)	"Archdiocese of Salona"@en	0500-01-01T00:00:00Z		0647-01-01T00:00:00Z							0	"http://www.wikidata.org/entity/Q2072238|http://www.wikidata.org/entity/Q27780831"
