?i	?coord	?label	?inception	?firstMention	?dissolved	?when	?start	?end	?orders	?diocese	?partOf	?sitelinks	?types
<http://www.wikidata.org/entity/Q101064814>	POINT(27.483333 42.481389)	"Burgas Lighthouse"@en	1899-01-01T00:00:00Z									2	"http://www.wikidata.org/entity/Q39715"
<http://www.wikidata.org/entity/Q102252123>	POINT(27.986111 41.876111)	"İğneada Lighthouse"@en	1866-01-01T00:00:00Z									4	"http://www.wikidata.org/entity/Q39715"
<http://www.wikidata.org/entity/Q102316131>	POINT(30.260278 41.215833)	"Kefkenada Lighthouse"@en	1879-01-01T00:00:00Z									3	"http://www.wikidata.org/entity/Q39715"
<http://www.wikidata.org/entity/Q1024406>	POINT(17.096990 57.367020)	"Långe Erik"@en	1845-01-01T00:00:00Z									12	"http://www.wikidata.org/entity/Q10416961|http://www.wikidata.org/entity/Q39715"
<http://www.wikidata.org/entity/Q1024908>	POINT(-8.880249 37.959477)	"Sines Lighthouse"@en	1880-04-01T00:00:00Z									4	"http://www.wikidata.org/entity/Q210272|http://www.wikidata.org/entity/Q39715"
<http://www.wikidata.org/entity/Q10279203>	POINT(-8.784064 41.512598)	"Casa do Facho em Fão"@en	1600-01-01T00:00:00Z									2	"http://www.wikidata.org/entity/Q210272|http://www.wikidata.org/entity/Q39715"
<http://www.wikidata.org/entity/Q10279205>	POINT(-8.727614 41.338964)	"Marca de Enfiamento da Barra do Ave"@en	1600-01-01T00:00:00Z									3	"http://www.wikidata.org/entity/Q210272|http://www.wikidata.org/entity/Q33129347"
<http://www.wikidata.org/entity/Q102800964>	POINT(33.338141 42.016536)	"Kerempe Lighthouse"@en	1885-01-01T00:00:00Z									4	"http://www.wikidata.org/entity/Q39715"
<http://www.wikidata.org/entity/Q10280112>	POINT(-9.266305 38.699111)	"Gibalta Lighthouse"@en	1914-01-01T00:00:00Z									4	"http://www.wikidata.org/entity/Q210272|http://www.wikidata.org/entity/Q33129345"
<http://www.wikidata.org/entity/Q10280113>	POINT(-9.446450 38.695617)	"Guia Lighthouse"@en	1761-01-01T00:00:00Z									5	"http://www.wikidata.org/entity/Q210272|http://www.wikidata.org/entity/Q33129347"
<http://www.wikidata.org/entity/Q10280117>	POINT(-9.227250 38.727556)	"Farol da Mama"@en	1857-01-01T00:00:00Z									4	"http://www.wikidata.org/entity/Q210272|http://www.wikidata.org/entity/Q33129347"
<http://www.wikidata.org/entity/Q10280118>	POINT(-9.085381 39.604506)	"Nazaré Lighthouse"@en	1903-01-01T00:00:00Z								"http://www.wikidata.org/entity/Q10284041"	3	"http://www.wikidata.org/entity/Q210272|http://www.wikidata.org/entity/Q39715"
<http://www.wikidata.org/entity/Q10280122>	POINT(-25.850301 37.853494)	"Ponta da Ferraria Lighthouse"@en	1901-01-01T00:00:00Z									4	"http://www.wikidata.org/entity/Q210272|http://www.wikidata.org/entity/Q39715"
<http://www.wikidata.org/entity/Q10280124>	POINT(-8.669445 37.080583)	"Ponta da Piedade Lighthouse"@en	1913-01-01T00:00:00Z									5	"http://www.wikidata.org/entity/Q210272|http://www.wikidata.org/entity/Q39715"
<http://www.wikidata.org/entity/Q10280125>	POINT(-27.373889 38.765833)	"Serreta Lighthouse"@en	1908-11-04T00:00:00Z									5	"http://www.wikidata.org/entity/Q210272|http://www.wikidata.org/entity/Q39715"
<http://www.wikidata.org/entity/Q10280130>	POINT(-8.519583 37.105778)	"Ponta do Altar Lighthouse"@en	1893-01-01T00:00:00Z									4	"http://www.wikidata.org/entity/Q210272|http://www.wikidata.org/entity/Q39715"
<http://www.wikidata.org/entity/Q10280132>	POINT(-25.135556 37.824167)	"Arnel Point Lighthouse"@en	1876-11-26T00:00:00Z									4	"http://www.wikidata.org/entity/Q210272|http://www.wikidata.org/entity/Q39715"
<http://www.wikidata.org/entity/Q10280139>	POINT(-8.837694 41.693217)	"Senhora da Agonia Lighthouse"@en	1888-01-01T00:00:00Z									3	"http://www.wikidata.org/entity/Q210272|http://www.wikidata.org/entity/Q33129347"
<http://www.wikidata.org/entity/Q10280140>	POINT(-8.875197 41.859231)	"Insua Lighthouse"@en	1886-01-01T00:00:00Z								"http://www.wikidata.org/entity/Q10283763"	5	"http://www.wikidata.org/entity/Q210272|http://www.wikidata.org/entity/Q787078"
<http://www.wikidata.org/entity/Q10280141>	POINT(-8.677480 41.154442)	"Senhora da Luz Lighthouse"@en	1761-01-01T00:00:00Z									3	"http://www.wikidata.org/entity/Q210272|http://www.wikidata.org/entity/Q39715"
<http://www.wikidata.org/entity/Q10280142>	POINT(-31.176817 39.375607)	"Ponta das Lajes Lighthouse"@en	1910-10-10T00:00:00Z									4	"http://www.wikidata.org/entity/Q210272|http://www.wikidata.org/entity/Q39715"
<http://www.wikidata.org/entity/Q10280146>	POINT(-8.736936 41.337742)	"Azurara Rear Lighthouse"@en	1700-01-01T00:00:00Z									3	"http://www.wikidata.org/entity/Q210272|http://www.wikidata.org/entity/Q66350506"
<http://www.wikidata.org/entity/Q10280153>	POINT(-8.790608 41.542972)	"Esposende Lighthouse"@en	1866-01-01T00:00:00Z								"http://www.wikidata.org/entity/Q10284018"	4	"http://www.wikidata.org/entity/Q210272|http://www.wikidata.org/entity/Q39715"
<http://www.wikidata.org/entity/Q10280169>	POINT(-8.866597 40.147892)	"Santa Catarina Lighthouse"@en	1888-01-01T00:00:00Z								"http://www.wikidata.org/entity/Q10283888"	4	"http://www.wikidata.org/entity/Q210272|http://www.wikidata.org/entity/Q39715"
<http://www.wikidata.org/entity/Q10280171>	POINT(-9.421028 38.690417)	"Santa Marta Lighthouse"@en	1868-01-01T00:00:00Z								"http://www.wikidata.org/entity/Q10283910"	5	"http://www.wikidata.org/entity/Q210272|http://www.wikidata.org/entity/Q33129345|http://www.wikidata.org/entity/Q33506"
<http://www.wikidata.org/entity/Q10280173>	POINT(-9.325280 38.674523)	"São Julião Lighthouse"@en	1775-01-01T00:00:00Z								"http://www.wikidata.org/entity/Q10284030"	5	"http://www.wikidata.org/entity/Q210272|http://www.wikidata.org/entity/Q39715"
<http://www.wikidata.org/entity/Q10280175>	POINT(-8.666667 41.147000)	"São Miguel-o-Anjo Lighthouse"@en	1527-01-01T00:00:00Z								"http://www.wikidata.org/entity/Q66814761"	4	"http://www.wikidata.org/entity/Q210272|http://www.wikidata.org/entity/Q39715"
<http://www.wikidata.org/entity/Q10280181>	POINT(-9.485817 38.709506)	"Cabo Raso Lighthouse"@en	1894-01-01T00:00:00Z								"http://www.wikidata.org/entity/Q10283958"	5	"http://www.wikidata.org/entity/Q210272|http://www.wikidata.org/entity/Q39715"
<http://www.wikidata.org/entity/Q10280185>	POINT(-9.259833 38.703805)	"Esteiro Lighthouse"@en	1914-01-01T00:00:00Z									4	"http://www.wikidata.org/entity/Q210272|http://www.wikidata.org/entity/Q66350506"
<http://www.wikidata.org/entity/Q10280186>	POINT(-8.839061 41.688790)	"Santiago Lighthouse"@en	1878-01-01T00:00:00Z								"http://www.wikidata.org/entity/Q10283913"	3	"http://www.wikidata.org/entity/Q210272|http://www.wikidata.org/entity/Q33129345"
<http://www.wikidata.org/entity/Q10280187>	POINT(-9.116472 38.434556)	"Forte do Cavalo Lighthouse"@en	1896-01-01T00:00:00Z								"http://www.wikidata.org/entity/Q10284070"	4	"http://www.wikidata.org/entity/Q210272|http://www.wikidata.org/entity/Q39715"
<http://www.wikidata.org/entity/Q10280188>	POINT(-8.732975 40.645050)	"Forte da Barra Lighthouse"@en	1900-01-01T00:00:00Z								"http://www.wikidata.org/entity/Q10283699"	3	"http://www.wikidata.org/entity/Q210272|http://www.wikidata.org/entity/Q33129347"
<http://www.wikidata.org/entity/Q10280190>	POINT(-16.278889 33.054722)	"Ilhéu de Cima Lighthouse"@en	1901-01-01T00:00:00Z									5	"http://www.wikidata.org/entity/Q210272|http://www.wikidata.org/entity/Q39715"
<http://www.wikidata.org/entity/Q10280193>	POINT(-8.934333 38.488500)	"Outão Lighthouse"@en	1775-01-01T00:00:00Z								"http://www.wikidata.org/entity/Q10283916"	4	"http://www.wikidata.org/entity/Q210272|http://www.wikidata.org/entity/Q39715"
<http://www.wikidata.org/entity/Q10280194>	POINT(-9.031194 39.764056)	"Penedo da Saudade Lighthouse"@en	1912-01-01T00:00:00Z									4	"http://www.wikidata.org/entity/Q210272|http://www.wikidata.org/entity/Q39715"
<http://www.wikidata.org/entity/Q10280204>	POINT(-8.667000 41.147167)	"Cantareira Lighthouse"@en	1800-01-01T00:00:00Z								"http://www.wikidata.org/entity/Q66814761"	3	"http://www.wikidata.org/entity/Q210272|http://www.wikidata.org/entity/Q33129345"
<http://www.wikidata.org/entity/Q10280206>	POINT(-8.712219 41.201096)	"Três Bicos Lighthouse"@en	1800-01-01T00:00:00Z								"http://www.wikidata.org/entity/Q10280159"	3	"http://www.wikidata.org/entity/Q210272|http://www.wikidata.org/entity/Q33129347"
<http://www.wikidata.org/entity/Q10280208>	POINT(-8.677287 41.146743)	"Felgueiras Lighthouse"@en	1886-01-01T00:00:00Z									4	"http://www.wikidata.org/entity/Q210272|http://www.wikidata.org/entity/Q39715"
<http://www.wikidata.org/entity/Q103028922>	POINT(31.399167 41.313611)	"Ölüce Lighthouse"@en	1863-01-01T00:00:00Z									3	"http://www.wikidata.org/entity/Q39715"
<http://www.wikidata.org/entity/Q103035656>	POINT(31.787500 41.464722)	"Zonguldak Lighthouse"@en	1908-01-01T00:00:00Z									4	"http://www.wikidata.org/entity/Q39715"
<http://www.wikidata.org/entity/Q1031071>	POINT(4.141944 43.487778)	"Phare de l'Espiguette"@en	1869-01-01T00:00:00Z									5	"http://www.wikidata.org/entity/Q39715"
<http://www.wikidata.org/entity/Q103152519>	POINT(32.383056 41.753056)	"Amasra Lighthouse"@en	1863-01-01T00:00:00Z									4	"http://www.wikidata.org/entity/Q39715"
<http://www.wikidata.org/entity/Q103767350>	POINT(27.306842 40.702935)	"Hoşköy Lighthouse"@en	1861-01-01T00:00:00Z									1	"http://www.wikidata.org/entity/Q39715"
<http://www.wikidata.org/entity/Q103820118>	POINT(27.961667 40.966667)	"Marmara Ereğlisi Lighthouse"@en	1861-01-01T00:00:00Z									2	"http://www.wikidata.org/entity/Q39715"
<http://www.wikidata.org/entity/Q103841100>	POINT(26.174722 40.044167)	"Mehmetçik Lighthouse"@en	1856-01-01T00:00:00Z									1	"http://www.wikidata.org/entity/Q39715"
<http://www.wikidata.org/entity/Q10418329>	POINT(18.395556 56.995833)	"Faludden Lighthouse"@en	1867-01-01T00:00:00Z									4	"http://www.wikidata.org/entity/Q39715"
<http://www.wikidata.org/entity/Q10426660>	POINT(12.901610 55.756880)	"Barsebäckshamn lighthouse"@en	1881-01-01T00:00:00Z									1	"http://www.wikidata.org/entity/Q39715"
<http://www.wikidata.org/entity/Q10431416>	POINT(18.154889 59.320750)	"Blockhusudden lighthouse"@en	1905-01-01T00:00:00Z									4	"http://www.wikidata.org/entity/Q39715|http://www.wikidata.org/entity/Q787078"
<http://www.wikidata.org/entity/Q10432841>	POINT(20.038306 63.434056)	"Bonden lighthouse"@en	1913-01-01T00:00:00Z									1	"http://www.wikidata.org/entity/Q39715"
<http://www.wikidata.org/entity/Q10438713>	POINT(17.319083 60.738972)	"Bönan old lighthouse"@en	1840-01-01T00:00:00Z									3	"http://www.wikidata.org/entity/Q3278565|http://www.wikidata.org/entity/Q66088335"
<http://www.wikidata.org/entity/Q10474994>	POINT(18.401111 60.368889)	"Djursten lighthouse"@en	1839-01-01T00:00:00Z									5	"http://www.wikidata.org/entity/Q39715|http://www.wikidata.org/entity/Q787078"
<http://www.wikidata.org/entity/Q10512302>	POINT(12.474639 58.484861)		1905-01-01T00:00:00Z									2	"http://www.wikidata.org/entity/Q39715"
<http://www.wikidata.org/entity/Q10512569>	POINT(15.223611 56.121667)	"Gåsfeten lighthouse"@en	1904-01-01T00:00:00Z									2	"http://www.wikidata.org/entity/Q39715|http://www.wikidata.org/entity/Q787078"
<http://www.wikidata.org/entity/Q10518665>	POINT(11.181472 58.763000)	"Havstenssund upper light"@en	1901-01-01T00:00:00Z								"http://www.wikidata.org/entity/Q28375112"	2	"http://www.wikidata.org/entity/Q39715"
<http://www.wikidata.org/entity/Q10518666>	POINT(11.176667 58.752778)	"Havstenssund lower light"@en	1890-01-01T00:00:00Z								"http://www.wikidata.org/entity/Q28375112"	2	"http://www.wikidata.org/entity/Q39715|http://www.wikidata.org/entity/Q787078"
<http://www.wikidata.org/entity/Q10520451>	POINT(9.978670 55.133340)	"Helnæs Lighthouse"@en	1901-01-01T00:00:00Z									5	"http://www.wikidata.org/entity/Q39715"
<http://www.wikidata.org/entity/Q10520541>	POINT(12.688000 56.043250)	"Helsingborg lighthouse"@en	1888-01-01T00:00:00Z									3	"http://www.wikidata.org/entity/Q16948701|http://www.wikidata.org/entity/Q3278565|http://www.wikidata.org/entity/Q39715|http://www.wikidata.org/entity/Q787078"
<http://www.wikidata.org/entity/Q105232369>	POINT(1.275300 51.930400)	"Dovercourt High Light"@en	1863-01-01T00:00:00Z								"http://www.wikidata.org/entity/Q30752772"	0	"http://www.wikidata.org/entity/Q39715"
<http://www.wikidata.org/entity/Q105232486>	POINT(1.278100 51.930100)	"Dovercourt Low Light"@en	1863-01-01T00:00:00Z								"http://www.wikidata.org/entity/Q30752772"	0	"http://www.wikidata.org/entity/Q39715"
<http://www.wikidata.org/entity/Q10524998>	POINT(18.150556 56.921944)	"Hoburg lighthouse"@en	1845-01-01T00:00:00Z									3	"http://www.wikidata.org/entity/Q10411887|http://www.wikidata.org/entity/Q39715"
<http://www.wikidata.org/entity/Q105304837>	POINT(-4.113008 51.211136)	"Ilfracombe Lighthouse"@en	1819-01-01T00:00:00Z								"http://www.wikidata.org/entity/Q17526732"	2	"http://www.wikidata.org/entity/Q39715"
<http://www.wikidata.org/entity/Q10532070>	POINT(11.217317 58.335917)	"Hållö lighthouse"@en	1841-01-01T00:00:00Z									4	"http://www.wikidata.org/entity/Q39715"
<http://www.wikidata.org/entity/Q10551436>	POINT(12.671667 55.909444)	"Kyrkbacken lighthouse"@en	1878-01-01T00:00:00Z									1	"http://www.wikidata.org/entity/Q39715|http://www.wikidata.org/entity/Q787078"
<http://www.wikidata.org/entity/Q105704496>	POINT(-4.695000 51.710000)	"Saundersfoot Lighthouse"@en	1848-01-01T00:00:00Z									0	"http://www.wikidata.org/entity/Q39715"
<http://www.wikidata.org/entity/Q10572874>	POINT(16.773889 58.604722)	"Lönö lighthouse"@en	1908-01-01T00:00:00Z									1	"http://www.wikidata.org/entity/Q39715|http://www.wikidata.org/entity/Q787078"
<http://www.wikidata.org/entity/Q105730738>	POINT(-9.603055 51.387778)	"Fastnet Lighthouse (1st)"@en	1854-01-01T00:00:00Z									1	"http://www.wikidata.org/entity/Q39715"
<http://www.wikidata.org/entity/Q10580915>	POINT(-4.799861 52.749889)	"Bardsey Lighthouse"@en	1821-01-01T00:00:00Z									5	"http://www.wikidata.org/entity/Q39715"
<http://www.wikidata.org/entity/Q10581063>	POINT(-3.483444 50.399583)	"Berry Head Lighthouse"@en	1906-01-01T00:00:00Z									8	"http://www.wikidata.org/entity/Q39715"
<http://www.wikidata.org/entity/Q105820746>	POINT(-1.176981 60.453688)	"Firths Voe Lighthouse"@en	1909-01-01T00:00:00Z									1	"http://www.wikidata.org/entity/Q39715"
<http://www.wikidata.org/entity/Q10593502>	POINT(12.491917 56.283778)	"Mölle lighthouse"@en	1881-01-01T00:00:00Z									1	"http://www.wikidata.org/entity/Q39715|http://www.wikidata.org/entity/Q787078"
<http://www.wikidata.org/entity/Q105947239>	POINT(-2.978200 58.729933)	"Lother Rock Light"@en	1910-01-01T00:00:00Z									0	"http://www.wikidata.org/entity/Q39715"
<http://www.wikidata.org/entity/Q10595106>	POINT(13.109000 58.701000)		1856-01-01T00:00:00Z									1	"http://www.wikidata.org/entity/Q3278565|http://www.wikidata.org/entity/Q39715|http://www.wikidata.org/entity/Q66088335"
<http://www.wikidata.org/entity/Q10602937>	POINT(20.603611 63.233250)	"Norrskär lighthouse"@en	1845-01-01T00:00:00Z								"http://www.wikidata.org/entity/Q30506528"	4	"http://www.wikidata.org/entity/Q39715"
<http://www.wikidata.org/entity/Q106086775>	POINT(-2.794197 53.322439)	"Hale Head Lighthouse"@en	1838-01-01T00:00:00Z									0	"http://www.wikidata.org/entity/Q39715"
<http://www.wikidata.org/entity/Q106138575>	POINT(-0.302244 39.449131)	"Port of Valencia Lighthouse"@en	1905-01-01T00:00:00Z									0	"http://www.wikidata.org/entity/Q39715"
<http://www.wikidata.org/entity/Q106203184>	POINT(-6.445381 56.704466)	"Cairns of Coll Light"@en	1909-01-01T00:00:00Z									0	"http://www.wikidata.org/entity/Q39715"
<http://www.wikidata.org/entity/Q106212574>	POINT(19.449722 41.584167)	"Cape of Rodon Lighthouse"@en	1884-01-01T00:00:00Z									0	"http://www.wikidata.org/entity/Q39715"
<http://www.wikidata.org/entity/Q106257744>	POINT(-6.804278 56.500194)	"Scarinish Lighthouse"@en	1897-01-01T00:00:00Z									0	"http://www.wikidata.org/entity/Q39715"
<http://www.wikidata.org/entity/Q10659053>	POINT(24.391389 59.935500)	"Rönnskär lighthouse"@en	1800-01-01T00:00:00Z								"http://www.wikidata.org/entity/Q30506461"	5	"http://www.wikidata.org/entity/Q39715"
<http://www.wikidata.org/entity/Q10669746>	POINT(12.828060 55.416950)	"Skanör lighthouse"@en	1881-01-01T00:00:00Z									1	"http://www.wikidata.org/entity/Q39715|http://www.wikidata.org/entity/Q787078"
<http://www.wikidata.org/entity/Q10678575>	POINT(18.470833 57.825000)	"Stenkyrkehuk lighthouse"@en	1885-01-01T00:00:00Z									3	"http://www.wikidata.org/entity/Q39715|http://www.wikidata.org/entity/Q787078"
<http://www.wikidata.org/entity/Q10679581>	POINT(12.453610 55.290660)	"Stevns Lighthouse"@en	1818-01-01T00:00:00Z									5	"http://www.wikidata.org/entity/Q39715"
<http://www.wikidata.org/entity/Q10681295>	POINT(16.846917 57.842861)	"Storkläppen Lighthouse"@en	1890-01-01T00:00:00Z									3	"http://www.wikidata.org/entity/Q10411887|http://www.wikidata.org/entity/Q39715|http://www.wikidata.org/entity/Q787078"
<http://www.wikidata.org/entity/Q106856486>	POINT(21.058189 54.901370)		1908-01-01T00:00:00Z									1	"http://www.wikidata.org/entity/Q2319498|http://www.wikidata.org/entity/Q39715"
<http://www.wikidata.org/entity/Q106876244>	POINT(12.453660 55.290520)	"Stevns old lighthouse"@en	1818-01-01T00:00:00Z									1	"http://www.wikidata.org/entity/Q39715"
<http://www.wikidata.org/entity/Q10688060>	POINT(19.592730 60.411660)	"Sälskär lighthouse"@en	1866-01-01T00:00:00Z									5	"http://www.wikidata.org/entity/Q39715"
<http://www.wikidata.org/entity/Q10698694>	POINT(11.726250 57.509722)	"Tistlarna lighthouse"@en	1905-01-01T00:00:00Z									3	"http://www.wikidata.org/entity/Q39715|http://www.wikidata.org/entity/Q787078"
<http://www.wikidata.org/entity/Q10707121>	POINT(12.709439 56.646561)	"Tylö lighthouse"@en	1870-01-01T00:00:00Z									3	"http://www.wikidata.org/entity/Q39715"
<http://www.wikidata.org/entity/Q10728413>	POINT(18.492222 59.182361)	"Östra Stendörren"@en	1882-01-01T00:00:00Z									2	"http://www.wikidata.org/entity/Q39715|http://www.wikidata.org/entity/Q787078"
<http://www.wikidata.org/entity/Q107377542>	POINT(30.202780 45.255081)	"Zmiinyi Lighthouse"@en	1842-01-01T00:00:00Z		2022-01-01T00:00:00Z							2	"http://www.wikidata.org/entity/Q39715"
<http://www.wikidata.org/entity/Q107745732>	POINT(47.638829 45.603464)		1872-01-01T00:00:00Z									1	"http://www.wikidata.org/entity/Q1081138|http://www.wikidata.org/entity/Q39715"
<http://www.wikidata.org/entity/Q108395325>	POINT(-5.484010 56.422890)	"Dunollie Lighthouse"@en	1892-01-01T00:00:00Z									1	"http://www.wikidata.org/entity/Q39715"
<http://www.wikidata.org/entity/Q108408485>	POINT(-5.646097 56.447414)	"William Black Memorial Lighthouse"@en	1900-01-01T00:00:00Z									1	"http://www.wikidata.org/entity/Q39715|http://www.wikidata.org/entity/Q5003624"
<http://www.wikidata.org/entity/Q108542562>	POINT(12.451806 56.300722)		1563-01-01T00:00:00Z		1900-01-01T00:00:00Z							0	"http://www.wikidata.org/entity/Q39715"
<http://www.wikidata.org/entity/Q108556467>	POINT(-1.265524 49.696977)	"old Barfleur Lighthouse"@en	1780-01-01T00:00:00Z									1	"http://www.wikidata.org/entity/Q378499|http://www.wikidata.org/entity/Q39715"
<http://www.wikidata.org/entity/Q108678127>	POINT(7.492278 63.084583)	"Hestskjær Lighthouse"@en	1879-01-01T00:00:00Z									0	"http://www.wikidata.org/entity/Q2065736|http://www.wikidata.org/entity/Q39715"
<http://www.wikidata.org/entity/Q108752041>	POINT(17.353639 60.714306)		1902-01-01T00:00:00Z									0	"http://www.wikidata.org/entity/Q39715|http://www.wikidata.org/entity/Q66088335|http://www.wikidata.org/entity/Q787078"
<http://www.wikidata.org/entity/Q108756698>	POINT(11.802222 57.550722)		1885-01-01T00:00:00Z									0	"http://www.wikidata.org/entity/Q3278565|http://www.wikidata.org/entity/Q39715"
<http://www.wikidata.org/entity/Q108761184>	POINT(12.296100 66.264700)	"Åsvær Lighthouse (1876)"@en	1876-01-01T00:00:00Z									0	"http://www.wikidata.org/entity/Q39715"
<http://www.wikidata.org/entity/Q108761699>	POINT(16.478833 56.771556)	"Skäggenäs lighthouse"@en	1904-01-01T00:00:00Z									0	"http://www.wikidata.org/entity/Q39715"
<http://www.wikidata.org/entity/Q108764485>	POINT(15.788361 56.013500)		1882-01-01T00:00:00Z		1931-01-01T00:00:00Z							0	"http://www.wikidata.org/entity/Q39715"
<http://www.wikidata.org/entity/Q108776258>	POINT(13.126361 58.703000)		1885-01-01T00:00:00Z									0	"http://www.wikidata.org/entity/Q39715"
<http://www.wikidata.org/entity/Q108776289>	POINT(13.130806 58.703139)		1885-01-01T00:00:00Z									0	"http://www.wikidata.org/entity/Q39715"
<http://www.wikidata.org/entity/Q108783908>	POINT(22.238222 65.435944)		1881-01-01T00:00:00Z									0	"http://www.wikidata.org/entity/Q3278565|http://www.wikidata.org/entity/Q39715"
<http://www.wikidata.org/entity/Q108798511>	POINT(13.889278 58.894333)		1908-01-01T00:00:00Z		1997-01-01T00:00:00Z							0	"http://www.wikidata.org/entity/Q39715"
<http://www.wikidata.org/entity/Q108799879>	POINT(14.364722 67.286111)	"Nyholmen Lighthouse"@en	1875-01-01T00:00:00Z									1	"http://www.wikidata.org/entity/Q39715"
<http://www.wikidata.org/entity/Q108809628>	POINT(21.628611 65.136306)		1879-01-01T00:00:00Z		1921-01-01T00:00:00Z							0	"http://www.wikidata.org/entity/Q3278565|http://www.wikidata.org/entity/Q39715"
<http://www.wikidata.org/entity/Q108810494>	POINT(11.202305 58.417667)		1882-01-01T00:00:00Z		1936-01-01T00:00:00Z							0	"http://www.wikidata.org/entity/Q3278565|http://www.wikidata.org/entity/Q39715"
<http://www.wikidata.org/entity/Q108816918>	POINT(17.740056 62.219333)		1859-01-01T00:00:00Z		1948-01-01T00:00:00Z							0	"http://www.wikidata.org/entity/Q39715"
<http://www.wikidata.org/entity/Q108887969>	POINT(27.690278 42.438333)	"St. Ivan Island lighthouse"@en	1911-01-01T00:00:00Z									3	"http://www.wikidata.org/entity/Q39715"
<http://www.wikidata.org/entity/Q108888312>	POINT(27.921667 43.187222)		1863-08-15T00:00:00Z									2	"http://www.wikidata.org/entity/Q39715"
<http://www.wikidata.org/entity/Q10929097>	POINT(9.464340 58.836700)		1874-01-01T00:00:00Z									3	"http://www.wikidata.org/entity/Q39715"
<http://www.wikidata.org/entity/Q1093147>	POINT(-5.056667 48.474445)	"Stiff lighthouse"@en	1699-01-01T00:00:00Z									6	"http://www.wikidata.org/entity/Q39715"
<http://www.wikidata.org/entity/Q109318189>	POINT(14.427870 67.419200)	"Bjørnøy Lighthouse"@en	1890-01-01T00:00:00Z									1	"http://www.wikidata.org/entity/Q39715"
<http://www.wikidata.org/entity/Q109335903>	POINT(13.200806 58.849833)		1852-01-01T00:00:00Z									0	"http://www.wikidata.org/entity/Q39715"
<http://www.wikidata.org/entity/Q109440434>	POINT(13.597222 59.297778)	"Sätersholmen"@en	1838-01-01T00:00:00Z									0	"http://www.wikidata.org/entity/Q3278565|http://www.wikidata.org/entity/Q39715|http://www.wikidata.org/entity/Q66088335"
<http://www.wikidata.org/entity/Q109452599>	POINT(11.413472 58.271167)	"Stångehuvud lighthouse"@en	1890-01-01T00:00:00Z									1	"http://www.wikidata.org/entity/Q39715"
<http://www.wikidata.org/entity/Q109471308>	POINT(18.834306 57.695528)	"Grundet lighthouse"@en	1914-01-01T00:00:00Z									0	"http://www.wikidata.org/entity/Q39715"
<http://www.wikidata.org/entity/Q109497148>	POINT(20.317555 63.748445)	"Tuvan upper light"@en	1913-01-01T00:00:00Z									0	"http://www.wikidata.org/entity/Q39715"
<http://www.wikidata.org/entity/Q109497149>	POINT(20.318305 63.747333)	"Tuvan lower light"@en	1913-01-01T00:00:00Z									0	"http://www.wikidata.org/entity/Q39715"
<http://www.wikidata.org/entity/Q109498004>	POINT(16.186722 58.615472)	"Karlsro beacon"@en	1907-01-01T00:00:00Z									0	"http://www.wikidata.org/entity/Q39715|http://www.wikidata.org/entity/Q8157"
<http://www.wikidata.org/entity/Q109498121>	POINT(20.924722 63.679917)		1913-01-01T00:00:00Z									0	"http://www.wikidata.org/entity/Q39715"
<http://www.wikidata.org/entity/Q109501719>	POINT(17.229139 61.013639)	"Sundsmar lighthouse"@en	1883-01-01T00:00:00Z									0	"http://www.wikidata.org/entity/Q39715"
<http://www.wikidata.org/entity/Q109512896>	POINT(16.420445 58.479278)	"Mem lighthouse"@en	1898-01-01T00:00:00Z									0	"http://www.wikidata.org/entity/Q39715"
<http://www.wikidata.org/entity/Q109515153>	POINT(11.210972 58.358222)	"Holländareberget"@en	1883-01-01T00:00:00Z									0	"http://www.wikidata.org/entity/Q39715"
<http://www.wikidata.org/entity/Q109515192>	POINT(11.425917 58.119194)		1894-01-01T00:00:00Z									0	"http://www.wikidata.org/entity/Q39715"
<http://www.wikidata.org/entity/Q109518898>	POINT(11.060861 58.880278)	"Felgdholmen lighthouse"@en	1899-01-01T00:00:00Z		1939-01-01T00:00:00Z							0	"http://www.wikidata.org/entity/Q39715"
<http://www.wikidata.org/entity/Q109526070>	POINT(19.285000 58.340000)		1883-01-01T00:00:00Z		1913-01-01T00:00:00Z							0	"http://www.wikidata.org/entity/Q3278565|http://www.wikidata.org/entity/Q39715"
<http://www.wikidata.org/entity/Q109526162>	POINT(19.215056 58.338694)	"Hamnudden old lighthouse"@en	1913-01-01T00:00:00Z		1983-01-01T00:00:00Z							0	"http://www.wikidata.org/entity/Q39715"
<http://www.wikidata.org/entity/Q109527864>	POINT(14.576611 56.015389)		1908-01-01T00:00:00Z		1963-01-01T00:00:00Z							0	"http://www.wikidata.org/entity/Q39715"
<http://www.wikidata.org/entity/Q109528141>	POINT(14.578000 56.020389)		1910-01-01T00:00:00Z		1963-01-01T00:00:00Z							0	"http://www.wikidata.org/entity/Q39715"
<http://www.wikidata.org/entity/Q10964972>	POINT(23.119939 57.365889)	"Mērsrags lighthouse"@en	1875-01-01T00:00:00Z									6	"http://www.wikidata.org/entity/Q39715"
<http://www.wikidata.org/entity/Q109661858>	POINT(10.989889 58.832833)	"Ursholmen northen lighthouse"@en	1890-01-01T00:00:00Z								"http://www.wikidata.org/entity/Q10711098"	0	"http://www.wikidata.org/entity/Q39715"
<http://www.wikidata.org/entity/Q109661859>	POINT(10.990167 58.832500)	"Ursholmen southern lighthouse"@en	1890-01-01T00:00:00Z								"http://www.wikidata.org/entity/Q10711098"	0	"http://www.wikidata.org/entity/Q39715|http://www.wikidata.org/entity/Q787078"
<http://www.wikidata.org/entity/Q109673410>	POINT(8.184170 53.413890)	"Vareler Siel lighthouse"@en	1877-01-01T00:00:00Z					1923-01-01T00:00:00Z				2	"http://www.wikidata.org/entity/Q39715"
<http://www.wikidata.org/entity/Q10968359>	POINT(23.501600 58.567250)	"Virtsu Lighthouse"@en	1866-01-01T00:00:00Z									7	"http://www.wikidata.org/entity/Q39715"
<http://www.wikidata.org/entity/Q10971018>	POINT(17.733749 54.786783)	"Stilo Lighthouse"@en	1906-01-01T00:00:00Z								"http://www.wikidata.org/entity/Q30954328"	8	"http://www.wikidata.org/entity/Q39715"
<http://www.wikidata.org/entity/Q10971033>	POINT(-2.753333 43.453333)	"Matxitxako Lighthouse"@en	1852-01-01T00:00:00Z									5	"http://www.wikidata.org/entity/Q39715"
<http://www.wikidata.org/entity/Q109851800>	POINT(12.723333 55.903389)		1892-01-01T00:00:00Z		2016-01-01T00:00:00Z							0	"http://www.wikidata.org/entity/Q39715"
<http://www.wikidata.org/entity/Q109931663>	POINT(18.925389 59.659250)	"Furusund lighthouse and pilot station"@en	1905-01-01T00:00:00Z		1996-01-01T00:00:00Z							0	"http://www.wikidata.org/entity/Q16948701|http://www.wikidata.org/entity/Q3278565|http://www.wikidata.org/entity/Q39715"
<http://www.wikidata.org/entity/Q110016013>	POINT(15.135083 58.565306)		1894-01-01T00:00:00Z									0	"http://www.wikidata.org/entity/Q39715"
<http://www.wikidata.org/entity/Q110158590>	POINT(11.844306 58.326528)	"Sunningen North light"@en	1882-01-01T00:00:00Z									0	"http://www.wikidata.org/entity/Q39715"
<http://www.wikidata.org/entity/Q11026049>	POINT(-2.509861 43.377167)	"Santa Catalina lighthouse"@en	1862-01-01T00:00:00Z								"http://www.wikidata.org/entity/Q141142007"	5	"http://www.wikidata.org/entity/Q33506|http://www.wikidata.org/entity/Q39715"
<http://www.wikidata.org/entity/Q11028496>	POINT(25.795433 59.683917)	"Mohni Lighthouse"@en	1806-01-01T00:00:00Z								"http://www.wikidata.org/entity/Q139387197"	8	"http://www.wikidata.org/entity/Q39715"
<http://www.wikidata.org/entity/Q110305033>	POINT(14.226167 55.687722)	"Kivik lower light"@en	1888-01-01T00:00:00Z									0	"http://www.wikidata.org/entity/Q39715"
<http://www.wikidata.org/entity/Q110305037>	POINT(14.225833 55.687417)	"Kivik upper light"@en	1888-01-01T00:00:00Z									0	"http://www.wikidata.org/entity/Q39715"
<http://www.wikidata.org/entity/Q110312157>	POINT(14.649750 55.999889)	"Torsö lower light"@en	1898-01-01T00:00:00Z									0	"http://www.wikidata.org/entity/Q39715"
<http://www.wikidata.org/entity/Q110312158>	POINT(14.649639 56.000139)	"Torsö upper light"@en	1898-01-01T00:00:00Z									0	"http://www.wikidata.org/entity/Q39715"
<http://www.wikidata.org/entity/Q110312344>	POINT(14.735528 56.001667)		1880-01-01T00:00:00Z									0	"http://www.wikidata.org/entity/Q39715"
<http://www.wikidata.org/entity/Q110312958>	POINT(14.836028 56.009722)		1907-01-01T00:00:00Z									0	"http://www.wikidata.org/entity/Q39715"
<http://www.wikidata.org/entity/Q110312959>	POINT(14.836944 56.009333)		1907-01-01T00:00:00Z									0	"http://www.wikidata.org/entity/Q39715"
<http://www.wikidata.org/entity/Q110316766>	POINT(8.566480 56.580610)	"Grisetåodde Fyr"@en	1909-01-01T00:00:00Z									3	"http://www.wikidata.org/entity/Q39715"
<http://www.wikidata.org/entity/Q110322918>	POINT(15.300972 56.176667)		1886-01-01T00:00:00Z									0	"http://www.wikidata.org/entity/Q39715"
<http://www.wikidata.org/entity/Q110322919>	POINT(15.300861 56.178028)		1886-01-01T00:00:00Z									0	"http://www.wikidata.org/entity/Q39715"
<http://www.wikidata.org/entity/Q110408484>	POINT(18.284750 57.048889)	"Burgsvik lower light"@en	1888-01-01T00:00:00Z									0	"http://www.wikidata.org/entity/Q39715"
<http://www.wikidata.org/entity/Q110408485>	POINT(18.291889 57.050167)	"Burgsvik upper light"@en	1888-01-01T00:00:00Z									0	"http://www.wikidata.org/entity/Q39715"
<http://www.wikidata.org/entity/Q110423611>	POINT(17.104639 58.665528)	"Oxelösund Harbor lower light"@en	1886-01-01T00:00:00Z									0	"http://www.wikidata.org/entity/Q39715"
<http://www.wikidata.org/entity/Q110423612>	POINT(17.101583 58.667472)	"Oxelösund Harbor upper light"@en	1886-01-01T00:00:00Z									0	"http://www.wikidata.org/entity/Q39715"
<http://www.wikidata.org/entity/Q110427194>	POINT(18.259417 57.032861)		1909-01-01T00:00:00Z									0	"http://www.wikidata.org/entity/Q39715"
<http://www.wikidata.org/entity/Q110427197>	POINT(18.259500 57.032472)		1909-01-01T00:00:00Z									0	"http://www.wikidata.org/entity/Q39715"
<http://www.wikidata.org/entity/Q110428623>	POINT(18.281000 57.638139)	"Visby Harbor lower light"@en	1911-01-01T00:00:00Z									0	"http://www.wikidata.org/entity/Q39715"
<http://www.wikidata.org/entity/Q110428625>	POINT(18.284444 57.639417)	"Visby Harbor upper light"@en	1911-01-01T00:00:00Z									0	"http://www.wikidata.org/entity/Q39715"
<http://www.wikidata.org/entity/Q110487900>	POINT(21.176167 64.693000)		1901-01-01T00:00:00Z		2000-01-01T00:00:00Z							0	"http://www.wikidata.org/entity/Q39715"
<http://www.wikidata.org/entity/Q110597515>	POINT(17.130167 61.295389)	"Ullbacka lower light"@en	1900-01-01T00:00:00Z									0	"http://www.wikidata.org/entity/Q39715"
<http://www.wikidata.org/entity/Q110597516>	POINT(17.122111 61.299361)	"Ullbacka upper light"@en	1900-01-01T00:00:00Z									0	"http://www.wikidata.org/entity/Q39715"
<http://www.wikidata.org/entity/Q110680258>	POINT(20.977778 64.155139)	"Sikeå Harbor lower light"@en	1912-01-01T00:00:00Z									0	"http://www.wikidata.org/entity/Q39715"
<http://www.wikidata.org/entity/Q110680260>	POINT(20.974250 64.158889)	"Sikeå Harbor upper light"@en	1912-01-01T00:00:00Z									0	"http://www.wikidata.org/entity/Q39715"
<http://www.wikidata.org/entity/Q110727626>	POINT(17.185083 60.677889)		1902-01-01T00:00:00Z									0	"http://www.wikidata.org/entity/Q39715"
<http://www.wikidata.org/entity/Q110888956>	POINT(16.225083 58.603750)	"Rossviken lower light"@en	1907-01-01T00:00:00Z									0	"http://www.wikidata.org/entity/Q39715"
<http://www.wikidata.org/entity/Q110888957>	POINT(16.228306 58.602722)	"Rossviken upper light"@en	1907-01-01T00:00:00Z									0	"http://www.wikidata.org/entity/Q39715"
<http://www.wikidata.org/entity/Q110896072>	POINT(16.674889 57.765861)		1912-01-01T00:00:00Z									0	"http://www.wikidata.org/entity/Q39715"
<http://www.wikidata.org/entity/Q110896073>	POINT(16.674500 57.771917)		1912-01-01T00:00:00Z									0	"http://www.wikidata.org/entity/Q39715"
<http://www.wikidata.org/entity/Q110906140>	POINT(18.149972 57.308111)	"Djauvik lower light"@en	1884-01-01T00:00:00Z									0	"http://www.wikidata.org/entity/Q39715"
<http://www.wikidata.org/entity/Q110906141>	POINT(18.150667 57.307639)	"Djauvik upper light"@en	1884-01-01T00:00:00Z									0	"http://www.wikidata.org/entity/Q39715"
<http://www.wikidata.org/entity/Q110909127>	POINT(18.112444 57.502444)	"Gnisvärd lower light"@en	1904-01-01T00:00:00Z									0	"http://www.wikidata.org/entity/Q39715"
<http://www.wikidata.org/entity/Q110909128>	POINT(18.114056 57.502750)	"Gnisvärd upper light"@en	1904-01-01T00:00:00Z									0	"http://www.wikidata.org/entity/Q39715"
<http://www.wikidata.org/entity/Q110928873>	POINT(17.076639 57.239806)	"Böda lower light"@en	1906-01-01T00:00:00Z									0	"http://www.wikidata.org/entity/Q39715"
<http://www.wikidata.org/entity/Q110928874>	POINT(17.073722 57.240639)	"Böda upper light"@en	1906-01-01T00:00:00Z									0	"http://www.wikidata.org/entity/Q39715"
<http://www.wikidata.org/entity/Q110971042>	POINT(17.226167 60.690667)	"Fredriksskans lighthouse"@en	1887-01-01T00:00:00Z		2002-01-01T00:00:00Z							0	"http://www.wikidata.org/entity/Q39715"
<http://www.wikidata.org/entity/Q111029137>	POINT(16.104222 59.430361)	"Kungsör lower light"@en	1907-01-01T00:00:00Z									0	"http://www.wikidata.org/entity/Q39715"
<http://www.wikidata.org/entity/Q111029138>	POINT(16.104000 59.430167)	"Kungsör upper light"@en	1907-01-01T00:00:00Z									0	"http://www.wikidata.org/entity/Q39715"
<http://www.wikidata.org/entity/Q111034173>	POINT(19.867305 63.570250)	"Reveln lower light"@en	1908-01-01T00:00:00Z									0	"http://www.wikidata.org/entity/Q39715"
<http://www.wikidata.org/entity/Q111034174>	POINT(19.865000 63.570167)	"Reveln upper light"@en	1908-01-01T00:00:00Z									0	"http://www.wikidata.org/entity/Q39715"
<http://www.wikidata.org/entity/Q111214451>	POINT(-2.318781 48.683975)	"Cap Fréhel lighthouse"@en	1847-01-01T00:00:00Z		1944-08-14T00:00:00Z						"http://www.wikidata.org/entity/Q29981825"	1	"http://www.wikidata.org/entity/Q39715"
<http://www.wikidata.org/entity/Q111507016>	POINT(18.442083 60.340917)		1901-01-01T00:00:00Z									0	"http://www.wikidata.org/entity/Q39715"
<http://www.wikidata.org/entity/Q111507017>	POINT(18.441778 60.340361)		1901-01-01T00:00:00Z									0	"http://www.wikidata.org/entity/Q39715"
<http://www.wikidata.org/entity/Q111513065>	POINT(18.438111 60.341639)	"Öregrund lower light"@en	1901-01-01T00:00:00Z									0	"http://www.wikidata.org/entity/Q39715"
<http://www.wikidata.org/entity/Q111513066>	POINT(18.437250 60.341639)	"Öregrund upper light"@en	1901-01-01T00:00:00Z									0	"http://www.wikidata.org/entity/Q39715"
<http://www.wikidata.org/entity/Q111513127>	POINT(18.378972 60.260528)	"Östhammar lower light"@en	1901-01-01T00:00:00Z									0	"http://www.wikidata.org/entity/Q39715"
<http://www.wikidata.org/entity/Q111513128>	POINT(18.376500 60.260972)	"Östhammar upper light"@en	1901-01-01T00:00:00Z									0	"http://www.wikidata.org/entity/Q39715"
<http://www.wikidata.org/entity/Q111718560>	POINT(15.477274 42.106546)	"Punta del Diavolo Lighthouse"@en	1905-01-01T00:00:00Z									0	"http://www.wikidata.org/entity/Q39715"
<http://www.wikidata.org/entity/Q111746685>	POINT(-4.970360 52.012735)	"Fishguard North Breakwater Lighthouse"@en	1905-01-01T00:00:00Z									1	"http://www.wikidata.org/entity/Q39715"
<http://www.wikidata.org/entity/Q11181264>	POINT(9.243300 58.709500)	"Stangholmen lighthouse"@en	1855-01-01T00:00:00Z									5	"http://www.wikidata.org/entity/Q39715"
<http://www.wikidata.org/entity/Q1120326>	POINT(4.726389 52.955278)	"Lange Jaap"@en	1878-01-01T00:00:00Z									5	"http://www.wikidata.org/entity/Q39715"
<http://www.wikidata.org/entity/Q112106772>	POINT(32.665000 29.111700)	"Zafarana lighthouse"@en	1862-01-01T00:00:00Z									2	"http://www.wikidata.org/entity/Q39715"
<http://www.wikidata.org/entity/Q11227361>	POINT(8.405030 58.231447)	"Saltholmen Lighthouse"@en	1882-01-01T00:00:00Z									5	"http://www.wikidata.org/entity/Q39715"
<http://www.wikidata.org/entity/Q11259208>	POINT(8.791760 58.412000)	"Lille Torungen fyr"@en	1844-09-01T00:00:00Z									7	"http://www.wikidata.org/entity/Q39715"
<http://www.wikidata.org/entity/Q11259327>	POINT(17.818889 69.600278)	"Hekkingen Lighthouse"@en	1859-09-24T00:00:00Z									4	"http://www.wikidata.org/entity/Q66088335"
<http://www.wikidata.org/entity/Q11265991>	POINT(22.838633 59.001633)	"Hiiessaare lighthouse"@en	1876-01-01T00:00:00Z									6	"http://www.wikidata.org/entity/Q39715"
<http://www.wikidata.org/entity/Q11268326>	POINT(26.360700 59.817100)	"Vaindloo Lighthouse"@en	1718-01-01T00:00:00Z									8	"http://www.wikidata.org/entity/Q39715"
<http://www.wikidata.org/entity/Q11286991>	POINT(24.416550 59.471667)	"Suurupi front lighthouse"@en	1859-01-01T00:00:00Z								"http://www.wikidata.org/entity/Q139381405"	6	"http://www.wikidata.org/entity/Q39715"
<http://www.wikidata.org/entity/Q112876541>	POINT(24.681397 38.774720)	"Lithari lighthouse"@en	1894-01-01T00:00:00Z									0	"http://www.wikidata.org/entity/Q39715"
<http://www.wikidata.org/entity/Q112894996>	POINT(20.248442 39.140596)	"Antipaxoi lighthouse"@en	1906-01-01T00:00:00Z									0	"http://www.wikidata.org/entity/Q39715"
<http://www.wikidata.org/entity/Q11290411>	POINT(15.872778 54.242778)	"Gąski Lighthouse"@en	1878-01-01T00:00:00Z									9	"http://www.wikidata.org/entity/Q39715"
<http://www.wikidata.org/entity/Q113004896>	POINT(15.186329 37.285833)	"Brucoli Lighthouse"@en	1911-01-01T00:00:00Z									3	"http://www.wikidata.org/entity/Q39715"
<http://www.wikidata.org/entity/Q11301633>	POINT(16.855556 54.588889)	"Ustka Lighthouse"@en	1871-01-01T00:00:00Z									9	"http://www.wikidata.org/entity/Q39715"
<http://www.wikidata.org/entity/Q113114591>	POINT(-4.511642 50.330239)	"Spy House Point lighthouse"@en	1911-01-01T00:00:00Z									0	"http://www.wikidata.org/entity/Q39715"
<http://www.wikidata.org/entity/Q11314950>	POINT(23.442869 58.544858)	"Viirelaid lighthouse"@en	1857-01-01T00:00:00Z									7	"http://www.wikidata.org/entity/Q39715"
<http://www.wikidata.org/entity/Q11317352>	POINT(21.189931 55.341028)	"Cape Vente Lighthouse"@en	1837-01-01T00:00:00Z									8	"http://www.wikidata.org/entity/Q39715"
<http://www.wikidata.org/entity/Q11320229>	POINT(17.241361 54.718250)	"Czołpino Lighthouse"@en	1875-01-01T00:00:00Z									9	"http://www.wikidata.org/entity/Q39715"
<http://www.wikidata.org/entity/Q11321434>	POINT(15.063870 54.094720)	"Niechorze Lighthouse"@en	1866-01-01T00:00:00Z									9	"http://www.wikidata.org/entity/Q3947|http://www.wikidata.org/entity/Q39715"
<http://www.wikidata.org/entity/Q1137560>	POINT(4.855278 53.181944)	"Eierland Lighthouse"@en	1864-01-01T00:00:00Z									8	"http://www.wikidata.org/entity/Q39715"
<http://www.wikidata.org/entity/Q1138126>	POINT(3.691667 51.708889)	"Westerlichttoren"@en	1840-01-01T00:00:00Z									6	"http://www.wikidata.org/entity/Q39715"
<http://www.wikidata.org/entity/Q1143857>	POINT(5.357610 52.888040)	"Stavoren Lighthouse"@en	1884-01-01T00:00:00Z									8	"http://www.wikidata.org/entity/Q39715"
<http://www.wikidata.org/entity/Q11439005>	POINT(8.783000 58.436200)	"Sandvigodden Lighthouse"@en	1844-01-01T00:00:00Z									6	"http://www.wikidata.org/entity/Q39715"
<http://www.wikidata.org/entity/Q114989581>	POINT(40.599639 43.092917)	"Bambora Lighthouse"@en	1886-01-01T00:00:00Z									0	"http://www.wikidata.org/entity/Q39715"
<http://www.wikidata.org/entity/Q114989584>	POINT(41.106667 42.846667)	"Mys Kodori Lighthouse"@en	1899-01-01T00:00:00Z									0	"http://www.wikidata.org/entity/Q39715"
<http://www.wikidata.org/entity/Q114989587>	POINT(40.971722 42.981833)	"Mys Sukhumskiy Lighthouse"@en	1864-01-01T00:00:00Z									0	"http://www.wikidata.org/entity/Q39715"
<http://www.wikidata.org/entity/Q115161285>	POINT(34.036700 27.450000)	"Jazirat Shakir Lighthouse"@en	1889-01-01T00:00:00Z									0	"http://www.wikidata.org/entity/Q39715"
<http://www.wikidata.org/entity/Q115161308>	POINT(29.861700 31.195000)	"Ras el-Tin Lighthouse"@en	1848-01-01T00:00:00Z									0	"http://www.wikidata.org/entity/Q39715"
<http://www.wikidata.org/entity/Q115683416>	POINT(24.058737 34.839015)	"Gavdos lighthouse"@en	1880-01-01T00:00:00Z									0	"http://www.wikidata.org/entity/Q39715"
<http://www.wikidata.org/entity/Q11605469>	POINT(9.003258 58.540457)	"Ytre Møkkalasset fyrstasjon"@en	1888-01-01T00:00:00Z									5	"http://www.wikidata.org/entity/Q39715"
<http://www.wikidata.org/entity/Q116178094>	POINT(9.887886 55.270710)	"Assens Havn Fyr"@en	1854-01-01T00:00:00Z									1	"http://www.wikidata.org/entity/Q39715"
<http://www.wikidata.org/entity/Q116189270>	POINT(-4.826110 55.641110)	"Ardrossan Pierhead Lighthouse"@en	1898-01-01T00:00:00Z									1	"http://www.wikidata.org/entity/Q39715"
<http://www.wikidata.org/entity/Q116268266>	POINT(-2.960086 58.985530)	"Kirkwall Old West Pier Lighthouse"@en	1854-01-01T00:00:00Z									1	"http://www.wikidata.org/entity/Q39715"
<http://www.wikidata.org/entity/Q116450174>	POINT(-4.675380 57.145950)	"Fort Augustus Lighthouse"@en	1840-01-01T00:00:00Z									1	"http://www.wikidata.org/entity/Q39715"
<http://www.wikidata.org/entity/Q11681789>	POINT(-9.216445 38.415611)	"Cabo Espichel Lighthouse"@en	1790-01-01T00:00:00Z									5	"http://www.wikidata.org/entity/Q210272|http://www.wikidata.org/entity/Q39715"
<http://www.wikidata.org/entity/Q11686689>	POINT(12.686780 55.636010)	"Nordre Røse Fyr"@en	1877-01-01T00:00:00Z									7	"http://www.wikidata.org/entity/Q39715"
<http://www.wikidata.org/entity/Q11729786>	POINT(27.007279 60.010755)	"Gogland South lighthouse"@en	1861-01-01T00:00:00Z									5	"http://www.wikidata.org/entity/Q2319498|http://www.wikidata.org/entity/Q39715"
<http://www.wikidata.org/entity/Q11753140>	POINT(18.661004 54.406343)	"Old Lighthouse in Gdańsk"@en	1894-01-01T00:00:00Z									5	"http://www.wikidata.org/entity/Q39715|http://www.wikidata.org/entity/Q811165"
<http://www.wikidata.org/entity/Q11753144>	POINT(18.336270 54.830360)	"Rozewie Lighthouse"@en	1822-01-01T00:00:00Z								"http://www.wikidata.org/entity/Q115562822"	8	"http://www.wikidata.org/entity/Q39715|http://www.wikidata.org/entity/Q811165"
<http://www.wikidata.org/entity/Q11753149>	POINT(19.893328 54.638808)	"Baltiysky lighthouse"@en	1813-01-01T00:00:00Z									5	"http://www.wikidata.org/entity/Q2319498|http://www.wikidata.org/entity/Q39715"
<http://www.wikidata.org/entity/Q11753150>	POINT(-3.322220 53.356900)	"Point of Ayr Lighthouse"@en	1776-01-01T00:00:00Z									6	"http://www.wikidata.org/entity/Q39715"
<http://www.wikidata.org/entity/Q11784>	POINT(-8.905167 40.191000)	"Cabo Mondego Lighthouse"@en	1858-01-01T00:00:00Z									6	"http://www.wikidata.org/entity/Q210272|http://www.wikidata.org/entity/Q39715"
<http://www.wikidata.org/entity/Q117883698>	POINT(-2.822564 48.645070)	"Fanal de Portrieux"@en	1867-01-01T00:00:00Z									1	"http://www.wikidata.org/entity/Q39715"
<http://www.wikidata.org/entity/Q1180435>	POINT(5.282222 52.741944)	"De Ven"@en	1700-01-01T00:00:00Z									6	"http://www.wikidata.org/entity/Q39715"
<http://www.wikidata.org/entity/Q118129321>	POINT(-5.124003 56.842001)	"Corpach Lighthouse"@en	1819-01-01T00:00:00Z									1	"http://www.wikidata.org/entity/Q39715"
<http://www.wikidata.org/entity/Q118139995>	POINT(-2.813889 49.105000)	"Roches-Douvres Light"@en	1866-01-01T00:00:00Z		1944-08-01T00:00:00Z							1	"http://www.wikidata.org/entity/Q39715"
<http://www.wikidata.org/entity/Q11864931>	POINT(21.896547 60.252964)	"Seilinriutta"@en	1909-01-01T00:00:00Z									4	"http://www.wikidata.org/entity/Q39715|http://www.wikidata.org/entity/Q787078"
<http://www.wikidata.org/entity/Q118727843>	POINT(11.237512 54.493650)	"Old Marienleuchte lighthouse"@en	1832-01-01T00:00:00Z								"http://www.wikidata.org/entity/Q58404870"	1	"http://www.wikidata.org/entity/Q39715"
<http://www.wikidata.org/entity/Q11880627>	POINT(25.598611 59.985556)	"lightship Kalbådagrund"@en	1856-01-01T00:00:00Z		1963-01-01T00:00:00Z							3	"http://www.wikidata.org/entity/Q39715|http://www.wikidata.org/entity/Q831515"
<http://www.wikidata.org/entity/Q11883289>	POINT(22.950069 36.381111)	"Moudari Lighthouse"@en	1857-01-01T00:00:00Z									3	"http://www.wikidata.org/entity/Q39715"
<http://www.wikidata.org/entity/Q11891471>	POINT(22.948333 59.766750)	"Russarö Lighthouse"@en	1863-01-01T00:00:00Z									6	"http://www.wikidata.org/entity/Q39715"
<http://www.wikidata.org/entity/Q11895729>	POINT(21.190278 62.334167)	"Sälgrund lighthouse"@en	1875-01-01T00:00:00Z								"http://www.wikidata.org/entity/Q30506436"	4	"http://www.wikidata.org/entity/Q39715"
<http://www.wikidata.org/entity/Q11896364>	POINT(22.846500 63.950000)	"Tankar Lighthouse"@en	1888-01-01T00:00:00Z								"http://www.wikidata.org/entity/Q30506472"	8	"http://www.wikidata.org/entity/Q39715"
<http://www.wikidata.org/entity/Q11899745>	POINT(21.368850 59.780961)	"Utö Lighthouse"@en	1813-01-01T00:00:00Z								"http://www.wikidata.org/entity/Q194522"	9	"http://www.wikidata.org/entity/Q39715"
<http://www.wikidata.org/entity/Q1190267>	POINT(-6.442103 36.737892)	"Chipiona Lighthouse"@en	1863-01-01T00:00:00Z									15	"http://www.wikidata.org/entity/Q39715"
<http://www.wikidata.org/entity/Q11903087>	POINT(21.294667 61.979333)	"Yttergrund Lighthouse"@en	1892-01-01T00:00:00Z								"http://www.wikidata.org/entity/Q31161792"	5	"http://www.wikidata.org/entity/Q39715"
<http://www.wikidata.org/entity/Q11921569>	POINT(3.202440 41.896100)	"Far de Sant Sebastià"@en	1857-01-01T00:00:00Z									4	"http://www.wikidata.org/entity/Q39715"
<http://www.wikidata.org/entity/Q11960098>	POINT(13.543228 68.049197)	"Ballstad lighthouse"@en	1857-01-01T00:00:00Z		1956-01-01T00:00:00Z							1	"http://www.wikidata.org/entity/Q11969019"
<http://www.wikidata.org/entity/Q11969202>	POINT(14.766140 67.921060)	"Flatøy fyr"@en	1882-01-01T00:00:00Z									4	"http://www.wikidata.org/entity/Q39715"
<http://www.wikidata.org/entity/Q11976484>	POINT(5.317183 59.322073)	"Høgevarde fyr"@en	1858-01-01T00:00:00Z									5	"http://www.wikidata.org/entity/Q2065736|http://www.wikidata.org/entity/Q39715"
<http://www.wikidata.org/entity/Q11988444>	POINT(6.985931 58.001549)	"Markøy fyr"@en	1725-01-01T00:00:00Z		1844-01-01T00:00:00Z							4	"http://www.wikidata.org/entity/Q39715"
<http://www.wikidata.org/entity/Q12000806>	POINT(10.630200 57.735500)	"Skagen Lighthouse"@en	1848-01-01T00:00:00Z									11	"http://www.wikidata.org/entity/Q39715"
<http://www.wikidata.org/entity/Q12001035>	POINT(12.306700 65.721600)		1898-01-01T00:00:00Z									1	"http://www.wikidata.org/entity/Q39715"
<http://www.wikidata.org/entity/Q12004877>	POINT(5.240050 59.423800)	"Sørhaugøy fyr"@en	1846-01-01T00:00:00Z									5	"http://www.wikidata.org/entity/Q39715"
<http://www.wikidata.org/entity/Q12005125>	POINT(24.805617 59.427900)	"Tallinn rear lighthouse"@en	1835-01-01T00:00:00Z									7	"http://www.wikidata.org/entity/Q39715"
<http://www.wikidata.org/entity/Q12009114>	POINT(5.183333 60.339167)	"Vatlestraumen fyrstasjon"@en	1882-01-01T00:00:00Z									3	"http://www.wikidata.org/entity/Q39715"
<http://www.wikidata.org/entity/Q12010185>	POINT(13.988767 67.434833)		1859-01-01T00:00:00Z									1	"http://www.wikidata.org/entity/Q39715"
<http://www.wikidata.org/entity/Q12010279>	POINT(12.724400 67.650800)	"Værøy Lighthouse"@en	1880-01-01T00:00:00Z									4	"http://www.wikidata.org/entity/Q39715"
<http://www.wikidata.org/entity/Q12011814>	POINT(5.225000 59.987500)	"Økshamaren fyrstasjon"@en	1849-01-01T00:00:00Z									5	"http://www.wikidata.org/entity/Q358|http://www.wikidata.org/entity/Q39715"
<http://www.wikidata.org/entity/Q120122306>	POINT(1.603889 50.549167)		1805-01-01T00:00:00Z									1	"http://www.wikidata.org/entity/Q39715"
<http://www.wikidata.org/entity/Q12034939>	POINT(-1.774510 57.470400)	"Buchan Ness Lighthouse"@en	1827-01-01T00:00:00Z									6	"http://www.wikidata.org/entity/Q39715"
<http://www.wikidata.org/entity/Q12034940>	POINT(-2.785137 56.073224)	"Fidra Lighthouse"@en	1885-01-01T00:00:00Z									5	"http://www.wikidata.org/entity/Q39715"
<http://www.wikidata.org/entity/Q120489968>	POINT(21.080360 55.730413)	"White lighthouse"@en	1884-01-01T00:00:00Z									3	"http://www.wikidata.org/entity/Q39715"
<http://www.wikidata.org/entity/Q12053524>	POINT(-1.121520 60.120000)	"Bressay Lighthouse"@en	1858-01-01T00:00:00Z									4	"http://www.wikidata.org/entity/Q39715"
<http://www.wikidata.org/entity/Q1209895>	POINT(8.771390 53.835800)	"Leuchtturm Dicke Berta"@en	1897-01-01T00:00:00Z									2	"http://www.wikidata.org/entity/Q39715"
<http://www.wikidata.org/entity/Q12122083>	POINT(35.077763 44.793767)	"Meganom lighthouse"@en	1895-09-15T00:00:00Z									3	"http://www.wikidata.org/entity/Q39715"
<http://www.wikidata.org/entity/Q121498>	POINT(14.380833 67.448333)	"Landegode Lighthouse"@en	1902-01-01T00:00:00Z									7	"http://www.wikidata.org/entity/Q39715"
<http://www.wikidata.org/entity/Q122304304>	POINT(32.011261 46.894039)	"Siversov Front Lighthouse"@en	1866-01-01T00:00:00Z									1	"http://www.wikidata.org/entity/Q39715"
<http://www.wikidata.org/entity/Q12231077>	POINT(29.847500 31.156944)	"El Max Old Lighthouse"@en	1894-01-01T00:00:00Z									3	"http://www.wikidata.org/entity/Q39715"
<http://www.wikidata.org/entity/Q12257882>	POINT(-9.272023 42.882352)	"Faro de Finisterre"@en	1853-01-01T00:00:00Z									9	"http://www.wikidata.org/entity/Q39715"
<http://www.wikidata.org/entity/Q12258124>	POINT(-3.033333 43.373333)		1852-01-01T00:00:00Z								"http://www.wikidata.org/entity/Q8963008"	3	"http://www.wikidata.org/entity/Q39715"
<http://www.wikidata.org/entity/Q12258462>	POINT(-2.202333 43.310000)		1863-01-01T00:00:00Z									4	"http://www.wikidata.org/entity/Q39715"
<http://www.wikidata.org/entity/Q12259123>	POINT(-1.792009 43.392010)	"Higer lighthouse"@en	1881-01-01T00:00:00Z									6	"http://www.wikidata.org/entity/Q39715"
<http://www.wikidata.org/entity/Q12266204>	POINT(-8.313889 43.567222)	"Cabo Prior Lighthouse"@en	1853-01-01T00:00:00Z									6	"http://www.wikidata.org/entity/Q39715"
<http://www.wikidata.org/entity/Q12266995>	POINT(-1.998266 43.321830)	"Isla de Santa Clara Lighthouse"@en	1864-01-01T00:00:00Z									4	"http://www.wikidata.org/entity/Q39715"
<http://www.wikidata.org/entity/Q12268090>	POINT(-9.298333 43.053333)	"Touriñán Lighthouse"@en	1898-01-01T00:00:00Z									7	"http://www.wikidata.org/entity/Q39715"
<http://www.wikidata.org/entity/Q12268890>	POINT(-9.210833 43.159444)	"Cape Vilán Lighthouse"@en	1854-01-01T00:00:00Z									5	"http://www.wikidata.org/entity/Q39715"
<http://www.wikidata.org/entity/Q12269486>	POINT(-2.250833 43.301944)	"Zumaia Lighthouse"@en	1882-01-01T00:00:00Z									4	"http://www.wikidata.org/entity/Q39715"
<http://www.wikidata.org/entity/Q1229452>	POINT(10.976000 64.754000)	"Grinna Lighthouse"@en	1904-01-01T00:00:00Z									4	"http://www.wikidata.org/entity/Q39715"
<http://www.wikidata.org/entity/Q12304760>	POINT(9.798720 55.295600)	"Baago lighthouse"@en	1816-01-01T00:00:00Z									2	"http://www.wikidata.org/entity/Q39715"
<http://www.wikidata.org/entity/Q12312013>	POINT(10.957290 56.443410)	"Fornæs Lighthouse"@en	1892-01-01T00:00:00Z									5	"http://www.wikidata.org/entity/Q39715"
<http://www.wikidata.org/entity/Q12315078>	POINT(10.425417 56.954733)	"Hals Barre Lighthouse"@en	1912-01-01T00:00:00Z									2	"http://www.wikidata.org/entity/Q39715"
<http://www.wikidata.org/entity/Q12316822>	POINT(9.941900 57.584730)	"Hirtshals Lighthouse"@en	1863-01-01T00:00:00Z									5	"http://www.wikidata.org/entity/Q39715"
<http://www.wikidata.org/entity/Q12317343>	POINT(10.955322 55.146556)	"Hov Lighthouse"@en	1893-01-01T00:00:00Z									2	"http://www.wikidata.org/entity/Q39715"
<http://www.wikidata.org/entity/Q12321624>	POINT(9.987590 54.853060)	"Kegnæs Lighthouse"@en	1896-01-01T00:00:00Z									4	"http://www.wikidata.org/entity/Q39715"
<http://www.wikidata.org/entity/Q12325307>	POINT(9.614420 54.901800)	"Lågemade Lighthouse"@en	1896-01-01T00:00:00Z									6	"http://www.wikidata.org/entity/Q39715"
<http://www.wikidata.org/entity/Q12327375>	POINT(21.974444 57.599722)	"Miķeļbāka"@en	1885-01-01T00:00:00Z									7	"http://www.wikidata.org/entity/Q39715"
<http://www.wikidata.org/entity/Q12335727>	POINT(10.206780 54.969340)	"Skjoldnaes Lighthouse"@en	1881-01-01T00:00:00Z									4	"http://www.wikidata.org/entity/Q39715"
<http://www.wikidata.org/entity/Q12335883>	POINT(5.275730 59.143300)		1799-01-01T00:00:00Z									5	"http://www.wikidata.org/entity/Q39715"
<http://www.wikidata.org/entity/Q12336758>	POINT(10.969540 55.330750)	"Sprogø fyr"@en	1868-01-01T00:00:00Z									5	"http://www.wikidata.org/entity/Q39715"
<http://www.wikidata.org/entity/Q12339701>	POINT(10.887600 54.987600)	"Tranekær Lighthouse"@en	1897-01-01T00:00:00Z									1	"http://www.wikidata.org/entity/Q39715"
<http://www.wikidata.org/entity/Q1235762>	POINT(16.845028 56.819528)	"Kapelludden lighthouse"@en	1872-01-01T00:00:00Z									5	"http://www.wikidata.org/entity/Q10519294|http://www.wikidata.org/entity/Q39715"
<http://www.wikidata.org/entity/Q123851022>	POINT(-4.074914 48.689170)	"Moguériec lighthouse"@en	1876-06-01T00:00:00Z									1	"http://www.wikidata.org/entity/Q39715"
<http://www.wikidata.org/entity/Q123908824>	POINT(7.512347 43.776760)	"Menton lighthouse"@en	1878-01-01T00:00:00Z									1	"http://www.wikidata.org/entity/Q39715"
<http://www.wikidata.org/entity/Q124034029>	POINT(0.073882 49.367268)	"Deauville lighthouse"@en	1888-01-01T00:00:00Z									2	"http://www.wikidata.org/entity/Q39715"
<http://www.wikidata.org/entity/Q124034283>	POINT(0.074772 49.367274)	"Trouville-sur-Mer lighthouse"@en	1860-01-01T00:00:00Z									2	"http://www.wikidata.org/entity/Q39715"
<http://www.wikidata.org/entity/Q125399761>	POINT(21.305050 62.164930)	"Höggklubb lighthouse"@en	1900-01-01T00:00:00Z									1	"http://www.wikidata.org/entity/Q39715"
<http://www.wikidata.org/entity/Q125416795>	POINT(22.418889 63.643611)	"Socklothällan"@en	1824-01-01T00:00:00Z									2	"http://www.wikidata.org/entity/Q39715"
<http://www.wikidata.org/entity/Q125871930>	POINT(12.349620 56.119104)	"Nakkehoved østre fyr"@en	1772-01-01T00:00:00Z									1	"http://www.wikidata.org/entity/Q39715"
<http://www.wikidata.org/entity/Q1262928>	POINT(-3.509167 47.647500)	"Phare de Pen-Men"@en	1836-01-01T00:00:00Z									4	"http://www.wikidata.org/entity/Q39715"
<http://www.wikidata.org/entity/Q1262994>	POINT(-6.632730 56.133100)	"Dubh Artach Lighthouse"@en	1872-01-01T00:00:00Z									3	"http://www.wikidata.org/entity/Q39715"
<http://www.wikidata.org/entity/Q12643130>	POINT(14.820793 44.152206)	"Veli Rat Lighthouse"@en	1849-01-01T00:00:00Z									6	"http://www.wikidata.org/entity/Q39715"
<http://www.wikidata.org/entity/Q126701208>	POINT(-7.254150 55.046200)	"Lighthouse"@en	1879-01-01T00:00:00Z									0	"http://www.wikidata.org/entity/Q39715"
<http://www.wikidata.org/entity/Q126701209>	POINT(-7.273670 55.037900)	"Ballynagard Lighthouse"@en	1879-01-01T00:00:00Z									0	"http://www.wikidata.org/entity/Q39715"
<http://www.wikidata.org/entity/Q126703775>	POINT(-5.896920 54.108200)	"Navigation Mark"@en	1819-01-01T00:00:00Z									0	"http://www.wikidata.org/entity/Q39715"
<http://www.wikidata.org/entity/Q126705540>	POINT(-5.538820 54.359200)	"Marine navigation Beacon"@en	1859-01-01T00:00:00Z									0	"http://www.wikidata.org/entity/Q39715"
<http://www.wikidata.org/entity/Q126705696>	POINT(-5.530930 54.645000)	"Light House"@en	1839-01-01T00:00:00Z									0	"http://www.wikidata.org/entity/Q39715"
<http://www.wikidata.org/entity/Q126714836>	POINT(-5.523590 54.695700)	"Former light house buildings"@en	1839-01-01T00:00:00Z									0	"http://www.wikidata.org/entity/Q39715"
<http://www.wikidata.org/entity/Q1267767>	POINT(13.679564 54.562369)	"Leuchtturm Kollicker Ort"@en	1905-01-01T00:00:00Z									3	"http://www.wikidata.org/entity/Q39715"
<http://www.wikidata.org/entity/Q12718018>	POINT(8.583177 58.303542)	"Rivingen Lighthouse"@en	1886-01-01T00:00:00Z									4	"http://www.wikidata.org/entity/Q39715"
<http://www.wikidata.org/entity/Q1272235>	POINT(-5.129010 48.459200)	"Phare du Creach"@en	1863-01-01T00:00:00Z									9	"http://www.wikidata.org/entity/Q39715"
<http://www.wikidata.org/entity/Q12728147>	POINT(28.664586 44.171944)	"Genoese Lighthouse"@en	1300-01-01T00:00:00Z									6	"http://www.wikidata.org/entity/Q39715"
<http://www.wikidata.org/entity/Q12835378>	POINT(50.325111 40.406944)	"Absheron lighthouse"@en	1860-01-01T00:00:00Z									4	"http://www.wikidata.org/entity/Q39715"
<http://www.wikidata.org/entity/Q12835742>	POINT(49.984722 40.583194)	"Amburan Lighthouse"@en	1882-01-01T00:00:00Z									4	"http://www.wikidata.org/entity/Q39715"
<http://www.wikidata.org/entity/Q12848527>	POINT(50.611611 40.327694)	"Çilov lighthouse"@en	1881-01-01T00:00:00Z									2	"http://www.wikidata.org/entity/Q39715"
<http://www.wikidata.org/entity/Q12849673>	POINT(50.229722 40.497972)	"Shuvalan lighthouse"@en	1907-01-01T00:00:00Z									5	"http://www.wikidata.org/entity/Q39715"
<http://www.wikidata.org/entity/Q129156771>	POINT(-2.485634 49.513808)	"Platte Fougère lighthouse"@en	1910-01-01T00:00:00Z									0	"http://www.wikidata.org/entity/Q39715"
<http://www.wikidata.org/entity/Q1292515>	POINT(-9.146356 38.688139)	"Cacilhas Lighthouse"@en	1886-01-15T00:00:00Z									6	"http://www.wikidata.org/entity/Q210272|http://www.wikidata.org/entity/Q39715"
<http://www.wikidata.org/entity/Q129259594>	POINT(-2.102500 49.150300)	"Demie de Pas Lighthouse"@en	1904-01-01T00:00:00Z									0	"http://www.wikidata.org/entity/Q39715"
<http://www.wikidata.org/entity/Q129259612>	POINT(-2.084400 49.168600)	"Greve d'Azette Lighthouse"@en	1896-01-01T00:00:00Z									0	"http://www.wikidata.org/entity/Q39715"
<http://www.wikidata.org/entity/Q129259813>	POINT(-2.517700 49.482500)	"St Sampsons South Pier, Range Rear"@en	1874-01-01T00:00:00Z									0	"http://www.wikidata.org/entity/Q39715"
<http://www.wikidata.org/entity/Q129259823>	POINT(-2.060100 49.171600)	"Mount Ube lighthouse"@en	1896-01-01T00:00:00Z									0	"http://www.wikidata.org/entity/Q39715"
<http://www.wikidata.org/entity/Q129259837>	POINT(-2.526500 49.456300)		1908-01-01T00:00:00Z									1	"http://www.wikidata.org/entity/Q39715"
<http://www.wikidata.org/entity/Q1304210>	POINT(21.725590 38.245060)	"Patras Lighthouse"@en	1878-01-01T00:00:00Z									6	"http://www.wikidata.org/entity/Q39715"
<http://www.wikidata.org/entity/Q1310598>	POINT(7.175000 53.334444)	"Emden Harbour entry light Westmole"@en	1913-01-01T00:00:00Z									3	"http://www.wikidata.org/entity/Q39715"
<http://www.wikidata.org/entity/Q131381486>	POINT(19.435261 41.315411)	"Durrës lighthouse"@en	1878-01-01T00:00:00Z									0	"http://www.wikidata.org/entity/Q39715"
<http://www.wikidata.org/entity/Q131742544>	POINT(-2.920389 48.891278)	"Horaine Light"@en	1894-01-01T00:00:00Z									2	"http://www.wikidata.org/entity/Q39715"
<http://www.wikidata.org/entity/Q1318152>	POINT(9.751461 53.563917)	"Unterfeuer Wittenbergen"@en	1900-01-01T00:00:00Z								"http://www.wikidata.org/entity/Q1930418"	4	"http://www.wikidata.org/entity/Q39715"
<http://www.wikidata.org/entity/Q131824651>	POINT(-6.442082 36.737888)	"Tower of Caepio"@en	-0139-01-01T00:00:00Z									0	"http://www.wikidata.org/entity/Q27916659|http://www.wikidata.org/entity/Q39715"
<http://www.wikidata.org/entity/Q1321463>	POINT(8.559953 53.553612)	"Kaiserschleuse lighthouse"@en	1910-01-01T00:00:00Z									4	"http://www.wikidata.org/entity/Q39715"
<http://www.wikidata.org/entity/Q1324554>	POINT(-4.040680 53.312900)	"Trwyn Du Lighthouse"@en	1838-01-01T00:00:00Z									8	"http://www.wikidata.org/entity/Q39715"
<http://www.wikidata.org/entity/Q1325054>	POINT(8.665969 54.496286)	"Leuchtturm Pellworm"@en	1907-01-01T00:00:00Z								"http://www.wikidata.org/entity/Q66498303"	3	"http://www.wikidata.org/entity/Q39715|http://www.wikidata.org/entity/Q787078"
<http://www.wikidata.org/entity/Q1325729>	POINT(6.667030 53.578750)	"Kleiner Leuchtturm (Borkum)"@en	1888-01-01T00:00:00Z									3	"http://www.wikidata.org/entity/Q39715"
<http://www.wikidata.org/entity/Q133799815>	POINT(-3.066792 53.538947)	"Formby Lighthouse"@en	1719-01-01T00:00:00Z		1941-01-01T00:00:00Z							2	"http://www.wikidata.org/entity/Q39715"
<http://www.wikidata.org/entity/Q1340969>	POINT(8.103667 56.049750)	"Lyngvig Lighthouse"@en	1906-01-01T00:00:00Z									5	"http://www.wikidata.org/entity/Q39715"
<http://www.wikidata.org/entity/Q134399336>	POINT(-0.493068 38.337466)	"Antiguo faro del puerto de Alicante"@en	1912-09-01T00:00:00Z									2	"http://www.wikidata.org/entity/Q39715"
<http://www.wikidata.org/entity/Q134711186>	POINT(8.497356 53.323946)	"Harriersand range rear light"@en	1898-01-01T00:00:00Z								"http://www.wikidata.org/entity/Q63441493"	1	"http://www.wikidata.org/entity/Q39715"
<http://www.wikidata.org/entity/Q134711201>	POINT(8.495425 53.315435)	"Harriersand range front light"@en	1898-01-01T00:00:00Z								"http://www.wikidata.org/entity/Q63441493"	1	"http://www.wikidata.org/entity/Q39715"
<http://www.wikidata.org/entity/Q1349230>	POINT(11.095616 54.409367)	"Leuchtturm Strukkamphuk"@en	1872-01-01T00:00:00Z									4	"http://www.wikidata.org/entity/Q39715"
<http://www.wikidata.org/entity/Q135225>	POINT(-4.372770 47.798200)	"Penmarc'h Lighthouse"@en	1897-01-01T00:00:00Z									9	"http://www.wikidata.org/entity/Q39715"
<http://www.wikidata.org/entity/Q1352690>	POINT(3.521389 51.406944)	"Nieuwe Sluis"@en	1868-01-01T00:00:00Z									7	"http://www.wikidata.org/entity/Q39715"
<http://www.wikidata.org/entity/Q135649951>	POINT(10.557100 57.742400)		1892-01-01T00:00:00Z		1976-12-20T00:00:00Z							0	"http://www.wikidata.org/entity/Q39715"
<http://www.wikidata.org/entity/Q1357930>	POINT(-4.534167 48.358333)	"Phare du Portzic"@en	1848-01-01T00:00:00Z									7	"http://www.wikidata.org/entity/Q39715"
<http://www.wikidata.org/entity/Q13592550>	POINT(-7.587083 51.992600)	"Mine Head Lighthouse"@en	1851-01-01T00:00:00Z									4	"http://www.wikidata.org/entity/Q39715"
<http://www.wikidata.org/entity/Q13630879>	POINT(-6.260874 58.515625)	"Butt of Lewis Lighthouse"@en	1862-01-01T00:00:00Z									4	"http://www.wikidata.org/entity/Q39715"
<http://www.wikidata.org/entity/Q1364525>	POINT(-4.614167 48.336667)	"Petit Minou Lighthouse"@en	1848-01-01T00:00:00Z									8	"http://www.wikidata.org/entity/Q39715"
<http://www.wikidata.org/entity/Q1364573>	POINT(-3.227114 47.310845)	"Goulphar lighthouse"@en	1833-01-01T00:00:00Z									6	"http://www.wikidata.org/entity/Q39715"
<http://www.wikidata.org/entity/Q136724654>	POINT(-4.565564 48.000757)		1800-01-01T00:00:00Z									1	"http://www.wikidata.org/entity/Q39715"
<http://www.wikidata.org/entity/Q1375159>	POINT(10.866945 54.086944)	"Leuchtturm Pelzerhaken"@en	1842-01-01T00:00:00Z									3	"http://www.wikidata.org/entity/Q39715"
<http://www.wikidata.org/entity/Q137566420>	POINT(9.374441 53.758972)		1906-01-01T00:00:00Z									1	"http://www.wikidata.org/entity/Q39715"
<http://www.wikidata.org/entity/Q137566468>	POINT(9.630091 53.572126)		1900-01-01T00:00:00Z									0	"http://www.wikidata.org/entity/Q39715"
<http://www.wikidata.org/entity/Q137566498>	POINT(9.557080 53.605435)		1893-01-01T00:00:00Z									0	"http://www.wikidata.org/entity/Q39715"
<http://www.wikidata.org/entity/Q137566756>	POINT(8.481708 53.228923)		1898-01-01T00:00:00Z									1	"http://www.wikidata.org/entity/Q39715"
<http://www.wikidata.org/entity/Q137659356>	POINT(37.377513 44.758613)	"Old Utrish lighthouse"@en	1911-01-01T00:00:00Z									1	"http://www.wikidata.org/entity/Q1975485|http://www.wikidata.org/entity/Q19860854|http://www.wikidata.org/entity/Q39715"
<http://www.wikidata.org/entity/Q139792302>	POINT(-2.694500 51.589100)	"Charston Rock Lighthouse"@en	1869-01-01T00:00:00Z									1	"http://www.wikidata.org/entity/Q39715"
<http://www.wikidata.org/entity/Q1409002>	POINT(18.679139 54.395861)	"Wisłoujście Fortress"@en	1482-01-01T00:00:00Z									12	"http://www.wikidata.org/entity/Q39715|http://www.wikidata.org/entity/Q57831|http://www.wikidata.org/entity/Q811165"
<http://www.wikidata.org/entity/Q141242640>	POINT(-8.898647 42.114206)		1866-01-01T00:00:00Z									1	"http://www.wikidata.org/entity/Q39715"
<http://www.wikidata.org/entity/Q1423636>	POINT(3.436667 51.540000)	"Noorderhoofd"@en	1875-01-01T00:00:00Z									6	"http://www.wikidata.org/entity/Q39715"
<http://www.wikidata.org/entity/Q14544324>	POINT(-6.642000 57.856900)	"Eilean Glas Lighthouse"@en	1789-01-01T00:00:00Z									5	"http://www.wikidata.org/entity/Q39715"
<http://www.wikidata.org/entity/Q1470896>	POINT(23.983630 71.093740)	"Fruholmen Lighthouse"@en	1866-01-01T00:00:00Z									9	"http://www.wikidata.org/entity/Q39715"
<http://www.wikidata.org/entity/Q1471332>	POINT(11.058091 54.527329)	"Old Westermarkelsdorf lighthouse"@en	1881-01-01T00:00:00Z									1	"http://www.wikidata.org/entity/Q39715"
<http://www.wikidata.org/entity/Q1471894>	POINT(8.088056 58.081389)	"Grønningen Lighthouse"@en	1878-01-01T00:00:00Z									8	"http://www.wikidata.org/entity/Q39715"
<http://www.wikidata.org/entity/Q14906863>	POINT(-3.273194 58.935667)	"Hoy Sound High Light"@en	1851-01-01T00:00:00Z									4	"http://www.wikidata.org/entity/Q39715"
<http://www.wikidata.org/entity/Q14912772>	POINT(-2.924722 58.690194)	"Pentland Skerries High Light"@en	1794-01-01T00:00:00Z								"http://www.wikidata.org/entity/Q17568070"	3	"http://www.wikidata.org/entity/Q39715"
<http://www.wikidata.org/entity/Q14955055>	POINT(23.088183 58.379433)	"Laidunina Lighthouse"@en	1907-01-01T00:00:00Z									7	"http://www.wikidata.org/entity/Q39715"
<http://www.wikidata.org/entity/Q14956087>	POINT(24.798617 59.437217)	"Tallinn front lighthouse"@en	1806-01-01T00:00:00Z									6	"http://www.wikidata.org/entity/Q39715"
<http://www.wikidata.org/entity/Q1497618>	POINT(11.963620 54.564030)	"Gedser Lighthouse"@en	1802-01-01T00:00:00Z									3	"http://www.wikidata.org/entity/Q39715"
<http://www.wikidata.org/entity/Q1499942>	POINT(10.721417 54.731056)	"Keldsnor Lighthouse"@en	1905-01-01T00:00:00Z									4	"http://www.wikidata.org/entity/Q39715"
<http://www.wikidata.org/entity/Q1506161>	POINT(11.874925 67.410918)	"Skomvær Lighthouse"@en	1887-01-01T00:00:00Z									8	"http://www.wikidata.org/entity/Q39715"
<http://www.wikidata.org/entity/Q15111167>	POINT(10.069500 54.881333)	"Gammel Pøl Lighthouse"@en	1905-01-01T00:00:00Z									3	"http://www.wikidata.org/entity/Q39715"
<http://www.wikidata.org/entity/Q15113268>	POINT(8.844170 38.876400)	"faro di Capo Spartivento"@en	1866-01-01T00:00:00Z									3	"http://www.wikidata.org/entity/Q39715"
<http://www.wikidata.org/entity/Q15118331>	POINT(8.577960 53.508770)	"Leuchtturm Brinkamahof"@en	1912-01-01T00:00:00Z									3	"http://www.wikidata.org/entity/Q39715"
<http://www.wikidata.org/entity/Q15118715>	POINT(-4.958050 55.720900)	"Little Cumbrae Old Lighthouse"@en	1757-01-01T00:00:00Z									2	"http://www.wikidata.org/entity/Q39715"
<http://www.wikidata.org/entity/Q15130793>	POINT(-4.406550 59.084300)	"Sule Skerry Lighthouse"@en	1895-01-01T00:00:00Z									3	"http://www.wikidata.org/entity/Q39715"
<http://www.wikidata.org/entity/Q15182446>	POINT(-1.960000 50.591944)	"Anvil Point Lighthouse"@en	1881-01-01T00:00:00Z									6	"http://www.wikidata.org/entity/Q39715"
<http://www.wikidata.org/entity/Q1518513>	POINT(-3.007534 53.926502)	"Pharos Lighthouse"@en	1840-01-01T00:00:00Z									6	"http://www.wikidata.org/entity/Q39715"
<http://www.wikidata.org/entity/Q1518751>	POINT(12.451500 56.301028)	"Kullen lighthouse"@en	1899-01-01T00:00:00Z									11	"http://www.wikidata.org/entity/Q10411887|http://www.wikidata.org/entity/Q10416961|http://www.wikidata.org/entity/Q39715"
<http://www.wikidata.org/entity/Q15196984>	POINT(-2.640983 56.076545)	"Bass Rock Lighthouse"@en	1902-01-01T00:00:00Z									6	"http://www.wikidata.org/entity/Q39715"
<http://www.wikidata.org/entity/Q15197700>	POINT(-6.066202 56.638676)	"Rubha nan Gall Lighthouse"@en	1857-01-01T00:00:00Z									4	"http://www.wikidata.org/entity/Q39715"
<http://www.wikidata.org/entity/Q15197902>	POINT(0.241500 50.733750)	"Beachy Head Lighthouse"@en	1902-01-01T00:00:00Z									7	"http://www.wikidata.org/entity/Q39715"
<http://www.wikidata.org/entity/Q15202714>	POINT(20.348333 59.505000)	"Bogskär Lighthouse"@en	1880-01-01T00:00:00Z									5	"http://www.wikidata.org/entity/Q39715"
<http://www.wikidata.org/entity/Q15207438>	POINT(-4.999200 58.625633)	"Cape Wrath Lighthouse"@en	1828-01-01T00:00:00Z									5	"http://www.wikidata.org/entity/Q39715"
<http://www.wikidata.org/entity/Q15207781>	POINT(-2.376944 49.721944)	"Casquets lighthouses"@en	1724-01-01T00:00:00Z									6	"http://www.wikidata.org/entity/Q39715"
<http://www.wikidata.org/entity/Q15215812>	POINT(-10.092733 54.283700)	"Eagle Island lighthouses"@en	1835-01-01T00:00:00Z									3	"http://www.wikidata.org/entity/Q39715"
<http://www.wikidata.org/entity/Q15217395>	POINT(-1.655825 55.615414)	"Farne Lighthouse"@en	1811-01-01T00:00:00Z									7	"http://www.wikidata.org/entity/Q39715"
<http://www.wikidata.org/entity/Q15217844>	POINT(-7.588285 58.288110)	"Flannan Isles Lighthouse"@en	1899-01-01T00:00:00Z									14	"http://www.wikidata.org/entity/Q39715"
<http://www.wikidata.org/entity/Q15219269>	POINT(20.992281 56.516779)	"Liepāja lighthouse"@en	1868-01-01T00:00:00Z									6	"http://www.wikidata.org/entity/Q39715"
<http://www.wikidata.org/entity/Q15219495>	POINT(21.023411 56.154914)	"Pape lighthouse"@en	1910-01-01T00:00:00Z									6	"http://www.wikidata.org/entity/Q39715"
<http://www.wikidata.org/entity/Q15219785>	POINT(24.199642 58.178739)	"Sorgu lighthouse"@en	1864-01-01T00:00:00Z									7	"http://www.wikidata.org/entity/Q39715"
<http://www.wikidata.org/entity/Q15221791>	POINT(-5.400219 50.242494)	"Godrevy Lighthouse"@en	1859-03-01T00:00:00Z									10	"http://www.wikidata.org/entity/Q39715"
<http://www.wikidata.org/entity/Q15224746>	POINT(-4.619300 53.330900)	"Holyhead Breakwater Lighthouse"@en	1873-01-01T00:00:00Z									3	"http://www.wikidata.org/entity/Q39715"
<http://www.wikidata.org/entity/Q15224748>	POINT(-4.619910 53.314220)	"Holyhead Mail Pier Lighthouse"@en	1821-01-01T00:00:00Z									3	"http://www.wikidata.org/entity/Q39715"
<http://www.wikidata.org/entity/Q15227367>	POINT(-6.680850 56.968983)	"Hyskeir Lighthouse"@en	1904-01-01T00:00:00Z									4	"http://www.wikidata.org/entity/Q39715"
<http://www.wikidata.org/entity/Q15228693>	POINT(-7.241900 55.430100)	"Inishtrahull Lighthouse"@en	1813-01-01T00:00:00Z									3	"http://www.wikidata.org/entity/Q39715"
<http://www.wikidata.org/entity/Q15242263>	POINT(-2.700278 49.433611)	"Les Hanois Lighthouse"@en	1862-01-01T00:00:00Z									5	"http://www.wikidata.org/entity/Q39715"
<http://www.wikidata.org/entity/Q15242338>	POINT(2.646420 41.608070)	"Calella Lighthouse"@en	1859-01-01T00:00:00Z									6	"http://www.wikidata.org/entity/Q39715"
<http://www.wikidata.org/entity/Q15243200>	POINT(-3.786681 51.245389)	"Lynmouth Foreland Lighthouse"@en	1900-01-01T00:00:00Z									4	"http://www.wikidata.org/entity/Q39715"
<http://www.wikidata.org/entity/Q1525286>	POINT(14.218611 36.071667)	"Giordan Lighthouse"@en	1853-01-01T00:00:00Z									10	"http://www.wikidata.org/entity/Q39715"
<http://www.wikidata.org/entity/Q15261568>	POINT(-6.788270 57.423400)	"Neist Point Lighthouse"@en	1909-01-01T00:00:00Z									5	"http://www.wikidata.org/entity/Q39715"
<http://www.wikidata.org/entity/Q15264295>	POINT(1.574300 52.083900)	"Orfordness Lighthouse"@en	1793-01-01T00:00:00Z		2020-07-01T00:00:00Z							5	"http://www.wikidata.org/entity/Q39715"
<http://www.wikidata.org/entity/Q15267248>	POINT(-4.368333 54.415000)	"Point of Ayre Lighthouse"@en	1818-01-01T00:00:00Z									7	"http://www.wikidata.org/entity/Q39715"
<http://www.wikidata.org/entity/Q15275468>	POINT(-2.345555 49.436389)	"Sark Lighthouse"@en	1913-01-01T00:00:00Z									4	"http://www.wikidata.org/entity/Q39715"
<http://www.wikidata.org/entity/Q15275767>	POINT(-1.189100 54.666900)	"Seaton Carew lighthouse"@en	1838-01-01T00:00:00Z									3	"http://www.wikidata.org/entity/Q39715"
<http://www.wikidata.org/entity/Q15278045>	POINT(-4.608170 53.421220)	"Skerries Lighthouse"@en	1717-01-01T00:00:00Z								"http://www.wikidata.org/entity/Q17741777"	5	"http://www.wikidata.org/entity/Q39715"
<http://www.wikidata.org/entity/Q15278683>	POINT(-1.137455 54.647413)	"South Gare Lighthouse"@en	1884-01-01T00:00:00Z									3	"http://www.wikidata.org/entity/Q39715"
<http://www.wikidata.org/entity/Q15278727>	POINT(-4.699445 53.306667)	"South Stack Lighthouse"@en	1809-01-01T00:00:00Z									7	"http://www.wikidata.org/entity/Q39715"
<http://www.wikidata.org/entity/Q15543901>	POINT(-5.808330 49.945300)	"Wolf Rock Lighthouse"@en	1869-01-01T00:00:00Z									6	"http://www.wikidata.org/entity/Q39715"
<http://www.wikidata.org/entity/Q15618802>	POINT(-4.677248 51.201738)	"Lundy North Lighthouse"@en	1897-01-01T00:00:00Z								"http://www.wikidata.org/entity/Q4253852"	6	"http://www.wikidata.org/entity/Q39715"
<http://www.wikidata.org/entity/Q15618804>	POINT(-4.655798 51.162054)	"Lundy South Lighthouse"@en	1897-01-01T00:00:00Z								"http://www.wikidata.org/entity/Q4253852"	6	"http://www.wikidata.org/entity/Q39715"
<http://www.wikidata.org/entity/Q15627568>	POINT(10.606720 57.729050)	"Skagen's White Lighthouse"@en	1747-01-01T00:00:00Z									7	"http://www.wikidata.org/entity/Q39715"
<http://www.wikidata.org/entity/Q15633187>	POINT(14.768200 44.933200)	"Stražica Lighthouse"@en	1875-01-01T00:00:00Z									5	"http://www.wikidata.org/entity/Q39715"
<http://www.wikidata.org/entity/Q15636247>	POINT(-5.727820 54.929100)	"The Maidens lighthouses"@en	1829-01-01T00:00:00Z									4	"http://www.wikidata.org/entity/Q39715"
<http://www.wikidata.org/entity/Q1567574>	POINT(8.574930 53.535900)	"Leuchtturm Geestemole Nord"@en	1914-01-01T00:00:00Z									4	"http://www.wikidata.org/entity/Q39715"
<http://www.wikidata.org/entity/Q15696501>	POINT(-4.567750 48.639140)	"Old Île Vierge lighthouse"@en	1845-01-01T00:00:00Z									2	"http://www.wikidata.org/entity/Q39715"
<http://www.wikidata.org/entity/Q15706061>	POINT(-4.471406 52.798498)	"St Tudwal’s Lighthouse"@en	1877-01-01T00:00:00Z									4	"http://www.wikidata.org/entity/Q39715"
<http://www.wikidata.org/entity/Q15717627>	POINT(-3.552117 51.400848)	"Nash Point Lighthouse"@en	1831-01-01T00:00:00Z									5	"http://www.wikidata.org/entity/Q39715"
<http://www.wikidata.org/entity/Q15728460>	POINT(19.501750 59.443750)	"Svenska Högarna lighthouse"@en	1874-01-01T00:00:00Z									4	"http://www.wikidata.org/entity/Q10411887|http://www.wikidata.org/entity/Q10519294|http://www.wikidata.org/entity/Q39715"
<http://www.wikidata.org/entity/Q1573066>	POINT(8.708350 53.872000)	"Leuchtfeuer Cuxhaven"@en	1805-01-01T00:00:00Z									3	"http://www.wikidata.org/entity/Q39715"
<http://www.wikidata.org/entity/Q15786020>	POINT(11.212683 42.390089)	"Porto Ercole lighthouse"@en	1862-01-01T00:00:00Z									4	"http://www.wikidata.org/entity/Q39715"
<http://www.wikidata.org/entity/Q15809316>	POINT(-16.426944 28.148056)	"Punta Abona Lighthouse"@en	1902-01-01T00:00:00Z									6	"http://www.wikidata.org/entity/Q39715"
<http://www.wikidata.org/entity/Q15979604>	POINT(-2.994650 51.540610)	"West Usk Lighthouse"@en	1821-01-01T00:00:00Z									3	"http://www.wikidata.org/entity/Q39715"
<http://www.wikidata.org/entity/Q1623402>	POINT(6.031442 62.463167)	"Høgsteinen Lighthouse"@en	1857-01-01T00:00:00Z									5	"http://www.wikidata.org/entity/Q39715"
<http://www.wikidata.org/entity/Q16273185>	POINT(29.542039 60.042389)	"Tolbukhin Lighthouse on Tolbukhin Island"@en	1719-01-01T00:00:00Z								"http://www.wikidata.org/entity/Q64759249"	6	"http://www.wikidata.org/entity/Q2319498|http://www.wikidata.org/entity/Q39715"
<http://www.wikidata.org/entity/Q16324079>	POINT(8.262700 56.823450)	"Lodbjerg Lighthouse"@en	1883-01-01T00:00:00Z									5	"http://www.wikidata.org/entity/Q39715"
<http://www.wikidata.org/entity/Q16324663>	POINT(9.964540 55.006600)	"Taksensand Lighthouse"@en	1905-01-01T00:00:00Z									3	"http://www.wikidata.org/entity/Q39715"
<http://www.wikidata.org/entity/Q16348532>	POINT(21.715876 57.568681)	"Oviši lighthouse"@en	1814-01-01T00:00:00Z									6	"http://www.wikidata.org/entity/Q39715"
<http://www.wikidata.org/entity/Q16352608>	POINT(22.289117 57.628591)	"Slītere lighthouse"@en	1849-01-01T00:00:00Z									7	"http://www.wikidata.org/entity/Q39715"
<http://www.wikidata.org/entity/Q16354987>	POINT(21.416442 57.207800)	"Užava lighthouse"@en	1879-01-01T00:00:00Z									7	"http://www.wikidata.org/entity/Q39715"
<http://www.wikidata.org/entity/Q1638606>	POINT(-4.770833 48.330000)	"Saint-Mathieu lighthouse"@en	1835-01-01T00:00:00Z									7	"http://www.wikidata.org/entity/Q39715"
<http://www.wikidata.org/entity/Q1639005>	POINT(-4.566944 48.638889)	"Île Vierge lighthouse"@en	1902-03-01T00:00:00Z									10	"http://www.wikidata.org/entity/Q39715"
<http://www.wikidata.org/entity/Q1639756>	POINT(8.002202 58.131397)	"Odderøya Lighthouse"@en	1874-01-01T00:00:00Z									7	"http://www.wikidata.org/entity/Q39715"
<http://www.wikidata.org/entity/Q16555224>	POINT(10.881045 42.388184)	"Punta Fenaio lighthouse"@en	1883-01-01T00:00:00Z									3	"http://www.wikidata.org/entity/Q39715"
<http://www.wikidata.org/entity/Q16555227>	POINT(10.289388 43.542957)	"Livorno Diga Curvilinea south lighthouse"@en	1857-01-01T00:00:00Z									3	"http://www.wikidata.org/entity/Q39715"
<http://www.wikidata.org/entity/Q16555234>	POINT(10.881865 42.577264)	"Formiche di Grosseto lighthouse"@en	1901-01-01T00:00:00Z									4	"http://www.wikidata.org/entity/Q39715"
<http://www.wikidata.org/entity/Q16555237>	POINT(10.363700 43.320160)	"Vada Shoal lighthouse"@en	1868-01-01T00:00:00Z									4	"http://www.wikidata.org/entity/Q39715"
<http://www.wikidata.org/entity/Q16555243>	POINT(10.331032 42.828648)	"Scoglietto  Lighthouse"@en	1910-01-01T00:00:00Z									4	"http://www.wikidata.org/entity/Q39715"
<http://www.wikidata.org/entity/Q16555247>	POINT(10.919674 42.320772)	"Punta di Capel Rosso Lighthouse"@en	1883-01-01T00:00:00Z									4	"http://www.wikidata.org/entity/Q39715"
<http://www.wikidata.org/entity/Q16555250>	POINT(10.409673 42.754373)	"Capo Focardo lighthouse"@en	1863-01-01T00:00:00Z									5	"http://www.wikidata.org/entity/Q39715"
<http://www.wikidata.org/entity/Q16555256>	POINT(9.844375 43.051160)	"Punta Ferraione Lighthouse"@en	1868-01-01T00:00:00Z									4	"http://www.wikidata.org/entity/Q39715"
<http://www.wikidata.org/entity/Q16555258>	POINT(11.107955 42.239432)	"Giannutri lighthouse"@en	1882-01-01T00:00:00Z									4	"http://www.wikidata.org/entity/Q39715"
<http://www.wikidata.org/entity/Q16555261>	POINT(11.104114 42.446428)	"Lividonia Lighthouse"@en	1883-01-01T00:00:00Z									2	"http://www.wikidata.org/entity/Q39715"
<http://www.wikidata.org/entity/Q16555272>	POINT(10.475000 42.865000)	"Palmaiola Lighthouse"@en	1844-01-01T00:00:00Z									4	"http://www.wikidata.org/entity/Q39715"
<http://www.wikidata.org/entity/Q16555275>	POINT(10.096139 42.585750)	"Pianosa lighthouse"@en	1864-01-01T00:00:00Z									4	"http://www.wikidata.org/entity/Q39715"
<http://www.wikidata.org/entity/Q16555281>	POINT(10.334060 42.816348)	"Portoferraio Lighthouse"@en	1788-01-01T00:00:00Z									5	"http://www.wikidata.org/entity/Q39715"
<http://www.wikidata.org/entity/Q16555290>	POINT(11.133704 42.551581)	"Talamone lighthouse"@en	1865-01-01T00:00:00Z									4	"http://www.wikidata.org/entity/Q39715"
<http://www.wikidata.org/entity/Q16555295>	POINT(10.243350 43.864230)	"Viareggio old lighthouse"@en	1863-01-01T00:00:00Z									3	"http://www.wikidata.org/entity/Q39715"
<http://www.wikidata.org/entity/Q16555298>	POINT(10.289584 43.552021)	"Livorno Diga Curvilinea north lighthouse"@en	1857-01-01T00:00:00Z									3	"http://www.wikidata.org/entity/Q39715"
<http://www.wikidata.org/entity/Q16555301>	POINT(10.218929 43.546244)	"Meloria south end Lighthouse"@en	1867-01-01T00:00:00Z									4	"http://www.wikidata.org/entity/Q39715"
<http://www.wikidata.org/entity/Q16566375>	POINT(-4.096083 36.735028)	"Faro de Torre del Mar"@en	1864-01-01T00:00:00Z									3	"http://www.wikidata.org/entity/Q39715"
<http://www.wikidata.org/entity/Q16570914>	POINT(-3.100000 51.414722)	"Monkstone Lighthouse"@en	1839-01-01T00:00:00Z									3	"http://www.wikidata.org/entity/Q39715"
<http://www.wikidata.org/entity/Q16570917>	POINT(-3.042310 53.444300)	"New Brighton Lighthouse"@en	1830-01-01T00:00:00Z									5	"http://www.wikidata.org/entity/Q39715"
<http://www.wikidata.org/entity/Q1657846>	POINT(8.235000 53.701944)	"Hohe Weg Lighthouse"@en	1856-01-01T00:00:00Z									6	"http://www.wikidata.org/entity/Q39715"
<http://www.wikidata.org/entity/Q1664973>	POINT(8.858250 54.126840)	"Büsum Lighthouse"@en	1912-01-01T00:00:00Z									5	"http://www.wikidata.org/entity/Q39715"
<http://www.wikidata.org/entity/Q1680064>	POINT(10.153896 54.369248)	"Leuchtturm Kiel-Holtenau"@en	1895-01-01T00:00:00Z								"http://www.wikidata.org/entity/Q1842375"	4	"http://www.wikidata.org/entity/Q39715"
<http://www.wikidata.org/entity/Q16889793>	POINT(11.021330 54.367167)	"Heiligenhafen lighthouse"@en	1885-01-01T00:00:00Z									3	"http://www.wikidata.org/entity/Q39715"
<http://www.wikidata.org/entity/Q16901754>	POINT(-6.138833 58.260984)	"Tiumpan Head Lighthouse"@en	1900-01-01T00:00:00Z									4	"http://www.wikidata.org/entity/Q39715"
<http://www.wikidata.org/entity/Q16902419>	POINT(-7.193000 57.298200)	"Ushenish Lighthouse"@en	1857-01-01T00:00:00Z									2	"http://www.wikidata.org/entity/Q39715"
<http://www.wikidata.org/entity/Q16902633>	POINT(10.550880 55.769860)	"Vesborg Lighthouse"@en	1858-01-01T00:00:00Z									3	"http://www.wikidata.org/entity/Q39715"
<http://www.wikidata.org/entity/Q16902805>	POINT(4.482380 51.916800)	"Low Light of the Hook of Holland"@en	1899-01-01T00:00:00Z									3	"http://www.wikidata.org/entity/Q39715"
<http://www.wikidata.org/entity/Q1692569>	POINT(-6.123530 55.936400)	"Ruvaal Lighthouse"@en	1859-01-01T00:00:00Z									5	"http://www.wikidata.org/entity/Q39715"
<http://www.wikidata.org/entity/Q16946821>	POINT(5.541959 59.779256)	"Leirvik fyr"@en	1878-01-01T00:00:00Z									3	"http://www.wikidata.org/entity/Q39715"
<http://www.wikidata.org/entity/Q16964744>	POINT(24.016718 35.519494)	"Chania Lighthouse"@en	1839-01-01T00:00:00Z									5	"http://www.wikidata.org/entity/Q39715"
<http://www.wikidata.org/entity/Q16964753>	POINT(24.946389 37.843097)	"Tourlitis Lighthouse"@en	1897-01-01T00:00:00Z									9	"http://www.wikidata.org/entity/Q39715"
<http://www.wikidata.org/entity/Q1697562>	POINT(12.085800 54.181400)	"Warnemünde Lighthouse"@en	1898-01-01T00:00:00Z									4	"http://www.wikidata.org/entity/Q39715"
<http://www.wikidata.org/entity/Q17016410>	POINT(-5.118362 55.425129)	"Pladda Lighthouse"@en	1790-01-01T00:00:00Z									3	"http://www.wikidata.org/entity/Q39715"
<http://www.wikidata.org/entity/Q1707940>	POINT(11.310833 54.402500)	"Leuchtturm Staberhuk"@en	1903-01-01T00:00:00Z									4	"http://www.wikidata.org/entity/Q39715"
<http://www.wikidata.org/entity/Q17155245>	POINT(-4.625000 54.055000)	"Langness Lighthouse"@en	1880-01-01T00:00:00Z									3	"http://www.wikidata.org/entity/Q39715"
<http://www.wikidata.org/entity/Q17173352>	POINT(21.765796 38.327084)	"Lighthouse of Antirrio"@en	1880-01-01T00:00:00Z								"http://www.wikidata.org/entity/Q56259633"	1	"http://www.wikidata.org/entity/Q39715"
<http://www.wikidata.org/entity/Q17173360>	POINT(23.034127 38.755070)	"Arkitsa lighthouse"@en	1906-01-01T00:00:00Z									1	"http://www.wikidata.org/entity/Q39715"
<http://www.wikidata.org/entity/Q17173378>	POINT(23.050833 39.096667)	"Cape Kavoulia lighthouse"@en	1864-01-01T00:00:00Z									1	"http://www.wikidata.org/entity/Q39715"
<http://www.wikidata.org/entity/Q17173466>	POINT(25.875048 40.843615)	"Alexandroupolis Lighthouse"@en	1880-01-01T00:00:00Z									3	"http://www.wikidata.org/entity/Q39715"
<http://www.wikidata.org/entity/Q17195811>	POINT(8.405870 55.499040)	"Sædding Strand Lighthouse"@en	1873-01-01T00:00:00Z									2	"http://www.wikidata.org/entity/Q39715"
<http://www.wikidata.org/entity/Q1720366>	POINT(12.502200 54.472800)	"Lighthouse Darßer Ort"@en	1848-01-01T00:00:00Z									3	"http://www.wikidata.org/entity/Q39715"
<http://www.wikidata.org/entity/Q1721346>	POINT(-4.849167 48.038056)	"Men-Brial"@en	1909-01-01T00:00:00Z									3	"http://www.wikidata.org/entity/Q39715"
<http://www.wikidata.org/entity/Q17347169>	POINT(25.250000 37.617000)		1910-01-01T00:00:00Z									1	"http://www.wikidata.org/entity/Q39715"
<http://www.wikidata.org/entity/Q17355327>	POINT(25.839305 36.836027)	"Katapola Lighthouse"@en	1880-01-01T00:00:00Z									1	"http://www.wikidata.org/entity/Q39715"
<http://www.wikidata.org/entity/Q17355395>	POINT(25.054837 39.876917)	"Lighthouse of Myrina"@en	1912-01-01T00:00:00Z									1	"http://www.wikidata.org/entity/Q39715"
<http://www.wikidata.org/entity/Q17355403>	POINT(25.314844 37.489386)	"Armenistis lighthouse"@en	1891-01-01T00:00:00Z									3	"http://www.wikidata.org/entity/Q39715"
<http://www.wikidata.org/entity/Q17355559>	POINT(23.167240 37.263330)	"Lighthouse of Spetses"@en	1837-01-01T00:00:00Z									1	"http://www.wikidata.org/entity/Q39715"
<http://www.wikidata.org/entity/Q17361874>	POINT(-3.177200 54.048600)	"Walney Lighthouse"@en	1804-01-01T00:00:00Z								"http://www.wikidata.org/entity/Q17541348"	4	"http://www.wikidata.org/entity/Q39715"
<http://www.wikidata.org/entity/Q17373193>	POINT(-2.250100 49.179830)	"La Corbière lighthouse"@en	1874-01-01T00:00:00Z									4	"http://www.wikidata.org/entity/Q39715"
<http://www.wikidata.org/entity/Q17447912>	POINT(4.094920 51.918620)	"Lighthouse of Oostvoorne"@en	1350-01-01T00:00:00Z		1551-01-01T00:00:00Z						"http://www.wikidata.org/entity/Q18775721"	1	"http://www.wikidata.org/entity/Q109607|http://www.wikidata.org/entity/Q39715"
<http://www.wikidata.org/entity/Q17497139>	POINT(21.347667 61.477333)	"Säppi lighthouse"@en	1873-01-01T00:00:00Z								"http://www.wikidata.org/entity/Q30506453"	6	"http://www.wikidata.org/entity/Q39715"
<http://www.wikidata.org/entity/Q17532999>	POINT(1.288580 51.944500)	"Harwich High Lighthouse"@en	1818-01-01T00:00:00Z								"http://www.wikidata.org/entity/Q105581911"	3	"http://www.wikidata.org/entity/Q39715"
<http://www.wikidata.org/entity/Q17536768>	POINT(-4.673190 51.167300)	"Lundy Old Light"@en	1820-01-01T00:00:00Z								"http://www.wikidata.org/entity/Q4253852"	5	"http://www.wikidata.org/entity/Q39715"
<http://www.wikidata.org/entity/Q17549387>	POINT(0.210826 52.808700)	"West Bank Lighthouse"@en	1830-01-01T00:00:00Z									2	"http://www.wikidata.org/entity/Q33185258"
<http://www.wikidata.org/entity/Q17549420>	POINT(0.213687 52.808300)	"East Bank Lighthouse"@en	1830-01-01T00:00:00Z									2	"http://www.wikidata.org/entity/Q39715"
<http://www.wikidata.org/entity/Q17554412>	POINT(-0.089595 54.118000)	"Chalk Tower"@en	1669-01-01T00:00:00Z									2	"http://www.wikidata.org/entity/Q39715"
<http://www.wikidata.org/entity/Q17567439>	POINT(-3.050920 58.479000)	"Noss Head Lighthouse"@en	1849-01-01T00:00:00Z									4	"http://www.wikidata.org/entity/Q39715"
<http://www.wikidata.org/entity/Q17568569>	POINT(-4.857190 54.634900)	"Mull of Galloway Lighthouse"@en	1830-01-01T00:00:00Z									6	"http://www.wikidata.org/entity/Q39715"
<http://www.wikidata.org/entity/Q17569136>	POINT(-4.036480 57.683000)	"Cromarty Lighthouse"@en	1846-01-01T00:00:00Z									4	"http://www.wikidata.org/entity/Q39715"
<http://www.wikidata.org/entity/Q17572211>	POINT(-4.092700 57.574000)	"Chanonry Point Lighthouse"@en	1846-01-01T00:00:00Z									5	"http://www.wikidata.org/entity/Q39715"
<http://www.wikidata.org/entity/Q17576459>	POINT(-2.048580 57.139000)	"Girdleness Lighthouse"@en	1833-01-01T00:00:00Z									5	"http://www.wikidata.org/entity/Q39715"
<http://www.wikidata.org/entity/Q17598817>	POINT(4.587731 51.712069)	"Strijensas Lichtopstand"@en	1883-01-01T00:00:00Z									2	"http://www.wikidata.org/entity/Q2007498|http://www.wikidata.org/entity/Q39715"
<http://www.wikidata.org/entity/Q17603499>	POINT(0.860414 40.720758)	"Far de Buda"@en	1864-01-01T00:00:00Z					1961-01-01T00:00:00Z				3	"http://www.wikidata.org/entity/Q39715"
<http://www.wikidata.org/entity/Q17603505>	POINT(3.286481 42.270868)	"Far de Cala Nans"@en	1864-01-01T00:00:00Z					1982-01-01T00:00:00Z				4	"http://www.wikidata.org/entity/Q39715"
<http://www.wikidata.org/entity/Q17603510>	POINT(3.315870 42.318900)	"Far de cap de Creus"@en	1853-01-01T00:00:00Z									4	"http://www.wikidata.org/entity/Q39715"
<http://www.wikidata.org/entity/Q17603515>	POINT(3.187023 42.351407)	"Far de s'Arnella"@en	1913-12-16T00:00:00Z									4	"http://www.wikidata.org/entity/Q39715"
<http://www.wikidata.org/entity/Q17615870>	POINT(3.183150 42.245900)	"Far de Roses"@en	1864-01-01T00:00:00Z									4	"http://www.wikidata.org/entity/Q39715"
<http://www.wikidata.org/entity/Q17636584>	POINT(22.575716 36.754407)	"Kranae lighthouse"@en	1873-01-01T00:00:00Z									2	"http://www.wikidata.org/entity/Q39715"
<http://www.wikidata.org/entity/Q17636585>	POINT(20.209722 39.404444)	"lighthouse Mavro Oros"@en	1884-01-01T00:00:00Z									1	"http://www.wikidata.org/entity/Q39715"
<http://www.wikidata.org/entity/Q17636590>	POINT(23.594785 37.943475)	"lighthouse of Psyttaleia"@en	1856-01-01T00:00:00Z									2	"http://www.wikidata.org/entity/Q39715"
<http://www.wikidata.org/entity/Q17642355>	POINT(-3.258310 54.194100)	"Hodbarrow Beacon"@en	1866-01-01T00:00:00Z									3	"http://www.wikidata.org/entity/Q39715"
<http://www.wikidata.org/entity/Q17674295>	POINT(1.290960 51.943400)	"Harwich Low Lighthouse"@en	1818-01-01T00:00:00Z								"http://www.wikidata.org/entity/Q105581911"	3	"http://www.wikidata.org/entity/Q39715"
<http://www.wikidata.org/entity/Q1767868>	POINT(11.090240 54.201777)	"Leuchtturm Dahmeshöved"@en	1880-01-01T00:00:00Z									4	"http://www.wikidata.org/entity/Q39715"
<http://www.wikidata.org/entity/Q1770845>	POINT(-1.562222 46.244167)	"Phare des Baleines"@en	1854-01-01T00:00:00Z									4	"http://www.wikidata.org/entity/Q39715"
<http://www.wikidata.org/entity/Q1772547>	POINT(10.144400 58.972200)	"Svenner Lighthouse"@en	1874-01-01T00:00:00Z									7	"http://www.wikidata.org/entity/Q39715"
<http://www.wikidata.org/entity/Q1774730>	POINT(8.452780 63.847200)	"Sula Lighthouse"@en	1909-01-01T00:00:00Z									7	"http://www.wikidata.org/entity/Q39715"
<http://www.wikidata.org/entity/Q1774734>	POINT(9.405278 64.172778)	"Halten Lighthouse"@en	1875-01-01T00:00:00Z									7	"http://www.wikidata.org/entity/Q39715"
<http://www.wikidata.org/entity/Q1774739>	POINT(9.110556 64.068889)	"Finnvær Lighthouse"@en	1912-01-01T00:00:00Z									5	"http://www.wikidata.org/entity/Q39715"
<http://www.wikidata.org/entity/Q17760593>	POINT(12.186667 65.486667)	"Brønnøysund lighthouse"@en	1862-01-01T00:00:00Z									2	"http://www.wikidata.org/entity/Q39715"
<http://www.wikidata.org/entity/Q1776783>	POINT(9.596111 58.865000)	"Jomfruland Lighthouse"@en	1839-01-01T00:00:00Z									6	"http://www.wikidata.org/entity/Q39715"
<http://www.wikidata.org/entity/Q17772261>	POINT(-5.540520 55.428100)	"Davaar Lighthouse"@en	1854-01-01T00:00:00Z									3	"http://www.wikidata.org/entity/Q39715"
<http://www.wikidata.org/entity/Q17774020>	POINT(-2.215329 56.883914)	"Todhead Lighthouse"@en	1897-01-01T00:00:00Z									2	"http://www.wikidata.org/entity/Q39715"
<http://www.wikidata.org/entity/Q1777403>	POINT(7.809790 58.015000)	"Songvår Lighthouse"@en	1888-01-01T00:00:00Z									7	"http://www.wikidata.org/entity/Q39715"
<http://www.wikidata.org/entity/Q17776011>	POINT(-4.979740 55.862100)	"Toward Point Lighthouse"@en	1812-01-01T00:00:00Z									3	"http://www.wikidata.org/entity/Q39715"
<http://www.wikidata.org/entity/Q17777585>	POINT(-1.816490 57.610100)	"Rattray Head Lighthouse"@en	1895-01-01T00:00:00Z									3	"http://www.wikidata.org/entity/Q39715"
<http://www.wikidata.org/entity/Q17783615>	POINT(-1.316670 44.093600)	"Contis lighthouse"@en	1863-01-01T00:00:00Z									4	"http://www.wikidata.org/entity/Q39715"
<http://www.wikidata.org/entity/Q17791180>	POINT(-4.084980 54.765700)	"Little Ross Lighthouse"@en	1843-01-01T00:00:00Z									3	"http://www.wikidata.org/entity/Q39715"
<http://www.wikidata.org/entity/Q1779966>	POINT(4.866670 59.300000)	"Utsira Lighthouse"@en	1844-01-01T00:00:00Z									8	"http://www.wikidata.org/entity/Q39715"
<http://www.wikidata.org/entity/Q1780185>	POINT(6.567271 58.109302)	"Lista Lighthouse"@en	1836-01-01T00:00:00Z									9	"http://www.wikidata.org/entity/Q358|http://www.wikidata.org/entity/Q39715"
<http://www.wikidata.org/entity/Q17804305>	POINT(-3.136220 56.033500)	"Inchkeith Lighthouse"@en	1804-01-01T00:00:00Z									4	"http://www.wikidata.org/entity/Q39715"
<http://www.wikidata.org/entity/Q1780644>	POINT(8.053055 58.072222)	"Oksøy Lighthouse"@en	1900-01-01T00:00:00Z									8	"http://www.wikidata.org/entity/Q39715"
<http://www.wikidata.org/entity/Q17809495>	POINT(-3.196190 55.981500)	"Western Lighthouse, Newhaven Harbour, Edinburgh"@en	1869-01-01T00:00:00Z									1	"http://www.wikidata.org/entity/Q39715"
<http://www.wikidata.org/entity/Q17817344>	POINT(-3.280370 56.022600)	"Oxcars Lighthouse"@en	1886-01-01T00:00:00Z									2	"http://www.wikidata.org/entity/Q39715"
<http://www.wikidata.org/entity/Q17817352>	POINT(-2.556540 56.185800)	"Old Isle of May Lighthouse"@en	1635-01-01T00:00:00Z									1	"http://www.wikidata.org/entity/Q39715"
<http://www.wikidata.org/entity/Q17817380>	POINT(-2.557410 56.185600)	"Isle of May Lighthouse"@en	1816-01-01T00:00:00Z									3	"http://www.wikidata.org/entity/Q39715"
<http://www.wikidata.org/entity/Q17826186>	POINT(-4.878640 55.942200)	"Cloch Lighthouse"@en	1797-01-01T00:00:00Z									3	"http://www.wikidata.org/entity/Q39715"
<http://www.wikidata.org/entity/Q17826758>	POINT(-2.381330 59.389700)	"North Ronaldsay Lighthouse"@en	1852-01-01T00:00:00Z									3	"http://www.wikidata.org/entity/Q39715"
<http://www.wikidata.org/entity/Q17827193>	POINT(-3.309999 58.940378)	"Hoy Sound Low Light"@en	1851-01-01T00:00:00Z									3	"http://www.wikidata.org/entity/Q39715"
<http://www.wikidata.org/entity/Q17827705>	POINT(-5.742470 57.277700)	"Kyleakin Lighthouse"@en	1857-01-01T00:00:00Z									1	"http://www.wikidata.org/entity/Q39715"
<http://www.wikidata.org/entity/Q17827973>	POINT(-2.375920 59.277400)	"Start Point Lighthouse"@en	1806-01-01T00:00:00Z									4	"http://www.wikidata.org/entity/Q39715"
<http://www.wikidata.org/entity/Q17828293>	POINT(-2.901000 59.018900)	"Helliar Holm Lighthouse"@en	1893-01-01T00:00:00Z									2	"http://www.wikidata.org/entity/Q39715"
<http://www.wikidata.org/entity/Q17829062>	POINT(-5.959030 57.578100)	"Rona Lighthouse"@en	1857-01-01T00:00:00Z									4	"http://www.wikidata.org/entity/Q39715"
<http://www.wikidata.org/entity/Q17829260>	POINT(-3.131320 58.787100)	"Cantick Head Lighthouse"@en	1858-01-01T00:00:00Z									3	"http://www.wikidata.org/entity/Q39715"
<http://www.wikidata.org/entity/Q17829397>	POINT(-4.966810 55.721100)	"Cumbrae Lighthouse"@en	1793-01-01T00:00:00Z									1	"http://www.wikidata.org/entity/Q39715"
<http://www.wikidata.org/entity/Q17829400>	POINT(-5.781120 57.143400)	"Ornsay Lighthouse"@en	1857-01-01T00:00:00Z									3	"http://www.wikidata.org/entity/Q39715"
<http://www.wikidata.org/entity/Q17851293>	POINT(-1.652660 59.513900)	"South Lighthouse"@en	1892-01-01T00:00:00Z									2	"http://www.wikidata.org/entity/Q39715"
<http://www.wikidata.org/entity/Q17851868>	POINT(-1.609830 59.552100)	"Fair Isle North Lighthouse"@en	1892-01-01T00:00:00Z									2	"http://www.wikidata.org/entity/Q39715"
<http://www.wikidata.org/entity/Q17852685>	POINT(-0.728053 60.424400)	"Bound Skerry Lighthouse"@en	1858-01-01T00:00:00Z									2	"http://www.wikidata.org/entity/Q39715"
<http://www.wikidata.org/entity/Q17861631>	POINT(-6.080140 54.014100)	"Haulbowline Lighthouse"@en	1824-01-01T00:00:00Z									3	"http://www.wikidata.org/entity/Q39715"
<http://www.wikidata.org/entity/Q1795607>	POINT(22.199683 58.915967)	"Kõpu Lighthouse"@en	1531-01-01T00:00:00Z								"http://www.wikidata.org/entity/Q139381538"	23	"http://www.wikidata.org/entity/Q39715"
<http://www.wikidata.org/entity/Q1805580>	POINT(13.756029 45.649125)	"Trieste lighthouse"@en	1833-01-01T00:00:00Z									4	"http://www.wikidata.org/entity/Q39715"
<http://www.wikidata.org/entity/Q1809044>	POINT(-5.133864 48.422232)	"La Jument"@en	1911-01-01T00:00:00Z									10	"http://www.wikidata.org/entity/Q39715"
<http://www.wikidata.org/entity/Q18149997>	POINT(3.822740 39.996200)	"Ciutadella Lighthouse"@en	1863-01-01T00:00:00Z									4	"http://www.wikidata.org/entity/Q39715"
<http://www.wikidata.org/entity/Q1820148>	POINT(6.263333 62.583611)	"Lepsøyrevet fyr"@en	1879-01-01T00:00:00Z									6	"http://www.wikidata.org/entity/Q39715"
<http://www.wikidata.org/entity/Q18213897>	POINT(23.201631 36.450313)	"Cape Maleas Lighthouse"@en	1883-01-01T00:00:00Z									1	"http://www.wikidata.org/entity/Q39715"
<http://www.wikidata.org/entity/Q1821409>	POINT(11.693600 54.131900)	"Bastorf Lighthouse"@en	1878-01-01T00:00:00Z									4	"http://www.wikidata.org/entity/Q39715"
<http://www.wikidata.org/entity/Q1821413>	POINT(10.197300 54.455261)	"Bülk Lighthouse"@en	1807-01-01T00:00:00Z									6	"http://www.wikidata.org/entity/Q39715"
<http://www.wikidata.org/entity/Q1821415>	POINT(9.955444 53.531656)	"Leuchtturm Ellerholzhöft"@en	1903-01-01T00:00:00Z									3	"http://www.wikidata.org/entity/Q39715"
<http://www.wikidata.org/entity/Q1821420>	POINT(13.119445 54.599167)	"Dornbusch Lighthouse"@en	1888-01-01T00:00:00Z									5	"http://www.wikidata.org/entity/Q39715"
<http://www.wikidata.org/entity/Q1821421>	POINT(9.965055 54.767083)	"Leuchtturm Falshöft"@en	1910-01-01T00:00:00Z									3	"http://www.wikidata.org/entity/Q39715"
<http://www.wikidata.org/entity/Q1821426>	POINT(10.193333 54.390278)	"Leuchtturm Friedrichsort"@en	1807-01-01T00:00:00Z									3	"http://www.wikidata.org/entity/Q39715"
<http://www.wikidata.org/entity/Q1821427>	POINT(11.019167 54.442500)	"Fehmarn Flügge"@en	1872-01-01T00:00:00Z									6	"http://www.wikidata.org/entity/Q39715"
<http://www.wikidata.org/entity/Q1821434>	POINT(8.292197 54.754078)	"Hörnum Lighthouse"@en	1907-01-01T00:00:00Z									5	"http://www.wikidata.org/entity/Q39715"
<http://www.wikidata.org/entity/Q1821436>	POINT(8.443734 55.049423)	"Leuchtturm List Ost"@en	1857-01-01T00:00:00Z									3	"http://www.wikidata.org/entity/Q39715"
<http://www.wikidata.org/entity/Q1821443>	POINT(8.495833 53.915222)	"Great Tower Neuwerk"@en	1310-01-01T00:00:00Z								"http://www.wikidata.org/entity/Q1496362"	7	"http://www.wikidata.org/entity/Q357375|http://www.wikidata.org/entity/Q39715|http://www.wikidata.org/entity/Q81917"
<http://www.wikidata.org/entity/Q1821445>	POINT(8.308610 54.669200)	"Leuchtturm Norddorf"@en	1905-01-01T00:00:00Z									4	"http://www.wikidata.org/entity/Q39715"
<http://www.wikidata.org/entity/Q1821446>	POINT(7.229600 53.709300)	"Leuchtturm Norderney"@en	1874-01-01T00:00:00Z									3	"http://www.wikidata.org/entity/Q39715"
<http://www.wikidata.org/entity/Q1821448>	POINT(8.513500 53.742300)	"Leuchtturm Obereversand"@en	1887-01-01T00:00:00Z									3	"http://www.wikidata.org/entity/Q39715"
<http://www.wikidata.org/entity/Q1821451>	POINT(17.865667 58.739583)	"Landsort lighthouse"@en	1689-01-01T00:00:00Z									5	"http://www.wikidata.org/entity/Q10411887|http://www.wikidata.org/entity/Q39715|http://www.wikidata.org/entity/Q787078"
<http://www.wikidata.org/entity/Q1821457>	POINT(9.740000 53.566111)	"Oberfeuer Tinsdal"@en	1899-01-01T00:00:00Z								"http://www.wikidata.org/entity/Q1930418"	4	"http://www.wikidata.org/entity/Q39715"
<http://www.wikidata.org/entity/Q1821458>	POINT(11.376667 53.991944)	"Leuchtturm Timmendorf"@en	1872-01-01T00:00:00Z									3	"http://www.wikidata.org/entity/Q39715"
<http://www.wikidata.org/entity/Q1821460>	POINT(8.337810 54.965700)	"Rotes Kliff lighthouse"@en	1910-01-01T00:00:00Z									5	"http://www.wikidata.org/entity/Q2122866|http://www.wikidata.org/entity/Q39715"
<http://www.wikidata.org/entity/Q1821461>	POINT(10.879400 53.960500)	"Leuchtturm Travemünde"@en	1539-01-01T00:00:00Z									5	"http://www.wikidata.org/entity/Q33506|http://www.wikidata.org/entity/Q39715"
<http://www.wikidata.org/entity/Q1821483>	POINT(-0.247778 49.280000)	"Ouistreham lighthouse"@en	1905-01-01T00:00:00Z									4	"http://www.wikidata.org/entity/Q39715"
<http://www.wikidata.org/entity/Q18221741>	POINT(3.689842 43.395640)	"Phare du Mont-Saint-Clair, Sète"@en	1903-01-01T00:00:00Z									2	"http://www.wikidata.org/entity/Q39715"
<http://www.wikidata.org/entity/Q1828006>	POINT(-5.607490 56.455600)	"Lismore Lighthouse"@en	1833-01-01T00:00:00Z									7	"http://www.wikidata.org/entity/Q39715"
<http://www.wikidata.org/entity/Q18289663>	POINT(16.594239 41.208039)	"Molfetta Lighthouse"@en	1857-01-01T00:00:00Z									4	"http://www.wikidata.org/entity/Q39715"
<http://www.wikidata.org/entity/Q18431326>	POINT(-4.838611 54.037500)	"Chicken Rock Lighthouse"@en	1875-01-01T00:00:00Z									4	"http://www.wikidata.org/entity/Q39715"
<http://www.wikidata.org/entity/Q18431329>	POINT(-1.793170 55.658200)	"Guile Point East Lighthouse"@en	1826-01-01T00:00:00Z								"http://www.wikidata.org/entity/Q106368086"	2	"http://www.wikidata.org/entity/Q39715"
<http://www.wikidata.org/entity/Q18431331>	POINT(-4.309440 54.298600)	"Maughold Head Lighthouse"@en	1914-01-01T00:00:00Z									4	"http://www.wikidata.org/entity/Q39715"
<http://www.wikidata.org/entity/Q18477338>	POINT(-25.156927 36.940245)	"Ponta do Malmerendo Light"@en	1898-01-01T00:00:00Z									3	"http://www.wikidata.org/entity/Q39715"
<http://www.wikidata.org/entity/Q1851689>	POINT(3.227389 51.339539)	"Low lighthouse of Heist"@en	1907-01-01T00:00:00Z									2	"http://www.wikidata.org/entity/Q39715"
<http://www.wikidata.org/entity/Q18619044>	POINT(-14.507100 28.065700)	"Punta Jandía Lighthouse"@en	1864-01-01T00:00:00Z					1864-12-01T00:00:00Z				5	"http://www.wikidata.org/entity/Q39715"
<http://www.wikidata.org/entity/Q18647296>	POINT(12.539920 54.946530)	"Moen lighthouse"@en	1845-01-01T00:00:00Z									3	"http://www.wikidata.org/entity/Q39715"
<http://www.wikidata.org/entity/Q18662548>	POINT(23.445833 64.331333)	"Ulkokalla Lighthouse"@en	1871-01-01T00:00:00Z									5	"http://www.wikidata.org/entity/Q39715"
<http://www.wikidata.org/entity/Q1866643>	POINT(-5.202060 49.960200)	"Lizard Lighthouse"@en	1751-01-01T00:00:00Z									11	"http://www.wikidata.org/entity/Q39715"
<http://www.wikidata.org/entity/Q18682659>	POINT(20.739417 62.979361)	"Strömmingsbådan lighthouse"@en	1885-01-01T00:00:00Z								"http://www.wikidata.org/entity/Q30506528"	6	"http://www.wikidata.org/entity/Q39715|http://www.wikidata.org/entity/Q787078"
<http://www.wikidata.org/entity/Q18682799>	POINT(21.068000 63.421417)	"Valsörarna lighthouse"@en	1885-01-01T00:00:00Z								"http://www.wikidata.org/entity/Q30506528"	4	"http://www.wikidata.org/entity/Q10519294|http://www.wikidata.org/entity/Q39715"
<http://www.wikidata.org/entity/Q18736674>	POINT(4.134522 43.536447)	"Le Grau-du-Roi lighthouse"@en	1828-01-01T00:00:00Z									2	"http://www.wikidata.org/entity/Q39715"
<http://www.wikidata.org/entity/Q18922689>	POINT(32.406300 34.760600)	"Paphos Lighthouse"@en	1888-01-01T00:00:00Z									9	"http://www.wikidata.org/entity/Q39715"
<http://www.wikidata.org/entity/Q19364913>	POINT(13.490900 45.490000)	"Savudrija Lighthouse"@en	1818-01-01T00:00:00Z									7	"http://www.wikidata.org/entity/Q39715"
<http://www.wikidata.org/entity/Q19380486>	POINT(15.571389 68.404167)	"Lødingen Lighthouse"@en	1892-01-01T00:00:00Z									2	"http://www.wikidata.org/entity/Q39715"
<http://www.wikidata.org/entity/Q19385662>	POINT(11.111900 64.790600)	"Prestøy Lighthouse"@en	1841-01-01T00:00:00Z									1	"http://www.wikidata.org/entity/Q39715"
<http://www.wikidata.org/entity/Q19391070>	POINT(13.458300 66.947300)	"Støtt Lighthouse"@en	1867-10-01T00:00:00Z									1	"http://www.wikidata.org/entity/Q39715"
<http://www.wikidata.org/entity/Q19391983>	POINT(9.376488 63.812050)	"Tarva Lighthouse"@en	1894-01-01T00:00:00Z									2	"http://www.wikidata.org/entity/Q39715"
<http://www.wikidata.org/entity/Q195065>	POINT(-2.664722 48.748333)	"Phare du Grand Léjon"@en	1859-01-01T00:00:00Z									4	"http://www.wikidata.org/entity/Q39715"
<http://www.wikidata.org/entity/Q195087>	POINT(-3.646389 48.871389)	"Triagoz lighthouse"@en	1864-01-01T00:00:00Z									6	"http://www.wikidata.org/entity/Q39715"
<http://www.wikidata.org/entity/Q1952184>	POINT(-5.803370 55.310500)	"Mull of Kintyre Lighthouse"@en	1788-01-01T00:00:00Z									5	"http://www.wikidata.org/entity/Q39715"
<http://www.wikidata.org/entity/Q1960616>	POINT(18.790000 54.650000)	"Jastarnia Bór Lighthouse"@en	1872-01-01T00:00:00Z									2	"http://www.wikidata.org/entity/Q39715"
<http://www.wikidata.org/entity/Q1976702>	POINT(30.760056 46.496556)	"Vorontsov Lighthouse"@en	1888-01-01T00:00:00Z									12	"http://www.wikidata.org/entity/Q39715"
<http://www.wikidata.org/entity/Q1980205>	POINT(9.683583 47.542917)	"Lindau Lighthouse"@en	1856-01-01T00:00:00Z									8	"http://www.wikidata.org/entity/Q39715"
<http://www.wikidata.org/entity/Q19892304>	POINT(16.378633 54.440276)	"Darłowo Lighthouse"@en	1885-01-01T00:00:00Z									8	"http://www.wikidata.org/entity/Q39715"
<http://www.wikidata.org/entity/Q19916081>	POINT(33.378610 44.583060)	"Chersonese Lighthouse"@en	1816-01-01T00:00:00Z									5	"http://www.wikidata.org/entity/Q39715"
<http://www.wikidata.org/entity/Q199234>	POINT(-1.173325 45.586320)	"Cordouan Lighthouse"@en	1615-01-01T00:00:00Z									32	"http://www.wikidata.org/entity/Q39715"
<http://www.wikidata.org/entity/Q19946245>	POINT(13.074444 54.508056)	"Leuchtturm Gellen"@en	1905-01-01T00:00:00Z									3	"http://www.wikidata.org/entity/Q39715"
<http://www.wikidata.org/entity/Q19947303>	POINT(21.314093 37.637888)	"Lighthouse at Katakolo"@en	1869-01-01T00:00:00Z									1	"http://www.wikidata.org/entity/Q39715"
<http://www.wikidata.org/entity/Q19979499>	POINT(10.036270 54.671420)	"lighthouse of Schleimünde"@en	1871-01-01T00:00:00Z									3	"http://www.wikidata.org/entity/Q39715"
<http://www.wikidata.org/entity/Q1998969>	POINT(10.549300 64.797700)	"Nordøyan Lighthouse"@en	1890-01-01T00:00:00Z									5	"http://www.wikidata.org/entity/Q39715"
<http://www.wikidata.org/entity/Q20127649>	POINT(-4.374170 47.797800)	"Ancien phare de Penmarc'h"@en	1835-01-01T00:00:00Z									2	"http://www.wikidata.org/entity/Q39715"
<http://www.wikidata.org/entity/Q205614>	POINT(8.119764 56.513180)	"Bovbjerg Lighthouse"@en	1876-01-01T00:00:00Z									5	"http://www.wikidata.org/entity/Q39715"
<http://www.wikidata.org/entity/Q20646084>	POINT(7.156667 53.710278)	"Kap Norderney"@en	1848-01-01T00:00:00Z									1	"http://www.wikidata.org/entity/Q1409029|http://www.wikidata.org/entity/Q2319498|http://www.wikidata.org/entity/Q4895393"
<http://www.wikidata.org/entity/Q20669>	POINT(8.354580 54.631200)	"Amrum Lighthouse"@en	1874-11-01T00:00:00Z									9	"http://www.wikidata.org/entity/Q39715"
<http://www.wikidata.org/entity/Q2068627>	POINT(-5.671592 50.164967)	"Pendeen Lighthouse"@en	1900-01-01T00:00:00Z								"http://www.wikidata.org/entity/Q26558569"	8	"http://www.wikidata.org/entity/Q39715"
<http://www.wikidata.org/entity/Q20744226>	POINT(21.524617 57.405283)	"Ventspils South Breakwater Lighthouse"@en	1870-01-01T00:00:00Z									1	"http://www.wikidata.org/entity/Q39715"
<http://www.wikidata.org/entity/Q2084976>	POINT(-3.953056 47.721111)	"Phare de Penfret"@en	1837-01-01T00:00:00Z									5	"http://www.wikidata.org/entity/Q39715"
<http://www.wikidata.org/entity/Q2084983>	POINT(-3.124167 47.479444)	"Phare de Port-Maria"@en	1892-01-01T00:00:00Z									3	"http://www.wikidata.org/entity/Q1738955|http://www.wikidata.org/entity/Q39715"
<http://www.wikidata.org/entity/Q2084993>	POINT(-4.795278 48.071389)	"Tevennec lighthouse"@en	1875-01-01T00:00:00Z									7	"http://www.wikidata.org/entity/Q39715"
<http://www.wikidata.org/entity/Q2085000>	POINT(-3.421499 47.620736)	"Phare de la Pointe des Chats"@en	1897-01-01T00:00:00Z									3	"http://www.wikidata.org/entity/Q39715"
<http://www.wikidata.org/entity/Q2085015>	POINT(-4.756389 48.040556)	"Vieille Light"@en	1882-01-01T00:00:00Z									16	"http://www.wikidata.org/entity/Q39715"
<http://www.wikidata.org/entity/Q2085022>	POINT(-3.086305 48.908500)	"Héaux de Bréhat lighthouse"@en	1834-01-01T00:00:00Z									6	"http://www.wikidata.org/entity/Q39715"
<http://www.wikidata.org/entity/Q2085025>	POINT(-4.914444 48.311111)	"Pierres Noires lighthouse"@en	1867-01-01T00:00:00Z									7	"http://www.wikidata.org/entity/Q39715"
<http://www.wikidata.org/entity/Q2085033>	POINT(-3.490000 48.878611)	"Sept-Îles lighthouse"@en	1835-01-01T00:00:00Z									5	"http://www.wikidata.org/entity/Q39715"
<http://www.wikidata.org/entity/Q2085041>	POINT(-4.805278 48.523333)	"Phare du Four"@en	1874-01-01T00:00:00Z									5	"http://www.wikidata.org/entity/Q39715"
<http://www.wikidata.org/entity/Q2085054>	POINT(-4.465556 48.098611)	"Phare du Millier"@en	1881-01-01T00:00:00Z									3	"http://www.wikidata.org/entity/Q3278565"
<http://www.wikidata.org/entity/Q20894714>	POINT(-13.814900 28.764830)	"Punta Martiño Lighthouse"@en	1865-01-01T00:00:00Z									5	"http://www.wikidata.org/entity/Q39715"
<http://www.wikidata.org/entity/Q20949083>	POINT(15.574502 43.625254)	"Blitvenica Lighthouse"@en	1872-01-01T00:00:00Z									6	"http://www.wikidata.org/entity/Q39715"
<http://www.wikidata.org/entity/Q20972230>	POINT(25.923354 59.604739)	"Käsmu lighthouse"@en	1892-01-01T00:00:00Z									5	"http://www.wikidata.org/entity/Q39715"
<http://www.wikidata.org/entity/Q20974211>	POINT(-31.114647 39.669928)	"Ponta Negra Light"@en	1910-01-01T00:00:00Z									3	"http://www.wikidata.org/entity/Q39715"
<http://www.wikidata.org/entity/Q2099622>	POINT(-2.882594 53.981512)	"Plover Scar Lighthouse"@en	1847-01-01T00:00:00Z									4	"http://www.wikidata.org/entity/Q33129345"
<http://www.wikidata.org/entity/Q21014964>	POINT(28.606979 43.540352)	"Shabla Lighthouse"@en	1857-01-01T00:00:00Z									15	"http://www.wikidata.org/entity/Q39715"
<http://www.wikidata.org/entity/Q21051929>	POINT(14.277409 53.926204)	"Stawa Młyny"@en	1873-01-01T00:00:00Z									9	"http://www.wikidata.org/entity/Q39715|http://www.wikidata.org/entity/Q7321258"
<http://www.wikidata.org/entity/Q21061715>	POINT(1.729300 52.437000)	"Pakefield Lighthouse"@en	1832-01-01T00:00:00Z									3	"http://www.wikidata.org/entity/Q39715"
<http://www.wikidata.org/entity/Q21167425>	POINT(15.594417 56.141389)	"Godnatt"@en	1858-01-01T00:00:00Z								"http://www.wikidata.org/entity/Q15255454"	2	"http://www.wikidata.org/entity/Q20034791|http://www.wikidata.org/entity/Q39715|http://www.wikidata.org/entity/Q787078"
<http://www.wikidata.org/entity/Q2148102>	POINT(-6.513230 55.673100)	"Rinns of Islay Lighthouse"@en	1825-01-01T00:00:00Z									6	"http://www.wikidata.org/entity/Q39715"
<http://www.wikidata.org/entity/Q21486130>	POINT(9.080350 53.859650)	"Leuchtfeuer Balje"@en	1903-01-01T00:00:00Z									2	"http://www.wikidata.org/entity/Q39715"
<http://www.wikidata.org/entity/Q2158333>	POINT(5.035323 52.937284)	"Den Oever Lighthouse"@en	1885-01-01T00:00:00Z									5	"http://www.wikidata.org/entity/Q39715"
<http://www.wikidata.org/entity/Q21639186>	POINT(33.268889 45.151111)	"Yevpatoriya Lighthouse"@en	1861-01-01T00:00:00Z									3	"http://www.wikidata.org/entity/Q39715"
<http://www.wikidata.org/entity/Q21639906>	POINT(35.422220 45.012500)	"Ilyinsky lighthouse"@en	1899-01-01T00:00:00Z									2	"http://www.wikidata.org/entity/Q39715"
<http://www.wikidata.org/entity/Q21663826>	POINT(-2.216900 47.250800)	"balise des Morées"@en	1777-01-01T00:00:00Z									2	"http://www.wikidata.org/entity/Q39715"
<http://www.wikidata.org/entity/Q2185489>	POINT(-13.872536 28.855692)	"Pechiguera Lighthouse"@en	1866-01-01T00:00:00Z									7	"http://www.wikidata.org/entity/Q39715|http://www.wikidata.org/entity/Q4989906"
<http://www.wikidata.org/entity/Q21973980>	POINT(21.017528 59.767889)	"Kökarsören"@en	1906-01-01T00:00:00Z									3	"http://www.wikidata.org/entity/Q39715"
<http://www.wikidata.org/entity/Q220034>	POINT(8.081667 53.855000)	"Roter Sand"@en	1885-01-01T00:00:00Z									11	"http://www.wikidata.org/entity/Q39715"
<http://www.wikidata.org/entity/Q220081>	POINT(-3.009091 53.928548)	"Beach Lighthouse"@en	1840-01-01T00:00:00Z									5	"http://www.wikidata.org/entity/Q39715"
<http://www.wikidata.org/entity/Q2206180>	POINT(9.775500 57.449000)	"Rubjerg Knude lighthouse"@en	1899-01-01T00:00:00Z									19	"http://www.wikidata.org/entity/Q39715"
<http://www.wikidata.org/entity/Q2215732>	POINT(4.127778 51.819722)	"Hellevoetsluis Lighthouse"@en	1822-01-01T00:00:00Z									5	"http://www.wikidata.org/entity/Q39715"
<http://www.wikidata.org/entity/Q2251111>	POINT(-5.402573 58.240017)	"Stoer Head Lighthouse"@en	1870-01-01T00:00:00Z									4	"http://www.wikidata.org/entity/Q39715"
<http://www.wikidata.org/entity/Q2259688>	POINT(4.390961 52.200253)	"Vuurbaak Katwijk"@en	1605-01-01T00:00:00Z									5	"http://www.wikidata.org/entity/Q39715"
<http://www.wikidata.org/entity/Q22683650>	POINT(5.103056 36.775139)	"Carbon Cape Lighthouse"@en	1906-01-01T00:00:00Z									3	"http://www.wikidata.org/entity/Q39715"
<http://www.wikidata.org/entity/Q2269203>	POINT(4.574522 52.461758)	"IJmuiden lower Lighthouse"@en	1878-01-01T00:00:00Z									5	"http://www.wikidata.org/entity/Q39715"
<http://www.wikidata.org/entity/Q228633>	POINT(6.166667 53.483333)	"Zuidertoren"@en	1854-01-01T00:00:00Z									5	"http://www.wikidata.org/entity/Q274153|http://www.wikidata.org/entity/Q39715"
<http://www.wikidata.org/entity/Q2292002>	POINT(-7.116240 56.323100)	"Skerryvore Lighthouse"@en	1844-01-01T00:00:00Z									4	"http://www.wikidata.org/entity/Q39715"
<http://www.wikidata.org/entity/Q22935685>	POINT(34.843497 26.314542)	"Brothers Islands Lighthouse"@en	1883-01-01T00:00:00Z									7	"http://www.wikidata.org/entity/Q39715"
<http://www.wikidata.org/entity/Q2294118>	POINT(10.512900 56.095080)	"Sletterhage Lighthouse"@en	1894-01-01T00:00:00Z									5	"http://www.wikidata.org/entity/Q39715"
<http://www.wikidata.org/entity/Q2295936>	POINT(5.138889 52.459722)	"Paard van Marken"@en	1700-01-01T00:00:00Z									5	"http://www.wikidata.org/entity/Q39715"
<http://www.wikidata.org/entity/Q22976839>	POINT(3.503003 43.298331)		1836-01-01T00:00:00Z									2	"http://www.wikidata.org/entity/Q39715"
<http://www.wikidata.org/entity/Q23013083>	POINT(2.954119 36.812872)	"Cape Caxine Lighthouse"@en	1868-01-01T00:00:00Z									3	"http://www.wikidata.org/entity/Q39715"
<http://www.wikidata.org/entity/Q23013086>	POINT(-0.488610 35.875830)	"Cap de l'Aiguille Lighthouse"@en	1865-01-01T00:00:00Z									3	"http://www.wikidata.org/entity/Q39715"
<http://www.wikidata.org/entity/Q23013087>	POINT(-0.800560 35.770830)	"Cap Falcon Lighthouse"@en	1868-01-01T00:00:00Z									2	"http://www.wikidata.org/entity/Q39715"
<http://www.wikidata.org/entity/Q23013089>	POINT(1.340589 36.549686)	"Cap Ténès Lighthouse"@en	1861-01-01T00:00:00Z									2	"http://www.wikidata.org/entity/Q39715"
<http://www.wikidata.org/entity/Q23013092>	POINT(-1.133330 35.720280)	"Îles Habibas Lighthouse"@en	1879-01-01T00:00:00Z									2	"http://www.wikidata.org/entity/Q39715"
<http://www.wikidata.org/entity/Q23013095>	POINT(5.689440 36.817780)	"Ras Afia lighthouse"@en	1907-01-01T00:00:00Z									3	"http://www.wikidata.org/entity/Q39715"
<http://www.wikidata.org/entity/Q23013096>	POINT(2.447780 36.597200)	"Tipaza Lighthouse"@en	1867-01-01T00:00:00Z									3	"http://www.wikidata.org/entity/Q39715"
<http://www.wikidata.org/entity/Q2305375>	POINT(-2.388089 56.432860)	"Bell Rock Lighthouse"@en	1810-01-01T00:00:00Z									17	"http://www.wikidata.org/entity/Q39715"
<http://www.wikidata.org/entity/Q23308931>	POINT(17.204500 39.025670)	"Capo Colonne Lighthouse"@en	1873-01-01T00:00:00Z									5	"http://www.wikidata.org/entity/Q39715"
<http://www.wikidata.org/entity/Q2351999>	POINT(21.000972 63.807944)	"Stora Fjäderägg lighthouse"@en	1851-01-01T00:00:00Z									2	"http://www.wikidata.org/entity/Q39715"
<http://www.wikidata.org/entity/Q23748963>	POINT(10.774900 55.101500)	"Elsehoved"@en	1894-01-01T00:00:00Z									4	"http://www.wikidata.org/entity/Q24529780|http://www.wikidata.org/entity/Q39715"
<http://www.wikidata.org/entity/Q2379709>	POINT(25.410037 60.109391)	"Söderskär lighthouse"@en	1862-01-01T00:00:00Z								"http://www.wikidata.org/entity/Q30506523"	6	"http://www.wikidata.org/entity/Q39715"
<http://www.wikidata.org/entity/Q23894666>	POINT(-1.851550 48.670515)	""La Fenêtre" lighthouse"@en	1863-01-01T00:00:00Z									1	"http://www.wikidata.org/entity/Q39715"
<http://www.wikidata.org/entity/Q2394002>	POINT(-3.776605 57.865060)	"Tarbat Ness Lighthouse"@en	1830-01-01T00:00:00Z									5	"http://www.wikidata.org/entity/Q39715"
<http://www.wikidata.org/entity/Q241226>	POINT(7.662778 63.114444)	"Stavnes Lighthouse"@en	1842-01-01T00:00:00Z									6	"http://www.wikidata.org/entity/Q39715"
<http://www.wikidata.org/entity/Q2413347>	POINT(8.594170 41.878600)	"Phare des îles Sanguinaires"@en	1844-01-01T00:00:00Z									4	"http://www.wikidata.org/entity/Q39715"
<http://www.wikidata.org/entity/Q2426147>	POINT(5.940856 52.652950)	"lighthouse Kraggenburg"@en	1877-01-01T00:00:00Z									2	"http://www.wikidata.org/entity/Q3278565"
<http://www.wikidata.org/entity/Q2438012>	POINT(14.759369 55.286889)	"Hammeren Lighthouse"@en	1872-01-01T00:00:00Z									7	"http://www.wikidata.org/entity/Q39715"
<http://www.wikidata.org/entity/Q2446458>	POINT(-3.353835 47.745302)	"Lorient (La Perrière) lighthouse"@en	1744-01-01T00:00:00Z									3	"http://www.wikidata.org/entity/Q39715|http://www.wikidata.org/entity/Q748998"
<http://www.wikidata.org/entity/Q245151>	POINT(-8.406389 43.385833)	"Tower of Hercules"@en	0100-01-01T00:00:00Z									53	"http://www.wikidata.org/entity/Q3378136|http://www.wikidata.org/entity/Q39715|http://www.wikidata.org/entity/Q4989906|http://www.wikidata.org/entity/Q81917"
<http://www.wikidata.org/entity/Q24540144>	POINT(-0.216945 39.186389)	"Faro de Cullera"@en	1858-01-01T00:00:00Z									3	"http://www.wikidata.org/entity/Q39715"
<http://www.wikidata.org/entity/Q2463341>	POINT(8.226667 63.310278)	"Tyrhaug Lighthouse"@en	1833-01-01T00:00:00Z									6	"http://www.wikidata.org/entity/Q39715"
<http://www.wikidata.org/entity/Q24641188>	POINT(17.958817 57.289617)	"Stora Karlsö lighthouse"@en	1887-01-01T00:00:00Z									4	"http://www.wikidata.org/entity/Q3278565|http://www.wikidata.org/entity/Q39715|http://www.wikidata.org/entity/Q787078"
<http://www.wikidata.org/entity/Q24644213>	POINT(-2.192925 36.721635)	"Cabo de Gata Lighthouse"@en	1863-01-01T00:00:00Z									5	"http://www.wikidata.org/entity/Q39715"
<http://www.wikidata.org/entity/Q24655669>	POINT(3.202949 51.347596)	"Zeebrugge lighthouse"@en	1905-01-01T00:00:00Z									2	"http://www.wikidata.org/entity/Q39715"
<http://www.wikidata.org/entity/Q24937319>	POINT(48.296010 42.061340)	"Derbent Lighthouse"@en	1853-01-01T00:00:00Z								"http://www.wikidata.org/entity/Q110279782"	7	"http://www.wikidata.org/entity/Q2319498|http://www.wikidata.org/entity/Q39715"
<http://www.wikidata.org/entity/Q2512443>	POINT(-7.684167 43.785833)	"Estaca de Bares Lighthouse"@en	1850-01-01T00:00:00Z									6	"http://www.wikidata.org/entity/Q39715"
<http://www.wikidata.org/entity/Q2514051>	POINT(-2.003950 57.697600)	"Kinnaird Head Lighthouse"@en	1787-01-01T00:00:00Z								"http://www.wikidata.org/entity/Q105519325"	2	"http://www.wikidata.org/entity/Q33506|http://www.wikidata.org/entity/Q39715"
<http://www.wikidata.org/entity/Q25162256>	POINT(2.740820 51.141600)	"Grote Vierboete"@en	1284-01-01T00:00:00Z		1914-01-01T00:00:00Z							1	"http://www.wikidata.org/entity/Q109607|http://www.wikidata.org/entity/Q39715"
<http://www.wikidata.org/entity/Q2549659>	POINT(5.625556 53.448889)	"Ameland Lighthouse"@en	1880-01-01T00:00:00Z									8	"http://www.wikidata.org/entity/Q33506|http://www.wikidata.org/entity/Q39715"
<http://www.wikidata.org/entity/Q2577060>	POINT(4.140695 51.927694)	"Stenen Baak"@en	1630-01-01T00:00:00Z									4	"http://www.wikidata.org/entity/Q39715"
<http://www.wikidata.org/entity/Q25803046>	POINT(1.445091 51.374928)	"North Foreland Lighthouse"@en	1691-01-01T00:00:00Z									5	"http://www.wikidata.org/entity/Q39715"
<http://www.wikidata.org/entity/Q259658>	POINT(13.068501 41.222349)	"Capo Circeo Lighthouse"@en	1866-01-01T00:00:00Z									5	"http://www.wikidata.org/entity/Q39715"
<http://www.wikidata.org/entity/Q26027646>	POINT(13.852805 40.711083)	"Punta Imperatore Lighthouse"@en	1884-01-01T00:00:00Z									4	"http://www.wikidata.org/entity/Q39715"
<http://www.wikidata.org/entity/Q2609558>	POINT(6.923889 53.332778)	"Delfzijl Lighthouse (1888)"@en	1888-01-01T00:00:00Z		1940-01-01T00:00:00Z							2	"http://www.wikidata.org/entity/Q39715"
<http://www.wikidata.org/entity/Q26132872>	POINT(-5.582836 55.274821)	"Sanda Island Lighthouse"@en	1850-01-01T00:00:00Z									4	"http://www.wikidata.org/entity/Q39715"
<http://www.wikidata.org/entity/Q26156177>	POINT(-5.060764 55.517299)	"Holy Isle Outer Lighthouse"@en	1905-01-01T00:00:00Z									2	"http://www.wikidata.org/entity/Q39715"
<http://www.wikidata.org/entity/Q26156178>	POINT(-5.070168 55.512218)	"Holy Isle Inner Lighthouse"@en	1877-01-01T00:00:00Z									2	"http://www.wikidata.org/entity/Q39715"
<http://www.wikidata.org/entity/Q26156204>	POINT(-4.844640 55.325800)	"Turnberry Lighthouse"@en	1873-01-01T00:00:00Z									3	"http://www.wikidata.org/entity/Q108840273|http://www.wikidata.org/entity/Q39715"
<http://www.wikidata.org/entity/Q26156232>	POINT(-4.965100 54.664600)	"Crammag Head Lighthouse"@en	1913-01-01T00:00:00Z									2	"http://www.wikidata.org/entity/Q39715"
<http://www.wikidata.org/entity/Q26161442>	POINT(-3.034717 58.821878)	"Hoxa Head Lighthouse"@en	1901-01-01T00:00:00Z		1996-01-01T00:00:00Z							1	"http://www.wikidata.org/entity/Q39715"
<http://www.wikidata.org/entity/Q2617672>	POINT(14.284250 53.916000)	"Świnoujście Lighthouse"@en	1828-01-01T00:00:00Z									10	"http://www.wikidata.org/entity/Q39715"
<http://www.wikidata.org/entity/Q26197294>	POINT(-2.967000 51.540000)	"East Usk Lighthouse"@en	1893-01-01T00:00:00Z									3	"http://www.wikidata.org/entity/Q39715"
<http://www.wikidata.org/entity/Q26206721>	POINT(-4.177728 51.060350)	"Instow Front Lighthouse"@en	1820-01-01T00:00:00Z									1	"http://www.wikidata.org/entity/Q39715"
<http://www.wikidata.org/entity/Q26206723>	POINT(-4.172583 51.058667)	"Instow Rear Lighthouse"@en	1820-01-01T00:00:00Z									1	"http://www.wikidata.org/entity/Q39715"
<http://www.wikidata.org/entity/Q26256797>	POINT(17.603972 58.852389)	"Bokö lighthouse"@en	1892-01-01T00:00:00Z									3	"http://www.wikidata.org/entity/Q39715|http://www.wikidata.org/entity/Q787078"
<http://www.wikidata.org/entity/Q26256802>	POINT(13.159083 59.169861)	"Stavik lighthouse"@en	1860-01-01T00:00:00Z									1	"http://www.wikidata.org/entity/Q39715|http://www.wikidata.org/entity/Q66088335|http://www.wikidata.org/entity/Q787078"
<http://www.wikidata.org/entity/Q26257034>	POINT(37.299208 44.888025)	"Anapa lighthouse"@en	1898-07-14T00:00:00Z									4	"http://www.wikidata.org/entity/Q39715"
<http://www.wikidata.org/entity/Q26257038>	POINT(38.068162 44.574552)		1897-01-01T00:00:00Z									3	"http://www.wikidata.org/entity/Q39715"
<http://www.wikidata.org/entity/Q26257039>	POINT(34.990833 46.090833)	"Lighthouse on Byriuchyi Island"@en	1878-01-01T00:00:00Z									5	"http://www.wikidata.org/entity/Q39715"
<http://www.wikidata.org/entity/Q26278863>	POINT(-0.248214 50.830872)	"Shoreham Lighthouse"@en	1846-01-01T00:00:00Z									3	"http://www.wikidata.org/entity/Q39715"
<http://www.wikidata.org/entity/Q26323604>	POINT(1.376097 51.140953)	"South Foreland Lower Lighthouse"@en	1846-01-01T00:00:00Z								"http://www.wikidata.org/entity/Q110194054"	2	"http://www.wikidata.org/entity/Q39715"
<http://www.wikidata.org/entity/Q26365130>	POINT(-0.226884 53.708797)	"Thorngumbald Clough Low Lighthouse"@en	1870-01-01T00:00:00Z								"http://www.wikidata.org/entity/Q28465873"	2	"http://www.wikidata.org/entity/Q39715"
<http://www.wikidata.org/entity/Q26365310>	POINT(0.118328 53.578975)	"Spurn Lighthouse"@en	1895-01-01T00:00:00Z									3	"http://www.wikidata.org/entity/Q39715"
<http://www.wikidata.org/entity/Q26375708>	POINT(1.421474 51.327685)	"Ramsgate West Pier Lighthouse"@en	1842-01-01T00:00:00Z									3	"http://www.wikidata.org/entity/Q39715"
<http://www.wikidata.org/entity/Q26378743>	POINT(-3.598568 54.552817)	"West Pier Lighthouse"@en	1839-01-01T00:00:00Z									2	"http://www.wikidata.org/entity/Q39715"
<http://www.wikidata.org/entity/Q26397716>	POINT(-0.218850 53.647172)	"Killingholme High Lighthouse"@en	1876-01-01T00:00:00Z									3	"http://www.wikidata.org/entity/Q39715"
<http://www.wikidata.org/entity/Q26397717>	POINT(-0.219610 53.649242)	"Killingholme North Low Lighthouse"@en	1851-01-01T00:00:00Z									3	"http://www.wikidata.org/entity/Q39715"
<http://www.wikidata.org/entity/Q26455455>	POINT(-0.234323 53.718939)	"Paull Lighthouse"@en	1836-01-01T00:00:00Z									3	"http://www.wikidata.org/entity/Q39715"
<http://www.wikidata.org/entity/Q26480511>	POINT(-1.437788 55.008702)	"New High Light"@en	1807-01-01T00:00:00Z								"http://www.wikidata.org/entity/Q17508617"	2	"http://www.wikidata.org/entity/Q39715"
<http://www.wikidata.org/entity/Q26497324>	POINT(-3.074251 53.401096)	"Bidston Lighthouse"@en	1873-01-01T00:00:00Z									3	"http://www.wikidata.org/entity/Q39715"
<http://www.wikidata.org/entity/Q26509968>	POINT(-0.216198 53.646540)	"Killingholme South Low Lighthouse"@en	1836-01-01T00:00:00Z									3	"http://www.wikidata.org/entity/Q39715"
<http://www.wikidata.org/entity/Q26513741>	POINT(-6.322992 49.978898)	"Round Island Lighthouse"@en	1887-01-01T00:00:00Z									6	"http://www.wikidata.org/entity/Q39715"
<http://www.wikidata.org/entity/Q26525857>	POINT(-1.424080 55.008022)	"Herd Groyne Light"@en	1882-01-01T00:00:00Z									3	"http://www.wikidata.org/entity/Q39715"
<http://www.wikidata.org/entity/Q26527913>	POINT(-1.625640 55.634221)	"Brownsman Lighthouse"@en	1811-01-01T00:00:00Z									2	"http://www.wikidata.org/entity/Q39715|http://www.wikidata.org/entity/Q5783996"
<http://www.wikidata.org/entity/Q26543919>	POINT(0.969698 50.913758)	"Dungeness Old Lighthouse"@en	1904-01-01T00:00:00Z									2	"http://www.wikidata.org/entity/Q39715"
<http://www.wikidata.org/entity/Q26545458>	POINT(-0.612916 54.492870)	"Whitby West Pier Lighthouse"@en	1831-01-01T00:00:00Z									2	"http://www.wikidata.org/entity/Q39715"
<http://www.wikidata.org/entity/Q26550832>	POINT(-3.125778 53.413167)	"Leasowe Lighthouse"@en	1763-01-01T00:00:00Z									5	"http://www.wikidata.org/entity/Q39715"
<http://www.wikidata.org/entity/Q26550860>	POINT(-3.182459 53.392010)	"Hoylake Lighthouse"@en	1865-01-01T00:00:00Z									3	"http://www.wikidata.org/entity/Q39715"
<http://www.wikidata.org/entity/Q26552565>	POINT(-0.611836 54.492848)	"Whitby East Pier Lighthouse"@en	1855-01-01T00:00:00Z									3	"http://www.wikidata.org/entity/Q39715"
<http://www.wikidata.org/entity/Q265808>	POINT(10.713889 59.885278)	"Heggholmen Lighthouse"@en	1827-01-01T00:00:00Z									7	"http://www.wikidata.org/entity/Q39715"
<http://www.wikidata.org/entity/Q26596387>	POINT(-0.225611 53.708086)	"Thorngumbald Clough High Lighthouse"@en	1870-01-01T00:00:00Z								"http://www.wikidata.org/entity/Q28465873"	2	"http://www.wikidata.org/entity/Q39715"
<http://www.wikidata.org/entity/Q26606336>	POINT(-2.794197 53.322439)	"Hale Head Lighthouse"@en	1906-01-01T00:00:00Z									3	"http://www.wikidata.org/entity/Q39715"
<http://www.wikidata.org/entity/Q26630126>	POINT(0.115971 53.578962)	"Spurn Point Low Light"@en	1852-01-01T00:00:00Z									2	"http://www.wikidata.org/entity/Q39715"
<http://www.wikidata.org/entity/Q26652579>	POINT(-1.500052 55.125471)	"Blyth High Light"@en	1788-01-01T00:00:00Z									3	"http://www.wikidata.org/entity/Q39715"
<http://www.wikidata.org/entity/Q26666643>	POINT(-1.089018 50.778324)	"Southsea Castle lighthouse"@en	1828-01-01T00:00:00Z								"http://www.wikidata.org/entity/Q1743815"	3	"http://www.wikidata.org/entity/Q39715"
<http://www.wikidata.org/entity/Q26671598>	POINT(1.194805 51.076038)	"Folkestone Lighthouse"@en	1860-01-01T00:00:00Z									2	"http://www.wikidata.org/entity/Q39715"
<http://www.wikidata.org/entity/Q26682859>	POINT(-3.496815 50.542496)	"Teignmouth lighthouse"@en	1845-01-01T00:00:00Z									3	"http://www.wikidata.org/entity/Q39715"
<http://www.wikidata.org/entity/Q26837538>	POINT(-2.718639 48.535444)	"Phare du Légué"@en	1857-01-01T00:00:00Z									2	"http://www.wikidata.org/entity/Q39715"
<http://www.wikidata.org/entity/Q2686634>	POINT(-5.015851 50.141208)	"St Anthony's Lighthouse"@en	1835-01-01T00:00:00Z									6	"http://www.wikidata.org/entity/Q39715"
<http://www.wikidata.org/entity/Q2686896>	POINT(-5.035141 50.549232)	"Trevose Head Lighthouse"@en	1847-01-01T00:00:00Z									6	"http://www.wikidata.org/entity/Q39715"
<http://www.wikidata.org/entity/Q26959915>	POINT(6.156939 46.210005)	"Phare des Pâquis (Genève)"@en	1857-12-06T00:00:00Z									3	"http://www.wikidata.org/entity/Q39715"
<http://www.wikidata.org/entity/Q27081832>	POINT(0.008126 51.507816)	"Trinity Buoy Wharf Lighthouse and Chain Locker Block"@en	1863-01-01T00:00:00Z								"http://www.wikidata.org/entity/Q3998890"	2	"http://www.wikidata.org/entity/Q35112127|http://www.wikidata.org/entity/Q39715"
<http://www.wikidata.org/entity/Q27096272>	POINT(-0.842033 37.579211)	"Faro de Portmán"@en	1865-01-01T00:00:00Z									3	"http://www.wikidata.org/entity/Q39715"
<http://www.wikidata.org/entity/Q2741100>	POINT(5.412133 52.960228)	"Workum Lighthouse"@en	1623-01-01T00:00:00Z									5	"http://www.wikidata.org/entity/Q39715"
<http://www.wikidata.org/entity/Q2743993>	POINT(4.268244 52.104128)	"Scheveningen Lighthouse"@en	1875-01-01T00:00:00Z									5	"http://www.wikidata.org/entity/Q39715"
<http://www.wikidata.org/entity/Q2752583>	POINT(1.316609 52.924648)	"Cromer Lighthouse"@en	1833-01-01T00:00:00Z									7	"http://www.wikidata.org/entity/Q39715"
<http://www.wikidata.org/entity/Q2752623>	POINT(-3.642282 50.222439)	"Start Point Lighthouse"@en	1836-01-01T00:00:00Z									7	"http://www.wikidata.org/entity/Q39715"
<http://www.wikidata.org/entity/Q2752669>	POINT(-2.799720 51.484700)	"Black Nore Lighthouse"@en	1894-01-01T00:00:00Z									5	"http://www.wikidata.org/entity/Q39715"
<http://www.wikidata.org/entity/Q2752703>	POINT(-3.507554 54.716912)	"Maryport Old Lighthouse"@en	1846-01-01T00:00:00Z									4	"http://www.wikidata.org/entity/Q39715"
<http://www.wikidata.org/entity/Q2752732>	POINT(-1.550280 50.708100)	"Hurst Point Lighthouse"@en	1867-01-01T00:00:00Z								"http://www.wikidata.org/entity/Q17671784"	9	"http://www.wikidata.org/entity/Q39715"
<http://www.wikidata.org/entity/Q2752826>	POINT(-2.417861 50.585944)	"Portland Breakwater Lighthouse"@en	1905-01-01T00:00:00Z									4	"http://www.wikidata.org/entity/Q39715"
<http://www.wikidata.org/entity/Q2752855>	POINT(-4.525475 51.022143)	"Hartland Point Lighthouse"@en	1874-01-01T00:00:00Z									8	"http://www.wikidata.org/entity/Q39715"
<http://www.wikidata.org/entity/Q2752899>	POINT(-1.610869 55.643781)	"Longstone Lighthouse"@en	1826-01-01T00:00:00Z									7	"http://www.wikidata.org/entity/Q39715"
<http://www.wikidata.org/entity/Q2752905>	POINT(-4.201110 51.199200)	"Bull Point Lighthouse"@en	1879-01-01T00:00:00Z									6	"http://www.wikidata.org/entity/Q39715"
<http://www.wikidata.org/entity/Q2753005>	POINT(-2.456396 50.514281)	"Portland Bill Lighthouse"@en	1903-01-01T00:00:00Z									9	"http://www.wikidata.org/entity/Q39715"
<http://www.wikidata.org/entity/Q2753066>	POINT(-3.636500 54.513700)	"St Bees Lighthouse"@en	1822-01-01T00:00:00Z									6	"http://www.wikidata.org/entity/Q39715"
<http://www.wikidata.org/entity/Q2778629>	POINT(4.621667 52.618889)	"J.C.J. van Speijk Lighthouse"@en	1834-01-01T00:00:00Z									6	"http://www.wikidata.org/entity/Q39715|http://www.wikidata.org/entity/Q4989906"
<http://www.wikidata.org/entity/Q2790411>	POINT(3.517590 51.473830)	"Kaapduinen lighthouses"@en	1866-01-01T00:00:00Z									2	"http://www.wikidata.org/entity/Q1497375|http://www.wikidata.org/entity/Q1930418"
<http://www.wikidata.org/entity/Q27921313>	POINT(9.727016 55.257256)	"Årø Lighthouse"@en	1905-01-01T00:00:00Z									1	"http://www.wikidata.org/entity/Q39715"
<http://www.wikidata.org/entity/Q2797912>	POINT(5.831760 52.449350)	"Vischpoort"@en	1592-01-01T00:00:00Z								"http://www.wikidata.org/entity/Q17452766"	3	"http://www.wikidata.org/entity/Q39715|http://www.wikidata.org/entity/Q82117"
<http://www.wikidata.org/entity/Q28154829>	POINT(34.945000 42.096944)	"İnceburun Lighthouse"@en	1863-01-01T00:00:00Z									5	"http://www.wikidata.org/entity/Q39715"
<http://www.wikidata.org/entity/Q28321891>	POINT(14.746667 38.165000)	"Capo d'Orlando Lighthouse"@en	1904-01-01T00:00:00Z									3	"http://www.wikidata.org/entity/Q39715"
<http://www.wikidata.org/entity/Q28324378>	POINT(12.542501 56.450708)	"Hallands Väderö Lighthouse"@en	1884-01-01T00:00:00Z									3	"http://www.wikidata.org/entity/Q10411887|http://www.wikidata.org/entity/Q39715"
<http://www.wikidata.org/entity/Q28332814>	POINT(7.899230 53.788790)	"Alter Leuchtturm Wangerooge"@en	1856-01-01T00:00:00Z									3	"http://www.wikidata.org/entity/Q1440300|http://www.wikidata.org/entity/Q39715"
<http://www.wikidata.org/entity/Q28333612>	POINT(-5.998150 52.965783)	"Wicklow Head Lighthouse"@en	1818-01-01T00:00:00Z									2	"http://www.wikidata.org/entity/Q39715"
<http://www.wikidata.org/entity/Q28333625>	POINT(-9.747500 51.653100)	"Roancarrigmore Lighthouse"@en	1847-01-01T00:00:00Z									2	"http://www.wikidata.org/entity/Q39715"
<http://www.wikidata.org/entity/Q28333632>	POINT(-9.821600 51.536800)	"Bull Rock Lighthouse"@en	1889-01-01T00:00:00Z									3	"http://www.wikidata.org/entity/Q39715"
<http://www.wikidata.org/entity/Q28333635>	POINT(-10.541983 51.768467)	"Skellig Michael Lighthouse"@en	1826-12-04T00:00:00Z									3	"http://www.wikidata.org/entity/Q39715"
<http://www.wikidata.org/entity/Q28333636>	POINT(-10.321320 51.933660)	"Cromwell Point lighthouse"@en	1841-01-01T00:00:00Z									4	"http://www.wikidata.org/entity/Q39715"
<http://www.wikidata.org/entity/Q28333650>	POINT(-9.856400 53.148100)	"Eeragh Lighthouse"@en	1857-01-01T00:00:00Z									5	"http://www.wikidata.org/entity/Q39715"
<http://www.wikidata.org/entity/Q28333652>	POINT(-9.630630 53.117880)	"Straw Island Lighthouse"@en	1878-01-01T00:00:00Z									4	"http://www.wikidata.org/entity/Q39715"
<http://www.wikidata.org/entity/Q28333663>	POINT(-10.320200 54.066900)	"Black Rock lighthouse"@en	1864-01-01T00:00:00Z									1	"http://www.wikidata.org/entity/Q39715"
<http://www.wikidata.org/entity/Q28339496>	POINT(-22.693860 64.082940)	"Old Garðskagaviti lighthouse"@en	1897-01-01T00:00:00Z		1944-01-01T00:00:00Z							1	"http://www.wikidata.org/entity/Q39715"
<http://www.wikidata.org/entity/Q28374603>	POINT(15.574192 38.193529)	"Punta San Raineri Lighthouse"@en	1555-01-01T00:00:00Z									2	"http://www.wikidata.org/entity/Q39715"
<http://www.wikidata.org/entity/Q28374611>	POINT(-7.654670 33.609920)	"El Hank Lighthouse"@en	1914-01-01T00:00:00Z									7	"http://www.wikidata.org/entity/Q39715"
<http://www.wikidata.org/entity/Q28374630>	POINT(-6.639100 61.948700)	"Borðan Lighthouse"@en	1900-01-01T00:00:00Z									1	"http://www.wikidata.org/entity/Q39715"
<http://www.wikidata.org/entity/Q28374792>	POINT(13.825660 55.427010)	"Ystad Inner lighthouse"@en	1866-01-01T00:00:00Z									3	"http://www.wikidata.org/entity/Q39715"
<http://www.wikidata.org/entity/Q28374886>	POINT(9.712224 55.262248)	"Aarøsund Lighthouse"@en	1905-01-01T00:00:00Z									1	"http://www.wikidata.org/entity/Q39715"
<http://www.wikidata.org/entity/Q28374919>	POINT(11.709714 56.197059)	"Hesselø Lighthouse"@en	1864-01-01T00:00:00Z									3	"http://www.wikidata.org/entity/Q39715"
<http://www.wikidata.org/entity/Q28374949>	POINT(9.711245 55.077963)	"Nordborg Lighthouse"@en	1902-01-01T00:00:00Z									4	"http://www.wikidata.org/entity/Q39715"
<http://www.wikidata.org/entity/Q28374951>	POINT(-2.524200 49.454900)	"Castle Breakwater Lighthouse"@en	1850-01-01T00:00:00Z									2	"http://www.wikidata.org/entity/Q39715"
<http://www.wikidata.org/entity/Q28375078>	POINT(27.750913 35.878464)	"Prassonissi lighthouse"@en	1890-01-01T00:00:00Z									1	"http://www.wikidata.org/entity/Q39715"
<http://www.wikidata.org/entity/Q28375096>	POINT(9.149194 44.351806)	"Faro Camogli"@en	1863-01-01T00:00:00Z									3	"http://www.wikidata.org/entity/Q39715"
<http://www.wikidata.org/entity/Q28375104>	POINT(11.155333 58.801944)	"Bissen lighthouse"@en	1884-01-01T00:00:00Z									1	"http://www.wikidata.org/entity/Q39715|http://www.wikidata.org/entity/Q787078"
<http://www.wikidata.org/entity/Q28375151>	POINT(-4.363828 54.417190)	"Point of Ayre Low Light"@en	1888-01-01T00:00:00Z									1	"http://www.wikidata.org/entity/Q39715"
<http://www.wikidata.org/entity/Q28375194>	POINT(8.514327 53.366784)	"Old Sandstedt range rear light"@en	1898-01-01T00:00:00Z									1	"http://www.wikidata.org/entity/Q1930418"
<http://www.wikidata.org/entity/Q28375196>	POINT(8.579357 53.538533)	"Old Sandstedt range light"@en	1898-01-01T00:00:00Z									1	"http://www.wikidata.org/entity/Q1930418"
<http://www.wikidata.org/entity/Q28375197>	POINT(9.609577 53.573820)	"Grünendeich Oberfeuer"@en	1899-01-01T00:00:00Z								"http://www.wikidata.org/entity/Q66481211"	1	"http://www.wikidata.org/entity/Q39715"
<http://www.wikidata.org/entity/Q28375203>	POINT(9.641833 53.568360)	"Mielstack Unterfeuer"@en	1906-01-01T00:00:00Z									1	"http://www.wikidata.org/entity/Q39715"
<http://www.wikidata.org/entity/Q28375214>	POINT(-6.568889 37.008056)	"Faro de Matalascañas"@en	1901-01-01T00:00:00Z									4	"http://www.wikidata.org/entity/Q39715"
<http://www.wikidata.org/entity/Q28375228>	POINT(-8.936390 42.382440)	"Faro da Illa de Ons"@en	1865-01-01T00:00:00Z									4	"http://www.wikidata.org/entity/Q39715"
<http://www.wikidata.org/entity/Q28375247>	POINT(10.218750 43.548044)	"Torre della Meloria"@en	1709-01-01T00:00:00Z									5	"http://www.wikidata.org/entity/Q12518|http://www.wikidata.org/entity/Q39715"
<http://www.wikidata.org/entity/Q28375261>	POINT(17.196449 43.124940)	"Sućuraj lighthouse"@en	1908-01-01T00:00:00Z									3	"http://www.wikidata.org/entity/Q2065736|http://www.wikidata.org/entity/Q39715"
<http://www.wikidata.org/entity/Q28375311>	POINT(-28.626111 38.540556)	"Horta Breakwater Light"@en	1882-01-01T00:00:00Z									2	"http://www.wikidata.org/entity/Q39715"
<http://www.wikidata.org/entity/Q28375369>	POINT(12.460813 41.893805)	"Faro di Roma"@en	1911-01-01T00:00:00Z									5	"http://www.wikidata.org/entity/Q39715"
<http://www.wikidata.org/entity/Q28375391>	POINT(18.793889 59.591083)	"Yxlan lighthouse"@en	1905-01-01T00:00:00Z									1	"http://www.wikidata.org/entity/Q39715|http://www.wikidata.org/entity/Q787078"
<http://www.wikidata.org/entity/Q28375408>	POINT(-8.249444 55.272778)	"Tory Island Lighthouse"@en	1832-01-01T00:00:00Z									2	"http://www.wikidata.org/entity/Q39715"
<http://www.wikidata.org/entity/Q28375410>	POINT(20.836389 63.791111)	"Bergudden lighthouse"@en	1895-01-01T00:00:00Z									3	"http://www.wikidata.org/entity/Q39715|http://www.wikidata.org/entity/Q787078"
<http://www.wikidata.org/entity/Q28375425>	POINT(15.205278 43.853056)	"Sestrica Vela lighthouse"@en	1876-01-01T00:00:00Z									4	"http://www.wikidata.org/entity/Q39715"
<http://www.wikidata.org/entity/Q28375443>	POINT(16.452755 43.156502)	"Pokonji Dol Lighthouse"@en	1872-01-01T00:00:00Z									3	"http://www.wikidata.org/entity/Q39715"
<http://www.wikidata.org/entity/Q28375529>	POINT(9.757030 55.542774)	"Strib Odde Fyr"@en	1900-01-01T00:00:00Z									3	"http://www.wikidata.org/entity/Q39715"
<http://www.wikidata.org/entity/Q28375534>	POINT(11.855970 55.975982)	"Spodsbjerg Lighthouse"@en	1907-01-01T00:00:00Z									3	"http://www.wikidata.org/entity/Q39715"
<http://www.wikidata.org/entity/Q28375546>	POINT(10.923190 57.360240)	"Nordre Rønner fyr"@en	1880-01-01T00:00:00Z									2	"http://www.wikidata.org/entity/Q39715"
<http://www.wikidata.org/entity/Q28375550>	POINT(10.804882 56.133290)	"Hjelm Lighthouse"@en	1856-01-01T00:00:00Z									3	"http://www.wikidata.org/entity/Q39715"
<http://www.wikidata.org/entity/Q28375553>	POINT(10.624598 57.485474)	"Hirsholm fyr"@en	1887-01-01T00:00:00Z									3	"http://www.wikidata.org/entity/Q39715"
<http://www.wikidata.org/entity/Q28375635>	POINT(18.404250 59.423778)	"Brödstycket lighthouse"@en	1882-01-01T00:00:00Z									1	"http://www.wikidata.org/entity/Q216851|http://www.wikidata.org/entity/Q39715|http://www.wikidata.org/entity/Q787078"
<http://www.wikidata.org/entity/Q28375649>	POINT(18.727945 59.586556)	"Växlet North lighthouse"@en	1881-01-01T00:00:00Z									1	"http://www.wikidata.org/entity/Q39715|http://www.wikidata.org/entity/Q787078"
<http://www.wikidata.org/entity/Q28375654>	POINT(18.554694 59.155472)	"Fjärdhällan lighthouse"@en	1911-01-01T00:00:00Z									2	"http://www.wikidata.org/entity/Q39715|http://www.wikidata.org/entity/Q787078"
<http://www.wikidata.org/entity/Q28375664>	POINT(18.930111 59.285500)	"Prickgrundet"@en	1884-01-01T00:00:00Z									1	"http://www.wikidata.org/entity/Q39715|http://www.wikidata.org/entity/Q787078"
<http://www.wikidata.org/entity/Q28375679>	POINT(18.614278 59.373833)	"Kalvö lighthouse"@en	1912-01-01T00:00:00Z									1	"http://www.wikidata.org/entity/Q39715|http://www.wikidata.org/entity/Q787078"
<http://www.wikidata.org/entity/Q28375680>	POINT(18.493972 59.511778)	"Nykvarnsholmen light"@en	1883-01-01T00:00:00Z									1	"http://www.wikidata.org/entity/Q39715|http://www.wikidata.org/entity/Q787078"
<http://www.wikidata.org/entity/Q28375694>	POINT(18.345917 59.418167)	"Kodjupet lighthouse"@en	1882-01-01T00:00:00Z		2015-01-01T00:00:00Z							1	"http://www.wikidata.org/entity/Q39715"
<http://www.wikidata.org/entity/Q28375728>	POINT(15.600722 56.161361)	"Laboratorieholmen lighthouse"@en	1892-01-01T00:00:00Z									2	"http://www.wikidata.org/entity/Q39715|http://www.wikidata.org/entity/Q787078"
<http://www.wikidata.org/entity/Q28375941>	POINT(12.488555 38.012583)	"Scoglio Palumbo Lighthouse"@en	1881-01-01T00:00:00Z									3	"http://www.wikidata.org/entity/Q39715"
<http://www.wikidata.org/entity/Q28375947>	POINT(18.368528 39.795917)	"Capo Santa Maria di Leuca Lighthouse"@en	1866-01-01T00:00:00Z								"http://www.wikidata.org/entity/Q3833873"	5	"http://www.wikidata.org/entity/Q39715"
<http://www.wikidata.org/entity/Q28375967>	POINT(13.153445 55.367500)	"Trelleborg harbor lighthouse"@en	1897-01-01T00:00:00Z									1	"http://www.wikidata.org/entity/Q39715"
<http://www.wikidata.org/entity/Q28375971>	POINT(21.574930 64.480839)	"Bjuröklubb lighthouse"@en	1859-01-01T00:00:00Z									3	"http://www.wikidata.org/entity/Q3278565|http://www.wikidata.org/entity/Q39715"
<http://www.wikidata.org/entity/Q28375995>	POINT(14.540100 58.538217)	"Vanäs lighthouse"@en	1892-01-01T00:00:00Z									2	"http://www.wikidata.org/entity/Q66088335|http://www.wikidata.org/entity/Q787078"
<http://www.wikidata.org/entity/Q28376003>	POINT(16.255707 42.392573)	"Palagruža Lighthouse"@en	1875-01-01T00:00:00Z									3	"http://www.wikidata.org/entity/Q39715"
<http://www.wikidata.org/entity/Q28376007>	POINT(13.614230 45.042960)	"Sveti Ivan na pucini Lighthouse"@en	1853-01-01T00:00:00Z									4	"http://www.wikidata.org/entity/Q39715"
<http://www.wikidata.org/entity/Q28376008>	POINT(12.401554 44.206108)	"Faro di Cesenatico"@en	1892-01-01T00:00:00Z									4	"http://www.wikidata.org/entity/Q39715"
<http://www.wikidata.org/entity/Q28376013>	POINT(18.047778 42.651667)	"Grebeni Lighthouse"@en	1872-01-01T00:00:00Z									3	"http://www.wikidata.org/entity/Q39715"
<http://www.wikidata.org/entity/Q28376014>	POINT(12.396545 44.791277)	"Faro di Goro"@en	1882-01-01T00:00:00Z									3	"http://www.wikidata.org/entity/Q39715"
<http://www.wikidata.org/entity/Q28376045>	POINT(13.923970 54.249000)	"Greifswalder Oie Lighthouse"@en	1832-01-01T00:00:00Z									3	"http://www.wikidata.org/entity/Q39715"
<http://www.wikidata.org/entity/Q28376046>	POINT(14.846250 56.013750)	"Hanö lighthouse"@en	1906-01-01T00:00:00Z									2	"http://www.wikidata.org/entity/Q39715"
<http://www.wikidata.org/entity/Q28376059>	POINT(8.397306 40.836083)	"Faro di Porto Torres"@en	1855-01-01T00:00:00Z									3	"http://www.wikidata.org/entity/Q39715"
<http://www.wikidata.org/entity/Q28376062>	POINT(14.680806 40.633194)	"Capo d'Orso Lighthouse"@en	1862-01-01T00:00:00Z									3	"http://www.wikidata.org/entity/Q39715"
<http://www.wikidata.org/entity/Q28376065>	POINT(9.339839 41.307114)	"Isola Razzoli Lighthouse"@en	1845-01-01T00:00:00Z									3	"http://www.wikidata.org/entity/Q39715"
<http://www.wikidata.org/entity/Q28376110>	POINT(17.949472 40.050083)	"Isola Sant'Andrea lighthouse"@en	1866-01-01T00:00:00Z								"http://www.wikidata.org/entity/Q3833873"	3	"http://www.wikidata.org/entity/Q39715"
<http://www.wikidata.org/entity/Q28376111>	POINT(18.306722 40.390806)	"San Cataldo lighthouse"@en	1866-01-01T00:00:00Z								"http://www.wikidata.org/entity/Q3833873"	3	"http://www.wikidata.org/entity/Q1293150|http://www.wikidata.org/entity/Q39715"
<http://www.wikidata.org/entity/Q28376118>	POINT(15.828687 38.619390)	"Capo Vaticano lighthouse"@en	1885-01-01T00:00:00Z									4	"http://www.wikidata.org/entity/Q39715"
<http://www.wikidata.org/entity/Q28376122>	POINT(12.573943 44.074085)	"Rimini Lighthouse"@en	1733-01-01T00:00:00Z									4	"http://www.wikidata.org/entity/Q39715"
<http://www.wikidata.org/entity/Q28376129>	POINT(13.965694 40.732139)	"Castello d'Ischia lighthouse"@en	1913-01-01T00:00:00Z									3	"http://www.wikidata.org/entity/Q39715"
<http://www.wikidata.org/entity/Q28376133>	POINT(13.942417 40.748167)	"Ischia Porto lighthouse"@en	1868-01-01T00:00:00Z									3	"http://www.wikidata.org/entity/Q39715"
<http://www.wikidata.org/entity/Q28376137>	POINT(14.088942 40.778253)	"Capo Miseno lighthouse"@en	1869-01-01T00:00:00Z									3	"http://www.wikidata.org/entity/Q39715"
<http://www.wikidata.org/entity/Q28376143>	POINT(12.621806 41.445845)	"Capo d'Anzio lighthouse"@en	1866-01-01T00:00:00Z									3	"http://www.wikidata.org/entity/Q39715"
<http://www.wikidata.org/entity/Q28376164>	POINT(9.384061 41.298647)	"Punta Filetto lighthouse"@en	1913-01-01T00:00:00Z									3	"http://www.wikidata.org/entity/Q39715"
<http://www.wikidata.org/entity/Q28376170>	POINT(12.438667 38.043333)	"Scogli Porcelli lighthouse"@en	1903-01-01T00:00:00Z									3	"http://www.wikidata.org/entity/Q39715"
<http://www.wikidata.org/entity/Q28376173>	POINT(12.662082 37.565925)	"Capo Granitola lighthouse"@en	1865-01-01T00:00:00Z									3	"http://www.wikidata.org/entity/Q39715"
<http://www.wikidata.org/entity/Q28376174>	POINT(13.316692 38.223514)	"Capo Gallo lighthouse"@en	1854-01-01T00:00:00Z									3	"http://www.wikidata.org/entity/Q39715"
<http://www.wikidata.org/entity/Q28376176>	POINT(13.537500 38.112222)	"Capo Zafferano lighthouse"@en	1884-01-01T00:00:00Z									3	"http://www.wikidata.org/entity/Q39715"
<http://www.wikidata.org/entity/Q28376178>	POINT(15.230978 38.270600)	"Capo Milazzo lighthouse"@en	1853-01-01T00:00:00Z									3	"http://www.wikidata.org/entity/Q39715"
<http://www.wikidata.org/entity/Q28376181>	POINT(15.650432 38.268295)	"Capo Peloro lighthouse"@en	1853-01-01T00:00:00Z									3	"http://www.wikidata.org/entity/Q39715"
<http://www.wikidata.org/entity/Q28376182>	POINT(15.131945 36.686111)	"Cozzo Spadaro lighthouse"@en	1864-01-01T00:00:00Z									3	"http://www.wikidata.org/entity/Q39715"
<http://www.wikidata.org/entity/Q28376184>	POINT(12.436667 37.787500)	"Marsala lighthouse"@en	1885-01-01T00:00:00Z									2	"http://www.wikidata.org/entity/Q39715"
<http://www.wikidata.org/entity/Q28376187>	POINT(15.256389 37.243333)	"Capo Santa Croce lighthouse"@en	1859-01-01T00:00:00Z									3	"http://www.wikidata.org/entity/Q39715"
<http://www.wikidata.org/entity/Q28376189>	POINT(12.012445 36.824222)	"Punta Spadillo lighthouse"@en	1884-01-01T00:00:00Z									2	"http://www.wikidata.org/entity/Q39715"
<http://www.wikidata.org/entity/Q28376191>	POINT(14.494036 36.787331)	"Capo Scaramia lighthouse"@en	1859-01-01T00:00:00Z									3	"http://www.wikidata.org/entity/Q39715"
<http://www.wikidata.org/entity/Q28376194>	POINT(12.272333 37.935056)	"Punta Sottile lighthouse"@en	1860-01-01T00:00:00Z									3	"http://www.wikidata.org/entity/Q39715"
<http://www.wikidata.org/entity/Q28376196>	POINT(15.151605 36.688581)	"Capo Passero lighthouse"@en	1871-01-01T00:00:00Z									3	"http://www.wikidata.org/entity/Q39715"
<http://www.wikidata.org/entity/Q28376199>	POINT(12.878583 35.872194)	"Punta Tuccio lighthouse"@en	1891-01-01T00:00:00Z									3	"http://www.wikidata.org/entity/Q39715"
<http://www.wikidata.org/entity/Q28376203>	POINT(15.335058 37.003150)	"Capo Murro di Porco lighthouse"@en	1859-01-01T00:00:00Z									3	"http://www.wikidata.org/entity/Q39715"
<http://www.wikidata.org/entity/Q28376204>	POINT(12.632250 35.517667)	"Capo Grecale lighthouse"@en	1855-01-01T00:00:00Z									3	"http://www.wikidata.org/entity/Q39715"
<http://www.wikidata.org/entity/Q28376207>	POINT(13.941047 37.096304)	"San Giacomo lighthouse"@en	1895-01-01T00:00:00Z									3	"http://www.wikidata.org/entity/Q39715"
<http://www.wikidata.org/entity/Q28376230>	POINT(-6.905530 53.733000)	"Spire of Lloyd"@en	1791-01-01T00:00:00Z									3	"http://www.wikidata.org/entity/Q12518|http://www.wikidata.org/entity/Q33185258"
<http://www.wikidata.org/entity/Q28376237>	POINT(9.147500 39.184167)	"Capo Sant'Elia lighthouse"@en	1860-01-01T00:00:00Z									4	"http://www.wikidata.org/entity/Q39715"
<http://www.wikidata.org/entity/Q28376242>	POINT(18.960800 57.441570)	"Östergarn old lighthouse"@en	1817-01-01T00:00:00Z									2	"http://www.wikidata.org/entity/Q109607|http://www.wikidata.org/entity/Q39715"
<http://www.wikidata.org/entity/Q28376373>	POINT(8.534837 53.186581)	"Lighthouse Warflether Sand"@en	1897-01-01T00:00:00Z									2	"http://www.wikidata.org/entity/Q39715"
<http://www.wikidata.org/entity/Q28376375>	POINT(-8.913333 42.215000)	"Monte del Faro (Islas Cíes)"@en	1853-01-01T00:00:00Z									4	"http://www.wikidata.org/entity/Q39715"
<http://www.wikidata.org/entity/Q28376386>	POINT(13.629444 45.084167)	"Lighthouse Rovinj"@en	1883-01-01T00:00:00Z									2	"http://www.wikidata.org/entity/Q39715"
<http://www.wikidata.org/entity/Q28376423>	POINT(14.324872 40.569484)	"Punta Campanella lighthouse"@en	1846-01-01T00:00:00Z									3	"http://www.wikidata.org/entity/Q39715"
<http://www.wikidata.org/entity/Q28376424>	POINT(14.082380 40.812080)	"Fortino Tenaglia lighthouse"@en	1856-01-01T00:00:00Z									3	"http://www.wikidata.org/entity/Q39715"
<http://www.wikidata.org/entity/Q28376429>	POINT(15.923333 41.628889)	"Manfredonia Lighthouse"@en	1868-01-01T00:00:00Z									3	"http://www.wikidata.org/entity/Q39715"
<http://www.wikidata.org/entity/Q28381004>	POINT(-1.352550 54.921264)	"Roker Pier lighthouse"@en	1903-01-01T00:00:00Z								"http://www.wikidata.org/entity/Q26569090"	3	"http://www.wikidata.org/entity/Q39715"
<http://www.wikidata.org/entity/Q2839983>	POINT(1.853680 50.961330)	"Calais Lighthouse"@en	1848-01-01T00:00:00Z									10	"http://www.wikidata.org/entity/Q39715"
<http://www.wikidata.org/entity/Q28458567>	POINT(-5.476600 50.213400)	"St Ives Light"@en	1890-01-01T00:00:00Z								"http://www.wikidata.org/entity/Q17530978"	1	"http://www.wikidata.org/entity/Q39715"
<http://www.wikidata.org/entity/Q28458569>	POINT(-5.476500 50.214200)	"St Ives Old Light"@en	1831-01-01T00:00:00Z								"http://www.wikidata.org/entity/Q17530978"	1	"http://www.wikidata.org/entity/Q39715"
<http://www.wikidata.org/entity/Q28464446>	POINT(-4.158773 50.334553)	"Plymouth Breakwater Lighthouse"@en	1844-01-01T00:00:00Z								"http://www.wikidata.org/entity/Q26666171"	3	"http://www.wikidata.org/entity/Q39715"
<http://www.wikidata.org/entity/Q28465848>	POINT(-2.892000 53.288000)	"Ellesmere Port Lighthouse"@en	1880-01-01T00:00:00Z								"http://www.wikidata.org/entity/Q6979364"	3	"http://www.wikidata.org/entity/Q39715"
<http://www.wikidata.org/entity/Q28465852>	POINT(-5.833330 55.883300)	"Skervuile Lighthouse"@en	1860-01-01T00:00:00Z									3	"http://www.wikidata.org/entity/Q39715"
<http://www.wikidata.org/entity/Q28465854>	POINT(-4.733949 55.527130)	"Lady Isle Lighthouse"@en	1903-01-01T00:00:00Z									3	"http://www.wikidata.org/entity/Q39715"
<http://www.wikidata.org/entity/Q28465858>	POINT(-2.812691 56.183963)	"Elie Ness Lighthouse"@en	1908-01-01T00:00:00Z									3	"http://www.wikidata.org/entity/Q39715"
<http://www.wikidata.org/entity/Q28465860>	POINT(-2.551961 56.183010)	"Isle of May Low Light"@en	1843-01-01T00:00:00Z									1	"http://www.wikidata.org/entity/Q39715"
<http://www.wikidata.org/entity/Q28465867>	POINT(-5.242331 56.720871)	"Corran Point Lighthouse"@en	1817-01-01T00:00:00Z									2	"http://www.wikidata.org/entity/Q39715"
<http://www.wikidata.org/entity/Q28465875>	POINT(-1.402941 55.014510)	"Tynemouth North Pier light"@en	1903-01-01T00:00:00Z								"http://www.wikidata.org/entity/Q26276214"	3	"http://www.wikidata.org/entity/Q39715"
<http://www.wikidata.org/entity/Q28465906>	POINT(-1.649103 55.583736)	"Seahouses Lighthouse"@en	1900-01-01T00:00:00Z									1	"http://www.wikidata.org/entity/Q39715"
<http://www.wikidata.org/entity/Q28465908>	POINT(-3.868900 53.342300)	"Great Orme Lighthouse"@en	1862-01-01T00:00:00Z									3	"http://www.wikidata.org/entity/Q39715"
<http://www.wikidata.org/entity/Q28465912>	POINT(-0.613250 54.494217)	"Whitby West Pier beacon"@en	1914-01-01T00:00:00Z									2	"http://www.wikidata.org/entity/Q39715|http://www.wikidata.org/entity/Q66088335"
<http://www.wikidata.org/entity/Q28465913>	POINT(-0.612300 54.494117)	"Whitby East Pier beacon"@en	1914-01-01T00:00:00Z									2	"http://www.wikidata.org/entity/Q66088335"
<http://www.wikidata.org/entity/Q28465915>	POINT(-1.434512 55.009124)	"Fish Quay Low Light"@en	1807-01-01T00:00:00Z								"http://www.wikidata.org/entity/Q17508617"	2	"http://www.wikidata.org/entity/Q39715"
<http://www.wikidata.org/entity/Q28465916>	POINT(-1.436871 55.009341)	"Fish Quay Old High Light"@en	1727-01-01T00:00:00Z								"http://www.wikidata.org/entity/Q17508617"	2	"http://www.wikidata.org/entity/Q39715"
<http://www.wikidata.org/entity/Q28465917>	POINT(-1.400981 55.011208)	"Tyne South Pier light"@en	1895-01-01T00:00:00Z									3	"http://www.wikidata.org/entity/Q39715"
<http://www.wikidata.org/entity/Q28465942>	POINT(-1.313902 50.767320)	"Egypt Point light"@en	1897-01-01T00:00:00Z									2	"http://www.wikidata.org/entity/Q39715"
<http://www.wikidata.org/entity/Q28465945>	POINT(-2.763453 59.236900)	"Calf of Eday light"@en	1909-01-01T00:00:00Z									1	"http://www.wikidata.org/entity/Q39715"
<http://www.wikidata.org/entity/Q28465954>	POINT(-6.172000 55.302000)	"East Lighthouse, Rathlin Island"@en	1859-01-01T00:00:00Z									2	"http://www.wikidata.org/entity/Q39715"
<http://www.wikidata.org/entity/Q28465955>	POINT(-3.539480 58.614600)	"Holburn Head Lighthouse"@en	1862-01-01T00:00:00Z									3	"http://www.wikidata.org/entity/Q108840273|http://www.wikidata.org/entity/Q39715"
<http://www.wikidata.org/entity/Q28465961>	POINT(-5.515566 54.696750)	"Mew Island Lighthouse"@en	1884-01-01T00:00:00Z									3	"http://www.wikidata.org/entity/Q39715"
<http://www.wikidata.org/entity/Q28477037>	POINT(-1.433333 55.009722)	"Fish Quay Old Low Light"@en	1727-01-01T00:00:00Z								"http://www.wikidata.org/entity/Q17508617"	3	"http://www.wikidata.org/entity/Q39715"
<http://www.wikidata.org/entity/Q284886>	POINT(7.015620 53.405740)	"Campen Lighthouse"@en	1891-01-01T00:00:00Z									7	"http://www.wikidata.org/entity/Q39715"
<http://www.wikidata.org/entity/Q28496197>	POINT(-8.573455 54.328563)	"Lower Rosses Lighthouse"@en	1908-01-01T00:00:00Z									1	"http://www.wikidata.org/entity/Q39715"
<http://www.wikidata.org/entity/Q28496266>	POINT(-8.560300 55.014800)	"Aranmore Lighthouse"@en	1865-01-01T00:00:00Z									2	"http://www.wikidata.org/entity/Q39715"
<http://www.wikidata.org/entity/Q28497234>	POINT(-5.689100 54.766900)	"Blackhead Lighthouse"@en	1902-01-01T00:00:00Z									3	"http://www.wikidata.org/entity/Q39715"
<http://www.wikidata.org/entity/Q2855206>	POINT(14.773820 55.298210)	"Hammer Odde Lighthouse"@en	1895-01-01T00:00:00Z									8	"http://www.wikidata.org/entity/Q39715"
<http://www.wikidata.org/entity/Q28710741>	POINT(3.221473 42.047790)	"Far de la Meda"@en	1862-01-14T00:00:00Z									4	"http://www.wikidata.org/entity/Q39715"
<http://www.wikidata.org/entity/Q28758528>	POINT(11.650400 56.737410)	"Anholt Lighthouse"@en	1785-01-01T00:00:00Z									4	"http://www.wikidata.org/entity/Q39715"
<http://www.wikidata.org/entity/Q28771409>	POINT(-2.932280 35.294460)	"Melilla Lighthouse"@en	1894-01-01T00:00:00Z								"http://www.wikidata.org/entity/Q34566909"	9	"http://www.wikidata.org/entity/Q39715"
<http://www.wikidata.org/entity/Q28790555>	POINT(-3.699753 51.473070)	"Porthcawl Lighthouse"@en	1860-01-01T00:00:00Z									3	"http://www.wikidata.org/entity/Q39715"
<http://www.wikidata.org/entity/Q28791877>	POINT(-2.500028 57.670990)	"Macduff Pier Lighthouse"@en	1905-01-01T00:00:00Z									2	"http://www.wikidata.org/entity/Q39715"
<http://www.wikidata.org/entity/Q28805844>	POINT(-5.117687 51.711295)	"Great Castle Head Light"@en	1870-01-01T00:00:00Z									1	"http://www.wikidata.org/entity/Q39715"
<http://www.wikidata.org/entity/Q28806369>	POINT(5.353780 52.885920)	"Stavoren South Pierhead Light"@en	1884-01-01T00:00:00Z								"http://www.wikidata.org/entity/Q15876101"	0	"http://www.wikidata.org/entity/Q3050136|http://www.wikidata.org/entity/Q39715"
<http://www.wikidata.org/entity/Q28806370>	POINT(5.352343 52.886340)	"Stavoren North Pierhead Light"@en	1884-01-01T00:00:00Z								"http://www.wikidata.org/entity/Q15876101"	0	"http://www.wikidata.org/entity/Q39715"
<http://www.wikidata.org/entity/Q28823930>	POINT(-3.258611 51.391150)	"Barry Lighthouse"@en	1890-01-01T00:00:00Z									3	"http://www.wikidata.org/entity/Q39715"
<http://www.wikidata.org/entity/Q28831538>	POINT(-4.415556 53.135278)	"Twr Mawr Llanddwyn Lighthouse"@en	1820-01-01T00:00:00Z									5	"http://www.wikidata.org/entity/Q39715|http://www.wikidata.org/entity/Q804292"
<http://www.wikidata.org/entity/Q28831539>	POINT(-3.556667 51.401111)	"Old Nash Point Lighthouse"@en	1832-01-01T00:00:00Z									2	"http://www.wikidata.org/entity/Q39715"
<http://www.wikidata.org/entity/Q28831542>	POINT(-3.116663 58.695910)	"Stroma Lighthouse"@en	1890-01-01T00:00:00Z									3	"http://www.wikidata.org/entity/Q39715"
<http://www.wikidata.org/entity/Q28890039>	POINT(-3.177850 58.887120)	"Cava Lighthouse"@en	1898-01-01T00:00:00Z									1	"http://www.wikidata.org/entity/Q39715"
<http://www.wikidata.org/entity/Q2890500>	POINT(-28.826233 38.596755)	"Ponta dos Capelinhos Lighthouse"@en	1894-01-01T00:00:00Z									8	"http://www.wikidata.org/entity/Q210272|http://www.wikidata.org/entity/Q39715"
<http://www.wikidata.org/entity/Q28912907>	POINT(-1.985153 55.764767)	"Berwick Lighthouse"@en	1826-01-01T00:00:00Z								"http://www.wikidata.org/entity/Q26293628"	2	"http://www.wikidata.org/entity/Q39715"
<http://www.wikidata.org/entity/Q2891457>	POINT(35.066450 32.919286)	"Akko Light"@en	1864-01-01T00:00:00Z									9	"http://www.wikidata.org/entity/Q39715"
<http://www.wikidata.org/entity/Q2891463>	POINT(34.966800 32.828100)	"Stella Maris Light"@en	1864-01-01T00:00:00Z									7	"http://www.wikidata.org/entity/Q39715"
<http://www.wikidata.org/entity/Q2891888>	POINT(34.750505 32.053458)	"Jaffa Light"@en	1865-01-01T00:00:00Z									9	"http://www.wikidata.org/entity/Q39715"
<http://www.wikidata.org/entity/Q28922487>	POINT(13.890750 44.758055)	"Porer Lighthouse"@en	1833-01-01T00:00:00Z									3	"http://www.wikidata.org/entity/Q39715"
<http://www.wikidata.org/entity/Q28922571>	POINT(14.235833 44.619444)	"Lighthouse Vnetak"@en	1873-01-01T00:00:00Z									3	"http://www.wikidata.org/entity/Q39715"
<http://www.wikidata.org/entity/Q28922572>	POINT(14.288414 44.921120)	"Lighthouse Zaglav"@en	1876-01-01T00:00:00Z									3	"http://www.wikidata.org/entity/Q39715"
<http://www.wikidata.org/entity/Q28922573>	POINT(14.272740 45.120080)	"Lighthouse Prestenice"@en	1872-01-01T00:00:00Z									3	"http://www.wikidata.org/entity/Q39715"
<http://www.wikidata.org/entity/Q28922575>	POINT(14.578056 44.668611)	"Lighthouse Trstenik"@en	1873-01-01T00:00:00Z									3	"http://www.wikidata.org/entity/Q39715"
<http://www.wikidata.org/entity/Q28922576>	POINT(14.421130 44.550060)	"Lighthouse Murtar"@en	1867-01-01T00:00:00Z									2	"http://www.wikidata.org/entity/Q39715"
<http://www.wikidata.org/entity/Q28927299>	POINT(16.435920 43.501060)	"Split breakwater lighthouse"@en	1888-01-01T00:00:00Z									3	"http://www.wikidata.org/entity/Q39715"
<http://www.wikidata.org/entity/Q28933831>	POINT(16.128700 56.390233)	"Garpen old lighthouse"@en	1893-01-01T00:00:00Z		1933-01-01T00:00:00Z							0	"http://www.wikidata.org/entity/Q39715"
<http://www.wikidata.org/entity/Q28934056>	POINT(21.507778 65.143056)	"Jävre lighthouse"@en	1871-01-01T00:00:00Z									2	"http://www.wikidata.org/entity/Q10416961|http://www.wikidata.org/entity/Q39715"
<http://www.wikidata.org/entity/Q28940223>	POINT(3.245310 36.811640)	"Cap Matifou Lighthouse"@en	1868-01-01T00:00:00Z									1	"http://www.wikidata.org/entity/Q39715"
<http://www.wikidata.org/entity/Q28945815>	POINT(-2.431176 35.183590)	"Isla de Isabel II Lighthouse"@en	1899-01-01T00:00:00Z									3	"http://www.wikidata.org/entity/Q39715"
<http://www.wikidata.org/entity/Q28966963>	POINT(38.945939 47.202236)	"Taganrog old lighthouse"@en	1878-01-01T00:00:00Z		1970-01-01T00:00:00Z							6	"http://www.wikidata.org/entity/Q39715"
<http://www.wikidata.org/entity/Q29017513>	POINT(-2.808530 48.666610)	"Phare de l'Île Harbour"@en	1850-01-01T00:00:00Z									1	"http://www.wikidata.org/entity/Q39715"
<http://www.wikidata.org/entity/Q29032666>	POINT(-0.794696 60.740467)	"Balta Sound Lighthouse"@en	1895-01-01T00:00:00Z									0	"http://www.wikidata.org/entity/Q39715"
<http://www.wikidata.org/entity/Q29037510>	POINT(-6.372223 55.744760)	"Loch Indaal Lighthouse"@en	1869-01-01T00:00:00Z									1	"http://www.wikidata.org/entity/Q39715"
<http://www.wikidata.org/entity/Q29059530>	POINT(-2.581600 59.155900)	"Papa Stronsay Lighthouse"@en	1907-01-01T00:00:00Z									0	"http://www.wikidata.org/entity/Q39715"
<http://www.wikidata.org/entity/Q29076274>	POINT(-6.121390 56.870910)	"Eigg Lighthouse"@en	1906-01-01T00:00:00Z									0	"http://www.wikidata.org/entity/Q39715"
<http://www.wikidata.org/entity/Q29167228>	POINT(18.418194 59.468972)	"Ekören lighthouse"@en	1913-01-01T00:00:00Z									2	"http://www.wikidata.org/entity/Q39715|http://www.wikidata.org/entity/Q787078"
<http://www.wikidata.org/entity/Q2921152>	POINT(5.014058 52.371822)	"Lighthouse Hoek van 't IJ"@en	1893-01-01T00:00:00Z									4	"http://www.wikidata.org/entity/Q39715"
<http://www.wikidata.org/entity/Q29472341>	POINT(-2.653417 51.607119)	"Chapel Rock Lighthouse"@en	1907-01-01T00:00:00Z									1	"http://www.wikidata.org/entity/Q39715"
<http://www.wikidata.org/entity/Q29477030>	POINT(-2.701340 36.686890)	"Sabinal Lighthouse"@en	1863-01-01T00:00:00Z									4	"http://www.wikidata.org/entity/Q39715"
<http://www.wikidata.org/entity/Q29514969>	POINT(-3.072438 58.735650)	"Swona Lighthouse"@en	1906-01-01T00:00:00Z									0	"http://www.wikidata.org/entity/Q39715"
<http://www.wikidata.org/entity/Q29519714>	POINT(17.304500 40.955800)	"Molo Margherita Lighthouse"@en	1878-01-01T00:00:00Z									2	"http://www.wikidata.org/entity/Q39715"
<http://www.wikidata.org/entity/Q29569459>	POINT(-3.267500 54.190400)	"Hodbarrow Point Lighthouse"@en	1905-01-01T00:00:00Z									3	"http://www.wikidata.org/entity/Q39715"
<http://www.wikidata.org/entity/Q29589124>	POINT(-3.809170 54.832800)	"Hestan Island Lighthouse"@en	1893-01-01T00:00:00Z									1	"http://www.wikidata.org/entity/Q39715"
<http://www.wikidata.org/entity/Q2972345>	POINT(4.582806 52.460825)	"Hoge vuurtoren van IJmuiden"@en	1878-01-01T00:00:00Z									6	"http://www.wikidata.org/entity/Q39715"
<http://www.wikidata.org/entity/Q2976258>	POINT(27.641167 60.207167)	"Sommers Light"@en	1808-01-01T00:00:00Z									6	"http://www.wikidata.org/entity/Q39715"
<http://www.wikidata.org/entity/Q2984041>	POINT(25.022739 59.698708)	"Keri Lighthouse"@en	1724-01-01T00:00:00Z									26	"http://www.wikidata.org/entity/Q39715"
<http://www.wikidata.org/entity/Q29856343>	POINT(33.603056 34.817056)	"Cape Kiti Lighthouse"@en	1864-01-01T00:00:00Z									2	"http://www.wikidata.org/entity/Q39715"
<http://www.wikidata.org/entity/Q29877328>	POINT(9.703611 39.918889)	"Capo Bellavista Lighthouse"@en	1866-01-01T00:00:00Z									2	"http://www.wikidata.org/entity/Q39715"
<http://www.wikidata.org/entity/Q29879855>	POINT(-1.562000 46.244600)	"Vieux Phare des Baleines"@en	1682-01-01T00:00:00Z									1	"http://www.wikidata.org/entity/Q39715"
<http://www.wikidata.org/entity/Q29880023>	POINT(12.284120 44.491910)	"Marina di Ravenna Lighthouse"@en	1862-01-01T00:00:00Z									2	"http://www.wikidata.org/entity/Q39715"
<http://www.wikidata.org/entity/Q29906891>	POINT(8.479150 53.468380)	"Großensiel range front"@en	1898-01-01T00:00:00Z								"http://www.wikidata.org/entity/Q66480886"	1	"http://www.wikidata.org/entity/Q39715"
<http://www.wikidata.org/entity/Q29907024>	POINT(-0.049722 38.563333)	"Far de l'Albir"@en	1863-04-30T00:00:00Z									4	"http://www.wikidata.org/entity/Q39715"
<http://www.wikidata.org/entity/Q29919635>	POINT(9.362787 41.206860)	"Punta Sardegna Lighthouse"@en	1913-01-01T00:00:00Z									4	"http://www.wikidata.org/entity/Q39715"
<http://www.wikidata.org/entity/Q29939858>	POINT(2.151667 41.325000)	"Far del Llobregat"@en	1852-01-01T00:00:00Z									4	"http://www.wikidata.org/entity/Q39715"
<http://www.wikidata.org/entity/Q29946613>	POINT(9.840950 54.474036)	"Old lighthouse"@en	1907-01-01T00:00:00Z					1981-06-01T00:00:00Z				1	"http://www.wikidata.org/entity/Q39715"
<http://www.wikidata.org/entity/Q29949348>	POINT(2.317169 39.586560)	"Far de Na Pòpia"@en	1850-01-01T00:00:00Z		1910-01-01T00:00:00Z							4	"http://www.wikidata.org/entity/Q39715"
<http://www.wikidata.org/entity/Q29981791>	POINT(-2.319141 48.684230)	"Cap Fréhel lighthouse"@en	1702-01-01T00:00:00Z								"http://www.wikidata.org/entity/Q29981825"	1	"http://www.wikidata.org/entity/Q39715"
<http://www.wikidata.org/entity/Q29982274>	POINT(-0.405053 38.353099)	"Torre del Cabo de las Huertas"@en	1856-01-01T00:00:00Z									4	"http://www.wikidata.org/entity/Q39715|http://www.wikidata.org/entity/Q4989906"
<http://www.wikidata.org/entity/Q30018355>	POINT(9.649640 53.563550)	"Somfletherwisch Oberfeuer"@en	1905-01-01T00:00:00Z								"http://www.wikidata.org/entity/Q66480899"	1	"http://www.wikidata.org/entity/Q39715"
<http://www.wikidata.org/entity/Q30069010>	POINT(-5.301300 36.244561)	"Carbonera Lighthouse"@en	1588-01-01T00:00:00Z									4	"http://www.wikidata.org/entity/Q39715|http://www.wikidata.org/entity/Q4989906|http://www.wikidata.org/entity/Q947103"
<http://www.wikidata.org/entity/Q30081761>	POINT(7.783330 36.967220)	"Cap de Garde Lighthouse"@en	1884-01-01T00:00:00Z									3	"http://www.wikidata.org/entity/Q39715"
<http://www.wikidata.org/entity/Q30125526>	POINT(-7.126759 37.218543)	"El Rompido Lighthouse (new)"@en	1861-01-01T00:00:00Z								"http://www.wikidata.org/entity/Q28375215"	2	"http://www.wikidata.org/entity/Q39715"
<http://www.wikidata.org/entity/Q30144699>	POINT(9.142833 53.887833)	"Brunsbüttel Mole 1"@en	1895-01-01T00:00:00Z									0	"http://www.wikidata.org/entity/Q39715"
<http://www.wikidata.org/entity/Q30147105>	POINT(13.432462 54.679654)	"Schinkel Tower"@en	1827-01-01T00:00:00Z								"http://www.wikidata.org/entity/Q108934967"	1	"http://www.wikidata.org/entity/Q39715"
<http://www.wikidata.org/entity/Q30147436>	POINT(9.134500 53.887500)	"Brunsbüttel Mole 3"@en	1913-01-01T00:00:00Z									0	"http://www.wikidata.org/entity/Q39715"
<http://www.wikidata.org/entity/Q30278259>	POINT(-1.906710 36.941701)	"Mesa Roldán Lighthouse"@en	1863-01-01T00:00:00Z									4	"http://www.wikidata.org/entity/Q33506|http://www.wikidata.org/entity/Q39715"
<http://www.wikidata.org/entity/Q30301508>	POINT(-1.816111 37.183055)	"Garrucha Lighthouse"@en	1880-01-01T00:00:00Z									3	"http://www.wikidata.org/entity/Q39715"
<http://www.wikidata.org/entity/Q30302794>	POINT(-5.280650 35.898200)	"Punta Almina Lighthouse"@en	1851-01-01T00:00:00Z									6	"http://www.wikidata.org/entity/Q39715"
<http://www.wikidata.org/entity/Q30306545>	POINT(18.752267 59.371867)	"Klövholmen lighthouse"@en	1885-01-01T00:00:00Z									1	"http://www.wikidata.org/entity/Q3278565|http://www.wikidata.org/entity/Q39715|http://www.wikidata.org/entity/Q787078"
<http://www.wikidata.org/entity/Q30306551>	POINT(20.313667 63.661889)	"Bredskärssund lower light"@en	1895-01-01T00:00:00Z									2	"http://www.wikidata.org/entity/Q39715"
<http://www.wikidata.org/entity/Q30306562>	POINT(16.990667 58.488528)	"Viskär lighthouse"@en	1894-01-01T00:00:00Z									2	"http://www.wikidata.org/entity/Q3278565|http://www.wikidata.org/entity/Q39715"
<http://www.wikidata.org/entity/Q30308534>	POINT(-4.300830 35.172980)		1859-01-01T00:00:00Z									3	"http://www.wikidata.org/entity/Q39715"
<http://www.wikidata.org/entity/Q30313106>	POINT(17.334472 61.167667)	"Storjungfrun lighthouse"@en	1837-01-01T00:00:00Z									2	"http://www.wikidata.org/entity/Q39715|http://www.wikidata.org/entity/Q787078"
<http://www.wikidata.org/entity/Q30320081>	POINT(-1.108889 37.535556)	"Faro de Cabo Tiñoso"@en	1859-01-01T00:00:00Z									3	"http://www.wikidata.org/entity/Q39715"
<http://www.wikidata.org/entity/Q30320341>	POINT(-0.968611 37.559445)	"Escombreras Lighthouse"@en	1864-01-01T00:00:00Z									3	"http://www.wikidata.org/entity/Q39715"
<http://www.wikidata.org/entity/Q30337848>	POINT(9.827778 40.528333)	"Capo Comino Lighthouse"@en	1903-01-01T00:00:00Z									3	"http://www.wikidata.org/entity/Q39715"
<http://www.wikidata.org/entity/Q30426821>	POINT(9.352916 53.840880)	"Hollerwettern Lighthouse"@en	1911-01-01T00:00:00Z									1	"http://www.wikidata.org/entity/Q39715"
<http://www.wikidata.org/entity/Q304471>	POINT(8.570111 53.546306)	"Bremerhaven lighthouse"@en	1855-01-01T00:00:00Z								"http://www.wikidata.org/entity/Q1930418"	6	"http://www.wikidata.org/entity/Q39715"
<http://www.wikidata.org/entity/Q30505614>	POINT(0.027777 39.968617)		1867-01-01T00:00:00Z									2	"http://www.wikidata.org/entity/Q39715"
<http://www.wikidata.org/entity/Q30527773>	POINT(0.685000 39.895556)		1859-01-01T00:00:00Z									2	"http://www.wikidata.org/entity/Q39715"
<http://www.wikidata.org/entity/Q30528100>	POINT(0.146667 40.083333)	"Oropesa del Mar lighthouse"@en	1857-01-01T00:00:00Z									3	"http://www.wikidata.org/entity/Q39715"
<http://www.wikidata.org/entity/Q30578823>	POINT(0.647332 40.556300)	"Far de la Banya"@en	1864-01-01T00:00:00Z									4	"http://www.wikidata.org/entity/Q39715"
<http://www.wikidata.org/entity/Q3064168>	POINT(32.311667 31.263889)	"Port Said Lighthouse"@en	1869-01-01T00:00:00Z									11	"http://www.wikidata.org/entity/Q39715"
<http://www.wikidata.org/entity/Q3067133>	POINT(-9.604944 51.393278)	"Fastnet Lighthouse (2nd)"@en	1897-01-01T00:00:00Z				1897-01-01T00:00:00Z					10	"http://www.wikidata.org/entity/Q39715"
<http://www.wikidata.org/entity/Q30690431>	POINT(24.838861 65.389056)	"Ulkokrunnin lighthouse and pilot station"@en	1874-01-01T00:00:00Z									0	"http://www.wikidata.org/entity/Q16948701|http://www.wikidata.org/entity/Q39715"
<http://www.wikidata.org/entity/Q3070929>	POINT(-2.801110 49.018600)		1902-01-01T00:00:00Z									1	"http://www.wikidata.org/entity/Q39715"
<http://www.wikidata.org/entity/Q3070941>	POINT(-4.848610 48.438100)		1892-01-01T00:00:00Z					2007-12-01T00:00:00Z				1	"http://www.wikidata.org/entity/Q19860854|http://www.wikidata.org/entity/Q39715"
<http://www.wikidata.org/entity/Q30754792>	POINT(-6.315889 36.528381)	"Faro de San Sebastián"@en	1913-01-01T00:00:00Z								"http://www.wikidata.org/entity/Q5050414"	3	"http://www.wikidata.org/entity/Q39715"
<http://www.wikidata.org/entity/Q30795540>	POINT(1.737260 41.216960)	"Far de Sant Cristòfol"@en	1905-01-01T00:00:00Z									4	"http://www.wikidata.org/entity/Q39715"
<http://www.wikidata.org/entity/Q30912204>	POINT(2.165833 41.360833)	"Far de Montjuïc"@en	1906-01-01T00:00:00Z									4	"http://www.wikidata.org/entity/Q39715"
<http://www.wikidata.org/entity/Q31053619>	POINT(3.129167 41.841389)	"Far de Palamós"@en	1865-01-01T00:00:00Z									4	"http://www.wikidata.org/entity/Q39715"
<http://www.wikidata.org/entity/Q3134299>	POINT(-8.747974 40.642866)	"Aveiro Lighthouse"@en	1893-01-01T00:00:00Z									9	"http://www.wikidata.org/entity/Q210272|http://www.wikidata.org/entity/Q39715"
<http://www.wikidata.org/entity/Q31745982>	POINT(-17.843405 28.455282)	"Fuencaliente Lighthouse"@en	1903-01-01T00:00:00Z					1985-01-01T00:00:00Z				1	"http://www.wikidata.org/entity/Q39715"
<http://www.wikidata.org/entity/Q31825396>	POINT(21.011389 60.718333)	"Isokari lighthouse"@en	1831-01-01T00:00:00Z								"http://www.wikidata.org/entity/Q30690409"	4	"http://www.wikidata.org/entity/Q39715"
<http://www.wikidata.org/entity/Q3211185>	POINT(-5.426389 36.077222)	"Punta Carnero Lighthouse"@en	1608-01-01T00:00:00Z									6	"http://www.wikidata.org/entity/Q39715"
<http://www.wikidata.org/entity/Q32227471>	POINT(11.736528 57.652389)	"Brandnäsbrotten"@en	1886-01-01T00:00:00Z		2006-01-01T00:00:00Z							1	"http://www.wikidata.org/entity/Q39715"
<http://www.wikidata.org/entity/Q32228639>	POINT(11.157306 58.653889)	"Brämskär"@en	1906-01-01T00:00:00Z									1	"http://www.wikidata.org/entity/Q39715|http://www.wikidata.org/entity/Q787078"
<http://www.wikidata.org/entity/Q32233600>	POINT(14.469944 58.443528)	"Enebågsudde"@en	1907-01-01T00:00:00Z									1	"http://www.wikidata.org/entity/Q39715|http://www.wikidata.org/entity/Q787078"
<http://www.wikidata.org/entity/Q32233915>	POINT(16.969833 58.312528)	"Enskär light"@en	1896-01-01T00:00:00Z									1	"http://www.wikidata.org/entity/Q39715|http://www.wikidata.org/entity/Q787078"
<http://www.wikidata.org/entity/Q32243601>	POINT(12.794667 55.861611)	"Gräsrännan"@en	1899-01-01T00:00:00Z									1	"http://www.wikidata.org/entity/Q39715|http://www.wikidata.org/entity/Q787078"
<http://www.wikidata.org/entity/Q32243659>	POINT(17.236139 58.616500)	"Grässkären lighthouse"@en	1900-01-01T00:00:00Z									1	"http://www.wikidata.org/entity/Q39715|http://www.wikidata.org/entity/Q787078"
<http://www.wikidata.org/entity/Q32252479>	POINT(16.901778 57.195722)	"Hornsudde lighthouse"@en	1893-01-01T00:00:00Z		2006-02-01T00:00:00Z							1	"http://www.wikidata.org/entity/Q39715"
<http://www.wikidata.org/entity/Q32252593>	POINT(17.912550 62.813783)	"Hornöholmen lighthouse"@en	1900-01-01T00:00:00Z									1	"http://www.wikidata.org/entity/Q39715"
<http://www.wikidata.org/entity/Q32272777>	POINT(19.607000 63.476556)	"Kyrkhälludden"@en	1890-01-01T00:00:00Z									1	"http://www.wikidata.org/entity/Q39715|http://www.wikidata.org/entity/Q787078"
<http://www.wikidata.org/entity/Q32272858>	POINT(19.322472 58.364944)	"Kyrkudden lighthouse"@en	1913-01-01T00:00:00Z									2	"http://www.wikidata.org/entity/Q39715"
<http://www.wikidata.org/entity/Q32275526>	POINT(14.008611 59.187694)	"Lakholmen lighthouse"@en	1911-01-01T00:00:00Z									1	"http://www.wikidata.org/entity/Q3278565|http://www.wikidata.org/entity/Q39715|http://www.wikidata.org/entity/Q66088335|http://www.wikidata.org/entity/Q787078"
<http://www.wikidata.org/entity/Q32276945>	POINT(18.387389 59.452889)	"Lerviksudde lighthouse"@en	1913-01-01T00:00:00Z									2	"http://www.wikidata.org/entity/Q39715|http://www.wikidata.org/entity/Q787078"
<http://www.wikidata.org/entity/Q32277012>	POINT(21.628722 65.136333)	"Leskär lighthouse"@en	1910-01-01T00:00:00Z									1	"http://www.wikidata.org/entity/Q39715|http://www.wikidata.org/entity/Q787078"
<http://www.wikidata.org/entity/Q32286811>	POINT(17.606567 59.284117)	"Långhällsudde"@en	1882-01-01T00:00:00Z									1	"http://www.wikidata.org/entity/Q39715|http://www.wikidata.org/entity/Q787078"
<http://www.wikidata.org/entity/Q32299276>	POINT(17.294861 61.257806)	"Norrutharet"@en	1883-01-01T00:00:00Z									1	"http://www.wikidata.org/entity/Q39715|http://www.wikidata.org/entity/Q787078"
<http://www.wikidata.org/entity/Q32522224>	POINT(14.525486 35.902645)	"St. Elmo Lighthouse"@en	1908-01-01T00:00:00Z									2	"http://www.wikidata.org/entity/Q39715"
<http://www.wikidata.org/entity/Q32607271>	POINT(0.493054 52.948894)	"Light on Chapel of St Edmund"@en	1665-01-01T00:00:00Z		<http://www.wikidata.org/.well-known/genid/e7c1d3abae750aa669a29216941f9ea3>							0	"http://www.wikidata.org/entity/Q39715"
<http://www.wikidata.org/entity/Q3269761>	POINT(29.112222 41.234167)	"Rumeli Feneri"@en	1830-01-01T00:00:00Z									12	"http://www.wikidata.org/entity/Q39715"
<http://www.wikidata.org/entity/Q32848801>	POINT(14.029483 38.039783)	"Lighthouse of Cefalù"@en	1900-01-01T00:00:00Z									3	"http://www.wikidata.org/entity/Q39715"
<http://www.wikidata.org/entity/Q32947730>	POINT(41.641072 41.655899)	"Batumi Lighthouse"@en	1863-01-01T00:00:00Z									2	"http://www.wikidata.org/entity/Q2065736|http://www.wikidata.org/entity/Q39715"
<http://www.wikidata.org/entity/Q33083311>	POINT(31.661667 61.276667)	"Heinäluoto Lighthouse"@en	1877-01-01T00:00:00Z									2	"http://www.wikidata.org/entity/Q39715"
<http://www.wikidata.org/entity/Q33083498>	POINT(-0.930000 45.440000)		1871-01-01T00:00:00Z		1956-01-01T00:00:00Z							0	"http://www.wikidata.org/entity/Q19860854|http://www.wikidata.org/entity/Q39715"
<http://www.wikidata.org/entity/Q33105264>	POINT(0.958437 49.916022)	"Old Phare d'Ailly"@en	1775-01-01T00:00:00Z		1964-01-01T00:00:00Z							0	"http://www.wikidata.org/entity/Q39715"
<http://www.wikidata.org/entity/Q33110051>	POINT(18.918833 60.274972)	"Understen old lighthouse"@en	1847-01-01T00:00:00Z									0	"http://www.wikidata.org/entity/Q39715"
<http://www.wikidata.org/entity/Q33120963>	POINT(14.016838 40.770403)	"Punta Pioppeto Lighthouse"@en	1849-01-01T00:00:00Z									3	"http://www.wikidata.org/entity/Q39715"
<http://www.wikidata.org/entity/Q33127726>	POINT(13.056667 40.971667)	"Zannone Lighthouse"@en	1858-01-01T00:00:00Z									2	"http://www.wikidata.org/entity/Q39715"
<http://www.wikidata.org/entity/Q33129333>	POINT(19.103056 59.845000)	"Arholma lower light"@en	1905-01-01T00:00:00Z									0	"http://www.wikidata.org/entity/Q39715"
<http://www.wikidata.org/entity/Q33129342>	POINT(-10.258237 52.121635)	"Dingle Lighthouse"@en	1885-01-01T00:00:00Z									1	"http://www.wikidata.org/entity/Q39715"
<http://www.wikidata.org/entity/Q33129414>	POINT(17.959444 58.896111)	"Bedarö lighthouse"@en	1901-01-01T00:00:00Z									0	"http://www.wikidata.org/entity/Q39715|http://www.wikidata.org/entity/Q787078"
<http://www.wikidata.org/entity/Q33129653>	POINT(19.182806 59.733417)	"Botveskär lighthouse"@en	1883-01-01T00:00:00Z									0	"http://www.wikidata.org/entity/Q39715|http://www.wikidata.org/entity/Q787078"
<http://www.wikidata.org/entity/Q33130649>	POINT(18.420167 59.133778)	"Dalarö lighthouse"@en	1899-01-01T00:00:00Z									1	"http://www.wikidata.org/entity/Q39715|http://www.wikidata.org/entity/Q787078"
<http://www.wikidata.org/entity/Q33131160>	POINT(18.335250 59.371722)	"Furuholmen lighthouse"@en	1895-01-01T00:00:00Z									0	"http://www.wikidata.org/entity/Q39715|http://www.wikidata.org/entity/Q787078"
<http://www.wikidata.org/entity/Q33131470>	POINT(17.748917 58.797806)	"Granklubben lighthouse"@en	1900-01-01T00:00:00Z									0	"http://www.wikidata.org/entity/Q39715|http://www.wikidata.org/entity/Q787078"
<http://www.wikidata.org/entity/Q33133895>	POINT(29.762116 59.983983)	"Kabotazhnaya Gavan Range Rear Lighthouse"@en	1888-01-01T00:00:00Z									2	"http://www.wikidata.org/entity/Q2319498|http://www.wikidata.org/entity/Q66088335"
<http://www.wikidata.org/entity/Q33134014>	POINT(18.607278 59.393417)		1882-01-01T00:00:00Z									0	"http://www.wikidata.org/entity/Q39715|http://www.wikidata.org/entity/Q787078"
<http://www.wikidata.org/entity/Q33134417>	POINT(18.407444 59.124389)	"Jutholmen lighthouse"@en	1908-01-01T00:00:00Z									1	"http://www.wikidata.org/entity/Q39715|http://www.wikidata.org/entity/Q787078"
<http://www.wikidata.org/entity/Q33135186>	POINT(19.079139 59.718250)	"Kapellskär lighthouse"@en	1882-01-01T00:00:00Z									1	"http://www.wikidata.org/entity/Q39715|http://www.wikidata.org/entity/Q787078"
<http://www.wikidata.org/entity/Q33135499>	POINT(18.618306 59.223556)	"Kofoten lighthouse"@en	1883-01-01T00:00:00Z									0	"http://www.wikidata.org/entity/Q39715|http://www.wikidata.org/entity/Q787078"
<http://www.wikidata.org/entity/Q33137601>	POINT(18.209139 59.334583)	"Kungshamn lighthouse"@en	1905-01-01T00:00:00Z									0	"http://www.wikidata.org/entity/Q39715|http://www.wikidata.org/entity/Q787078"
<http://www.wikidata.org/entity/Q33138270>	POINT(18.485528 59.421667)	"Lindalen lower light"@en	1883-01-01T00:00:00Z									0	"http://www.wikidata.org/entity/Q39715|http://www.wikidata.org/entity/Q787078"
<http://www.wikidata.org/entity/Q33141239>	POINT(18.759056 59.304945)	"Långholmen lighthouse"@en	1882-01-01T00:00:00Z									1	"http://www.wikidata.org/entity/Q39715|http://www.wikidata.org/entity/Q787078"
<http://www.wikidata.org/entity/Q33180557>	POINT(18.728306 60.221750)		1892-01-01T00:00:00Z									0	"http://www.wikidata.org/entity/Q39715|http://www.wikidata.org/entity/Q787078"
<http://www.wikidata.org/entity/Q33180827>	POINT(18.914972 59.289944)	"Sandhamn pilot station"@en	1870-01-01T00:00:00Z									1	"http://www.wikidata.org/entity/Q16948701|http://www.wikidata.org/entity/Q39715"
<http://www.wikidata.org/entity/Q33181168>	POINT(18.571528 59.384000)	"Sandö Sugga"@en	1900-01-01T00:00:00Z									1	"http://www.wikidata.org/entity/Q184358|http://www.wikidata.org/entity/Q39715|http://www.wikidata.org/entity/Q787078"
<http://www.wikidata.org/entity/Q33182278>	POINT(18.894139 59.286361)	"Skötkobben"@en	1892-01-01T00:00:00Z									1	"http://www.wikidata.org/entity/Q39715|http://www.wikidata.org/entity/Q787078"
<http://www.wikidata.org/entity/Q33183695>	POINT(18.629367 59.562383)		1883-01-01T00:00:00Z									0	"http://www.wikidata.org/entity/Q39715|http://www.wikidata.org/entity/Q787078"
<http://www.wikidata.org/entity/Q33183965>	POINT(17.713167 58.905833)	"Stenskär lighthouse"@en	1886-01-01T00:00:00Z									0	"http://www.wikidata.org/entity/Q39715|http://www.wikidata.org/entity/Q787078"
<http://www.wikidata.org/entity/Q33193481>	POINT(17.667278 58.863806)		1886-01-01T00:00:00Z									0	"http://www.wikidata.org/entity/Q39715|http://www.wikidata.org/entity/Q787078"
<http://www.wikidata.org/entity/Q33193832>	POINT(19.081945 59.840972)		1883-01-01T00:00:00Z									0	"http://www.wikidata.org/entity/Q39715|http://www.wikidata.org/entity/Q787078"
<http://www.wikidata.org/entity/Q33194483>	POINT(18.246400 59.011933)		1882-01-01T00:00:00Z									0	"http://www.wikidata.org/entity/Q39715|http://www.wikidata.org/entity/Q787078"
<http://www.wikidata.org/entity/Q33196524>	POINT(19.122417 59.775528)	"Tyvö lighthouse"@en	1883-01-01T00:00:00Z									0	"http://www.wikidata.org/entity/Q39715|http://www.wikidata.org/entity/Q787078"
<http://www.wikidata.org/entity/Q33199992>	POINT(17.945361 58.792139)	"Viksten northwest"@en	1886-01-01T00:00:00Z									1	"http://www.wikidata.org/entity/Q39715|http://www.wikidata.org/entity/Q787078"
<http://www.wikidata.org/entity/Q33200844>	POINT(18.376389 59.362972)		1883-01-01T00:00:00Z									0	"http://www.wikidata.org/entity/Q39715|http://www.wikidata.org/entity/Q787078"
<http://www.wikidata.org/entity/Q33225442>	POINT(18.731417 59.584733)	"Växlet South lighthouse"@en	1906-01-01T00:00:00Z									1	"http://www.wikidata.org/entity/Q39715|http://www.wikidata.org/entity/Q787078"
<http://www.wikidata.org/entity/Q33225564>	POINT(18.810139 59.313361)	"Yxhammarskobben lighthouse"@en	1882-01-01T00:00:00Z									1	"http://www.wikidata.org/entity/Q39715|http://www.wikidata.org/entity/Q787078"
<http://www.wikidata.org/entity/Q33225857>	POINT(18.896500 59.263778)	"Ådkobben lighthouse"@en	1892-01-01T00:00:00Z									1	"http://www.wikidata.org/entity/Q39715|http://www.wikidata.org/entity/Q787078"
<http://www.wikidata.org/entity/Q33227731>	POINT(18.082333 58.906750)	"Östra Röko"@en	1908-01-01T00:00:00Z									1	"http://www.wikidata.org/entity/Q39715|http://www.wikidata.org/entity/Q787078"
<http://www.wikidata.org/entity/Q33231957>	POINT(29.730950 59.975749)	"Lower Sea Channel range light"@en	1898-01-01T00:00:00Z									1	"http://www.wikidata.org/entity/Q2319498|http://www.wikidata.org/entity/Q39715"
<http://www.wikidata.org/entity/Q33231961>	POINT(29.765664 59.968856)	"Upper Sea Channel range light"@en	1898-01-01T00:00:00Z									3	"http://www.wikidata.org/entity/Q2319498|http://www.wikidata.org/entity/Q39715"
<http://www.wikidata.org/entity/Q33247542>	POINT(-8.339810 43.458941)	"Faro de Cabo Prioriño"@en	1854-07-01T00:00:00Z									4	"http://www.wikidata.org/entity/Q39715"
<http://www.wikidata.org/entity/Q33292547>	POINT(-7.041555 43.556130)	"Isla Pancha old lighthouse"@en	1860-01-01T00:00:00Z					1983-01-01T00:00:00Z				0	"http://www.wikidata.org/entity/Q39715"
<http://www.wikidata.org/entity/Q33311327>	POINT(-8.844444 43.361111)	"Lighthouse of the Sisargas Islands"@en	1853-01-01T00:00:00Z									5	"http://www.wikidata.org/entity/Q39715"
<http://www.wikidata.org/entity/Q33397944>	POINT(24.975500 60.105000)	"Harmaja Lighthouse"@en	1883-01-01T00:00:00Z								"http://www.wikidata.org/entity/Q30505840"	3	"http://www.wikidata.org/entity/Q39715|http://www.wikidata.org/entity/Q787078"
<http://www.wikidata.org/entity/Q33412384>	POINT(19.266611 40.503972)	"Sazan Lighthouse"@en	1871-01-01T00:00:00Z									0	"http://www.wikidata.org/entity/Q39715"
<http://www.wikidata.org/entity/Q33507313>	POINT(3.916229 51.418754)	"Hoedekenskerke Light"@en	1914-01-01T00:00:00Z									3	"http://www.wikidata.org/entity/Q787078"
<http://www.wikidata.org/entity/Q3360311>	POINT(23.117439 59.027596)	"Saxby lighthouse"@en	1864-01-01T00:00:00Z								"http://www.wikidata.org/entity/Q139387480"	9	"http://www.wikidata.org/entity/Q39715"
<http://www.wikidata.org/entity/Q3361465>	POINT(24.510600 59.603683)	"Naissaar Lighthouse"@en	1788-01-01T00:00:00Z									10	"http://www.wikidata.org/entity/Q39715"
<http://www.wikidata.org/entity/Q3361471>	POINT(22.586183 59.091400)	"Tahkuna Lighthouse"@en	1875-01-01T00:00:00Z								"http://www.wikidata.org/entity/Q139381667"	13	"http://www.wikidata.org/entity/Q39715"
<http://www.wikidata.org/entity/Q3361476>	POINT(23.971100 58.097050)	"Kihnu lighthouse"@en	1865-01-01T00:00:00Z									12	"http://www.wikidata.org/entity/Q39715"
<http://www.wikidata.org/entity/Q3363947>	POINT(4.680280 61.571400)	"Ytterøyane Lighthouse"@en	1881-01-01T00:00:00Z									8	"http://www.wikidata.org/entity/Q39715"
<http://www.wikidata.org/entity/Q3363951>	POINT(5.033889 61.964444)	"Hendanes Lighthouse"@en	1914-01-01T00:00:00Z									7	"http://www.wikidata.org/entity/Q39715"
<http://www.wikidata.org/entity/Q3363973>	POINT(4.955000 61.600600)	"Stabben Lighthouse"@en	1867-01-01T00:00:00Z									7	"http://www.wikidata.org/entity/Q39715"
<http://www.wikidata.org/entity/Q3364007>	POINT(4.510000 61.036900)	"Utvær Lighthouse"@en	1900-01-01T00:00:00Z									9	"http://www.wikidata.org/entity/Q39715"
<http://www.wikidata.org/entity/Q3372089>	POINT(11.601300 57.632067)	"Vinga lighthouse"@en	1889-01-01T00:00:00Z									6	"http://www.wikidata.org/entity/Q10411887|http://www.wikidata.org/entity/Q39715"
<http://www.wikidata.org/entity/Q3376479>	POINT(22.055367 57.909817)	"Sõrve Lighthouse"@en	1646-01-01T00:00:00Z									18	"http://www.wikidata.org/entity/Q39715"
<http://www.wikidata.org/entity/Q3376488>	POINT(24.380300 59.463550)	"Suurupi rear lighthouse"@en	1760-01-01T00:00:00Z								"http://www.wikidata.org/entity/Q139381487"	7	"http://www.wikidata.org/entity/Q39715"
<http://www.wikidata.org/entity/Q3376498>	POINT(21.812717 58.382867)	"Vilsandi Lighthouse"@en	1809-01-01T00:00:00Z								"http://www.wikidata.org/entity/Q139387348"	10	"http://www.wikidata.org/entity/Q39715"
<http://www.wikidata.org/entity/Q3376538>	POINT(22.524317 58.149067)	"Abruka Lighthouse"@en	1897-01-01T00:00:00Z									8	"http://www.wikidata.org/entity/Q39715"
<http://www.wikidata.org/entity/Q3376557>	POINT(28.040367 59.468100)	"Narva-Jõesuu Lighthouse"@en	1808-01-01T00:00:00Z									10	"http://www.wikidata.org/entity/Q39715"
<http://www.wikidata.org/entity/Q3376563>	POINT(23.260150 57.801350)	"Ruhnu Lighthouse"@en	1877-01-01T00:00:00Z								"http://www.wikidata.org/entity/Q139387315"	12	"http://www.wikidata.org/entity/Q39715"
<http://www.wikidata.org/entity/Q3376573>	POINT(22.055278 58.940000)	"Ristna Lighthouse"@en	1874-01-01T00:00:00Z								"http://www.wikidata.org/entity/Q139381599"	12	"http://www.wikidata.org/entity/Q39715"
<http://www.wikidata.org/entity/Q3376587>	POINT(24.037717 59.387400)	"Pakri Lighthouse"@en	1889-01-01T00:00:00Z								"http://www.wikidata.org/entity/Q139387288"	11	"http://www.wikidata.org/entity/Q39715"
<http://www.wikidata.org/entity/Q3378135>	POINT(31.080675 60.118751)	"Osinovetsky Light"@en	1905-01-01T00:00:00Z									10	"http://www.wikidata.org/entity/Q1081138|http://www.wikidata.org/entity/Q2319498|http://www.wikidata.org/entity/Q39715"
<http://www.wikidata.org/entity/Q3378153>	POINT(-2.572280 59.025900)	"Auskerry Lighthouse"@en	1866-01-01T00:00:00Z									4	"http://www.wikidata.org/entity/Q39715"
<http://www.wikidata.org/entity/Q3378173>	POINT(-7.653550 56.785400)	"Barra Head Lighthouse"@en	1833-01-01T00:00:00Z									6	"http://www.wikidata.org/entity/Q39715"
<http://www.wikidata.org/entity/Q3378175>	POINT(16.845119 41.139106)	"Bari Light"@en	1869-01-01T00:00:00Z									5	"http://www.wikidata.org/entity/Q39715"
<http://www.wikidata.org/entity/Q3378179>	POINT(-24.531800 65.502600)	"Bjargtangar lighthouse"@en	1913-01-01T00:00:00Z									5	"http://www.wikidata.org/entity/Q39715"
<http://www.wikidata.org/entity/Q3378183>	POINT(-1.553890 43.493900)	"Biarritz Lighthouse"@en	1834-01-01T00:00:00Z									6	"http://www.wikidata.org/entity/Q39715"
<http://www.wikidata.org/entity/Q3378199>	POINT(-1.806670 49.373600)	"Phare de Carteret"@en	1837-01-01T00:00:00Z									2	"http://www.wikidata.org/entity/Q39715"
<http://www.wikidata.org/entity/Q3378201>	POINT(8.223889 39.147500)	"Capo Sandalo Lighthouse"@en	1864-01-01T00:00:00Z									4	"http://www.wikidata.org/entity/Q39715"
<http://www.wikidata.org/entity/Q3378211>	POINT(-19.130339 63.402302)	"Dyrhólaey lighthouse"@en	1910-01-01T00:00:00Z									6	"http://www.wikidata.org/entity/Q39715"
<http://www.wikidata.org/entity/Q3378214>	POINT(4.686944 43.354444)	"Faraman Lighthouse"@en	1892-01-01T00:00:00Z									2	"http://www.wikidata.org/entity/Q39715"
<http://www.wikidata.org/entity/Q3378215>	POINT(0.325280 49.414200)	"Phare de Fatouville"@en	1850-01-01T00:00:00Z									2	"http://www.wikidata.org/entity/Q39715"
<http://www.wikidata.org/entity/Q3378220>	POINT(2.364167 51.048889)	"Dunkirk lighthouse"@en	1842-01-01T00:00:00Z									7	"http://www.wikidata.org/entity/Q39715"
<http://www.wikidata.org/entity/Q3378230>	POINT(-1.065772 45.568541)	"Phare de Grave"@en	1860-01-01T00:00:00Z									3	"http://www.wikidata.org/entity/Q39715"
<http://www.wikidata.org/entity/Q3378238>	POINT(2.109161 51.003843)	"Phare de Gravelines"@en	1838-01-01T00:00:00Z									5	"http://www.wikidata.org/entity/Q39715"
<http://www.wikidata.org/entity/Q3378240>	POINT(-22.022500 64.165000)	"Gróttuviti"@en	1897-01-01T00:00:00Z									4	"http://www.wikidata.org/entity/Q39715"
<http://www.wikidata.org/entity/Q3378252>	POINT(0.214440 49.424400)	"Ancien phare de Honfleur"@en	1843-01-01T00:00:00Z									2	"http://www.wikidata.org/entity/Q39715"
<http://www.wikidata.org/entity/Q3378253>	POINT(3.230390 51.337560)	"High lighthouse of Heist"@en	1907-01-01T00:00:00Z									3	"http://www.wikidata.org/entity/Q39715"
<http://www.wikidata.org/entity/Q3378299>	POINT(-4.159236 47.831356)	"Phare de Langoz"@en	1863-01-01T00:00:00Z									2	"http://www.wikidata.org/entity/Q39715"
<http://www.wikidata.org/entity/Q3378315>	POINT(-4.496670 48.219700)	"Phare de Morgat"@en	1914-01-01T00:00:00Z									2	"http://www.wikidata.org/entity/Q39715"
<http://www.wikidata.org/entity/Q3378321>	POINT(19.131500 60.300944)	"Märket lighthouse"@en	1885-01-01T00:00:00Z									6	"http://www.wikidata.org/entity/Q39715"
<http://www.wikidata.org/entity/Q3378327>	POINT(-0.708961 45.193600)		1879-01-01T00:00:00Z									1	"http://www.wikidata.org/entity/Q39715"
<http://www.wikidata.org/entity/Q3378334>	POINT(5.230914 43.198564)	"Planier Light"@en	1326-01-01T00:00:00Z									5	"http://www.wikidata.org/entity/Q39715"
<http://www.wikidata.org/entity/Q3378338>	POINT(-4.346480 48.677900)	"Phare de Pontusval"@en	1869-01-01T00:00:00Z									5	"http://www.wikidata.org/entity/Q39715"
<http://www.wikidata.org/entity/Q3378356>	POINT(-0.931940 45.439400)	"Richard's Lighthouse"@en	1845-01-01T00:00:00Z									1	"http://www.wikidata.org/entity/Q39715"
<http://www.wikidata.org/entity/Q3378357>	POINT(-1.978330 48.671100)	"Phare de Rochebonne"@en	1868-01-01T00:00:00Z									2	"http://www.wikidata.org/entity/Q39715"
<http://www.wikidata.org/entity/Q3378382>	POINT(8.794170 41.558300)	"Senetosa lighthouse"@en	1892-01-01T00:00:00Z									3	"http://www.wikidata.org/entity/Q39715"
<http://www.wikidata.org/entity/Q3378413>	POINT(32.626072 60.531385)	"Storozhenskiy Light"@en	1908-01-01T00:00:00Z									8	"http://www.wikidata.org/entity/Q2319498|http://www.wikidata.org/entity/Q39715"
<http://www.wikidata.org/entity/Q3378425>	POINT(-1.008100 45.598200)	"Phare de Saint-Georges-de-Didonne"@en	1901-01-01T00:00:00Z									2	"http://www.wikidata.org/entity/Q39715"
<http://www.wikidata.org/entity/Q3378432>	POINT(1.914757 50.993503)	"Phare de Walde"@en	1859-12-15T00:00:00Z									4	"http://www.wikidata.org/entity/Q39715"
<http://www.wikidata.org/entity/Q3378442>	POINT(-3.888900 48.673600)		1860-01-01T00:00:00Z									2	"http://www.wikidata.org/entity/Q3278565|http://www.wikidata.org/entity/Q39715"
<http://www.wikidata.org/entity/Q3378445>	POINT(-4.575830 48.614700)	"Phare de l'Île Wrac'h"@en	1845-01-01T00:00:00Z									3	"http://www.wikidata.org/entity/Q39715"
<http://www.wikidata.org/entity/Q3378446>	POINT(-4.026940 48.745300)	"Phare de l'île de Batz"@en	1836-01-01T00:00:00Z									3	"http://www.wikidata.org/entity/Q39715"
<http://www.wikidata.org/entity/Q3378452>	POINT(-3.875481 48.672509)	"Île Noire Lighthouse"@en	1845-01-01T00:00:00Z									2	"http://www.wikidata.org/entity/Q39715"
<http://www.wikidata.org/entity/Q3378466>	POINT(-3.053890 48.837200)	"La Croix Lighthouse"@en	1865-01-01T00:00:00Z									2	"http://www.wikidata.org/entity/Q39715"
<http://www.wikidata.org/entity/Q3378471>	POINT(4.570280 43.454700)	"Phare de la Gacholle"@en	1884-01-01T00:00:00Z									2	"http://www.wikidata.org/entity/Q39715"
<http://www.wikidata.org/entity/Q3378474>	POINT(-1.233333 45.696667)	"Lighthouse of La Coubre"@en	1904-12-01T00:00:00Z									6	"http://www.wikidata.org/entity/Q39715"
<http://www.wikidata.org/entity/Q3378482>	POINT(-1.815000 48.729400)	"Pierre-de-Herpin lighthouse"@en	1868-01-01T00:00:00Z									3	"http://www.wikidata.org/entity/Q39715"
<http://www.wikidata.org/entity/Q3378494>	POINT(-2.285000 46.690000)	"Pointe des Corbeaux lighthouse"@en	1862-01-01T00:00:00Z									4	"http://www.wikidata.org/entity/Q39715"
<http://www.wikidata.org/entity/Q3378495>	POINT(8.724440 42.583100)	"Revellata lighthouse"@en	1844-01-01T00:00:00Z									3	"http://www.wikidata.org/entity/Q39715"
<http://www.wikidata.org/entity/Q3378505>	POINT(-1.233330 45.696700)	"Lighthouse of La Coubre"@en	1892-01-01T00:00:00Z					1907-01-01T00:00:00Z				2	"http://www.wikidata.org/entity/Q39715"
<http://www.wikidata.org/entity/Q3378512>	POINT(9.258890 41.334400)	"Phare des Îles Lavezzi"@en	1874-01-01T00:00:00Z									3	"http://www.wikidata.org/entity/Q39715"
<http://www.wikidata.org/entity/Q3378513>	POINT(-1.248809 44.645965)	"Cap-Ferret lighthouse"@en	1840-01-01T00:00:00Z									3	"http://www.wikidata.org/entity/Q39715"
<http://www.wikidata.org/entity/Q3378515>	POINT(-1.473056 49.695833)	"Phare du Cap Lévi"@en	1858-01-01T00:00:00Z									3	"http://www.wikidata.org/entity/Q39715"
<http://www.wikidata.org/entity/Q3378520>	POINT(-2.082780 48.670000)	"Grand Jardin lighthouse"@en	1865-01-01T00:00:00Z									2	"http://www.wikidata.org/entity/Q39715"
<http://www.wikidata.org/entity/Q3378524>	POINT(-1.463611 46.344444)	"Pointe du Grouin du Cou lighthouse"@en	1831-01-01T00:00:00Z									3	"http://www.wikidata.org/entity/Q39715"
<http://www.wikidata.org/entity/Q3378527>	POINT(-2.985830 48.865300)	"Paon lighthouse"@en	1860-01-01T00:00:00Z									3	"http://www.wikidata.org/entity/Q39715"
<http://www.wikidata.org/entity/Q3378543>	POINT(3.136670 42.515600)	"Cap Béar Lighthouse"@en	1905-01-01T00:00:00Z									3	"http://www.wikidata.org/entity/Q39715"
<http://www.wikidata.org/entity/Q3378550>	POINT(-6.469636 43.569291)	"Faro de Cabo Busto"@en	1858-04-01T00:00:00Z									4	"http://www.wikidata.org/entity/Q39715"
<http://www.wikidata.org/entity/Q3378553>	POINT(6.362780 43.088600)	"phare du cap Bénat"@en	1895-01-01T00:00:00Z									3	"http://www.wikidata.org/entity/Q39715"
<http://www.wikidata.org/entity/Q3378564>	POINT(6.206110 42.983300)	"phare de Porquerolles"@en	1823-01-01T00:00:00Z									3	"http://www.wikidata.org/entity/Q39715"
<http://www.wikidata.org/entity/Q339434>	POINT(-3.971080 51.566800)	"Mumbles Lighthouse"@en	1794-01-01T00:00:00Z									7	"http://www.wikidata.org/entity/Q39715"
<http://www.wikidata.org/entity/Q3395437>	POINT(-5.761059 43.594386)	"Faro de Candás"@en	1904-01-01T00:00:00Z									5	"http://www.wikidata.org/entity/Q39715"
<http://www.wikidata.org/entity/Q3427811>	POINT(4.831389 61.697222)	"Kvanhovden Lighthouse"@en	1895-01-01T00:00:00Z									5	"http://www.wikidata.org/entity/Q39715"
<http://www.wikidata.org/entity/Q3427839>	POINT(5.069444 59.451667)	"Røværsholmen Lighthouse"@en	1892-01-01T00:00:00Z									6	"http://www.wikidata.org/entity/Q39715"
<http://www.wikidata.org/entity/Q3428690>	POINT(9.453890 58.851100)	"Stavseng Lighthouse"@en	1874-01-01T00:00:00Z									5	"http://www.wikidata.org/entity/Q39715"
<http://www.wikidata.org/entity/Q3428698>	POINT(10.586111 59.719444)	"Digerudgrunnen Lighthouse"@en	1871-01-01T00:00:00Z									5	"http://www.wikidata.org/entity/Q39715"
<http://www.wikidata.org/entity/Q3428706>	POINT(10.782480 58.995975)	"Torbjørnskjær Lighthouse"@en	1872-01-01T00:00:00Z									6	"http://www.wikidata.org/entity/Q39715"
<http://www.wikidata.org/entity/Q3428718>	POINT(10.618056 59.571111)	"Filtvet Lighthouse"@en	1840-01-01T00:00:00Z									7	"http://www.wikidata.org/entity/Q111363199"
<http://www.wikidata.org/entity/Q3428739>	POINT(4.811111 61.269167)	"Geita Lighthouse"@en	1897-01-01T00:00:00Z									5	"http://www.wikidata.org/entity/Q39715"
<http://www.wikidata.org/entity/Q3428757>	POINT(10.576667 59.435278)	"Gullholmen Lighthouse"@en	1894-01-01T00:00:00Z									5	"http://www.wikidata.org/entity/Q39715"
<http://www.wikidata.org/entity/Q3428791>	POINT(10.740800 59.118100)	"Struten Lighthouse"@en	1907-01-01T00:00:00Z									6	"http://www.wikidata.org/entity/Q39715"
<http://www.wikidata.org/entity/Q3428814>	POINT(8.529000 58.254100)	"Homborsund Lighthouse"@en	1879-09-01T00:00:00Z									5	"http://www.wikidata.org/entity/Q2065736|http://www.wikidata.org/entity/Q39715"
<http://www.wikidata.org/entity/Q3428819>	POINT(11.024000 59.016000)	"Homlungen Lighthouse"@en	1867-01-01T00:00:00Z									7	"http://www.wikidata.org/entity/Q3278565|http://www.wikidata.org/entity/Q66088335"
<http://www.wikidata.org/entity/Q3428833>	POINT(5.555555 58.922500)	"Flatholmen Lighthouse"@en	1862-01-01T00:00:00Z									5	"http://www.wikidata.org/entity/Q39715"
<http://www.wikidata.org/entity/Q3429636>	POINT(9.039170 63.493900)	"Terningen Lighthouse"@en	1833-01-01T00:00:00Z									6	"http://www.wikidata.org/entity/Q39715"
<http://www.wikidata.org/entity/Q3430941>	POINT(9.222500 63.571944)	"Børøyholmen Lighthouse"@en	1874-01-01T00:00:00Z									5	"http://www.wikidata.org/entity/Q39715"
<http://www.wikidata.org/entity/Q3434505>	POINT(11.330556 58.094083)	"Måseskär old lighthouse"@en	1865-01-01T00:00:00Z									0	"http://www.wikidata.org/entity/Q10416961|http://www.wikidata.org/entity/Q10519294|http://www.wikidata.org/entity/Q39715"
<http://www.wikidata.org/entity/Q3437736>	POINT(6.623915 58.177953)	"Varnes fyr"@en	1836-01-01T00:00:00Z									5	"http://www.wikidata.org/entity/Q39715"
<http://www.wikidata.org/entity/Q3437785>	POINT(12.343000 56.119300)	"Nakkehoved Lighthouse"@en	1772-01-01T00:00:00Z									6	"http://www.wikidata.org/entity/Q39715"
<http://www.wikidata.org/entity/Q3440620>	POINT(9.756111 63.647222)	"Agdenes Lighthouse"@en	1804-01-01T00:00:00Z									8	"http://www.wikidata.org/entity/Q39715"
<http://www.wikidata.org/entity/Q34764465>	POINT(19.105278 59.840555)	"Arholma upper light"@en	1905-01-01T00:00:00Z									0	"http://www.wikidata.org/entity/Q39715"
<http://www.wikidata.org/entity/Q34794287>	POINT(17.278567 58.714600)	"Örnklubb"@en	1886-01-01T00:00:00Z									1	"http://www.wikidata.org/entity/Q39715"
<http://www.wikidata.org/entity/Q3489834>	POINT(21.291453 55.344287)	"Uostadvaris lighthouse"@en	1876-01-01T00:00:00Z									10	"http://www.wikidata.org/entity/Q39715"
<http://www.wikidata.org/entity/Q3533595>	POINT(-1.157060 46.155800)	"Tour de la Lanterne"@en	1468-01-01T00:00:00Z									3	"http://www.wikidata.org/entity/Q39715"
<http://www.wikidata.org/entity/Q368025>	POINT(16.184200 41.889200)	"Vieste Lighthouse"@en	1867-01-01T00:00:00Z									4	"http://www.wikidata.org/entity/Q39715"
<http://www.wikidata.org/entity/Q3700558>	POINT(14.308611 68.593333)	"Litløy Lighthouse"@en	1912-01-01T00:00:00Z									5	"http://www.wikidata.org/entity/Q39715"
<http://www.wikidata.org/entity/Q3715786>	POINT(1.322980 51.128400)	"Dubris Pharos"@en	0200-01-01T00:00:00Z									4	"http://www.wikidata.org/entity/Q35112127|http://www.wikidata.org/entity/Q39715"
<http://www.wikidata.org/entity/Q372769>	POINT(14.198889 40.536111)	"Punta Carena Lighthouse"@en	1867-01-01T00:00:00Z									10	"http://www.wikidata.org/entity/Q39715"
<http://www.wikidata.org/entity/Q3737012>	POINT(22.499276 59.723436)	"Bengtskär lighthouse"@en	1906-01-01T00:00:00Z									17	"http://www.wikidata.org/entity/Q1863818|http://www.wikidata.org/entity/Q39715"
<http://www.wikidata.org/entity/Q3739193>	POINT(10.294833 43.543778)	"Livorno Lighthouse (Fanale dei Pisani)"@en	1841-01-01T00:00:00Z									7	"http://www.wikidata.org/entity/Q39715"
<http://www.wikidata.org/entity/Q3739194>	POINT(-1.799600 55.668210)	"Heugh Hill Lighthouse"@en	1826-01-01T00:00:00Z									4	"http://www.wikidata.org/entity/Q39715"
<http://www.wikidata.org/entity/Q3739738>	POINT(12.310684 45.339874)	"Faro Rocchetta"@en	1879-01-01T00:00:00Z									3	"http://www.wikidata.org/entity/Q39715"
<http://www.wikidata.org/entity/Q3739747>	POINT(-2.164300 49.729200)	"Alderney Lighthouse"@en	1912-01-01T00:00:00Z									8	"http://www.wikidata.org/entity/Q39715"
<http://www.wikidata.org/entity/Q3739752>	POINT(-1.724167 55.616556)	"Bamburgh Lighthouse"@en	1910-01-01T00:00:00Z									5	"http://www.wikidata.org/entity/Q39715"
<http://www.wikidata.org/entity/Q3739756>	POINT(0.214722 50.738333)	"Belle Tout lighthouse"@en	1832-01-01T00:00:00Z									5	"http://www.wikidata.org/entity/Q39715"
<http://www.wikidata.org/entity/Q3739761>	POINT(8.162945 40.560611)	"Cap de Caça Lighthouse"@en	1864-01-01T00:00:00Z									8	"http://www.wikidata.org/entity/Q39715"
<http://www.wikidata.org/entity/Q3739762>	POINT(9.523333 41.154925)	"Faro di Capo Ferro"@en	1858-01-01T00:00:00Z									4	"http://www.wikidata.org/entity/Q39715"
<http://www.wikidata.org/entity/Q3739764>	POINT(8.172178 43.955305)	"Capo Mele Lighthouse"@en	1852-01-01T00:00:00Z									4	"http://www.wikidata.org/entity/Q39715"
<http://www.wikidata.org/entity/Q3739765>	POINT(9.144167 41.243611)	"faro di Capo Testa"@en	1845-01-01T00:00:00Z									5	"http://www.wikidata.org/entity/Q39715"
<http://www.wikidata.org/entity/Q3739768>	POINT(7.831667 43.817333)	"Capo dell'Arma Lighthouse"@en	1912-01-01T00:00:00Z									4	"http://www.wikidata.org/entity/Q39715"
<http://www.wikidata.org/entity/Q3739769>	POINT(15.633889 38.218889)	"Capo dell'Armi Lighthouse"@en	1867-01-01T00:00:00Z									4	"http://www.wikidata.org/entity/Q39715"
<http://www.wikidata.org/entity/Q3739770>	POINT(-1.539600 55.334000)	"Coquet Lighthouse"@en	1841-01-01T00:00:00Z									6	"http://www.wikidata.org/entity/Q39715"
<http://www.wikidata.org/entity/Q3739776>	POINT(13.015400 43.851100)	"Fano Lighthouse"@en	1862-01-01T00:00:00Z									3	"http://www.wikidata.org/entity/Q39715"
<http://www.wikidata.org/entity/Q3739779>	POINT(-5.344798 36.109634)	"Europa Point Lighthouse"@en	1838-01-01T00:00:00Z									10	"http://www.wikidata.org/entity/Q39715"
<http://www.wikidata.org/entity/Q3739780>	POINT(-0.082553 54.116397)	"Flamborough Head Lighthouse"@en	1806-01-01T00:00:00Z									7	"http://www.wikidata.org/entity/Q39715"
<http://www.wikidata.org/entity/Q3739781>	POINT(-3.117000 51.375000)	"Flat Holm Lighthouse"@en	1737-01-01T00:00:00Z									6	"http://www.wikidata.org/entity/Q39715"
<http://www.wikidata.org/entity/Q3739790>	POINT(-5.746770 50.066860)	"Longships Lighthouse"@en	1875-01-01T00:00:00Z									9	"http://www.wikidata.org/entity/Q39715"
<http://www.wikidata.org/entity/Q3739791>	POINT(1.758333 52.486667)	"Lowestoft Lighthouse"@en	1874-01-01T00:00:00Z									6	"http://www.wikidata.org/entity/Q39715"
<http://www.wikidata.org/entity/Q3739792>	POINT(-15.598930 27.735090)	"Maspalomas Lighthouse"@en	1890-01-01T00:00:00Z									10	"http://www.wikidata.org/entity/Q39715|http://www.wikidata.org/entity/Q4989906|http://www.wikidata.org/entity/Q68773434"
<http://www.wikidata.org/entity/Q3739794>	POINT(-7.696050 57.525817)	"Old Monach Lighthouse"@en	1864-01-01T00:00:00Z									4	"http://www.wikidata.org/entity/Q39715"
<http://www.wikidata.org/entity/Q3739795>	POINT(12.354598 45.452792)	"Murano lighthouse"@en	1912-01-01T00:00:00Z									4	"http://www.wikidata.org/entity/Q39715"
<http://www.wikidata.org/entity/Q3739799>	POINT(-6.303500 49.904600)	"Peninnis Lighthouse"@en	1911-01-01T00:00:00Z									5	"http://www.wikidata.org/entity/Q39715"
<http://www.wikidata.org/entity/Q3739800>	POINT(12.881775 43.923006)	"Monte San Bartolo Lighthouse"@en	1883-01-01T00:00:00Z									3	"http://www.wikidata.org/entity/Q39715"
<http://www.wikidata.org/entity/Q3739801>	POINT(12.583400 45.478574)	"Porto Piave Vecchia lighthouse"@en	1853-01-01T00:00:00Z									3	"http://www.wikidata.org/entity/Q39715"
<http://www.wikidata.org/entity/Q3739804>	POINT(16.577570 38.447520)	"Faro di Punta Stilo"@en	1895-01-01T00:00:00Z									4	"http://www.wikidata.org/entity/Q39715"
<http://www.wikidata.org/entity/Q3739805>	POINT(13.097514 45.636294)	"Punta Tagliamento Lighthouse"@en	1913-01-01T00:00:00Z									4	"http://www.wikidata.org/entity/Q39715"
<http://www.wikidata.org/entity/Q3739809>	POINT(-3.161195 54.086435)	"Rampside Lighthouse"@en	1875-01-01T00:00:00Z									5	"http://www.wikidata.org/entity/Q66350506"
<http://www.wikidata.org/entity/Q3739812>	POINT(12.733286 38.188547)	"San Vito Lo Capo lighthouse"@en	1859-01-01T00:00:00Z									4	"http://www.wikidata.org/entity/Q39715"
<http://www.wikidata.org/entity/Q3739817>	POINT(-6.345430 49.892500)	"St Agnes Lighthouse"@en	1680-01-01T00:00:00Z									4	"http://www.wikidata.org/entity/Q39715"
<http://www.wikidata.org/entity/Q3739820>	POINT(-4.251020 51.652500)	"Whiteford Lighthouse"@en	1854-01-01T00:00:00Z									5	"http://www.wikidata.org/entity/Q39715"
<http://www.wikidata.org/entity/Q37745051>	POINT(12.446750 56.302472)	"Kullen West lighthouse"@en	1898-01-01T00:00:00Z									0	"http://www.wikidata.org/entity/Q39715"
<http://www.wikidata.org/entity/Q37756916>	POINT(23.557000 65.528083)	"Malören lighthouse"@en	1851-01-01T00:00:00Z									2	"http://www.wikidata.org/entity/Q39715|http://www.wikidata.org/entity/Q66088335|http://www.wikidata.org/entity/Q787078"
<http://www.wikidata.org/entity/Q3778643>	POINT(-10.060472 54.098520)	"Blacksod Lighthouse"@en	1864-01-01T00:00:00Z									7	"http://www.wikidata.org/entity/Q39715"
<http://www.wikidata.org/entity/Q37800916>	POINT(11.901861 57.302972)	"Nidingen twin lighthouses"@en	1832-01-01T00:00:00Z									2	"http://www.wikidata.org/entity/Q10416961|http://www.wikidata.org/entity/Q118896406|http://www.wikidata.org/entity/Q39715"
<http://www.wikidata.org/entity/Q37876508>	POINT(21.557528 65.035278)	"Pite-Rönnskär lighthouse"@en	1904-01-01T00:00:00Z									1	"http://www.wikidata.org/entity/Q10519294|http://www.wikidata.org/entity/Q39715"
<http://www.wikidata.org/entity/Q37880773>	POINT(22.360417 65.317889)	"Rödkallen old lighthouse"@en	1872-01-01T00:00:00Z									1	"http://www.wikidata.org/entity/Q10519294"
<http://www.wikidata.org/entity/Q37915480>	POINT(21.507778 65.143167)		1871-01-01T00:00:00Z									0	"http://www.wikidata.org/entity/Q10519294|http://www.wikidata.org/entity/Q39715"
<http://www.wikidata.org/entity/Q380270>	POINT(32.232611 46.492333)	"Stanislav-Adziogol Lighthouse"@en	1911-01-01T00:00:00Z									18	"http://www.wikidata.org/entity/Q1580122|http://www.wikidata.org/entity/Q1930418|http://www.wikidata.org/entity/Q39715"
<http://www.wikidata.org/entity/Q38117925>	POINT(11.601556 57.632111)	"Vinga North lighthouse"@en	1854-01-01T00:00:00Z		1889-01-01T00:00:00Z							0	"http://www.wikidata.org/entity/Q39715"
<http://www.wikidata.org/entity/Q38118387>	POINT(11.601000 57.631556)	"Vinga South lighthouse"@en	1840-01-01T00:00:00Z									0	"http://www.wikidata.org/entity/Q10569886|http://www.wikidata.org/entity/Q39715"
<http://www.wikidata.org/entity/Q38120029>	POINT(11.032917 58.542000)	"Väderöbod old lighthouse"@en	1866-01-01T00:00:00Z		1969-01-01T00:00:00Z							0	"http://www.wikidata.org/entity/Q10519294|http://www.wikidata.org/entity/Q39715|http://www.wikidata.org/entity/Q787078"
<http://www.wikidata.org/entity/Q38123005>	POINT(12.668806 55.914667)	"Ven West old lighthouse"@en	1871-01-01T00:00:00Z									0	"http://www.wikidata.org/entity/Q3278565|http://www.wikidata.org/entity/Q39715|http://www.wikidata.org/entity/Q66088335"
<http://www.wikidata.org/entity/Q38124814>	POINT(18.373361 60.526361)	"Örskär lighthouse"@en	1739-01-01T00:00:00Z									2	"http://www.wikidata.org/entity/Q39715"
<http://www.wikidata.org/entity/Q38217997>	POINT(-5.923794 35.791006)	"Cape Spartel Lighthouse"@en	1864-01-01T00:00:00Z									5	"http://www.wikidata.org/entity/Q39715"
<http://www.wikidata.org/entity/Q38219457>	POINT(17.985583 60.638917)	"Björn old lighthouse"@en	1889-01-01T00:00:00Z		1959-01-01T00:00:00Z							0	"http://www.wikidata.org/entity/Q3278565|http://www.wikidata.org/entity/Q39715"
<http://www.wikidata.org/entity/Q38221022>	POINT(17.319611 60.739083)	"Bönan new lighthouse"@en	1902-01-01T00:00:00Z									0	"http://www.wikidata.org/entity/Q39715|http://www.wikidata.org/entity/Q787078"
<http://www.wikidata.org/entity/Q385142>	POINT(28.218230 71.089560)	"Slettnes Lighthouse"@en	1905-09-15T00:00:00Z									14	"http://www.wikidata.org/entity/Q39715"
<http://www.wikidata.org/entity/Q38672730>	POINT(11.675528 57.636917)	"Buskär lighthouse"@en	1911-01-01T00:00:00Z									0	"http://www.wikidata.org/entity/Q39715"
<http://www.wikidata.org/entity/Q38673957>	POINT(11.674278 57.636917)	"Buskär old lighthouse"@en	1841-01-01T00:00:00Z		1934-01-01T00:00:00Z							0	"http://www.wikidata.org/entity/Q3278565|http://www.wikidata.org/entity/Q39715"
<http://www.wikidata.org/entity/Q38678943>	POINT(12.359444 56.923222)	"Morups Tånge"@en	1842-01-01T00:00:00Z									2	"http://www.wikidata.org/entity/Q39715|http://www.wikidata.org/entity/Q787078"
<http://www.wikidata.org/entity/Q38890336>	POINT(20.898000 63.992194)	"Rataskär lighthouse"@en	1889-01-01T00:00:00Z									1	"http://www.wikidata.org/entity/Q3278565|http://www.wikidata.org/entity/Q39715|http://www.wikidata.org/entity/Q787078"
<http://www.wikidata.org/entity/Q39118934>	POINT(16.986167 58.146056)	"Häradskär lighthouse"@en	1863-01-01T00:00:00Z									2	"http://www.wikidata.org/entity/Q10519294|http://www.wikidata.org/entity/Q39715"
<http://www.wikidata.org/entity/Q39129543>	POINT(10.348333 36.871667)	"Sidi Bou Said lighthouse"@en	1840-01-01T00:00:00Z									3	"http://www.wikidata.org/entity/Q39715"
<http://www.wikidata.org/entity/Q39130556>	POINT(16.621222 57.281139)	"Furö lighthouse"@en	1874-01-01T00:00:00Z		1932-01-01T00:00:00Z							0	"http://www.wikidata.org/entity/Q3278565|http://www.wikidata.org/entity/Q39715"
<http://www.wikidata.org/entity/Q39131733>	POINT(13.472167 58.873333)	"Djurö lighthouse"@en	1912-01-01T00:00:00Z									0	"http://www.wikidata.org/entity/Q39715|http://www.wikidata.org/entity/Q787078"
<http://www.wikidata.org/entity/Q39145498>	POINT(11.005055 58.902445)	"Nordkoster North lighthouse"@en	1849-01-01T00:00:00Z								"http://www.wikidata.org/entity/Q39135246"	0	"http://www.wikidata.org/entity/Q39715"
<http://www.wikidata.org/entity/Q39147722>	POINT(11.005528 58.901833)	"Nordkoster South lighthouse"@en	1849-01-01T00:00:00Z								"http://www.wikidata.org/entity/Q39135246"	0	"http://www.wikidata.org/entity/Q39715"
<http://www.wikidata.org/entity/Q39168561>	POINT(19.193083 58.394111)	"Gotska Sandön lighthouse"@en	1858-01-01T00:00:00Z									2	"http://www.wikidata.org/entity/Q118896406|http://www.wikidata.org/entity/Q39715|http://www.wikidata.org/entity/Q66088335"
<http://www.wikidata.org/entity/Q39181115>	POINT(11.364500 58.311417)		1890-01-01T00:00:00Z									0	"http://www.wikidata.org/entity/Q39715|http://www.wikidata.org/entity/Q787078"
<http://www.wikidata.org/entity/Q39258813>	POINT(11.198472 58.592528)		1909-01-01T00:00:00Z									0	"http://www.wikidata.org/entity/Q39715|http://www.wikidata.org/entity/Q787078"
<http://www.wikidata.org/entity/Q39283396>	POINT(11.516833 57.946333)	"Eggskär lighthouse"@en	1904-01-01T00:00:00Z									0	"http://www.wikidata.org/entity/Q39715|http://www.wikidata.org/entity/Q787078"
<http://www.wikidata.org/entity/Q39396790>	POINT(11.379556 58.309861)		1890-01-01T00:00:00Z									0	"http://www.wikidata.org/entity/Q39715|http://www.wikidata.org/entity/Q787078"
<http://www.wikidata.org/entity/Q39470468>	POINT(10.615000 36.395000)	"Hammamet lighthouse"@en	1912-01-01T00:00:00Z									3	"http://www.wikidata.org/entity/Q39715"
<http://www.wikidata.org/entity/Q39481608>	POINT(10.638333 35.823333)	"Sousse Lighthouse"@en	1890-01-01T00:00:00Z								"http://www.wikidata.org/entity/Q42762076"	3	"http://www.wikidata.org/entity/Q39715"
<http://www.wikidata.org/entity/Q39487335>	POINT(11.802972 57.580583)		1885-01-01T00:00:00Z									0	"http://www.wikidata.org/entity/Q39715|http://www.wikidata.org/entity/Q787078"
<http://www.wikidata.org/entity/Q39510130>	POINT(11.605833 57.631972)	"Vinga East upper light"@en	1896-01-01T00:00:00Z									0	"http://www.wikidata.org/entity/Q39715"
<http://www.wikidata.org/entity/Q39511644>	POINT(11.612028 57.632944)	"Vinga East lower light"@en	1896-01-01T00:00:00Z									0	"http://www.wikidata.org/entity/Q39715"
<http://www.wikidata.org/entity/Q39513327>	POINT(11.620833 57.635417)		1896-01-01T00:00:00Z									0	"http://www.wikidata.org/entity/Q39715|http://www.wikidata.org/entity/Q787078"
<http://www.wikidata.org/entity/Q39590109>	POINT(11.719750 57.649139)	"Böttö old lighthouse"@en	1841-01-01T00:00:00Z									0	"http://www.wikidata.org/entity/Q3278565|http://www.wikidata.org/entity/Q39715"
<http://www.wikidata.org/entity/Q39626936>	POINT(11.699556 57.695361)	"Stora Varholmen lighthouse"@en	1884-01-01T00:00:00Z									0	"http://www.wikidata.org/entity/Q39715|http://www.wikidata.org/entity/Q787078"
<http://www.wikidata.org/entity/Q39628982>	POINT(11.705583 57.703833)	"Lilla Varholmen lower light"@en	1889-01-01T00:00:00Z									0	"http://www.wikidata.org/entity/Q39715"
<http://www.wikidata.org/entity/Q39629600>	POINT(11.703417 57.704972)	"Lilla Varholmen upper light"@en	1889-01-01T00:00:00Z									0	"http://www.wikidata.org/entity/Q39715|http://www.wikidata.org/entity/Q787078"
<http://www.wikidata.org/entity/Q39646801>	POINT(11.661639 57.732417)	"Hälsö lower light"@en	1884-01-01T00:00:00Z									0	"http://www.wikidata.org/entity/Q39715|http://www.wikidata.org/entity/Q787078"
<http://www.wikidata.org/entity/Q39648786>	POINT(11.655750 57.738222)	"Hälsö upper light"@en	1884-01-01T00:00:00Z									0	"http://www.wikidata.org/entity/Q39715"
<http://www.wikidata.org/entity/Q39650895>	POINT(11.609611 57.746056)		1893-01-01T00:00:00Z									0	"http://www.wikidata.org/entity/Q39715|http://www.wikidata.org/entity/Q787078"
<http://www.wikidata.org/entity/Q39653827>	POINT(11.592667 57.841333)	"Lekskär lighthouse"@en	1884-01-01T00:00:00Z									0	"http://www.wikidata.org/entity/Q39715|http://www.wikidata.org/entity/Q787078"
<http://www.wikidata.org/entity/Q39657852>	POINT(11.619945 57.815806)	"Sälö lighthouse"@en	1884-01-01T00:00:00Z									0	"http://www.wikidata.org/entity/Q39715|http://www.wikidata.org/entity/Q787078"
<http://www.wikidata.org/entity/Q39660141>	POINT(11.577611 57.886139)	"Carlsten Fortress lighthouse"@en	1781-01-01T00:00:00Z									0	"http://www.wikidata.org/entity/Q39715"
<http://www.wikidata.org/entity/Q39723511>	POINT(11.575500 57.891694)	"Marstrand harbor lighthouse"@en	1914-01-01T00:00:00Z									0	"http://www.wikidata.org/entity/Q39715|http://www.wikidata.org/entity/Q787078"
<http://www.wikidata.org/entity/Q39726469>	POINT(11.575722 57.891667)	"Marstrand old lighthouse"@en	1868-01-01T00:00:00Z									0	"http://www.wikidata.org/entity/Q3278565|http://www.wikidata.org/entity/Q39715"
<http://www.wikidata.org/entity/Q39759647>	POINT(12.019083 57.351722)		1908-01-01T00:00:00Z									0	"http://www.wikidata.org/entity/Q39715|http://www.wikidata.org/entity/Q787078"
<http://www.wikidata.org/entity/Q39771779>	POINT(14.470639 55.964722)	"Lägerholmen lighthouse"@en	1908-01-01T00:00:00Z									0	"http://www.wikidata.org/entity/Q39715|http://www.wikidata.org/entity/Q787078"
<http://www.wikidata.org/entity/Q39793371>	POINT(14.359083 55.557444)	"Simrishamn lighthouse"@en	1883-01-01T00:00:00Z									0	"http://www.wikidata.org/entity/Q39715|http://www.wikidata.org/entity/Q787078"
<http://www.wikidata.org/entity/Q39867552>	POINT(12.995889 55.612528)	"Malmö Inner lighthouse"@en	1878-01-01T00:00:00Z									3	"http://www.wikidata.org/entity/Q39715"
<http://www.wikidata.org/entity/Q39868900>	POINT(12.991611 55.616417)	"Malmö outer lighthouse"@en	1878-01-01T00:00:00Z									1	"http://www.wikidata.org/entity/Q39715"
<http://www.wikidata.org/entity/Q39880273>	POINT(12.740972 55.990889)	"Råå lighthouse"@en	1857-01-01T00:00:00Z									1	"http://www.wikidata.org/entity/Q39715|http://www.wikidata.org/entity/Q787078"
<http://www.wikidata.org/entity/Q39908232>	POINT(10.113861 33.894111)	"Gabès Lighthouse"@en	1893-01-01T00:00:00Z									2	"http://www.wikidata.org/entity/Q39715"
<http://www.wikidata.org/entity/Q399098>	POINT(-4.759722 48.039167)	"Tourelle de la Plate"@en	1911-01-01T00:00:00Z									6	"http://www.wikidata.org/entity/Q2089890|http://www.wikidata.org/entity/Q39715"
<http://www.wikidata.org/entity/Q39912073>	POINT(15.235917 56.152611)	"Saxemara lower light"@en	1904-01-01T00:00:00Z									0	"http://www.wikidata.org/entity/Q39715"
<http://www.wikidata.org/entity/Q39912907>	POINT(15.242278 56.163222)	"Saxemara upper light"@en	1904-01-01T00:00:00Z									0	"http://www.wikidata.org/entity/Q39715"
<http://www.wikidata.org/entity/Q39913414>	POINT(10.743056 33.885000)		1895-01-01T00:00:00Z									2	"http://www.wikidata.org/entity/Q39715"
<http://www.wikidata.org/entity/Q39915217>	POINT(15.099583 56.139389)		1898-01-01T00:00:00Z									0	"http://www.wikidata.org/entity/Q39715|http://www.wikidata.org/entity/Q787078"
<http://www.wikidata.org/entity/Q39921092>	POINT(14.971278 56.112972)	"Tärnö lighthouse"@en	1910-01-01T00:00:00Z									0	"http://www.wikidata.org/entity/Q39715|http://www.wikidata.org/entity/Q66088335|http://www.wikidata.org/entity/Q787078"
<http://www.wikidata.org/entity/Q39924736>	POINT(14.780611 56.034861)	"Listershuvud lighthouse"@en	1895-01-01T00:00:00Z									0	"http://www.wikidata.org/entity/Q39715|http://www.wikidata.org/entity/Q787078"
<http://www.wikidata.org/entity/Q3995243>	POINT(18.519878 40.107422)	"Punta Palascia Lighthouse"@en	1867-01-01T00:00:00Z								"http://www.wikidata.org/entity/Q3833873"	4	"http://www.wikidata.org/entity/Q39715"
<http://www.wikidata.org/entity/Q3995634>	POINT(-4.141830 50.364400)	"Smeaton's Tower"@en	1759-01-01T00:00:00Z									5	"http://www.wikidata.org/entity/Q39715"
<http://www.wikidata.org/entity/Q39996948>	POINT(11.045000 33.821667)	"Tourgueness lighthouse"@en	1895-01-01T00:00:00Z									3	"http://www.wikidata.org/entity/Q39715"
<http://www.wikidata.org/entity/Q39998761>	POINT(11.120000 33.496667)		1894-01-01T00:00:00Z									1	"http://www.wikidata.org/entity/Q39715"
<http://www.wikidata.org/entity/Q40004143>	POINT(16.675083 57.761056)	"Vitudden lighthouse"@en	1895-01-01T00:00:00Z									0	"http://www.wikidata.org/entity/Q39715|http://www.wikidata.org/entity/Q787078"
<http://www.wikidata.org/entity/Q40006771>	POINT(16.755000 57.722117)		1884-01-01T00:00:00Z									0	"http://www.wikidata.org/entity/Q39715|http://www.wikidata.org/entity/Q787078"
<http://www.wikidata.org/entity/Q40027787>	POINT(16.785528 57.671583)		1884-01-01T00:00:00Z									0	"http://www.wikidata.org/entity/Q39715|http://www.wikidata.org/entity/Q787078"
<http://www.wikidata.org/entity/Q40034487>	POINT(16.737667 57.460611)		1885-01-01T00:00:00Z									0	"http://www.wikidata.org/entity/Q39715|http://www.wikidata.org/entity/Q787078"
<http://www.wikidata.org/entity/Q40037779>	POINT(16.675833 57.058056)	"Dämman"@en	1872-01-01T00:00:00Z									2	"http://www.wikidata.org/entity/Q13691|http://www.wikidata.org/entity/Q3278565|http://www.wikidata.org/entity/Q39715"
<http://www.wikidata.org/entity/Q40077332>	POINT(17.596945 58.838139)		1884-01-01T00:00:00Z									0	"http://www.wikidata.org/entity/Q39715|http://www.wikidata.org/entity/Q787078"
<http://www.wikidata.org/entity/Q40081141>	POINT(17.549500 58.815556)		1884-01-01T00:00:00Z									0	"http://www.wikidata.org/entity/Q39715|http://www.wikidata.org/entity/Q787078"
<http://www.wikidata.org/entity/Q40083632>	POINT(17.474750 58.764833)		1885-01-01T00:00:00Z									0	"http://www.wikidata.org/entity/Q39715|http://www.wikidata.org/entity/Q787078"
<http://www.wikidata.org/entity/Q40088530>	POINT(17.409139 58.751445)		1893-01-01T00:00:00Z									0	"http://www.wikidata.org/entity/Q39715|http://www.wikidata.org/entity/Q787078"
<http://www.wikidata.org/entity/Q40104206>	POINT(17.140556 58.645472)	"Beten lighthouse"@en	1908-01-01T00:00:00Z									0	"http://www.wikidata.org/entity/Q39715|http://www.wikidata.org/entity/Q787078"
<http://www.wikidata.org/entity/Q40123739>	POINT(16.324750 58.634167)	"Stora Juten lighthouse"@en	1886-01-01T00:00:00Z									0	"http://www.wikidata.org/entity/Q39715|http://www.wikidata.org/entity/Q787078"
<http://www.wikidata.org/entity/Q40129130>	POINT(16.810889 58.620611)	"Nävekvarn lighthouse"@en	1914-01-01T00:00:00Z									0	"http://www.wikidata.org/entity/Q39715|http://www.wikidata.org/entity/Q787078"
<http://www.wikidata.org/entity/Q40131854>	POINT(17.232778 58.714000)		1889-01-01T00:00:00Z									0	"http://www.wikidata.org/entity/Q39715|http://www.wikidata.org/entity/Q787078"
<http://www.wikidata.org/entity/Q40206437>	POINT(16.910050 58.558700)	"Marö lower light"@en	1900-01-01T00:00:00Z									0	"http://www.wikidata.org/entity/Q39715|http://www.wikidata.org/entity/Q787078"
<http://www.wikidata.org/entity/Q40207276>	POINT(16.902867 58.549983)	"Marö upper light"@en	1900-01-01T00:00:00Z									0	"http://www.wikidata.org/entity/Q39715|http://www.wikidata.org/entity/Q787078"
<http://www.wikidata.org/entity/Q40214856>	POINT(16.961056 58.470750)		1884-01-01T00:00:00Z									0	"http://www.wikidata.org/entity/Q39715|http://www.wikidata.org/entity/Q787078"
<http://www.wikidata.org/entity/Q40235020>	POINT(16.752028 58.418694)		1896-01-01T00:00:00Z									0	"http://www.wikidata.org/entity/Q39715|http://www.wikidata.org/entity/Q787078"
<http://www.wikidata.org/entity/Q40238830>	POINT(16.894722 58.208528)		1900-01-01T00:00:00Z									0	"http://www.wikidata.org/entity/Q39715|http://www.wikidata.org/entity/Q787078"
<http://www.wikidata.org/entity/Q40302520>	POINT(16.920944 58.170583)	"Sandö lighthouse"@en	1900-01-01T00:00:00Z									0	"http://www.wikidata.org/entity/Q39715|http://www.wikidata.org/entity/Q787078"
<http://www.wikidata.org/entity/Q40314227>	POINT(16.633139 56.876167)	"Borgholm lighthouse"@en	1904-01-01T00:00:00Z									0	"http://www.wikidata.org/entity/Q39715|http://www.wikidata.org/entity/Q787078"
<http://www.wikidata.org/entity/Q40319904>	POINT(16.997139 57.321667)	"Tokenäsudde"@en	1893-01-01T00:00:00Z									2	"http://www.wikidata.org/entity/Q39715|http://www.wikidata.org/entity/Q787078"
<http://www.wikidata.org/entity/Q40322292>	POINT(16.566917 56.368389)	"Segerstad lighthouse"@en	1882-01-01T00:00:00Z									1	"http://www.wikidata.org/entity/Q39715|http://www.wikidata.org/entity/Q787078"
<http://www.wikidata.org/entity/Q40344187>	POINT(19.098333 57.847983)	"Fårösund South lighthouse"@en	1894-01-01T00:00:00Z									0	"http://www.wikidata.org/entity/Q39715|http://www.wikidata.org/entity/Q787078"
<http://www.wikidata.org/entity/Q40345070>	POINT(19.026195 57.727167)		1911-01-01T00:00:00Z									0	"http://www.wikidata.org/entity/Q39715|http://www.wikidata.org/entity/Q787078"
<http://www.wikidata.org/entity/Q40347414>	POINT(18.854417 57.678750)	"Magö lighthouse"@en	1914-01-01T00:00:00Z									0	"http://www.wikidata.org/entity/Q39715|http://www.wikidata.org/entity/Q787078"
<http://www.wikidata.org/entity/Q40348901>	POINT(18.715000 57.323528)	"Ljugarn lighthouse"@en	1886-01-01T00:00:00Z									1	"http://www.wikidata.org/entity/Q39715|http://www.wikidata.org/entity/Q787078"
<http://www.wikidata.org/entity/Q40352137>	POINT(18.284500 56.922667)	"Heligholmen lighthouse"@en	1913-01-01T00:00:00Z									0	"http://www.wikidata.org/entity/Q39715|http://www.wikidata.org/entity/Q787078"
<http://www.wikidata.org/entity/Q40411787>	POINT(18.273361 57.634583)	"Visby harbor lighthouse"@en	1867-01-01T00:00:00Z									0	"http://www.wikidata.org/entity/Q39715|http://www.wikidata.org/entity/Q787078"
<http://www.wikidata.org/entity/Q40441949>	POINT(15.621333 58.444611)	"Linköping lighthouse"@en	1899-01-01T00:00:00Z									0	"http://www.wikidata.org/entity/Q39715|http://www.wikidata.org/entity/Q787078"
<http://www.wikidata.org/entity/Q40443070>	POINT(14.790611 58.539278)	"Fjuk lighthouse"@en	1909-01-01T00:00:00Z									0	"http://www.wikidata.org/entity/Q39715|http://www.wikidata.org/entity/Q787078"
<http://www.wikidata.org/entity/Q40447671>	POINT(14.918583 58.777694)		1900-01-01T00:00:00Z									0	"http://www.wikidata.org/entity/Q39715|http://www.wikidata.org/entity/Q787078"
<http://www.wikidata.org/entity/Q40453343>	POINT(14.809389 58.695056)		1906-01-01T00:00:00Z									0	"http://www.wikidata.org/entity/Q39715|http://www.wikidata.org/entity/Q787078"
<http://www.wikidata.org/entity/Q40459870>	POINT(14.297028 58.302833)	"Hjo north lighthouse"@en	1897-01-01T00:00:00Z									0	"http://www.wikidata.org/entity/Q118896406|http://www.wikidata.org/entity/Q39715|http://www.wikidata.org/entity/Q787078"
<http://www.wikidata.org/entity/Q40460470>	POINT(14.294944 58.301222)	"Hjo South lighthouse"@en	1897-01-01T00:00:00Z									0	"http://www.wikidata.org/entity/Q118896406|http://www.wikidata.org/entity/Q39715|http://www.wikidata.org/entity/Q787078"
<http://www.wikidata.org/entity/Q40461336>	POINT(14.875139 58.449695)	"Vadstena lighthouse"@en	1889-01-01T00:00:00Z									0	"http://www.wikidata.org/entity/Q39715|http://www.wikidata.org/entity/Q66088335|http://www.wikidata.org/entity/Q787078"
<http://www.wikidata.org/entity/Q40463325>	POINT(14.634417 58.279639)	"Hästholmen lighthouse"@en	1897-01-01T00:00:00Z									1	"http://www.wikidata.org/entity/Q39715"
<http://www.wikidata.org/entity/Q40464804>	POINT(14.396556 58.107333)	"Visingsö North Head"@en	1900-01-01T00:00:00Z									0	"http://www.wikidata.org/entity/Q39715"
<http://www.wikidata.org/entity/Q40521057>	POINT(14.276944 57.997778)	"Visingsö South Head"@en	1900-01-01T00:00:00Z									0	"http://www.wikidata.org/entity/Q39715"
<http://www.wikidata.org/entity/Q40524309>	POINT(14.166583 57.786028)	"Jönköping lighthouse"@en	1894-01-01T00:00:00Z									0	"http://www.wikidata.org/entity/Q39715|http://www.wikidata.org/entity/Q787078"
<http://www.wikidata.org/entity/Q40525387>	POINT(15.273972 58.555083)	"Borensberg lighthouse"@en	1898-01-01T00:00:00Z									0	"http://www.wikidata.org/entity/Q39715"
<http://www.wikidata.org/entity/Q40547458>	POINT(13.660861 59.301417)		1911-01-01T00:00:00Z									0	"http://www.wikidata.org/entity/Q3278565|http://www.wikidata.org/entity/Q39715"
<http://www.wikidata.org/entity/Q40549204>	POINT(13.505500 59.254361)	"Hammarö Skage"@en	1872-01-01T00:00:00Z									2	"http://www.wikidata.org/entity/Q3278565|http://www.wikidata.org/entity/Q39715|http://www.wikidata.org/entity/Q66088335"
<http://www.wikidata.org/entity/Q40550663>	POINT(13.432972 59.317583)	"Skoghall lighthouse"@en	1855-01-01T00:00:00Z									0	"http://www.wikidata.org/entity/Q39715|http://www.wikidata.org/entity/Q66088335|http://www.wikidata.org/entity/Q787078"
<http://www.wikidata.org/entity/Q40554441>	POINT(13.591139 59.364195)		1895-01-01T00:00:00Z									0	"http://www.wikidata.org/entity/Q39715|http://www.wikidata.org/entity/Q787078"
<http://www.wikidata.org/entity/Q40560417>	POINT(14.055611 59.271083)	"Strandudden upper light"@en	1866-01-01T00:00:00Z									0	"http://www.wikidata.org/entity/Q39715"
<http://www.wikidata.org/entity/Q40573581>	POINT(13.198861 58.849389)	"Gunnarsholmen lower light"@en	1854-01-01T00:00:00Z									0	"http://www.wikidata.org/entity/Q39715|http://www.wikidata.org/entity/Q66088335|http://www.wikidata.org/entity/Q787078"
<http://www.wikidata.org/entity/Q40574920>	POINT(12.883083 59.078833)		1867-01-01T00:00:00Z									0	"http://www.wikidata.org/entity/Q3278565|http://www.wikidata.org/entity/Q39715"
<http://www.wikidata.org/entity/Q40579275>	POINT(13.259417 58.813861)		1906-01-01T00:00:00Z									0	"http://www.wikidata.org/entity/Q39715|http://www.wikidata.org/entity/Q66088335"
<http://www.wikidata.org/entity/Q4058664>	POINT(34.122465 44.428455)	"Ai-Todorsky lighthouse"@en	1835-01-01T00:00:00Z									3	"http://www.wikidata.org/entity/Q39715"
<http://www.wikidata.org/entity/Q40657560>	POINT(13.250583 58.789750)		1905-01-01T00:00:00Z									0	"http://www.wikidata.org/entity/Q3278565|http://www.wikidata.org/entity/Q39715|http://www.wikidata.org/entity/Q787078"
<http://www.wikidata.org/entity/Q40660055>	POINT(13.263056 58.787889)		1863-01-01T00:00:00Z		1932-01-01T00:00:00Z							0	"http://www.wikidata.org/entity/Q3278565|http://www.wikidata.org/entity/Q39715"
<http://www.wikidata.org/entity/Q40674419>	POINT(13.170695 58.514750)	"Lidköping lighthouse"@en	1911-01-01T00:00:00Z									0	"http://www.wikidata.org/entity/Q39715|http://www.wikidata.org/entity/Q787078"
<http://www.wikidata.org/entity/Q40684008>	POINT(13.698111 58.799389)		1855-01-01T00:00:00Z									0	"http://www.wikidata.org/entity/Q39715|http://www.wikidata.org/entity/Q66088335|http://www.wikidata.org/entity/Q787078"
<http://www.wikidata.org/entity/Q40684908>	POINT(13.847500 58.723694)		1904-01-01T00:00:00Z									0	"http://www.wikidata.org/entity/Q39715"
<http://www.wikidata.org/entity/Q40685953>	POINT(13.848806 58.730750)	"Nolhagen lower light"@en	1904-01-01T00:00:00Z									0	"http://www.wikidata.org/entity/Q39715|http://www.wikidata.org/entity/Q787078"
<http://www.wikidata.org/entity/Q40686699>	POINT(13.852000 58.730472)	"Nolhagen upper light"@en	1904-01-01T00:00:00Z									0	"http://www.wikidata.org/entity/Q39715"
<http://www.wikidata.org/entity/Q40687372>	POINT(13.841472 58.741139)	"Snappudden lower light"@en	1904-01-01T00:00:00Z									0	"http://www.wikidata.org/entity/Q39715"
<http://www.wikidata.org/entity/Q40688101>	POINT(13.863889 58.744556)	"Snappudden upper light"@en	1904-01-01T00:00:00Z									0	"http://www.wikidata.org/entity/Q39715"
<http://www.wikidata.org/entity/Q40689743>	POINT(13.712389 58.852611)		1866-01-01T00:00:00Z									0	"http://www.wikidata.org/entity/Q39715"
<http://www.wikidata.org/entity/Q40691381>	POINT(13.920850 58.914117)		1865-01-01T00:00:00Z									0	"http://www.wikidata.org/entity/Q39715|http://www.wikidata.org/entity/Q787078"
<http://www.wikidata.org/entity/Q40732874>	POINT(12.666583 58.638556)	"Hjortens udde"@en	1852-01-01T00:00:00Z									2	"http://www.wikidata.org/entity/Q39715"
<http://www.wikidata.org/entity/Q40737988>	POINT(15.268167 59.278389)	"Oset light"@en	1913-01-01T00:00:00Z									0	"http://www.wikidata.org/entity/Q39715"
<http://www.wikidata.org/entity/Q40738259>	POINT(15.291972 59.277833)	"Röda Tunnan"@en	1913-01-01T00:00:00Z									0	"http://www.wikidata.org/entity/Q39715|http://www.wikidata.org/entity/Q8157"
<http://www.wikidata.org/entity/Q40765010>	POINT(17.663944 59.273750)	"Bockholmssund lower light"@en	1883-01-01T00:00:00Z									0	"http://www.wikidata.org/entity/Q39715|http://www.wikidata.org/entity/Q787078"
<http://www.wikidata.org/entity/Q40781649>	POINT(16.836806 59.502139)	"Fagerö old lighthouse"@en	1882-01-01T00:00:00Z		2025-04-01T00:00:00Z							0	"http://www.wikidata.org/entity/Q39715|http://www.wikidata.org/entity/Q787078"
<http://www.wikidata.org/entity/Q40985461>	POINT(16.053389 59.487500)	"Köping lower light"@en	1900-01-01T00:00:00Z									0	"http://www.wikidata.org/entity/Q39715"
<http://www.wikidata.org/entity/Q40986746>	POINT(16.033444 59.496472)		1900-01-01T00:00:00Z									0	"http://www.wikidata.org/entity/Q39715"
<http://www.wikidata.org/entity/Q40993218>	POINT(17.386417 59.326194)		1882-01-01T00:00:00Z									0	"http://www.wikidata.org/entity/Q39715|http://www.wikidata.org/entity/Q787078"
<http://www.wikidata.org/entity/Q41018119>	POINT(16.168583 59.442833)		1882-01-01T00:00:00Z									0	"http://www.wikidata.org/entity/Q39715|http://www.wikidata.org/entity/Q787078"
<http://www.wikidata.org/entity/Q41018880>	POINT(16.471111 59.460861)	"Torshälla lighthouse"@en	1906-01-01T00:00:00Z									0	"http://www.wikidata.org/entity/Q39715|http://www.wikidata.org/entity/Q787078"
<http://www.wikidata.org/entity/Q41070669>	POINT(16.550861 59.601583)	"Västerås lighthouse"@en	1883-01-01T00:00:00Z									0	"http://www.wikidata.org/entity/Q39715|http://www.wikidata.org/entity/Q787078"
<http://www.wikidata.org/entity/Q41085669>	POINT(17.556028 61.722000)	"Bålsö lighthouse"@en	1895-01-01T00:00:00Z									0	"http://www.wikidata.org/entity/Q39715|http://www.wikidata.org/entity/Q787078"
<http://www.wikidata.org/entity/Q41087977>	POINT(20.342250 63.668861)	"Fjärdgrund fyr"@en	1907-01-01T00:00:00Z									1	"http://www.wikidata.org/entity/Q3278565|http://www.wikidata.org/entity/Q39715|http://www.wikidata.org/entity/Q787078"
<http://www.wikidata.org/entity/Q41096305>	POINT(14.451500 58.029750)	"Gränna lighthouse"@en	1898-01-01T00:00:00Z									2	"http://www.wikidata.org/entity/Q39715"
<http://www.wikidata.org/entity/Q41441200>	POINT(17.628528 62.012667)	"Gran lighthouse"@en	1886-01-01T00:00:00Z									0	"http://www.wikidata.org/entity/Q3278565|http://www.wikidata.org/entity/Q39715|http://www.wikidata.org/entity/Q787078"
<http://www.wikidata.org/entity/Q41505413>	POINT(17.325917 61.568417)	"Kråkskär lighthouse"@en	1908-01-01T00:00:00Z									0	"http://www.wikidata.org/entity/Q39715|http://www.wikidata.org/entity/Q787078"
<http://www.wikidata.org/entity/Q41531126>	POINT(17.466111 61.542444)	"Agö old lighthouse"@en	1884-01-01T00:00:00Z									0	"http://www.wikidata.org/entity/Q3278565|http://www.wikidata.org/entity/Q39715|http://www.wikidata.org/entity/Q66088335"
<http://www.wikidata.org/entity/Q41531677>	POINT(17.357222 60.806417)		1883-01-01T00:00:00Z									0	"http://www.wikidata.org/entity/Q39715|http://www.wikidata.org/entity/Q787078"
<http://www.wikidata.org/entity/Q41536044>	POINT(18.535667 60.303667)		1883-01-01T00:00:00Z									0	"http://www.wikidata.org/entity/Q39715|http://www.wikidata.org/entity/Q787078"
<http://www.wikidata.org/entity/Q41550687>	POINT(17.360278 60.765389)		1902-01-01T00:00:00Z									0	"http://www.wikidata.org/entity/Q39715|http://www.wikidata.org/entity/Q787078"
<http://www.wikidata.org/entity/Q41553289>	POINT(17.173361 61.274028)		1900-01-01T00:00:00Z									0	"http://www.wikidata.org/entity/Q39715|http://www.wikidata.org/entity/Q787078"
<http://www.wikidata.org/entity/Q41559398>	POINT(17.660056 62.232722)		1892-01-01T00:00:00Z									0	"http://www.wikidata.org/entity/Q39715|http://www.wikidata.org/entity/Q787078"
<http://www.wikidata.org/entity/Q41561176>	POINT(17.369083 62.384611)	"Tjuvholmen lighthouse"@en	1900-01-01T00:00:00Z									0	"http://www.wikidata.org/entity/Q39715|http://www.wikidata.org/entity/Q787078"
<http://www.wikidata.org/entity/Q41563294>	POINT(17.734306 62.388000)		1893-01-01T00:00:00Z									0	"http://www.wikidata.org/entity/Q39715|http://www.wikidata.org/entity/Q787078"
<http://www.wikidata.org/entity/Q41564322>	POINT(17.928550 62.554433)		1906-01-01T00:00:00Z									0	"http://www.wikidata.org/entity/Q39715|http://www.wikidata.org/entity/Q787078"
<http://www.wikidata.org/entity/Q41594836>	POINT(18.002639 62.657806)		1900-01-01T00:00:00Z									0	"http://www.wikidata.org/entity/Q39715|http://www.wikidata.org/entity/Q787078"
<http://www.wikidata.org/entity/Q41595316>	POINT(17.987222 62.737583)	"Vålö lighthouse"@en	1900-01-01T00:00:00Z									0	"http://www.wikidata.org/entity/Q39715|http://www.wikidata.org/entity/Q787078"
<http://www.wikidata.org/entity/Q41619189>	POINT(17.946861 62.784000)	"Åbordsö lighthouse"@en	1900-01-01T00:00:00Z									0	"http://www.wikidata.org/entity/Q39715|http://www.wikidata.org/entity/Q787078"
<http://www.wikidata.org/entity/Q41625450>	POINT(18.556833 62.962833)		1909-01-01T00:00:00Z									0	"http://www.wikidata.org/entity/Q39715|http://www.wikidata.org/entity/Q787078"
<http://www.wikidata.org/entity/Q41652485>	POINT(18.640056 63.072750)		1909-01-01T00:00:00Z									0	"http://www.wikidata.org/entity/Q39715|http://www.wikidata.org/entity/Q787078"
<http://www.wikidata.org/entity/Q41660675>	POINT(19.134733 63.305833)	"Husum lighthouse"@en	1890-01-01T00:00:00Z									0	"http://www.wikidata.org/entity/Q39715|http://www.wikidata.org/entity/Q787078"
<http://www.wikidata.org/entity/Q41667569>	POINT(19.590361 63.409056)		1890-01-01T00:00:00Z									0	"http://www.wikidata.org/entity/Q39715|http://www.wikidata.org/entity/Q787078"
<http://www.wikidata.org/entity/Q41689494>	POINT(20.327611 63.661056)	"Bredskär lower light"@en	1907-01-01T00:00:00Z									0	"http://www.wikidata.org/entity/Q39715"
<http://www.wikidata.org/entity/Q41689693>	POINT(20.324722 63.662472)	"Bredskär upper light"@en	1907-01-01T00:00:00Z									0	"http://www.wikidata.org/entity/Q39715"
<http://www.wikidata.org/entity/Q41692510>	POINT(20.752306 63.594056)	"Holmögadd"@en	1854-01-01T00:00:00Z									2	"http://www.wikidata.org/entity/Q10411887|http://www.wikidata.org/entity/Q39715"
<http://www.wikidata.org/entity/Q41696254>	POINT(20.985445 64.138417)	"Sikeå lighthouse"@en	1912-01-01T00:00:00Z									0	"http://www.wikidata.org/entity/Q39715|http://www.wikidata.org/entity/Q787078"
<http://www.wikidata.org/entity/Q41706716>	POINT(21.317944 64.663167)	"Gåsören old lighthouse"@en	1881-01-01T00:00:00Z									0	"http://www.wikidata.org/entity/Q39715"
<http://www.wikidata.org/entity/Q41709619>	POINT(21.238917 64.683111)	"Skelleftehamn lighthouse"@en	1913-01-01T00:00:00Z		2022-01-01T00:00:00Z							0	"http://www.wikidata.org/entity/Q39715|http://www.wikidata.org/entity/Q787078"
<http://www.wikidata.org/entity/Q41731855>	POINT(21.270417 64.681222)	"Skellefte oil port lower light"@en	1913-01-01T00:00:00Z									0	"http://www.wikidata.org/entity/Q39715|http://www.wikidata.org/entity/Q787078"
<http://www.wikidata.org/entity/Q41733252>	POINT(21.116389 64.809528)		1893-01-01T00:00:00Z									0	"http://www.wikidata.org/entity/Q39715|http://www.wikidata.org/entity/Q787078"
<http://www.wikidata.org/entity/Q41748696>	POINT(22.196567 65.549867)	"Sandögrundet lighthouse"@en	1898-01-01T00:00:00Z									0	"http://www.wikidata.org/entity/Q39715|http://www.wikidata.org/entity/Q787078"
<http://www.wikidata.org/entity/Q4175622>	POINT(36.638889 45.385556)	"Yenikalsky Lighthouse"@en	1820-01-01T00:00:00Z									9	"http://www.wikidata.org/entity/Q39715"
<http://www.wikidata.org/entity/Q41782955>	POINT(11.133653 55.159811)	"Omø fyr"@en	1894-01-01T00:00:00Z									1	"http://www.wikidata.org/entity/Q39715"
<http://www.wikidata.org/entity/Q41798825>	POINT(16.738806 57.502472)	"Ekö lighthouse"@en	1888-01-01T00:00:00Z									0	"http://www.wikidata.org/entity/Q39715|http://www.wikidata.org/entity/Q787078"
<http://www.wikidata.org/entity/Q41798979>	POINT(16.370444 56.652139)	"Grimskär lighthouse"@en	1865-01-01T00:00:00Z		1953-01-01T00:00:00Z							0	"http://www.wikidata.org/entity/Q39715"
<http://www.wikidata.org/entity/Q41799106>	POINT(13.951750 58.839556)	"Harnäsudde lower light"@en	1903-01-01T00:00:00Z									0	"http://www.wikidata.org/entity/Q39715"
<http://www.wikidata.org/entity/Q41799114>	POINT(13.952139 58.838472)	"Harnäsudde upper light"@en	1890-01-01T00:00:00Z									0	"http://www.wikidata.org/entity/Q39715"
<http://www.wikidata.org/entity/Q41799369>	POINT(11.515400 57.998750)	"Saint Olofs lower light"@en	1904-01-01T00:00:00Z									0	"http://www.wikidata.org/entity/Q39715|http://www.wikidata.org/entity/Q787078"
<http://www.wikidata.org/entity/Q41799375>	POINT(11.518583 58.013611)	"Saint Olofs upper light"@en	1904-01-01T00:00:00Z									0	"http://www.wikidata.org/entity/Q39715"
<http://www.wikidata.org/entity/Q41800155>	POINT(15.541806 58.486722)	"Berg lower light"@en	1904-01-01T00:00:00Z									0	"http://www.wikidata.org/entity/Q39715"
<http://www.wikidata.org/entity/Q41800204>	POINT(15.540139 58.486083)	"Berg upper light"@en	1904-01-01T00:00:00Z									0	"http://www.wikidata.org/entity/Q39715"
<http://www.wikidata.org/entity/Q41805856>	POINT(11.208306 58.363972)		1883-01-01T00:00:00Z									0	"http://www.wikidata.org/entity/Q39715|http://www.wikidata.org/entity/Q787078"
<http://www.wikidata.org/entity/Q41808487>	POINT(11.224778 58.532083)	"Långholmen lighthouse"@en	1883-01-01T00:00:00Z									0	"http://www.wikidata.org/entity/Q39715|http://www.wikidata.org/entity/Q787078"
<http://www.wikidata.org/entity/Q41810370>	POINT(18.097528 57.438222)	"Västergarn lighthouse"@en	1873-01-01T00:00:00Z		1890-01-01T00:00:00Z							0	"http://www.wikidata.org/entity/Q39715"
<http://www.wikidata.org/entity/Q41810996>	POINT(11.826361 58.260083)		1907-01-01T00:00:00Z									0	"http://www.wikidata.org/entity/Q39715|http://www.wikidata.org/entity/Q787078"
<http://www.wikidata.org/entity/Q41812681>	POINT(11.246417 58.356083)	"Gravarne lower light"@en	1894-01-01T00:00:00Z									0	"http://www.wikidata.org/entity/Q39715|http://www.wikidata.org/entity/Q787078"
<http://www.wikidata.org/entity/Q41822536>	POINT(11.247861 58.357806)	"Gravarne upper light"@en	1894-01-01T00:00:00Z									0	"http://www.wikidata.org/entity/Q39715"
<http://www.wikidata.org/entity/Q41878201>	POINT(13.873583 58.822722)		1904-01-01T00:00:00Z									0	"http://www.wikidata.org/entity/Q39715|http://www.wikidata.org/entity/Q787078"
<http://www.wikidata.org/entity/Q41895845>	POINT(13.706028 58.812389)	"Brommösund lower light"@en	1865-01-01T00:00:00Z									0	"http://www.wikidata.org/entity/Q39715"
<http://www.wikidata.org/entity/Q41896300>	POINT(13.702806 58.804278)	"Brommösund upper light"@en	1865-01-01T00:00:00Z									0	"http://www.wikidata.org/entity/Q39715"
<http://www.wikidata.org/entity/Q41942049>	POINT(14.027833 58.952611)	"Fårbetsudden lower light"@en	1896-01-01T00:00:00Z									0	"http://www.wikidata.org/entity/Q39715"
<http://www.wikidata.org/entity/Q41942566>	POINT(14.029533 58.955600)	"Fårbetsudden upper light"@en	1896-01-01T00:00:00Z									0	"http://www.wikidata.org/entity/Q39715"
<http://www.wikidata.org/entity/Q41943727>	POINT(13.378889 58.622667)	"Hällekis harbor lighthouse"@en	1871-01-01T00:00:00Z									0	"http://www.wikidata.org/entity/Q39715|http://www.wikidata.org/entity/Q66088335"
<http://www.wikidata.org/entity/Q42022177>	POINT(13.820167 58.719222)	"Mariestad lower light"@en	1904-01-01T00:00:00Z									0	"http://www.wikidata.org/entity/Q39715"
<http://www.wikidata.org/entity/Q42029099>	POINT(13.816611 58.716444)	"Mariestad upper light"@en	1904-01-01T00:00:00Z									0	"http://www.wikidata.org/entity/Q39715"
<http://www.wikidata.org/entity/Q42029445>	POINT(13.816805 58.715055)	"Mariestad Inner lower light"@en	1904-01-01T00:00:00Z									0	"http://www.wikidata.org/entity/Q39715"
<http://www.wikidata.org/entity/Q42029707>	POINT(13.816639 58.709083)	"Mariestad Inner upper light"@en	1904-01-01T00:00:00Z									0	"http://www.wikidata.org/entity/Q39715"
<http://www.wikidata.org/entity/Q42045757>	POINT(14.036861 58.953750)	"Otterbäcken upper light"@en	1896-01-01T00:00:00Z									0	"http://www.wikidata.org/entity/Q39715"
<http://www.wikidata.org/entity/Q42046662>	POINT(13.971000 58.838167)	"Sjötorp lower light"@en	1865-01-01T00:00:00Z									0	"http://www.wikidata.org/entity/Q39715"
<http://www.wikidata.org/entity/Q42047028>	POINT(13.974333 58.836861)	"Sjötorp upper light"@en	1865-01-01T00:00:00Z									0	"http://www.wikidata.org/entity/Q39715|http://www.wikidata.org/entity/Q66088335"
<http://www.wikidata.org/entity/Q42049008>	POINT(13.675389 58.711111)		1902-01-01T00:00:00Z									0	"http://www.wikidata.org/entity/Q39715"
<http://www.wikidata.org/entity/Q42087634>	POINT(14.502833 58.541361)	"Rödesund North Inner light"@en	1906-01-01T00:00:00Z									0	"http://www.wikidata.org/entity/Q39715|http://www.wikidata.org/entity/Q787078"
<http://www.wikidata.org/entity/Q42088024>	POINT(14.519778 58.531167)	"Rödesund East lower light"@en	1909-01-01T00:00:00Z									0	"http://www.wikidata.org/entity/Q39715"
<http://www.wikidata.org/entity/Q42088337>	POINT(14.519917 58.530944)	"Rödesund East upper light"@en	1909-01-01T00:00:00Z									0	"http://www.wikidata.org/entity/Q39715"
<http://www.wikidata.org/entity/Q42104978>	POINT(18.780583 60.204000)	"Gåssten lower light"@en	1881-01-01T00:00:00Z									0	"http://www.wikidata.org/entity/Q39715"
<http://www.wikidata.org/entity/Q42105246>	POINT(18.778333 60.205333)	"Gåssten upper light"@en	1881-01-01T00:00:00Z									0	"http://www.wikidata.org/entity/Q39715"
<http://www.wikidata.org/entity/Q42141635>	POINT(17.203000 60.683889)		1902-01-01T00:00:00Z									0	"http://www.wikidata.org/entity/Q39715"
<http://www.wikidata.org/entity/Q42147612>	POINT(17.129889 61.298278)	"Grundvik lower light"@en	1900-01-01T00:00:00Z									0	"http://www.wikidata.org/entity/Q39715|http://www.wikidata.org/entity/Q8157"
<http://www.wikidata.org/entity/Q42156776>	POINT(17.315778 61.554306)	"Kråkö lighthouse"@en	1892-01-01T00:00:00Z									0	"http://www.wikidata.org/entity/Q39715|http://www.wikidata.org/entity/Q787078"
<http://www.wikidata.org/entity/Q42176125>	POINT(17.894150 62.863350)	"Sprängsviken lighthouse"@en	1900-01-01T00:00:00Z									0	"http://www.wikidata.org/entity/Q39715"
<http://www.wikidata.org/entity/Q42178088>	POINT(18.711055 63.287111)	"Örnsköldsvik lighthouse"@en	1910-01-01T00:00:00Z									0	"http://www.wikidata.org/entity/Q39715"
<http://www.wikidata.org/entity/Q42242490>	POINT(11.110583 58.923750)		1884-01-01T00:00:00Z									0	"http://www.wikidata.org/entity/Q39715|http://www.wikidata.org/entity/Q787078"
<http://www.wikidata.org/entity/Q42247974>	POINT(11.094083 58.913222)		1884-01-01T00:00:00Z									0	"http://www.wikidata.org/entity/Q39715|http://www.wikidata.org/entity/Q787078"
<http://www.wikidata.org/entity/Q42248577>	POINT(11.106417 58.875278)		1899-01-01T00:00:00Z									0	"http://www.wikidata.org/entity/Q39715|http://www.wikidata.org/entity/Q787078"
<http://www.wikidata.org/entity/Q42279056>	POINT(11.216583 58.593750)		1909-01-01T00:00:00Z									0	"http://www.wikidata.org/entity/Q39715|http://www.wikidata.org/entity/Q787078"
<http://www.wikidata.org/entity/Q42284128>	POINT(11.252222 58.581694)		1890-01-01T00:00:00Z									0	"http://www.wikidata.org/entity/Q39715|http://www.wikidata.org/entity/Q787078"
<http://www.wikidata.org/entity/Q42284711>	POINT(11.259556 58.604944)	"Lilla Köttö lighthouse"@en	1909-01-01T00:00:00Z									0	"http://www.wikidata.org/entity/Q39715|http://www.wikidata.org/entity/Q787078"
<http://www.wikidata.org/entity/Q42285652>	POINT(11.226444 58.540639)	"Måkholmen lighthouse"@en	1883-01-01T00:00:00Z									0	"http://www.wikidata.org/entity/Q39715"
<http://www.wikidata.org/entity/Q42293335>	POINT(11.290222 58.355778)		1890-01-01T00:00:00Z									0	"http://www.wikidata.org/entity/Q39715|http://www.wikidata.org/entity/Q787078"
<http://www.wikidata.org/entity/Q42306733>	POINT(11.554945 57.858056)	"Ramholmen lower light"@en	1884-01-01T00:00:00Z									0	"http://www.wikidata.org/entity/Q39715"
<http://www.wikidata.org/entity/Q42306817>	POINT(11.550583 57.860167)	"Ramholmen upper light"@en	1884-01-01T00:00:00Z									0	"http://www.wikidata.org/entity/Q39715"
<http://www.wikidata.org/entity/Q42307713>	POINT(11.666633 57.742000)	"Björkö lower light"@en	1884-01-01T00:00:00Z									0	"http://www.wikidata.org/entity/Q39715|http://www.wikidata.org/entity/Q787078"
<http://www.wikidata.org/entity/Q42307737>	POINT(11.670333 57.735722)	"Björkö upper light"@en	1884-01-01T00:00:00Z									0	"http://www.wikidata.org/entity/Q39715"
<http://www.wikidata.org/entity/Q42308765>	POINT(11.605972 57.689472)		1904-01-01T00:00:00Z									0	"http://www.wikidata.org/entity/Q39715|http://www.wikidata.org/entity/Q787078"
<http://www.wikidata.org/entity/Q42310162>	POINT(11.882000 57.686583)		1902-01-01T00:00:00Z									0	"http://www.wikidata.org/entity/Q39715|http://www.wikidata.org/entity/Q8157"
<http://www.wikidata.org/entity/Q42310176>	POINT(11.952056 57.703972)	"Skeppsbron beacon"@en	1895-01-01T00:00:00Z									0	"http://www.wikidata.org/entity/Q39715|http://www.wikidata.org/entity/Q8157"
<http://www.wikidata.org/entity/Q42310338>	POINT(11.822889 57.620111)	"Knarrholmen lighthouse"@en	1890-01-01T00:00:00Z									1	"http://www.wikidata.org/entity/Q39715|http://www.wikidata.org/entity/Q787078"
<http://www.wikidata.org/entity/Q42310434>	POINT(11.804528 57.659472)	"Rivö lighthouse"@en	1890-01-01T00:00:00Z									0	"http://www.wikidata.org/entity/Q39715|http://www.wikidata.org/entity/Q787078"
<http://www.wikidata.org/entity/Q42316730>	POINT(12.591083 56.424139)		1883-01-01T00:00:00Z									0	"http://www.wikidata.org/entity/Q39715|http://www.wikidata.org/entity/Q787078"
<http://www.wikidata.org/entity/Q42324272>	POINT(12.553833 56.176806)	"Lerberget lighthouse"@en	1892-01-01T00:00:00Z									0	"http://www.wikidata.org/entity/Q39715"
<http://www.wikidata.org/entity/Q42325447>	POINT(12.577250 56.140305)	"Viken lighthouse"@en	1895-01-01T00:00:00Z									0	"http://www.wikidata.org/entity/Q39715|http://www.wikidata.org/entity/Q787078"
<http://www.wikidata.org/entity/Q42344276>	POINT(12.772500 55.939028)	"Ålabodarna lighthouse"@en	1884-01-01T00:00:00Z									0	"http://www.wikidata.org/entity/Q39715"
<http://www.wikidata.org/entity/Q42345600>	POINT(12.799583 55.894472)	"Borstahusen lighthouse"@en	1888-01-01T00:00:00Z									0	"http://www.wikidata.org/entity/Q39715|http://www.wikidata.org/entity/Q787078"
<http://www.wikidata.org/entity/Q42351649>	POINT(12.958639 55.726972)		1887-01-01T00:00:00Z									0	"http://www.wikidata.org/entity/Q39715|http://www.wikidata.org/entity/Q787078"
<http://www.wikidata.org/entity/Q42375960>	POINT(13.054833 55.675917)		1902-01-01T00:00:00Z									0	"http://www.wikidata.org/entity/Q39715|http://www.wikidata.org/entity/Q787078"
<http://www.wikidata.org/entity/Q42434621>	POINT(13.154417 55.370389)	"Trelleborg Channel lower light"@en	1909-01-01T00:00:00Z									0	"http://www.wikidata.org/entity/Q39715"
<http://www.wikidata.org/entity/Q42434701>	POINT(13.155417 55.372389)	"Trelleborg Channel upper light"@en	1909-01-01T00:00:00Z									0	"http://www.wikidata.org/entity/Q39715"
<http://www.wikidata.org/entity/Q42507524>	POINT(14.064278 55.383111)	"Kåseberga Lighthouse"@en	1913-01-01T00:00:00Z									0	"http://www.wikidata.org/entity/Q39715|http://www.wikidata.org/entity/Q787078"
<http://www.wikidata.org/entity/Q42562055>	POINT(14.354778 55.557556)		1887-01-01T00:00:00Z									0	"http://www.wikidata.org/entity/Q39715"
<http://www.wikidata.org/entity/Q42562155>	POINT(14.353111 55.557222)		1887-01-01T00:00:00Z									0	"http://www.wikidata.org/entity/Q39715"
<http://www.wikidata.org/entity/Q4258522>	POINT(48.855359 38.759463)	"Lankaran Lighthouse"@en	1869-01-01T00:00:00Z									4	"http://www.wikidata.org/entity/Q39715"
<http://www.wikidata.org/entity/Q42668841>	POINT(41.661111 42.133278)	"Poti Lighthouse"@en	1862-01-01T00:00:00Z									1	"http://www.wikidata.org/entity/Q2065736|http://www.wikidata.org/entity/Q39715"
<http://www.wikidata.org/entity/Q42750951>	POINT(14.703750 56.013111)	"Hällevik harbor lighthouse"@en	1892-01-01T00:00:00Z									0	"http://www.wikidata.org/entity/Q39715|http://www.wikidata.org/entity/Q787078"
<http://www.wikidata.org/entity/Q42751414>	POINT(14.768250 56.042972)		1901-01-01T00:00:00Z									0	"http://www.wikidata.org/entity/Q39715|http://www.wikidata.org/entity/Q787078"
<http://www.wikidata.org/entity/Q42792156>	POINT(14.875944 56.155667)		1896-01-01T00:00:00Z									0	"http://www.wikidata.org/entity/Q39715|http://www.wikidata.org/entity/Q787078"
<http://www.wikidata.org/entity/Q42880865>	POINT(14.867083 56.163500)	"Karlshamn lower light"@en	1881-01-01T00:00:00Z									0	"http://www.wikidata.org/entity/Q39715"
<http://www.wikidata.org/entity/Q42881043>	POINT(14.865139 56.166333)	"Karlshamn upper light"@en	1871-01-01T00:00:00Z									0	"http://www.wikidata.org/entity/Q39715"
<http://www.wikidata.org/entity/Q42886049>	POINT(15.246361 56.156278)	"Svanvik lower light"@en	1904-01-01T00:00:00Z									0	"http://www.wikidata.org/entity/Q39715"
<http://www.wikidata.org/entity/Q42886621>	POINT(15.250861 56.160806)	"Svanvik upper light"@en	1904-01-01T00:00:00Z									0	"http://www.wikidata.org/entity/Q39715"
<http://www.wikidata.org/entity/Q42887603>	POINT(15.267833 56.158694)		1899-01-01T00:00:00Z									0	"http://www.wikidata.org/entity/Q39715|http://www.wikidata.org/entity/Q787078"
<http://www.wikidata.org/entity/Q42890419>	POINT(15.317750 56.157417)		1899-01-01T00:00:00Z									0	"http://www.wikidata.org/entity/Q39715"
<http://www.wikidata.org/entity/Q42894711>	POINT(-0.302230 39.449100)	"Valencia Lighthouse"@en	1909-01-01T00:00:00Z									1	"http://www.wikidata.org/entity/Q39715"
<http://www.wikidata.org/entity/Q42901204>	POINT(15.307167 56.173194)		1889-01-01T00:00:00Z									0	"http://www.wikidata.org/entity/Q39715|http://www.wikidata.org/entity/Q787078"
<http://www.wikidata.org/entity/Q43016696>	POINT(15.595195 56.164556)	"Merchant Port lower light"@en	1883-01-01T00:00:00Z									0	"http://www.wikidata.org/entity/Q39715"
<http://www.wikidata.org/entity/Q43019638>	POINT(15.593750 56.164972)	"Merchant Port upper light"@en	1883-01-01T00:00:00Z									0	"http://www.wikidata.org/entity/Q39715"
<http://www.wikidata.org/entity/Q431403>	POINT(9.849445 44.026667)	"San Venerio Lighthouse"@en	1840-01-01T00:00:00Z									6	"http://www.wikidata.org/entity/Q39715"
<http://www.wikidata.org/entity/Q43193454>	POINT(16.369550 56.662050)	"Kalmar lower light"@en	1888-01-01T00:00:00Z									0	"http://www.wikidata.org/entity/Q39715"
<http://www.wikidata.org/entity/Q43193823>	POINT(16.368700 56.662117)	"Kalmar upper light"@en	1888-01-01T00:00:00Z									0	"http://www.wikidata.org/entity/Q39715"
<http://www.wikidata.org/entity/Q43230682>	POINT(16.647389 56.879250)	"Borgholm Inlet lower light"@en	1874-01-01T00:00:00Z									0	"http://www.wikidata.org/entity/Q39715"
<http://www.wikidata.org/entity/Q43231456>	POINT(16.650305 56.878639)	"Borgholm Inlet upper light"@en	1874-01-01T00:00:00Z									0	"http://www.wikidata.org/entity/Q39715"
<http://www.wikidata.org/entity/Q43231489>	POINT(16.648278 56.881611)	"Borgholm Harbor lower light"@en	1899-01-01T00:00:00Z									0	"http://www.wikidata.org/entity/Q39715"
<http://www.wikidata.org/entity/Q43231504>	POINT(16.649500 56.881750)	"Borgholm Harbor upper light"@en	1899-01-01T00:00:00Z									0	"http://www.wikidata.org/entity/Q39715"
<http://www.wikidata.org/entity/Q43244>	POINT(29.885000 31.214167)	"Lighthouse of Alexandria"@en	-0278-01-01T00:00:00Z		1480-01-01T00:00:00Z						"http://www.wikidata.org/entity/Q489772"	96	"http://www.wikidata.org/entity/Q19860854|http://www.wikidata.org/entity/Q39715|http://www.wikidata.org/entity/Q66108498"
<http://www.wikidata.org/entity/Q43251851>	POINT(16.533556 57.003167)	"Oknö lower light"@en	1904-01-01T00:00:00Z									0	"http://www.wikidata.org/entity/Q39715"
<http://www.wikidata.org/entity/Q43251997>	POINT(16.528805 57.003167)	"Oknö upper light"@en	1904-01-01T00:00:00Z									0	"http://www.wikidata.org/entity/Q39715"
<http://www.wikidata.org/entity/Q43252117>	POINT(16.523306 57.012917)	"Mönsterås Road lower light"@en	1909-01-01T00:00:00Z									0	"http://www.wikidata.org/entity/Q39715|http://www.wikidata.org/entity/Q787078"
<http://www.wikidata.org/entity/Q43252373>	POINT(16.499000 57.023639)	"Mönsterås Road upper light"@en	1909-01-01T00:00:00Z									0	"http://www.wikidata.org/entity/Q39715"
<http://www.wikidata.org/entity/Q43252648>	POINT(16.855445 57.070833)	"Sandvik lower light"@en	1905-01-01T00:00:00Z									0	"http://www.wikidata.org/entity/Q39715"
<http://www.wikidata.org/entity/Q43252962>	POINT(16.856639 57.070889)	"Sandvik upper light"@en	1905-01-01T00:00:00Z									0	"http://www.wikidata.org/entity/Q39715"
<http://www.wikidata.org/entity/Q43266710>	POINT(16.479833 57.271333)	"Grimskallen lower light"@en	1888-01-01T00:00:00Z									0	"http://www.wikidata.org/entity/Q39715|http://www.wikidata.org/entity/Q787078"
<http://www.wikidata.org/entity/Q43267041>	POINT(16.475944 57.273944)	"Grimskallen North upper light"@en	1902-01-01T00:00:00Z									0	"http://www.wikidata.org/entity/Q39715"
<http://www.wikidata.org/entity/Q43315561>	POINT(18.945639 59.284639)	"Korsö tower"@en	1756-01-01T00:00:00Z									1	"http://www.wikidata.org/entity/Q12518|http://www.wikidata.org/entity/Q39715"
<http://www.wikidata.org/entity/Q43371489>	POINT(16.725667 57.725472)	"Tallskärshålet lower light"@en	1895-01-01T00:00:00Z									0	"http://www.wikidata.org/entity/Q39715|http://www.wikidata.org/entity/Q787078"
<http://www.wikidata.org/entity/Q43734269>	POINT(16.984139 58.350639)	"Stora Högholmen lower light"@en	1896-01-01T00:00:00Z									0	"http://www.wikidata.org/entity/Q39715"
<http://www.wikidata.org/entity/Q43734979>	POINT(16.984389 58.351722)	"Stora Högholmen upper light"@en	1896-01-01T00:00:00Z									0	"http://www.wikidata.org/entity/Q39715"
<http://www.wikidata.org/entity/Q438067>	POINT(6.670560 53.587800)	"Old Lighthouse Borkum"@en	1576-01-01T00:00:00Z									3	"http://www.wikidata.org/entity/Q39715|http://www.wikidata.org/entity/Q5191724"
<http://www.wikidata.org/entity/Q4385735>	POINT(21.114889 55.419611)	"Pervalka Lighthouse"@en	1900-01-01T00:00:00Z									11	"http://www.wikidata.org/entity/Q39715"
<http://www.wikidata.org/entity/Q43863765>	POINT(16.950389 58.399028)	"Lammskär lower light"@en	1896-01-01T00:00:00Z									0	"http://www.wikidata.org/entity/Q39715"
<http://www.wikidata.org/entity/Q43943954>	POINT(16.942889 58.409306)	"Lammskär upper light"@en	1896-01-01T00:00:00Z									0	"http://www.wikidata.org/entity/Q39715"
<http://www.wikidata.org/entity/Q43946545>	POINT(16.668389 58.432194)	"Ettersundet East lighthouse"@en	1884-01-01T00:00:00Z									0	"http://www.wikidata.org/entity/Q39715|http://www.wikidata.org/entity/Q787078|http://www.wikidata.org/entity/Q8157"
<http://www.wikidata.org/entity/Q43949673>	POINT(16.661333 58.432944)	"Ettersundet West lighthouse"@en	1884-01-01T00:00:00Z									0	"http://www.wikidata.org/entity/Q39715|http://www.wikidata.org/entity/Q787078|http://www.wikidata.org/entity/Q8157"
<http://www.wikidata.org/entity/Q4398576>	POINT(30.305833 59.943889)	"Rostral columns on Spit of the Vasilievsky Island"@en	1805-01-01T00:00:00Z									7	"http://www.wikidata.org/entity/Q1112897|http://www.wikidata.org/entity/Q2319498|http://www.wikidata.org/entity/Q39715"
<http://www.wikidata.org/entity/Q4411604>	POINT(39.767493 68.136239)	"Svyatonossky lighthouse"@en	1858-01-01T00:00:00Z									4	"http://www.wikidata.org/entity/Q2319498|http://www.wikidata.org/entity/Q39715"
<http://www.wikidata.org/entity/Q44255801>	POINT(17.321750 58.604278)		1903-01-01T00:00:00Z									0	"http://www.wikidata.org/entity/Q39715|http://www.wikidata.org/entity/Q787078"
<http://www.wikidata.org/entity/Q44261796>	POINT(17.019528 58.625750)	"Kungshamn lower light"@en	1893-01-01T00:00:00Z									0	"http://www.wikidata.org/entity/Q39715|http://www.wikidata.org/entity/Q787078"
<http://www.wikidata.org/entity/Q44263377>	POINT(17.029417 58.627667)	"Kungshamn upper light"@en	1893-01-01T00:00:00Z									0	"http://www.wikidata.org/entity/Q39715|http://www.wikidata.org/entity/Q787078"
<http://www.wikidata.org/entity/Q44276498>	POINT(17.128500 58.652111)		1908-01-01T00:00:00Z									0	"http://www.wikidata.org/entity/Q39715|http://www.wikidata.org/entity/Q787078"
<http://www.wikidata.org/entity/Q44419323>	POINT(17.221500 58.701833)	"Ledskär lighthouse"@en	1892-01-01T00:00:00Z									0	"http://www.wikidata.org/entity/Q39715|http://www.wikidata.org/entity/Q787078"
<http://www.wikidata.org/entity/Q4447457>	POINT(40.971778 42.981361)	"Sokhumi Lighthouse"@en	1861-01-01T00:00:00Z									6	"http://www.wikidata.org/entity/Q39715"
<http://www.wikidata.org/entity/Q44500525>	POINT(17.259750 58.721500)		1886-01-01T00:00:00Z									0	"http://www.wikidata.org/entity/Q39715|http://www.wikidata.org/entity/Q787078"
<http://www.wikidata.org/entity/Q44501179>	POINT(17.315972 58.721306)		1886-01-01T00:00:00Z									0	"http://www.wikidata.org/entity/Q39715|http://www.wikidata.org/entity/Q787078"
<http://www.wikidata.org/entity/Q44501767>	POINT(17.353278 58.746139)		1886-01-01T00:00:00Z									0	"http://www.wikidata.org/entity/Q39715|http://www.wikidata.org/entity/Q787078"
<http://www.wikidata.org/entity/Q4452231>	POINT(32.494167 45.346944)	"Tarkhankut Lighthouse"@en	1817-01-01T00:00:00Z									6	"http://www.wikidata.org/entity/Q39715"
<http://www.wikidata.org/entity/Q44596656>	POINT(17.581528 58.835417)		1884-01-01T00:00:00Z									0	"http://www.wikidata.org/entity/Q39715|http://www.wikidata.org/entity/Q787078"
<http://www.wikidata.org/entity/Q44600200>	POINT(17.019361 58.742667)	"Herrhagen lower light"@en	1906-01-01T00:00:00Z									0	"http://www.wikidata.org/entity/Q39715|http://www.wikidata.org/entity/Q8157"
<http://www.wikidata.org/entity/Q44600350>	POINT(17.012945 58.744195)	"Herrhagen upper light"@en	1906-01-01T00:00:00Z									0	"http://www.wikidata.org/entity/Q39715"
<http://www.wikidata.org/entity/Q44829592>	POINT(12.315805 58.398306)		1807-01-01T00:00:00Z									0	"http://www.wikidata.org/entity/Q3278565|http://www.wikidata.org/entity/Q39715"
<http://www.wikidata.org/entity/Q44833556>	POINT(12.220639 57.105611)	"Skrivareklippan old lighthouse"@en	1871-01-01T00:00:00Z		1934-01-01T00:00:00Z							0	"http://www.wikidata.org/entity/Q39715"
<http://www.wikidata.org/entity/Q45023568>	POINT(1.026550 51.561017)	"Maplin Lighthouse"@en	1838-01-01T00:00:00Z		1932-01-01T00:00:00Z							2	"http://www.wikidata.org/entity/Q39715"
<http://www.wikidata.org/entity/Q45023833>	POINT(19.978755 54.960203)	"Taran Lighthouse"@en	1846-01-01T00:00:00Z									5	"http://www.wikidata.org/entity/Q2319498|http://www.wikidata.org/entity/Q39715"
<http://www.wikidata.org/entity/Q45023977>	POINT(17.008611 43.294722)	"Sveti Petar Lighthouse"@en	1884-01-01T00:00:00Z									3	"http://www.wikidata.org/entity/Q39715"
<http://www.wikidata.org/entity/Q454681>	POINT(8.639920 54.373400)	"Lighthouse Westerheversand"@en	1907-01-01T00:00:00Z									18	"http://www.wikidata.org/entity/Q39715"
<http://www.wikidata.org/entity/Q4557010>	POINT(3.291056 51.353639)	"Lighthouse of Knokke"@en	1872-01-01T00:00:00Z		1952-01-01T00:00:00Z							2	"http://www.wikidata.org/entity/Q39715"
<http://www.wikidata.org/entity/Q4563876>	POINT(5.990280 58.419700)	"Vibberodden Lighthouse"@en	1855-01-01T00:00:00Z									6	"http://www.wikidata.org/entity/Q39715"
<http://www.wikidata.org/entity/Q4566275>	POINT(5.169170 61.984400)	"Ulvesund Lighthouse"@en	1870-01-01T00:00:00Z									5	"http://www.wikidata.org/entity/Q39715"
<http://www.wikidata.org/entity/Q4567011>	POINT(5.568889 59.088889)	"Fjøløy Lighthouse"@en	1849-01-01T00:00:00Z									6	"http://www.wikidata.org/entity/Q39715"
<http://www.wikidata.org/entity/Q4567115>	POINT(9.936460 58.938150)	"Tvistein Lighthouse"@en	1908-01-01T00:00:00Z									6	"http://www.wikidata.org/entity/Q39715"
<http://www.wikidata.org/entity/Q4567676>	POINT(10.052200 58.987500)	"Stavernsodden Lighthouse"@en	1855-01-01T00:00:00Z									6	"http://www.wikidata.org/entity/Q39715"
<http://www.wikidata.org/entity/Q4568181>	POINT(4.649417 60.843000)	"Holmengrå Lighthouse"@en	1892-01-01T00:00:00Z									7	"http://www.wikidata.org/entity/Q39715"
<http://www.wikidata.org/entity/Q4568938>	POINT(5.067222 59.908056)	"Slåtterøy Lighthouse"@en	1859-01-01T00:00:00Z									8	"http://www.wikidata.org/entity/Q39715"
<http://www.wikidata.org/entity/Q45732166>	POINT(17.439472 62.339833)	"Draghällan old lighthouse"@en	1879-01-01T00:00:00Z		1967-01-01T00:00:00Z							0	"http://www.wikidata.org/entity/Q3278565|http://www.wikidata.org/entity/Q39715"
<http://www.wikidata.org/entity/Q45732567>	POINT(17.543139 60.728583)	"Eggegrund West lighthouse"@en	1862-01-01T00:00:00Z		1890-01-01T00:00:00Z							0	"http://www.wikidata.org/entity/Q39715"
<http://www.wikidata.org/entity/Q45732887>	POINT(17.557222 60.728889)	"Eggegrund East lighthouse"@en	1890-01-01T00:00:00Z									0	"http://www.wikidata.org/entity/Q3278565|http://www.wikidata.org/entity/Q39715"
<http://www.wikidata.org/entity/Q45736881>	POINT(12.725056 55.909333)	"Haken old lighthouse"@en	1890-01-01T00:00:00Z		1939-01-01T00:00:00Z							0	"http://www.wikidata.org/entity/Q3278565|http://www.wikidata.org/entity/Q39715"
<http://www.wikidata.org/entity/Q45737935>	POINT(14.846361 56.013222)	"Hanö old lighthouse"@en	1869-01-01T00:00:00Z		1906-01-01T00:00:00Z							1	"http://www.wikidata.org/entity/Q3278565|http://www.wikidata.org/entity/Q39715"
<http://www.wikidata.org/entity/Q45738482>	POINT(17.317750 58.603306)	"Hävringe old lighthouse"@en	1890-01-01T00:00:00Z									0	"http://www.wikidata.org/entity/Q3278565|http://www.wikidata.org/entity/Q39715"
<http://www.wikidata.org/entity/Q4574230>	POINT(10.599167 59.175278)	"Fulehuk Lighthouse"@en	1821-01-01T00:00:00Z									6	"http://www.wikidata.org/entity/Q39715"
<http://www.wikidata.org/entity/Q4575753>	POINT(10.536667 59.386389)	"Bastøy Lighthouse"@en	1840-01-01T00:00:00Z									6	"http://www.wikidata.org/entity/Q39715"
<http://www.wikidata.org/entity/Q4576438>	POINT(5.505278 58.826111)	"Feistein Lighthouse"@en	1859-01-01T00:00:00Z									7	"http://www.wikidata.org/entity/Q39715"
<http://www.wikidata.org/entity/Q4577871>	POINT(5.400000 59.061944)	"Kvitsøy Lighthouse"@en	1700-01-01T00:00:00Z									8	"http://www.wikidata.org/entity/Q39715"
<http://www.wikidata.org/entity/Q4579509>	POINT(4.710722 60.752139)	"Hellisøy Lighthouse"@en	1855-01-01T00:00:00Z									9	"http://www.wikidata.org/entity/Q39715"
<http://www.wikidata.org/entity/Q4579890>	POINT(9.148300 58.635900)	"Lyngør Lighthouse"@en	1879-01-01T00:00:00Z									8	"http://www.wikidata.org/entity/Q358|http://www.wikidata.org/entity/Q39715"
<http://www.wikidata.org/entity/Q4579938>	POINT(5.680278 58.544444)	"Kvassheim Lighthouse"@en	1912-01-01T00:00:00Z									7	"http://www.wikidata.org/entity/Q39715"
<http://www.wikidata.org/entity/Q4581323>	POINT(8.790200 58.398900)	"Store Torungen Lighthouse"@en	1844-01-01T00:00:00Z									7	"http://www.wikidata.org/entity/Q39715"
<http://www.wikidata.org/entity/Q4581545>	POINT(5.554444 58.658056)	"Obrestad Lighthouse"@en	1873-01-01T00:00:00Z									7	"http://www.wikidata.org/entity/Q39715"
<http://www.wikidata.org/entity/Q4587704>	POINT(5.010450 60.130100)	"Marstein Lighthouse"@en	1877-01-01T00:00:00Z									9	"http://www.wikidata.org/entity/Q39715"
<http://www.wikidata.org/entity/Q4588271>	POINT(8.262222 63.666111)	"Sletringen Lighthouse"@en	1899-01-01T00:00:00Z									6	"http://www.wikidata.org/entity/Q39715"
<http://www.wikidata.org/entity/Q4696460>	POINT(28.985431 41.006331)	"Ahırkapı Feneri"@en	1755-01-01T00:00:00Z									11	"http://www.wikidata.org/entity/Q39715"
<http://www.wikidata.org/entity/Q4697091>	POINT(-5.106667 55.251667)	"Ailsa Craig Lighthouse"@en	1886-01-01T00:00:00Z								"http://www.wikidata.org/entity/Q17840876"	6	"http://www.wikidata.org/entity/Q39715"
<http://www.wikidata.org/entity/Q47343305>	POINT(12.641083 58.859555)		1867-01-01T00:00:00Z									0	"http://www.wikidata.org/entity/Q3278565|http://www.wikidata.org/entity/Q39715"
<http://www.wikidata.org/entity/Q47343950>	POINT(12.642528 58.859194)		1867-01-01T00:00:00Z									0	"http://www.wikidata.org/entity/Q39715"
<http://www.wikidata.org/entity/Q47345560>	POINT(15.013833 58.514611)		1894-01-01T00:00:00Z									0	"http://www.wikidata.org/entity/Q39715"
<http://www.wikidata.org/entity/Q47345729>	POINT(15.016389 58.514389)		1894-01-01T00:00:00Z									0	"http://www.wikidata.org/entity/Q39715"
<http://www.wikidata.org/entity/Q4747079>	POINT(-4.333000 53.415400)	"Amlwch Lighthouse"@en	1817-01-01T00:00:00Z									3	"http://www.wikidata.org/entity/Q39715"
<http://www.wikidata.org/entity/Q4750771>	POINT(29.152778 41.218333)	"Anadolu Feneri"@en	1755-01-01T00:00:00Z									8	"http://www.wikidata.org/entity/Q39715"
<http://www.wikidata.org/entity/Q4753689>	POINT(16.115900 69.324000)	"Andenes Lighthouse"@en	1859-01-01T00:00:00Z									6	"http://www.wikidata.org/entity/Q39715"
<http://www.wikidata.org/entity/Q4848496>	POINT(-6.052410 53.361570)	"Baily Lighthouse"@en	1814-01-01T00:00:00Z									6	"http://www.wikidata.org/entity/Q39715"
<http://www.wikidata.org/entity/Q4861875>	POINT(-2.445290 55.987300)	"Barns Ness Lighthouse"@en	1899-01-01T00:00:00Z									5	"http://www.wikidata.org/entity/Q39715"
<http://www.wikidata.org/entity/Q4866126>	POINT(16.080000 68.353611)	"Barøy Lighthouse"@en	1903-10-01T00:00:00Z									3	"http://www.wikidata.org/entity/Q39715"
<http://www.wikidata.org/entity/Q487899>	POINT(9.758181 58.990764)	"Langøytangen Lighthouse"@en	1839-01-01T00:00:00Z									9	"http://www.wikidata.org/entity/Q39715"
<http://www.wikidata.org/entity/Q4981832>	POINT(-2.488300 49.471300)	"Bréhon Tower"@en	1856-01-01T00:00:00Z									4	"http://www.wikidata.org/entity/Q20097897|http://www.wikidata.org/entity/Q39715"
<http://www.wikidata.org/entity/Q4992706>	POINT(12.816300 55.383283)	"Falsterbo lighthouse"@en	1795-01-01T00:00:00Z									5	"http://www.wikidata.org/entity/Q10416961|http://www.wikidata.org/entity/Q39715"
<http://www.wikidata.org/entity/Q4999729>	POINT(-2.999065 51.248910)	"Burnham-on-Sea High Lighthouse"@en	1832-01-01T00:00:00Z									3	"http://www.wikidata.org/entity/Q39715"
<http://www.wikidata.org/entity/Q4999731>	POINT(-3.005847 51.248447)	"Burnham-on-Sea Low Lighthouse"@en	1832-01-01T00:00:00Z									3	"http://www.wikidata.org/entity/Q39715"
<http://www.wikidata.org/entity/Q4999732>	POINT(-2.998330 51.239700)	"Burnham-on-Sea Round Tower"@en	1801-01-01T00:00:00Z									2	"http://www.wikidata.org/entity/Q39715"
<http://www.wikidata.org/entity/Q5000542>	POINT(-4.251176 51.677474)	"Burry Port Lighthouse"@en	1842-01-01T00:00:00Z									4	"http://www.wikidata.org/entity/Q39715"
<http://www.wikidata.org/entity/Q5005214>	POINT(30.174260 69.877640)	"Bøkfjord Lighthouse"@en	1910-01-01T00:00:00Z		1944-01-01T00:00:00Z							8	"http://www.wikidata.org/entity/Q39715"
<http://www.wikidata.org/entity/Q5015743>	POINT(-9.497303 38.781928)	"Cabo da Roca Lighthouse"@en	1758-02-01T00:00:00Z									10	"http://www.wikidata.org/entity/Q210272|http://www.wikidata.org/entity/Q39715"
<http://www.wikidata.org/entity/Q5019082>	POINT(-4.684245 51.631585)	"Caldey Lighthouse"@en	1829-01-01T00:00:00Z									4	"http://www.wikidata.org/entity/Q39715"
<http://www.wikidata.org/entity/Q502851>	POINT(7.448333 58.003333)	"Hatholmen Lighthouse"@en	1867-01-01T00:00:00Z									6	"http://www.wikidata.org/entity/Q39715"
<http://www.wikidata.org/entity/Q5042885>	POINT(12.532770 55.666060)	"Carlsberg Lighthouse"@en	1883-01-01T00:00:00Z									6	"http://www.wikidata.org/entity/Q39715"
<http://www.wikidata.org/entity/Q5067975>	POINT(-5.798400 54.853200)	"Chaine Memorial"@en	1888-01-01T00:00:00Z									3	"http://www.wikidata.org/entity/Q39715|http://www.wikidata.org/entity/Q5003624"
<http://www.wikidata.org/entity/Q50736>	POINT(7.914062 54.182289)	"Heligoland Düne Lighthouse"@en	1899-01-01T00:00:00Z									4	"http://www.wikidata.org/entity/Q39715"
<http://www.wikidata.org/entity/Q5173151>	POINT(-5.159167 55.007000)	"Corsewall Lighthouse"@en	1816-01-01T00:00:00Z									8	"http://www.wikidata.org/entity/Q39715"
<http://www.wikidata.org/entity/Q5179307>	POINT(-3.338500 57.724100)	"Covesea Skerries Lighthouse"@en	1846-01-01T00:00:00Z									5	"http://www.wikidata.org/entity/Q39715"
<http://www.wikidata.org/entity/Q522946>	POINT(6.662100 53.588790)	"Borkum Großer Leuchtturm"@en	1879-01-01T00:00:00Z									7	"http://www.wikidata.org/entity/Q39715"
<http://www.wikidata.org/entity/Q5258500>	POINT(-2.371360 59.384300)	"Dennis Head Old Beacon"@en	1789-01-01T00:00:00Z								"http://www.wikidata.org/entity/Q77222880"	6	"http://www.wikidata.org/entity/Q39715"
<http://www.wikidata.org/entity/Q5293835>	POINT(-5.531000 54.645100)	"Donaghadee lighthouse"@en	1836-01-01T00:00:00Z									4	"http://www.wikidata.org/entity/Q39715"
<http://www.wikidata.org/entity/Q5301583>	POINT(-4.465000 54.143056)	"Douglas Head Lighthouse"@en	1857-01-01T00:00:00Z									5	"http://www.wikidata.org/entity/Q39715"
<http://www.wikidata.org/entity/Q5348923>	POINT(5.867500 58.430833)	"Eigerøy Lighthouse"@en	1854-01-01T00:00:00Z									9	"http://www.wikidata.org/entity/Q39715"
<http://www.wikidata.org/entity/Q5365397>	POINT(10.801111 64.574444)	"Ellingråsa Lighthouse"@en	1888-01-01T00:00:00Z									3	"http://www.wikidata.org/entity/Q39715"
<http://www.wikidata.org/entity/Q5394144>	POINT(21.462278 61.594556)	"Kallo Lighthouse"@en	1884-01-01T00:00:00Z								"http://www.wikidata.org/entity/Q30506521"	5	"http://www.wikidata.org/entity/Q39715|http://www.wikidata.org/entity/Q787078"
<http://www.wikidata.org/entity/Q539709>	POINT(7.045650 53.497990)	"Pilsum Lighthouse"@en	1891-01-01T00:00:00Z									12	"http://www.wikidata.org/entity/Q39715"
<http://www.wikidata.org/entity/Q5436120>	POINT(-8.761667 41.373889)	"Farol da Lapa"@en	1857-01-01T00:00:00Z								"http://www.wikidata.org/entity/Q2839732"	4	"http://www.wikidata.org/entity/Q210272|http://www.wikidata.org/entity/Q33129345"
<http://www.wikidata.org/entity/Q5436124>	POINT(-16.656611 32.730417)	"Ponta de São Lourenço Lighthouse"@en	1870-01-01T00:00:00Z									6	"http://www.wikidata.org/entity/Q210272|http://www.wikidata.org/entity/Q39715"
<http://www.wikidata.org/entity/Q5436130>	POINT(-8.754756 41.374417)	"Regufe Lighthouse"@en	1892-03-24T00:00:00Z									4	"http://www.wikidata.org/entity/Q210272|http://www.wikidata.org/entity/Q33129347"
<http://www.wikidata.org/entity/Q546122>	POINT(-4.265000 50.180000)	"Eddystone Lighthouse"@en	1882-01-01T00:00:00Z									19	"http://www.wikidata.org/entity/Q39715"
<http://www.wikidata.org/entity/Q5473757>	POINT(-1.297900 50.575700)	"St. Catherine's Lighthouse"@en	1838-01-01T00:00:00Z									8	"http://www.wikidata.org/entity/Q39715"
<http://www.wikidata.org/entity/Q5475382>	POINT(25.835833 60.186389)	"Glosholm lighthouse"@en	1832-01-01T00:00:00Z		1940-01-01T00:00:00Z							2	"http://www.wikidata.org/entity/Q39715"
<http://www.wikidata.org/entity/Q548330>	POINT(15.715000 38.256667)	"Scilla Lighthouse"@en	1913-01-01T00:00:00Z									4	"http://www.wikidata.org/entity/Q39715"
<http://www.wikidata.org/entity/Q55049248>	POINT(-7.228260 55.429100)	"Inishtrahull Lighthouse (old)"@en	1813-01-01T00:00:00Z		1958-01-01T00:00:00Z							0	"http://www.wikidata.org/entity/Q39715"
<http://www.wikidata.org/entity/Q55049253>	POINT(-6.927040 55.226410)	"Inishowen East Lighthouse"@en	1837-01-01T00:00:00Z									1	"http://www.wikidata.org/entity/Q39715"
<http://www.wikidata.org/entity/Q55051844>	POINT(-6.338080 52.257100)	"Rosslare Harbour Lighthouse"@en	1906-01-01T00:00:00Z									1	"http://www.wikidata.org/entity/Q39715"
<http://www.wikidata.org/entity/Q55063182>	POINT(8.266667 41.066667)		1859-01-01T00:00:00Z									1	"http://www.wikidata.org/entity/Q39715"
<http://www.wikidata.org/entity/Q5507289>	POINT(23.660278 70.666667)	"Fuglenes Lighthouse"@en	1859-01-01T00:00:00Z									5	"http://www.wikidata.org/entity/Q39715"
<http://www.wikidata.org/entity/Q55086538>	POINT(9.566945 40.920556)	"Isola della Bocca Lighthouse"@en	1887-01-01T00:00:00Z									4	"http://www.wikidata.org/entity/Q39715"
<http://www.wikidata.org/entity/Q55095796>	POINT(9.533417 39.088639)	"Isola dei Cavoli Lighthouse"@en	1858-01-01T00:00:00Z									3	"http://www.wikidata.org/entity/Q39715"
<http://www.wikidata.org/entity/Q5511494>	POINT(19.349250 57.959556)	"Fårö lighthouse"@en	1846-01-01T00:00:00Z									7	"http://www.wikidata.org/entity/Q39715|http://www.wikidata.org/entity/Q787078"
<http://www.wikidata.org/entity/Q5511502>	POINT(10.524590 59.026780)	"Færder Lighthouse"@en	1857-01-01T00:00:00Z									9	"http://www.wikidata.org/entity/Q39715"
<http://www.wikidata.org/entity/Q55119825>	POINT(13.198587 38.712497)	"Punta Omo Morto Lighthouse"@en	1884-01-01T00:00:00Z									2	"http://www.wikidata.org/entity/Q39715"
<http://www.wikidata.org/entity/Q55119933>	POINT(13.155000 38.694167)	"Punta Cavazzi Lighthouse"@en	1885-01-01T00:00:00Z									2	"http://www.wikidata.org/entity/Q39715"
<http://www.wikidata.org/entity/Q55122184>	POINT(9.851640 55.045690)	"Tranerodde lighthouse"@en	1905-01-01T00:00:00Z									2	"http://www.wikidata.org/entity/Q39715"
<http://www.wikidata.org/entity/Q55140133>	POINT(12.334167 38.020278)	"Capo Grosso Lighthouse"@en	1858-01-01T00:00:00Z									3	"http://www.wikidata.org/entity/Q39715"
<http://www.wikidata.org/entity/Q55155449>	POINT(12.425555 37.989167)	"Isolotto Formica Lighthouse"@en	1858-01-01T00:00:00Z									3	"http://www.wikidata.org/entity/Q39715"
<http://www.wikidata.org/entity/Q55164395>	POINT(12.881944 38.030833)	"Castello Normanno Lighthouse"@en	1901-01-01T00:00:00Z									3	"http://www.wikidata.org/entity/Q39715"
<http://www.wikidata.org/entity/Q5519028>	POINT(-8.952444 51.529694)	"Galley Head Lighthouse"@en	1878-01-01T00:00:00Z									5	"http://www.wikidata.org/entity/Q39715"
<http://www.wikidata.org/entity/Q55225035>	POINT(14.984167 38.366944)	"Punta dei Porci Lighthouse"@en	1853-01-01T00:00:00Z									1	"http://www.wikidata.org/entity/Q39715"
<http://www.wikidata.org/entity/Q55229193>	POINT(14.433550 36.894239)	"Scoglitti Lighthouse"@en	1904-01-01T00:00:00Z									1	"http://www.wikidata.org/entity/Q39715"
<http://www.wikidata.org/entity/Q55229581>	POINT(14.931945 36.686389)	"Scogli Porri Lighthouse"@en	1912-01-01T00:00:00Z									1	"http://www.wikidata.org/entity/Q39715"
<http://www.wikidata.org/entity/Q55230017>	POINT(15.077500 36.645000)	"Isola delle Correnti Lighthouse"@en	1865-01-01T00:00:00Z									2	"http://www.wikidata.org/entity/Q39715"
<http://www.wikidata.org/entity/Q55237603>	POINT(15.295278 37.053611)	"Castello Maniace Lighthouse"@en	1858-01-01T00:00:00Z									2	"http://www.wikidata.org/entity/Q39715"
<http://www.wikidata.org/entity/Q55237824>	POINT(15.224079 37.211738)	"Torre Avalos Lighthouse"@en	1858-01-01T00:00:00Z									2	"http://www.wikidata.org/entity/Q39715"
<http://www.wikidata.org/entity/Q55260899>	POINT(15.085000 37.488333)	"Sciara Biscari lighthouse"@en	1896-01-01T00:00:00Z									1	"http://www.wikidata.org/entity/Q39715"
<http://www.wikidata.org/entity/Q55261105>	POINT(15.176083 37.576909)	"Capo Mulini Lighthouse"@en	1868-01-01T00:00:00Z									2	"http://www.wikidata.org/entity/Q39715"
<http://www.wikidata.org/entity/Q55263062>	POINT(14.518611 35.901944)	"Fort St. Elmo Lighthouse"@en	1851-01-01T00:00:00Z									1	"http://www.wikidata.org/entity/Q39715"
<http://www.wikidata.org/entity/Q55282114>	POINT(14.523333 35.899167)	"Ricasoli Lighthouse"@en	1908-01-01T00:00:00Z									2	"http://www.wikidata.org/entity/Q39715"
<http://www.wikidata.org/entity/Q55285452>	POINT(14.558889 35.821944)	"Delimara Lighthouse (1855)"@en	1855-01-01T00:00:00Z									1	"http://www.wikidata.org/entity/Q39715"
<http://www.wikidata.org/entity/Q55314489>	POINT(33.319861 35.343333)	"Kyrenia lighthouse (1907)"@en	1907-01-01T00:00:00Z									3	"http://www.wikidata.org/entity/Q39715"
<http://www.wikidata.org/entity/Q55315085>	POINT(34.606111 35.710278)		1913-01-01T00:00:00Z									2	"http://www.wikidata.org/entity/Q39715"
<http://www.wikidata.org/entity/Q55315969>	POINT(33.947778 35.123056)	"Famagusta Lighthouse"@en	1888-01-01T00:00:00Z									2	"http://www.wikidata.org/entity/Q39715"
<http://www.wikidata.org/entity/Q55317306>	POINT(33.926389 35.141944)	"Karakol Lighthouse"@en	1906-01-01T00:00:00Z									1	"http://www.wikidata.org/entity/Q39715"
<http://www.wikidata.org/entity/Q55333427>	POINT(33.028889 34.566111)	"Cape Gata Lighthouse"@en	1864-01-01T00:00:00Z									2	"http://www.wikidata.org/entity/Q39715"
<http://www.wikidata.org/entity/Q55334094>	POINT(34.085000 34.957222)	"Capo Greco Lighthouse"@en	1892-01-01T00:00:00Z									4	"http://www.wikidata.org/entity/Q39715"
<http://www.wikidata.org/entity/Q55393659>	POINT(35.760833 34.496944)	"Ramkin Island Lighthouse"@en	1864-01-01T00:00:00Z									1	"http://www.wikidata.org/entity/Q39715"
<http://www.wikidata.org/entity/Q55398565>	POINT(35.472500 33.897500)	"Old Beirut Lighthouse"@en	1840-01-01T00:00:00Z									2	"http://www.wikidata.org/entity/Q39715"
<http://www.wikidata.org/entity/Q55400913>	POINT(35.193333 33.276111)	"Tyre Lighthouse"@en	1866-01-01T00:00:00Z									3	"http://www.wikidata.org/entity/Q39715"
<http://www.wikidata.org/entity/Q55419867>	POINT(13.568889 45.298056)	"Zub Lighthouse"@en	1872-01-01T00:00:00Z									2	"http://www.wikidata.org/entity/Q39715"
<http://www.wikidata.org/entity/Q55420892>	POINT(13.753007 44.888097)	"Peneda Lighthouse"@en	1877-01-01T00:00:00Z									3	"http://www.wikidata.org/entity/Q39715"
<http://www.wikidata.org/entity/Q55422974>	POINT(13.833889 44.833056)	"Verudica Lighthouse"@en	1877-01-01T00:00:00Z									2	"http://www.wikidata.org/entity/Q39715"
<http://www.wikidata.org/entity/Q55423836>	POINT(14.001944 44.803333)	"Marlera Lighthouse"@en	1880-01-01T00:00:00Z									2	"http://www.wikidata.org/entity/Q39715"
<http://www.wikidata.org/entity/Q55424040>	POINT(14.145555 44.957222)	"Crna Punta Lighthouse"@en	1873-01-01T00:00:00Z									2	"http://www.wikidata.org/entity/Q39715"
<http://www.wikidata.org/entity/Q55430632>	POINT(14.420278 45.333611)	"Mlaka Lighthouse"@en	1878-01-01T00:00:00Z									2	"http://www.wikidata.org/entity/Q39715"
<http://www.wikidata.org/entity/Q55431197>	POINT(14.560278 45.273056)		1872-01-01T00:00:00Z									2	"http://www.wikidata.org/entity/Q39715"
<http://www.wikidata.org/entity/Q55434935>	POINT(14.590833 45.238889)	"Vošćica Lighthouse"@en	1875-01-01T00:00:00Z									2	"http://www.wikidata.org/entity/Q39715"
<http://www.wikidata.org/entity/Q55450472>	POINT(14.304886 44.512053)	"Susak Lighthouse"@en	1881-01-01T00:00:00Z									3	"http://www.wikidata.org/entity/Q39715"
<http://www.wikidata.org/entity/Q55452261>	POINT(14.568889 44.409444)	"Grujica Lighthouse"@en	1873-01-01T00:00:00Z									2	"http://www.wikidata.org/entity/Q39715"
<http://www.wikidata.org/entity/Q55463033>	POINT(15.026111 44.303333)	"Vir Lighthouse"@en	1881-01-01T00:00:00Z									2	"http://www.wikidata.org/entity/Q39715"
<http://www.wikidata.org/entity/Q55463532>	POINT(15.011945 44.172222)	"Tri Sestrice (Rivanj) Lighthouse"@en	1899-01-01T00:00:00Z									2	"http://www.wikidata.org/entity/Q39715"
<http://www.wikidata.org/entity/Q55465073>	POINT(15.204167 44.130000)	"Oštri rat Lighthouse"@en	1869-01-01T00:00:00Z									3	"http://www.wikidata.org/entity/Q39715"
<http://www.wikidata.org/entity/Q55470251>	POINT(15.394722 43.956667)	"Babac Lighthouse"@en	1874-01-01T00:00:00Z									2	"http://www.wikidata.org/entity/Q39715"
<http://www.wikidata.org/entity/Q55496420>	POINT(15.850278 43.721667)	"Jadrija Lighthouse"@en	1871-01-01T00:00:00Z									4	"http://www.wikidata.org/entity/Q39715"
<http://www.wikidata.org/entity/Q55499089>	POINT(16.056592 43.466931)	"Murvica Lighthouse"@en	1896-01-01T00:00:00Z									2	"http://www.wikidata.org/entity/Q39715"
<http://www.wikidata.org/entity/Q55518404>	POINT(16.408690 43.319813)	"Ražanj Lighthouse"@en	1874-01-01T00:00:00Z									3	"http://www.wikidata.org/entity/Q39715"
<http://www.wikidata.org/entity/Q55519250>	POINT(16.735319 43.361800)	"Sveti Nikola Lighthouse"@en	1882-01-01T00:00:00Z									2	"http://www.wikidata.org/entity/Q39715"
<http://www.wikidata.org/entity/Q55554330>	POINT(16.254444 43.072222)	"Stončica Lighthouse"@en	1865-01-01T00:00:00Z									2	"http://www.wikidata.org/entity/Q39715"
<http://www.wikidata.org/entity/Q55554744>	POINT(16.204722 43.076389)	"Host Lighthouse"@en	1873-01-01T00:00:00Z									3	"http://www.wikidata.org/entity/Q39715"
<http://www.wikidata.org/entity/Q55580958>	POINT(17.207778 42.962500)	"Sestrica Vela (Korčula) Lighthouse"@en	1871-01-01T00:00:00Z									2	"http://www.wikidata.org/entity/Q39715"
<http://www.wikidata.org/entity/Q55585321>	POINT(16.816389 43.030556)	"Pločica Lighthouse"@en	1887-01-01T00:00:00Z									2	"http://www.wikidata.org/entity/Q39715"
<http://www.wikidata.org/entity/Q55595818>	POINT(16.489722 42.750278)		1878-01-01T00:00:00Z									2	"http://www.wikidata.org/entity/Q39715"
<http://www.wikidata.org/entity/Q55596729>	POINT(16.884722 42.724167)		1851-01-01T00:00:00Z									3	"http://www.wikidata.org/entity/Q39715"
<http://www.wikidata.org/entity/Q55606573>	POINT(12.893056 45.600000)	"Caorle Lighthouse"@en	1200-01-01T00:00:00Z									5	"http://www.wikidata.org/entity/Q200334|http://www.wikidata.org/entity/Q39715"
<http://www.wikidata.org/entity/Q55606606>	POINT(15.274083 40.024583)	"Capo Palinuro Lighthouse"@en	1870-01-01T00:00:00Z									3	"http://www.wikidata.org/entity/Q39715"
<http://www.wikidata.org/entity/Q55606607>	POINT(17.092861 38.895194)	"Capo Rizzuto Lighthouse"@en	1906-01-01T00:00:00Z									4	"http://www.wikidata.org/entity/Q39715"
<http://www.wikidata.org/entity/Q55606612>	POINT(16.062895 37.924522)	"Capo Spartivento Calabro Lighthouse"@en	1867-01-01T00:00:00Z									4	"http://www.wikidata.org/entity/Q39715"
<http://www.wikidata.org/entity/Q55606613>	POINT(8.452520 44.258062)	"Capo di Vado Lighthouse"@en	1883-01-01T00:00:00Z									5	"http://www.wikidata.org/entity/Q39715"
<http://www.wikidata.org/entity/Q55612217>	POINT(12.751130 43.968983)	"Gabicce Mare Lighthouse"@en	1882-01-01T00:00:00Z									3	"http://www.wikidata.org/entity/Q39715"
<http://www.wikidata.org/entity/Q55616842>	POINT(12.390000 45.438055)	"Lido Fanale Anteriore Lighthouse"@en	1912-01-01T00:00:00Z									3	"http://www.wikidata.org/entity/Q39715"
<http://www.wikidata.org/entity/Q55619168>	POINT(17.145833 42.765556)	"Glavat Lighthouse"@en	1884-01-01T00:00:00Z									2	"http://www.wikidata.org/entity/Q39715"
<http://www.wikidata.org/entity/Q55624011>	POINT(18.517778 42.399167)		1854-01-01T00:00:00Z									1	"http://www.wikidata.org/entity/Q39715"
<http://www.wikidata.org/entity/Q55637045>	POINT(13.434559 40.796917)	"Ventotene Lighthouse"@en	1869-01-01T00:00:00Z									3	"http://www.wikidata.org/entity/Q39715"
<http://www.wikidata.org/entity/Q5566014>	POINT(10.854167 64.726944)	"Gjæslingan Lighthouse"@en	1877-01-01T00:00:00Z									5	"http://www.wikidata.org/entity/Q39715"
<http://www.wikidata.org/entity/Q55672381>	POINT(12.436111 45.423333)	"Lido Molo Nord Lighthouse"@en	1908-01-01T00:00:00Z									2	"http://www.wikidata.org/entity/Q39715"
<http://www.wikidata.org/entity/Q55673176>	POINT(12.426667 45.418056)	"Lido Molo Sud lighthouse"@en	1908-01-01T00:00:00Z									2	"http://www.wikidata.org/entity/Q39715"
<http://www.wikidata.org/entity/Q5573674>	POINT(13.036111 67.887222)	"Glåpen Lighthouse"@en	1857-01-01T00:00:00Z									4	"http://www.wikidata.org/entity/Q39715"
<http://www.wikidata.org/entity/Q5586590>	POINT(1.732274 52.572172)	"Gorleston Lighthouse"@en	1887-01-01T00:00:00Z									3	"http://www.wikidata.org/entity/Q39715"
<http://www.wikidata.org/entity/Q55893307>	POINT(12.343333 45.333889)		1874-01-01T00:00:00Z									1	"http://www.wikidata.org/entity/Q39715"
<http://www.wikidata.org/entity/Q55935150>	POINT(12.244445 44.676111)	"Porto Garibaldi Lighthouse"@en	1891-01-01T00:00:00Z									2	"http://www.wikidata.org/entity/Q39715"
<http://www.wikidata.org/entity/Q55962769>	POINT(13.216667 43.716667)	"Senigallia Lighthouse"@en	1847-01-01T00:00:00Z									2	"http://www.wikidata.org/entity/Q39715"
<http://www.wikidata.org/entity/Q55972406>	POINT(13.845278 43.091111)	"Pedaso Lighthouse"@en	1877-01-01T00:00:00Z									1	"http://www.wikidata.org/entity/Q39715"
<http://www.wikidata.org/entity/Q55984277>	POINT(16.290556 41.330556)	"Barletta Lighthouse"@en	1807-01-01T00:00:00Z									1	"http://www.wikidata.org/entity/Q39715"
<http://www.wikidata.org/entity/Q56010416>	POINT(17.203333 40.411667)	"Lighthouse of Capo San Vito"@en	1869-01-01T00:00:00Z									2	"http://www.wikidata.org/entity/Q39715"
<http://www.wikidata.org/entity/Q5612464>	POINT(13.845833 67.389722)	"Grytøy Lighthouse"@en	1865-01-01T00:00:00Z									3	"http://www.wikidata.org/entity/Q39715"
<http://www.wikidata.org/entity/Q5612869>	POINT(19.024389 59.277944)	"Grönskär lighthouse"@en	1769-01-01T00:00:00Z									4	"http://www.wikidata.org/entity/Q39715"
<http://www.wikidata.org/entity/Q56162256>	POINT(11.787222 42.092778)	"Civitavecchia Lighthouse"@en	1616-01-01T00:00:00Z									1	"http://www.wikidata.org/entity/Q39715"
<http://www.wikidata.org/entity/Q56173803>	POINT(13.568611 41.201111)	"Monte Orlando Lighthouse"@en	1854-01-01T00:00:00Z									2	"http://www.wikidata.org/entity/Q39715"
<http://www.wikidata.org/entity/Q56184660>	POINT(12.953333 40.878333)	"Punta della Guardia Lighthouse"@en	1866-01-01T00:00:00Z									4	"http://www.wikidata.org/entity/Q39715"
<http://www.wikidata.org/entity/Q5618733>	POINT(1.357500 51.779200)	"Gunfleet Lighthouse"@en	1850-01-01T00:00:00Z									2	"http://www.wikidata.org/entity/Q39715"
<http://www.wikidata.org/entity/Q56243376>	POINT(16.157631 38.952288)	"Capo Suvero Lighthouse"@en	1869-01-01T00:00:00Z									1	"http://www.wikidata.org/entity/Q39715"
<http://www.wikidata.org/entity/Q56285367>	POINT(11.869820 55.006860)	"Ore Lighthouse"@en	1895-01-01T00:00:00Z									2	"http://www.wikidata.org/entity/Q39715"
<http://www.wikidata.org/entity/Q56295069>	POINT(9.640610 54.893480)	"Skodsbøl Lighthouse"@en	1896-01-01T00:00:00Z									3	"http://www.wikidata.org/entity/Q39715"
<http://www.wikidata.org/entity/Q56397100>	POINT(23.425793 37.527391)	"Ntana lighthouse"@en	1870-01-01T00:00:00Z									2	"http://www.wikidata.org/entity/Q39715"
<http://www.wikidata.org/entity/Q56399545>	POINT(22.850141 38.028442)	"Melagavi lighthouse"@en	1897-01-01T00:00:00Z									1	"http://www.wikidata.org/entity/Q39715"
<http://www.wikidata.org/entity/Q5647786>	POINT(-4.639787 36.507368)	"Calaburras Lighthouse"@en	1863-01-01T00:00:00Z									6	"http://www.wikidata.org/entity/Q39715"
<http://www.wikidata.org/entity/Q5652375>	POINT(1.538670 52.819500)	"Happisburgh Lighthouse"@en	1791-01-01T00:00:00Z								"http://www.wikidata.org/entity/Q26593128"	5	"http://www.wikidata.org/entity/Q39715"
<http://www.wikidata.org/entity/Q56612832>	POINT(39.720850 43.579100)	"Sochinskiy lighthouse"@en	1891-01-01T00:00:00Z									2	"http://www.wikidata.org/entity/Q2319498|http://www.wikidata.org/entity/Q39715"
<http://www.wikidata.org/entity/Q5669119>	POINT(-4.414568 36.714147)	"La Farola, Málaga"@en	1816-01-01T00:00:00Z									3	"http://www.wikidata.org/entity/Q39715"
<http://www.wikidata.org/entity/Q56744512>	POINT(-6.171460 55.301200)	"Lightkeeper's house, East Light"@en	1859-01-01T00:00:00Z									0	"http://www.wikidata.org/entity/Q108840273"
<http://www.wikidata.org/entity/Q5709873>	POINT(26.221667 71.061111)	"Helnes Lighthouse"@en	1908-11-15T00:00:00Z									5	"http://www.wikidata.org/entity/Q39715"
<http://www.wikidata.org/entity/Q57389461>	POINT(-6.176455 53.344858)	"North Bank Lighthouse"@en	1882-01-01T00:00:00Z									2	"http://www.wikidata.org/entity/Q39715"
<http://www.wikidata.org/entity/Q57393188>	POINT(-6.149720 53.344880)	"North Bull Lighthouse"@en	1880-01-01T00:00:00Z									2	"http://www.wikidata.org/entity/Q39715"
<http://www.wikidata.org/entity/Q57450795>	POINT(-4.781954 50.269152)	"Mevagissey Lighthouse"@en	1896-01-01T00:00:00Z									1	"http://www.wikidata.org/entity/Q39715"
<http://www.wikidata.org/entity/Q57518593>	POINT(-1.943611 46.699444)	"Phare de Saint-Gilles-Croix-de-Vie"@en	1880-01-01T00:00:00Z									2	"http://www.wikidata.org/entity/Q39715"
<http://www.wikidata.org/entity/Q5764622>	POINT(21.095278 55.727222)	"Klaipėda Lighthouse"@en	1796-01-01T00:00:00Z									12	"http://www.wikidata.org/entity/Q39715"
<http://www.wikidata.org/entity/Q58329847>	POINT(0.058417 50.775883)	"Newhaven Breakwater Lighthouse"@en	1891-01-01T00:00:00Z									1	"http://www.wikidata.org/entity/Q39715"
<http://www.wikidata.org/entity/Q58395162>	POINT(8.652103 54.287311)	"St. Peter-Böhl Lighthouse"@en	1892-01-01T00:00:00Z									2	"http://www.wikidata.org/entity/Q39715"
<http://www.wikidata.org/entity/Q5856298>	POINT(-16.694445 28.001111)	"Punta Rasca Lighthouse"@en	1883-01-01T00:00:00Z									5	"http://www.wikidata.org/entity/Q39715"
<http://www.wikidata.org/entity/Q5856340>	POINT(-3.031009 36.747940)	"Adra Lighthouse"@en	1899-01-01T00:00:00Z									5	"http://www.wikidata.org/entity/Q39715"
<http://www.wikidata.org/entity/Q5856342>	POINT(1.411833 38.814533)	"Ahorcados Lighthouse"@en	1856-01-01T00:00:00Z									3	"http://www.wikidata.org/entity/Q39715"
<http://www.wikidata.org/entity/Q5856347>	POINT(3.171111 39.835417)	"Alcanada Lighthouse"@en	1861-01-01T00:00:00Z									3	"http://www.wikidata.org/entity/Q39715"
<http://www.wikidata.org/entity/Q5856349>	POINT(-16.140000 28.581389)	"Punta de Anaga Lighthouse"@en	1864-01-01T00:00:00Z									5	"http://www.wikidata.org/entity/Q39715"
<http://www.wikidata.org/entity/Q5856351>	POINT(3.824240 39.922600)	"Cap d’Artrutx Lighthouse"@en	1859-01-01T00:00:00Z									5	"http://www.wikidata.org/entity/Q39715"
<http://www.wikidata.org/entity/Q5856356>	POINT(1.453333 38.903333)	"Far de Botafoc"@en	1861-01-01T00:00:00Z									4	"http://www.wikidata.org/entity/Q39715"
<http://www.wikidata.org/entity/Q5856359>	POINT(-0.208333 39.675000)	"Faro de Canet"@en	1900-01-01T00:00:00Z									3	"http://www.wikidata.org/entity/Q39715"
<http://www.wikidata.org/entity/Q5856361>	POINT(2.683333 39.798333)	"Far del Cap Gros"@en	1842-01-01T00:00:00Z									4	"http://www.wikidata.org/entity/Q39715"
<http://www.wikidata.org/entity/Q5856365>	POINT(-3.790755 43.490428)	"Faro de Cabo Mayor"@en	1839-08-15T00:00:00Z									5	"http://www.wikidata.org/entity/Q39715"
<http://www.wikidata.org/entity/Q5856369>	POINT(-3.468174 36.694677)		1863-01-01T00:00:00Z									2	"http://www.wikidata.org/entity/Q39715"
<http://www.wikidata.org/entity/Q5856371>	POINT(-6.035171 36.182913)	"Cape Trafalgar lighthouse"@en	1862-01-01T00:00:00Z									3	"http://www.wikidata.org/entity/Q39715|http://www.wikidata.org/entity/Q947103"
<http://www.wikidata.org/entity/Q5856380>	POINT(-0.690228 37.634725)	"Cape Palos Lighthouse"@en	1862-01-01T00:00:00Z									4	"http://www.wikidata.org/entity/Q39715|http://www.wikidata.org/entity/Q4989906"
<http://www.wikidata.org/entity/Q5856384>	POINT(-2.138770 55.916200)	"St. Abbs Lighthouse"@en	1862-01-01T00:00:00Z									4	"http://www.wikidata.org/entity/Q39715"
<http://www.wikidata.org/entity/Q5856386>	POINT(3.053420 39.265220)	"Far des Cap de ses Salines"@en	1870-01-01T00:00:00Z									5	"http://www.wikidata.org/entity/Q39715"
<http://www.wikidata.org/entity/Q5856390>	POINT(2.522500 39.457500)	"Cala Figuera Lighthouse"@en	1860-01-01T00:00:00Z									3	"http://www.wikidata.org/entity/Q39715"
<http://www.wikidata.org/entity/Q5856394>	POINT(3.477750 39.715472)	"Far de Capdepera"@en	1861-01-01T00:00:00Z									4	"http://www.wikidata.org/entity/Q39715"
<http://www.wikidata.org/entity/Q5856399>	POINT(1.298305 38.979450)	"Coves Blanques Lighthouse"@en	1897-01-01T00:00:00Z					1963-01-01T00:00:00Z				2	"http://www.wikidata.org/entity/Q39715"
<http://www.wikidata.org/entity/Q5856401>	POINT(-0.725931 37.745722)	"El Estacio Lighthouse"@en	1862-01-01T00:00:00Z									3	"http://www.wikidata.org/entity/Q39715"
<http://www.wikidata.org/entity/Q5856404>	POINT(1.421667 38.798333)	"En Pou lighthouse"@en	1864-01-01T00:00:00Z									3	"http://www.wikidata.org/entity/Q39715"
<http://www.wikidata.org/entity/Q5856414>	POINT(-9.526440 53.046360)	"Inisheer Lighthouse"@en	1857-01-01T00:00:00Z									5	"http://www.wikidata.org/entity/Q39715"
<http://www.wikidata.org/entity/Q5856416>	POINT(-9.702320 53.127510)	"Inishmore Lighthouse"@en	1818-01-01T00:00:00Z		1857-01-01T00:00:00Z							5	"http://www.wikidata.org/entity/Q39715"
<http://www.wikidata.org/entity/Q5856428>	POINT(4.290000 39.800833)	"Illa de l'Aire Lighthouse"@en	1860-01-01T00:00:00Z									6	"http://www.wikidata.org/entity/Q39715"
<http://www.wikidata.org/entity/Q5856432>	POINT(-15.419014 28.174111)	"Faro de La Isleta"@en	1865-01-01T00:00:00Z									4	"http://www.wikidata.org/entity/Q39715"
<http://www.wikidata.org/entity/Q5856434>	POINT(1.583611 38.663194)	"Far de la Mola"@en	1861-11-01T00:00:00Z									6	"http://www.wikidata.org/entity/Q39715"
<http://www.wikidata.org/entity/Q5856436>	POINT(-1.933902 43.334620)	"La Plata lighthouse"@en	1855-01-01T00:00:00Z								"http://www.wikidata.org/entity/Q829469"	4	"http://www.wikidata.org/entity/Q39715"
<http://www.wikidata.org/entity/Q5856444>	POINT(-3.755842 43.473119)	"Mouro Island Lighthouse"@en	1860-01-01T00:00:00Z									5	"http://www.wikidata.org/entity/Q39715"
<http://www.wikidata.org/entity/Q5856450>	POINT(0.408333 40.358333)	"Peniscola lighthouse"@en	1899-01-01T00:00:00Z								"http://www.wikidata.org/entity/Q71286590"	4	"http://www.wikidata.org/entity/Q39715"
<http://www.wikidata.org/entity/Q5856452>	POINT(3.270639 39.414000)	"Porto Colom lighthouse"@en	1863-01-01T00:00:00Z									5	"http://www.wikidata.org/entity/Q39715"
<http://www.wikidata.org/entity/Q5856454>	POINT(2.623383 39.548556)	"Portopí Lighthouse"@en	1300-01-01T00:00:00Z									8	"http://www.wikidata.org/entity/Q39715|http://www.wikidata.org/entity/Q947103"
<http://www.wikidata.org/entity/Q5856457>	POINT(-17.778140 28.839010)	"Punta Cumplida Lighthouse"@en	1867-01-01T00:00:00Z									5	"http://www.wikidata.org/entity/Q39715"
<http://www.wikidata.org/entity/Q5856459>	POINT(-13.488538 29.403277)	"Punta Delgada Lighthouse"@en	1865-01-01T00:00:00Z									7	"http://www.wikidata.org/entity/Q39715"
<http://www.wikidata.org/entity/Q5856461>	POINT(-5.154620 36.416883)	"Faro de Punta Doncella"@en	1863-01-01T00:00:00Z									3	"http://www.wikidata.org/entity/Q39715"
<http://www.wikidata.org/entity/Q5856464>	POINT(1.609436 39.079528)	"Faro de Punta Grossa"@en	1864-01-01T00:00:00Z					1914-01-01T00:00:00Z				1	"http://www.wikidata.org/entity/Q39715"
<http://www.wikidata.org/entity/Q5856471>	POINT(3.823586 40.050056)	"Punta Nati Lighthouse"@en	1913-01-01T00:00:00Z									6	"http://www.wikidata.org/entity/Q39715"
<http://www.wikidata.org/entity/Q5856476>	POINT(-15.707903 28.164730)	"Punta Sardina Lighthouse"@en	1891-01-01T00:00:00Z									5	"http://www.wikidata.org/entity/Q39715"
<http://www.wikidata.org/entity/Q5856482>	POINT(-4.392547 43.393144)	"Faro de Punta Silla"@en	1871-01-01T00:00:00Z									3	"http://www.wikidata.org/entity/Q39715"
<http://www.wikidata.org/entity/Q5856486>	POINT(-3.376370 58.671400)	"Dunnet Head Lighthouse"@en	1831-01-01T00:00:00Z								"http://www.wikidata.org/entity/Q17827459"	8	"http://www.wikidata.org/entity/Q39715"
<http://www.wikidata.org/entity/Q5856488>	POINT(2.689476 39.797023)	"Sa Creu lighthouses"@en	1864-01-01T00:00:00Z									4	"http://www.wikidata.org/entity/Q39715"
<http://www.wikidata.org/entity/Q5856493>	POINT(-16.922889 28.342069)	"Punta de Teno Lighthouse"@en	1897-01-01T00:00:00Z									5	"http://www.wikidata.org/entity/Q39715"
<http://www.wikidata.org/entity/Q5856495>	POINT(3.110694 39.899861)	"Punta de l'Avançada Lighthouse"@en	1899-01-01T00:00:00Z									3	"http://www.wikidata.org/entity/Q39715"
<http://www.wikidata.org/entity/Q5856502>	POINT(-4.043097 43.442010)	"Faro de Suances"@en	1863-01-01T00:00:00Z									3	"http://www.wikidata.org/entity/Q39715"
<http://www.wikidata.org/entity/Q5856504>	POINT(-6.357222 36.616111)	"Rota Lighthouse"@en	1910-01-01T00:00:00Z									3	"http://www.wikidata.org/entity/Q39715"
<http://www.wikidata.org/entity/Q5856506>	POINT(1.171917 41.055771)	"Far de Salou"@en	1858-01-01T00:00:00Z									4	"http://www.wikidata.org/entity/Q39715"
<http://www.wikidata.org/entity/Q5856517>	POINT(-2.492102 36.828473)	"Castillo de San Telmo"@en	1865-01-01T00:00:00Z									4	"http://www.wikidata.org/entity/Q23413|http://www.wikidata.org/entity/Q39715"
<http://www.wikidata.org/entity/Q5856519>	POINT(-0.528361 38.193361)	"Santa Pola Lighthouse"@en	1858-01-01T00:00:00Z									3	"http://www.wikidata.org/entity/Q39715"
<http://www.wikidata.org/entity/Q5856522>	POINT(1.648722 39.032340)	"Tagomago Lighthouse"@en	1914-01-01T00:00:00Z									2	"http://www.wikidata.org/entity/Q39715"
<http://www.wikidata.org/entity/Q5856530>	POINT(-1.591667 50.662222)	"Needles Lighthouse"@en	1859-01-01T00:00:00Z									10	"http://www.wikidata.org/entity/Q39715"
<http://www.wikidata.org/entity/Q5856534>	POINT(-3.957386 36.726567)	"Faro de Torrox"@en	1864-01-01T00:00:00Z									3	"http://www.wikidata.org/entity/Q39715"
<http://www.wikidata.org/entity/Q5856539>	POINT(-3.035780 35.938250)	"Alborán island lighthouse"@en	1876-01-01T00:00:00Z									3	"http://www.wikidata.org/entity/Q39715"
<http://www.wikidata.org/entity/Q5856545>	POINT(2.921450 39.129190)	"N'Ensiola Lighthouse"@en	1868-01-01T00:00:00Z									3	"http://www.wikidata.org/entity/Q39715"
<http://www.wikidata.org/entity/Q5856557>	POINT(0.196667 38.801667)	"Far del cap de Sant Antoni"@en	1855-01-01T00:00:00Z									4	"http://www.wikidata.org/entity/Q39715"
<http://www.wikidata.org/entity/Q5856562>	POINT(-3.433672 43.463522)	"Faro del Pescador"@en	1864-01-01T00:00:00Z									3	"http://www.wikidata.org/entity/Q39715"
<http://www.wikidata.org/entity/Q5856565>	POINT(2.635355 39.561340)	"Port of Palma - La Riba Lighthouse"@en	1903-01-01T00:00:00Z					1982-01-01T00:00:00Z				2	"http://www.wikidata.org/entity/Q39715"
<http://www.wikidata.org/entity/Q5856567>	POINT(-3.214639 43.384581)	"Santa Ana Castle Lighthouse"@en	1853-01-01T00:00:00Z								"http://www.wikidata.org/entity/Q5757589"	4	"http://www.wikidata.org/entity/Q39715"
<http://www.wikidata.org/entity/Q5897891>	POINT(-6.929305 52.123806)	"Hook Lighthouse"@en	1300-01-01T00:00:00Z									9	"http://www.wikidata.org/entity/Q39715"
<http://www.wikidata.org/entity/Q59082596>	POINT(-6.445000 49.871667)	"Bishop Rock Lighthouse"@en	1858-01-01T00:00:00Z								"http://www.wikidata.org/entity/Q180209"	5	"http://www.wikidata.org/entity/Q39715"
<http://www.wikidata.org/entity/Q59124>	POINT(-4.778889 48.423611)	"Trezien lighthouse"@en	1892-01-01T00:00:00Z									4	"http://www.wikidata.org/entity/Q39715"
<http://www.wikidata.org/entity/Q59489636>	POINT(-4.375004 54.324268)	"Ramsey North Pier Lighthouse"@en	1864-01-01T00:00:00Z									1	"http://www.wikidata.org/entity/Q39715"
<http://www.wikidata.org/entity/Q59489819>	POINT(-4.374999 54.323741)	"Ramsey South Pier Lighthouse"@en	1876-01-01T00:00:00Z									1	"http://www.wikidata.org/entity/Q39715"
<http://www.wikidata.org/entity/Q5964618>	POINT(17.047139 57.146583)	"Högby lighthouse"@en	1898-01-01T00:00:00Z									4	"http://www.wikidata.org/entity/Q10519294|http://www.wikidata.org/entity/Q39715"
<http://www.wikidata.org/entity/Q60813977>	POINT(8.490028 53.919330)	"Little lighthouse Neuwerk"@en	1815-01-01T00:00:00Z		1909-01-01T00:00:00Z							1	"http://www.wikidata.org/entity/Q39715|http://www.wikidata.org/entity/Q804292"
<http://www.wikidata.org/entity/Q60852837>	POINT(8.487357 53.922096)	"Blüse Neuwerk"@en	1644-01-01T00:00:00Z		1815-01-01T00:00:00Z							3	"http://www.wikidata.org/entity/Q1409029"
<http://www.wikidata.org/entity/Q6085777>	POINT(29.031945 40.968056)	"Fenerbahçe Lighthouse"@en	1856-01-01T00:00:00Z									10	"http://www.wikidata.org/entity/Q39715"
<http://www.wikidata.org/entity/Q6112569>	POINT(18.570390 54.445310)	"Lighthouse in Sopot"@en	1904-01-01T00:00:00Z								"http://www.wikidata.org/entity/Q9386167"	8	"http://www.wikidata.org/entity/Q1440300|http://www.wikidata.org/entity/Q39715"
<http://www.wikidata.org/entity/Q61996983>	POINT(19.300222 60.159750)		1895-01-01T00:00:00Z									0	"http://www.wikidata.org/entity/Q39715"
<http://www.wikidata.org/entity/Q623540>	POINT(-4.997222 48.050278)	"Ar Men"@en	1867-01-01T00:00:00Z									13	"http://www.wikidata.org/entity/Q39715"
<http://www.wikidata.org/entity/Q63066734>	POINT(-3.007778 47.573001)	"Phare de Kernevest"@en	1855-01-01T00:00:00Z									3	"http://www.wikidata.org/entity/Q39715"
<http://www.wikidata.org/entity/Q63283639>	POINT(8.603287 53.165521)	"Schwarzer Leuchtturm"@en	1898-01-01T00:00:00Z									1	"http://www.wikidata.org/entity/Q39715"
<http://www.wikidata.org/entity/Q63441665>	POINT(8.505966 53.316710)	"Großerpater range rear light"@en	1897-01-01T00:00:00Z								"http://www.wikidata.org/entity/Q63441531"	1	"http://www.wikidata.org/entity/Q39715"
<http://www.wikidata.org/entity/Q63441680>	POINT(8.504563 53.328545)	"Großerpater range front light"@en	1897-01-01T00:00:00Z								"http://www.wikidata.org/entity/Q63441531"	1	"http://www.wikidata.org/entity/Q39715"
<http://www.wikidata.org/entity/Q6395096>	POINT(24.654000 65.080667)	"Keskiniemi Light"@en	1908-01-01T00:00:00Z									2	"http://www.wikidata.org/entity/Q39715"
<http://www.wikidata.org/entity/Q639663>	POINT(-6.226020 56.727100)	"Ardnamurchan Lighthouse"@en	1849-01-01T00:00:00Z									11	"http://www.wikidata.org/entity/Q1863818|http://www.wikidata.org/entity/Q39715"
<http://www.wikidata.org/entity/Q6407284>	POINT(-5.146920 54.861800)	"Killantringan Lighthouse"@en	1900-01-01T00:00:00Z									5	"http://www.wikidata.org/entity/Q39715"
<http://www.wikidata.org/entity/Q6433225>	POINT(25.401700 65.057300)	"Koskela Light"@en	1911-01-01T00:00:00Z									4	"http://www.wikidata.org/entity/Q39715"
<http://www.wikidata.org/entity/Q6440456>	POINT(4.985556 62.034444)	"Kråkenes Lighthouse"@en	1906-01-01T00:00:00Z									7	"http://www.wikidata.org/entity/Q39715"
<http://www.wikidata.org/entity/Q64944783>	POINT(13.117611 59.257222)		1901-01-01T00:00:00Z		2012-08-01T00:00:00Z							0	"http://www.wikidata.org/entity/Q39715"
<http://www.wikidata.org/entity/Q64952307>	POINT(12.007083 57.853167)		1914-01-01T00:00:00Z									0	"http://www.wikidata.org/entity/Q39715|http://www.wikidata.org/entity/Q8157"
<http://www.wikidata.org/entity/Q64952424>	POINT(12.005222 57.851111)		1914-01-01T00:00:00Z									0	"http://www.wikidata.org/entity/Q39715"
<http://www.wikidata.org/entity/Q65038246>	POINT(21.195333 64.686639)		1901-01-01T00:00:00Z									0	"http://www.wikidata.org/entity/Q39715"
<http://www.wikidata.org/entity/Q65046643>	POINT(13.088267 58.720917)		1910-01-01T00:00:00Z									0	"http://www.wikidata.org/entity/Q39715|http://www.wikidata.org/entity/Q5017835"
<http://www.wikidata.org/entity/Q6514545>	POINT(5.123611 62.032500)	"Skongenes Lighthouse"@en	1870-01-01T00:00:00Z									6	"http://www.wikidata.org/entity/Q39715"
<http://www.wikidata.org/entity/Q6515019>	POINT(5.225160 59.526930)	"Ryvarden Lighthouse"@en	1849-01-01T00:00:00Z									9	"http://www.wikidata.org/entity/Q39715"
<http://www.wikidata.org/entity/Q65279401>	POINT(49.582861 39.756778)	"Sangi Mugan lighthouse"@en	1891-01-01T00:00:00Z									1	"http://www.wikidata.org/entity/Q39715"
<http://www.wikidata.org/entity/Q6546359>	POINT(-14.013633 28.715415)	"Tostón Lighthouse"@en	1897-01-01T00:00:00Z									5	"http://www.wikidata.org/entity/Q39715"
<http://www.wikidata.org/entity/Q6546365>	POINT(-27.084381 38.643597)	"Ponta das Contendas Lighthouse"@en	1882-01-01T00:00:00Z									5	"http://www.wikidata.org/entity/Q210272|http://www.wikidata.org/entity/Q39715"
<http://www.wikidata.org/entity/Q66052151>	POINT(13.514411 43.623294)	"Ancona old lighthouse"@en	1859-01-01T00:00:00Z								"http://www.wikidata.org/entity/Q3895489"	0	"http://www.wikidata.org/entity/Q39715"
<http://www.wikidata.org/entity/Q671063>	POINT(-3.251766 47.388561)	"Poulains lighthouse"@en	1867-01-01T00:00:00Z									4	"http://www.wikidata.org/entity/Q39715"
<http://www.wikidata.org/entity/Q671310>	POINT(16.542439 54.539752)	"Jarosławiec Lighthouse"@en	1838-01-01T00:00:00Z								"http://www.wikidata.org/entity/Q33314961"	9	"http://www.wikidata.org/entity/Q39715|http://www.wikidata.org/entity/Q811165"
<http://www.wikidata.org/entity/Q67219604>	POINT(0.589790 50.858202)	"Hastings Lighthouse"@en	1851-01-01T00:00:00Z									2	"http://www.wikidata.org/entity/Q39715"
<http://www.wikidata.org/entity/Q6766188>	POINT(24.561528 65.040111)	"Marjaniemi lighthouse"@en	1871-01-01T00:00:00Z									6	"http://www.wikidata.org/entity/Q39715"
<http://www.wikidata.org/entity/Q68075624>	POINT(47.498780 42.985530)	"Makhachkala Lighthouse"@en	1852-01-01T00:00:00Z									5	"http://www.wikidata.org/entity/Q2319498|http://www.wikidata.org/entity/Q39715"
<http://www.wikidata.org/entity/Q6894284>	POINT(14.405000 68.157500)	"Moholmen Lighthouse"@en	1914-01-01T00:00:00Z									4	"http://www.wikidata.org/entity/Q39715"
<http://www.wikidata.org/entity/Q7063872>	POINT(-3.070300 59.331100)	"Noup Head Lighthouse"@en	1898-01-01T00:00:00Z									3	"http://www.wikidata.org/entity/Q39715"
<http://www.wikidata.org/entity/Q7071102>	POINT(14.364722 67.286111)	"Nyholmen Lighthouse"@en	1907-01-01T00:00:00Z									3	"http://www.wikidata.org/entity/Q39715"
<http://www.wikidata.org/entity/Q7071390>	POINT(18.681092 57.218311)	"När lighthouse"@en	1872-01-01T00:00:00Z									6	"http://www.wikidata.org/entity/Q39715|http://www.wikidata.org/entity/Q787078"
<http://www.wikidata.org/entity/Q7071412>	POINT(11.193280 64.842340)	"Nærøysund Lighthouse"@en	1904-01-01T00:00:00Z									3	"http://www.wikidata.org/entity/Q39715"
<http://www.wikidata.org/entity/Q7084211>	POINT(-2.456431 50.522303)	"Portland Bill High Light"@en	1869-01-01T00:00:00Z									3	"http://www.wikidata.org/entity/Q39715"
<http://www.wikidata.org/entity/Q7084254>	POINT(0.493617 52.949629)	"Old Hunstanton Lighthouse"@en	1840-01-01T00:00:00Z									3	"http://www.wikidata.org/entity/Q39715"
<http://www.wikidata.org/entity/Q7084394>	POINT(-2.451088 50.519671)	"Portland Bill Low Light"@en	1869-01-01T00:00:00Z									3	"http://www.wikidata.org/entity/Q39715"
<http://www.wikidata.org/entity/Q7101494>	POINT(11.851690 54.960110)	"Orehoved Lighthouse"@en	1895-01-01T00:00:00Z									2	"http://www.wikidata.org/entity/Q39715"
<http://www.wikidata.org/entity/Q712299>	POINT(16.398800 56.197983)	"Långe Jan"@en	1784-01-01T00:00:00Z									13	"http://www.wikidata.org/entity/Q10411887|http://www.wikidata.org/entity/Q10416961|http://www.wikidata.org/entity/Q39715"
<http://www.wikidata.org/entity/Q7208082>	POINT(-4.289170 53.416100)	"Point Lynas Lighthouse"@en	1835-01-01T00:00:00Z									8	"http://www.wikidata.org/entity/Q39715"
<http://www.wikidata.org/entity/Q7228600>	POINT(-6.151700 53.342100)	"Poolbeg Lighthouse"@en	1767-01-01T00:00:00Z									8	"http://www.wikidata.org/entity/Q39715"
<http://www.wikidata.org/entity/Q723232>	POINT(8.598570 57.112700)	"Hanstholm Lighthouse"@en	1843-01-01T00:00:00Z									6	"http://www.wikidata.org/entity/Q39715"
<http://www.wikidata.org/entity/Q7353828>	POINT(-8.254600 51.793000)	"Roche's Point Lighthouse"@en	1835-01-01T00:00:00Z									5	"http://www.wikidata.org/entity/Q39715"
<http://www.wikidata.org/entity/Q7370643>	POINT(-8.440583 54.614650)	"Rotten Island lighthouse"@en	1838-01-01T00:00:00Z									2	"http://www.wikidata.org/entity/Q39715"
<http://www.wikidata.org/entity/Q7370721>	POINT(15.944333 68.367806)	"Rotvær Lighthouse"@en	1914-01-01T00:00:00Z									3	"http://www.wikidata.org/entity/Q39715"
<http://www.wikidata.org/entity/Q7375626>	POINT(-5.811830 57.858800)	"Rua Reidh Lighthouse"@en	1912-01-01T00:00:00Z									4	"http://www.wikidata.org/entity/Q39715"
<http://www.wikidata.org/entity/Q7386720>	POINT(14.696040 55.099480)	"Rønne Lighthouse"@en	1880-01-01T00:00:00Z									7	"http://www.wikidata.org/entity/Q39715"
<http://www.wikidata.org/entity/Q7439516>	POINT(-2.437280 56.701800)	"Scurdie Ness Lighthouse"@en	1870-01-01T00:00:00Z									3	"http://www.wikidata.org/entity/Q39715"
<http://www.wikidata.org/entity/Q744547>	POINT(5.583889 62.414722)	"Runde Lighthouse"@en	1767-01-01T00:00:00Z									7	"http://www.wikidata.org/entity/Q30448674"
<http://www.wikidata.org/entity/Q748679>	POINT(6.146525 53.486839)	"North Tower"@en	1854-01-01T00:00:00Z									6	"http://www.wikidata.org/entity/Q39715"
<http://www.wikidata.org/entity/Q752010>	POINT(5.581230 59.035710)	"Tungenes Lighthouse"@en	1828-01-01T00:00:00Z								"http://www.wikidata.org/entity/Q12715938|http://www.wikidata.org/entity/Q20552966"	10	"http://www.wikidata.org/entity/Q1863818|http://www.wikidata.org/entity/Q39715"
<http://www.wikidata.org/entity/Q7536044>	POINT(10.995833 65.201944)	"Sklinna Lighthouse"@en	1910-01-01T00:00:00Z									4	"http://www.wikidata.org/entity/Q39715"
<http://www.wikidata.org/entity/Q7542437>	POINT(-10.233778 53.400055)	"Slyne Head lighthouse"@en	1836-01-01T00:00:00Z									4	"http://www.wikidata.org/entity/Q39715"
<http://www.wikidata.org/entity/Q7543693>	POINT(-5.669854 51.721215)	"Smalls Lighthouse"@en	1861-01-01T00:00:00Z									8	"http://www.wikidata.org/entity/Q39715"
<http://www.wikidata.org/entity/Q7546690>	POINT(13.352025 55.338022)	"Smygehuk lighthouse"@en	1883-01-01T00:00:00Z									4	"http://www.wikidata.org/entity/Q39715"
<http://www.wikidata.org/entity/Q7565258>	POINT(-1.364090 54.970500)	"Souter Lighthouse"@en	1871-01-01T00:00:00Z									3	"http://www.wikidata.org/entity/Q39715"
<http://www.wikidata.org/entity/Q7566333>	POINT(-5.411926 51.852675)	"South Bishop Lighthouse"@en	1839-01-01T00:00:00Z									4	"http://www.wikidata.org/entity/Q39715"
<http://www.wikidata.org/entity/Q7570747>	POINT(-3.595180 54.872823)	"Southerness lighthouse"@en	1749-01-01T00:00:00Z									4	"http://www.wikidata.org/entity/Q39715"
<http://www.wikidata.org/entity/Q7571483>	POINT(1.681370 52.327220)	"Southwold lighthouse"@en	1887-01-01T00:00:00Z									5	"http://www.wikidata.org/entity/Q39715"
<http://www.wikidata.org/entity/Q7586969>	POINT(-5.173620 51.681000)	"St. Ann's Head Lighthouse"@en	1841-01-01T00:00:00Z									4	"http://www.wikidata.org/entity/Q39715"
<http://www.wikidata.org/entity/Q7587435>	POINT(-1.303963 50.593154)	"St Catherine's Oratory"@en	1328-01-01T00:00:00Z									4	"http://www.wikidata.org/entity/Q12518|http://www.wikidata.org/entity/Q39715"
<http://www.wikidata.org/entity/Q7590348>	POINT(-1.449599 55.071701)	"St. Mary's Lighthouse"@en	1898-01-01T00:00:00Z									5	"http://www.wikidata.org/entity/Q39715"
<http://www.wikidata.org/entity/Q7592331>	POINT(-2.996940 51.239200)	"St Andrew's Church"@en	1350-01-01T00:00:00Z							<http://www.wikidata.org/entity/Q867023>		4	"http://www.wikidata.org/entity/Q16970|http://www.wikidata.org/entity/Q39715"
<http://www.wikidata.org/entity/Q7593352>	POINT(-1.083900 50.705100)	"St Helens Fort"@en	1867-01-01T00:00:00Z								"http://www.wikidata.org/entity/Q7128317"	2	"http://www.wikidata.org/entity/Q20097897|http://www.wikidata.org/entity/Q39715"
<http://www.wikidata.org/entity/Q7599046>	POINT(32.151111 46.511944)	"Stanislav Range Front Light"@en	1911-01-01T00:00:00Z									6	"http://www.wikidata.org/entity/Q1580122|http://www.wikidata.org/entity/Q1930418|http://www.wikidata.org/entity/Q39715"
<http://www.wikidata.org/entity/Q7619953>	POINT(10.524722 59.067222)	"Store Færder Lighthouse"@en	1696-01-01T00:00:00Z									1	"http://www.wikidata.org/entity/Q39715"
<http://www.wikidata.org/entity/Q7625316>	POINT(-5.073793 52.029850)	"Strumble Head Lighthouse"@en	1908-01-01T00:00:00Z									4	"http://www.wikidata.org/entity/Q39715"
<http://www.wikidata.org/entity/Q7637054>	POINT(-1.274700 59.853900)	"Sumburgh Head Lighthouse"@en	1821-01-01T00:00:00Z									5	"http://www.wikidata.org/entity/Q39715"
<http://www.wikidata.org/entity/Q7651711>	POINT(18.825000 60.174389)	"Svartklubben lighthouse"@en	1819-01-01T00:00:00Z									5	"http://www.wikidata.org/entity/Q39715|http://www.wikidata.org/entity/Q787078"
<http://www.wikidata.org/entity/Q765172>	POINT(18.477972 62.866028)	"Högbonden lighthouse"@en	1907-01-01T00:00:00Z									2	"http://www.wikidata.org/entity/Q10416961|http://www.wikidata.org/entity/Q3278565|http://www.wikidata.org/entity/Q328070|http://www.wikidata.org/entity/Q39715"
<http://www.wikidata.org/entity/Q765973>	POINT(-3.027000 53.953000)	"Wyre Light"@en	1840-01-01T00:00:00Z									4	"http://www.wikidata.org/entity/Q39715"
<http://www.wikidata.org/entity/Q7666295>	POINT(19.405972 59.752778)	"Söderarm lighthouse"@en	1839-01-01T00:00:00Z									4	"http://www.wikidata.org/entity/Q10411887|http://www.wikidata.org/entity/Q39715"
<http://www.wikidata.org/entity/Q76885>	POINT(-15.384722 27.864000)	"Punta de Arinaga Lighthouse"@en	1897-01-01T00:00:00Z									5	"http://www.wikidata.org/entity/Q39715"
<http://www.wikidata.org/entity/Q7700285>	POINT(13.497800 67.301900)	"Tennholmen Lighthouse"@en	1901-10-01T00:00:00Z									3	"http://www.wikidata.org/entity/Q39715"
<http://www.wikidata.org/entity/Q773792>	POINT(5.966667 62.483333)	"Alnes Lighthouse"@en	1853-01-01T00:00:00Z									8	"http://www.wikidata.org/entity/Q39715"
<http://www.wikidata.org/entity/Q773807>	POINT(9.530600 63.726900)	"Kjeungskjær Lighthouse"@en	1880-09-20T00:00:00Z									13	"http://www.wikidata.org/entity/Q3278565"
<http://www.wikidata.org/entity/Q776666>	POINT(8.904636 44.404540)	"Lighthouse of Genoa"@en	1543-01-01T00:00:00Z									23	"http://www.wikidata.org/entity/Q112132527|http://www.wikidata.org/entity/Q112132534|http://www.wikidata.org/entity/Q124830213|http://www.wikidata.org/entity/Q1863818|http://www.wikidata.org/entity/Q39715"
<http://www.wikidata.org/entity/Q7810653>	POINT(19.370056 59.791528)	"Tjärven lighthouse"@en	1902-01-01T00:00:00Z									6	"http://www.wikidata.org/entity/Q10411887|http://www.wikidata.org/entity/Q39715"
<http://www.wikidata.org/entity/Q7827275>	POINT(19.499860 70.245500)	"Torsvåg Lighthouse"@en	1904-01-01T00:00:00Z									8	"http://www.wikidata.org/entity/Q39715"
<http://www.wikidata.org/entity/Q7835513>	POINT(15.608600 68.186100)	"Tranøy Lighthouse"@en	1864-01-01T00:00:00Z									6	"http://www.wikidata.org/entity/Q39715"
<http://www.wikidata.org/entity/Q7849129>	POINT(11.968100 66.430600)	"Træna Lighthouse"@en	1877-01-01T00:00:00Z									4	"http://www.wikidata.org/entity/Q39715"
<http://www.wikidata.org/entity/Q7915576>	POINT(31.157260 70.388930)	"Vardø Lighthouse"@en	1896-01-01T00:00:00Z									6	"http://www.wikidata.org/entity/Q39715"
<http://www.wikidata.org/entity/Q7930388>	POINT(10.681400 64.545000)	"Villa Lighthouse"@en	1839-01-01T00:00:00Z									4	"http://www.wikidata.org/entity/Q39715"
<http://www.wikidata.org/entity/Q7973128>	POINT(-3.328900 51.183000)	"Watchet Harbour Lighthouse"@en	1862-01-01T00:00:00Z									3	"http://www.wikidata.org/entity/Q39715"
<http://www.wikidata.org/entity/Q79887827>	POINT(12.970333 40.895250)	"Faro de Punta Madonna"@en	1858-01-01T00:00:00Z									2	"http://www.wikidata.org/entity/Q39715"
<http://www.wikidata.org/entity/Q7994169>	POINT(-0.568333 54.477800)	"Whitby Lighthouse"@en	1858-01-01T00:00:00Z									4	"http://www.wikidata.org/entity/Q39715"
<http://www.wikidata.org/entity/Q8026534>	POINT(1.695300 52.713000)	"Winterton Lighthouse"@en	1867-01-01T00:00:00Z									3	"http://www.wikidata.org/entity/Q39715"
<http://www.wikidata.org/entity/Q8028157>	POINT(0.028751 53.730910)	"Withernsea Lighthouse"@en	1894-01-01T00:00:00Z									3	"http://www.wikidata.org/entity/Q39715"
<http://www.wikidata.org/entity/Q8053369>	POINT(28.839167 40.958333)	"Yeşilköy Feneri"@en	1856-01-01T00:00:00Z									7	"http://www.wikidata.org/entity/Q39715"
<http://www.wikidata.org/entity/Q8059844>	POINT(11.686900 66.013100)	"Ytterholmen Lighthouse"@en	1912-01-01T00:00:00Z									5	"http://www.wikidata.org/entity/Q39715"
<http://www.wikidata.org/entity/Q80728444>	POINT(-5.383333 54.400000)	"South Rock (Kilwarlin) Lighthouse"@en	1797-01-01T00:00:00Z									0	"http://www.wikidata.org/entity/Q39715"
<http://www.wikidata.org/entity/Q8082523>	POINT(29.616500 41.177972)	"Şile Lighthouse"@en	1859-01-01T00:00:00Z									8	"http://www.wikidata.org/entity/Q39715"
<http://www.wikidata.org/entity/Q821462>	POINT(5.582389 62.315602)	"Flåvær lighthouse"@en	1870-01-01T00:00:00Z									7	"http://www.wikidata.org/entity/Q39715"
<http://www.wikidata.org/entity/Q8254782>	POINT(22.633959 57.802391)	"Kolka lighthouse"@en	1801-01-01T00:00:00Z									10	"http://www.wikidata.org/entity/Q39715"
<http://www.wikidata.org/entity/Q830182>	POINT(13.432600 54.679600)	"Cape Arkona Lighthouse"@en	1902-01-01T00:00:00Z								"http://www.wikidata.org/entity/Q108934967"	2	"http://www.wikidata.org/entity/Q39715"
<http://www.wikidata.org/entity/Q83810598>	POINT(17.006667 43.046667)	"Svjetionik Rt Lovišće"@en	1874-01-01T00:00:00Z									1	"http://www.wikidata.org/entity/Q39715"
<http://www.wikidata.org/entity/Q848397>	POINT(29.004167 41.021111)	"Maiden's Tower"@en	1110-01-01T00:00:00Z									45	"http://www.wikidata.org/entity/Q11707|http://www.wikidata.org/entity/Q2319498|http://www.wikidata.org/entity/Q39715|http://www.wikidata.org/entity/Q4989906"
<http://www.wikidata.org/entity/Q85136856>	POINT(9.577280 54.889940)	"Rinkenæs Fyr"@en	1896-01-01T00:00:00Z									3	"http://www.wikidata.org/entity/Q39715"
<http://www.wikidata.org/entity/Q85623158>	POINT(32.802778 36.017500)	"Anamur Lighthouse"@en	1911-01-01T00:00:00Z									5	"http://www.wikidata.org/entity/Q39715"
<http://www.wikidata.org/entity/Q879885>	POINT(6.815833 62.895556)	"Bjørnsund Lighthouse"@en	1871-01-01T00:00:00Z									6	"http://www.wikidata.org/entity/Q39715"
<http://www.wikidata.org/entity/Q887055>	POINT(8.083250 55.557806)	"Blåvand Lighthouse"@en	1900-01-01T00:00:00Z									8	"http://www.wikidata.org/entity/Q39715"
<http://www.wikidata.org/entity/Q8926010>	POINT(10.110391 42.794448)	"Punta Polveraia Lighthouse"@en	1909-01-01T00:00:00Z									2	"http://www.wikidata.org/entity/Q39715"
<http://www.wikidata.org/entity/Q8960874>	POINT(-9.509828 39.415238)	"Berlenga Lighthouse"@en	1842-01-01T00:00:00Z									7	"http://www.wikidata.org/entity/Q210272|http://www.wikidata.org/entity/Q39715"
<http://www.wikidata.org/entity/Q8960876>	POINT(-9.298972 38.660472)	"Bugio Lighthouse"@en	1658-01-01T00:00:00Z								"http://www.wikidata.org/entity/Q10284031"	5	"http://www.wikidata.org/entity/Q210272|http://www.wikidata.org/entity/Q39715"
<http://www.wikidata.org/entity/Q8960880>	POINT(-9.407806 39.360667)	"Cabo Carvoeiro Lighthouse"@en	1790-01-01T00:00:00Z									6	"http://www.wikidata.org/entity/Q210272|http://www.wikidata.org/entity/Q39715"
<http://www.wikidata.org/entity/Q8960884>	POINT(-5.848903 43.655694)	"Faro de Cabo Peñas"@en	1852-08-15T00:00:00Z									4	"http://www.wikidata.org/entity/Q39715"
<http://www.wikidata.org/entity/Q8960888>	POINT(4.092308 40.088872)	"Cape Cavalleria Lighthouse"@en	1857-01-01T00:00:00Z									4	"http://www.wikidata.org/entity/Q39715"
<http://www.wikidata.org/entity/Q8960892>	POINT(-7.864655 36.974625)	"Cabo de Santa Maria Lighthouse"@en	1851-01-01T00:00:00Z									4	"http://www.wikidata.org/entity/Q210272|http://www.wikidata.org/entity/Q39715"
<http://www.wikidata.org/entity/Q8960894>	POINT(-6.144342 43.565172)	"Faro de Cudillero"@en	1858-08-01T00:00:00Z									5	"http://www.wikidata.org/entity/Q39715"
<http://www.wikidata.org/entity/Q8960898>	POINT(-4.748175 43.420111)	"Llanes Lighthouse"@en	1860-09-30T00:00:00Z									4	"http://www.wikidata.org/entity/Q39715"
<http://www.wikidata.org/entity/Q8960899>	POINT(-6.532315 43.549573)	"Faro de Luarca"@en	1862-11-15T00:00:00Z									4	"http://www.wikidata.org/entity/Q39715"
<http://www.wikidata.org/entity/Q8960902>	POINT(-8.875000 41.750000)	"Montedor Lighthouse"@en	1910-01-01T00:00:00Z									5	"http://www.wikidata.org/entity/Q210272|http://www.wikidata.org/entity/Q39715"
<http://www.wikidata.org/entity/Q8960907>	POINT(-5.082856 43.472791)	"Faro de Ribadesella"@en	1861-08-10T00:00:00Z									4	"http://www.wikidata.org/entity/Q39715"
<http://www.wikidata.org/entity/Q8960909>	POINT(-8.949295 36.994507)	"Ponta de Sagres Lighthouse"@en	1894-01-01T00:00:00Z								"http://www.wikidata.org/entity/Q516573"	5	"http://www.wikidata.org/entity/Q210272|http://www.wikidata.org/entity/Q39715"
<http://www.wikidata.org/entity/Q8960910>	POINT(-4.534490 43.399304)	"San Emeterio lighthouse"@en	1864-03-15T00:00:00Z									3	"http://www.wikidata.org/entity/Q39715"
<http://www.wikidata.org/entity/Q8960914>	POINT(-0.475284 38.164440)	"Far de Tabarca"@en	1854-01-01T00:00:00Z									5	"http://www.wikidata.org/entity/Q39715"
<http://www.wikidata.org/entity/Q8960915>	POINT(-5.398060 43.549170)	"Tazones lighthouse"@en	1864-03-15T00:00:00Z									3	"http://www.wikidata.org/entity/Q39715"
<http://www.wikidata.org/entity/Q8960917>	POINT(-6.946389 43.574167)	"Faro de Tapia"@en	1859-09-01T00:00:00Z									4	"http://www.wikidata.org/entity/Q39715"
<http://www.wikidata.org/entity/Q8960918>	POINT(-9.215833 38.691667)	"Torre de Belém Lighthouse"@en	1886-01-01T00:00:00Z		1940-01-01T00:00:00Z						"http://www.wikidata.org/entity/Q215003"	4	"http://www.wikidata.org/entity/Q39715"
<http://www.wikidata.org/entity/Q896813>	POINT(8.340830 54.946100)	"Kampen lighthouse"@en	1855-01-01T00:00:00Z									6	"http://www.wikidata.org/entity/Q39715"
<http://www.wikidata.org/entity/Q897813>	POINT(5.214250 53.360333)	"Brandaris"@en	1594-01-01T00:00:00Z									8	"http://www.wikidata.org/entity/Q39715"
<http://www.wikidata.org/entity/Q9016253>	POINT(10.637100 59.640500)	"Elle tåkeklokke"@en	1911-01-01T00:00:00Z									4	"http://www.wikidata.org/entity/Q39715"
<http://www.wikidata.org/entity/Q9075695>	POINT(10.594167 59.816389)	"Steilene lighthouse"@en	1837-01-01T00:00:00Z									5	"http://www.wikidata.org/entity/Q39715"
<http://www.wikidata.org/entity/Q908184>	POINT(5.267222 62.331389)	"Svinøy Lighthouse"@en	1905-01-01T00:00:00Z									6	"http://www.wikidata.org/entity/Q39715"
<http://www.wikidata.org/entity/Q908192>	POINT(5.941667 62.550278)	"Erkna Lighthouse"@en	1869-01-01T00:00:00Z									6	"http://www.wikidata.org/entity/Q39715"
<http://www.wikidata.org/entity/Q908202>	POINT(5.375000 62.178333)	"Haugsholmen Lighthouse"@en	1876-01-01T00:00:00Z									5	"http://www.wikidata.org/entity/Q39715"
<http://www.wikidata.org/entity/Q908212>	POINT(5.759056 62.430806)	"Grasøyane Lighthouse"@en	1886-01-01T00:00:00Z									6	"http://www.wikidata.org/entity/Q39715"
<http://www.wikidata.org/entity/Q908222>	POINT(6.164944 62.685222)	"Ulla Lighthouse"@en	1874-01-01T00:00:00Z									7	"http://www.wikidata.org/entity/Q39715"
<http://www.wikidata.org/entity/Q908231>	POINT(7.967222 63.531389)	"Haugjegla Lighthouse"@en	1905-01-01T00:00:00Z									8	"http://www.wikidata.org/entity/Q39715"
<http://www.wikidata.org/entity/Q908251>	POINT(6.543806 62.863444)	"Ona Lighthouse"@en	1867-01-01T00:00:00Z									8	"http://www.wikidata.org/entity/Q39715"
<http://www.wikidata.org/entity/Q90863376>	POINT(1.378080 51.390800)	"Margate Lighthouse"@en	1829-01-01T00:00:00Z									3	"http://www.wikidata.org/entity/Q39715"
<http://www.wikidata.org/entity/Q911787>	POINT(6.176167 62.636278)	"Hellevik Lighthouse"@en	1881-01-01T00:00:00Z									6	"http://www.wikidata.org/entity/Q39715"
<http://www.wikidata.org/entity/Q911835>	POINT(7.757175 63.472153)	"Skalmen Lighthouse"@en	1907-01-01T00:00:00Z									6	"http://www.wikidata.org/entity/Q39715"
<http://www.wikidata.org/entity/Q911848>	POINT(6.688889 62.838333)	"Flatflesa Lighthouse"@en	1902-09-20T00:00:00Z									6	"http://www.wikidata.org/entity/Q39715"
<http://www.wikidata.org/entity/Q923101>	POINT(7.609167 63.233611)	"Grip Lighthouse"@en	1885-01-01T00:00:00Z									8	"http://www.wikidata.org/entity/Q39715"
<http://www.wikidata.org/entity/Q9300521>	POINT(-8.996139 37.023056)	"Cabo de São Vicente Lighthouse"@en	1846-01-01T00:00:00Z								"http://www.wikidata.org/entity/Q10283644"	6	"http://www.wikidata.org/entity/Q210272|http://www.wikidata.org/entity/Q39715"
<http://www.wikidata.org/entity/Q9367535>	POINT(15.701667 55.952778)	"Utklippan lighthouse"@en	1870-01-01T00:00:00Z									6	"http://www.wikidata.org/entity/Q10519294|http://www.wikidata.org/entity/Q39715|http://www.wikidata.org/entity/Q787078"
<http://www.wikidata.org/entity/Q937891>	POINT(-22.704544 63.815522)	"Reykjanesviti"@en	1878-01-01T00:00:00Z									9	"http://www.wikidata.org/entity/Q39715"
<http://www.wikidata.org/entity/Q939914>	POINT(5.058130 53.295830)	"Vuurduin"@en	1909-01-01T00:00:00Z									7	"http://www.wikidata.org/entity/Q39715"
<http://www.wikidata.org/entity/Q952272>	POINT(10.688419 59.894875)	"Dyna Lighthouse"@en	1874-01-01T00:00:00Z									7	"http://www.wikidata.org/entity/Q39715"
<http://www.wikidata.org/entity/Q9531755>	POINT(10.722000 59.899800)	"Kavringen fyr"@en	1892-01-01T00:00:00Z									5	"http://www.wikidata.org/entity/Q39715"
<http://www.wikidata.org/entity/Q954613>	POINT(-1.410280 46.046700)	"Chassiron lighthouse"@en	1836-01-01T00:00:00Z									4	"http://www.wikidata.org/entity/Q39715"
<http://www.wikidata.org/entity/Q959479>	POINT(11.465833 57.895833)	"Pater Noster lighthouse"@en	1868-01-01T00:00:00Z									7	"http://www.wikidata.org/entity/Q10519294|http://www.wikidata.org/entity/Q39715"
<http://www.wikidata.org/entity/Q964781>	POINT(-1.265914 49.696422)	"new Gatteville Lighthouse"@en	1834-01-01T00:00:00Z									6	"http://www.wikidata.org/entity/Q39715"
<http://www.wikidata.org/entity/Q97289563>	POINT(17.871800 42.776000)	"Port of Slano lighthouse on cape Donji"@en	1875-01-01T00:00:00Z									1	"http://www.wikidata.org/entity/Q39715"
<http://www.wikidata.org/entity/Q973815>	POINT(-2.010278 43.322500)	"Igeldo lighthouse"@en	1855-01-01T00:00:00Z									5	"http://www.wikidata.org/entity/Q39715"
<http://www.wikidata.org/entity/Q97517504>	POINT(34.820833 46.182222)	"Henichesk Lighthouse"@en	1879-01-01T00:00:00Z									3	"http://www.wikidata.org/entity/Q39715"
<http://www.wikidata.org/entity/Q97662037>	POINT(47.639422 43.971223)	"Chechen Lighthouse"@en	1863-01-01T00:00:00Z									3	"http://www.wikidata.org/entity/Q39715"
<http://www.wikidata.org/entity/Q979088>	POINT(8.401450 55.052900)	"Leuchtturm List West"@en	1858-01-01T00:00:00Z									3	"http://www.wikidata.org/entity/Q39715"
<http://www.wikidata.org/entity/Q980133>	POINT(14.193056 55.386667)	"Sandhammaren lighthouse"@en	1862-01-01T00:00:00Z									5	"http://www.wikidata.org/entity/Q10519294|http://www.wikidata.org/entity/Q118896406|http://www.wikidata.org/entity/Q39715"
<http://www.wikidata.org/entity/Q98831169>	POINT(-6.216500 53.345700)	"North Wall Quay Lighthouse"@en	1904-01-01T00:00:00Z									1	"http://www.wikidata.org/entity/Q39715"
<http://www.wikidata.org/entity/Q98834717>	POINT(24.104230 56.956800)		1863-01-01T00:00:00Z									3	"http://www.wikidata.org/entity/Q39715"
<http://www.wikidata.org/entity/Q98925433>	POINT(-3.483350 48.837490)	"old Ploumanac'h lighthouse"@en	1846-01-01T00:00:00Z		1944-08-01T00:00:00Z							0	"http://www.wikidata.org/entity/Q39715"
<http://www.wikidata.org/entity/Q98937592>	POINT(6.582445 37.015167)	"Djerda peninsula Lighthouse"@en	1862-01-01T00:00:00Z									1	"http://www.wikidata.org/entity/Q39715"
<http://www.wikidata.org/entity/Q990511>	POINT(8.181597 53.481342)	"Leuchtturm Arngast"@en	1910-01-01T00:00:00Z									4	"http://www.wikidata.org/entity/Q39715"
<http://www.wikidata.org/entity/Q99433165>	POINT(-6.000568 52.965458)	"Wicklow Head Lighthouse (1825)"@en	1825-01-01T00:00:00Z									1	"http://www.wikidata.org/entity/Q39715"
<http://www.wikidata.org/entity/Q99433395>	POINT(-6.002521 52.965261)	"Wicklow Head Lighthouse (1779)"@en	1779-01-01T00:00:00Z									1	"http://www.wikidata.org/entity/Q1371789|http://www.wikidata.org/entity/Q39715"
