?i	?names
<http://www.wikidata.org/entity/Q101433871>	"cs:synagoga v Nýrsku"
<http://www.wikidata.org/entity/Q1030719>	"cs:Velká synagoga v Győru|hu:Győri zsinagóga|he:בית הכנסת בגיור|ar:كنيس جيور|nl:Grote synagoge van Györ|de:Große Synagoge"
<http://www.wikidata.org/entity/Q104430204>	"nl:Synagoge|de:Synagoge am Glashaven"
<http://www.wikidata.org/entity/Q104842034>	"cs:Synagoga v Táboře|de:Synagoge von Tábor"
<http://www.wikidata.org/entity/Q105768726>	"he:בית הכנסת בדופניצה"
<http://www.wikidata.org/entity/Q105946150>	"he:בית הכנסת הספרדי ברוסה|de:Große Synagoge (Russe)"
<http://www.wikidata.org/entity/Q106574436>	"de:Synagoge"
<http://www.wikidata.org/entity/Q106574481>	"de:Synagoge"
<http://www.wikidata.org/entity/Q106655021>	"de:Synagoge Tann"
<http://www.wikidata.org/entity/Q107307726>	"ru:Кенасса в Днепре|uk:Кенаса (Дніпро)"
<http://www.wikidata.org/entity/Q1076318>	"ru:Хоральная синагога (Каунас)|he:בית הכנסת הכוראלי של קובנה|lv:Kauņas sinagoga|es:Sinagoga Coral de Kaunas|it:sinagoga corale di Kaunas|lt:Kauno choralinė sinagoga|pl:Synagoga Chóralna w Kownie|de:Choral-Synagoge (Kaunas)|fr:synagogue de Kaunas|ca:Sinagoga Coral de Kaunas"
<http://www.wikidata.org/entity/Q108880606>	"he:בית הכנסת הגורל"
<http://www.wikidata.org/entity/Q109301199>	"he:בית הכנסת האיסטנבולי|es:Sinagoga Istanbúli|pl:Synagoga Stambulska w Jerozolimie|de:Istanbuli-Synagoge"
<http://www.wikidata.org/entity/Q109623810>	"be:Канфедэрацкая сінагога"
<http://www.wikidata.org/entity/Q110045873>	"he:בית הכנסת הספרדי בזמון|sr:Сефардска синагога у Земуну"
<http://www.wikidata.org/entity/Q110132884>	"ro:Sinagoga „Agudath Israel” din Chișinău"
<http://www.wikidata.org/entity/Q11050606>	"lt:Kėdainių naujoji sinagoga|pl:Nowa Synagoga w Kiejdanach|de:Neue Synagoge"
<http://www.wikidata.org/entity/Q110814807>	"es:antigua sinagoga en Maguncia|it:antica sinagoga di Magonza|de:ehemalige Hauptsynagoge in Mainz (1853–1912)|fr:ancienne synagogue de Mayence"
<http://www.wikidata.org/entity/Q11105506>	"lt:Lomžos Mažoji sinagoga|pl:Mała Synagoga w Łomży"
<http://www.wikidata.org/entity/Q11111497>	"lt:Lomžos Senoji sinagoga|pl:Najstarsza Synagoga w Łomży"
<http://www.wikidata.org/entity/Q111285574>	"de:Synagoge"
<http://www.wikidata.org/entity/Q111443571>	"de:Synagoge (Nîmes)|fr:synagogue de Nîmes"
<http://www.wikidata.org/entity/Q112088619>	"sk:synagóga"
<http://www.wikidata.org/entity/Q112089304>	"sk:synagóga"
<http://www.wikidata.org/entity/Q112089394>	"sk:ortodoxná synagóga"
<http://www.wikidata.org/entity/Q112095846>	"sk:synagóga"
<http://www.wikidata.org/entity/Q112096305>	"sk:Ortodoxná synagóga|de:Synagoge (Nové Zámky)"
<http://www.wikidata.org/entity/Q112100575>	"sk:synagóga"
<http://www.wikidata.org/entity/Q112101693>	"sk:býv. synagóga, dn. ev. kostol"
<http://www.wikidata.org/entity/Q112104370>	"sk:synagóga"
<http://www.wikidata.org/entity/Q112106022>	"sk:neologická synagóga"
<http://www.wikidata.org/entity/Q112112051>	"de:Synagoge Rechnitz"
<http://www.wikidata.org/entity/Q1129979>	"cs:Synagoga Tournelles|he:בית הכנסת טורנלס|pl:Synagoga aszkenazyjska w Paryżu|de:Synagoge der Rue des Tournelles|fr:synagogue de la rue des Tournelles|ca:Sinagoga de les Tournelles"
<http://www.wikidata.org/entity/Q1131850>	"he:בית הכנסת של ריימס|pl:Synagoga w Reims|de:Synagoge Reims|fr:synagogue de Reims"
<http://www.wikidata.org/entity/Q1132193>	"he:מוזיאון קזאלה מונפראטו|es:Sinagoga de Casale Monferrato|it:sinagoga di Casale Monferrato|nl:Synagogue of Casale Monferrato|de:Synagoge|fr:synagogue de Casale Monferrato"
<http://www.wikidata.org/entity/Q113989489>	"pl:Synagoga w Miasteczku Śląskim"
<http://www.wikidata.org/entity/Q1140625>	"he:בית הכנסת האשכנזי בזמון|sr:Земунска синагога|sr-el:Zemunska sinagoga|nl:Zemunska sinagoga|de:Synagoge|fr:synagogue de Zemun"
<http://www.wikidata.org/entity/Q1141086>	"cs:Synagoga v Besançon|ru:Синагога Безансон|pt:Sinagoga de Besançon|he:בית הכנסת הגדול של בזאנסון|ar:كنيس بيزانسون|el:Συναγωγή της Μπεζανσόν|ro:Sinagoga din Besançon|es:Sinagoga de Besanzón|eu:Besançongo sinagoga|it:sinagoga di Besançon|sv:Besançons synagoga|pl:Synagoga w Besançon|nl:Synagogue of Besançon|tr:Besançon sinagogu|de:Synagoge von Besançon|fr:synagogue de Besançon|ca:Sinagoga de Besançon"
<http://www.wikidata.org/entity/Q114372233>	"de:Synagoge Heiligenstadt"
<http://www.wikidata.org/entity/Q1151525>	"cs:Synagoga Churva|ru:Синагога «Хурва»|uk:Синагога Хурва|nb:Hurva-synagogen|mk:Синагога Хурва|pt:Sinagoga Churba|he:בית הכנסת החורבה|ar:كنيس الخراب|es:Sinagoga Hurva|it:Sinagoga Hurva|pl:Synagoga Hurwa w Jerozolimie|nl:Hurva-synagoge|tr:Hurva Sinagogu|de:Hurva-Synagoge|fr:synagogue Hourva|ca:Sinagoga Hurva"
<http://www.wikidata.org/entity/Q1152733>	"ru:Синагога Магаршала|uk:Синагога Магаршала|he:בית הכנסת של המהרש"ל|pl:Synagoga Maharszala w Lublinie"
<http://www.wikidata.org/entity/Q115328450>	"ar:الكنيس اليهودي المرحلة 1"
<http://www.wikidata.org/entity/Q115328507>	"ar:الكنيس اليهودي المرحلة 2"
<http://www.wikidata.org/entity/Q115754740>	"es:sinagoga de Salvatierra de Tormes"
<http://www.wikidata.org/entity/Q115959134>	"he:בית שמידט|de:Mitcham Schmidt"
<http://www.wikidata.org/entity/Q1162780>	"ru:Большая синагога|he:בית הכנסת הגדול בלומז'ה|lt:Lomžos Didžioji sinagoga|pl:Wielka Synagoga w Łomży|de:Große Synagoge"
<http://www.wikidata.org/entity/Q1163232>	"cs:Synagoga v Olomouci|he:בית הכנסת באולומואוץ|pl:Synagoga w Ołomuńcu|nl:Synagoge van Olomouc|de:Synagoge Olmütz|fr:synagogue d'Olmütz (1897-1939)"
<http://www.wikidata.org/entity/Q1163483>	"cs:Synagoga v Bílsku|he:בית הכנסת הגדול של ביילסקו|pl:Synagoga w Bielsku|de:Synagoge Bielitz"
<http://www.wikidata.org/entity/Q116510595>	"de:Ehemalige Synagoge in Heppenheim|fr:ancienne synagogue d'Heppenheim"
<http://www.wikidata.org/entity/Q116513482>	"de:Ehem. Synagoge"
<http://www.wikidata.org/entity/Q11695336>	"pl:Duża Synagoga w Zabrzu"
<http://www.wikidata.org/entity/Q11721617>	"nl:synagoge"
<http://www.wikidata.org/entity/Q11734893>	"he:בית הכנסת בגבווילר|de:Synagoge|fr:synagogue de Guebwiller"
<http://www.wikidata.org/entity/Q117452>	"he:בית הכנסת ישועה טובה|ro:Sinagoga Eșua Tova din București|es:Sinagoga Eșua Tova de Bucarest|pl:Synagoga Jeszua Tova w Bukareszcie|fr:synagogue Yeshua Tova|ca:Sinagoga Eșua Tova de Bucarest"
<http://www.wikidata.org/entity/Q11772109>	"pl:Mała Synagoga w Inowrocławiu"
<http://www.wikidata.org/entity/Q11772112>	"pl:Mała Synagoga w Kraśniku"
<http://www.wikidata.org/entity/Q11772115>	"pl:Mała Synagoga w Piotrkowie Trybunalskim"
<http://www.wikidata.org/entity/Q11772116>	"pl:Mała Synagoga w Płocku|de:Kleine Synagoge"
<http://www.wikidata.org/entity/Q11772120>	"lt:Tikocino Mažoji sinagoga|pl:Mała Synagoga w Tykocinie|de:Kleine Synagoge"
<http://www.wikidata.org/entity/Q11789308>	"pl:Najstarsza Synagoga w Oświęcimiu"
<http://www.wikidata.org/entity/Q11789311>	"pl:Najstarsza Synagoga w Poznaniu"
<http://www.wikidata.org/entity/Q11789313>	"cs:Nejstarší synagoga v Přemyšlu|pl:Najstarsza Synagoga w Przemyślu"
<http://www.wikidata.org/entity/Q11789321>	"pl:Najstarsza synagoga w Baranowie Sandomierskim"
<http://www.wikidata.org/entity/Q11793446>	"pl:Nowa Synagoga w Dukli|de:Synagoge"
<http://www.wikidata.org/entity/Q11793453>	"cs:Nová synagoga v Liberci|pl:Nowa Synagoga w Libercu"
<http://www.wikidata.org/entity/Q11793457>	"pl:Nowa Synagoga w Poznaniu (ul. Żydowska)"
<http://www.wikidata.org/entity/Q11793465>	"pl:Nowa Synagoga w Wojsławicach"
<http://www.wikidata.org/entity/Q118151244>	"ru:Дом хоральной синагоги|uk:Будинок хоральної синагоги|de:Choral-Synagoge"
<http://www.wikidata.org/entity/Q11828340>	"cs:Přední synagoga|mul:Přední synagoga|pl:Przednia Synagoga w Třebíču|de:Altschul"
<http://www.wikidata.org/entity/Q11836259>	"pl:Stara Synagoga w Bytomiu"
<http://www.wikidata.org/entity/Q11836260>	"cs:Stará Klausová synagoga|pl:Stara Synagoga Klausowa w Pradze|tr:Stará Klausová synagoga"
<http://www.wikidata.org/entity/Q11836263>	"hu:régi zsinagóga|pl:Stara Synagoga w Segedynie"
<http://www.wikidata.org/entity/Q11836264>	"pl:Stara Synagoga w Tarnowskich Górach"
<http://www.wikidata.org/entity/Q11836522>	"pl:Synagoga Berszta Lipszyca w Łodzi"
<http://www.wikidata.org/entity/Q11836529>	"pl:Synagoga Nusyna Nachmana Żelechowskiego"
<http://www.wikidata.org/entity/Q11836530>	"he:בית הכנסת הרמח"ל בעכו|pl:Synagoga Ramchal"
<http://www.wikidata.org/entity/Q11836534>	"pl:Synagoga w Gdańsku (ul. Lawendowa)"
<http://www.wikidata.org/entity/Q11836539>	"pl:Synagoga w Kędzierzynie-Koźlu|de:Synagoge Cosel"
<http://www.wikidata.org/entity/Q11836540>	"pl:Synagoga w Makowie Mazowieckim"
<http://www.wikidata.org/entity/Q11836543>	"pl:Synagoga w Obrzycku|de:Synagoge"
<http://www.wikidata.org/entity/Q11836544>	"pl:Synagoga w Pile"
<http://www.wikidata.org/entity/Q11837744>	"ru:Великая синагога в Освенциме|uk:Велика синагога в Освенцимі|he:בית הכנסת הגדול לשעבר באושוויינצ'ים|pl:Wielka Synagoga w Oświęcimiu|de:Große Synagoge|fr:Grande Synagogue d'Oświęcim"
<http://www.wikidata.org/entity/Q11994063>	"cs:synagoga v Novém Bydžově|pl:Synagoga w Novým Bydžovie|de:Synagoge"
<http://www.wikidata.org/entity/Q1204243>	"pl:Niemiecka Synagoga w Warszawie|de:Deutsche Synagoge (Warschau)"
<http://www.wikidata.org/entity/Q12051106>	"cs:Velká německá škola|he:בית הכנסת הגרמני הגדול|es:Sinagoga Scola Grande Tedesca|it:scola Grande Tedesca|pl:Wielka Synagoga Niemiecka|de:Deutsche Synagoge"
<http://www.wikidata.org/entity/Q12056176>	"cs:Stará synagoga v Plzni|de:Alte Synagoge (Pilsen)"
<http://www.wikidata.org/entity/Q12056177>	"cs:Stará synagoga ve Velkém Meziříčí|de:Alte Synagoge"
<http://www.wikidata.org/entity/Q12057840>	"cs:Synagoga v Kladně|de:Synagoge"
<http://www.wikidata.org/entity/Q12057843>	"cs:Synagoga v Bezdružicích|de:Synagoge"
<http://www.wikidata.org/entity/Q12057846>	"cs:Synagoga v Brandýse nad Labem|de:Synagoge"
<http://www.wikidata.org/entity/Q12057847>	"cs:Synagoga v Budyni nad Ohří|de:Synagoge"
<http://www.wikidata.org/entity/Q12057848>	"cs:Synagoga v Bílině|de:Synagoge"
<http://www.wikidata.org/entity/Q12057853>	"cs:Synagoga v Chebu|de:Synagoge in Cheb|fr:synagogue d'Egra"
<http://www.wikidata.org/entity/Q12057855>	"cs:Synagoga v Chomutově|sk:Synagóga v Chomutove|de:Synagoge"
<http://www.wikidata.org/entity/Q12057858>	"cs:Synagoga v Dešenici|de:Synagoge"
<http://www.wikidata.org/entity/Q12057864>	"cs:Synagoga v Golčově Jeníkově|de:Synagoge"
<http://www.wikidata.org/entity/Q12057865>	"cs:Synagoga"
<http://www.wikidata.org/entity/Q12057868>	"cs:synagoga v Humpolci|de:Synagoge"
<http://www.wikidata.org/entity/Q12057870>	"cs:Synagoga v Jablonci nad Nisou|de:Synagoge in Jablonec|fr:synagogue de Gablonz an der Neiße"
<http://www.wikidata.org/entity/Q12057871>	"cs:Synagoga v Janovicích nad Úhlavou|de:Synagoge"
<http://www.wikidata.org/entity/Q12057875>	"cs:Synagoga v Kasejovicích|de:Synagoge|fr:synagogue de Kasejovice"
<http://www.wikidata.org/entity/Q12057880>	"cs:Synagoga v Kosově Hoře|de:Synagoge"
<http://www.wikidata.org/entity/Q12057881>	"cs:Synagoga v Kolíně|de:Synagoge"
<http://www.wikidata.org/entity/Q12057882>	"cs:Synagoga v Kovanicích|nl:Synagoge van Kovanice|de:Synagoge"
<http://www.wikidata.org/entity/Q12057888>	"cs:Synagoga v Křinci|nl:Synagoge van Křinec"
<http://www.wikidata.org/entity/Q12057891>	"cs:Synagoga v Ledči nad Sázavou|de:Synagoge Ledeč"
<http://www.wikidata.org/entity/Q12057896>	"cs:Synagoga v Lomnici|de:Synagoge"
<http://www.wikidata.org/entity/Q12057900>	"cs:Synagoga v Mikulově|he:בית הכנסת במיקולוב|pl:Górna Synagoga Mikulowie|de:Synagoge"
<http://www.wikidata.org/entity/Q12057905>	"cs:Synagoga v Nové Cerekvi|de:Synagoge"
<http://www.wikidata.org/entity/Q12057908>	"cs:Synagoga v Pacově|sk:Synagóga v Pacove|de:Synagoge"
<http://www.wikidata.org/entity/Q12057912>	"cs:Synagoga v Polici"
<http://www.wikidata.org/entity/Q12057913>	"cs:Synagoga v Polné|de:Synagoge"
<http://www.wikidata.org/entity/Q12057916>	"cs:Synagoga v Rabí|de:Synagoge"
<http://www.wikidata.org/entity/Q12057926>	"cs:Synagoga v Třebívlicích|de:Synagoge"
<http://www.wikidata.org/entity/Q12057927>	"cs:Synagoga v Třešti|de:Synagoge"
<http://www.wikidata.org/entity/Q12057934>	"cs:Synagoga v Čáslavi|de:Synagoge"
<http://www.wikidata.org/entity/Q12057937>	"cs:Synagoga ve Františkových Lázních|de:Synagoge"
<http://www.wikidata.org/entity/Q12057939>	"cs:Synagoga ve Kdyni|de:Synagoge"
<http://www.wikidata.org/entity/Q12057940>	"cs:Synagoga ve Slatině|de:Synagoge"
<http://www.wikidata.org/entity/Q12057943>	"cs:Synagoga ve Stádlci|de:Synagoge"
<http://www.wikidata.org/entity/Q12057948>	"cs:synagoga ve Velharticích|de:Synagoge in Velhartice"
<http://www.wikidata.org/entity/Q12152782>	"uk:Синагога (Сатанів)|pl:Synagoga w Satanowie|de:Synagoge|fr:synagogue de Sataniv"
<http://www.wikidata.org/entity/Q12152783>	"ru:Синагога (Шаргород)|uk:Синагога (Шаргород)|et:Šargorodi sünagoog|he:בית הכנסת הגדול בשרהורוד|pl:Synagoga w Szarogrodzie|de:Synagoge|fr:synagogue de Charhorod"
<http://www.wikidata.org/entity/Q1230440>	"mul:Synagogue in Deidesheim|pl:Synagoga w Deidesheim|de:Synagoge Deidesheim|fr:synagogue de Deidesheim"
<http://www.wikidata.org/entity/Q123183180>	"he:בית הכנסת 'בית אהרון'|ar:كنيس بيت أهارون"
<http://www.wikidata.org/entity/Q12351523>	"hu:Nagyváradi neológ zsinagóga|ro:Sinagoga Neologă din Oradea|de:Neologe Synagoge"
<http://www.wikidata.org/entity/Q12353505>	"hu:Nagyváradi ortodox zsinagóga|ro:Sinagoga Ortodoxă din Oradea"
<http://www.wikidata.org/entity/Q12355172>	"hu:besztercei zsinagóga|ro:Sinagoga din Bistrița|it:sinagoga di Bistrița"
<http://www.wikidata.org/entity/Q123694172>	"pl:Synagoga Garncarska w Krakowie"
<http://www.wikidata.org/entity/Q12404514>	"he:בית הכנסת גמילות חסדים בסוצ'אבה|ro:Sinagoga Gah din Suceava"
<http://www.wikidata.org/entity/Q12404525>	"he:בית הכנסת של ראשוני החסידים בטבריה"
<http://www.wikidata.org/entity/Q12409012>	"he:מחזיקי הדת (לונדון)"
<http://www.wikidata.org/entity/Q1242869>	"cs:synagoga v Pécsi|hu:Pécsi zsinagóga|he:בית הכנסת בפץ'|it:Grande Sinagoga di Pécs|pl:Synagoga w Peczu|de:Synagoge Pécs|fr:synagogue de Pécs"
<http://www.wikidata.org/entity/Q12432499>	"cs:Synagoga v Miroslavi|sk:Synagóga v Miroslavi|de:Synagoge"
<http://www.wikidata.org/entity/Q12432522>	"cs:Synagoga v Novém Strašecí"
<http://www.wikidata.org/entity/Q1250908>	"pl:Polska Synagoga w Warszawie|de:Polnische Synagoge|fr:synagogue polonaise de Varsovie"
<http://www.wikidata.org/entity/Q125564784>	"tr:Bikur Holim Sinagogu"
<http://www.wikidata.org/entity/Q125565199>	"tr:Bet Hillel Sinagogu"
<http://www.wikidata.org/entity/Q125565633>	"tr:Sonsino Sinagogu"
<http://www.wikidata.org/entity/Q125565693>	"tr:Roş Haar Sinagogu"
<http://www.wikidata.org/entity/Q125565835>	"tr:Şalom Sinagogu"
<http://www.wikidata.org/entity/Q125566031>	"tr:Talmud Tora Sinagogu"
<http://www.wikidata.org/entity/Q125566273>	"tr:Los Forasteros Sinagogu"
<http://www.wikidata.org/entity/Q1257060>	"ru:Еврейский музей Боснии и Герцеговины|hr:Stara sinagoga u Sarajevu|he:בית הכנסת "קהל ישן" בסרייבו|sh:Muzej Jevreja Bosne i Hercegovine|pl:Stara Synagoga w Sarajewie|tr:Eski Sinagog, Saraybosna|de:Stari Hram (Sarajevo)|fr:vieille synagogue de Sarajevo"
<http://www.wikidata.org/entity/Q125888616>	"cs:Nová synagoga v Holešově"
<http://www.wikidata.org/entity/Q125940046>	"cs:Nová synagoga v Litoměřicích"
<http://www.wikidata.org/entity/Q126285761>	"cs:Synagoga ve Fryštátě"
<http://www.wikidata.org/entity/Q126382510>	"de:Synagoge"
<http://www.wikidata.org/entity/Q126382912>	"de:Synagoge"
<http://www.wikidata.org/entity/Q12740897>	"ro:Sinagoga Mare din Hârlău|de:Große Synagoge"
<http://www.wikidata.org/entity/Q12740898>	"ro:Sinagoga Mare din Gura Humorului|de:Große Synagoge"
<http://www.wikidata.org/entity/Q12740900>	"hu:nagykárolyi zsinagóga|ro:Sinagoga din Carei|de:Synagoge (Carei)"
<http://www.wikidata.org/entity/Q12740901>	"hu:Nagybányai zsinagóga|ro:Sinagoga din Baia Mare|es:Sinagoga de Baia Mare|be:Сінагога (Бая-Марэ)|de:Synagoge"
<http://www.wikidata.org/entity/Q12740910>	"ro:Sinagoga veche din Câmpulung Moldovenesc"
<http://www.wikidata.org/entity/Q12742034>	"ro:Templul Mare din Siret|de:Große Synagoge (Siret)"
<http://www.wikidata.org/entity/Q12742035>	"he:בית הכנסת הגדול של ואטרה דורניי|ro:Templul Mare din Vatra Dornei|fr:Grande synagogue de Vatra Dornei"
<http://www.wikidata.org/entity/Q1277676>	"ru:Темпль|uk:Темпль|he:בית הכנסת הטמפל בלבוב|it:sinagoga Tempel di Leopoli|pl:Synagoga Tempel we Lwowie|nl:Tempel Synagogue|de:Tempel-Synagoge|fr:synagogue Temple de Lemberg"
<http://www.wikidata.org/entity/Q1284030>	"cs:Synagoga v Sennfeldu|de:Synagoge Sennfeld|fr:synagogue de Sennfeld"
<http://www.wikidata.org/entity/Q129278301>	"cs:bývalá synagoga v Poděbradech"
<http://www.wikidata.org/entity/Q1296855>	"hu:Szentesi zsinagóga|he:בית הכנסת של סנטש|pl:Synagoga w Szentes|nl:synagoge van Szentes|de:Synagoge"
<http://www.wikidata.org/entity/Q130355982>	"he:בית הכנסת בלוקוב|pl:Synagoga w Łukowie"
<http://www.wikidata.org/entity/Q130520375>	"bg:Костурска синагога"
<http://www.wikidata.org/entity/Q130715610>	"de:Alte Synagoge Bremerhaven"
<http://www.wikidata.org/entity/Q130730078>	"nl:Nieuwe Synagoge"
<http://www.wikidata.org/entity/Q130912906>	"lb:Synagog Ettelbréck"
<http://www.wikidata.org/entity/Q131155311>	"he:בית הכנסת הישן בראש פינה"
<http://www.wikidata.org/entity/Q131171944>	"ru:Буйнакская синагога|he:בית הכנסת בוינאקסק|es:Sinagoga de Buynaksk"
<http://www.wikidata.org/entity/Q1316358>	"pt:Grande Sinagoga de Bordéus|he:בית הכנסת הגדול של בורדו|hy:Սինագոգ (Բորդո)|es:Gran Sinagoga de Burdeos|eu:Bordeleko Sinagoga Handia|pl:Wielka Synagoga w Bordeaux|nl:Synagogue van Bordeaux|de:Grande synagogue|fr:grande synagogue de Bordeaux|ca:Gran sinagoga de Bordeus"
<http://www.wikidata.org/entity/Q131741195>	"pl:synagoga w Janowcu"
<http://www.wikidata.org/entity/Q131741208>	"pl:synagoga w Sidrze"
<http://www.wikidata.org/entity/Q132073221>	"nl:Adelebsen-synagoge|de:Synagoge Adelebsen"
<http://www.wikidata.org/entity/Q132397098>	"de:Synagoge Sögel"
<http://www.wikidata.org/entity/Q1331109>	"ru:Синагога Элияху Ханави|he:בית הכנסת אליהו הנביא (אלכסנדריה)|ar:كنيس إلياهو هانبي|hy:Էլիյահու Հանավի սինագոգ|es:Sinagoga Eliyahu Hanavi|nl:Eliyahu Hanavi Synagogue|tr:Eliyahu Hanavi Sinagogu|de:Eliyahu-haNavi-Synagoge|fr:synagogue Éliyahu Hanavi|ca:Sinagoga Eliyahu Hanavi"
<http://www.wikidata.org/entity/Q133289520>	"de:Ehemalige Synagoge Lemförde"
<http://www.wikidata.org/entity/Q134545862>	"de:Synagoge (Pirmasens)"
<http://www.wikidata.org/entity/Q134561771>	"he:בית הכנסת בנאשיצה"
<http://www.wikidata.org/entity/Q134706691>	"hr:Sinagoga Židovske općine Zagreb"
<http://www.wikidata.org/entity/Q134985537>	"nl:Synagoge van Oude Pekela"
<http://www.wikidata.org/entity/Q135005799>	"ru:Новая синагога|lv:Jelgavas Jaunā sinagoga|pl:Nowa Synagoga w Jełgawie"
<http://www.wikidata.org/entity/Q135581504>	"de:Synagoge von Kelibia|fr:synagogue de Kélibia"
<http://www.wikidata.org/entity/Q135680210>	"he:בית הכנסת בצ'אקובץ"
<http://www.wikidata.org/entity/Q135687093>	"he:בית הכנסת בווירוביטיצה"
<http://www.wikidata.org/entity/Q1358886>	"cs:Velká synagoga|he:בית הכנסת דה לה ויקטואר|es:Gran Sinagoga de París|eu:Parisko Sinagoga Handia|sl:velika sinagoga v Parizu|pl:Wielka Synagoga w Paryżu|gl:Gran Sinagoga de París|nl:Grand Synagogue of Paris|tr:Büyük Paris Sinagogu|de:Große Synagoge|fr:grande synagogue de Paris|ca:Gran Sinagoga de París"
<http://www.wikidata.org/entity/Q1359148>	"cs:Synagoga v Lunéville|he:בית הכנסת בלונוויל|pl:Synagoga w Lunéville|de:Synagoge|fr:synagogue de Lunéville"
<http://www.wikidata.org/entity/Q136161614>	"de:Synagoge Sprendlingen"
<http://www.wikidata.org/entity/Q136379182>	"cs:Synagoga ve Dvoře Králové nad Labem"
<http://www.wikidata.org/entity/Q136384045>	"he:בית הכנסת בדבליאצ'ה|sr:Дебељачка синагога"
<http://www.wikidata.org/entity/Q136404983>	"cs:Synagoga v Rokytnici v Orlických horách"
<http://www.wikidata.org/entity/Q136445518>	"he:בית הכנסת בבאנאטסקו אראנג'לובו"
<http://www.wikidata.org/entity/Q136445856>	"de:Synagoge Ohel Jizchok"
<http://www.wikidata.org/entity/Q136450130>	"he:בית הכנסת באדה (סרביה)|sr:Синагога у Ади"
<http://www.wikidata.org/entity/Q136465004>	"he:בית הכנסת בשאבאץ"
<http://www.wikidata.org/entity/Q136473240>	"he:בית הכנסת באפאטין|sr:Комплекс синагоге у Апатину"
<http://www.wikidata.org/entity/Q1366211>	"he:בית הכנסת באביניון|es:Sinagoga de Aviñón|eu:Avignongo Sinagoga|pl:Synagoga w Awinionie|de:Synagoge (Avignon)|fr:synagogue d'Avignon"
<http://www.wikidata.org/entity/Q136980661>	"tr:Akhisar Sinagogu"
<http://www.wikidata.org/entity/Q137373478>	"de:Synagoge Nienburg"
<http://www.wikidata.org/entity/Q137377040>	"de:Synagoge Meppen"
<http://www.wikidata.org/entity/Q137415335>	"de:Synagoge Hoya"
<http://www.wikidata.org/entity/Q137560555>	"nl:Synagoge"
<http://www.wikidata.org/entity/Q137919625>	"de:Synagoge"
<http://www.wikidata.org/entity/Q138411982>	"bg:Cинагога в Казанлък|he:בית הכנסת בקאזאנלק"
<http://www.wikidata.org/entity/Q1386186>	"de:Synagoge Padberg"
<http://www.wikidata.org/entity/Q138677707>	"he:בית הכנסת בנובי פאזאר|sr:Сунагога у Новом Пазару"
<http://www.wikidata.org/entity/Q139801257>	"pl:Synagoga w Białym Borze"
<http://www.wikidata.org/entity/Q140915858>	"cs:Synagoga ve Vysokém Újezdu"
<http://www.wikidata.org/entity/Q1409606>	"he:בית הכנסת בפאפנהופן|pl:Synagoga w Pfaffenhoffen|de:Synagoge|fr:synagogue de Pfaffenhoffen"
<http://www.wikidata.org/entity/Q141523313>	"be:Былая сінагога"
<http://www.wikidata.org/entity/Q14329488>	"cs:synagoga v Rakovníku|ru:Синагога (Раковник)|he:בית הכנסת ברקובניק|de:Synagoge"
<http://www.wikidata.org/entity/Q1434348>	"de:Vereinssynagoge Stumpergasse"
<http://www.wikidata.org/entity/Q1435538>	"nl:Synagoge van Ahrweiler|de:Ehemalige Synagoge"
<http://www.wikidata.org/entity/Q14432023>	"nl:Grote Synagoge"
<http://www.wikidata.org/entity/Q1453315>	"nl:Synagoge van Haigerloch|de:Synagoge"
<http://www.wikidata.org/entity/Q14547128>	"he:בית הכנסת בבסלו|de:Mikwe (Besalú)|fr:synagogue de Besalú|ca:sinagoga de Besalú"
<http://www.wikidata.org/entity/Q1456757>	"es:Sinagoga de Kippenheim|de:Synagoge|fr:synagogue de Kippenheim"
<http://www.wikidata.org/entity/Q1457283>	"pl:Synagoga Cmentarna w Warszawie|de:Friedhofssynagoge (Warschau)"
<http://www.wikidata.org/entity/Q14627864>	"de:Synagoge|fr:synagogue de Wintzenheim"
<http://www.wikidata.org/entity/Q14627976>	"fr:synagogue de Traenheim"
<http://www.wikidata.org/entity/Q14667578>	"ru:Бродовская синагога|uk:Бродівська синагога|he:בית הכנסת הגדול בברודי|it:sinagoga grande di Brody|pl:Wielka Synagoga w Brodach|de:Alte Synagoge|fr:grande synagogue de Brody"
<http://www.wikidata.org/entity/Q1473716>	"cs:Velká synagoga v Lucku|ru:Большая синагога|uk:Велика синагога|he:בית הכנסת הגדול בלוצק|ar:الكنيس الكبير (لوتسك)|sr:Велика синагога у Луцку|es:Gran Sinagoga de Lutsk|it:sinagoga grande di Luc'k|pl:Wielka Synagoga w Łucku|nl:Great Synagogue, Lutsk|de:Große Synagoge|fr:Grande synagogue de Loutsk|ca:Gran Sinagoga de Lutsk"
<http://www.wikidata.org/entity/Q1485181>	"he:בית הכנסת בשפנדאו|de:Spandauer Vereinssynagoge"
<http://www.wikidata.org/entity/Q14912370>	"de:Synagoge (Thann)|fr:synagogue de Thann"
<http://www.wikidata.org/entity/Q1494883>	"he:בית הכנסת קרליבך|pl:Synagoga w Lubece|nl:Synagoge|de:Synagoge|fr:synagogue de Lübeck"
<http://www.wikidata.org/entity/Q14996875>	"he:בית כנסת בייסווטר"
<http://www.wikidata.org/entity/Q1504036>	"ru:Большая Хоральная Синагога|fi:Pietarin synagoga|hu:Nagy Korál zsinagóga|ka:სანქტ-პეტერბურგის დიდი სინაგოგა|he:בית הכנסת כורל הגדול|hy:Մեծ երգչախմբի սինագոգ (Սանկտ Պետերբուրգ)|es:Gran Sinagoga Coral de San Petersburgo|it:sinagoga grande corale|lt:Sankt Peterburgo Didžioji choralinė sinagoga|pl:Wielka Synagoga Chóralna w Sankt Petersburgu|nl:Bolsjaja Horalnaja Sinagoga|tr:Büyük Koro Sinagogu|de:Große Choral-Synagoge|fr:Grande synagogue chorale de Saint-Pétersbourg|ca:Gran Sinagoga de Sant Petersburg"
<http://www.wikidata.org/entity/Q15047250>	"hr:Karlovac Synagogue|he:בית הכנסת קרלובץ'|sh:Karlovačka sinagoga|sr:Синагога у Карловцу"
<http://www.wikidata.org/entity/Q15130968>	"tr:Sinagog (Ansbach)|de:Synagoge (Ansbach)"
<http://www.wikidata.org/entity/Q15130970>	"he:בית הכנסת בבלפור|de:Synagoge (Belfort)|fr:synagogue de Belfort"
<http://www.wikidata.org/entity/Q1515859>	"ru:Большая предместная синагога|uk:Передміська синагога|he:בית הכנסת הגדול מחוץ לעיר (לבוב)|it:sinagoga grande periferica di Leopoli|pl:Wielka Synagoga Przedmiejska we Lwowie|nl:Great Suburb Synagogue|de:Große Vorstadt-Synagoge"
<http://www.wikidata.org/entity/Q15178271>	"hr:Koprivnička sinagoga|he:בית הכנסת בקופריבניצה|sh:Koprivnička sinagoga|sr:Синагога у Копривници|de:Synagoge (Koprivnica)"
<http://www.wikidata.org/entity/Q15195831>	"he:בית הכנסת הישן (בוכום)|de:Alte Synagoge Bochum|fr:ancienne synagogue de Bochum"
<http://www.wikidata.org/entity/Q15204118>	"ar:معبد برادفورد تري اوف لايف"
<http://www.wikidata.org/entity/Q15281518>	"cs:Synagoga v Řezně|ru:Регенсбургская синагога|uk:Регенсбурзька синагога|he:בית הכנסת של רגנסבורג|pl:Najstarsza Synagoga w Ratyzbonie|de:Regensburger Synagoge|fr:synagogue de Ratisbonne"
<http://www.wikidata.org/entity/Q1529452>	"fi:Deloksen synagoga|pt:Sinagoga de Delos|he:בית הכנסת דלוס|el:Συναγωγή της Δήλου|es:Sinagoga de Delos|de:Synagoge auf Delos"
<http://www.wikidata.org/entity/Q1530750>	"ru:Новая синагога в Щецине|it:Sinagoga nuova di Stettino|pl:Nowa Synagoga w Szczecinie|de:Synagoge (Stettin)|fr:synagogue de Stettin"
<http://www.wikidata.org/entity/Q1531>	"ru:Большая синагога Лиона|hu:Lyoni Nagy Zsinagóga|he:בית הכנסת הגדול של ליון|es:Gran sinagoga de Lyon|it:Grande sinagoga di Lione|nl:Grande synagogue de Lyon|de:Große Synagoge von Lyon|fr:grande synagogue de Lyon|ca:Grande synagogue de Lyon"
<http://www.wikidata.org/entity/Q1533783>	"pl:Synagoga w Mysłowicach|de:Neue Synagoge"
<http://www.wikidata.org/entity/Q1548437>	"ru:Старая синагога (Вильнюс)|uk:Стара синагога|he:בית הכנסת הגדול של וילנה|es:Gran Sinagoga de Vilna|it:sinagoga grande di Vilnius|lt:Vilniaus Didžioji sinagoga|pl:Stara Synagoga w Wilnie|nl:Great Synagogue of Vilna|de:Große Synagoge Vilnius|fr:Grande synagogue de Vilna"
<http://www.wikidata.org/entity/Q1548447>	"cs:Velká synagoga|ru:Большая синагога в Лодзи|nb:Den store synagoge i Łódź|da:Den store synagoge i Łódź|he:בית הכנסת הגדול (לודז')|el:Μεγάλη Συναγωγή του Λοτζ|it:Sinagoga grande di Łódź|pl:Wielka Synagoga w Łodzi|nl:Grote synagoge|de:Große Synagoge (Łódź)|fr:grande synagogue de Łódź"
<http://www.wikidata.org/entity/Q1548449>	"cs:Velká synagoga|ru:Большая синагога (Пльзень)|hu:Nagy zsinagóga (Plzeň)|ka:პლზენის დიდი სინაგოგა|he:בית הכנסת הגדול של פלזן|es:Gran Sinagoga de Pilsen|it:Grande sinagoga|sv:Stora synagogan i Plzeň|pl:Wielka Synagoga w Pilznie|nl:Grote Synagoge|de:Große Synagoge|fr:grande synagogue de Pilsen"
<http://www.wikidata.org/entity/Q1548454>	"cs:Velká synagoga|ru:Большая синагога (Варшава)|fi:Varsovan suuri synagoga|uk:Велика синагога (Варшава)|nb:Den store synagoge i Warszawa|pt:Grande sinagoga de Varsóvia|he:בית הכנסת טלומצקה|el:Μεγάλη Συναγωγή της Βαρσοβίας|es:Gran Sinagoga de Varsovia|it:sinagoga grande di Varsavia|pl:Wielka Synagoga w Warszawie|nl:Great Synagogue, Warsaw|tr:Büyük Sinagog (Varşova)|de:Große Synagoge Warschau|fr:grande synagogue de Varsovie"
<http://www.wikidata.org/entity/Q1548456>	"ru:Большая синагога Флоренции|fi:Firenzen suuri synagoga|he:בית הכנסת הגדול של פירנצה|sh:Velika sinagoga u Firenci|es:Gran Sinagoga de Florencia|it:sinagoga di Firenze|pl:Wielka Synagoga we Florencji|nl:Great Synagogue of Florence|tr:Floransa Büyük Sinagogu|de:Große Synagoge von Florenz|fr:Grande Synagogue de Florence"
<http://www.wikidata.org/entity/Q1549439>	"pl:Synagoga w Kępnie|de:Synagoge"
<http://www.wikidata.org/entity/Q15632608>	"cs:Synagoga v Banské Štiavnici|pl:Synagoga w Bańskiej Szczawnicy|sk:Synagóga v Banskej Štiavnici|de:Synagoge|fr:synagogue de Banská Štiavnica"
<http://www.wikidata.org/entity/Q1567798>	"cs:Synagoga Nazareth|he:בית הכנסת דה נצרת|es:Sinagoga de Nazaret|it:Sinagoga Nazareth|sv:Synagogue Nazareth|pl:Synagoga w Paryżu|tr:Nazareth Sinagogu|de:Synagoge der Rue Notre-Dame-de-Nazareth|fr:synagogue Nazareth|ca:Sinagoga de Natzaret"
<http://www.wikidata.org/entity/Q1568115>	"uk:Санта Марія ла Бланка|fy:Santa María la Blanca|pt:Sinagoga de Santa María la Blanca|he:בית הכנסת בסנטה מריה לה בלנקה|ar:كنيس ابن شوشان|es:Sinagoga de Santa María la Blanca|eu:Andre Maria Zuriaren sinagoga|it:Sinagoga di Santa Maria la Blanca|pl:Synagoga Santa María la Blanca w Toledo|gl:Santa María la Blanca|nl:Santa María la Blanca|de:Santa María la Blanca|fr:synagogue Santa María La Blanca de Tolède|ca:Santa María la Blanca"
<http://www.wikidata.org/entity/Q1568469>	"he:בית הכנסת בניי-סיר-סן|it:Sinagoga di Neuilly|pl:Synagoga w Neuilly|nl:Synagogue de Neuilly|tr:Neuilly Sinagogu|de:Synagoge Neuilly-sur-Seine|fr:synagogue de Neuilly"
<http://www.wikidata.org/entity/Q1572150>	"ru:Синагога Иосефин|hu:Józsefvárosi zsinagóga|he:בית הכנסת יוספין|ro:Sinagoga din Iosefin|es:Sinagoga de Iosefin|nl:Iosefin Synagogue|de:Synagoge in der Josefstadt|fr:synagogue de Iosefin|ca:Sinagoga de Iosefin"
<http://www.wikidata.org/entity/Q1577089>	"cs:Synagoga Dura Európos|ru:Синагога Дура-Европос|uk:Синагога Дура-Европос|pt:Sinagoga de Dura Europos|he:בית הכנסת בדורה אירופוס|ar:كنيس دورا أوروبوس|es:Sinagoga de Dura Europos|it:sinagoga di Dura Europos|sl:sinagoga v Dura Evroposu|pl:Synagoga w Dura Europos|nl:Synagoge van Dura Europos|de:Synagoge von Dura Europos|fr:synagogue de Doura Europos"
<http://www.wikidata.org/entity/Q1580187>	"cs:Velká synagoga (Londýn)|he:בית הכנסת הגדול|es:Gran Sinagoga de Londres|it:sinagoga grande di Londra|nl:Great Synagogue of London|de:Große Synagoge von London|fr:Grande synagogue de Londres|ca:Gran Sinagoga de Londres"
<http://www.wikidata.org/entity/Q1592938>	"hu:kőszegi zsinagóga|he:בית הכנסת של קסג|de:Synagoge Kőszeg"
<http://www.wikidata.org/entity/Q15958599>	"he:בית הכנסת הגדול של נירנברג|it:Sinagoga maggiore di Norimberga|de:Hauptsynagoge Nürnberg|fr:grande synagogue de Nuremberg"
<http://www.wikidata.org/entity/Q15958604>	"he:בית הכנסת של נאנט|de:Synagoge|fr:synagogue de Nantes"
<http://www.wikidata.org/entity/Q16008878>	"de:Synagoge|fr:synagogue de Forbach"
<http://www.wikidata.org/entity/Q1611381>	"lt:Žaliakalnio sinagoga|pl:Synagoga na Zielonej Górze w Kownie"
<http://www.wikidata.org/entity/Q1617939>	"pl:Synagoga Praska|de:Pragaer Synagoge"
<http://www.wikidata.org/entity/Q1623546>	"cs:Vysoká synagoga|hu:Magas zsinagóga (Prága)|he:בית הכנסת הגבוה|es:Sinagoga Alta|it:sinagoga Alta|pl:Synagoga Wysoka w Pradze|nl:Hoge Synagoge|de:Hohe Synagoge (Prag)|fr:Haute Synagogue (Prague)"
<http://www.wikidata.org/entity/Q1636998>	"he:בית הכנסת הומבולדט|pl:Synagoga Humboldtgasse w Wiedniu|de:Humboldttempel"
<http://www.wikidata.org/entity/Q16582847>	"pl:Nowa Synagoga w Rybniku|de:Synagoge"
<http://www.wikidata.org/entity/Q16606470>	"he:בית הכנסת העתיק בליבורנו|es:Antigua Sinagoga de Livorno|it:sinagoga vecchia di Livorno|de:Alte Synagoge"
<http://www.wikidata.org/entity/Q16608193>	"he:בית כנסת האלשיך|pl:Synagoga Alszecha w Safedzie"
<http://www.wikidata.org/entity/Q16636906>	"ru:Главная хоральная синагога (Ростов-на-Дону)|uk:Головна хоральна синагога|ka:დონის როსტოვის მთავარი საგუნდო სინაგოგა|he:בית הכנסת הכוראלי הראשי (רוסטוב על הדון)|hy:Գլխավոր երգչախմբային սինագոգ (Դոնի Ռոստով)|pl:Wielka Synagoga Chóralna w Rostowie nad Donem"
<http://www.wikidata.org/entity/Q16699346>	"ru:Солдатская синагога|uk:Солдатська синагога (Ростов-на-Дону)|ka:ჯარისკაცის სინაგოგა|mk:Војничка синагога (Ростов на Дон)|he:בית הכנסת החייל (רוסטוב על הדון)|el:Συναγωγή του Στρατιώτη|pl:Synagoga Wojskowa w Rostowie nad Donem|tr:Asker Sinagogu|de:Soldatensynagoge|fr:synagogue des soldats"
<http://www.wikidata.org/entity/Q16704113>	"ru:Таганрогская синагога|ka:ტაგანროგის სინაგოგა|he:בית הכנסת בטאגאנרוג"
<http://www.wikidata.org/entity/Q16715431>	"ru:Центральная пермская синагога|he:בית הכנסת המרכזי בפרם"
<http://www.wikidata.org/entity/Q1673473>	"pl:Synagoga Izaaka Altera w Warszawie|de:Isaak-Alter-Synagoge (Warschau)"
<http://www.wikidata.org/entity/Q16761550>	"nl:Synagoge Maastricht"
<http://www.wikidata.org/entity/Q16932237>	"de:Manchester Reform Synagogue"
<http://www.wikidata.org/entity/Q1699045>	"cs:Synagoga v Turnově|de:Synagoge"
<http://www.wikidata.org/entity/Q17032191>	"he:בית הכנסת בווקובאר|sr:Синагога у Вуковару|de:Große Synagoge (Vukovar)|fr:synagogue de Vukovar"
<http://www.wikidata.org/entity/Q1716414>	"he:בית הכנסת בנורשפין|it:sinagoga di Norrköping|sv:Norrköpings synagoga|de:Jüdischer Friedhof Norrköping"
<http://www.wikidata.org/entity/Q1725776>	"he:בית הכנסת מולנרגאסה|es:Vereinssynagoge Müllnergasse|pl:Synagoga Müllnergasse w Wiedniu|de:Vereinssynagoge Müllnergasse|fr:synagogue de Müllnergasse"
<http://www.wikidata.org/entity/Q17335204>	"cs:Synagoga v Lošticích|de:Synagoge Loštice"
<http://www.wikidata.org/entity/Q17354801>	"et:Maakri tänava sünagoog|pt:Grande Sinagoga de Tallinn|es:Gran Sinagoga de Tallin|pl:Wielka Synagoga Chóralna w Tallinnie|fr:grande synagogue de Tallin"
<http://www.wikidata.org/entity/Q17372632>	"nl:Synagoge"
<http://www.wikidata.org/entity/Q17410026>	"nl:Synagoge (Kampen)|de:Synagoge"
<http://www.wikidata.org/entity/Q1742803>	"de:Landsynagoge"
<http://www.wikidata.org/entity/Q178728>	"he:בית הכנסת בלנצוט|es:Sinagoga de Łańcut|pl:Synagoga w Łańcucie|de:Synagoge|fr:synagogue de Łańcut"
<http://www.wikidata.org/entity/Q1790844>	"nb:Alte Sził-synagogen|da:Alte Sził-synagogen|he:בית הכנסת הישן (לודז')|el:Παλιά Συναγωγή του Λοτζ|it:Sinagoga Alte Szil di Łódź|pl:Synagoga Alte Szil w Łodzi|fr:synagogue Alte Szil de Łódź"
<http://www.wikidata.org/entity/Q1790912>	"nb:Wołyner Sził-synagogen|da:Ezras Israel Synagoge|he:בית הכנסת עזרת ישראל|el:Συναγωγή Εζράς Ισραέλ|it:Sinagoga Ezras Israel di Łódź|pl:Synagoga Ezras Izrael w Łodzi|fr:synagogue Ezras Izrael de Lodz"
<http://www.wikidata.org/entity/Q1791038>	"nb:Reicher-synagogen|da:Reicher-synagogen|pl:Synagoga Reicherów w Łodzi|de:Reicher Synagoge|fr:synagogue Reicher de Łódź"
<http://www.wikidata.org/entity/Q1811506>	"ru:Синагога дель Трансито|fy:Synagoge fan El Tránsito|pt:Sinagoga del Tránsito|he:בית הכנסת אל טרנסיטו|ar:كنيس شموئيل اللاوي|ro:Sinagoga del Tránsito|es:Sinagoga del Tránsito|eu:Samuel ha-Levi sinagoga|it:Sinagoga del Tránsito|sl:Sinagoga El Transito|pl:Synagoga El Tránsito w Toledo|nl:Synagogue of El Transito|de:Synagoge El Tránsito|fr:synagogue El Tránsito de Tolède|ca:sinagoga del transit"
<http://www.wikidata.org/entity/Q18431942>	"pl:Mała Synagoga w Gibraltarze"
<http://www.wikidata.org/entity/Q18432760>	"pl:Nowa synagoga w Lubaczowie"
<http://www.wikidata.org/entity/Q18435036>	"pl:Synagoga Flamandzka w Gibraltarze"
<http://www.wikidata.org/entity/Q18435038>	"pl:Synagoga w Strzelinie"
<http://www.wikidata.org/entity/Q1846204>	"ru:Большая хоральная синагога|hu:Nagy Korál zsinagóga (Riga)|da:Rigas korale synagoge|he:בית הכנסת הכוראלי של ריגה|lv:Rīgas Horālā sinagoga|it:sinagoga grande corale di Riga|lt:Rygos choralinė sinagoga|pl:Synagoga Chóralna w Rydze|nl:Riga Choral Synagogue|de:Große Choral-Synagoge|fr:Grande synagogue chorale de Riga"
<http://www.wikidata.org/entity/Q1853707>	"cs:Portugalská synagoga v Amsterdamu|ru:Португальская синагога|fi:Portugalilainen synagoga|uk:Португальська синагога (Амстердам)|da:Den portugisiske synagoge i Amsterdam|pt:Sinagoga Portuguesa de Amsterdão|he:בית הכנסת הפורטוגזי באמסטרדם|es:Sinagoga portuguesa de Ámsterdam|it:sinagoga portoghese di Amsterdam|pl:Synagoga Portugalska w Amsterdamie|nl:Portugees-Israëlietische Synagoge|tr:Portekiz Sinagogu|de:Portugiesische Synagoge|fr:synagogue portugaise d'Amsterdam|ca:Sinagoga portuguesa d'Amsterdam"
<http://www.wikidata.org/entity/Q18547921>	"ro:Sinagoga Mare din Fălticeni|de:Große Synagoge|fr:Grande synagogue de Fălticeni"
<http://www.wikidata.org/entity/Q18547923>	"ro:Sinagoga Merarilor din Iași"
<http://www.wikidata.org/entity/Q18548512>	"ro:Templul Havre Gah din Câmpulung Moldovenesc"
<http://www.wikidata.org/entity/Q18585800>	"cs:Synagoga ve Hvizdci|ru:Синагога в Гвоздце|uk:Синагога (Гвіздець)|he:בית הכנסת בעיר גבוז'דיאץ|el:Συναγωγή του Γκβόζντζιετς|es:Sinagoga de Gwoździec|it:Sinagoga di Gwoździec|sv:Synagogan i Hvizdets|pl:Synagoga w Gwoźdźcu|de:Synagoge (Hwisdez)"
<http://www.wikidata.org/entity/Q1872009>	"cs:Nová synagoga|es:Nueva Sinagoga de Libeň|pl:Nowa Synagoga Libeňska w Pradze|nl:Nieuwe Synagoge"
<http://www.wikidata.org/entity/Q18812870>	"cs:Synagoga v Hranicích|de:Synagoge (Hranice na Moravě)"
<http://www.wikidata.org/entity/Q18812918>	"cs:bývalá synagoga v Kojetíně|pl:Synagoga w Kojetínie|de:Synagoge (Kojetín)"
<http://www.wikidata.org/entity/Q18923277>	"cs:synagoga ve Slaném|de:Synagoge"
<http://www.wikidata.org/entity/Q19309723>	"de:Synagoge"
<http://www.wikidata.org/entity/Q19309724>	"de:Synagoge"
<http://www.wikidata.org/entity/Q19309725>	"de:Synagoge"
<http://www.wikidata.org/entity/Q19309729>	"cs:synagoga v Mladé Vožici|es:sinagoga|sk:synagóga|de:Synagoge"
<http://www.wikidata.org/entity/Q19309732>	"de:Synagoge"
<http://www.wikidata.org/entity/Q19309734>	"cs:synagoga ve Strážově|de:Synagoge"
<http://www.wikidata.org/entity/Q19368649>	"cs:Synagoga v Březnici|pl:Synagoga w Březnicach|de:Synagoge (Březnice)"
<http://www.wikidata.org/entity/Q19401457>	"pl:Stara Synagoga w Duisburgu|de:alte Synagoge"
<http://www.wikidata.org/entity/Q195207>	"nb:Hovedsynagogen i Frankfurt|he:בית הכנסת הראשי בפרנקפורט|es:Sinagoga principal de Fráncfort del Meno|it:Sinagoga maggiore di Francoforte sul Meno|pl:Synagoga Główna we Frankfurcie nad Menem|de:Hauptsynagoge|fr:synagogue principale de Francfort"
<http://www.wikidata.org/entity/Q19750837>	"hu:Szombathelyi zsinagóga|de:Synagoge"
<http://www.wikidata.org/entity/Q1979486>	"de:Neue Dammtorsynagoge"
<http://www.wikidata.org/entity/Q1979790>	"he:בית הכנסת החדש (בראונשווייג)|pl:Synagoga w Brunszwiku|de:Neue Synagoge"
<http://www.wikidata.org/entity/Q1979792>	"he:בית הכנסת החדש (אפינגן)|de:Neue Synagoge (Eppingen)"
<http://www.wikidata.org/entity/Q19857976>	"de:Synagoge Bar-le-Duc|fr:synagogue de Bar-le-Duc"
<http://www.wikidata.org/entity/Q19971483>	"es:Synagoge Kobersdorf|de:Synagoge Kobersdorf"
<http://www.wikidata.org/entity/Q20032997>	"pl:Synagoga w Człuchowie"
<http://www.wikidata.org/entity/Q2020421>	"nl:Synagoge|de:Synagoge|fr:synagogue de Nimègue"
<http://www.wikidata.org/entity/Q2037318>	"he:בית הכנסת אוטקרינגר|pl:Synagoga Hubergasse w Wiedniu|de:Ottakringer Tempel"
<http://www.wikidata.org/entity/Q20570344>	"mk:Синагога „Бет Ахарон“|he:בית הכנסת בית אהרון|sr:Синагога Бет Ахарон"
<http://www.wikidata.org/entity/Q2075998>	"gl:Sinagoga de Delft|nl:Synagoge|de:Synagoge (Delft)|fr:synagogue de Delft"
<http://www.wikidata.org/entity/Q2079847>	"ru:Стамбульская ашкеназская синагога|hu:Askenázi zsinagóga|mk:Ашкенашка синагога|he:בית הכנסת האשכנזי של איסטנבול|es:Sinagoga Asquenazí de Estambul|it:Sinagoga Ashkenazita di Istanbul|pl:Synagoga w Stambule|nl:Asjkenazi-synagoge|tr:İstanbul Aşkenaz Sinagogu|de:Aschkenasische Synagoge|fr:Synagogue ashkénaze d'Istanbul|ca:Sinagoga Asquenazita d'Istanbul"
<http://www.wikidata.org/entity/Q2095687>	"hu:Gyárvárosi zsinagóga|he:בית הכנסת ברובע פבריק|ro:Sinagoga din Fabric|it:sinagoga Fabric|pl:Nowa Synagoga w Timișoarze|nl:Fabric Synagogue|de:Synagoge in der Fabrikstadt|fr:synagogue de Timișoara"
<http://www.wikidata.org/entity/Q2095885>	"cs:Černovická synagoga|ru:Темпль|uk:Темпль (Чернівці)|hu:Csernyivci zsinagóga|he:בית הכנסת הכוראלי של צ'רנוביץ|ro:Templul din Cernăuți|es:Sinagoga de Czernowitz|pl:Synagoga Tempel w Czerniowcach|nl:Tsjernivtsi-synagoge|de:Synagoge Czernowitz|fr:Grande synagogue de Czernowitz"
<http://www.wikidata.org/entity/Q20971216>	"de:Synagoge|fr:synagogue de Deux-Ponts"
<http://www.wikidata.org/entity/Q21004276>	"nl:Boompjes synagoge|de:Synagoge Boompjes"
<http://www.wikidata.org/entity/Q21029727>	"he:בית הכנסת לוונשטראסה בציריך|pl:Synagoga w Zurychu|de:Synagoge"
<http://www.wikidata.org/entity/Q21037203>	"de:Synagoge in Nordhausen|fr:synagogue de Nordhausen"
<http://www.wikidata.org/entity/Q21170309>	"de:Israelitischer Tempel Poolstraße"
<http://www.wikidata.org/entity/Q21208588>	"es:Sinagoga de Savoca|it:sinagoga di Savoca|nl:Synagoge (Savoca)"
<http://www.wikidata.org/entity/Q21263209>	"cs:Synagoga|he:בית הכנסת בוורונה|es:Sinagoga de Verona|it:sinagoga di Verona|de:Synagoge (Verona)|fr:synagogue de Vérone"
<http://www.wikidata.org/entity/Q21501588>	"de:Synagoge Witten"
<http://www.wikidata.org/entity/Q21504174>	"de:Synagoge (Rottweil)"
<http://www.wikidata.org/entity/Q21587862>	"pl:Synagoga we Wrześni|de:Synagoge (Września)"
<http://www.wikidata.org/entity/Q21704722>	"cs:Synagoga v Liptovském Mikuláši|ru:Синагога в Липтовски-Микулаше|he:בית הכנסת בליפטובסקי מיקולש|sk:Synagóga v Liptovskom Mikuláši|de:Synagoge (Liptovský Mikuláš)"
<http://www.wikidata.org/entity/Q21704988>	"sk:Neologická synagóga|de:Neologe Synagoge (Prešov)"
<http://www.wikidata.org/entity/Q21705560>	"sk:synagóga|de:Synagoge (Vrbové)"
<http://www.wikidata.org/entity/Q218162>	"ru:Вормсская синагога|hu:wormsi zsinagóga|fy:Synagoge fan Worms|he:בית הכנסת של וורמס|es:Sinagoga de Worms|it:Sinagoga di Worms|nl:Synagoge van Worms|de:Synagoge Worms|fr:synagogue de Worms|ca:Sinagoga de Worms"
<http://www.wikidata.org/entity/Q21968134>	"he:בית הכנסת בלינדנשטראסה|de:Synagoge Lindenstraße"
<http://www.wikidata.org/entity/Q22041445>	"de:Synagoge|fr:synagogue de Verdun"
<http://www.wikidata.org/entity/Q2245836>	"he:בית הכנסת שמלצהוף|pl:Synagoga Schmalzhofgasse w Wiedniu|de:Schmalzhoftempel"
<http://www.wikidata.org/entity/Q22683751>	"pl:Synagoga w Cieszynie|fr:synagogue de Teschen"
<http://www.wikidata.org/entity/Q22691047>	"de:Alte Synagoge Bischheim|fr:ancienne synagogue de Bischheim"
<http://www.wikidata.org/entity/Q22694129>	"de:Ehemalige Synagoge Abterode|fr:ancienne synagogue d'Abterode"
<http://www.wikidata.org/entity/Q22694214>	"de:Synagoge Morhange|fr:synagogue de Morhange"
<http://www.wikidata.org/entity/Q2287242>	"he:בית הכנסת בראונהוברגאסה|pl:Synagoga Simmering w Wiedniu|de:Simmeringer Tempel|fr:synagogue de la Braunhubergasse (1899-1938)"
<http://www.wikidata.org/entity/Q22911677>	"cs:synagoga v Jevíčku|pl:Synagoga w Jevíčku|de:Synagoge (Jevíčko)"
<http://www.wikidata.org/entity/Q22975801>	"cs:synagoga v Dobrušce|he:בית הכנסת בדוברושקה|pl:Synagoga w Dobrušce|de:Synagoge (Dobruška)"
<http://www.wikidata.org/entity/Q22996541>	"de:Synagoge (Arcachon)|fr:synagogue d'Arcachon"
<http://www.wikidata.org/entity/Q23016140>	"cs:synagoga v Hořicích|de:Synagoge (Hořice v Podkrkonoší)"
<http://www.wikidata.org/entity/Q2327732>	"cs:Synagoga v Břeclavi|pl:Synagoga w Brzecławiu|sk:Synagoga (Břeclav)|de:Stadtmuseum und Galerie Břeclav"
<http://www.wikidata.org/entity/Q2335574>	"nl:Synagoge|de:Synagoge (Winterswijk)"
<http://www.wikidata.org/entity/Q23726469>	"de:Alte Synagoge"
<http://www.wikidata.org/entity/Q2374937>	"cs:Synagoga v Bechyni|pl:Synagoga w Bechyně|de:Synagoge (Bechyně)"
<http://www.wikidata.org/entity/Q2374977>	"he:בית הכנסת של ברגהיים|de:Synagoge (Bergheim)|fr:synagogue de Bergheim"
<http://www.wikidata.org/entity/Q2374984>	"pl:Synagoga w Biłgoraju|de:Synagoge (Biłgoraj)"
<http://www.wikidata.org/entity/Q2375000>	"de:Synagoge|fr:synagogue de Brumath"
<http://www.wikidata.org/entity/Q2375013>	"he:בית הכנסת בקולמר|de:Synagoge (Colmar)|fr:synagogue de Colmar"
<http://www.wikidata.org/entity/Q2375047>	"de:Synagoge (Foussemagne)|fr:synagogue de Foussemagne"
<http://www.wikidata.org/entity/Q2375082>	"ru:Синагога в Галле|he:בית הכנסת בהאלה|de:Synagoge (Halle (Saale))"
<http://www.wikidata.org/entity/Q2375102>	"pl:Synagoga w Hechingen|de:Synagoge (Hechingen)"
<http://www.wikidata.org/entity/Q2375110>	"de:Synagoge (Hégenheim)|fr:synagogue d'Hégenheim"
<http://www.wikidata.org/entity/Q2375137>	"cs:Synagoga v Jičíně|pl:Synagoga w Jiczynie|de:Synagoge (Jičín)"
<http://www.wikidata.org/entity/Q2375139>	"he:בית הכנסת בקלוצ׳בורק|pl:Synagoga w Kluczborku|de:Synagoge (Kreuzburg)|fr:synagogue de Kreuzburg"
<http://www.wikidata.org/entity/Q2375217>	"de:Synagoge|fr:synagogue de Mulhouse"
<http://www.wikidata.org/entity/Q2375228>	"pl:Synagoga w Neuenkirchen|de:Synagoge (Neuenkirchen)"
<http://www.wikidata.org/entity/Q2375324>	"pl:Synagoga w Heilbronn-Sontheim|de:Synagoge (Sontheim)"
<http://www.wikidata.org/entity/Q2375341>	"ru:Синагога Тюбингена|de:Synagoge (Tübingen)|fr:synagogue de Tübingen"
<http://www.wikidata.org/entity/Q2375368>	"pl:synagoga w Wielowsi|de:Synagoge (Wielowieś)"
<http://www.wikidata.org/entity/Q2375386>	"ru:Синагога Целле|de:Synagoge Celle"
<http://www.wikidata.org/entity/Q2375416>	"he:בית הכנסת פלורידסדורף|es:Synagoge Floridsdorf|de:Synagoge Floridsdorf"
<http://www.wikidata.org/entity/Q2375419>	"he:בית הכנסת בשאלון-אן-שמפן|it:Sinagoga di Châlons-en-Champagne|de:Synagoge Châlons-en-Champagne|fr:synagogue de Châlons-en-Champagne"
<http://www.wikidata.org/entity/Q2375422>	"pl:Synagoga w Dreźnie-Johannstadt|de:Synagoge Fiedlerstraße 3 (Dresden)"
<http://www.wikidata.org/entity/Q2375451>	"he:בית הכנסת ברחוב הוספיטאל (אופלן)|pl:Stara Synagoga w Opolu|de:Synagoge Hospitalstraße (Opole)"
<http://www.wikidata.org/entity/Q2375460>	"de:Synagoge Korb"
<http://www.wikidata.org/entity/Q2375463>	"de:Synagoge Kriegshaber"
<http://www.wikidata.org/entity/Q24238314>	"de:Alte Synagoge Hagen"
<http://www.wikidata.org/entity/Q24238342>	"de:alte Synagoge Elmshorn"
<http://www.wikidata.org/entity/Q2424136>	"cs:Stará synagoga|pl:Stara Synagoga Libeňska w Pradze|nl:Oude Synagoge"
<http://www.wikidata.org/entity/Q2447775>	"ru:Великая синагога Европы|he:הבית הכנסת הגדול של אירופה|ro:Marea Sinagogă a Europei|es:Gran Sinagoga de Europa|la:Magna Synagoga Europae|it:Grande Sinagoga d'Europa|sv:Stor synagoga i Europa|pl:Wielka Synagoga Europy|nl:Grote Synagoge van Europa|de:Große Synagoge von Europa|fr:Grande synagogue d'Europe|ca:Gran Sinagoga d'Europa"
<http://www.wikidata.org/entity/Q24558696>	"de:Synagoge Ober-Erlenbach"
<http://www.wikidata.org/entity/Q24573783>	"he:בית הכנסת סיגנורה|tr:Sinyora Giveret Sinagogu"
<http://www.wikidata.org/entity/Q2461407>	"he:בית הכנסת טרנרגאסה|pl:Synagoga Turnergasse w Wiedniu|de:Turnertempel|fr:synagogue de la Turnergasse"
<http://www.wikidata.org/entity/Q246474>	"cs:Nová synagoga v Berlíně|ru:Новая синагога (Берлин)|fi:Neue Synagoge|nb:Neue Synagoge|fy:Nije Synagoge (Berlyn)|da:Neue Synagoge|pt:Nova Sinagoga|he:בית הכנסת החדש|ar:الكنيس الجديد (برلين)|ro:Neue Synagoge din Berlin|es:Nueva Sinagoga|eu:Sinagoga Berria|it:sinagoga nuova di Berlino|sv:Nya Synagogan i Berlin|pl:Nowa Synagoga w Berlinie|nl:Nieuwe Synagoge|tr:Berlin Neue Sinagogu|de:Neue Synagoge|fr:Nouvelle synagogue de Berlin|ca:Nova Sinagoga de Berlín"
<http://www.wikidata.org/entity/Q2474653>	"cs:Synagoga Ben Ezry|ru:Бен-Эзра (синагога)|uk:Бен-Езра (синагога)|he:בית הכנסת בן עזרא|ar:كنيس بن عزرا|sr:Бен Езра синагога|es:Sinagoga Ben Ezra|it:sinagoga Ben Ezra|sl:Sinagoga Ben Ezra|pl:Synagoga Ben Ezry w Kairze|nl:Ben Ezra Synagogue|tr:Ben Ezra Sinagogu|de:Ben-Esra-Synagoge|fr:synagogue Ben Ezra|ca:Sinagoga Ben Ezra"
<http://www.wikidata.org/entity/Q25089914>	"de:Synagoge"
<http://www.wikidata.org/entity/Q253663>	"cs:Stadttempel|ru:Штадттемпель|fi:Stadttempel|uk:Штадттемпель|hu:Stadttempel|ka:შტადტტემპელი|sq:Stadttempel|da:Stadttempel|he:בית הכנסת הגדול|hy:Stadttempel|el:Συναγωγή της Βιέννης|ro:Stadttempel|es:Stadttempel|it:Stadttempel|pl:Stadttempel|nl:Stadttempel|tr:Stadttempel|de:Stadttempel|fr:Stadttempel|ca:Stadttempel"
<http://www.wikidata.org/entity/Q25392505>	"de:Synagoge"
<http://www.wikidata.org/entity/Q25392551>	"de:Synagoge"
<http://www.wikidata.org/entity/Q25392612>	"cs:Synagoga v Kyjově|de:Synagoge"
<http://www.wikidata.org/entity/Q25392630>	"de:Synagoge|fr:synagogue de Gœrsdorf"
<http://www.wikidata.org/entity/Q25392715>	"cs:Synagoga v Pelhřimově|de:Synagoge"
<http://www.wikidata.org/entity/Q25392723>	"cs:Synagoga v Kadani|de:Synagoge"
<http://www.wikidata.org/entity/Q25416667>	"he:בית הכנסת האמצעי|es:Sinagoga Emtsaí|pl:Synagoga Emtsai w Jerozolimie|de:Emza’i-Synagoge"
<http://www.wikidata.org/entity/Q25416669>	"he:בית הכנסת יוחנן בן זכאי|es:Sinagoga Yojanán Ben-Zakai|pl:Synagoga Jochanan ben Zakai w Jerozolimie|de:Jochanan-ben-Sakkai-Synagoge"
<http://www.wikidata.org/entity/Q25435047>	"ru:Хоральная синагога Мариуполя|uk:Хоральна синагога Маріуполя|he:בית הכנסת הכוראלי (מריופול)|sv:Synagogan i Mariupol|de:Choral-Synagoge|fr:synagogue chorale de Marioupol"
<http://www.wikidata.org/entity/Q25443349>	"uk:Велика синагога|de:Große Synagoge (Butschatsch)|fr:grande synagogue de Boutchatch"
<http://www.wikidata.org/entity/Q25462320>	"ro:Templul evreiesc din Buzău"
<http://www.wikidata.org/entity/Q25542017>	"ru:Шестикупольная синагога|uk:Шестикупольна синагога|ka:ექვსგუმბათიანი სინაგოგა|he:בית הכנסת שש כיפות|el:Συναγωγή Έξι Τρούλων|sv:Synagogan i Qırmızı Qäsäbä|tr:Altı Kubbeli Sinagog"
<http://www.wikidata.org/entity/Q2557443>	"nl:Synagoge der Ned.Israelitische Gemeente"
<http://www.wikidata.org/entity/Q259675>	"he:בית הכנסת גלוקנגאסה|it:Sinagoga Glockengasse di Colonia|de:Synagoge Glockengasse|fr:synagogue de la Glockengasse"
<http://www.wikidata.org/entity/Q2626098>	"ru:Большая синагога|he:בית הכנסת הגדול של אמסטרדם|nl:Grote Synagoge"
<http://www.wikidata.org/entity/Q2643179>	"uk:Кордовська синагога|pt:Sinagoga de Córdova|he:בית הכנסת בקורדובה|ar:كنيس قرطبة|el:Συναγωγή της Κόρδοβα|ro:Sinagoga din Córdoba|es:Sinagoga de Córdoba|it:sinagoga di Cordova|pl:Synagoga w Kordobie|gl:Sinagoga|nl:Córdoba Synagogue|de:Sinagoga|fr:synagogue de Cordoue|ca:Sinagoga"
<http://www.wikidata.org/entity/Q26554760>	"es:Sinagoga Española y Portuguesa (Westminster)|de:Lauderdale Road Spanish & Portuguese Synagogue|fr:Synagogue espagnole et portugaise de Lauderdale Road"
<http://www.wikidata.org/entity/Q2688554>	"nl:synagoge|de:Synagoge (Borculo)"
<http://www.wikidata.org/entity/Q2690205>	"nl:Synagoge"
<http://www.wikidata.org/entity/Q2718294>	"fy:Hollânske Synagoge|es:Sinagoga Holandesa|pl:Synagoga Holenderska w Antwerpii|nl:Hollandse Synagoge|de:Holländische Synagoge|fr:synagogue hollandaise|ca:Sinagoga Holandesa"
<http://www.wikidata.org/entity/Q2734349>	"nl:Synagoge"
<http://www.wikidata.org/entity/Q2739495>	"cs:Synagoga v Lesku|he:בית הכנסת של לסקו|el:Συναγωγή του Λέσκο|es:Sinagoga de Lesko|pl:Synagoga w Lesku|de:Synagoge (Lesko)|fr:synagogue de Lesko"
<http://www.wikidata.org/entity/Q2750095>	"cs:Synagoga v Dubrovníku|hr:Dubrovačka sinagoga|he:בית הכנסת דוברובניק|ar:كنيس دوبروفنيك|sh:Dubrovačka sinagoga|lv:Dubrovnikas sinagoga|ro:Sinagoga din Dubrovnik|sr:Синагога у Дубровнику|es:Sinagoga de Dubrovnik|sv:Dubrovniks synagoga|sl:Sinagoga Dubrovnik|pl:Stara Synagoga w Dubrowniku|de:Synagoge Dubrovnik|fr:synagogue de Dubrovnik"
<http://www.wikidata.org/entity/Q2778310>	"he:בית הכנסת הכוראלי של בוקרשט|ro:Templul Coral din București|es:Templo Coral|it:tempio corale di Bucarest|pl:Synagoga Chóralna w Bukareszcie|nl:Templul Coral|de:Choral-Tempel|fr:synagogue chorale de Bucarest|ca:Temple Coral de Bucarest"
<http://www.wikidata.org/entity/Q2778323>	"he:בית הכנסת הגדול של יאשי|ro:Sinagoga Mare din Iași|es:Gran Sinagoga de Iași|it:sinagoga grande di Iași|pl:Wielka Synagoga w Jassach|nl:Great Synagogue|de:Große Synagoge (Iași)|fr:Grande synagogue de Iași|ca:Gran Sinagoga"
<http://www.wikidata.org/entity/Q2802476>	"nl:Uilenburger Synagoge|de:Uilenburger Synagoge|fr:synagogue d'Uilenburg"
<http://www.wikidata.org/entity/Q28035407>	"ru:Кантонская синагога|he:בית הכנסת קנטון|es:Sinagoga Scola Canton|it:scola Canton|pl:Synagoga Canton w Wenecji|tr:Canton Sinagogu|de:Canton Synagoge|fr:Synagogue Canton"
<http://www.wikidata.org/entity/Q28121334>	"lv:Ludzas Lielā sinagoga|de:Synagoge (Ludza)"
<http://www.wikidata.org/entity/Q28141772>	"he:בית הכנסת בדובריץ'|de:Synagoge (Dobritsch)"
<http://www.wikidata.org/entity/Q2814260>	"ru:Еврейский музей в Бухаресте|he:בית הכנסת אחדות הקודש|ro:Templul Unirea Sfântă din București|fr:Musée juif de Bucarest"
<http://www.wikidata.org/entity/Q28143361>	"he:בית הכנסת בסמוקוב|sk:Synagóga v Samokove|de:Synagoge (Samokow)"
<http://www.wikidata.org/entity/Q28146713>	"he:בית הכנסת הגדול באוסייק|de:Synagoge (Osijek)"
<http://www.wikidata.org/entity/Q28379823>	"uk:Велика синагога (Белз)|he:בית הכנסת הגדול בבלז|de:Große Synagoge (Bels)"
<http://www.wikidata.org/entity/Q2863024>	"nl:Synagoge"
<http://www.wikidata.org/entity/Q28673978>	"pl:Synagoga w Połańcu|de:Synagoge (Połaniec)"
<http://www.wikidata.org/entity/Q28758197>	"cs:bývalá synagoga v Plaňanech|de:Synagoge (Plaňany)"
<http://www.wikidata.org/entity/Q28792054>	"cs:Synagoga v Trutnově|he:בית כנסת בטרוטנוב|pl:Synagoga w Trutnovie|de:Synagoge (Trutnov)"
<http://www.wikidata.org/entity/Q28949249>	"pl:Synagoga w Drui|be:Друйская сінагога|de:Synagoge (Druja)"
<http://www.wikidata.org/entity/Q28953871>	"pl:Synagoga w Działoszycach|de:Synagoge (Działoszyce)"
<http://www.wikidata.org/entity/Q2897799>	"cs:Španělská synagoga|fi:Espanjalainen synagoga|he:בית הכנסת הספרדי|ro:Sinagoga spaniolă din Veneția|es:Sinagoga española de Venecia|it:scola Spagnola|pl:Synagoga Hiszpańska w Wenecji|de:Spanische Synagoge|fr:synagogue espagnole de Venise"
<http://www.wikidata.org/entity/Q2900798>	"he:בית הכנסת הגדול של רדאוץ|ro:Templul Mare din Rădăuți|de:Große Synagoge|fr:Grand Temple de Rădăuți"
<http://www.wikidata.org/entity/Q29015220>	"de:Synagoge|fr:synagogue de Courcelles-Chaussy"
<http://www.wikidata.org/entity/Q29015300>	"pl:Synagoga w Kandavie|de:Synagoge"
<http://www.wikidata.org/entity/Q29015535>	"cs:Synagoga v Hlučíně|de:Synagoge in Hlučín"
<http://www.wikidata.org/entity/Q2902090>	"ru:Золотая Роза|uk:Дніпровська Хоральна Синагога «Золота Роза»|he:בית הכנסת שושנת הזהב|es:sinagoga de la Rosa Dorada|it:Sinagoga della Rosa d'Oro (Dnipro)|pl:Synagoga Chóralna w Dniepropetrowsku|de:Goldene-Rosen-Synagoge|fr:synagogue de la Rose d'Or"
<http://www.wikidata.org/entity/Q29048661>	"pl:synagoga w Wysokiem|be:Сінагога ў Высокім|de:Neue Synagoge"
<http://www.wikidata.org/entity/Q2905228>	"he:בית הכנסת אברהם אבינו|ar:كنيس أفراهام أفينو|es:Sinagoga Abraham Avinu|pl:Synagoga Abraham Avinu w Hebronie|nl:Avraham Avinu Synagoge|fr:synagogue Abraham Avinou"
<http://www.wikidata.org/entity/Q2908385>	"he:בית הכנסת חסדאל|pl:Synagoga Chesed El w Jerozolimie"
<http://www.wikidata.org/entity/Q2915211>	"fi:Göteborgin synagoga|pt:Sinagoga de Gotemburgo|he:בית הכנסת בגטבורג|es:Sinagoga de Gotemburgo|it:sinagoga di Göteborg|sv:Göteborgs synagoga|pl:Synagoga w Göteborgu|nl:Gothenburg Synagogue|fr:synagogue de Göteborg|ca:Sinagoga de Gotebörg"
<http://www.wikidata.org/entity/Q2915221>	"ru:Синагога Ножиков|fi:Nożykin synagoga|mk:Синагога Ножик|bg:Синагога Ножик|he:בית הכנסת נוז'יק|el:Συναγωγή Νόζικ|it:sinagoga Nożyk di Varsavia|pl:Synagoga im. Małżonków Nożyków w Warszawie|nl:Nożyk Synagogue|de:Nożyk-Synagoge|fr:synagogue Nożyk"
<http://www.wikidata.org/entity/Q2915403>	"he:בית הכנסת דיר אל-קמר|ar:كنيس دير القمر|es:Sinagoga de Deir el Qamar|pl:Synagoga w Dajr al-Kamar|de:Synagoge von Dair al-Qamar|fr:synagogue de Deir el Qamar"
<http://www.wikidata.org/entity/Q2916042>	"hu:bukaresti nagy zsinagóga|he:בית הכנסת הגדול של בוקרשט|ro:Sinagoga Mare din București|es:Gran Sinagoga de Bucarest|it:sinagoga grande di Bucarest|pl:Wielka Synagoga w Bukareszcie|nl:Great Synagogue|de:Große Synagoge (Bukarest)|fr:Grande synagogue de Bucarest|ca:Gran Sinagoga de Bucarest"
<http://www.wikidata.org/entity/Q2917076>	"hu:Ari askenázi zsinagóga|he:בית הכנסת האר"י האשכנזי|es:Sinagoga Ari Ashkenazi|it:Sinagoga Ari Ashkenazi|pl:Synagoga Ari Ashkenazi w Safedzie"
<http://www.wikidata.org/entity/Q2917385>	"ru:Синагога Газы|pt:Antiga Sinagoga de Gaza|he:בית הכנסת העתיק בעזה|ar:كنيس غزة|el:Συναγωγή της Γάζας|es:Antigua Sinagoga de Gaza|nl:Synagoge van Gaza|de:Synagoge von Gaza|fr:synagogue de Gaza"
<http://www.wikidata.org/entity/Q2919031>	"he:בית הכנסת שער השמים|ar:كنيس عدلي|es:Sinagoga Sha'ar Hashamayim|tr:Şa'ar Haşamayim Sinagogu|de:Sha'ar Hashamayim Synagogue|fr:synagogue Cha'ar HaChamaïm du Caire|ca:Sinagoga Sha'ar Hashamayim"
<http://www.wikidata.org/entity/Q2920386>	"fi:Kahal Shalomin synagoga|he:בית הכנסת קהל שלום|el:Συναγωγή Καχάλ Σαλόμ|pl:Synagoga Kahal Kadosz Szalom w Rodos|nl:Kahal Shalom Synagoge|tr:Kahal Şalom Sinagogu|de:Kahal-Shalom-Synagoge|fr:synagogue Kahal Shalom|ca:Sinagoga Kahal Shalom"
<http://www.wikidata.org/entity/Q29522888>	"de:Synagoge La Chaux-de-Fonds|fr:synagogue de La Chaux-de-Fonds"
<http://www.wikidata.org/entity/Q30062519>	"pl:Dom pogrzebowy (synagoga cmentarna)"
<http://www.wikidata.org/entity/Q30576936>	"pl:Synagoga, ob. dom kultury"
<http://www.wikidata.org/entity/Q3109262>	"cs:Izaakova synagoga|nb:Izaak Jakubowicz synagoge|he:אייזיק שול|it:Sinagoga di Isacco|pl:Synagoga Izaaka Jakubowicza|nl:Izaaksynagoge|de:Isaak-Synagoge|fr:synagogue Isaac-Jakubowicz"
<http://www.wikidata.org/entity/Q31138>	"hu:Szolnoki Galéria|he:בית הכנסת בסולנוק|it:Galleria di Szolnok|nl:Szolnok gallery|de:Galerie Szolnok|fr:galerie de Szolnok"
<http://www.wikidata.org/entity/Q3115133>	"ru:Большая синагога Марселя|he:בית הכנסת הגדול של מרסיי|es:Gran Sinagoga de Marsella|it:Grande Sinagoga di Marsiglia|sv:Stora synagogan i Marseille|de:Große Synagoge|fr:grande synagogue de Marseille|ca:Gran Sinagoga de Marsella"
<http://www.wikidata.org/entity/Q3115139>	"he:בית הכנסת הגדול בלנצ'נה|pl:Duża Synagoga w Łęcznej|de:Große Synagoge|fr:Grande synagogue de Łęczna"
<http://www.wikidata.org/entity/Q322269>	"ru:Синагога в Быдгощи|he:בית הכנסת בבידגושץ'|pl:Synagoga w Bydgoszczy|be:Сінагога (Быдгашч)|de:Große Synagoge|fr:Grande synagogue de Bydgoszcz"
<http://www.wikidata.org/entity/Q323645>	"cs:Wielka Synagoga (Gdaňsk, Polsko)|he:בית הכנסת הגדול של דנציג|it:Sinagoga grande di Danzica|pl:Wielka Synagoga w Gdańsku|nl:Grote Synagoge|de:Große Synagoge|fr:Grande synagogue de Dantzig"
<http://www.wikidata.org/entity/Q325772>	"ru:Старая синагога в Дрездене|mk:Земперова синагога|he:בית הכנסת זמפר|pl:Stara Synagoga w Dreźnie|de:Alte Synagoge Dresden|fr:ancienne synagogue de Dresde|ca:Semper Synagogue"
<http://www.wikidata.org/entity/Q327947>	"ru:Новая синагога в Бреслау|uk:Нова синагога (Бреслау)|he:בית הכנסת החדש בברסלאו|it:nuova sinagoga di Breslavia|pl:Nowa Synagoga we Wrocławiu|nl:Nieuwe Synagoge van Breslau|de:Neue Synagoge"
<http://www.wikidata.org/entity/Q33014801>	"he:המוזיאון היהודי על שם פאוסטו לוי בסורניה|es:Museo Judío Fausto Levi|it:museo ebraico Fausto Levi"
<http://www.wikidata.org/entity/Q33488968>	"pl:Synagoga, obecnie ruina (dec. zbór kalwiński), XVI/XVII|de:Synagoge (Wodzisław)"
<http://www.wikidata.org/entity/Q3354482>	"cs:Tempelská synagoga|ru:Синагога Темпель|nb:Tempel-synagogen i Kraków|he:בית כנסת טמפל|el:Συναγωγή Τέμπελ (Κρακοβία)|es:Sinagoga del Templo|it:Sinagoga Tempel|sv:Tempelsynagogan|pl:Synagoga Tempel w Krakowie|nl:Tempel Synagogue|de:Tempel-Synagoge|fr:synagogue Tempel"
<http://www.wikidata.org/entity/Q3409173>	"hu:Hemdat Izrael zsinagóga|mk:Синагога Хемдат Израел|he:בית הכנסת חמדת ישראל|tr:Hemdat İsrael Sinagogu|fr:synagogue Hemdat Israel"
<http://www.wikidata.org/entity/Q3490873>	"cs:Smíchovská synagoga|he:בית הכנסת בסמיחוב|pl:Synagoga Smíchovská w Pradze|sk:Smíchovská synagóga|fr:Synagogue de Smichov"
<http://www.wikidata.org/entity/Q3494747>	"cs:Synagoga v Úštěku|he:בית הכנסת באושטק|pl:Synagoga w Úštěku|de:Synagoge|fr:synagogue d'Úštěk"
<http://www.wikidata.org/entity/Q3502453>	"cs:Stará synagoga v Krakově|ru:Старая синагога|uk:Стара Синагога (Краків)|nb:Den gamle synagoge i Kraków|he:בית הכנסת העתיק|el:Παλιά Συναγωγή της Κρακοβίας|ro:Sinagoga Veche din Cracovia|it:Vecchia Sinagoga|pl:Synagoga Stara w Krakowie|nl:Oude Synagoge|tr:Kraków Eski Sinagogu|de:Alte Synagoge|fr:ancienne synagogue|ca:Sinagoga de Kazimierz"
<http://www.wikidata.org/entity/Q3505015>	"cs:Synagoga v Opavě|he:בית הכנסת באופבה|pl:Synagoga w Opawie|nl:synagogue de Troppau|de:Synagoge (Opava)|fr:synagogue de Troppau"
<http://www.wikidata.org/entity/Q3507981>	"pt:Sinagoga Beth-Yaacov|he:בית הכנסת בית יעקב (ז'נבה)|es:Sinagoga Beth-Yaacov de Ginebra|de:Synagoge Beth-Yaacov (Genf)|fr:synagogue Beth-Yaacov de Genève"
<http://www.wikidata.org/entity/Q3507991>	"he:בית הכנסת קופה|it:Sinagoga di Kupa|pl:Synagoga Kupa w Krakowie|nl:Kupasynagoge|de:Kupa-Synagoge|fr:synagogue Kupa de Cracovie"
<http://www.wikidata.org/entity/Q3507997>	"he:בית הכנסת פאלאפראט שבטולוז|nl:Synagoge|de:Synagoge (Palaprat)|fr:synagogue Palaprat"
<http://www.wikidata.org/entity/Q3508011>	"fr:synagogue consistoriale de la rue Sainte-Hélène"
<http://www.wikidata.org/entity/Q3508014>	"es:Sinagoga de Arlon|nl:Synagoge van Aarlen|de:Synagoge|fr:synagogue d'Arlon"
<http://www.wikidata.org/entity/Q3508028>	"de:Synagoge|fr:synagogue de Bad Homburg"
<http://www.wikidata.org/entity/Q3508031>	"he:בית הכנסת בבאיון|es:sinagoga de Bayona|eu:Baionako sinagoga|nl:synagogue de Bayonne|de:Synagoge|fr:synagogue de Bayonne"
<http://www.wikidata.org/entity/Q3508037>	"pl:Synagoga w Bobowej|de:Synagoge|fr:synagogue de Bobowa"
<http://www.wikidata.org/entity/Q3508041>	"es:Sinagoga de Carpentras|it:Sinagoga di Carpentras|pl:Synagoga w Carpentras|nl:synagoge van Carpentras|de:Synagoge von Carpentras|fr:synagogue de Carpentras"
<http://www.wikidata.org/entity/Q3508045>	"es:Sinagoga de Cuneo|it:sinagoga di Cuneo|de:Synagoge|fr:synagogue de Coni"
<http://www.wikidata.org/entity/Q3508046>	"hu:Dessewffy utcai zsinagóga|tr:Dessewffy Sokağı Sinagogu|fr:synagogue de Dessewffy utca"
<http://www.wikidata.org/entity/Q3508047>	"hu:Frankel Leó úti zsinagóga|he:בית הכנסת בדרך פרנקל לאו|de:Synagoge Leó-Frankel-Straße|fr:synagogue de Frankel Leó utca"
<http://www.wikidata.org/entity/Q3508049>	"he:בית הכנסת בגומבין|pl:Synagoga w Gąbinie|de:Synagoge|fr:synagogue de Gabin"
<http://www.wikidata.org/entity/Q3508050>	"hu:Hunyadi téri zsinagóga|fr:synagogue de Hunyadi tér"
<http://www.wikidata.org/entity/Q3508054>	"nl:Synagoge van Luik|fr:synagogue de Liège"
<http://www.wikidata.org/entity/Q3508056>	"he:בית הכנסת בליל|es:Sinagoga de Lille|de:Synagoge (Lille)|fr:synagogue de Lille"
<http://www.wikidata.org/entity/Q3508061>	"he:בית הכנסת במץ|pl:Synagoga w Metzu|nl:synagoge van Metz|de:Synagoge|fr:synagogue de Metz"
<http://www.wikidata.org/entity/Q3508064>	"he:בית הכנסת במונדובי|es:Sinagoga de Mondovì|it:sinagoga di Mondovì|de:Synagoge|fr:synagogue de Mondovi"
<http://www.wikidata.org/entity/Q3508070>	"he:בית הכנסת בננסי|pl:Synagoga w Nancy|de:Synagoge|fr:synagogue de Nancy"
<http://www.wikidata.org/entity/Q3508075>	"pt:Sinagoga de Nice|he:בית הכנסת הגדול של ניס|pl:Synagoga w Nicei|de:Synagoge (Nizza)|fr:synagogue de Nice"
<http://www.wikidata.org/entity/Q3508084>	"he:בית הכנסת סדאן|de:Synagoge (Sedan)|fr:synagogue de Sedan"
<http://www.wikidata.org/entity/Q3508093>	"hu:Vasvári Pál utcai zsinagóga|fr:synagogue de Vasvári Pál utca"
<http://www.wikidata.org/entity/Q3508094>	"cs:Turínská synagoga|he:בית הכנסת בטורינו|es:Sinagoga de Turín|it:sinagoga di Torino|nl:synagogue de Turin|fr:synagogue de Turin"
<http://www.wikidata.org/entity/Q3508102>	"ru:Волповская синагога|uk:Волпавська синагога|he:בית הכנסת וולפה|es:Sinagoga de Wolpa|it:sinagoga di Wolpa|pl:synagoga w Wołpie|be:Воўпаўская сінагога|nl:Wolpa Synagogue|de:Synagoge (Wołpa)|fr:synagogue de Wołpa|ca:Sinagoga de Wolpa"
<http://www.wikidata.org/entity/Q3508109>	"uk:Музей-меморіал Голокосту Північної Трансильванії|hu:Szilágysomlyói zsinagóga|he:בית הכנסת שימלאו סילבאניי|el:Μουσείο Μνήμης του Ολοκαυτώματος της Βόρειας Τρανσυλβανίας|ro:Sinagoga din Șimleu Silvaniei|it:sinagoga di Șimleu Silvaniei|nl:Northern Transylvania Holocaust Memorial Museum|de:Nordsiebenbürgisches Holocaustmuseum|fr:synagogue de Șimleu Silvaniei"
<http://www.wikidata.org/entity/Q3511288>	"cs:Popperova synagoga|he:בית הכנסת וולף פופר|pl:Synagoga Poppera w Krakowie|nl:Wolf Poppersynagoge|de:Popper-Synagoge"
<http://www.wikidata.org/entity/Q35122965>	"ru:Криворожская хоральная синагога|uk:Криворізька хоральна синагога|de:Choral-Synagoge (Krywyj Rih)"
<http://www.wikidata.org/entity/Q3563159>	"cs:Synagoga v Dolních Kounicích|he:בית הכנסת דולני קואוניצה|pl:Synagoga w Dolních Kounicach|de:Synagoge"
<http://www.wikidata.org/entity/Q3563544>	"cs:Synagoga v Krnově|he:בית הכנסת בקרנוב|pl:Synagoga w Karniowie|de:Synagoge"
<http://www.wikidata.org/entity/Q3618>	"cs:Synagoga Remu|ru:Синагога Ремуха|he:בית כנסת הרמ"א|el:Συναγωγή Ρέμα|es:Sinagoga Remuh|it:Sinagoga Remuh|pl:Synagoga Remu|nl:Remuhsynagoge|de:Remuh-Synagoge|fr:synagogue Rem"ou"
<http://www.wikidata.org/entity/Q3702610>	"ru:Видинская синагога|uk:Видинська синагога|bg:Видинска синагога|he:בית הכנסת בווידין|pl:Synagoga w Widyniu|de:Synagoge (Widin)"
<http://www.wikidata.org/entity/Q3736344>	"ru:Синагога Гориции|he:בית הכנסת בגוריציה|es:Sinagoga de Gorizia|it:sinagoga di Gorizia|sl:Sinagoga Gorica|nl:synagogue de Gorizia|de:Synagoge|fr:synagogue de Gorizia"
<http://www.wikidata.org/entity/Q374369>	"ka:ქუთაისის სინაგოგა|he:בית הכנסת כותאיסי|hy:Քութայիսի սինագոգ|es:Sinagoga de Kutaisi|it:sinagoga di Kutaisi|pl:Wielka Synagoga w Kutaisi|tr:Kutaisi Sinagogu|de:Synagoge|fr:synagogue de Koutaïssi"
<http://www.wikidata.org/entity/Q3745039>	"lt:Vlodavos Mažoji sinagoga|pl:Mała Synagoga we Włodawie"
<http://www.wikidata.org/entity/Q376874>	"pl:Nowa Synagoga|de:Neue Synagoge"
<http://www.wikidata.org/entity/Q3817006>	"fi:Abudarhamin synagoga|he:בית הכנסת אבודרהם בגיברלטר|pl:Synagoga Abudarham w Gibraltarze"
<http://www.wikidata.org/entity/Q3845221>	"cs:Synagoga status quo ante|es:Sinagoga de Trnava|pl:Synagoga w Trnawie|sk:Synagóga status quo ante|nl:Synagogue in Trnava|de:Synagoge|ca:Sinagoga de Trnava"
<http://www.wikidata.org/entity/Q3848061>	"hu:karánsebesi zsinagóga|ro:Sinagoga din Caransebeș|pl:Synagoga w Karánsebes|nl:Synagoga w Karánsebes"
<http://www.wikidata.org/entity/Q3893501>	"cs:synagoga ve Čkyni|es:sinagoga|de:Synagoge"
<http://www.wikidata.org/entity/Q3915758>	"cs:Synagoga v Písku|de:Synagoge"
<http://www.wikidata.org/entity/Q3917507>	"ru:Ружанская синагога|uk:Ружанська синагога|et:Ružany sünagoog|pl:Synagoga w Różanie|be:Ружанская сінагога|de:Synagoge"
<http://www.wikidata.org/entity/Q3918904>	"ru:Синагога Зальцмана|uk:Синагога Зальцмана (Мінськ)|he:בית הכנסת זלצמן|pl:Synagoga Zalcmana w Mińsku|be:Сінагога Зальцмана"
<http://www.wikidata.org/entity/Q3961352>	"cs:Synagogální muzeum sv. Anny|he:בית הכנסת והמוזיאון סנט'אנה|it:sinagoga Museo S. Anna – Sezione d’Arte Ebraica del Museo Diocesano di Trani|nl:Sinagoga-museo Sant'Anna|fr:synagogue-musée Sant'Anna"
<http://www.wikidata.org/entity/Q3961353>	"es:Sinagoga Norsa Torrazzo|it:sinagoga Norsa-Torrazzo|nl:Sinagoga Norsa Torrazzo"
<http://www.wikidata.org/entity/Q3961354>	"cs:Velká synagoga v Miláně|he:בית הכנסת המרכזי במילאנו|es:Sinagoga central de Milán|it:tempio Centrale Hechal David u-Mordechai|nl:Sinagoga centrale di Milano|de:Synagoge|fr:synagogue centrale de Milan"
<http://www.wikidata.org/entity/Q3961356>	"es:Sinagoga de Alessandria|it:Sinagoga di Alessandria|nl:Synagoge|de:Synagoge"
<http://www.wikidata.org/entity/Q3961359>	"es:Sinagoga de Carmagnola|it:sinagoga di Carmagnola|nl:Synagoge|de:Synagoge"
<http://www.wikidata.org/entity/Q3961361>	"he:בית הכנסת בביאלה|es:Sinagoga de Biella|it:sinagoga di Biella|nl:Biella Synagogue"
<http://www.wikidata.org/entity/Q3961366>	"es:Sinagoga de Cortemaggiore|it:sinagoga di Cortemaggiore|nl:Sinagoga di Cortemaggiore"
<http://www.wikidata.org/entity/Q3961369>	"he:בית הכנסת בקראסקו|es:Sinagoga de Cherasco|it:sinagoga di Cherasco|nl:Cherasco Synagogue|de:Synagoge"
<http://www.wikidata.org/entity/Q3961370>	"bg:Синагоги на Ивреа|es:Sinagoga de Ivrea|it:sinagoga di Ivrea|nl:Sinagoga di Ivrea"
<http://www.wikidata.org/entity/Q3961374>	"es:Sinagoga de Monte San Savino|it:ex Sinagoga di Monte San Savino|nl:Synagoge|de:Synagoge"
<http://www.wikidata.org/entity/Q3961377>	"he:בית הכנסת בנאפולי|es:Sinagoga de Nápoles|it:sinagoga di Napoli|nl:Synagoge|de:Synagoge|fr:synagogue de Naples"
<http://www.wikidata.org/entity/Q3961380>	"es:Sinagoga de Ostiano|it:ex sinagoga di Ostiano|nl:Sinagoga di Ostiano"
<http://www.wikidata.org/entity/Q3961382>	"he:בית הכנסת בפארמה|es:Sinagoga de Parma|it:sinagoga di Parma|nl:Synagoge|de:Synagoge|fr:Synagogue de Parme"
<http://www.wikidata.org/entity/Q3961383>	"es:Sinagoga de Pitigliano|it:sinagoga di Pitigliano|nl:Sinagoga di Pitigliano|de:Synagoge"
<http://www.wikidata.org/entity/Q3961385>	"cs:Židovská synagoga|he:בית הכנסת הגדול של רג'ו אמיליה|es:Sinagoga de Reggio Emilia|it:sinagoga di Reggio Emilia|nl:Sinagoga di Reggio Emilia|de:Synagoge (Reggio nell’Emilia)"
<http://www.wikidata.org/entity/Q3961387>	"cs:Synagoga v Pise|he:בית הכנסת בפיזה|es:Sinagoga de Pisa|it:sinagoga di Pisa|nl:Sinagoga di Pisa|de:Synagoge|fr:Synagogue de Pise"
<http://www.wikidata.org/entity/Q3961388>	"es:Sinagoga de Rovigo|it:sinagoga di Rovigo|nl:Sinagoga di Rovigo"
<http://www.wikidata.org/entity/Q3961389>	"he:בית כנסת|es:Sinagoga de Sabbioneta|it:sinagoga di Sabbioneta|nl:Synagoge|de:Synagoge"
<http://www.wikidata.org/entity/Q3961393>	"he:בית הכנסת בסיינה|es:Sinagoga de Siena|it:sinagoga di Siena|nl:Siena synagogue|de:Synagoge|fr:synagogue de Sienne"
<http://www.wikidata.org/entity/Q3961394>	"es:Sinagoga de Soragna|it:sinagoga di Soragna|nl:Synagoge von Soragna|de:Synagoge von Soragna"
<http://www.wikidata.org/entity/Q39625997>	"de:Synagoge (Schmieheim)"
<http://www.wikidata.org/entity/Q3983296>	"cs:Synagoga v Modeně|it:sinagoga di Modena|nl:Synagoge|de:Synagoge"
<http://www.wikidata.org/entity/Q4087550>	"cs:Synagoga v Bytči|ru:Битчевская синагога|mul:Synagoga v Bytči|pl:Synagoga w Bytčy|sk:Synagóga v Bytči|de:Synagoge"
<http://www.wikidata.org/entity/Q4120596>	"he:בית הכנסת אבן דנאן|ar:كنيس ابن دنان|ro:Sinagoga Ibn Danan|es:Synagoga Ibn Danan|it:sinagoga Ibn Danan|de:Aben-Danan-Synagoge|fr:synagogue Aben Danan|ca:Sinagoga Ibn Danan"
<http://www.wikidata.org/entity/Q4181050>	"ru:Жолковская синагога|uk:Синагога (Жовква)|he:בית הכנסת של ז'ולקבה|es:Gran sinagoga de Zhovkva|it:sinagoga di Žovkva|pl:Synagoga w Żółkwi|de:Synagoge"
<http://www.wikidata.org/entity/Q4219310>	"ru:Кенасса в Бердянске|uk:Бердянська кенаса"
<http://www.wikidata.org/entity/Q4219311>	"ru:Кенасса в Галиче|uk:Кенаса (Галич)|pl:Kienesa w Haliczu"
<http://www.wikidata.org/entity/Q4219314>	"ru:Кенасса в Одессе|uk:Кенаса|hu:zsinagóga|pl:Kienesa w Odessie"
<http://www.wikidata.org/entity/Q4219315>	"ru:Кенасса в Луцке|uk:Караїмська кенаса (Луцьк)|pl:Kienesa w Łucku|de:Kenessa (Luzk)"
<http://www.wikidata.org/entity/Q4219317>	"ru:Кенасса в Симферополе|uk:Кенаса (Сімферополь)|pl:Kienesa w Symferopolu|fr:synagogue Karaïte de Simferopol"
<http://www.wikidata.org/entity/Q4219318>	"ru:Кенасса в Феодосии|uk:Кенаса"
<http://www.wikidata.org/entity/Q4219320>	"ru:Кенасса в Тракае|uk:Кенаса в Тракаї|it:sinagoga caraita di Trakai|lt:Trakų kenesa|pl:kienesa w Trokach|be:Кенаса ў Тракаі"
<http://www.wikidata.org/entity/Q4247457>	"ru:Купеческая синагога|uk:Купецька синагога|de:Kaufmannssynagoge"
<http://www.wikidata.org/entity/Q42801503>	"pt:Túmulo do Profeta Ezequiel|he:בית כנסת וקבר המיוחס לנביא יחזקאל|ar:قبر النبي حزقيال|es:Tumba del Profeta Hazkiel|tr:Hezekiel Peygamber Türbesi"
<http://www.wikidata.org/entity/Q4281383>	"ru:Мариборская синагога|uk:Мариборська синагога|mk:Мариборска синагога|he:בית הכנסת מריבור|sr:Мариборска синагога|es:Sinagoga de Maribor|sl:Sinagoga Maribor|pl:Synagoga w Mariborze|tr:Maribor Sinagogu|de:Synagoge am Judenplatz in Maribor|fr:Synagogue de Maribor"
<http://www.wikidata.org/entity/Q4335003>	"ru:Онская синагога|ka:ონის სინაგოგა|pt:Sinagoga Oni|he:בית הכנסת הגדול באוני|hy:Օնի սինագոգ|el:Συναγωγή του Όνι|es:Sinagoga de Oni|it:sinagoga di Oni|pl:Synagoga w Oni|tr:Oni Sinagogu|de:Synagoge|fr:synagogue d'Oni|ca:Sinagoga d'Oni"
<http://www.wikidata.org/entity/Q4346882>	"fi:Kööpenhaminan synagoga|nb:Københavns Synagoge|mk:Голема синагога|da:Københavns Synagoge|he:בית הכנסת הגדול של קופנהגן|es:Gran Sinagoga de Copenhague|it:sinagoga grande di Copenaghen|sv:Köpenhamns synagoga|pl:Wielka Synagoga w Kopenhadze|nl:Grote synagoge van Kopenhagen|de:Große Synagoge Kopenhagen|fr:grande synagogue de Copenhague|ca:Gran Sinagoga de Copenhaguen"
<http://www.wikidata.org/entity/Q4362043>	"ru:Печерская синагога|uk:Печерська синагога"
<http://www.wikidata.org/entity/Q436261>	"pl:Stara Synagoga w Wuppertalu|de:Alte Synagoge"
<http://www.wikidata.org/entity/Q436263>	"he:בית הכנסת הישן|tr:Eski Sinagog, Berlin|de:Alte Synagoge"
<http://www.wikidata.org/entity/Q436271>	"pl:Stara Synagoga w Chemnitz|de:Alte Synagoge|fr:ancienne synagogue de Chemnitz"
<http://www.wikidata.org/entity/Q436286>	"cs:Stará synagoga v Erfurtu|ru:Старая синагога|uk:Стара синагога|mk:Стара синагога (Ерфурт)|pt:Antiga Sinagoga (Erfurt)|he:בית הכנסת הישן (ארפורט)|es:Antigua Sinagoga (Érfurt)|eu:Sinagoga Zaharra (Erfurt)|la:Synagoga antiqua (Erfordia)|lt:Erfurto senoji sinagoga|sl:Stara sinagoga|nl:Oude Synagoge (Erfurt)|tr:Eski Sinagog (Erfurt)|de:Alte Synagoge|fr:synagogue d'Erfurt|ca:antiga sinagoga d'Erfurt"
<http://www.wikidata.org/entity/Q436291>	"he:בית הכנסת הישן (פרייבורג)|it:sinagoga di Friburgo|de:Alte Synagoge|fr:synagogue de Fribourg-en-Brisgau"
<http://www.wikidata.org/entity/Q436297>	"ru:Старая синагога|he:בית הכנסת הישן (קניגסברג)|de:Alte Synagoge"
<http://www.wikidata.org/entity/Q436319>	"ru:Старая синагога в Потсдаме|pl:Stara Synagoga w Poczdamie|de:Alte Synagoge (Potsdam)"
<http://www.wikidata.org/entity/Q436323>	"ru:Синагога Страсбурга|he:בית הכנסת של קה קלבר|it:Sinagoga Quai Kléber di Strasburgo|pl:Stara Synagoga w Strasburgu|de:Alte Synagoge|fr:synagogue consistoriale du quai Kléber"
<http://www.wikidata.org/entity/Q436404>	"pl:Stara Niemiecka Synagoga w Warszawie|de:Alte deutsche Synagoge (Warschau)"
<http://www.wikidata.org/entity/Q4419996>	"ru:Синагога Баришпольського|uk:Синагога Баришпольського"
<http://www.wikidata.org/entity/Q4419999>	"ru:Синагога на Нижней Соломенке|uk:Синагога на Нижній Солом'янці"
<http://www.wikidata.org/entity/Q4420740>	"fy:Synagoge fan De Gordyk|nl:Synagoge|de:Synagoge in Gorredijk"
<http://www.wikidata.org/entity/Q443107>	"cs:Staronová synagoga|ru:Староновая синагога|fi:Vanhauusi synagoga|uk:Старонова синагога|hu:Régi-új zsinagóga|bg:Старонова синагога|pt:Sinagoga Velha Nova|he:בית הכנסת ישן-חדש|lv:Staronova sinagoga|el:Παλιά Νέα Συναγωγή|es:Sinagoga Vieja-Nueva|eu:Sinagoga Zahar-Berria|la:Synagoga Vetero-Nova|it:sinagoga Vecchia-Nuova|lt:Senoji naujoji sinagoga|sv:Gammalnya synagogan|sl:Stara nova sinagoga|pl:Synagoga Staronowa w Pradze|sk:Staronová synagóga|gl:Sinagoga Vella-Nova|nl:Oudnieuwe Synagoge|tr:Eski Yeni Sinagog|de:Altneu-Synagoge|fr:synagogue Vieille-Nouvelle|ca:Antiga Sinagoga Nova"
<http://www.wikidata.org/entity/Q443347>	"cs:Synagoga v Bytomi|he:בית הכנסת של ביטום|it:Sinagoga di Beuthen|pl:Synagoga w Bytomiu|de:Synagoge Beuthen|fr:synagogue de Bytom"
<http://www.wikidata.org/entity/Q44449220>	"uk:Велика синагога (Чернівці)|he:בית הכנסת הגדול של צ'רנוביץ|de:Große Synagoge"
<http://www.wikidata.org/entity/Q4499862>	"ru:Хоральная синагога (Дрогобыч)|uk:Хоральна синагога (Дрогобич)|he:בית הכנסת הגדול של דרוהוביץ'|it:sinagoga grande corale di Drohobyč|pl:Wielka Synagoga w Drohobyczu|nl:Grote Synagoge (Drohobytsj)|de:Choral-Synagoge"
<http://www.wikidata.org/entity/Q47004077>	"de:Synagoge|fr:synagogue"
<http://www.wikidata.org/entity/Q471463>	"cs:Velká synagoga|ru:Большая синагога в Катовице|he:בית הכנסת הגדול|it:Sinagoga grande di Katowice|pl:Synagoga Wielka w Katowicach|de:Große Synagoge|fr:Grande synagogue de Katowice"
<http://www.wikidata.org/entity/Q47374854>	"de:Poststraße 2"
<http://www.wikidata.org/entity/Q4764711>	"he:חורבת ענים|es:Sinagoga de Anim|nl:Anim-synagoge|tr:Hurvat Anim|ca:Sinagoga d'Anim"
<http://www.wikidata.org/entity/Q47844111>	"uk:Синагога неологів (Ужгород)"
<http://www.wikidata.org/entity/Q481571>	"cs:synagoga U Bílého čápa|ru:Синагога под белым аистом|uk:Синагога під Білим Лелекою|he:בית כנסת החסידה הלבנה|it:Sinagoga della Cicogna bianca|pl:Synagoga pod Białym Bocianem|de:Synagoge zum Weißen Storch|fr:synagogue à la Cigogne Blanche"
<http://www.wikidata.org/entity/Q4897165>	"hu:Bet Yaakov zsinagóga|he:בית הכנסת בית יעקב|es:Beth Yaakov|sl:sinagoga Bet Jakov|tr:Bet Yaakov Sinagogu|de:Beit-Yaakov-Synagoge|ca:Sinagoga Beth Yaakov"
<http://www.wikidata.org/entity/Q4935910>	"he:בית הכנסת באבוב|pl:Synagoga chasydów z Bobowej w Krakowie"
<http://www.wikidata.org/entity/Q4940046>	"ru:Синагога на Большой Бронной|he:בית הכנסת בולשאיה ברונאיה|pl:Synagoga na Wielkiej Bronnej"
<http://www.wikidata.org/entity/Q5021204>	"fy:Synagoge (Snits)|nl:Synagoge"
<http://www.wikidata.org/entity/Q5064124>	"hu:Keszthelyi zsinagóga|he:בית הכנסת בקסטהיי|de:Synagoge Keszthely"
<http://www.wikidata.org/entity/Q5090234>	"it:sinagoga di Cheltenham"
<http://www.wikidata.org/entity/Q5093840>	"fi:Simon Attiasin synagoga|he:בית הכנסת שמעון אטיאס|ar:كنيس صلاة عطية|es:Synagoga Simon Attias|eu:Simon Attias sinagoga|fr:synagogue Simon Attias|ca:Sinagoga Simó Attias"
<http://www.wikidata.org/entity/Q512936>	"hu:Esztergomi zsinagóga|mul:Esztergom Synagogue|he:בית הכנסת באסטרגום|pl:Synagoga w Ostrzyhomiu|nl:Esztergom Synagogue|de:Synagoge Esztergom"
<http://www.wikidata.org/entity/Q517766>	"cs:Maiselova synagoga|uk:Майселова синагога|hu:Maisel-zsinagóga|he:בית הכנסת מייזל|es:Sinagoga Maisel|it:sinagoga Maisel|pl:Synagoga Maisela w Pradze|sk:Maiselova synagóga|gl:Sinagoga Maisel|nl:Maiselsynagoge|tr:Maisel Sinagogu|de:Maisel-Synagoge|fr:synagogue Maisel"
<http://www.wikidata.org/entity/Q526411>	"hu:Pápai zsinagóga|he:בית הכנסת של פאפה|nl:Synagoge|de:Synagoge Pápa"
<http://www.wikidata.org/entity/Q5307962>	"cs:Synagoga v Batelově|de:Synagoge"
<http://www.wikidata.org/entity/Q535287>	"hu:Belvárosi zsinagóga|he:בית הכנסת במצודה|ro:Sinagoga din Cetate|pl:Synagoga w Timișoarze|nl:Cetate Synagogue|de:Synagoge in der Innenstadt|fr:synagogue Cetate"
<http://www.wikidata.org/entity/Q5420133>	"he:בית הכנסת של אקסטר"
<http://www.wikidata.org/entity/Q5423119>	"pl:Synagoga Bialska we Wrocławiu|de:Zülzer Synagoge"
<http://www.wikidata.org/entity/Q544285>	"fi:Kölnin synagoga|nb:Synagogen i Köln|he:בית הכנסת רונשטראסה|ro:Sinagoga din Köln|es:Sinagoga de Colonia|it:Sinagoga Roonstrasse di Colonia|pl:Synagoga w Kolonii|nl:Synagoge van Keulen|tr:Köln Sinagogu|de:Synagoge Köln|fr:synagogue de Cologne|ca:Sinagoga de Colonia"
<http://www.wikidata.org/entity/Q5447159>	"he:בית הכנסת הגדול של פילדגייט סטריט|pl:Synagoga Fieldgate w Londynie"
<http://www.wikidata.org/entity/Q5523667>	"he:בית הכנסת גארנתהיל|es:Sinagoga de Garnethill|it:sinagoga Garnethill di Glasgow|de:Garnethill Synagogue|fr:synagogue de Garnethill"
<http://www.wikidata.org/entity/Q55362173>	"lv:Sinagoga"
<http://www.wikidata.org/entity/Q55587518>	"lv:Sinagoga"
<http://www.wikidata.org/entity/Q5600068>	"el:Μεγάλη Συναγωγή του Πιότρκουφ Τριμπουνάλσκι|pl:Wielka Synagoga w Piotrkowie Trybunalskim|de:Große Synagoge"
<http://www.wikidata.org/entity/Q5600070>	"ru:Мечеть Бен Фарес|ar:مسجد ابن فارس|es:Gran Sinagoga de Argel|it:Grande sinagoga di Algeri|pl:Synagoga w Algierze|tr:Bin Faris Camii|de:Große Synagoge von Algier|fr:Grande synagogue d'Alger|ca:Gran Sinagoga d'Alger"
<http://www.wikidata.org/entity/Q560845>	"ru:Новая синагога|bg:Кьонигсбергска синагога|he:בית הכנסת קוניגסברג|sv:Königsbergs synagoga|pl:Synagoga w Królewcu|nl:Synagoge van Koningsbergen|de:Liberale Synagoge Königsberg|fr:nouvelle synagogue de Königsberg"
<http://www.wikidata.org/entity/Q56309516>	"de:Synagoge|fr:ancienne synagogue de Graz"
<http://www.wikidata.org/entity/Q56366987>	"uk:Приватна синагога ім. А. Зеленського"
<http://www.wikidata.org/entity/Q5652053>	"cs:Stará synagoga v Liberci|pl:Synagoga w Libercu|de:Alte Synagoge|fr:synagogue de Reichenberg"
<http://www.wikidata.org/entity/Q569083>	"hu:Rumbach utcai zsinagóga|he:בית הכנסת רומבך|pl:Synagoga Rumbach w Budapeszcie|nl:Rumbach Street synagogue|tr:Rumbach Sokağı Sinagogu|de:Synagoge (Rumbach utca)|fr:synagogue de Rumbach utca"
<http://www.wikidata.org/entity/Q5735403>	"he:בית הכנסת בטיקטין|el:Συναγωγή του Τικότσιν|lt:Tikocino Didžioji sinagoga|pl:Wielka Synagoga w Tykocinie|de:Große Synagoge|fr:synagogue de Tykocin"
<http://www.wikidata.org/entity/Q5747497>	"he:בית הכנסת בידוובנה|it:Sinagoga di Jedwabne|lt:Jedvabno Senoji sinagoga|pl:Stara Synagoga w Jedwabnem|de:Alte Synagoge"
<http://www.wikidata.org/entity/Q57611170>	"ru:Большая синагога (Лида)|be:Вялікая сінагога"
<http://www.wikidata.org/entity/Q577302>	"he:בית הכנסת החדש (אוסטרוב ויילקופולסקי)|es:Nueva Sinagoga de Ostrów Wielkopolski|pl:Nowa synagoga w Ostrowie Wielkopolskim|de:Neue Synagoge"
<http://www.wikidata.org/entity/Q58162300>	"he:בית הכנסת קהל ישן בבלגרד|sr:Синагога Ел кал вјеж"
<http://www.wikidata.org/entity/Q582258>	"ru:Синагога Киевской иудейской религиозной общины|uk:Велика хоральна синагога|he:בית הכנסת כורל הגדול|es:Gran Sinagoga Coral de Kiev|it:sinagoga grande corale di Kiev|pl:Synagoga na Podole w Kijowie|nl:Great Choral Synagogue|de:Podil-Synagoge|ca:Gran Sinagoga Coral"
<http://www.wikidata.org/entity/Q58449976>	"de:Synagoge Altdorf"
<http://www.wikidata.org/entity/Q598951>	"cs:Vysoká synagoga|ru:Высокая синагога|he:הויכע שול|it:sinagoga Alta|pl:Synagoga Wysoka w Krakowie|nl:Hoge Synagoge (Krakau)|de:Hohe Synagoge|fr:Haute Synagogue de Cracovie|ca:Sinagoga Alta (Cracòvia)"
<http://www.wikidata.org/entity/Q599211>	"cs:Pinkasova synagoga|uk:Пінкасова синагога|hu:Pinkász-zsinagóga|he:בית הכנסת פנקס|it:Sinagoga Pinkas|pl:Synagoga Pinkasa w Pradze|sk:Pinkasova synagóga|gl:Sinagoga Pinkas|de:Pinkas-Synagoge|fr:synagogue Pinkas"
<http://www.wikidata.org/entity/Q5998305>	"tr:Portekiz Sinagogu|de:Portugiesische Synagoge Izmirs|fr:synagogue portugaise d'Izmir"
<http://www.wikidata.org/entity/Q60007601>	"mul:Wehrheim Synagogue|de:Synagoge Wehrheim"
<http://www.wikidata.org/entity/Q6006724>	"tr:Algazi Sinagogu"
<http://www.wikidata.org/entity/Q604113>	"hu:Nagyszebeni zsinagóga|he:בית הכנסת הגדול בסיביו|ro:Sinagoga Mare din Sibiu|nl:synagoge van Sibiu|de:Synagoge Sibiu|fr:grande synagogue de Sibiu"
<http://www.wikidata.org/entity/Q610611>	"hu:Neológ zsinagóga|pt:Sinagoga Reformista de Cluj-Napoca|he:בית הכנסת הנאולוגי בקלוז'|ro:Sinagoga Neologă din Cluj|es:Sinagoga de Cluj-Napoca|it:sinagoga riformata di Cluj-Napoca|pl:Synagoga w Klużu-Napoce|nl:Cluj-Napoca Neolog Synagogue|fr:synagogue de Cluj-Napoca|ca:Sinagoga de Cluj-Napoca"
<http://www.wikidata.org/entity/Q61362668>	"he:בית הכנסת קהל חדש בסרייבו|de:Novi Hram (Sarajevo)"
<http://www.wikidata.org/entity/Q619484>	"cs:Velká synagoga|ru:Большая синагога Стокгольма|fi:Tukholman synagoga|nb:Den store synagogen i Stockholm|da:Den store synagoge i Stockholm|he:בית הכנסת הגדול של סטוקהולם|ro:Sinagoga Mare din Stockholm|es:Sinagoga de Estocolmo|it:sinagoga grande di Stoccolma|sv:Stora synagogan i Stockholm|pl:Wielka Synagoga w Sztokholmie|nl:Stockholm Synagogue|de:Große Synagoge Stockholm|fr:synagogue de Stockholm|ca:Sinagoga d'Estocolm"
<http://www.wikidata.org/entity/Q622578>	"cs:Türkischer Tempel|he:בית הכנסת הטורקי|es:Türkischer Tempel|pl:Synagoga Turecka w Wiedniu|tr:Türkischer Tempel|de:Türkischer Tempel|fr:synagogue turque de Vienne"
<http://www.wikidata.org/entity/Q62259167>	"cs:synagoga Scola Levantina|es:Sinagoga Scola Levantina|it:scola Luzzatto|pl:Synagoga Lewantyńska|de:Scola Levantina"
<http://www.wikidata.org/entity/Q6259315>	"he:בית הכנסת צמח צדק"
<http://www.wikidata.org/entity/Q6333050>	"pl:Stara Synagoga w Gdańsku|de:Alte Synagoge"
<http://www.wikidata.org/entity/Q6333102>	"cs:Záhřebská synagoga|ru:Загребская синагога|hr:Zagrebačka sinagoga|pt:Sinagoga de Zagreb|he:בית הכנסת בזאגרב|hy:Զագրեբի սինագոգ|sr:Синагога у Загребу|es:Sinagoga de Zagreb|it:sinagoga grande di Zagabria|sv:Zagrebs synagoga|pl:Synagoga w Zagrzebiu|tr:Zagreb Sinagogu|de:Synagoge|fr:synagogue de Zagreb"
<http://www.wikidata.org/entity/Q6334970>	"cs:Synagoga v Ivančicích|sk:Synagóga v Ivančiciach|de:Synagoge Ivančice"
<http://www.wikidata.org/entity/Q6335791>	"cs:Horská synagoga|pl:Górska Synagoga w Hartmanicach|de:Bergsynagoge"
<http://www.wikidata.org/entity/Q637577>	"pl:Synagoga w Głogowie|de:Synagoge|fr:synagogue de Glogau (1892-1938)"
<http://www.wikidata.org/entity/Q6435020>	"ru:Синагога Ковеа Итим ле-Тора|pl:Synagoga Kowea Itim le-Tora w Krakowie"
<http://www.wikidata.org/entity/Q6435582>	"pl:Synagoga w Końskich|de:Synagoge (Końskie)|fr:synagogue de Końskie (1780-1939)"
<http://www.wikidata.org/entity/Q6438660>	"cs:Križevecká synagoga|hr:Križevačka sinagoga|he:בית הכנסת בקריז'בצי|sh:Križevačka sinagoga|sr:Крижевачка синагога|pl:Synagoga w Križevci"
<http://www.wikidata.org/entity/Q64825449>	"it:antica sinagoga di Speyer|de:Mittelalterliche Synagoge (Speyer)|fr:ancienne synagogue de Speyer"
<http://www.wikidata.org/entity/Q65015>	"cs:Italská synagoga|hu:Olasz zsinagóga (Velence)|he:בית הכנסת האיטלקי|es:Sinagoga Scola Italiana|it:scola Italiana|pl:Włoska Synagoga w Wenecji|de:Italienische Synagoge"
<http://www.wikidata.org/entity/Q65087980>	"he:בית הכנסת בשומן"
<http://www.wikidata.org/entity/Q65214766>	"hu:Balassagyarmati zsinagóga"
<http://www.wikidata.org/entity/Q65250022>	"he:בית הכנסת אהל יצחק"
<http://www.wikidata.org/entity/Q654244>	"ru:Синагога в Старом Самборе|uk:Старосамбірська синагога|pl:Synagoga w Starym Samborze|de:Chassidische Synagoge (Staryj Sambir)"
<http://www.wikidata.org/entity/Q6582130>	"he:בית הכנסת עץ חיים"
<http://www.wikidata.org/entity/Q65965281>	"uk:Велика синагога (Берестечко)|pl:Synagoga w Beresteczku|de:Große Synagoge"
<http://www.wikidata.org/entity/Q6614547>	"he:בית הכנסת ברמניקו סראט|ro:Sinagoga din Râmnicu Sărat"
<http://www.wikidata.org/entity/Q66311674>	"he:בית הכנסת בימבול|de:Synagoge (Jambol)"
<http://www.wikidata.org/entity/Q66334459>	"he:בית הכנסת הספרדי בווארנה"
<http://www.wikidata.org/entity/Q665324>	"cs:Nová synagoga|he:בית הכנסת החדש (טרנוב)|pl:Nowa Synagoga w Tarnowie|de:Neue Synagoge|fr:nouvelle synagogue de Tarnów"
<http://www.wikidata.org/entity/Q66820642>	"nl:Synagoge"
<http://www.wikidata.org/entity/Q678850>	"es:Brigittenauer Tempel|pl:Synagoga Kluckygasse w Wiedniu|de:Brigittenauer Tempel"
<http://www.wikidata.org/entity/Q6794154>	"he:בית הכנסת הגדול (ראשון לציון)"
<http://www.wikidata.org/entity/Q6820682>	"ru:Синагога Мертир|cy:Synagog Merthyr|es:Sinagoga de Merthyr"
<http://www.wikidata.org/entity/Q68308472>	"hu:Ortodox zsinagóga|ro:Sinagoga ortodoxă din Cluj"
<http://www.wikidata.org/entity/Q6841606>	"it:sinagoga Middle Street di Brighton"
<http://www.wikidata.org/entity/Q684461>	"it:Sinagoga|pl:Synagoga w Endingen|de:Synagoge Endingen|fr:synagogue d'Endingen"
<http://www.wikidata.org/entity/Q684475>	"pl:Synagoga w Lengnau|de:Synagoge Lengnau|fr:synagogue de Lengnau"
<http://www.wikidata.org/entity/Q686855>	"hu:Óbudai zsinagóga|he:בית הכנסת של אובודה|es:Sinagoga de Óbuda|nl:Óbuda Synagogue|de:Synagoge Obuda|fr:synagogue d'Óbuda"
<http://www.wikidata.org/entity/Q689944>	"cs:Polnische Schul|ru:Польская синагога|he:בית הכנסת הפולני בווינה|es:escuela polaca|pl:Synagoga Polska w Wiedniu|de:Polnische Schul"
<http://www.wikidata.org/entity/Q6905067>	"he:בית הכנסת מונטיפיורי|it:sinagoga Montefiore di Ramsgate"
<http://www.wikidata.org/entity/Q695454>	"cs:Leopoldstadtský templ|fi:Tempelgassen synagoga|he:בית הכנסת טמפלגאסה|es:Leopoldstädter Tempel|it:Leopoldstädter Tempel|pl:Synagoga Tempelgasse w Wiedniu|gl:Leopoldstädter Tempel|nl:Leopoldstädter Tempel|de:Leopoldstädter Tempel|fr:synagogue de la Tempelgasse|ca:Leopoldstädter Tempel"
<http://www.wikidata.org/entity/Q7012389>	"fi:New West End -synagoga|he:בית הכנסת ניו ווסט אנד|it:sinagoga New West End di Londra|fr:New West End Synagogue"
<http://www.wikidata.org/entity/Q70200306>	"he:בית הכנסת בטראווניק|de:Synagoge (Travnik)"
<http://www.wikidata.org/entity/Q7048542>	"he:בית כנסת נר תמיד|lt:Balstogės Nomer Tamido sinagoga|pl:Synagoga Nomer Tamid w Białymstoku|de:Nomer-Tamid-Synagoge"
<http://www.wikidata.org/entity/Q70724205>	"he:בית הכנסת הגדול בסנטה|sr:Велика синагога у Сенти"
<http://www.wikidata.org/entity/Q7080659>	"he:בית הכנסת אוהל יעקב"
<http://www.wikidata.org/entity/Q7085180>	"ru:Старая синагога (Кентербери)|fi:Canterburyn vanha synagoga|he:בית הכנסת העתיק של קנטרברי"
<http://www.wikidata.org/entity/Q7185918>	"he:בית הכנסת הכוראלי של קראיובה|ro:Templul Coral din Craiova"
<http://www.wikidata.org/entity/Q7186049>	"hu:Neológ zsinagóga|he:בית הכנסת של ארד|ro:Sinagoga Neologă din Arad|de:Neologe Synagoge (Arad)|fr:synagogue néologue d'Arad"
<http://www.wikidata.org/entity/Q7205169>	"bg:Пловдивска синагога|he:בית הכנסת בפלובדיב|es:Sinagoga de Plovdiv|pl:Synagoga w Płowdiwie|tr:Filibe Sinagogu|de:Synagoge|fr:synagogue de Plovdiv|ca:sinagoga de Plòvdiv"
<http://www.wikidata.org/entity/Q7244477>	"ru:Синагога на Принсес-Роуд|he:בית הכנסת פרינסס רוד|ar:كنيس طريق الأمراء|es:Sinagoga de Princes Road|it:sinagoga Princes Road di Liverpool|sv:Synagogan vid Princes Road|tr:Princes Road Sinagogu|fr:synagogue de Princes Road"
<http://www.wikidata.org/entity/Q73295628>	"de:Alte Synagoge Neuss|fr:ancienne synagogue de Neuss (1867-1938)"
<http://www.wikidata.org/entity/Q738528>	"pl:Stara Synagoga w Pińczowie|de:Alte Synagoge (Pińczów)|fr:vieille synagogue de Pińczów"
<http://www.wikidata.org/entity/Q7416442>	"pl:Synagoga w Sandomierzu|de:Synagoge Sandomierz"
<http://www.wikidata.org/entity/Q7417544>	"he:בית הכנסת סנדיס רואו|it:sinagoga Sandys Row di Londra|pl:Synagoga Sandys Row w Londynie|fr:synagogue de Sandys Row"
<http://www.wikidata.org/entity/Q7447099>	"he:בית הכנסת בסייני|lt:Seinų Baltoji sinagoga|pl:Biała Synagoga w Sejnach|de:Weiße Synagoge"
<http://www.wikidata.org/entity/Q74729>	"bg:Синагога на Верчели|he:בית הכנסת המשוחזר בוורצ'לי|es:Sinagoga de Vercelli|it:sinagoga di Vercelli|nl:Vercelli Synagogue|fr:synagogue de Verceil"
<http://www.wikidata.org/entity/Q748983>	"pl:Synagoga w Rawiczu|de:Synagoge"
<http://www.wikidata.org/entity/Q749652>	"ru:Большая синагога|uk:Велика синагога|he:בית הכנסת הגדול של ולודבה|lt:Vlodavos Didžioji sinagoga|pl:Wielka Synagoga we Włodawie|de:Große Synagoge|fr:Grande synagogue de Włodawa"
<http://www.wikidata.org/entity/Q75030>	"ru:Синагога в Глогувеке|pl:Synagoga w Głogówku|de:Synagoge"
<http://www.wikidata.org/entity/Q7523441>	"la:Synagoga Birminghamensis|it:sinagoga Singers Hill di Birmingham"
<http://www.wikidata.org/entity/Q752740>	"hu:Várdomb utcai zsinagóga|he:בית הכנסת הגדול בסאטו מארה|ro:Templul Mare din Satu Mare|it:tempio maggiore di Satu Mare|nl:Satu Mare Synagogue"
<http://www.wikidata.org/entity/Q7530754>	"hr:Sisačka sinagoga|he:בית הכנסת בסיסאק|sh:Sisačka sinagoga|sr:Синагога у Сиску|de:Synagoge"
<http://www.wikidata.org/entity/Q7539504>	"hr:Slavonskobrodska sinagoga|he:בית הכנסת בסלבונסקי ברוד|sh:Slavonskobrodska sinagoga|sr:Славонскобродска синагога"
<http://www.wikidata.org/entity/Q754397>	"cs:Velká synagoga|ru:Большая синагога в Будапеште|fi:Dohány-kadun synagoga|uk:Велика синагога (Будапешт)|hu:Dohány utcai zsinagóga|mk:Синагога на улицата Дохањ|pt:Sinagoga de Budapeste|he:בית הכנסת הגדול של בודפשט|ar:كنيس شارع دوهاني|lv:Dohāņas ielas sinagoga|el:Μεγάλη συναγωγή της Βουδαπέστης|ro:Sinagoga de pe strada Dohány|sr:Синагога у Дохањијевој улици|es:Gran Sinagoga de Budapest|it:Grande Sinagoga di Budapest|sv:Stora synagogan|sr-el:Sinagoga u Dohanjijevoj ulici|pl:Wielka Synagoga w Budapeszcie|gl:Gran Sinagoga de Budapest|be:Вялікая сінагога|nl:Grote Synagoge van Boedapest|tr:Dohány Sokağı Sinagogu|de:Große Synagoge|fr:Grande synagogue de Budapest|ca:Gran Sinagoga de Budapest"
<http://www.wikidata.org/entity/Q7661942>	"cs:Synagoga v Tomaru|pt:Antiga Sinagoga de Tomar|he:בית הכנסת בטומאר|es:Sinagoga de Tomar|eu:Tomarreko sinagoga|pl:Synagoga w Tomar|gl:Sinagoga de Tomar|de:Synagoge|fr:synagogue de Tomar"
<http://www.wikidata.org/entity/Q7665005>	"he:בית הכנסת בשידלוב|pl:Synagoga w Szydłowie|de:Synagoge (Szydłów)"
<http://www.wikidata.org/entity/Q7698276>	"cs:Synagoga Tempel|he:בית הכנסת "הטמפל"|pl:Synagoga Tempel w Przemyślu"
<http://www.wikidata.org/entity/Q788380>	"nl:synagoge van Bruchsal|de:Synagoge|fr:synagogue de Bruchsal"
<http://www.wikidata.org/entity/Q7940178>	"ru:Бейт Давид (синагога, Волгоград)|ka:ვოლგოგრადის სინაგოგა|he:בית הכנסת בוולגוגרד"
<http://www.wikidata.org/entity/Q7985799>	"he:בית הכנסת של מערב לונדון|de:West-Synagoge|fr:West London Synagogue"
<http://www.wikidata.org/entity/Q8042888>	"cs:Šachova synagoga|he:בית הכנסת הש"ך|pl:Synagoga Szacha w Holešovie|de:Šach Synagoge"
<http://www.wikidata.org/entity/Q8065943>	"he:בית הכנסת בזמושץ'|el:Συναγωγή του Ζάμοστς|es:Sinagoga Zamość|pl:Synagoga w Zamościu|de:Synagoge|fr:synagogue de Zamość"
<http://www.wikidata.org/entity/Q8067025>	"cs:Synagoga Zasaňská|pl:Synagoga Zasańska w Przemyślu"
<http://www.wikidata.org/entity/Q814898>	"ru:Бейт Хасидим (Львов)|uk:Хасидим Шуль|he:בית הכנסת בית חסידים (לבוב)|it:sinagoga Beit Chasidim di Leopoli|pl:Synagoga Beit Chasidim we Lwowie|de:Beit Chasidim Synagoge"
<http://www.wikidata.org/entity/Q824844>	"hu:Újpesti zsinagóga|he:בית הכנסת באויפשט|el:Συναγωγή Ούιπεστ|nl:Újpest Synagogue|tr:Újpest Sinagogu|de:Synagoge Újpest|fr:synagogue d'Újpest"
<http://www.wikidata.org/entity/Q82663>	"ru:Новая синагога (Ополе)|uk:Нова синагога (Ополе)|he:בית הכנסת החדש|pl:Nowa Synagoga w Opolu|de:Synagoge Hafenstraße|fr:nouvelle synagogue d'Oppeln"
<http://www.wikidata.org/entity/Q829967>	"cs:synagoga Templ|ru:Темпль|uk:Темпель|it:sinagoga Tempel di Ivano-Frankivs'k|pl:Synagoga Tempel w Stanisławowie|de:Synagoge Stanisławów"
<http://www.wikidata.org/entity/Q831176>	"pl:Nowa Synagoga w Gliwicach|de:Neue Synagoge|fr:nouvelle synagogue de Gleiwitz"
<http://www.wikidata.org/entity/Q831311>	"cs:Synagoga v Miskolci|hu:Miskolci zsinagóga|he:בית הכנסת במישקולץ|pl:Synagoga w Miszkolcu|nl:Synagogue of Miskolc|de:Synagoge Miskolc|fr:synagogue de Kazinczy utca"
<http://www.wikidata.org/entity/Q833536>	"ru:Хадашим|uk:Хадашим|he:בית הכנסת חדשים|it:sinagoga Jakob Glanzer di Leopoli|pl:Synagoga Jakuba Glanzera we Lwowie|nl:Jakob Glanzer Shul|de:Chassidische Synagoge|fr:Jakob Glanzer Shul"
<http://www.wikidata.org/entity/Q8421110>	"cs:Synagoga v Malackách|pl:Synagoga w Malackach|sk:Synagóga v Malackách|de:Synagoge"
<http://www.wikidata.org/entity/Q851924>	"fi:Bevis Marksin synagoga|pt:Sinagoga de Bevis Marks|he:בית הכנסת בוויס-מרקס|es:Sinagoga de Bevis Marks|eu:Bevis Marks sinagoga|it:sinagoga Bevis Marks di Londra|nl:Bevis Marks Synagogue|tr:Bevis Marks Sinagogu|de:Bevis-Marks-Synagoge|fr:synagogue de Bevis Marks"
<http://www.wikidata.org/entity/Q85764293>	"he:קהל גראנדה בבוקרשט|ro:Sinagoga Cahal Grande|es:Gran Templo Español"
<http://www.wikidata.org/entity/Q85802475>	"he:קהל צ'יקו בבוקרשט|ro:Sinagoga Cahal Cicu|es:Pequeño Templo Español"
<http://www.wikidata.org/entity/Q86000129>	"he:בית הכנסת אבריטש"
<http://www.wikidata.org/entity/Q86000804>	"he:בית הכנסת נחלת יעקב"
<http://www.wikidata.org/entity/Q86819090>	"nl:Synagoge Botersloot"
<http://www.wikidata.org/entity/Q872020>	"cs:Pazmanitentempel|he:בית הכנסת בדר לאופולדשטדט|pl:Synagoga Pazmanitengasse w Wiedniu|nl:Pazmanitentempel|de:Pazmanitentempel|fr:Pazmanitentempel"
<http://www.wikidata.org/entity/Q875578>	"he:בית הכנסת ורינג|pl:Synagoga Währing w Wiedniu|nl:Währinger Tempel|de:Währinger Tempel|fr:Währinger Tempel"
<http://www.wikidata.org/entity/Q89267485>	"hu:Nagybecskereki zsinagóga|he:בית הכנסת בזרניאנין|sr:Синагога у Зрењанину"
<http://www.wikidata.org/entity/Q898588>	"cs:Klausová synagoga|hu:Klausz-zsinagóga|he:הקלויז בפראג|es:Sinagoga de Klausen|it:Sinagoga Klausen|pl:Synagoga Klausowa w Pradze|sk:Klausová synagóga|gl:Sinagoga Klaus|de:Klausen-Synagoge|fr:synagogue Klaus|ca:Sinagoga Klausen"
<http://www.wikidata.org/entity/Q9170305>	"lt:Baltoji sinagoga|pl:Biała Synagoga w Janiszkach|de:Weiße Synagoge"
<http://www.wikidata.org/entity/Q9213104>	"pl:Duża Synagoga w Jarosławiu|de:Große Synagoge"
<http://www.wikidata.org/entity/Q9213109>	"pl:Duża Synagoga w Łęczycy"
<http://www.wikidata.org/entity/Q92147984>	"he:בית הכנסת אליהו הנביא (ירושלים)|es:Sinagoga Eliahu Ha-Naví|pl:Synagoga Eliahu Ha'navi w Jerozolimie|de:Elijahu-ha-Navi-Synagoge"
<http://www.wikidata.org/entity/Q92153901>	"he:בית הכנסת שבזי"
<http://www.wikidata.org/entity/Q924845>	"ru:Хоральная синагога Бродского|uk:Синагога Бродського|mk:Бродска синагога (Киев)|he:בית הכנסת הכוראלי של ברודסקי|es:Sinagoga Brodsky|it:sinagoga Brods'kyj|pl:Synagoga w Kijowie|nl:Brodsky Synagogue|de:Brodsky-Synagoge|ca:Sinagoga Brodsky"
<http://www.wikidata.org/entity/Q926505>	"cs:synagoga Zlatá růže|ru:Золотая Роза|uk:Золота Роза|fy:Gouden Roas-synagoge (Lviv)|he:בית הכנסת שושנת הזהב|it:sinagoga della Rosa d'Oro di Leopoli|sv:Gyllene Rosens synagoga|pl:Synagoga Złota Róża we Lwowie|nl:Golden Rose Synagogue|de:Goldene Rosen-Synagoge|fr:synagogue de la Rose d'Or de Lviv"
<http://www.wikidata.org/entity/Q926542>	"es:Sinagoga de Börneplatz|it:Sinagoga Börneplatz|pl:Synagoga Börneplatz we Frankfurcie nad Menem|de:Börneplatzsynagoge"
<http://www.wikidata.org/entity/Q92802264>	"de:Synagoge"
<http://www.wikidata.org/entity/Q931888>	"he:בית הכנסת ורסאי|es:Sinagoga de Versalles|pl:Synagoga w Wersalu|de:Synagoge (Versailles)|fr:synagogue de Versailles|ca:Sinagoga de Versalles"
<http://www.wikidata.org/entity/Q9343813>	"pl:Stara Synagoga w Aleksandrowie Łódzkim"
<http://www.wikidata.org/entity/Q9343821>	"pl:Stara Synagoga w Biłgoraju"
<http://www.wikidata.org/entity/Q9343823>	"pl:Stara Synagoga w Bojanowie"
<http://www.wikidata.org/entity/Q9343833>	"pl:Stara Synagoga"
<http://www.wikidata.org/entity/Q9343838>	"pl:Stara Synagoga w Cieszynie"
<http://www.wikidata.org/entity/Q9343839>	"it:Sinagoga vecchia di Częstochowa|pl:Stara Synagoga w Częstochowie"
<http://www.wikidata.org/entity/Q9343845>	"pl:Stara Synagoga w Gdańsku-Wrzeszczu|de:Alte Synagoge am Markt"
<http://www.wikidata.org/entity/Q9343848>	"pl:Stara Synagoga w Gorzowie Wielkopolskim"
<http://www.wikidata.org/entity/Q9343861>	"cs:stará synagoga v Katovicích|ru:Старая синагога в Катовице|pl:Stara Synagoga w Katowicach"
<http://www.wikidata.org/entity/Q9343862>	"lt:Kėdainių senoji sinagoga|pl:Stara Synagoga w Kiejdanach|de:Alte Synagoge"
<http://www.wikidata.org/entity/Q9343869>	"pl:Stara Synagoga w Kwidzynie|de:Alte Synagoge Marienwerder"
<http://www.wikidata.org/entity/Q9343871>	"pl:Stara Synagoga w Kętrzynie"
<http://www.wikidata.org/entity/Q9343874>	"pl:Stara Synagoga w Lelowie"
<http://www.wikidata.org/entity/Q9343881>	"pl:Stara Synagoga w Mysłowicach"
<http://www.wikidata.org/entity/Q9343890>	"pl:Stara Synagoga w Oleśnicy|de:Synagoge (Oleśnica)"
<http://www.wikidata.org/entity/Q9343892>	"pl:Stara Synagoga w Olsztynie"
<http://www.wikidata.org/entity/Q9343895>	"pl:Stara Synagoga w Oświęcimiu|nl:Stara Synagoge"
<http://www.wikidata.org/entity/Q9343898>	"pl:Stara Synagoga w Piotrkowie Trybunalskim"
<http://www.wikidata.org/entity/Q9343918>	"pl:Stara Synagoga w Szczecinie"
<http://www.wikidata.org/entity/Q9343922>	"pl:Stara Synagoga w Tarnowie|de:Alte Synagoge"
<http://www.wikidata.org/entity/Q9343931>	"pl:Stara Synagoga w Wieliczce"
<http://www.wikidata.org/entity/Q9343937>	"lt:Mazovijos Vysokio Senoji sinagoga|pl:Stara Synagoga w Wysokiem Mazowieckiem|de:Alte Synagoge"
<http://www.wikidata.org/entity/Q9343945>	"pl:Stara Synagoga w Łodzi"
<http://www.wikidata.org/entity/Q9343946>	"pl:Stara Synagoga w Świdnicy"
<http://www.wikidata.org/entity/Q9343949>	"uk:Стара синагога (Львів)|pl:Stara Synagoga we Lwowie"
<http://www.wikidata.org/entity/Q9343954>	"pl:Stara Wielka Synagoga we Włocławku|de:Synagoge"
<http://www.wikidata.org/entity/Q9343991>	"pl:Stara synagoga w Lubaczowie"
<http://www.wikidata.org/entity/Q934421>	"pl:Synagoga Icchaka Hersza Jahrmana w Warszawie|de:Isaak-Hersz-Jahrman-Synagoge"
<http://www.wikidata.org/entity/Q9348960>	"pl:Synagoga Abrama Lipszyca"
<http://www.wikidata.org/entity/Q9348961>	"pl:Synagoga Abrama Lipszyca"
<http://www.wikidata.org/entity/Q9348966>	"he:בית הכנסת אגודת שלמה|pl:Synagoga Agudat Szloma we Lwowie"
<http://www.wikidata.org/entity/Q9348980>	"pl:Synagoga Arona Czlenowa i Zalmy Krenicera"
<http://www.wikidata.org/entity/Q9348981>	"pl:Synagoga Arona Kona"
<http://www.wikidata.org/entity/Q9348983>	"pl:Synagoga Arona Kona"
<http://www.wikidata.org/entity/Q9348984>	"pl:Synagoga Arona Kona w Łodzi"
<http://www.wikidata.org/entity/Q9348986>	"pl:Synagoga Arona Rokmana i Dawida Epsztejna"
<http://www.wikidata.org/entity/Q9348987>	"pl:Synagoga Augusta Barucha"
<http://www.wikidata.org/entity/Q9348997>	"pl:Synagoga Bencjona Kissyna"
<http://www.wikidata.org/entity/Q9349002>	"pl:Synagoga Bera Wolfa Szpigela w Łodzi"
<http://www.wikidata.org/entity/Q9349008>	"pl:Synagoga Berka Lipszyca"
<http://www.wikidata.org/entity/Q9349013>	"pl:Synagoga Bialska we Wrocławiu (ul. Szajnochy 7)"
<http://www.wikidata.org/entity/Q9349015>	"ru:Синагога Бне Эмуна|pl:Synagoga Bne Emuna"
<http://www.wikidata.org/entity/Q9349022>	"pl:Synagoga Chaima Bławata w Łodzi"
<http://www.wikidata.org/entity/Q9349026>	"pl:Synagoga Chaima Nejmana"
<http://www.wikidata.org/entity/Q9349028>	"pl:Synagoga Chaima Wintera i Symchy Uberbojma w Łodzi"
<http://www.wikidata.org/entity/Q9349030>	"pl:Synagoga Chaima Wintera w Łodzi"
<http://www.wikidata.org/entity/Q9349032>	"pl:Synagoga Chaskiela Działowskiego"
<http://www.wikidata.org/entity/Q9349034>	"pl:Synagoga Chaskiela Działowskiego"
<http://www.wikidata.org/entity/Q9349042>	"pl:Synagoga Chewra Ner Tamid w Krakowie"
<http://www.wikidata.org/entity/Q9349044>	"he:בית הכנסת "חברה נושאים" בלובלין|pl:Synagoga Chewra Nosim w Lublinie|nl:Oude Synagoge (Lublin)"
<http://www.wikidata.org/entity/Q9349046>	"pl:Synagoga Chewra Thilim w Krakowie"
<http://www.wikidata.org/entity/Q9349048>	"pl:Synagoga Chila Kligiera"
<http://www.wikidata.org/entity/Q9349050>	"cs:Synagoga Chorszul|lt:Balstogės Choršulo sinagoga|pl:Synagoga Chorszul w Białymstoku|de:Choral-Synagoge"
<http://www.wikidata.org/entity/Q9349056>	"ru:Брестская хоральная синагога|he:בית הכנסת הכוראלי של ברסט|pl:Synagoga Chóralna w Brześciu nad Bugiem|be:Брэсцкая харальная сінагога|de:Chor-Synagoge Brest"
<http://www.wikidata.org/entity/Q9349057>	"ru:Синагога Хевра Тхилим|uk:Синагога Хевра Тхілім|pl:Synagoga Chewra Thilim w Skawinie"
<http://www.wikidata.org/entity/Q9349059>	"uk:Велика хоральна синагога|pl:Synagoga Chóralna w Połtawie"
<http://www.wikidata.org/entity/Q9349062>	"ru:Хоральная синагога (Слуцк)|pl:Synagoga Chóralna w Słucku|be:Харальная сінагога (Слуцк)"
<http://www.wikidata.org/entity/Q9349066>	"ru:Холодная (Большая) синагога (Минск)|he:בית הכנסת הקר של מינסק|pl:Synagoga Chłodna w Mińsku|be:Мінская халодная сінагога"
<http://www.wikidata.org/entity/Q9349070>	"cs:Cikánova synagoga|pl:Synagoga Cikána w Pradze|tr:Cikánova Sinagogu"
<http://www.wikidata.org/entity/Q9349076>	"pl:Synagoga Cmentarna we Lwowie"
<http://www.wikidata.org/entity/Q9349082>	"pl:Synagoga Dawida Moszkowicza i Wolfa Mostowicza"
<http://www.wikidata.org/entity/Q9349089>	"pl:Synagoga Dydiego Bergera w Łodzi"
<http://www.wikidata.org/entity/Q9349094>	"pl:Synagoga Eliakima Gliksmana i Jakuba Jankielewicza w Łodzi"
<http://www.wikidata.org/entity/Q9349098>	"pl:Synagoga Eliasza Łódzkiego"
<http://www.wikidata.org/entity/Q9349100>	"pl:Synagoga Eliasza Łódzkiego"
<http://www.wikidata.org/entity/Q9349105>	"pl:Synagoga Ezriela Terakowskiego"
<http://www.wikidata.org/entity/Q9349107>	"pl:Synagoga Fajwela Fajlłowicza"
<http://www.wikidata.org/entity/Q9349119>	"pl:Synagoga Garbarska w Szydłowcu"
<http://www.wikidata.org/entity/Q9349125>	"ru:Синагога Гмилус Хасидим Дебайс Хакнесес|pl:Synagoga Gmilus Chasidim Debais Hakneses w Krakowie"
<http://www.wikidata.org/entity/Q9349134>	"ru:Синагога Лифшица|uk:Синагога Ліфшиця|he:בית הכנסת של ליפשיץ|pl:Synagoga Lifszitsa|de:Lifshits-Synagoge"
<http://www.wikidata.org/entity/Q9349140>	"pl:Synagoga Henocha Bryczkowskiego w Łodzi|de:Henoch-Bryczkowski-Synagoge"
<http://www.wikidata.org/entity/Q9349141>	"pl:Synagoga Henocha Bryczkowskiego w Łodzi|de:Henoch-Bryczkowski-Synagoge"
<http://www.wikidata.org/entity/Q9349147>	"pl:Synagoga Hersza Lipsztejna i Bernsztejna Codyka"
<http://www.wikidata.org/entity/Q9349148>	"pl:Synagoga Hersza Karmioła"
<http://www.wikidata.org/entity/Q9349152>	"pl:Synagoga Hersza Szpejberga i Jakuba Zaksa"
<http://www.wikidata.org/entity/Q9349153>	"pl:Synagoga Hersza Szpejberga i Jakuba Zaksa"
<http://www.wikidata.org/entity/Q9349156>	"pl:Synagoga Hersza Zilbersztejna"
<http://www.wikidata.org/entity/Q9349160>	"pl:Synagoga Icka Frenkela"
<http://www.wikidata.org/entity/Q9349164>	"pl:Synagoga Icka Landau"
<http://www.wikidata.org/entity/Q9349167>	"pl:Synagoga Icka Szalmy Mowszowicza"
<http://www.wikidata.org/entity/Q9349176>	"pl:Synagoga Izraela Rotmana"
<http://www.wikidata.org/entity/Q9349178>	"pl:Synagoga Izraela Senderowicza w Łodzi"
<http://www.wikidata.org/entity/Q9349179>	"pl:Synagoga Izraela Rotmana"
<http://www.wikidata.org/entity/Q9349180>	"pl:Synagoga Izraela Sendrowicza"
<http://www.wikidata.org/entity/Q9349184>	"pl:Synagoga Jad Charuzim w Sanoku"
<http://www.wikidata.org/entity/Q9349185>	"pl:Synagoga Jakuba Belina w Łodzi"
<http://www.wikidata.org/entity/Q9349188>	"pl:Synagoga Jakuba Finkelberga"
<http://www.wikidata.org/entity/Q9349190>	"pl:Synagoga Jakuba Honigsztajna i Majera Krula"
<http://www.wikidata.org/entity/Q9349192>	"pl:Synagoga Jakuba Oszkowskiego i Michała Wrżonskiego"
<http://www.wikidata.org/entity/Q9349193>	"pl:Synagoga Jakuba Wiślickiego w Łodzi"
<http://www.wikidata.org/entity/Q9349194>	"pl:Synagoga Jakuba Sroki w Łodzi|de:Jakub Sroka Synagoge"
<http://www.wikidata.org/entity/Q9349197>	"pl:Synagoga Jankiela Fersztera"
<http://www.wikidata.org/entity/Q9349198>	"pl:Synagoga Jankiela Kalińskiego i Jankiela Zarzewskiego"
<http://www.wikidata.org/entity/Q9349208>	"pl:Synagoga Józefa Gejnzlera"
<http://www.wikidata.org/entity/Q9349209>	"pl:Synagoga Józefa Gejnzlera"
<http://www.wikidata.org/entity/Q9349211>	"pl:Synagoga Józefa Kaca"
<http://www.wikidata.org/entity/Q9349227>	"lt:Krinkų Kaukasko sinagoga|pl:Synagoga Kaukaska w Krynkach|de:Kaukasische Synagoge"
<http://www.wikidata.org/entity/Q9349229>	"ru:Китаевская синагога|uk:Китаївська синагога|he:בית הכנסת קיטייבסקאיה|pl:Synagoga Kitajewska w Mińsku|be:Кітаеўская сінагога"
<http://www.wikidata.org/entity/Q9349233>	"pl:Synagoga Kopela Koplowicza"
<http://www.wikidata.org/entity/Q9349234>	"pl:Synagoga Kopszer Szul w Dyneburgu|de:Synagoge Lāčplēša iela 39"
<http://www.wikidata.org/entity/Q9349238>	"cs:Košířská synagoga|he:בית הכנסת בקושיז'ה (פראג)|pl:Synagoga Košířská w Pradze|tr:Košířská Sinagogu|de:Košíře-Synagoge"
<http://www.wikidata.org/entity/Q9349251>	"pl:Synagoga Lejba Helperna"
<http://www.wikidata.org/entity/Q9349259>	"pl:Synagoga Lejba Szwajcara"
<http://www.wikidata.org/entity/Q9349262>	"pl:Synagoga Lejzera Bursztynowicza"
<http://www.wikidata.org/entity/Q9349263>	"pl:Synagoga Lejzera Grosmana"
<http://www.wikidata.org/entity/Q9349265>	"pl:Synagoga Leona Czośniaka"
<http://www.wikidata.org/entity/Q9349270>	"pl:Synagoga Lewka Jakubowicza w Łodzi"
<http://www.wikidata.org/entity/Q9349271>	"pl:Synagoga Lewiego Cygielberga w Łodzi"
<http://www.wikidata.org/entity/Q9349274>	"pl:Synagoga Lewka Zilbermana"
<http://www.wikidata.org/entity/Q9349280>	"pl:Synagoga Lubelska w Łańcucie"
<http://www.wikidata.org/entity/Q9349293>	"pl:Synagoga Majera Abramowicza"
<http://www.wikidata.org/entity/Q9349294>	"pl:Synagoga Majera Berlinera"
<http://www.wikidata.org/entity/Q9349297>	"pl:Synagoga Majera Ejlenberg"
<http://www.wikidata.org/entity/Q9349300>	"pl:Synagoga Majera Kestenberga"
<http://www.wikidata.org/entity/Q9349318>	"mk:Синагога Менахем|pl:Synagoga Menachem Zion w Jerozolimie"
<http://www.wikidata.org/entity/Q9349319>	"pl:Synagoga Menaszego Bławata i Hersza Muchnickiego w Łodzi"
<http://www.wikidata.org/entity/Q9349322>	"pl:Synagoga Mendela Landau"
<http://www.wikidata.org/entity/Q9349332>	"pl:Synagoga Mordki Bendeta"
<http://www.wikidata.org/entity/Q9349337>	"pl:Synagoga Mordki Hejlmana i Herszela Fejla"
<http://www.wikidata.org/entity/Q9349347>	"pl:Synagoga Moszka Fajtlowicza"
<http://www.wikidata.org/entity/Q9349351>	"pl:Synagoga Moszka Kaufmana"
<http://www.wikidata.org/entity/Q9349353>	"pl:Synagoga Moszka Krela i Moszka Bergera"
<http://www.wikidata.org/entity/Q9349354>	"pl:Synagoga Moszka Lipskiego"
<http://www.wikidata.org/entity/Q9349356>	"pl:Synagoga Moszka Michałowicza"
<http://www.wikidata.org/entity/Q9349361>	"uk:Синагога Молдавського|pl:Synagoga Mołdawskiego w Połtawie"
<http://www.wikidata.org/entity/Q9349371>	"pl:Synagoga Nehemiasza w Poznaniu"
<http://www.wikidata.org/entity/Q9349377>	"pl:Synagoga Nowomiejska w Rzeszowie|de:Neustadtsynagoge (Rzeszów)"
<http://www.wikidata.org/entity/Q9349386>	"pl:Synagoga Ohel Jakow"
<http://www.wikidata.org/entity/Q9349403>	"pl:Synagoga Pinkusa Libermana"
<http://www.wikidata.org/entity/Q9349413>	"pl:Synagoga Rachmila Szifowicza w Łodzi"
<http://www.wikidata.org/entity/Q9349415>	"pl:Synagoga Rafała Landau"
<http://www.wikidata.org/entity/Q9349418>	"pl:Synagoga Reb Arons Klaus w Krakowie|tr:33 Józefa Sokağı Kraków"
<http://www.wikidata.org/entity/Q9349422>	"pl:Synagoga Roberta Karpfa"
<http://www.wikidata.org/entity/Q9349423>	"he:בית הכנסת של הומל|pl:Synagoga Rumiancewa w Homlu|be:Вялікая сінагога (Гомель)|de:Synagoge"
<http://www.wikidata.org/entity/Q9349430>	"pl:Synagoga Salomona Kona w Łodzi"
<http://www.wikidata.org/entity/Q9349431>	"pl:Synagoga Salomona Monata"
<http://www.wikidata.org/entity/Q9349434>	"pl:Synagoga Sendera Dykiermana"
<http://www.wikidata.org/entity/Q9349442>	"pl:Synagoga Staromiejska w Rzeszowie|de:Altstadtsynagoge"
<http://www.wikidata.org/entity/Q9349448>	"pl:Synagoga Stowarzyszenia Dobroczynności w Poznaniu"
<http://www.wikidata.org/entity/Q9349450>	"pl:Synagoga Stowarzyszenia Izraela Meiselsa w Krakowie"
<http://www.wikidata.org/entity/Q9349451>	"pl:Synagoga Stowarzyszenia Modłów i Dobroczynności im. Michała Hirscha Cypresa w Krakowie"
<http://www.wikidata.org/entity/Q9349453>	"pl:Synagoga Suchera Lewkowicza"
<http://www.wikidata.org/entity/Q9349457>	"pl:Synagoga Szlamy Epsztejna"
<http://www.wikidata.org/entity/Q9349460>	"pl:Synagoga Szlamy Epsztejna"
<http://www.wikidata.org/entity/Q9349463>	"pl:Synagoga Szlamy Kaca"
<http://www.wikidata.org/entity/Q9349464>	"pl:Synagoga Szlamy Kaca"
<http://www.wikidata.org/entity/Q9349468>	"pl:Synagoga Szlamy Lebentala"
<http://www.wikidata.org/entity/Q9349470>	"pl:Synagoga Szmula Fridmana i Isaaka Szpiwaka"
<http://www.wikidata.org/entity/Q9349472>	"pl:Synagoga Szmula Herszberga i Kadeta Gilwana w Łodzi"
<http://www.wikidata.org/entity/Q9349474>	"pl:Synagoga Szmula Szlamowicza"
<http://www.wikidata.org/entity/Q9349482>	"pl:Synagoga Szymona Grinszpana w Łodzi"
<http://www.wikidata.org/entity/Q9349484>	"el:συναγωγή Ταλμούδ Τορά|pl:Synagoga Talmud Tora Agadol w Salonikach"
<http://www.wikidata.org/entity/Q9349490>	"pl:Synagoga Stowarzyszenia Braci Gminy w Poznaniu"
<http://www.wikidata.org/entity/Q9349506>	"cs:Velkodvorská synagoga|pl:Synagoga Wielkodworska w Pradze|tr:Velkodvorská Sinagogu"
<http://www.wikidata.org/entity/Q9349510>	"pl:Synagoga Wilker Shul"
<http://www.wikidata.org/entity/Q9349511>	"pl:Synagoga Wigdora Jakubowicza i Chaskiela Banata"
<http://www.wikidata.org/entity/Q9349513>	"cs:Vinohradská synagoga|pl:Synagoga Winogradzka w Pradze|tr:Synagogue in Vinohrady (Prague)|de:Synagoge (Prag-Vinohrady)"
<http://www.wikidata.org/entity/Q9349518>	"pl:Synagoga Wolfa Bermana"
<http://www.wikidata.org/entity/Q9349527>	"pl:Synagoga Zalmana Bibergala i Majera Lichtensztejna"
<http://www.wikidata.org/entity/Q9349528>	"pl:Synagoga Zalmana Bibergala i Majera Lichtensztejna"
<http://www.wikidata.org/entity/Q9349530>	"pl:Synagoga Zalmana Solomonowicza"
<http://www.wikidata.org/entity/Q9349531>	"pl:Synagoga Zalmana Solomonowicza"
<http://www.wikidata.org/entity/Q9349535>	"pl:Synagoga Zeliga Rajbenbacha"
<http://www.wikidata.org/entity/Q9349536>	"pl:Synagoga Zeliga Rajbenbacha"
<http://www.wikidata.org/entity/Q9349537>	"pl:Synagoga Zeliga Wajngartena"
<http://www.wikidata.org/entity/Q9349538>	"pl:Synagoga Zeliga Rajbenbacha"
<http://www.wikidata.org/entity/Q9349540>	"uk:Синагога «Зіхрон Йосеф»|pl:Synagoga Zichron Josef we Lwowie"
<http://www.wikidata.org/entity/Q9349541>	"ru:Синагога Цукера|pl:Synagoga Zuckera w Krakowie"
<http://www.wikidata.org/entity/Q9349555>	"uk:Хасидська синагога (Полтава)|pl:Synagoga chasydów z Chabad-Lubavich w Połtawie"
<http://www.wikidata.org/entity/Q9349558>	"ru:Хасидская синагога|uk:Хасидська синагога|pl:Synagoga chasydów z Chabad-Lubavitch w Mikołajowie"
<http://www.wikidata.org/entity/Q9349600>	"ru:Большая Любавичская синагога (Витебск)|uk:Велика любавицька синагога (Вітебськ)|pl:Synagoga na Zadźwiniu w Witebsku|be:Сінагога ў Задзвінні"
<http://www.wikidata.org/entity/Q9349608>	"pl:Synagoga rabina Cwi Lajtnera w Dukli"
<http://www.wikidata.org/entity/Q9349613>	"pl:Synagoga w Aleksandrowie Łódzkim"
<http://www.wikidata.org/entity/Q9349617>	"pl:Synagoga w Andrychowie|de:Synagoge Andrychów"
<http://www.wikidata.org/entity/Q9349622>	"es:Sinagoga de Augustów|lt:Augustavo sinagoga|pl:Synagoga w Augustowie|de:Synagoge (Augustów)"
<http://www.wikidata.org/entity/Q9349632>	"pl:Synagoga w Barczewie|de:Synagoge, Barczewo"
<http://www.wikidata.org/entity/Q9349635>	"pl:Synagoga w Bełchatowie|de:Synagoge"
<http://www.wikidata.org/entity/Q9349637>	"he:בית הכנסת בביאלה|pl:Synagoga w Białej (Bielsko-Biała)|de:Synagoge"
<http://www.wikidata.org/entity/Q9349638>	"pl:Synagoga w Białej (województwo opolskie)|nl:Synagoge van Zülz|de:Synagoge"
<http://www.wikidata.org/entity/Q9349645>	"pl:Synagoga w Bieczu"
<http://www.wikidata.org/entity/Q9349650>	"pl:Synagoga w Bierutowie|de:Synagoge"
<http://www.wikidata.org/entity/Q9349661>	"pl:Synagoga w Bojanowie|de:Synagoge"
<http://www.wikidata.org/entity/Q9349663>	"pl:Synagoga w Bolesławcu|de:Synagoge|fr:synagogue de Bunzlau"
<http://www.wikidata.org/entity/Q9349667>	"cs:Synagoga v Boskovicích|pl:Synagoga w Boskovicach|de:Synagoge"
<http://www.wikidata.org/entity/Q9349672>	"pl:Synagoga w Brodnicy|de:Synagoge"
<http://www.wikidata.org/entity/Q9349674>	"he:בית הכנסת בבז'ג|el:Συναγωγή του Μπζεκ|pl:Synagoga w Brzegu|de:Synagoge"
<http://www.wikidata.org/entity/Q9349675>	"pl:Synagoga w Brzegu Dolnym"
<http://www.wikidata.org/entity/Q9349683>	"pl:Synagoga w Brzezinach|de:Synagoge"
<http://www.wikidata.org/entity/Q9349685>	"pl:Synagoga w Brzostku"
<http://www.wikidata.org/entity/Q9349688>	"pl:Synagoga w Buku|de:Synagoge"
<http://www.wikidata.org/entity/Q9349690>	"pl:Synagoga w Bychawie|de:Synagoge"
<http://www.wikidata.org/entity/Q9349693>	"pl:Synagoga w Bydgoszczy-Fordonie|be:Сінагога (Фардон)|de:Synagoge"
<http://www.wikidata.org/entity/Q9349695>	"cs:Synagoga v Bzenci|mul:Synagogue in Bzenec|pl:Synagoga w Bzencu|de:Synagoge"
<http://www.wikidata.org/entity/Q9349697>	"pl:Synagoga w Będzinie|de:Synagoge"
<http://www.wikidata.org/entity/Q9349704>	"pl:Synagoga w Chodzieży|de:Synagoge"
<http://www.wikidata.org/entity/Q9349707>	"pl:Synagoga w Chorzowie|de:Synagoge|fr:synagogue de Königshütte"
<http://www.wikidata.org/entity/Q9349709>	"pl:Synagoga w Chrzanowie|de:Große Synagoge"
<http://www.wikidata.org/entity/Q9349710>	"cs:synagoga v Chyši|pl:Synagoga w Chyšach|de:Synagoge"
<http://www.wikidata.org/entity/Q9349711>	"pl:synagoga w Chęcinach|de:Synagoge"
<http://www.wikidata.org/entity/Q9349713>	"lt:Cechanoveco sinagoga|pl:Synagoga w Ciechanowcu|de:Synagoge"
<http://www.wikidata.org/entity/Q9349714>	"pl:Synagoga w Cieszanowie|de:Synagoge"
<http://www.wikidata.org/entity/Q9349717>	"pl:Synagoga w Cieszowej|de:Synagoge (Cieszowa)"
<http://www.wikidata.org/entity/Q9349723>	"cs:Synagoga v České Lípě|pl:Synagoga w Czeskiej Lipie|de:Synagoge"
<http://www.wikidata.org/entity/Q9349730>	"cs:synagoga v Divišově|pl:synagoga w Divišovie|de:Synagoge"
<http://www.wikidata.org/entity/Q9349738>	"cs:synagoga|es:sinagoga|pl:Synagoga w Doudlebach nad Orlicí|sk:synagoga|de:Synagoge"
<http://www.wikidata.org/entity/Q9349740>	"pl:Synagoga w Działdowie|de:Synagoge, Działdowo"
<http://www.wikidata.org/entity/Q9349742>	"cs:Synagoga v Dzierżoniowě|pl:Synagoga w Dzierżoniowie|de:Synagoge"
<http://www.wikidata.org/entity/Q9349743>	"pl:synagoga w Dąbiu|de:Synagoge"
<http://www.wikidata.org/entity/Q9349759>	"pl:Synagoga w Gdańsku (ul. Pańska)"
<http://www.wikidata.org/entity/Q9349760>	"pl:Synagoga w Gniewkowie|de:Synagoge Argenau"
<http://www.wikidata.org/entity/Q9349762>	"lv:Kuldīgas sinagoga|pl:Synagoga w Kuldydze|de:Synagoge|fr:Synagogue de Kuldīga"
<http://www.wikidata.org/entity/Q9349763>	"pl:Synagoga w Gnieźnie|de:Synagoge"
<http://www.wikidata.org/entity/Q9349768>	"pl:Synagoga w Gorzowie Wielkopolskim|de:Synagoge|fr:synagogue de Landsberg"
<http://www.wikidata.org/entity/Q9349771>	"pl:Synagoga w Grabowie"
<http://www.wikidata.org/entity/Q9349772>	"pl:Synagoga w Grabowie nad Prosną"
<http://www.wikidata.org/entity/Q9349776>	"pl:Synagoga w Grudziądzu|de:Synagoge"
<http://www.wikidata.org/entity/Q9349777>	"pl:Synagoga w Gryficach"
<http://www.wikidata.org/entity/Q9349780>	"pl:Synagoga w Gubinie|de:Synagoge (Guben)"
<http://www.wikidata.org/entity/Q9349784>	"pl:Synagoga w Głownie"
<http://www.wikidata.org/entity/Q9349785>	"pl:Synagoga w Głubczycach|de:Synagoge Leobschütz|fr:synagogue de Leobschütz"
<http://www.wikidata.org/entity/Q9349793>	"cs:Synagoga v Ivanovicích na Hané|pl:Synagoga w Ivanovicach na Hané|de:Synagoge"
<http://www.wikidata.org/entity/Q9349794>	"pl:Synagoga w Izbicy Kujawskiej|de:Synagoge"
<http://www.wikidata.org/entity/Q9349795>	"pl:Synagoga w Iłży"
<http://www.wikidata.org/entity/Q9349797>	"pl:Synagoga w Jaraczewie"
<http://www.wikidata.org/entity/Q9349801>	"pl:Synagoga w Jarocinie|de:Synagoge in Jarocin"
<http://www.wikidata.org/entity/Q9349802>	"pl:Synagoga w Jaworze"
<http://www.wikidata.org/entity/Q9349813>	"pl:Synagoga w Kargowej"
<http://www.wikidata.org/entity/Q9349814>	"pl:Synagoga w Karolinie (Pińsk)"
<http://www.wikidata.org/entity/Q9349815>	"cs:Synagoga v Karlových Varech|he:בית הכנסת בקרלסבאד|sv:Synagogan i Karlovy Vary|pl:Synagoga w Karlowych Warach|de:Synagoge|fr:synagogue de Carlsbad"
<http://www.wikidata.org/entity/Q9349818>	"pl:Synagoga w Kazimierzu Dolnym|de:Synagoge"
<http://www.wikidata.org/entity/Q9349820>	"he:בית הכנסת בקיקידנדה|sr:Синагога у Кикинди|pl:Synagoga w Kikindzie"
<http://www.wikidata.org/entity/Q9349821>	"ru:Большая хоральная синагога (Кропивницкий)|uk:Велика хоральна синагога (Кіровоград)|pl:Synagoga w Kirowohradzie|fr:Grande synagogue de Kropyvnytskyï"
<http://www.wikidata.org/entity/Q9349822>	"ru:Синагога стекольщиков (Кишинёв)|uk:Синагога склярів (Кишинів)|ro:Sinagoga geamgiilor din Chișinău|pl:Synagoga w Kiszyniowie"
<http://www.wikidata.org/entity/Q9349823>	"ru:Клецкая синагога|he:בית הכנסת בקלצק|pl:Synagoga w Klecku|be:Вялікая сінагога (Клецк)|de:Synagoge"
<http://www.wikidata.org/entity/Q9349826>	"pl:Synagoga w Klimontowie|de:Synagoge (Klimontów)"
<http://www.wikidata.org/entity/Q9349830>	"pl:Synagoga w Kole|de:Synagoge"
<http://www.wikidata.org/entity/Q9349834>	"lt:Kolno sinagoga|pl:Synagoga w Kolnie|de:Synagoge"
<http://www.wikidata.org/entity/Q9349835>	"pl:Synagoga w Koninie|de:Synagoge"
<http://www.wikidata.org/entity/Q9349837>	"pl:Synagoga w Koronowie|de:Synagoge in Koronowo"
<http://www.wikidata.org/entity/Q9349851>	"lt:Krasnapolio sinagoga|pl:Synagoga w Krasnopolu"
<http://www.wikidata.org/entity/Q9349858>	"pl:Synagoga w Krośniewicach"
<http://www.wikidata.org/entity/Q9349860>	"pl:Synagoga w Krzepicach|de:Synagoge"
<http://www.wikidata.org/entity/Q9349864>	"pl:Synagoga w Książu Wielkim"
<http://www.wikidata.org/entity/Q9349873>	"pl:Synagoga w Kłodzku|de:Synagoge"
<http://www.wikidata.org/entity/Q9349883>	"ru:Большая хоральная синагога|hu:Nagy Korál zsinagóga|lv:Liepājas sinagoga|pl:Wielka Synagoga Chóralna w Lipawie|de:Große Choral-Synagoge in Liepāja"
<http://www.wikidata.org/entity/Q9349886>	"cs:synagoga v Lounech|pl:synagoga w Lounach|de:Synagoge"
<http://www.wikidata.org/entity/Q9349900>	"cs:synagoga v Luži|he:בית כנסת בלוז'ה|pl:Synagoga w Lužach|de:Synagoge"
<http://www.wikidata.org/entity/Q9349902>	"pl:Synagoga w Lęborku"
<http://www.wikidata.org/entity/Q9349911>	"pl:Synagoga w Mikołowie|de:Synagoge"
<http://www.wikidata.org/entity/Q9349913>	"pl:Synagoga w Milówce|de:Synagoge (Milówka)"
<http://www.wikidata.org/entity/Q9349916>	"pl:Synagoga w Międzychodzie"
<http://www.wikidata.org/entity/Q9349917>	"he:בית הכנסת החדש במיינדזיז'ץ פודלסקי|pl:Synagoga w Międzyrzecu Podlaskim"
<http://www.wikidata.org/entity/Q9349918>	"pl:Synagoga w Międzyrzeczu|de:Synagoge"
<http://www.wikidata.org/entity/Q9349919>	"pl:Synagoga w Modliborzycach|de:Synagoge (Modliborzyce)"
<http://www.wikidata.org/entity/Q9349922>	"pl:Synagoga w Mogielnicy"
<http://www.wikidata.org/entity/Q9349923>	"pl:Synagoga w Mosinie|de:Synagoge"
<http://www.wikidata.org/entity/Q9349927>	"pl:Synagoga w Mrągowie"
<http://www.wikidata.org/entity/Q9349928>	"pl:Synagoga w Mysłowicach"
<http://www.wikidata.org/entity/Q9349947>	"pl:Synagoga w Nowym Korczynie|de:Synagoge (Nowy Korczyn)"
<http://www.wikidata.org/entity/Q9349949>	"pl:Synagoga w Nowym Sączu|de:Synagoge Nowy Sącz"
<http://www.wikidata.org/entity/Q9349956>	"cs:Synagoga v Nyse|pl:Synagoga w Nysie|de:Synagoge (Neisse)"
<http://www.wikidata.org/entity/Q9349960>	"pl:Synagoga w Oleśnie|de:Synagoge Rosenberg O.S.|fr:synagogue de Rosenberg O.S"
<http://www.wikidata.org/entity/Q9349961>	"pl:Synagoga w Olsztynie|de:Synagoge, Olsztyn"
<http://www.wikidata.org/entity/Q9349966>	"pl:Synagoga w Opocznie|de:Synagoge (Opoczno)"
<http://www.wikidata.org/entity/Q9349967>	"lt:Orlos sinagoga|pl:Synagoga w Orli|de:Synagoge"
<http://www.wikidata.org/entity/Q9349969>	"pl:Synagoga w Ornecie|de:Synagoge, Orneta"
<http://www.wikidata.org/entity/Q9349980>	"pl:Synagoga w Ośnie Lubuskim"
<http://www.wikidata.org/entity/Q9349993>	"bg:Пазарджишка голяма синагога|he:בית הכנסת קהל גדול בפאזארג'יק|pl:Synagoga w Pazardżiku"
<http://www.wikidata.org/entity/Q9349998>	"es:Sinagoga en Pleszew|pl:Synagoga w Pleszewie"
<http://www.wikidata.org/entity/Q9350005>	"pl:Synagoga w Pokoju"
<http://www.wikidata.org/entity/Q9350006>	"lt:Pakruojo sinagoga|pl:synagoga w Pokrojach|de:Synagoge"
<http://www.wikidata.org/entity/Q9350010>	"pl:kamienica zarządu gminy żydowskiej w Poznaniu"
<http://www.wikidata.org/entity/Q9350011>	"pl:Synagoga w Prabutach"
<http://www.wikidata.org/entity/Q9350012>	"cs:Karlínská synagoga|pl:Synagoga w Pradze-Karlínie|fr:synagogue Karlin"
<http://www.wikidata.org/entity/Q9350013>	"pl:Synagoga w Praszce|de:Synagoge"
<http://www.wikidata.org/entity/Q9350017>	"he:בית הכנסת בפרישטינה|sr:Приштинска синагога|pl:Synagoga w Prisztinie"
<http://www.wikidata.org/entity/Q9350018>	"cs:Synagoga v Prudníku|ru:Синагога в Пруднике|he:בית הכנסת בפרודניק|pl:Synagoga w Prudniku|de:Synagoge|fr:synagogue de Neustadt in Oberschlesien"
<http://www.wikidata.org/entity/Q9350021>	"pl:Synagoga w Przysusze|de:Synagoge (Przysucha)"
<http://www.wikidata.org/entity/Q9350022>	"pl:Synagoga w Przeworsku|de:Synagoge Przeworsk"
<http://www.wikidata.org/entity/Q9350023>	"pl:Synagoga w Pszczewie|de:Synagoge"
<http://www.wikidata.org/entity/Q9350024>	"pl:Synagoga w Pszczynie|de:Synagoge"
<http://www.wikidata.org/entity/Q9350027>	"pl:Synagoga w Pułtusku"
<http://www.wikidata.org/entity/Q9350030>	"pl:Synagoga w Pyskowicach"
<http://www.wikidata.org/entity/Q9350031>	"pl:Synagoga w Pyzdrach"
<http://www.wikidata.org/entity/Q9350033>	"cs:Synagoga v Radnicích|pl:Synagoga w Radnicach|de:Synagoge"
<http://www.wikidata.org/entity/Q9350035>	"he:בית הכנסת בראדום|el:Συναγωγή του Ράντομ|pl:Synagoga w Radomiu|de:Synagoge (Radom)|fr:synagogue de Radom"
<http://www.wikidata.org/entity/Q9350039>	"pl:Synagoga w Radzanowie"
<http://www.wikidata.org/entity/Q9350046>	"ro:Sinagoga din Rașcov|pl:Synagoga w Raszkowie (Mołdawia)"
<http://www.wikidata.org/entity/Q9350052>	"cs:Synagoga v Rousínově|pl:Synagoga w Rousínově|de:Synagoge"
<http://www.wikidata.org/entity/Q9350054>	"pl:Synagoga w Rudzie Śląskiej|de:Synagoge"
<http://www.wikidata.org/entity/Q9350056>	"pl:Synagoga w Rużomberku|de:Synagoge"
<http://www.wikidata.org/entity/Q9350058>	"cs:synagoga v Rychnově nad Kněžnou|es:sinagoga en Rychnov nad Kněžnou|pl:Synagoga w Rychnovie nad Kněžnou|sk:synagóga v Rychnove nad Kněžnou|de:Synagoge"
<http://www.wikidata.org/entity/Q9350066>	"lv:Rēzeknes Zaļā sinagoga|sv:Gröna synagogan i Rēzekne|pl:Zielona Synagoga w Rzeżycy"
<http://www.wikidata.org/entity/Q9350067>	"ru:Сабильская синагога|lv:Sabiles sinagoga|it:sinagoga di Sabile|sv:Synagogan i Sabile|pl:Synagoga w Sabile|de:Synagoge"
<http://www.wikidata.org/entity/Q9350069>	"cs:Synagoga v Sadhoře|ru:Синагога в Садгоре|uk:Садгірська синагога|he:בית הכנסת בסדיגורה|ro:Sinagoga din Sadagura|pl:Synagoga w Sadagórze|de:Chassidische Synagoge"
<http://www.wikidata.org/entity/Q9350075>	"pl:Synagoga w Siedlcach|fr:synagogue de Siedlce"
<http://www.wikidata.org/entity/Q9350077>	"pl:Synagoga w Sierakowie"
<http://www.wikidata.org/entity/Q9350081>	"pl:Synagoga w Sierpcu|fr:grande synagogue de Sierpc"
<http://www.wikidata.org/entity/Q9350084>	"cs:Synagoga ve Skočově|pl:Synagoga w Skoczowie"
<http://www.wikidata.org/entity/Q9350087>	"pl:Synagoga w Skwierzynie"
<http://www.wikidata.org/entity/Q9350093>	"ro:Sinagoga din Soroca|pl:Synagoga w Sorokach|de:Synagoge von Soroca"
<http://www.wikidata.org/entity/Q9350102>	"pl:Synagoga w Starogardzie Gdańskim"
<http://www.wikidata.org/entity/Q9350104>	"ru:Главная синагога (Столин)|pl:Synagoga w Stolinie|be:Сінагога Галоўная, Столін|de:Große Synagoge"
<http://www.wikidata.org/entity/Q9350108>	"cs:synagoga ve Strážnici|he:בית הכנסת בסטרז'ניצה|es:sinagoga en Strážnice|pl:Synagoga w Strážnicach|sk:Synagóga v Strážnici|de:Synagoge"
<http://www.wikidata.org/entity/Q9350110>	"he:בית הכנסת בסטופבה|pl:Synagoga w Stupavie|de:Synagoge"
<http://www.wikidata.org/entity/Q9350113>	"pl:Synagoga w Suszu"
<http://www.wikidata.org/entity/Q9350121>	"pl:Synagoga w Szczebrzeszynie|de:Synagoge (Szczebrzeszyn)"
<http://www.wikidata.org/entity/Q9350130>	"pl:Synagoga w Szpitalu Żydowskim w Poznaniu"
<http://www.wikidata.org/entity/Q9350132>	"pl:Synagoga w Szpitalu Żydowskim we Wrocławiu (ul. Włodkowica 19)"
<http://www.wikidata.org/entity/Q9350133>	"pl:Synagoga w Szpitalu Żydowskim we Wrocławiu"
<http://www.wikidata.org/entity/Q9350136>	"pl:Synagoga w Sławkowie"
<http://www.wikidata.org/entity/Q9350137>	"cs:Synagoga ve Slavkově u Brna|pl:Synagoga w Sławkowie (Morawy)|sk:Synagóga v Slavkove u Brna|de:Synagoge"
<http://www.wikidata.org/entity/Q9350139>	"ru:Слонимская синагога|uk:Слонімська синагога|he:בית הכנסת בסלונים|it:sinagoga di Slonim|pl:Synagoga w Słonimie|be:Слонімская сінагога|de:Synagoge"
<http://www.wikidata.org/entity/Q9350144>	"pl:Synagoga w Tarnobrzegu"
<http://www.wikidata.org/entity/Q9350146>	"he:בית הכנסת בטרנוגרוד|pl:Synagoga w Tarnogrodzie|de:Synagoge (Tarnogród)"
<http://www.wikidata.org/entity/Q9350147>	"pl:Synagoga w Tarnowskich Górach|de:Synagoge (Tarnowskie Góry)|fr:Synagogue de Tarnowskie Góry (1864-1939)"
<http://www.wikidata.org/entity/Q9350148>	"et:Tartu sünagoog|pt:Sinagoga de Tartu|pl:Synagoga w Tartu|de:Synagoge"
<http://www.wikidata.org/entity/Q9350149>	"pl:Synagoga w Tarłowie"
<http://www.wikidata.org/entity/Q9350156>	"pl:Synagoga w Toszku|de:Synagoge Tost"
<http://www.wikidata.org/entity/Q9350159>	"lv:Tukuma sinagoga|pl:Synagoga w Tukums|de:Synagoge"
<http://www.wikidata.org/entity/Q9350163>	"pl:Synagoga w Turku|de:Synagoge"
<http://www.wikidata.org/entity/Q9350167>	"cs:Synagoga v Uherském Hradišti|he:בית הכנסת באוהרסקה הרדישטיה|pl:Synagoga w Uherskim Hradišciu|de:Synagoge (Uherské Hradiště)"
<http://www.wikidata.org/entity/Q9350168>	"pl:Synagoga w Ujeździe"
<http://www.wikidata.org/entity/Q9350173>	"cs:synagoga ve Veselí nad Moravou|pl:Synagoga w Veselí nad Moravą|sk:synagóga vo Veselí nad Moravou|de:Synagoge in Veselí nad Moravou"
<http://www.wikidata.org/entity/Q9350174>	"pl:Synagoga w Wadowicach|de:Synagoge Wadowice|fr:synagogue de Wadowice"
<http://www.wikidata.org/entity/Q9350175>	"cs:sbor Dr. Karla Farského|pl:Synagoga w Vyškovie|de:Synagoge"
<http://www.wikidata.org/entity/Q9350184>	"pl:Synagoga w Wałbrzychu"
<http://www.wikidata.org/entity/Q9350186>	"pl:Synagoga w Wejherowie"
<http://www.wikidata.org/entity/Q9350197>	"pl:Synagoga w Więcborku|de:Synagoge"
<http://www.wikidata.org/entity/Q9350199>	"pl:Synagoga w Wodzisławiu Śląskim|de:Synagoge"
<http://www.wikidata.org/entity/Q9350205>	"pl:Synagoga w Wyrzysku"
<http://www.wikidata.org/entity/Q9350206>	"lt:Mazovijos Vysokio sinagoga|pl:Synagoga w Wysokiem Mazowieckiem|de:Neue Synagoge"
<http://www.wikidata.org/entity/Q9350217>	"pl:Synagoga w Zamościu-Nowym Mieście"
<http://www.wikidata.org/entity/Q9350222>	"pl:Synagoga w Zawierciu|de:Synagoge"
<http://www.wikidata.org/entity/Q9350224>	"pl:Synagoga w Zbąszyniu|de:Synagoge"
<http://www.wikidata.org/entity/Q9350225>	"pl:Synagoga w Zduńskiej Woli"
<http://www.wikidata.org/entity/Q9350228>	"pl:Synagoga w Zielonej Górze|de:Synagoge Grünberg"
<http://www.wikidata.org/entity/Q9350229>	"pl:Synagoga w Ziemięcinie"
<http://www.wikidata.org/entity/Q9350231>	"pl:Synagoga w Ziębicach|de:Synagoge Ziębice"
<http://www.wikidata.org/entity/Q9350235>	"pl:Synagoga w Złotowie|de:Synagoge|fr:synagogue de Flatow"
<http://www.wikidata.org/entity/Q9350238>	"cs:Synagoga v Úsově|pl:Synagoga w Úsovie|de:Synagoge (Úsov)"
<http://www.wikidata.org/entity/Q9350244>	"pl:Synagoga w Łaszczowie|de:Synagoge (Łaszczów)"
<http://www.wikidata.org/entity/Q9350247>	"pl:Synagoga"
<http://www.wikidata.org/entity/Q9350248>	"pl:Synagoga w Łodzi (ul. Piotrkowska 46)|de:Synagoge in Łódź"
<http://www.wikidata.org/entity/Q9350249>	"pl:Synagoga w Łodzi (ul. Piotrkowska 50)"
<http://www.wikidata.org/entity/Q9350257>	"pl:Synagoga w Łowiczu"
<http://www.wikidata.org/entity/Q9350259>	"pl:Synagoga w Łowiczu (ul. Browarna 10)"
<http://www.wikidata.org/entity/Q9350267>	"pl:Synagoga w Świeciu nad Wisłą|de:Synagoge"
<http://www.wikidata.org/entity/Q9350268>	"pl:Synagoga w Świdwinie|de:Synagoge (Świdwin)"
<http://www.wikidata.org/entity/Q9350270>	"pl:synagoga w Świnoujściu|de:Synagoge in Świnoujście"
<http://www.wikidata.org/entity/Q9350272>	"pl:Synagoga w Żarkach|de:Synagoge"
<http://www.wikidata.org/entity/Q9350273>	"pl:Synagoga w Żelechowie"
<http://www.wikidata.org/entity/Q9350275>	"pl:Synagoga w Żorach"
<http://www.wikidata.org/entity/Q9350277>	"pl:Synagoga w Żychlinie"
<http://www.wikidata.org/entity/Q9350280>	"pl:Synagoga w Żyrardowie"
<http://www.wikidata.org/entity/Q9350282>	"pl:Synagoga w Żółkiewce"
<http://www.wikidata.org/entity/Q9350283>	"cs:Synagoga v Žamberku|pl:Synagoga w Žamberku|de:Synagoge"
<http://www.wikidata.org/entity/Q9350285>	"cs:Synagoga v Žatci|he:בית הכנסת בז'אטץ|pl:Synagoga w Žatcu|de:Synagoge|fr:synagogue de Žatec"
<http://www.wikidata.org/entity/Q9350287>	"cs:Synagoga ve Frýdku|he:בית הכנסת בפרידק|pl:Synagoga we Frydku|de:Synagoge|fr:synagogue de Friedek"
<http://www.wikidata.org/entity/Q9363581>	"cs:Zadní synagoga|mul:Zadní synagoga|pl:Tylna Synagoga w Třebiču|de:Neue Synagoge"
<http://www.wikidata.org/entity/Q9372842>	"cs:Velká synagoga|he:בית הכנסת הגדול בברנו|pl:Wielka Synagoga w Brnie|de:Große Synagoge Brünn"
<http://www.wikidata.org/entity/Q9372843>	"uk:Велика міська синагога|he:בית הכנסת הגדול של לבוב|pl:Wielka Synagoga Miejska we Lwowie|de:Große Stadtsynagoge"
<http://www.wikidata.org/entity/Q9372848>	"cs:Velká synagoga v Kališi|pl:Wielka Synagoga w Kaliszu|de:Große Synagoge"
<http://www.wikidata.org/entity/Q9372849>	"pl:Wielka Synagoga w Kraśniku"
<http://www.wikidata.org/entity/Q9372854>	"pl:Wielka Synagoga w Pińsku|be:Сінагога Вялікая|de:Große Synagoge (Pinsk)"
<http://www.wikidata.org/entity/Q9372856>	"uk:Велика синагога (Полтава)|pl:Wielka Synagoga w Połtawie"
<http://www.wikidata.org/entity/Q9372859>	"pl:Wielka Synagoga w Sosnowcu (1894 – 1939)"
<http://www.wikidata.org/entity/Q9372860>	"lt:Staviskų miesto Didžioji sinagoga|pl:Wielka Synagoga w Stawiskach|de:Große Synagoge Stawiski"
<http://www.wikidata.org/entity/Q9372861>	"lt:Suvalkų Didžioji sinagoga|pl:Wielka Synagoga w Suwałkach|de:Große Synagoge (Suwałki)"
<http://www.wikidata.org/entity/Q9372862>	"pl:Wielka Synagoga w Toruniu"
<http://www.wikidata.org/entity/Q93772399>	"de:Synagoge Hamm"
<http://www.wikidata.org/entity/Q938365>	"ru:Даугавпилсская синагога|he:בית הכנסת בדאוגבפילס|hy:Դաուգավպիլսի սինագոգ|lv:Daugavpils sinagoga|it:sinagoga Kaddish di Daugavpils|sl:sinagoga v Daugavpilsu|pl:Synagoga w Dyneburgu|be:Даўгаўпілская сінагога|nl:Sinagoga Kaddish di Daugavpils|de:Synagoge Cietokšņa 38"
<http://www.wikidata.org/entity/Q942338>	"fi:Gibraltarin Suuri synagoga|pt:Grande Sinagoga de Gibraltar|he:בית הכנסת הגדול של גיברלטר|ro:Sinagoga Mare din Gibraltar|es:Gran Sinagoga (Gibraltar)|eu:Sinagoga Handia (Gibraltar)|pl:Wielka Synagoga w Gibraltarze|nl:Great Synagogue|tr:Cebelitarık Büyük Sinagogu|fr:Grande synagogue de Gibraltar|ca:Gran Sinagoga de Gibraltar"
<http://www.wikidata.org/entity/Q951072>	"cs:Stará synagoga|he:בית הכנסת הישן בפשמישל|pl:Stara Synagoga w Przemyślu|de:Alte Synagoge, Przemyśl|fr:vieille synagogue de Przemyśl"
<http://www.wikidata.org/entity/Q95149040>	"de:Synagoge"
<http://www.wikidata.org/entity/Q96000711>	"de:Synagoge"
<http://www.wikidata.org/entity/Q96283886>	"de:Synagoge"
<http://www.wikidata.org/entity/Q96622433>	"de:Synagoge in Güstrow"
<http://www.wikidata.org/entity/Q966792>	"ru:Синагога Тиферет Исраэль|mk:Синагога Тиферет Израел|he:בית הכנסת תפארת ישראל|ar:كنيس تيفريت يسرائيل|es:Sinagoga Tiféret Israel|it:Sinagoga Tiferet Yisrael|pl:Synagoga Tiferes Israel w Jerozolimie|nl:Tiferet Jisrael-synagoge|tr:Tiferet Yisrael Sinagogu|de:Tiferet-Yisrael-Synagoge|fr:synagogue Tiferet Israel"
<http://www.wikidata.org/entity/Q96749432>	"he:ישיבת כנסת ישראל (מיסודו של רבי חיים בן עטר)"
<http://www.wikidata.org/entity/Q96899460>	"de:Synagoge"
<http://www.wikidata.org/entity/Q978518>	"de:Ehemalige Synagoge Schupbach|fr:ancienne synagogue de Schupbach"
<http://www.wikidata.org/entity/Q979978>	"hu:Mádi zsinagóga|pl:Synagoga w Mád|nl:Synagoge|de:Synagoge Mád"
<http://www.wikidata.org/entity/Q990003>	"cs:Španělská synagoga|ru:Испанская синагога|fi:Espanjalainen synagoga|uk:Іспанська синагога|hu:Spanyol zsinagóga|ka:პრაღის ესპანური სინაგოგა|hr:Španjolska sinagoga u Pragu|he:בית הכנסת הספרדי|ro:Sinagoga spaniolă din Praga|es:Sinagoga Española (Praga)|it:sinagoga spagnola|sv:Spanska synagogan|pl:Synagoga Hiszpańska w Pradze|sk:Španielska synagóga (Praha)|gl:Sinagoga española de Praga|be:Іспанская сінагога|nl:Spaanse Synagoge|tr:İspanyol Sinagogu (Prag)|de:Spanische Synagoge|fr:synagogue espagnole|ca:Sinagoga Espanyola"
<http://www.wikidata.org/entity/Q992051>	"de:Synagoge Grunewald"
<http://www.wikidata.org/entity/Q99238482>	"ru:Синагога|de:Synagoge"
<http://www.wikidata.org/entity/Q997735>	"cs:Nová synagoga v Teplicích|pl:Nowa Synagoga w Cieplicach|de:Synagoge|fr:synagogue de Teplitz"
<http://www.wikidata.org/entity/Q999131>	"ru:Синагога Кольхёфен|de:Synagoge Kohlhöfen"
