?i	?coord	?label	?inception	?firstMention	?dissolved	?when	?start	?end	?orders	?diocese	?partOf	?sitelinks	?types
<http://www.wikidata.org/entity/Q101608946>	POINT(7.472639 51.615361)	"Schlossmühle Lippholthausen"@en	1760-01-01T00:00:00Z									2	"http://www.wikidata.org/entity/Q185187"
<http://www.wikidata.org/entity/Q103273752>	POINT(2.158609 41.683045)	"Molí de l'Ullar"@en	1601-01-01T00:00:00Z									0	"http://www.wikidata.org/entity/Q185187"
<http://www.wikidata.org/entity/Q10331516>	POINT(-8.800670 39.740278)	"Moinho de Papel de Leiria"@en	1411-01-01T00:00:00Z									2	"http://www.wikidata.org/entity/Q185187|http://www.wikidata.org/entity/Q210272|http://www.wikidata.org/entity/Q33506"
<http://www.wikidata.org/entity/Q104331531>	POINT(7.263740 49.228520)	"Alte Mühle"@en	1734-01-01T00:00:00Z									1	"http://www.wikidata.org/entity/Q185187"
<http://www.wikidata.org/entity/Q104665635>	POINT(4.828650 50.986250)	"'s Hertogenmolens"@en	1515-01-01T00:00:00Z									2	"http://www.wikidata.org/entity/Q185187"
<http://www.wikidata.org/entity/Q104832524>	POINT(-0.156833 38.932861)	"Molí de Català"@en	1513-01-01T00:00:00Z									0	"http://www.wikidata.org/entity/Q185187"
<http://www.wikidata.org/entity/Q105001201>	POINT(16.301873 48.018894)	"Ferschnermühle"@en		1392-01-01T00:00:00Z								1	"http://www.wikidata.org/entity/Q185187"
<http://www.wikidata.org/entity/Q105103931>	POINT(-0.346389 39.573056)	"Molí de Blai, Massamagrell"@en	1613-01-01T00:00:00Z									0	"http://www.wikidata.org/entity/Q185187"
<http://www.wikidata.org/entity/Q105148468>	POINT(-0.605050 38.548000)	"El Terol de Baix Paper Mill"@en	1710-01-01T00:00:00Z									0	"http://www.wikidata.org/entity/Q185187"
<http://www.wikidata.org/entity/Q105223100>	POINT(12.307138 47.407269)		1875-01-01T00:00:00Z									0	"http://www.wikidata.org/entity/Q185187"
<http://www.wikidata.org/entity/Q105299384>	POINT(-0.971667 38.078278)	"Molino de la Ciudad"@en	1900-01-01T00:00:00Z									1	"http://www.wikidata.org/entity/Q185187"
<http://www.wikidata.org/entity/Q105319479>	POINT(-0.937639 38.084556)	"Molino de Riquelme"@en	1884-01-01T00:00:00Z									0	"http://www.wikidata.org/entity/Q185187"
<http://www.wikidata.org/entity/Q105370718>	POINT(9.684090 56.022340)		1866-01-01T00:00:00Z									1	"http://www.wikidata.org/entity/Q185187"
<http://www.wikidata.org/entity/Q105440680>	POINT(14.338644 51.759967)	"Wilhelmsmühle (Cottbus)"@en	1840-01-01T00:00:00Z									2	"http://www.wikidata.org/entity/Q185187"
<http://www.wikidata.org/entity/Q10549493>	POINT(15.659770 56.197040)	"Kronokvarnen"@en	1721-01-01T00:00:00Z									2	"http://www.wikidata.org/entity/Q1497375|http://www.wikidata.org/entity/Q185187"
<http://www.wikidata.org/entity/Q105660590>	POINT(-0.229706 39.005244)	"Molí de Xeresa"@en	1417-01-01T00:00:00Z									0	"http://www.wikidata.org/entity/Q185187"
<http://www.wikidata.org/entity/Q105793563>	POINT(-0.715125 39.473683)	"Molino de la Cuesta de los Molinos 01, Chiva"@en	1813-01-01T00:00:00Z									0	"http://www.wikidata.org/entity/Q185187"
<http://www.wikidata.org/entity/Q105793566>	POINT(-0.714847 39.473794)	"Molino de la Cuesta de los Molinos 02, Chiva"@en	1813-01-01T00:00:00Z									0	"http://www.wikidata.org/entity/Q185187"
<http://www.wikidata.org/entity/Q105793572>	POINT(-0.717617 39.473119)	"Molino del Tío Bonifacio, Chiva"@en	1850-01-01T00:00:00Z									0	"http://www.wikidata.org/entity/Q185187"
<http://www.wikidata.org/entity/Q105936971>	POINT(2.888889 39.820472)			1302-01-01T00:00:00Z								1	"http://www.wikidata.org/entity/Q185187"
<http://www.wikidata.org/entity/Q105957442>	POINT(1.437808 41.582106)	"Molí de Contrast"@en	1501-01-01T00:00:00Z									0	"http://www.wikidata.org/entity/Q185187"
<http://www.wikidata.org/entity/Q105966721>	POINT(1.738403 41.442827)	"Molí d'en Parellada"@en	1701-01-01T00:00:00Z									0	"http://www.wikidata.org/entity/Q185187"
<http://www.wikidata.org/entity/Q105966727>	POINT(1.687203 41.451838)	"Molí de les Toeses"@en	1701-01-01T00:00:00Z									0	"http://www.wikidata.org/entity/Q185187"
<http://www.wikidata.org/entity/Q105966731>	POINT(1.751004 41.439902)	"Molí Pelleter"@en	1701-01-01T00:00:00Z									0	"http://www.wikidata.org/entity/Q185187"
<http://www.wikidata.org/entity/Q106154042>	POINT(3.790278 50.924167)	"Watermolen van Balegem"@en	1465-01-01T00:00:00Z									1	"http://www.wikidata.org/entity/Q185187"
<http://www.wikidata.org/entity/Q106316742>	POINT(1.850497 42.144532)	"Molí de l'Andreuet"@en	1701-01-01T00:00:00Z									0	"http://www.wikidata.org/entity/Q185187"
<http://www.wikidata.org/entity/Q106498655>	POINT(6.745590 46.489720)	"Hermitage circle"@en	1900-01-01T00:00:00Z								"http://www.wikidata.org/entity/Q14544583"	0	"http://www.wikidata.org/entity/Q1777308|http://www.wikidata.org/entity/Q3681673|http://www.wikidata.org/entity/Q56822897|http://www.wikidata.org/entity/Q811979"
<http://www.wikidata.org/entity/Q106555839>	POINT(18.949749 49.979069)	"Watermill from Bojszowy"@en	1900-01-01T00:00:00Z								"http://www.wikidata.org/entity/Q9385871"	1	"http://www.wikidata.org/entity/Q185187"
<http://www.wikidata.org/entity/Q106643776>	POINT(2.002367 41.952053)	"Molí de Badia"@en	1801-01-01T00:00:00Z									0	"http://www.wikidata.org/entity/Q185187"
<http://www.wikidata.org/entity/Q106643777>	POINT(2.041706 41.907418)	"Molí de la Traveria"@en	1701-01-01T00:00:00Z									0	"http://www.wikidata.org/entity/Q185187"
<http://www.wikidata.org/entity/Q106643778>	POINT(1.996401 41.967060)	"Molí de Vallgatina"@en	1701-01-01T00:00:00Z									0	"http://www.wikidata.org/entity/Q185187"
<http://www.wikidata.org/entity/Q106643779>	POINT(1.996999 41.936605)	"Molí dels Arnaus"@en	1801-01-01T00:00:00Z									0	"http://www.wikidata.org/entity/Q185187"
<http://www.wikidata.org/entity/Q106665149>	POINT(1.938246 42.168577)	"Molí de Riu"@en	1701-01-01T00:00:00Z									0	"http://www.wikidata.org/entity/Q185187"
<http://www.wikidata.org/entity/Q106665434>	POINT(1.872475 42.239891)	"Molí del Casó"@en	1901-01-01T00:00:00Z									0	"http://www.wikidata.org/entity/Q185187"
<http://www.wikidata.org/entity/Q106698361>	POINT(13.801980 47.919960)	"Kösslmühle"@en	1365-01-01T00:00:00Z		2020-01-01T00:00:00Z							1	"http://www.wikidata.org/entity/Q185187"
<http://www.wikidata.org/entity/Q106963577>	POINT(4.303500 50.730650)	"Paesmansmolen"@en	1602-01-01T00:00:00Z									0	"http://www.wikidata.org/entity/Q185187|http://www.wikidata.org/entity/Q3947"
<http://www.wikidata.org/entity/Q106963617>	POINT(4.303150 50.730790)	"Molenbroekmolen"@en	1551-01-01T00:00:00Z									2	"http://www.wikidata.org/entity/Q185187|http://www.wikidata.org/entity/Q3947"
<http://www.wikidata.org/entity/Q107001089>	POINT(2.366685 42.019227)	"Molí de l'Eixerit"@en	1701-01-01T00:00:00Z									0	"http://www.wikidata.org/entity/Q185187"
<http://www.wikidata.org/entity/Q107234037>	POINT(1.407257 41.813312)	"Molí del Duch"@en	1800-01-01T00:00:00Z									1	"http://www.wikidata.org/entity/Q185187"
<http://www.wikidata.org/entity/Q107304821>	POINT(4.953333 51.008333)	"Watermolen, Testelt"@en	1150-01-01T00:00:00Z								"http://www.wikidata.org/entity/Q2527000"	2	"http://www.wikidata.org/entity/Q185187"
<http://www.wikidata.org/entity/Q107315213>	POINT(8.767250 50.817470)	"Elisabethmühle"@en	1530-01-01T00:00:00Z									1	"http://www.wikidata.org/entity/Q185187"
<http://www.wikidata.org/entity/Q107405505>	POINT(0.802703 42.719225)	"Era Mòla"@en	1900-01-01T00:00:00Z									1	"http://www.wikidata.org/entity/Q185187"
<http://www.wikidata.org/entity/Q107406362>	POINT(14.581722 50.088139)	"Mlýn v Dolních Počernicích"@en	1860-01-01T00:00:00Z									2	"http://www.wikidata.org/entity/Q185187"
<http://www.wikidata.org/entity/Q107412426>	POINT(18.030015 54.212786)		1909-01-01T00:00:00Z									1	"http://www.wikidata.org/entity/Q185187"
<http://www.wikidata.org/entity/Q107442856>	POINT(6.850022 49.437829)	"Bettinger Mühle"@en	1900-01-01T00:00:00Z									1	"http://www.wikidata.org/entity/Q185187"
<http://www.wikidata.org/entity/Q107650784>	POINT(7.279640 49.328390)		1842-01-01T00:00:00Z									0	"http://www.wikidata.org/entity/Q185187"
<http://www.wikidata.org/entity/Q107651784>	POINT(13.795239 50.358878)	"Jiráskovy mlýny"@en	1604-01-01T00:00:00Z									3	"http://www.wikidata.org/entity/Q185187"
<http://www.wikidata.org/entity/Q107955303>	POINT(4.849945 50.980149)	"Molen van Schoonhoven"@en	1700-01-01T00:00:00Z									2	"http://www.wikidata.org/entity/Q185187"
<http://www.wikidata.org/entity/Q108039951>	POINT(1.663380 42.126830)	"Molí de Cal Sastre Barat"@en	1700-01-01T00:00:00Z									0	"http://www.wikidata.org/entity/Q185187"
<http://www.wikidata.org/entity/Q108039952>	POINT(1.736360 42.170770)	"Molí de la Font del Pi"@en	1700-01-01T00:00:00Z									0	"http://www.wikidata.org/entity/Q185187"
<http://www.wikidata.org/entity/Q108061110>	POINT(1.463107 42.130614)	"Molí de Riulacó"@en	1900-01-01T00:00:00Z									0	"http://www.wikidata.org/entity/Q185187"
<http://www.wikidata.org/entity/Q108061112>	POINT(1.462950 42.123406)	"Molí del Soler de Baix"@en	1900-01-01T00:00:00Z									0	"http://www.wikidata.org/entity/Q185187"
<http://www.wikidata.org/entity/Q108075662>	POINT(1.650110 41.998370)	"Molí del Feliu"@en	1800-01-01T00:00:00Z									1	"http://www.wikidata.org/entity/Q185187"
<http://www.wikidata.org/entity/Q108075664>	POINT(1.673660 42.085490)	"Molí i serradora de Ca l'Ambrós"@en	1800-01-01T00:00:00Z									2	"http://www.wikidata.org/entity/Q185187"
<http://www.wikidata.org/entity/Q108075666>	POINT(1.678369 42.088773)	"Molí i serradora de Cal Guirre"@en	1800-01-01T00:00:00Z									1	"http://www.wikidata.org/entity/Q185187"
<http://www.wikidata.org/entity/Q108075682>	POINT(1.563135 42.027390)	"Molí de Ratavilla"@en	1700-01-01T00:00:00Z									1	"http://www.wikidata.org/entity/Q185187"
<http://www.wikidata.org/entity/Q108075685>	POINT(1.563299 42.036064)	"Molí de Foix"@en	1900-01-01T00:00:00Z									0	"http://www.wikidata.org/entity/Q185187"
<http://www.wikidata.org/entity/Q108168270>	POINT(1.225260 41.154690)	"Molí Paperer"@en	1500-01-01T00:00:00Z									1	"http://www.wikidata.org/entity/Q185187"
<http://www.wikidata.org/entity/Q108293511>	POINT(-0.375278 39.441111)	"Molí de les Fonts"@en	1850-01-01T00:00:00Z									0	"http://www.wikidata.org/entity/Q185187"
<http://www.wikidata.org/entity/Q108293917>	POINT(-0.412639 39.488611)	"Molí de Pobres"@en	1500-01-01T00:00:00Z									1	"http://www.wikidata.org/entity/Q185187"
<http://www.wikidata.org/entity/Q108330850>	POINT(3.969816 45.198637)		1860-01-01T00:00:00Z									0	"http://www.wikidata.org/entity/Q185187"
<http://www.wikidata.org/entity/Q108515667>	POINT(17.260417 49.593778)		1213-01-01T00:00:00Z		1909-10-31T00:00:00Z							1	"http://www.wikidata.org/entity/Q185187"
<http://www.wikidata.org/entity/Q108665068>	POINT(7.965040 48.238380)		1842-01-01T00:00:00Z									0	"http://www.wikidata.org/entity/Q185187"
<http://www.wikidata.org/entity/Q108666591>	POINT(9.760530 52.902550)	"Bommühle"@en	1891-01-01T00:00:00Z									0	"http://www.wikidata.org/entity/Q185187"
<http://www.wikidata.org/entity/Q108722904>	POINT(2.647778 39.590556)	"Molí d'en Carreres"@en		1700-01-01T00:00:00Z							"http://www.wikidata.org/entity/Q56512369"	1	"http://www.wikidata.org/entity/Q185187"
<http://www.wikidata.org/entity/Q108828249>	POINT(7.174821 48.045303)		1781-01-01T00:00:00Z									0	"http://www.wikidata.org/entity/Q185187"
<http://www.wikidata.org/entity/Q108828687>	POINT(7.175523 48.047456)		1796-01-01T00:00:00Z									0	"http://www.wikidata.org/entity/Q185187"
<http://www.wikidata.org/entity/Q108838339>	POINT(7.166795 48.045334)		1840-01-01T00:00:00Z									0	"http://www.wikidata.org/entity/Q185187"
<http://www.wikidata.org/entity/Q108878131>	POINT(7.082730 48.025382)		1890-01-01T00:00:00Z									0	"http://www.wikidata.org/entity/Q185187"
<http://www.wikidata.org/entity/Q108894462>	POINT(7.201111 48.054840)		1848-01-01T00:00:00Z									0	"http://www.wikidata.org/entity/Q185187"
<http://www.wikidata.org/entity/Q108894614>	POINT(7.208728 48.049657)		1800-01-01T00:00:00Z									0	"http://www.wikidata.org/entity/Q185187"
<http://www.wikidata.org/entity/Q108896221>	POINT(4.772769 51.488258)	"Meerselmolen"@en	1910-01-01T00:00:00Z									1	"http://www.wikidata.org/entity/Q185187"
<http://www.wikidata.org/entity/Q108896775>	POINT(13.699253 49.318291)	"water mill"@en	1378-01-01T00:00:00Z									1	"http://www.wikidata.org/entity/Q185187|http://www.wikidata.org/entity/Q33506"
<http://www.wikidata.org/entity/Q109374986>	POINT(7.101863 48.065138)		1557-01-01T00:00:00Z									0	"http://www.wikidata.org/entity/Q185187"
<http://www.wikidata.org/entity/Q109554181>	POINT(14.622667 49.769194)	"Watermill in Kožlí (Neveklov)"@en	0017-01-01T00:00:00Z									2	"http://www.wikidata.org/entity/Q185187"
<http://www.wikidata.org/entity/Q109828458>	POINT(13.881611 49.424083)		1500-01-01T00:00:00Z									1	"http://www.wikidata.org/entity/Q185187"
<http://www.wikidata.org/entity/Q110515760>	POINT(10.708231 54.039072)	"Gronenberg Watermill"@en	1704-01-01T00:00:00Z	1704-01-01T00:00:00Z								2	"http://www.wikidata.org/entity/Q185187"
<http://www.wikidata.org/entity/Q110780386>	POINT(4.897690 50.977050)	"Molen te Leefdaele"@en	1378-01-01T00:00:00Z									2	"http://www.wikidata.org/entity/Q185187"
<http://www.wikidata.org/entity/Q110829763>	POINT(4.742269 51.121906)	"Herlaermolen"@en	1502-01-01T00:00:00Z									1	"http://www.wikidata.org/entity/Q185187|http://www.wikidata.org/entity/Q2221866"
<http://www.wikidata.org/entity/Q110947052>	POINT(13.338889 50.246805)		1800-01-01T00:00:00Z									2	"http://www.wikidata.org/entity/Q185187"
<http://www.wikidata.org/entity/Q111020629>	POINT(4.667175 51.192433)	"Watermolen bij Kasteel Hovorst"@en	1630-01-01T00:00:00Z									2	"http://www.wikidata.org/entity/Q185187"
<http://www.wikidata.org/entity/Q111028546>	POINT(8.793557 50.303901)	"Ehemalige Mühle (Bruchenbrücken)"@en	1776-01-01T00:00:00Z									1	"http://www.wikidata.org/entity/Q185187"
<http://www.wikidata.org/entity/Q111103114>	POINT(4.287495 51.056624)	"Schemelbertmolen"@en	1636-01-01T00:00:00Z									2	"http://www.wikidata.org/entity/Q185187"
<http://www.wikidata.org/entity/Q111146541>	POINT(1.411951 48.763128)		1012-01-01T00:00:00Z									0	"http://www.wikidata.org/entity/Q185187"
<http://www.wikidata.org/entity/Q111234237>	POINT(23.791806 41.030121)	"Pispilis' Mill"@en	1864-01-01T00:00:00Z									1	"http://www.wikidata.org/entity/Q185187"
<http://www.wikidata.org/entity/Q111248744>	POINT(-0.314167 39.203889)	"Marco Rice Mill, Sueca"@en	1810-01-01T00:00:00Z									0	"http://www.wikidata.org/entity/Q185187"
<http://www.wikidata.org/entity/Q111250665>	POINT(-0.318528 39.205083)	"Molí Arrosser Vell-Gráficas Miguel building, Sueca"@en	1886-01-01T00:00:00Z									1	"http://www.wikidata.org/entity/Q185187"
<http://www.wikidata.org/entity/Q111512106>	POINT(24.864419 60.294289)	"Vantaankoski mill"@en	1907-01-01T00:00:00Z									2	"http://www.wikidata.org/entity/Q185187|http://www.wikidata.org/entity/Q35112127"
<http://www.wikidata.org/entity/Q111792547>	POINT(10.249383 52.459679)	"Wassermühle Eltze"@en	1835-01-01T00:00:00Z									2	"http://www.wikidata.org/entity/Q185187"
<http://www.wikidata.org/entity/Q112088031>	POINT(17.078000 48.186100)		1900-01-01T00:00:00Z									0	"http://www.wikidata.org/entity/Q185187"
<http://www.wikidata.org/entity/Q112088854>	POINT(17.308792 48.339400)		1700-01-01T00:00:00Z									0	"http://www.wikidata.org/entity/Q185187"
<http://www.wikidata.org/entity/Q112088953>	POINT(17.264430 48.311120)		1767-01-01T00:00:00Z									0	"http://www.wikidata.org/entity/Q185187"
<http://www.wikidata.org/entity/Q112088957>	POINT(17.246810 48.317380)		1620-01-01T00:00:00Z									0	"http://www.wikidata.org/entity/Q185187"
<http://www.wikidata.org/entity/Q112089222>	POINT(17.233210 48.462400)		1809-01-01T00:00:00Z									0	"http://www.wikidata.org/entity/Q185187"
<http://www.wikidata.org/entity/Q112089224>	POINT(17.233210 48.462400)		1880-01-01T00:00:00Z									0	"http://www.wikidata.org/entity/Q47036812"
<http://www.wikidata.org/entity/Q112092148>	POINT(19.460550 48.811430)		1800-01-01T00:00:00Z									0	"http://www.wikidata.org/entity/Q185187"
<http://www.wikidata.org/entity/Q112092868>	POINT(19.969620 48.434870)		1800-01-01T00:00:00Z									0	"http://www.wikidata.org/entity/Q185187"
<http://www.wikidata.org/entity/Q112093358>	POINT(22.068380 48.782150)		1900-01-01T00:00:00Z									0	"http://www.wikidata.org/entity/Q185187"
<http://www.wikidata.org/entity/Q112093373>	POINT(20.748890 48.606470)		1900-01-01T00:00:00Z									0	"http://www.wikidata.org/entity/Q185187"
<http://www.wikidata.org/entity/Q112093433>	POINT(20.932670 48.923200)		1910-01-01T00:00:00Z									0	"http://www.wikidata.org/entity/Q185187"
<http://www.wikidata.org/entity/Q112093439>	POINT(20.338680 48.707890)		1900-01-01T00:00:00Z									0	"http://www.wikidata.org/entity/Q185187"
<http://www.wikidata.org/entity/Q112094201>	POINT(21.165720 48.631500)		1900-01-01T00:00:00Z									0	"http://www.wikidata.org/entity/Q185187"
<http://www.wikidata.org/entity/Q112095299>	POINT(18.749366 48.349286)		1900-01-01T00:00:00Z									0	"http://www.wikidata.org/entity/Q185187"
<http://www.wikidata.org/entity/Q112095847>	POINT(18.699300 48.239860)		1900-01-01T00:00:00Z									0	"http://www.wikidata.org/entity/Q185187"
<http://www.wikidata.org/entity/Q112096355>	POINT(18.775220 48.298600)		1900-01-01T00:00:00Z									0	"http://www.wikidata.org/entity/Q185187"
<http://www.wikidata.org/entity/Q112097136>	POINT(21.535860 49.003200)		1896-01-01T00:00:00Z									0	"http://www.wikidata.org/entity/Q185187"
<http://www.wikidata.org/entity/Q112097168>	POINT(20.416389 49.400556)		1630-01-01T00:00:00Z								"http://www.wikidata.org/entity/Q340005"	0	"http://www.wikidata.org/entity/Q185187"
<http://www.wikidata.org/entity/Q112097231>	POINT(22.041140 48.951690)		1890-01-01T00:00:00Z									0	"http://www.wikidata.org/entity/Q185187"
<http://www.wikidata.org/entity/Q112097438>	POINT(21.380670 49.272280)		1900-01-01T00:00:00Z									0	"http://www.wikidata.org/entity/Q185187"
<http://www.wikidata.org/entity/Q112099042>	POINT(20.575900 49.283420)		1786-01-01T00:00:00Z									0	"http://www.wikidata.org/entity/Q185187"
<http://www.wikidata.org/entity/Q112102456>	POINT(17.794560 48.651010)		1700-01-01T00:00:00Z									0	"http://www.wikidata.org/entity/Q185187"
<http://www.wikidata.org/entity/Q112103087>	POINT(17.466530 48.800680)		1737-01-01T00:00:00Z									0	"http://www.wikidata.org/entity/Q185187"
<http://www.wikidata.org/entity/Q112103307>	POINT(17.585482 48.552072)		1800-01-01T00:00:00Z									0	"http://www.wikidata.org/entity/Q185187"
<http://www.wikidata.org/entity/Q112103593>	POINT(17.157140 48.811070)		1554-01-01T00:00:00Z									0	"http://www.wikidata.org/entity/Q185187"
<http://www.wikidata.org/entity/Q112103615>	POINT(17.639000 48.255410)		1800-01-01T00:00:00Z									0	"http://www.wikidata.org/entity/Q185187"
<http://www.wikidata.org/entity/Q112103616>	POINT(17.492130 48.631020)		1900-01-01T00:00:00Z									0	"http://www.wikidata.org/entity/Q185187"
<http://www.wikidata.org/entity/Q112103652>	POINT(17.505020 48.124860)		1894-01-01T00:00:00Z									0	"http://www.wikidata.org/entity/Q185187"
<http://www.wikidata.org/entity/Q112103678>	POINT(17.472320 48.422700)		1782-01-01T00:00:00Z									0	"http://www.wikidata.org/entity/Q185187"
<http://www.wikidata.org/entity/Q112103743>	POINT(17.333890 48.751260)		1849-01-01T00:00:00Z									0	"http://www.wikidata.org/entity/Q185187"
<http://www.wikidata.org/entity/Q112103940>	POINT(17.680500 48.649200)		1900-01-01T00:00:00Z									0	"http://www.wikidata.org/entity/Q185187"
<http://www.wikidata.org/entity/Q112104189>	POINT(17.403810 48.732790)		1739-01-01T00:00:00Z									0	"http://www.wikidata.org/entity/Q185187"
<http://www.wikidata.org/entity/Q112104227>	POINT(17.666390 48.088600)	"Esterházy Tallos Castle Park Watermill"@en	1893-01-01T00:00:00Z									1	"http://www.wikidata.org/entity/Q185187"
<http://www.wikidata.org/entity/Q112105123>	POINT(19.541000 49.196200)		1900-01-01T00:00:00Z									0	"http://www.wikidata.org/entity/Q185187"
<http://www.wikidata.org/entity/Q112105125>	POINT(19.541800 49.195400)		1900-01-01T00:00:00Z									0	"http://www.wikidata.org/entity/Q185187"
<http://www.wikidata.org/entity/Q112413003>	POINT(9.207526 49.553509)			1271-01-01T00:00:00Z								0	"http://www.wikidata.org/entity/Q185187"
<http://www.wikidata.org/entity/Q112813774>	POINT(14.751624 50.166359)		1400-01-01T00:00:00Z									2	"http://www.wikidata.org/entity/Q185187"
<http://www.wikidata.org/entity/Q112895463>	POINT(8.772690 50.807935)	"Herrenmühle"@en	1582-01-01T00:00:00Z	1250-01-01T00:00:00Z								1	"http://www.wikidata.org/entity/Q10482023|http://www.wikidata.org/entity/Q185187|http://www.wikidata.org/entity/Q18761864"
<http://www.wikidata.org/entity/Q113009692>	POINT(5.755074 50.922027)	"Bovenste Molen van Hulsen"@en	1600-01-01T00:00:00Z		1900-01-01T00:00:00Z							1	"http://www.wikidata.org/entity/Q185187|http://www.wikidata.org/entity/Q1958556"
<http://www.wikidata.org/entity/Q1132312>	POINT(9.622030 52.903800)	"Cordinger Mühle"@en	1810-01-01T00:00:00Z									2	"http://www.wikidata.org/entity/Q185187"
<http://www.wikidata.org/entity/Q113552548>	POINT(2.196405 41.529761)	"Molí de Mogoda"@en	1181-01-01T00:00:00Z									0	"http://www.wikidata.org/entity/Q185187"
<http://www.wikidata.org/entity/Q113627717>	POINT(9.506340 52.340000)	"Süßmühle"@en	1622-01-01T00:00:00Z									2	"http://www.wikidata.org/entity/Q185187|http://www.wikidata.org/entity/Q56822897"
<http://www.wikidata.org/entity/Q113645378>	POINT(3.806322 50.982317)	"Molen Van Roo"@en	1405-01-01T00:00:00Z									1	"http://www.wikidata.org/entity/Q185187"
<http://www.wikidata.org/entity/Q113861439>	POINT(18.239931 54.599149)		1900-01-01T00:00:00Z								"http://www.wikidata.org/entity/Q30958827"	1	"http://www.wikidata.org/entity/Q185187"
<http://www.wikidata.org/entity/Q113989123>	POINT(3.878119 50.978128)	"Van Hauwermeirsmolen"@en	1909-01-01T00:00:00Z									2	"http://www.wikidata.org/entity/Q185187"
<http://www.wikidata.org/entity/Q114031098>	POINT(3.876778 50.990286)	"Maalbroekmolen"@en	1546-01-01T00:00:00Z									1	"http://www.wikidata.org/entity/Q185187"
<http://www.wikidata.org/entity/Q114243317>	POINT(3.967178 50.978592)	"Rabelmolen"@en	1266-01-01T00:00:00Z									2	"http://www.wikidata.org/entity/Q185187"
<http://www.wikidata.org/entity/Q114244706>	POINT(3.950589 50.954081)	"Riddermolen"@en	1399-01-01T00:00:00Z									2	"http://www.wikidata.org/entity/Q185187|http://www.wikidata.org/entity/Q2221866"
<http://www.wikidata.org/entity/Q114257001>	POINT(3.964778 50.990444)	"Watermolen (Wichelen)"@en	1570-01-01T00:00:00Z		1971-01-01T00:00:00Z							2	"http://www.wikidata.org/entity/Q185187|http://www.wikidata.org/entity/Q2221866"
<http://www.wikidata.org/entity/Q114348909>	POINT(4.050040 50.906140)	"Waterkot"@en	1418-01-01T00:00:00Z									2	"http://www.wikidata.org/entity/Q185187"
<http://www.wikidata.org/entity/Q114364127>	POINT(3.956083 50.999944)	"Van Hauwermeirenmolen"@en	1569-01-01T00:00:00Z									2	"http://www.wikidata.org/entity/Q185187"
<http://www.wikidata.org/entity/Q114674850>	POINT(9.060386 50.106728)	"rattle mill"@en	1913-01-01T00:00:00Z									1	"http://www.wikidata.org/entity/Q185187|http://www.wikidata.org/entity/Q6498959"
<http://www.wikidata.org/entity/Q115197152>	POINT(1.821585 41.427709)	"molí d'en Bosc"@en	1701-01-01T00:00:00Z								"http://www.wikidata.org/entity/Q73417574"	1	"http://www.wikidata.org/entity/Q185187|http://www.wikidata.org/entity/Q918088"
<http://www.wikidata.org/entity/Q115252653>	POINT(8.708013 52.982388)	"Wassermühle Heiligenrode"@en	1843-01-01T00:00:00Z									2	"http://www.wikidata.org/entity/Q185187"
<http://www.wikidata.org/entity/Q115282741>	POINT(4.127297 50.935433)	"Nedermolen"@en	1700-01-01T00:00:00Z									2	"http://www.wikidata.org/entity/Q185187"
<http://www.wikidata.org/entity/Q115630344>	POINT(14.893806 49.707750)		1914-01-01T00:00:00Z								"http://www.wikidata.org/entity/Q1749959"	0	"http://www.wikidata.org/entity/Q123819111|http://www.wikidata.org/entity/Q185187"
<http://www.wikidata.org/entity/Q116182153>	POINT(8.452012 52.846586)		1841-01-01T00:00:00Z									1	"http://www.wikidata.org/entity/Q185187|http://www.wikidata.org/entity/Q56822897"
<http://www.wikidata.org/entity/Q116193190>	POINT(8.325980 52.917656)	"Heinefelder Wassermühle"@en	1802-01-01T00:00:00Z									1	"http://www.wikidata.org/entity/Q185187|http://www.wikidata.org/entity/Q56822897"
<http://www.wikidata.org/entity/Q116236543>	POINT(8.362131 52.903499)	"Sägewerk Aumühle"@en	1912-01-01T00:00:00Z									1	"http://www.wikidata.org/entity/Q185187|http://www.wikidata.org/entity/Q505213"
<http://www.wikidata.org/entity/Q116488341>	POINT(10.125086 51.197767)	"Topfmühle"@en		1710-01-01T00:00:00Z								0	"http://www.wikidata.org/entity/Q185187"
<http://www.wikidata.org/entity/Q116491344>	POINT(9.472014 50.606863)		1780-01-01T00:00:00Z									0	"http://www.wikidata.org/entity/Q185187"
<http://www.wikidata.org/entity/Q116491453>	POINT(9.478479 50.609244)	"Ehemalige Untere Mühle (Wartenberg)"@en	1697-01-01T00:00:00Z									0	"http://www.wikidata.org/entity/Q185187"
<http://www.wikidata.org/entity/Q116494135>	POINT(8.550273 50.099474)		1760-01-01T00:00:00Z								"http://www.wikidata.org/entity/Q1643223"	0	"http://www.wikidata.org/entity/Q185187|http://www.wikidata.org/entity/Q41176"
<http://www.wikidata.org/entity/Q116509008>	POINT(8.958294 50.279272)	"Entire Oberauer Mühle complex"@en	1890-01-01T00:00:00Z									1	"http://www.wikidata.org/entity/Q185187|http://www.wikidata.org/entity/Q811979"
<http://www.wikidata.org/entity/Q116512303>	POINT(8.660536 51.037389)	"Kämmersmühle"@en		1484-01-01T00:00:00Z								0	"http://www.wikidata.org/entity/Q185187|http://www.wikidata.org/entity/Q811979"
<http://www.wikidata.org/entity/Q116523427>	POINT(9.917060 51.242821)	"Blue Mill"@en	1800-01-01T00:00:00Z									1	"http://www.wikidata.org/entity/Q185187"
<http://www.wikidata.org/entity/Q116594107>	POINT(9.670192 48.867267)		1787-01-01T00:00:00Z									2	"http://www.wikidata.org/entity/Q185187"
<http://www.wikidata.org/entity/Q116619004>	POINT(14.333973 50.293127)		1792-01-01T00:00:00Z									1	"http://www.wikidata.org/entity/Q185187|http://www.wikidata.org/entity/Q22908"
<http://www.wikidata.org/entity/Q116681033>	POINT(-3.352487 40.480943)	"Molino Borgoñón"@en	0015-01-01T00:00:00Z									0	"http://www.wikidata.org/entity/Q97442470"
<http://www.wikidata.org/entity/Q116690413>	POINT(-6.950100 52.936000)	"Levitstown mill"@en	1791-01-01T00:00:00Z									1	"http://www.wikidata.org/entity/Q185187"
<http://www.wikidata.org/entity/Q116819148>	POINT(4.282489 51.039617)	"Koevoetmolen"@en	1390-01-01T00:00:00Z									2	"http://www.wikidata.org/entity/Q185187|http://www.wikidata.org/entity/Q2221866"
<http://www.wikidata.org/entity/Q116838431>	POINT(4.264014 50.981433)	"Marselaersmolen, Steenhuffel"@en	1800-01-01T00:00:00Z									2	"http://www.wikidata.org/entity/Q185187"
<http://www.wikidata.org/entity/Q116854258>	POINT(4.271717 51.001725)	"Diepensteynmolen"@en	1795-01-01T00:00:00Z									2	"http://www.wikidata.org/entity/Q185187"
<http://www.wikidata.org/entity/Q1169365>	POINT(9.612437 52.257709)	"Lavesmühle"@en	1860-01-01T00:00:00Z									1	"http://www.wikidata.org/entity/Q185187"
<http://www.wikidata.org/entity/Q116939054>	POINT(4.268939 51.019492)	"Herbodinnemolen"@en	1780-01-01T00:00:00Z									2	"http://www.wikidata.org/entity/Q185187"
<http://www.wikidata.org/entity/Q116962852>	POINT(11.987193 53.847003)	"Bützow Watermill"@en	1894-01-01T00:00:00Z									2	"http://www.wikidata.org/entity/Q185187"
<http://www.wikidata.org/entity/Q117037563>	POINT(4.305278 50.950197)	"Baggemolen op de Molenbeek (Wolvertem)"@en	1748-01-01T00:00:00Z									2	"http://www.wikidata.org/entity/Q185187"
<http://www.wikidata.org/entity/Q117071322>	POINT(4.319964 50.925403)	"Amelgemmolen"@en	1529-01-01T00:00:00Z									2	"http://www.wikidata.org/entity/Q185187"
<http://www.wikidata.org/entity/Q117162345>	POINT(4.235655 50.959108)	"Binnenmolen (Merchtem)"@en	1700-01-01T00:00:00Z									2	"http://www.wikidata.org/entity/Q185187"
<http://www.wikidata.org/entity/Q117185385>	POINT(4.226811 50.943603)	"Ichelgemmolen"@en	1721-01-01T00:00:00Z									1	"http://www.wikidata.org/entity/Q185187"
<http://www.wikidata.org/entity/Q117188193>	POINT(4.226897 50.933931)	"Neerkammolen (Brussegem)"@en	1735-01-01T00:00:00Z									2	"http://www.wikidata.org/entity/Q185187"
<http://www.wikidata.org/entity/Q117488313>	POINT(4.341858 50.931189)	"Meysemolen"@en	1835-01-01T00:00:00Z									2	"http://www.wikidata.org/entity/Q185187"
<http://www.wikidata.org/entity/Q117600080>	POINT(4.524414 50.929164)	"Watermolen van Lille"@en	1800-01-01T00:00:00Z									1	"http://www.wikidata.org/entity/Q185187"
<http://www.wikidata.org/entity/Q11772568>	POINT(15.054767 53.344195)	"Little Mill in Stargard"@en	1894-01-01T00:00:00Z									2	"http://www.wikidata.org/entity/Q185187|http://www.wikidata.org/entity/Q811165"
<http://www.wikidata.org/entity/Q117753444>	POINT(-0.369195 39.497139)	"Sant Miquel water mill"@en	1400-01-01T00:00:00Z									1	"http://www.wikidata.org/entity/Q185187"
<http://www.wikidata.org/entity/Q117753481>	POINT(-0.210833 40.081361)		1782-01-01T00:00:00Z									0	"http://www.wikidata.org/entity/Q185187"
<http://www.wikidata.org/entity/Q117753549>	POINT(-0.059722 39.936722)		1900-01-01T00:00:00Z									0	"http://www.wikidata.org/entity/Q185187"
<http://www.wikidata.org/entity/Q117753877>	POINT(0.132972 40.304861)		1766-01-01T00:00:00Z									0	"http://www.wikidata.org/entity/Q185187"
<http://www.wikidata.org/entity/Q117759611>	POINT(-0.911305 39.620556)		1900-01-01T00:00:00Z									1	"http://www.wikidata.org/entity/Q185187"
<http://www.wikidata.org/entity/Q117760830>	POINT(-0.270546 39.744767)		1800-01-01T00:00:00Z									0	"http://www.wikidata.org/entity/Q185187"
<http://www.wikidata.org/entity/Q117760848>	POINT(-0.268389 39.741861)	"Molí de Quart"@en	1800-01-01T00:00:00Z									0	"http://www.wikidata.org/entity/Q185187"
<http://www.wikidata.org/entity/Q117764276>	POINT(-0.769722 39.395833)		1900-01-01T00:00:00Z									0	"http://www.wikidata.org/entity/Q1411996|http://www.wikidata.org/entity/Q185187"
<http://www.wikidata.org/entity/Q117770166>	POINT(-0.480417 39.046389)		1800-01-01T00:00:00Z									1	"http://www.wikidata.org/entity/Q185187"
<http://www.wikidata.org/entity/Q117772685>	POINT(-0.547195 38.824250)	"flour mill at 4 José María Casanova street"@en	1500-01-01T00:00:00Z									1	"http://www.wikidata.org/entity/Q185187"
<http://www.wikidata.org/entity/Q117781379>	POINT(-0.501361 38.859917)		1900-01-01T00:00:00Z									0	"http://www.wikidata.org/entity/Q185187"
<http://www.wikidata.org/entity/Q117783597>	POINT(-0.185750 38.939722)	"Molí Peiró"@en	1800-01-01T00:00:00Z									0	"http://www.wikidata.org/entity/Q185187"
<http://www.wikidata.org/entity/Q117783628>	POINT(-0.190694 38.930972)		1500-01-01T00:00:00Z									0	"http://www.wikidata.org/entity/Q185187"
<http://www.wikidata.org/entity/Q117783630>	POINT(-0.187278 38.936250)		1800-01-01T00:00:00Z									0	"http://www.wikidata.org/entity/Q185187"
<http://www.wikidata.org/entity/Q117783666>	POINT(-0.192500 38.924167)		1900-01-01T00:00:00Z									0	"http://www.wikidata.org/entity/Q185187"
<http://www.wikidata.org/entity/Q117783714>	POINT(-0.144194 38.921722)		1800-01-01T00:00:00Z									0	"http://www.wikidata.org/entity/Q185187"
<http://www.wikidata.org/entity/Q117783716>	POINT(-0.158778 38.922639)	"Molí Boleda"@en	1711-01-01T00:00:00Z									1	"http://www.wikidata.org/entity/Q185187"
<http://www.wikidata.org/entity/Q117783998>	POINT(-0.182167 38.914250)	"Fàbrica de l'Espart"@en	1700-01-01T00:00:00Z									3	"http://www.wikidata.org/entity/Q185187"
<http://www.wikidata.org/entity/Q117784004>	POINT(-0.184139 38.922472)	"Molí dels Anouers"@en	1500-01-01T00:00:00Z									3	"http://www.wikidata.org/entity/Q185187"
<http://www.wikidata.org/entity/Q117784006>	POINT(-0.192778 38.919028)	"Molí Canyar"@en	1500-01-01T00:00:00Z									3	"http://www.wikidata.org/entity/Q185187"
<http://www.wikidata.org/entity/Q117784016>	POINT(-0.196944 38.917222)	"Molí dels Frares o de l'Alfàs"@en	1500-01-01T00:00:00Z									3	"http://www.wikidata.org/entity/Q185187"
<http://www.wikidata.org/entity/Q117784037>	POINT(-0.163028 38.939194)		1876-01-01T00:00:00Z									0	"http://www.wikidata.org/entity/Q185187"
<http://www.wikidata.org/entity/Q117784042>	POINT(-0.170417 38.935417)		1841-01-01T00:00:00Z									0	"http://www.wikidata.org/entity/Q185187"
<http://www.wikidata.org/entity/Q117791979>	POINT(4.584097 50.924600)	"Kasteel Ter Balk"@en	1912-01-01T00:00:00Z									1	"http://www.wikidata.org/entity/Q185187|http://www.wikidata.org/entity/Q751876"
<http://www.wikidata.org/entity/Q11788206>	POINT(17.039810 51.116590)		1800-01-01T00:00:00Z									1	"http://www.wikidata.org/entity/Q185187|http://www.wikidata.org/entity/Q811165"
<http://www.wikidata.org/entity/Q1179449>	POINT(4.438998 50.844646)	"Lindekemale Mill"@en	1129-01-01T00:00:00Z									5	"http://www.wikidata.org/entity/Q185187"
<http://www.wikidata.org/entity/Q118390684>	POINT(4.478892 50.959792)	"Watermolen van het Steen"@en	1781-01-01T00:00:00Z									1	"http://www.wikidata.org/entity/Q185187"
<http://www.wikidata.org/entity/Q118907140>	POINT(14.025133 51.040387)	"Buschmühle Helmsdorf"@en	1542-01-01T00:00:00Z									1	"http://www.wikidata.org/entity/Q185187|http://www.wikidata.org/entity/Q49453950"
<http://www.wikidata.org/entity/Q119126654>	POINT(4.803683 50.938522)	"Blauwmolen"@en	1904-01-01T00:00:00Z									1	"http://www.wikidata.org/entity/Q185187"
<http://www.wikidata.org/entity/Q119139793>	POINT(4.811792 50.936839)	"Heilige-Geestmolen"@en	1761-01-01T00:00:00Z									1	"http://www.wikidata.org/entity/Q185187"
<http://www.wikidata.org/entity/Q11922780>	POINT(13.769000 49.185700)	"Watermill in Hoslovice"@en	1600-01-01T00:00:00Z									5	"http://www.wikidata.org/entity/Q185187"
<http://www.wikidata.org/entity/Q11922792>	POINT(16.200556 48.783333)	"Watermill in Slup"@en	1700-01-01T00:00:00Z									3	"http://www.wikidata.org/entity/Q185187"
<http://www.wikidata.org/entity/Q11937245>	POINT(2.103236 41.820361)	"Molí Nou de Passerell"@en	1760-01-01T00:00:00Z									2	"http://www.wikidata.org/entity/Q185187"
<http://www.wikidata.org/entity/Q11937255>	POINT(1.693807 42.191161)	"Molí d'en Güell"@en	1700-01-01T00:00:00Z									2	"http://www.wikidata.org/entity/Q185187"
<http://www.wikidata.org/entity/Q11937259>	POINT(2.108117 41.811156)	"Molí d'en Pujol"@en	1536-01-01T00:00:00Z									2	"http://www.wikidata.org/entity/Q185187"
<http://www.wikidata.org/entity/Q11937268>	POINT(2.171383 41.716258)	"Molí de Llobateres"@en	1300-01-01T00:00:00Z									2	"http://www.wikidata.org/entity/Q185187"
<http://www.wikidata.org/entity/Q11937280>	POINT(0.961170 42.116530)	"Molí del Canonge"@en	1900-01-01T00:00:00Z									1	"http://www.wikidata.org/entity/Q185187"
<http://www.wikidata.org/entity/Q11937284>	POINT(2.115126 41.882163)	"Molí del Castell"@en	1900-01-01T00:00:00Z									1	"http://www.wikidata.org/entity/Q185187"
<http://www.wikidata.org/entity/Q11937291>	POINT(1.572440 42.004500)	"molí del Pont"@en	1200-01-01T00:00:00Z									2	"http://www.wikidata.org/entity/Q185187|http://www.wikidata.org/entity/Q585956"
<http://www.wikidata.org/entity/Q119431053>	POINT(4.984675 51.002303)	"Grote Molen"@en	1758-01-01T00:00:00Z									2	"http://www.wikidata.org/entity/Q185187"
<http://www.wikidata.org/entity/Q12034773>	POINT(14.469200 50.107500)	"Velký mlýn"@en	1600-01-01T00:00:00Z									3	"http://www.wikidata.org/entity/Q185187"
<http://www.wikidata.org/entity/Q120353916>	POINT(3.666836 50.818225)	"Het Stampkot"@en	1570-01-01T00:00:00Z		1932-01-01T00:00:00Z							1	"http://www.wikidata.org/entity/Q185187"
<http://www.wikidata.org/entity/Q12045985>	POINT(14.926127 50.586296)		1800-01-01T00:00:00Z									2	"http://www.wikidata.org/entity/Q185187|http://www.wikidata.org/entity/Q884694"
<http://www.wikidata.org/entity/Q120472547>	POINT(3.659303 50.719117)	"Moulin d'Hubermont"@en	1800-01-01T00:00:00Z		1953-01-01T00:00:00Z							1	"http://www.wikidata.org/entity/Q185187"
<http://www.wikidata.org/entity/Q120635146>	POINT(7.415249 48.388652)		1613-01-01T00:00:00Z									0	"http://www.wikidata.org/entity/Q185187"
<http://www.wikidata.org/entity/Q120800507>	POINT(3.727731 50.748436)	"Moulin du Puvinage"@en	1800-01-01T00:00:00Z									1	"http://www.wikidata.org/entity/Q185187"
<http://www.wikidata.org/entity/Q121031911>	POINT(9.153038 52.685846)	"Dolldorfer Eichenweg 31"@en	1900-01-01T00:00:00Z									1	"http://www.wikidata.org/entity/Q185187"
<http://www.wikidata.org/entity/Q121057141>	POINT(16.766720 49.107105)	"mill"@en	1465-01-01T00:00:00Z									1	"http://www.wikidata.org/entity/Q185187|http://www.wikidata.org/entity/Q19860854"
<http://www.wikidata.org/entity/Q121306297>	POINT(2.286610 41.726140)	"Molí de Vallcàrquera"@en	1900-01-01T00:00:00Z									1	"http://www.wikidata.org/entity/Q185187"
<http://www.wikidata.org/entity/Q121501957>	POINT(12.639350 47.012825)		1800-01-01T00:00:00Z								"http://www.wikidata.org/entity/Q2350798"	1	"http://www.wikidata.org/entity/Q108840205|http://www.wikidata.org/entity/Q185187"
<http://www.wikidata.org/entity/Q121816186>	POINT(17.645000 50.315556)		1866-01-01T00:00:00Z		1997-02-02T00:00:00Z							1	"http://www.wikidata.org/entity/Q185187"
<http://www.wikidata.org/entity/Q121889554>	POINT(8.438900 52.909990)	"Altona watermill"@en	1894-01-01T00:00:00Z									2	"http://www.wikidata.org/entity/Q1497375|http://www.wikidata.org/entity/Q185187"
<http://www.wikidata.org/entity/Q121912809>	POINT(3.787386 50.764503)	"Terkleppemolen"@en	1449-01-01T00:00:00Z									1	"http://www.wikidata.org/entity/Q185187"
<http://www.wikidata.org/entity/Q122173231>	POINT(-8.175970 54.303210)	"Former Manorhamilton School"@en	1779-01-01T00:00:00Z									0	"http://www.wikidata.org/entity/Q1244442|http://www.wikidata.org/entity/Q185187"
<http://www.wikidata.org/entity/Q122188126>	POINT(3.734619 50.787697)	"Watermolen op Grotenbroek"@en	1571-01-01T00:00:00Z									1	"http://www.wikidata.org/entity/Q185187"
<http://www.wikidata.org/entity/Q122568045>	POINT(3.895972 50.873358)	"'t Watermeuleke"@en	1571-01-01T00:00:00Z		1964-01-01T00:00:00Z							1	"http://www.wikidata.org/entity/Q185187"
<http://www.wikidata.org/entity/Q122919385>	POINT(5.545503 51.607506)	"Veghelse watermolen"@en	1350-01-01T00:00:00Z									1	"http://www.wikidata.org/entity/Q185187|http://www.wikidata.org/entity/Q19860854"
<http://www.wikidata.org/entity/Q122931684>	POINT(5.613986 51.596883)	"Erpse Watermolen"@en	1400-01-01T00:00:00Z		1898-01-01T00:00:00Z							1	"http://www.wikidata.org/entity/Q185187|http://www.wikidata.org/entity/Q19860854|http://www.wikidata.org/entity/Q2221866"
<http://www.wikidata.org/entity/Q123141789>	POINT(10.414414 53.246995)	"Ratsmühle Lüneburg"@en	1400-01-01T00:00:00Z									2	"http://www.wikidata.org/entity/Q185187"
<http://www.wikidata.org/entity/Q12316901>	POINT(9.841740 56.659340)	"Hjerritsdal Watermill"@en	1830-01-01T00:00:00Z									2	"http://www.wikidata.org/entity/Q185187"
<http://www.wikidata.org/entity/Q12321598>	POINT(12.012510 55.666930)	"Kattinge Værk"@en	1754-01-01T00:00:00Z									2	"http://www.wikidata.org/entity/Q185187|http://www.wikidata.org/entity/Q83405"
<http://www.wikidata.org/entity/Q123223469>	POINT(9.488191 49.574618)			1197-01-01T00:00:00Z								1	"http://www.wikidata.org/entity/Q15911738|http://www.wikidata.org/entity/Q185187"
<http://www.wikidata.org/entity/Q123238922>	POINT(4.158683 50.759883)	"Molen van Beringen"@en	1518-01-01T00:00:00Z		1980-01-01T00:00:00Z							1	"http://www.wikidata.org/entity/Q185187|http://www.wikidata.org/entity/Q19860854"
<http://www.wikidata.org/entity/Q123244613>	POINT(9.487852 49.573608)			1651-01-01T00:00:00Z								1	"http://www.wikidata.org/entity/Q185187|http://www.wikidata.org/entity/Q779441"
<http://www.wikidata.org/entity/Q12325250>	POINT(12.498700 55.773800)	"Lyngby Southern Mill"@en	1902-01-01T00:00:00Z									2	"http://www.wikidata.org/entity/Q185187"
<http://www.wikidata.org/entity/Q12327419>	POINT(10.235140 56.084530)	"Moesgård Forest Mill"@en	1785-01-01T00:00:00Z									3	"http://www.wikidata.org/entity/Q185187"
<http://www.wikidata.org/entity/Q12329471>	POINT(12.514500 55.801900)	"Nymølle"@en	1643-01-01T00:00:00Z									2	"http://www.wikidata.org/entity/Q185187"
<http://www.wikidata.org/entity/Q123328406>	POINT(4.047622 50.871542)	"Eenemolen, Iddergem"@en	1433-01-01T00:00:00Z									2	"http://www.wikidata.org/entity/Q185187"
<http://www.wikidata.org/entity/Q123376531>	POINT(3.960855 50.842572)	"Watermolen van Aspelare"@en	1900-01-01T00:00:00Z									1	"http://www.wikidata.org/entity/Q185187"
<http://www.wikidata.org/entity/Q12338696>	POINT(11.813330 55.614770)	"Tadre Watermill"@en	1840-01-01T00:00:00Z									3	"http://www.wikidata.org/entity/Q185187"
<http://www.wikidata.org/entity/Q123459413>	POINT(4.020600 50.837456)	"Abdijmolen"@en	1200-01-01T00:00:00Z									2	"http://www.wikidata.org/entity/Q185187"
<http://www.wikidata.org/entity/Q123461185>	POINT(3.998367 50.839942)	"Watermolen Van Oudenhove"@en	1500-01-01T00:00:00Z									1	"http://www.wikidata.org/entity/Q185187"
<http://www.wikidata.org/entity/Q123529378>	POINT(4.040675 50.787925)	"Vreckommolen, Denderwindeke"@en	1850-01-01T00:00:00Z									2	"http://www.wikidata.org/entity/Q185187"
<http://www.wikidata.org/entity/Q123557223>	POINT(4.053733 50.821472)	"Fonteintjesmolen"@en	1550-01-01T00:00:00Z									2	"http://www.wikidata.org/entity/Q185187"
<http://www.wikidata.org/entity/Q123575037>	POINT(4.057608 50.802125)	"Neigemmolen"@en	1235-01-01T00:00:00Z									1	"http://www.wikidata.org/entity/Q185187"
<http://www.wikidata.org/entity/Q123585587>	POINT(4.169356 50.906267)	"Watermolen van Asbeek"@en	1160-01-01T00:00:00Z									2	"http://www.wikidata.org/entity/Q185187"
<http://www.wikidata.org/entity/Q123615582>	POINT(4.191600 50.894197)	"IJzenbeekmolen"@en	1641-01-01T00:00:00Z									2	"http://www.wikidata.org/entity/Q185187"
<http://www.wikidata.org/entity/Q1236436>	POINT(14.347500 50.848600)	"Dolský Mlýn"@en	1727-01-01T00:00:00Z									5	"http://www.wikidata.org/entity/Q109607|http://www.wikidata.org/entity/Q185187"
<http://www.wikidata.org/entity/Q123669808>	POINT(1.247070 41.285700)	"Molí de Farigola"@en	1300-01-01T00:00:00Z									1	"http://www.wikidata.org/entity/Q185187"
<http://www.wikidata.org/entity/Q123678390>	POINT(4.007722 50.743609)	"Wielantmolen"@en	1700-01-01T00:00:00Z									2	"http://www.wikidata.org/entity/Q185187|http://www.wikidata.org/entity/Q2221866"
<http://www.wikidata.org/entity/Q123758685>	POINT(16.022546 49.284445)		1356-01-01T00:00:00Z									0	"http://www.wikidata.org/entity/Q185187"
<http://www.wikidata.org/entity/Q124001883>	POINT(4.757797 50.836139)	"Ruisbroekmolen, Bierbeek"@en	1740-01-01T00:00:00Z									2	"http://www.wikidata.org/entity/Q185187"
<http://www.wikidata.org/entity/Q124056119>	POINT(4.773158 50.854381)	"Heystmolen, Lovenjoel"@en	1749-01-01T00:00:00Z									2	"http://www.wikidata.org/entity/Q185187"
<http://www.wikidata.org/entity/Q124079815>	POINT(15.565722 49.025278)		1853-01-01T00:00:00Z									0	"http://www.wikidata.org/entity/Q185187"
<http://www.wikidata.org/entity/Q124139591>	POINT(15.980722 49.258056)		1762-01-01T00:00:00Z									0	"http://www.wikidata.org/entity/Q185187"
<http://www.wikidata.org/entity/Q124140123>	POINT(15.771389 49.242167)		1800-01-01T00:00:00Z									0	"http://www.wikidata.org/entity/Q185187"
<http://www.wikidata.org/entity/Q124210967>	POINT(15.911306 49.083389)		1303-01-01T00:00:00Z									0	"http://www.wikidata.org/entity/Q185187"
<http://www.wikidata.org/entity/Q124211030>	POINT(15.926945 49.077833)		1600-01-01T00:00:00Z									0	"http://www.wikidata.org/entity/Q1067107|http://www.wikidata.org/entity/Q185187"
<http://www.wikidata.org/entity/Q124211058>	POINT(15.938056 49.070472)		1804-01-01T00:00:00Z									0	"http://www.wikidata.org/entity/Q185187"
<http://www.wikidata.org/entity/Q124215095>	POINT(15.688694 49.017195)		1650-01-01T00:00:00Z									0	"http://www.wikidata.org/entity/Q185187"
<http://www.wikidata.org/entity/Q124215116>	POINT(15.686444 49.020222)		1893-01-01T00:00:00Z									0	"http://www.wikidata.org/entity/Q185187"
<http://www.wikidata.org/entity/Q124217446>	POINT(16.110139 49.066250)		1700-01-01T00:00:00Z									0	"http://www.wikidata.org/entity/Q185187"
<http://www.wikidata.org/entity/Q124248161>	POINT(15.830361 49.193861)		1800-01-01T00:00:00Z									0	"http://www.wikidata.org/entity/Q185187"
<http://www.wikidata.org/entity/Q124253512>	POINT(4.197011 50.887864)	"Nieuwermolen"@en	1588-01-01T00:00:00Z								"http://www.wikidata.org/entity/Q91785867"	1	"http://www.wikidata.org/entity/Q185187"
<http://www.wikidata.org/entity/Q124307207>	POINT(5.121950 50.890739)	"Molen van Geetbets"@en	1330-01-01T00:00:00Z									1	"http://www.wikidata.org/entity/Q185187|http://www.wikidata.org/entity/Q2221866"
<http://www.wikidata.org/entity/Q124334495>	POINT(4.842608 50.837903)	"Kwademolen"@en	1686-01-01T00:00:00Z									1	"http://www.wikidata.org/entity/Q185187"
<http://www.wikidata.org/entity/Q124347524>	POINT(4.950792 50.856333)	"Rotelmolen"@en	1700-01-01T00:00:00Z									1	"http://www.wikidata.org/entity/Q185187"
<http://www.wikidata.org/entity/Q124419037>	POINT(4.610236 50.912569)	"Heersemmolen"@en	1500-01-01T00:00:00Z									1	"http://www.wikidata.org/entity/Q185187|http://www.wikidata.org/entity/Q2527000"
<http://www.wikidata.org/entity/Q124424206>	POINT(4.025820 50.724344)	"Hernemolen"@en	1219-01-01T00:00:00Z									2	"http://www.wikidata.org/entity/Q185187"
<http://www.wikidata.org/entity/Q124472021>	POINT(4.906572 50.780333)	"Celismolen"@en	1625-01-01T00:00:00Z									2	"http://www.wikidata.org/entity/Q185187"
<http://www.wikidata.org/entity/Q124478044>	POINT(5.142786 50.875489)	"Grazenmolen"@en	1269-01-01T00:00:00Z									1	"http://www.wikidata.org/entity/Q185187"
<http://www.wikidata.org/entity/Q124478150>	POINT(4.874075 50.802097)	"Watermolen van Hoksem"@en	1653-01-01T00:00:00Z									1	"http://www.wikidata.org/entity/Q185187"
<http://www.wikidata.org/entity/Q124537238>	POINT(8.877209 53.578196)		1829-01-01T00:00:00Z									1	"http://www.wikidata.org/entity/Q185187"
<http://www.wikidata.org/entity/Q124664632>	POINT(5.087830 50.763994)	"Molen van Attenhoven"@en	1270-01-01T00:00:00Z									1	"http://www.wikidata.org/entity/Q185187"
<http://www.wikidata.org/entity/Q124669961>	POINT(5.084933 50.752436)	"Rufferdingemolen Landen"@en	1200-01-01T00:00:00Z									2	"http://www.wikidata.org/entity/Q185187"
<http://www.wikidata.org/entity/Q124710532>	POINT(5.077414 50.770181)	"Pitsaersmolen"@en	1861-01-01T00:00:00Z								"http://www.wikidata.org/entity/Q131596"	2	"http://www.wikidata.org/entity/Q185187"
<http://www.wikidata.org/entity/Q124764170>	POINT(8.662621 53.316905)		1880-01-01T00:00:00Z								"http://www.wikidata.org/entity/Q124626013"	1	"http://www.wikidata.org/entity/Q185187"
<http://www.wikidata.org/entity/Q124842291>	POINT(4.329389 50.777236)	"Molen Menu"@en	1796-01-01T00:00:00Z									1	"http://www.wikidata.org/entity/Q185187"
<http://www.wikidata.org/entity/Q124842810>	POINT(4.341800 50.774536)	"Moulin Rose"@en	1547-01-01T00:00:00Z									1	"http://www.wikidata.org/entity/Q185187"
<http://www.wikidata.org/entity/Q125157218>	POINT(1.684167 41.528611)	"Molí Paperer de Capellades"@en	1634-01-01T00:00:00Z								"http://www.wikidata.org/entity/Q125894091|http://www.wikidata.org/entity/Q49700"	0	"http://www.wikidata.org/entity/Q185187|http://www.wikidata.org/entity/Q918088"
<http://www.wikidata.org/entity/Q125378006>	POINT(4.531358 50.770781)	"Oude Molen"@en	1834-01-01T00:00:00Z									2	"http://www.wikidata.org/entity/Q185187"
<http://www.wikidata.org/entity/Q125384035>	POINT(4.604272 50.768264)	"Molen van Terlanen"@en	1300-01-01T00:00:00Z									2	"http://www.wikidata.org/entity/Q185187"
<http://www.wikidata.org/entity/Q125406794>	POINT(4.569128 50.752928)	"Tombeekmolen"@en	1290-01-01T00:00:00Z		1999-01-01T00:00:00Z							2	"http://www.wikidata.org/entity/Q185187|http://www.wikidata.org/entity/Q19860854"
<http://www.wikidata.org/entity/Q125676105>	POINT(4.326775 50.723145)	"Molen van Zevenbronnen"@en	1402-01-01T00:00:00Z									2	"http://www.wikidata.org/entity/Q185187"
<http://www.wikidata.org/entity/Q125907075>	POINT(8.615850 50.559400)	"Obersorger Mühle"@en		1595-01-01T00:00:00Z								0	"http://www.wikidata.org/entity/Q185187"
<http://www.wikidata.org/entity/Q125934923>	POINT(-0.266667 38.929167)		1800-01-01T00:00:00Z				1841-01-01T00:00:00Z	1954-01-01T00:00:00Z				1	"http://www.wikidata.org/entity/Q185187"
<http://www.wikidata.org/entity/Q126010527>	POINT(8.966514 50.586314)	"Antonitermühle"@en		1372-01-01T00:00:00Z	1935-01-01T00:00:00Z							0	"http://www.wikidata.org/entity/Q185187"
<http://www.wikidata.org/entity/Q126089561>	POINT(4.244386 50.784122)	"Watermolen van Volsem"@en	1553-01-01T00:00:00Z									2	"http://www.wikidata.org/entity/Q185187"
<http://www.wikidata.org/entity/Q126177741>	POINT(4.153019 50.867272)	"Plotermolen"@en	1461-01-01T00:00:00Z									1	"http://www.wikidata.org/entity/Q185187"
<http://www.wikidata.org/entity/Q126206908>	POINT(-6.083751 36.650126)	"Molino de La Cartuja"@en	1582-01-01T00:00:00Z					1985-01-01T00:00:00Z				0	"http://www.wikidata.org/entity/Q185187|http://www.wikidata.org/entity/Q44494"
<http://www.wikidata.org/entity/Q126274003>	POINT(4.182808 50.872142)	"Molen te Neeralfene"@en	1448-01-01T00:00:00Z									1	"http://www.wikidata.org/entity/Q185187"
<http://www.wikidata.org/entity/Q126523734>	POINT(9.830885 49.469988)			1462-01-01T00:00:00Z								0	"http://www.wikidata.org/entity/Q1802960|http://www.wikidata.org/entity/Q185187"
<http://www.wikidata.org/entity/Q126688403>	POINT(18.973334 50.295563)	"Watermill from Imielin (the first half of the 18th century)"@en	1800-01-01T00:00:00Z									1	"http://www.wikidata.org/entity/Q185187"
<http://www.wikidata.org/entity/Q127429005>	POINT(4.984714 50.817314)	"Molen van Broeckem"@en	1248-01-01T00:00:00Z									2	"http://www.wikidata.org/entity/Q185187"
<http://www.wikidata.org/entity/Q127693005>	POINT(4.917553 50.850711)	"Dalemse Molen (Vissenaken)"@en	1380-01-01T00:00:00Z									2	"http://www.wikidata.org/entity/Q185187"
<http://www.wikidata.org/entity/Q128062705>	POINT(9.403186 48.973039)		1799-01-01T00:00:00Z									1	"http://www.wikidata.org/entity/Q185187|http://www.wikidata.org/entity/Q253019|http://www.wikidata.org/entity/Q4632675"
<http://www.wikidata.org/entity/Q128580422>	POINT(9.581397 48.982528)		1799-01-01T00:00:00Z									2	"http://www.wikidata.org/entity/Q185187"
<http://www.wikidata.org/entity/Q128921400>	POINT(2.667390 41.730940)	"Molí de Can Planes"@en	1801-01-01T00:00:00Z									0	"http://www.wikidata.org/entity/Q185187"
<http://www.wikidata.org/entity/Q1290827>	POINT(13.457100 54.338900)	"Kunstort Alte Wassermühle"@en		1396-01-11T00:00:00Z								2	"http://www.wikidata.org/entity/Q1797122|http://www.wikidata.org/entity/Q185187"
<http://www.wikidata.org/entity/Q130226470>	POINT(4.466581 50.881019)	"Stockmansmolen (Zaventem)"@en	1300-01-01T00:00:00Z									2	"http://www.wikidata.org/entity/Q185187"
<http://www.wikidata.org/entity/Q130243990>	POINT(19.029372 51.787084)	"watermill in Małyń"@en	1911-01-01T00:00:00Z									1	"http://www.wikidata.org/entity/Q185187"
<http://www.wikidata.org/entity/Q130268610>	POINT(2.368180 42.020350)	"Molí de la Bertrana"@en	1701-01-01T00:00:00Z									0	"http://www.wikidata.org/entity/Q185187"
<http://www.wikidata.org/entity/Q130268613>	POINT(2.368080 42.020110)	"Molí Vell de la Bertrana"@en	1701-01-01T00:00:00Z									0	"http://www.wikidata.org/entity/Q185187"
<http://www.wikidata.org/entity/Q130344093>	POINT(4.479536 50.861805)	"Heysvaertmolen"@en	1378-01-01T00:00:00Z									1	"http://www.wikidata.org/entity/Q185187"
<http://www.wikidata.org/entity/Q130558989>	POINT(1.610270 41.576700)	"Molí de l'Escorça"@en	1901-01-01T00:00:00Z									0	"http://www.wikidata.org/entity/Q185187"
<http://www.wikidata.org/entity/Q130632776>	POINT(9.090469 53.692192)		1860-01-01T00:00:00Z									1	"http://www.wikidata.org/entity/Q185187"
<http://www.wikidata.org/entity/Q130885172>	POINT(5.101808 50.806075)		1400-01-01T00:00:00Z	1400-01-01T00:00:00Z							"http://www.wikidata.org/entity/Q129990965"	2	"http://www.wikidata.org/entity/Q185187"
<http://www.wikidata.org/entity/Q131018557>	POINT(2.131640 41.563170)	"Molí i Mina de Cal Llibre"@en	1901-01-01T00:00:00Z									0	"http://www.wikidata.org/entity/Q185187"
<http://www.wikidata.org/entity/Q131370669>	POINT(7.476086 51.995092)	"Klostermühle Hohenholte"@en	1225-01-01T00:00:00Z									1	"http://www.wikidata.org/entity/Q185187"
<http://www.wikidata.org/entity/Q131459843>	POINT(2.052310 42.198570)	"Molí de Dalt o de Tubau"@en	1749-01-01T00:00:00Z									0	"http://www.wikidata.org/entity/Q185187"
<http://www.wikidata.org/entity/Q131539668>	POINT(3.355336 50.622819)	"Moulin de Froyennes"@en	1235-01-01T00:00:00Z									2	"http://www.wikidata.org/entity/Q185187|http://www.wikidata.org/entity/Q1958556"
<http://www.wikidata.org/entity/Q131703797>	POINT(9.921500 57.046200)		1231-01-01T00:00:00Z		1898-01-01T00:00:00Z							0	"http://www.wikidata.org/entity/Q185187"
<http://www.wikidata.org/entity/Q131720049>	POINT(19.827222 54.382806)	"Great Water Mill in Braniewo"@en	1400-01-01T00:00:00Z		1901-01-01T00:00:00Z							2	"http://www.wikidata.org/entity/Q185187|http://www.wikidata.org/entity/Q19860854"
<http://www.wikidata.org/entity/Q131840956>	POINT(9.308420 45.952290)	"Watermill of Genico"@en	1722-01-01T00:00:00Z									0	"http://www.wikidata.org/entity/Q1497364|http://www.wikidata.org/entity/Q185187|http://www.wikidata.org/entity/Q4989906"
<http://www.wikidata.org/entity/Q131841279>	POINT(9.313880 45.947920)	"Mulino di Mugiasco"@en	1800-01-01T00:00:00Z									0	"http://www.wikidata.org/entity/Q185187|http://www.wikidata.org/entity/Q4989906"
<http://www.wikidata.org/entity/Q13188443>	POINT(9.106868 53.583707)	"Hollen water mill"@en	1801-01-01T00:00:00Z									3	"http://www.wikidata.org/entity/Q185187"
<http://www.wikidata.org/entity/Q1319020>	POINT(7.564280 52.771800)	"Hüvener Mühle"@en	1802-01-01T00:00:00Z									3	"http://www.wikidata.org/entity/Q185187|http://www.wikidata.org/entity/Q38720"
<http://www.wikidata.org/entity/Q131920897>	POINT(1.719929 41.447531)	"Molí Blanc"@en	1701-01-01T00:00:00Z									2	"http://www.wikidata.org/entity/Q185187|http://www.wikidata.org/entity/Q918088"
<http://www.wikidata.org/entity/Q132027373>	POINT(9.292664 45.998109)	"Mulino di Varenna"@en	1500-01-01T00:00:00Z									0	"http://www.wikidata.org/entity/Q185187"
<http://www.wikidata.org/entity/Q132151663>	POINT(8.124430 49.390980)		1718-01-01T00:00:00Z									2	"http://www.wikidata.org/entity/Q185187"
<http://www.wikidata.org/entity/Q132191397>	POINT(12.287010 57.392990)		1904-01-01T00:00:00Z									0	"http://www.wikidata.org/entity/Q185187"
<http://www.wikidata.org/entity/Q132202093>	POINT(5.982730 52.290620)		1701-01-01T00:00:00Z		1962-01-01T00:00:00Z							0	"http://www.wikidata.org/entity/Q185187"
<http://www.wikidata.org/entity/Q132529132>	POINT(8.693063 53.298796)		1759-01-01T00:00:00Z									1	"http://www.wikidata.org/entity/Q185187"
<http://www.wikidata.org/entity/Q132745106>	POINT(15.311084 47.156818)	"Getreidemühle"@en	1711-01-01T00:00:00Z								"http://www.wikidata.org/entity/Q306611"	1	"http://www.wikidata.org/entity/Q185187"
<http://www.wikidata.org/entity/Q133796260>	POINT(1.746570 41.440730)	"Molí de l'Esbert / Molí Fidel"@en	1701-01-01T00:00:00Z									0	"http://www.wikidata.org/entity/Q185187"
<http://www.wikidata.org/entity/Q133796323>	POINT(1.726600 41.446740)	"Molí de Cal Roda"@en	1801-01-01T00:00:00Z									0	"http://www.wikidata.org/entity/Q185187"
<http://www.wikidata.org/entity/Q133847022>	POINT(9.294200 46.017400)	"Mulino di Perledo"@en	1500-01-01T00:00:00Z									0	"http://www.wikidata.org/entity/Q185187"
<http://www.wikidata.org/entity/Q133863780>	POINT(1.837810 41.680640)	"Molí Nou"@en	1701-01-01T00:00:00Z									1	"http://www.wikidata.org/entity/Q185187"
<http://www.wikidata.org/entity/Q133884967>	POINT(2.255520 41.588630)	"Molí de can Pujades"@en	1901-01-01T00:00:00Z									0	"http://www.wikidata.org/entity/Q185187"
<http://www.wikidata.org/entity/Q133885253>	POINT(1.740960 41.441820)	"Molí del Mig"@en	1701-01-01T00:00:00Z									0	"http://www.wikidata.org/entity/Q185187"
<http://www.wikidata.org/entity/Q133885262>	POINT(1.714100 41.449660)	"Molí d'en Batllori / Molí Xic"@en	1901-01-01T00:00:00Z									0	"http://www.wikidata.org/entity/Q185187"
<http://www.wikidata.org/entity/Q133885264>	POINT(1.709420 41.451970)	"Molí del Vinyals"@en	1793-01-01T00:00:00Z									0	"http://www.wikidata.org/entity/Q185187"
<http://www.wikidata.org/entity/Q133889866>	POINT(2.314320 41.532150)	"Molí de Can Patatetes"@en	1801-01-01T00:00:00Z									0	"http://www.wikidata.org/entity/Q185187"
<http://www.wikidata.org/entity/Q134029649>	POINT(10.784386 51.832614)		1680-01-01T00:00:00Z									2	"http://www.wikidata.org/entity/Q12020836|http://www.wikidata.org/entity/Q185187"
<http://www.wikidata.org/entity/Q134526494>	POINT(9.292687 46.012078)	"Mulino di Vezio"@en	1500-01-01T00:00:00Z									0	"http://www.wikidata.org/entity/Q185187"
<http://www.wikidata.org/entity/Q134562760>	POINT(15.736724 53.677827)		1903-01-01T00:00:00Z									1	"http://www.wikidata.org/entity/Q185187|http://www.wikidata.org/entity/Q27686"
<http://www.wikidata.org/entity/Q134692248>	POINT(9.607073 47.781299)		1700-01-01T00:00:00Z									0	"http://www.wikidata.org/entity/Q185187|http://www.wikidata.org/entity/Q19860854|http://www.wikidata.org/entity/Q56822897"
<http://www.wikidata.org/entity/Q134838590>	POINT(1.873280 41.689530)	"Molí del Marcet"@en	1755-01-01T00:00:00Z									0	"http://www.wikidata.org/entity/Q185187"
<http://www.wikidata.org/entity/Q134930573>	POINT(2.231505 41.851235)	"Molí de la Canal"@en	1801-01-01T00:00:00Z									0	"http://www.wikidata.org/entity/Q185187"
<http://www.wikidata.org/entity/Q135187132>	POINT(15.583333 51.126667)		1843-01-01T00:00:00Z									3	"http://www.wikidata.org/entity/Q185187"
<http://www.wikidata.org/entity/Q135193771>	POINT(15.562889 51.160472)		1800-01-01T00:00:00Z									3	"http://www.wikidata.org/entity/Q185187"
<http://www.wikidata.org/entity/Q135283942>	POINT(-16.721873 28.365463)	"Molino de Agua de Icod"@en	1900-01-01T00:00:00Z									1	"http://www.wikidata.org/entity/Q185187"
<http://www.wikidata.org/entity/Q135285761>	POINT(5.032503 50.895903)	"Arnautsmolen"@en	1500-01-01T00:00:00Z									1	"http://www.wikidata.org/entity/Q185187"
<http://www.wikidata.org/entity/Q135399447>	POINT(16.233920 50.537937)		1708-01-01T00:00:00Z									1	"http://www.wikidata.org/entity/Q185187|http://www.wikidata.org/entity/Q44494"
<http://www.wikidata.org/entity/Q135650321>	POINT(19.632504 52.065024)		1901-01-01T00:00:00Z									2	"http://www.wikidata.org/entity/Q185187"
<http://www.wikidata.org/entity/Q136117997>	POINT(19.548939 51.906931)		1912-01-01T00:00:00Z									1	"http://www.wikidata.org/entity/Q113536072|http://www.wikidata.org/entity/Q185187"
<http://www.wikidata.org/entity/Q136231502>	POINT(6.817398 50.089682)		1542-01-01T00:00:00Z									0	"http://www.wikidata.org/entity/Q185187"
<http://www.wikidata.org/entity/Q136324275>	POINT(9.199542 53.334107)	"Wassermühle Eitzmühlen"@en	1856-01-01T00:00:00Z									2	"http://www.wikidata.org/entity/Q185187"
<http://www.wikidata.org/entity/Q136400063>	POINT(0.406859 49.017777)	"Le Petit Moulin (Orbec)"@en	1130-01-01T00:00:00Z									1	"http://www.wikidata.org/entity/Q185187"
<http://www.wikidata.org/entity/Q136525338>	POINT(9.635075 52.552305)	"Negenborn water mill"@en	1779-01-01T00:00:00Z									2	"http://www.wikidata.org/entity/Q185187"
<http://www.wikidata.org/entity/Q136543422>	POINT(8.149419 49.461297)		1736-01-01T00:00:00Z									1	"http://www.wikidata.org/entity/Q185187"
<http://www.wikidata.org/entity/Q136721727>	POINT(12.279167 58.283889)		1870-01-01T00:00:00Z		1907-01-01T00:00:00Z							1	"http://www.wikidata.org/entity/Q185187"
<http://www.wikidata.org/entity/Q136769220>	POINT(-7.689833 37.501861)		1850-01-01T00:00:00Z									1	"http://www.wikidata.org/entity/Q185187"
<http://www.wikidata.org/entity/Q13743964>	POINT(5.700389 51.085000)	"Klaaskensmolen"@en	1548-01-01T00:00:00Z									2	"http://www.wikidata.org/entity/Q185187"
<http://www.wikidata.org/entity/Q137442431>	POINT(14.722890 51.531170)	"Friedensmühle Muskau"@en	1857-01-01T00:00:00Z		2014-01-01T00:00:00Z							1	"http://www.wikidata.org/entity/Q185187"
<http://www.wikidata.org/entity/Q137646515>	POINT(9.675503 51.862874)		1754-01-01T00:00:00Z									0	"http://www.wikidata.org/entity/Q185187"
<http://www.wikidata.org/entity/Q137646585>	POINT(9.670219 52.236532)		1860-01-01T00:00:00Z									0	"http://www.wikidata.org/entity/Q185187"
<http://www.wikidata.org/entity/Q137646607>	POINT(9.647073 52.199539)		1867-01-01T00:00:00Z									0	"http://www.wikidata.org/entity/Q185187"
<http://www.wikidata.org/entity/Q137646617>	POINT(10.759011 53.169452)		1898-01-01T00:00:00Z									0	"http://www.wikidata.org/entity/Q185187"
<http://www.wikidata.org/entity/Q137660568>	POINT(10.705837 53.223330)		1819-01-01T00:00:00Z									0	"http://www.wikidata.org/entity/Q185187"
<http://www.wikidata.org/entity/Q137660577>	POINT(10.580580 53.290491)		1900-01-01T00:00:00Z									0	"http://www.wikidata.org/entity/Q185187"
<http://www.wikidata.org/entity/Q137660591>	POINT(10.654909 53.232254)		1831-01-01T00:00:00Z									0	"http://www.wikidata.org/entity/Q185187"
<http://www.wikidata.org/entity/Q137660594>	POINT(10.412912 53.250489)		1880-01-01T00:00:00Z									0	"http://www.wikidata.org/entity/Q185187"
<http://www.wikidata.org/entity/Q137660603>	POINT(11.094217 52.979709)		1841-01-01T00:00:00Z									0	"http://www.wikidata.org/entity/Q185187"
<http://www.wikidata.org/entity/Q137660610>	POINT(11.084666 52.962770)		1800-01-01T00:00:00Z									0	"http://www.wikidata.org/entity/Q185187"
<http://www.wikidata.org/entity/Q137660612>	POINT(11.015984 52.945787)		1794-01-01T00:00:00Z									1	"http://www.wikidata.org/entity/Q185187"
<http://www.wikidata.org/entity/Q137660614>	POINT(11.041316 52.940436)		1800-01-01T00:00:00Z									0	"http://www.wikidata.org/entity/Q185187"
<http://www.wikidata.org/entity/Q137660616>	POINT(10.894379 52.856620)		1767-01-01T00:00:00Z									0	"http://www.wikidata.org/entity/Q185187"
<http://www.wikidata.org/entity/Q137660628>	POINT(9.756854 53.450009)		1674-01-01T00:00:00Z									0	"http://www.wikidata.org/entity/Q185187"
<http://www.wikidata.org/entity/Q137660635>	POINT(9.555641 53.496976)		1600-01-01T00:00:00Z									0	"http://www.wikidata.org/entity/Q185187"
<http://www.wikidata.org/entity/Q137660650>	POINT(9.150146 53.216160)		1890-01-01T00:00:00Z									0	"http://www.wikidata.org/entity/Q185187"
<http://www.wikidata.org/entity/Q137660657>	POINT(9.227336 52.675533)		1734-01-01T00:00:00Z									0	"http://www.wikidata.org/entity/Q185187"
<http://www.wikidata.org/entity/Q137660691>	POINT(10.663440 52.808201)		1910-01-01T00:00:00Z									0	"http://www.wikidata.org/entity/Q185187"
<http://www.wikidata.org/entity/Q137660696>	POINT(10.484142 52.910941)	"Wassermühle Holxen"@en	1765-01-01T00:00:00Z									1	"http://www.wikidata.org/entity/Q185187"
<http://www.wikidata.org/entity/Q137660699>	POINT(10.656802 52.886001)		1788-01-01T00:00:00Z									0	"http://www.wikidata.org/entity/Q185187"
<http://www.wikidata.org/entity/Q137660710>	POINT(10.617873 52.916712)		1812-01-01T00:00:00Z									0	"http://www.wikidata.org/entity/Q185187"
<http://www.wikidata.org/entity/Q137660720>	POINT(10.319960 52.962323)		1904-01-01T00:00:00Z									0	"http://www.wikidata.org/entity/Q185187"
<http://www.wikidata.org/entity/Q137660726>	POINT(9.477867 52.321960)		1875-01-01T00:00:00Z									0	"http://www.wikidata.org/entity/Q185187"
<http://www.wikidata.org/entity/Q137660734>	POINT(9.431630 52.339831)	"Eickmühle water mill"@en	1855-01-01T00:00:00Z									0	"http://www.wikidata.org/entity/Q185187"
<http://www.wikidata.org/entity/Q137660810>	POINT(10.431730 52.060900)		1723-01-01T00:00:00Z									0	"http://www.wikidata.org/entity/Q185187"
<http://www.wikidata.org/entity/Q137661005>	POINT(10.819070 52.249060)	"Herrenmühle Königslutter"@en	1728-01-01T00:00:00Z									0	"http://www.wikidata.org/entity/Q185187"
<http://www.wikidata.org/entity/Q137661714>	POINT(9.918947 52.113693)		1830-01-01T00:00:00Z									0	"http://www.wikidata.org/entity/Q185187"
<http://www.wikidata.org/entity/Q137665923>	POINT(7.939469 52.056249)		1797-01-01T00:00:00Z									0	"http://www.wikidata.org/entity/Q185187"
<http://www.wikidata.org/entity/Q137698801>	POINT(1.680720 41.456960)	"Molí dels Fogars"@en	1701-01-01T00:00:00Z									0	"http://www.wikidata.org/entity/Q185187"
<http://www.wikidata.org/entity/Q137705245>	POINT(10.563609 52.974297)		1808-01-01T00:00:00Z									1	"http://www.wikidata.org/entity/Q185187"
<http://www.wikidata.org/entity/Q137708943>	POINT(7.952663 52.201329)		1890-01-01T00:00:00Z									0	"http://www.wikidata.org/entity/Q185187"
<http://www.wikidata.org/entity/Q137708964>	POINT(9.437346 53.547774)		1910-01-01T00:00:00Z									0	"http://www.wikidata.org/entity/Q185187"
<http://www.wikidata.org/entity/Q137708973>	POINT(10.604805 52.027263)		1604-01-01T00:00:00Z									0	"http://www.wikidata.org/entity/Q185187"
<http://www.wikidata.org/entity/Q137708986>	POINT(8.035753 52.296544)		1900-01-01T00:00:00Z									0	"http://www.wikidata.org/entity/Q185187"
<http://www.wikidata.org/entity/Q137709007>	POINT(7.309556 52.704779)		1733-01-01T00:00:00Z									1	"http://www.wikidata.org/entity/Q185187"
<http://www.wikidata.org/entity/Q137710804>	POINT(9.356889 52.224943)		1778-01-01T00:00:00Z									0	"http://www.wikidata.org/entity/Q185187"
<http://www.wikidata.org/entity/Q137710866>	POINT(8.203670 52.353342)		1780-01-01T00:00:00Z									0	"http://www.wikidata.org/entity/Q185187"
<http://www.wikidata.org/entity/Q137710898>	POINT(8.331033 52.240430)		1873-01-01T00:00:00Z									0	"http://www.wikidata.org/entity/Q185187"
<http://www.wikidata.org/entity/Q137718911>	POINT(9.097766 52.157693)		1877-01-01T00:00:00Z									0	"http://www.wikidata.org/entity/Q185187"
<http://www.wikidata.org/entity/Q137722492>	POINT(8.052673 52.307949)		1870-01-01T00:00:00Z									1	"http://www.wikidata.org/entity/Q185187"
<http://www.wikidata.org/entity/Q137722550>	POINT(8.055565 52.271759)		1732-01-01T00:00:00Z									0	"http://www.wikidata.org/entity/Q185187"
<http://www.wikidata.org/entity/Q137722562>	POINT(10.176215 52.393922)		1581-01-01T00:00:00Z									0	"http://www.wikidata.org/entity/Q185187"
<http://www.wikidata.org/entity/Q137732104>	POINT(8.348881 52.243308)		1829-01-01T00:00:00Z									0	"http://www.wikidata.org/entity/Q185187"
<http://www.wikidata.org/entity/Q137732403>	POINT(8.419841 52.212615)		1834-01-01T00:00:00Z									1	"http://www.wikidata.org/entity/Q185187"
<http://www.wikidata.org/entity/Q137732553>	POINT(10.490023 53.097445)		1840-01-01T00:00:00Z									1	"http://www.wikidata.org/entity/Q185187"
<http://www.wikidata.org/entity/Q137732605>	POINT(8.123389 52.082093)		1850-01-01T00:00:00Z									0	"http://www.wikidata.org/entity/Q185187"
<http://www.wikidata.org/entity/Q137732750>	POINT(10.517559 52.917082)	"Schloßmühle Holdenstedt"@en	1908-01-01T00:00:00Z									1	"http://www.wikidata.org/entity/Q185187"
<http://www.wikidata.org/entity/Q137732788>	POINT(8.167248 52.119299)		1866-01-01T00:00:00Z									0	"http://www.wikidata.org/entity/Q185187"
<http://www.wikidata.org/entity/Q137732833>	POINT(8.014988 52.234309)		1900-01-01T00:00:00Z									0	"http://www.wikidata.org/entity/Q185187"
<http://www.wikidata.org/entity/Q137732860>	POINT(7.834467 52.582293)		1850-01-01T00:00:00Z									0	"http://www.wikidata.org/entity/Q185187"
<http://www.wikidata.org/entity/Q137737919>	POINT(10.905442 52.251884)		1841-01-01T00:00:00Z									0	"http://www.wikidata.org/entity/Q185187"
<http://www.wikidata.org/entity/Q137738057>	POINT(9.526155 51.681669)		1800-01-01T00:00:00Z									0	"http://www.wikidata.org/entity/Q185187"
<http://www.wikidata.org/entity/Q137738074>	POINT(10.101432 51.677693)		1855-01-01T00:00:00Z									1	"http://www.wikidata.org/entity/Q185187|http://www.wikidata.org/entity/Q56822897"
<http://www.wikidata.org/entity/Q137739761>	POINT(9.962795 52.805399)	"water mill Bergen"@en	1903-01-01T00:00:00Z									1	"http://www.wikidata.org/entity/Q185187|http://www.wikidata.org/entity/Q56822897"
<http://www.wikidata.org/entity/Q137739781>	POINT(10.448338 52.635358)		1889-01-01T00:00:00Z									0	"http://www.wikidata.org/entity/Q185187"
<http://www.wikidata.org/entity/Q137739791>	POINT(10.618144 52.719837)		1888-01-01T00:00:00Z									1	"http://www.wikidata.org/entity/Q185187|http://www.wikidata.org/entity/Q56822897"
<http://www.wikidata.org/entity/Q137739797>	POINT(10.346390 52.475341)	"Meinersen watermill"@en	1873-01-01T00:00:00Z									1	"http://www.wikidata.org/entity/Q185187"
<http://www.wikidata.org/entity/Q137739799>	POINT(10.599563 52.778130)		1806-01-01T00:00:00Z									0	"http://www.wikidata.org/entity/Q185187"
<http://www.wikidata.org/entity/Q137739802>	POINT(10.590713 52.764075)		1795-01-01T00:00:00Z									0	"http://www.wikidata.org/entity/Q185187"
<http://www.wikidata.org/entity/Q137739999>	POINT(10.540757 52.025536)		1704-01-01T00:00:00Z									1	"http://www.wikidata.org/entity/Q185187"
<http://www.wikidata.org/entity/Q137744634>	POINT(10.774899 52.343101)		1860-01-01T00:00:00Z									1	"http://www.wikidata.org/entity/Q185187"
<http://www.wikidata.org/entity/Q137744978>	POINT(9.374612 52.866365)		1898-01-01T00:00:00Z									0	"http://www.wikidata.org/entity/Q185187"
<http://www.wikidata.org/entity/Q137745366>	POINT(10.546405 52.486311)		1910-01-01T00:00:00Z									0	"http://www.wikidata.org/entity/Q185187"
<http://www.wikidata.org/entity/Q137746014>	POINT(8.706901 53.031925)		1904-01-01T00:00:00Z									0	"http://www.wikidata.org/entity/Q185187"
<http://www.wikidata.org/entity/Q137746734>	POINT(9.952651 52.034887)		1860-01-01T00:00:00Z									0	"http://www.wikidata.org/entity/Q185187"
<http://www.wikidata.org/entity/Q137750888>	POINT(9.956779 52.033154)		1770-01-01T00:00:00Z									0	"http://www.wikidata.org/entity/Q185187"
<http://www.wikidata.org/entity/Q137751148>	POINT(10.013244 52.044744)		1524-01-01T00:00:00Z									0	"http://www.wikidata.org/entity/Q185187"
<http://www.wikidata.org/entity/Q137751273>	POINT(9.759830 52.064768)		1874-01-01T00:00:00Z									1	"http://www.wikidata.org/entity/Q185187|http://www.wikidata.org/entity/Q56822897"
<http://www.wikidata.org/entity/Q137751556>	POINT(9.850850 52.053785)		1830-01-01T00:00:00Z									0	"http://www.wikidata.org/entity/Q185187"
<http://www.wikidata.org/entity/Q137752130>	POINT(10.159350 52.160362)		1581-01-01T00:00:00Z									0	"http://www.wikidata.org/entity/Q185187"
<http://www.wikidata.org/entity/Q137752615>	POINT(9.921946 52.031312)		1738-01-01T00:00:00Z									0	"http://www.wikidata.org/entity/Q185187"
<http://www.wikidata.org/entity/Q137752622>	POINT(9.847818 51.994923)		1728-01-01T00:00:00Z									0	"http://www.wikidata.org/entity/Q185187|http://www.wikidata.org/entity/Q56822897"
<http://www.wikidata.org/entity/Q137752831>	POINT(9.852154 51.954365)		1759-01-01T00:00:00Z									0	"http://www.wikidata.org/entity/Q185187|http://www.wikidata.org/entity/Q56822897"
<http://www.wikidata.org/entity/Q137752879>	POINT(9.081776 52.143138)		1794-01-01T00:00:00Z									0	"http://www.wikidata.org/entity/Q185187"
<http://www.wikidata.org/entity/Q137752907>	POINT(8.374922 52.257350)		1800-01-01T00:00:00Z									0	"http://www.wikidata.org/entity/Q185187|http://www.wikidata.org/entity/Q56822897"
<http://www.wikidata.org/entity/Q137752918>	POINT(8.422615 52.267602)		1850-01-01T00:00:00Z									0	"http://www.wikidata.org/entity/Q185187|http://www.wikidata.org/entity/Q56822897"
<http://www.wikidata.org/entity/Q137755007>	POINT(1.683870 41.533590)	"Molí de Cal Castells (Fàbrica J. Vilaseca S.A.) i vestigis dels molinsde Cal Mata i Can Separa"@en	1733-01-01T00:00:00Z									0	"http://www.wikidata.org/entity/Q185187"
<http://www.wikidata.org/entity/Q137757334>	POINT(7.893266 53.187944)		1608-01-01T00:00:00Z									1	"http://www.wikidata.org/entity/Q185187"
<http://www.wikidata.org/entity/Q137757347>	POINT(8.190112 52.523122)		1801-01-01T00:00:00Z									0	"http://www.wikidata.org/entity/Q185187"
<http://www.wikidata.org/entity/Q137757354>	POINT(8.185816 52.525529)		1734-01-01T00:00:00Z									0	"http://www.wikidata.org/entity/Q185187"
<http://www.wikidata.org/entity/Q137757358>	POINT(8.136794 52.655137)		1721-01-01T00:00:00Z									0	"http://www.wikidata.org/entity/Q185187"
<http://www.wikidata.org/entity/Q137757363>	POINT(8.434003 52.784705)		1601-01-01T00:00:00Z									0	"http://www.wikidata.org/entity/Q185187"
<http://www.wikidata.org/entity/Q137757367>	POINT(8.083640 52.528209)		1801-01-01T00:00:00Z									0	"http://www.wikidata.org/entity/Q185187"
<http://www.wikidata.org/entity/Q137757387>	POINT(8.218549 52.617816)		1834-01-01T00:00:00Z									0	"http://www.wikidata.org/entity/Q185187"
<http://www.wikidata.org/entity/Q137757507>	POINT(7.443822 52.533747)		1843-01-01T00:00:00Z									0	"http://www.wikidata.org/entity/Q185187"
<http://www.wikidata.org/entity/Q137767775>	POINT(13.306434 49.758857)		1732-01-01T00:00:00Z									0	"http://www.wikidata.org/entity/Q109607|http://www.wikidata.org/entity/Q185187"
<http://www.wikidata.org/entity/Q137767902>	POINT(1.563790 41.596710)	"Molí d'oli de Cal Gibert (Sant Genís)"@en	1743-01-01T00:00:00Z									0	"http://www.wikidata.org/entity/Q185187|http://www.wikidata.org/entity/Q811979"
<http://www.wikidata.org/entity/Q137769680>	POINT(1.891038 42.042967)	"Molí de can Llop"@en	1801-01-01T00:00:00Z									0	"http://www.wikidata.org/entity/Q185187"
<http://www.wikidata.org/entity/Q137794842>	POINT(1.573280 41.583270)	"Molí de cal Massagué o de cal Mateu"@en	1790-01-01T00:00:00Z									0	"http://www.wikidata.org/entity/Q185187"
<http://www.wikidata.org/entity/Q137795092>	POINT(1.890730 41.535900)	"Molí de Gualba"@en	1676-01-01T00:00:00Z									0	"http://www.wikidata.org/entity/Q185187"
<http://www.wikidata.org/entity/Q137801551>	POINT(1.676290 41.550840)	"Molí de Dalt de Cal Coca"@en	1728-01-01T00:00:00Z									0	"http://www.wikidata.org/entity/Q185187"
<http://www.wikidata.org/entity/Q137802763>	POINT(2.409600 41.737120)	"Molí de Viladecans"@en	1701-01-01T00:00:00Z									0	"http://www.wikidata.org/entity/Q185187"
<http://www.wikidata.org/entity/Q137803010>	POINT(1.984330 41.852430)	"Molí nou de la Riera"@en	1901-01-01T00:00:00Z									0	"http://www.wikidata.org/entity/Q185187"
<http://www.wikidata.org/entity/Q137805892>	POINT(1.906360 41.622090)	"Molí de can Còdol 2"@en	1766-01-01T00:00:00Z									0	"http://www.wikidata.org/entity/Q185187"
<http://www.wikidata.org/entity/Q137806650>	POINT(1.861040 42.252200)	"Molí de la Vila / la Baganense"@en	1780-01-01T00:00:00Z									0	"http://www.wikidata.org/entity/Q185187"
<http://www.wikidata.org/entity/Q137927105>	POINT(2.455900 41.713270)	"Molí de Dalt de Mosqueroles"@en	1601-01-01T00:00:00Z									0	"http://www.wikidata.org/entity/Q185187"
<http://www.wikidata.org/entity/Q137944739>	POINT(2.353260 41.699130)	"Molí de les Pipes"@en	1401-01-01T00:00:00Z									0	"http://www.wikidata.org/entity/Q185187"
<http://www.wikidata.org/entity/Q137944806>	POINT(2.402150 41.747380)	"Molí de ca n'Illa del Pont"@en	1501-01-01T00:00:00Z									0	"http://www.wikidata.org/entity/Q185187"
<http://www.wikidata.org/entity/Q137994742>	POINT(13.282028 50.055139)			1595-01-01T00:00:00Z								0	"http://www.wikidata.org/entity/Q109607|http://www.wikidata.org/entity/Q185187"
<http://www.wikidata.org/entity/Q138856942>	POINT(8.224452 44.119809)	"Gumbi di Pattarello"@en	1700-01-01T00:00:00Z									1	"http://www.wikidata.org/entity/Q185187"
<http://www.wikidata.org/entity/Q138941343>	POINT(8.188232 44.120980)	"Gumbu de Canteraina"@en	1300-01-01T00:00:00Z									1	"http://www.wikidata.org/entity/Q185187"
<http://www.wikidata.org/entity/Q138972589>	POINT(30.421410 54.506210)	"Category:Zamkovaya street 2A in Orsha"@en	1902-01-01T00:00:00Z									2	"http://www.wikidata.org/entity/Q185187|http://www.wikidata.org/entity/Q41176"
<http://www.wikidata.org/entity/Q139410833>	POINT(2.323320 41.961710)	"Molí del Pujol"@en	1701-01-01T00:00:00Z									0	"http://www.wikidata.org/entity/Q185187"
<http://www.wikidata.org/entity/Q139411371>	POINT(2.230890 42.036140)	"Molí de Casanovas"@en	1601-01-01T00:00:00Z									0	"http://www.wikidata.org/entity/Q185187"
<http://www.wikidata.org/entity/Q139412039>	POINT(2.311880 41.926970)	"Molí d'Altarriba"@en	1201-01-01T00:00:00Z									0	"http://www.wikidata.org/entity/Q185187"
<http://www.wikidata.org/entity/Q139736592>	POINT(2.067950 41.939670)	"Molí del Bach"@en	1701-01-01T00:00:00Z									0	"http://www.wikidata.org/entity/Q185187"
<http://www.wikidata.org/entity/Q139883866>	POINT(5.614853 51.510822)	"Watermolen Dunau van Lieshout"@en	1100-01-01T00:00:00Z		1300-01-01T00:00:00Z							1	"http://www.wikidata.org/entity/Q185187|http://www.wikidata.org/entity/Q19860854"
<http://www.wikidata.org/entity/Q139893185>	POINT(2.024220 41.973330)	"Molí del Blanquer"@en	1701-01-01T00:00:00Z									0	"http://www.wikidata.org/entity/Q185187"
<http://www.wikidata.org/entity/Q140531656>	POINT(27.586753 53.853544)		1901-01-01T00:00:00Z								"http://www.wikidata.org/entity/Q1102505"	1	"http://www.wikidata.org/entity/Q109607|http://www.wikidata.org/entity/Q185187"
<http://www.wikidata.org/entity/Q140681465>	POINT(7.849817 48.247493)		1799-01-01T00:00:00Z									0	"http://www.wikidata.org/entity/Q185187|http://www.wikidata.org/entity/Q811165"
<http://www.wikidata.org/entity/Q1408935>	POINT(6.833060 51.330800)		1157-01-01T00:00:00Z									3	"http://www.wikidata.org/entity/Q185187"
<http://www.wikidata.org/entity/Q141182165>	POINT(1.844280 42.105320)	"Molí del Brillant"@en	1801-01-01T00:00:00Z									0	"http://www.wikidata.org/entity/Q185187"
<http://www.wikidata.org/entity/Q141182166>	POINT(1.844390 42.105130)	"Molí de la Gratella"@en	1601-01-01T00:00:00Z									0	"http://www.wikidata.org/entity/Q185187"
<http://www.wikidata.org/entity/Q141182169>	POINT(1.848060 42.099850)	"Molí de la Bassa"@en	1601-01-01T00:00:00Z									0	"http://www.wikidata.org/entity/Q185187"
<http://www.wikidata.org/entity/Q141182170>	POINT(1.851090 42.098880)	"Molí i fàbrica de cal Nelas"@en	1701-01-01T00:00:00Z									0	"http://www.wikidata.org/entity/Q185187"
<http://www.wikidata.org/entity/Q141469634>	POINT(10.027015 56.165329)		1300-01-01T00:00:00Z									0	"http://www.wikidata.org/entity/Q185187"
<http://www.wikidata.org/entity/Q1469598>	POINT(12.995600 50.581700)	"Frohnauer Hammer"@en	1650-01-01T00:00:00Z									3	"http://www.wikidata.org/entity/Q1662089|http://www.wikidata.org/entity/Q185187|http://www.wikidata.org/entity/Q256752"
<http://www.wikidata.org/entity/Q1516788>	POINT(9.108000 52.161400)		1769-01-01T00:00:00Z									2	"http://www.wikidata.org/entity/Q185187|http://www.wikidata.org/entity/Q256752"
<http://www.wikidata.org/entity/Q1542816>	POINT(14.201300 50.929400)		1518-01-01T00:00:00Z									2	"http://www.wikidata.org/entity/Q185187"
<http://www.wikidata.org/entity/Q15792109>	POINT(6.128316 51.706705)	"Aspermühle"@en	1301-01-01T00:00:00Z		1959-01-01T00:00:00Z							2	"http://www.wikidata.org/entity/Q1158847|http://www.wikidata.org/entity/Q185187|http://www.wikidata.org/entity/Q505213"
<http://www.wikidata.org/entity/Q15792727>	POINT(6.140255 51.697292)		1380-01-01T00:00:00Z									1	"http://www.wikidata.org/entity/Q185187"
<http://www.wikidata.org/entity/Q15853721>	POINT(8.794475 53.425723)	"Wassermühle Deelbrügge"@en	1850-01-01T00:00:00Z	1497-01-01T00:00:00Z								2	"http://www.wikidata.org/entity/Q185187"
<http://www.wikidata.org/entity/Q15867762>	POINT(9.049534 48.520625)	"Schweickhardt’sche Kunstmühle"@en		1501-01-01T00:00:00Z								2	"http://www.wikidata.org/entity/Q1792562|http://www.wikidata.org/entity/Q185187"
<http://www.wikidata.org/entity/Q15873102>	POINT(5.509730 50.886700)	"Biesenslagmolen"@en	1715-01-01T00:00:00Z									1	"http://www.wikidata.org/entity/Q185187"
<http://www.wikidata.org/entity/Q15874614>	POINT(5.513361 51.105361)	"Dorpermolen"@en	1758-01-01T00:00:00Z									2	"http://www.wikidata.org/entity/Q185187"
<http://www.wikidata.org/entity/Q15879834>	POINT(5.581403 51.010303)	"Nieuwe Molen (As)"@en	1717-01-01T00:00:00Z									2	"http://www.wikidata.org/entity/Q185187"
<http://www.wikidata.org/entity/Q15910221>	POINT(5.465160 50.898300)	"Nieuwbeekmolen"@en	1862-01-01T00:00:00Z									1	"http://www.wikidata.org/entity/Q185187"
<http://www.wikidata.org/entity/Q1592459>	POINT(8.192460 50.895000)			1240-01-01T00:00:00Z								1	"http://www.wikidata.org/entity/Q185187"
<http://www.wikidata.org/entity/Q1609663>	POINT(10.080000 52.627700)	"Herrenmühle"@en	1800-01-01T00:00:00Z									2	"http://www.wikidata.org/entity/Q185187"
<http://www.wikidata.org/entity/Q1610055>	POINT(13.677600 50.754400)	"Herklotzmühle"@en	1901-01-01T00:00:00Z									2	"http://www.wikidata.org/entity/Q185187|http://www.wikidata.org/entity/Q505213"
<http://www.wikidata.org/entity/Q16218306>	POINT(10.133214 52.096361)	"Wassermühle Derneburg"@en	1598-01-01T00:00:00Z									2	"http://www.wikidata.org/entity/Q12020836|http://www.wikidata.org/entity/Q185187"
<http://www.wikidata.org/entity/Q16321288>	POINT(2.978378 42.238331)	"Molí de la Torre (el Far d'Empordà)"@en	1853-01-01T00:00:00Z									3	"http://www.wikidata.org/entity/Q185187"
<http://www.wikidata.org/entity/Q16323263>	POINT(9.414145 55.040040)	"Brundlund Slotsmølle"@en	1530-01-01T00:00:00Z									2	"http://www.wikidata.org/entity/Q185187"
<http://www.wikidata.org/entity/Q16324953>	POINT(10.708333 55.096667)	"Vejstrup Watermill"@en	1838-01-01T00:00:00Z									2	"http://www.wikidata.org/entity/Q185187"
<http://www.wikidata.org/entity/Q16580965>	POINT(19.035400 54.023400)	"Upper Mill in Malbork"@en	1500-01-01T00:00:00Z									2	"http://www.wikidata.org/entity/Q185187|http://www.wikidata.org/entity/Q21600168"
<http://www.wikidata.org/entity/Q16580975>	POINT(22.342111 53.889167)	"Water mill in Straduny"@en	1900-01-01T00:00:00Z									2	"http://www.wikidata.org/entity/Q185187"
<http://www.wikidata.org/entity/Q16665379>	POINT(4.323382 50.791582)	"Nekkersgat Mill"@en	1663-01-01T00:00:00Z									3	"http://www.wikidata.org/entity/Q185187"
<http://www.wikidata.org/entity/Q1668980>	POINT(9.104830 52.166200)		1900-01-01T00:00:00Z									2	"http://www.wikidata.org/entity/Q1662089|http://www.wikidata.org/entity/Q185187|http://www.wikidata.org/entity/Q256752|http://www.wikidata.org/entity/Q40558"
<http://www.wikidata.org/entity/Q16765400>	POINT(16.306945 49.093056)	"Mlýn Hrubšice"@en	1700-01-01T00:00:00Z									2	"http://www.wikidata.org/entity/Q185187"
<http://www.wikidata.org/entity/Q16964724>	POINT(1.498210 48.669500)	"Mormoulins mill"@en	1800-01-01T00:00:00Z									2	"http://www.wikidata.org/entity/Q185187"
<http://www.wikidata.org/entity/Q1709696>	POINT(13.546900 54.046200)	"Wassermühle Hanshagen"@en	1524-01-01T00:00:00Z			1750-01-01T00:00:00Z						2	"http://www.wikidata.org/entity/Q15513569|http://www.wikidata.org/entity/Q185187"
<http://www.wikidata.org/entity/Q17122733>	POINT(8.714696 50.804534)	"Dammühle (Wehrshausen)"@en	1381-01-01T00:00:00Z									2	"http://www.wikidata.org/entity/Q185187"
<http://www.wikidata.org/entity/Q17600688>	POINT(1.992480 41.778800)	"El Molí del Castell"@en	1800-01-01T00:00:00Z									2	"http://www.wikidata.org/entity/Q185187"
<http://www.wikidata.org/entity/Q1772963>	POINT(9.188890 53.104400)		1790-01-01T00:00:00Z									1	"http://www.wikidata.org/entity/Q185187"
<http://www.wikidata.org/entity/Q1774875>	POINT(12.372000 50.574600)	"Klopfermühle Lengenfeld"@en	1438-01-01T00:00:00Z									2	"http://www.wikidata.org/entity/Q185187|http://www.wikidata.org/entity/Q358"
<http://www.wikidata.org/entity/Q1776464>	POINT(7.824440 51.683600)	"Klostermühle Pohl"@en	1880-01-01T00:00:00Z									2	"http://www.wikidata.org/entity/Q1497375|http://www.wikidata.org/entity/Q185187"
<http://www.wikidata.org/entity/Q17844731>	POINT(-3.382390 55.693000)	"Blyth Mill"@en	1817-01-01T00:00:00Z									0	"http://www.wikidata.org/entity/Q185187|http://www.wikidata.org/entity/Q256020"
<http://www.wikidata.org/entity/Q18003984>	POINT(1.308670 41.697100)	"El Molí del Castell"@en	1800-01-01T00:00:00Z									2	"http://www.wikidata.org/entity/Q185187"
<http://www.wikidata.org/entity/Q18004830>	POINT(1.520310 41.871800)	"El Molí"@en	1800-01-01T00:00:00Z									1	"http://www.wikidata.org/entity/Q185187"
<http://www.wikidata.org/entity/Q18004833>	POINT(3.117820 42.124600)	"Molí d'en Dou"@en	1600-01-01T00:00:00Z									2	"http://www.wikidata.org/entity/Q185187"
<http://www.wikidata.org/entity/Q18004837>	POINT(1.827820 41.570640)	"Molí d'oli"@en	1900-01-01T00:00:00Z									2	"http://www.wikidata.org/entity/Q185187"
<http://www.wikidata.org/entity/Q18004841>	POINT(1.590390 41.761946)	"Molí de Boixadors de Dalt"@en	1600-01-01T00:00:00Z									2	"http://www.wikidata.org/entity/Q185187"
<http://www.wikidata.org/entity/Q18004845>	POINT(1.640260 41.931500)	"Molí de Buida-sacs"@en	1200-01-01T00:00:00Z									2	"http://www.wikidata.org/entity/Q185187"
<http://www.wikidata.org/entity/Q18004853>	POINT(2.211290 41.796900)	"Molí de l'Estrada"@en	1501-01-01T00:00:00Z									2	"http://www.wikidata.org/entity/Q185187"
<http://www.wikidata.org/entity/Q18004862>	POINT(2.075840 41.780200)	"Molí de Marfà"@en	1820-01-01T00:00:00Z									2	"http://www.wikidata.org/entity/Q185187"
<http://www.wikidata.org/entity/Q18004877>	POINT(1.856550 41.996400)	"Molí del Lledó"@en	1700-01-01T00:00:00Z									2	"http://www.wikidata.org/entity/Q185187"
<http://www.wikidata.org/entity/Q18004882>	POINT(2.273270 41.721100)	"Molí del Mig"@en	1701-01-01T00:00:00Z									2	"http://www.wikidata.org/entity/Q185187"
<http://www.wikidata.org/entity/Q18004885>	POINT(1.392890 41.782900)	"Molí del Tarruella"@en	1400-01-01T00:00:00Z									2	"http://www.wikidata.org/entity/Q185187"
<http://www.wikidata.org/entity/Q18004888>	POINT(1.390730 41.775100)	"Molí del Vinyes"@en	1800-01-01T00:00:00Z									2	"http://www.wikidata.org/entity/Q185187"
<http://www.wikidata.org/entity/Q18004889>	POINT(1.427412 41.785236)	"Molí dels Frares"@en	1600-01-01T00:00:00Z									2	"http://www.wikidata.org/entity/Q185187"
<http://www.wikidata.org/entity/Q18004908>	POINT(1.854510 42.049000)	"Molí de Bellús (Avià)"@en	1751-01-01T00:00:00Z									2	"http://www.wikidata.org/entity/Q185187"
<http://www.wikidata.org/entity/Q18004917>	POINT(0.811534 41.772400)	"Molí del Comte"@en	1800-01-01T00:00:00Z									2	"http://www.wikidata.org/entity/Q185187"
<http://www.wikidata.org/entity/Q18004918>	POINT(1.385720 41.688000)	"Molí del Majà"@en	1900-01-01T00:00:00Z									2	"http://www.wikidata.org/entity/Q185187"
<http://www.wikidata.org/entity/Q18004919>	POINT(1.565700 42.009800)	"Molí dels Cups"@en	1100-01-01T00:00:00Z									2	"http://www.wikidata.org/entity/Q185187"
<http://www.wikidata.org/entity/Q1817379>	POINT(5.529444 51.459444)	"Watermill at Opwetten"@en	1764-01-01T00:00:00Z									3	"http://www.wikidata.org/entity/Q185187"
<http://www.wikidata.org/entity/Q18335226>	POINT(16.755330 62.689020)	"Åsens sågverk"@en	1905-01-01T00:00:00Z									3	"http://www.wikidata.org/entity/Q47036812"
<http://www.wikidata.org/entity/Q1843870>	POINT(5.986667 50.884167)	"Oliemolen, Heerlen"@en	1502-01-01T00:00:00Z									3	"http://www.wikidata.org/entity/Q185187"
<http://www.wikidata.org/entity/Q1852525>	POINT(5.777910 51.418720)	"Watermolen van Ruth"@en	1326-01-01T00:00:00Z									1	"http://www.wikidata.org/entity/Q185187"
<http://www.wikidata.org/entity/Q18631070>	POINT(16.083770 48.566990)	"Stadtmuseum Hollabrunn Alte Hofmühle"@en	1903-01-01T00:00:00Z									2	"http://www.wikidata.org/entity/Q185187|http://www.wikidata.org/entity/Q33506"
<http://www.wikidata.org/entity/Q18632658>	POINT(9.215371 53.298312)		1831-01-01T00:00:00Z									1	"http://www.wikidata.org/entity/Q185187"
<http://www.wikidata.org/entity/Q18696644>	POINT(1.357520 41.694500)	"Molí de Santa Fe"@en	1200-01-01T00:00:00Z									2	"http://www.wikidata.org/entity/Q185187"
<http://www.wikidata.org/entity/Q18696645>	POINT(1.606200 41.954900)	"Molí de Xixons"@en	1200-01-01T00:00:00Z									2	"http://www.wikidata.org/entity/Q185187"
<http://www.wikidata.org/entity/Q1882915>	POINT(13.650000 50.993500)	"Egermühle Deuben"@en	1893-01-01T00:00:00Z									2	"http://www.wikidata.org/entity/Q185187|http://www.wikidata.org/entity/Q505213"
<http://www.wikidata.org/entity/Q1924647>	POINT(5.493727 51.239364)	"Broekkantmolen"@en	1844-01-01T00:00:00Z									1	"http://www.wikidata.org/entity/Q185187"
<http://www.wikidata.org/entity/Q19256569>	POINT(0.913608 42.717500)	"era Mòla de Bagergue"@en	1800-01-01T00:00:00Z									2	"http://www.wikidata.org/entity/Q185187"
<http://www.wikidata.org/entity/Q19257114>	POINT(1.312790 41.877300)	"Molí de Sanaüja"@en	1900-01-01T00:00:00Z									2	"http://www.wikidata.org/entity/Q185187"
<http://www.wikidata.org/entity/Q19257116>	POINT(1.731180 42.104700)	"Molí de Terrers"@en	1800-01-01T00:00:00Z									2	"http://www.wikidata.org/entity/Q185187"
<http://www.wikidata.org/entity/Q19257118>	POINT(1.311130 41.836000)	"Molí del Cava"@en	1900-01-01T00:00:00Z									2	"http://www.wikidata.org/entity/Q185187"
<http://www.wikidata.org/entity/Q19362384>	POINT(8.193637 47.323715)	"Schlossmühle"@en	1638-01-01T00:00:00Z								"http://www.wikidata.org/entity/Q1435204"	2	"http://www.wikidata.org/entity/Q185187|http://www.wikidata.org/entity/Q56822897|http://www.wikidata.org/entity/Q811979"
<http://www.wikidata.org/entity/Q19362385>	POINT(8.160948 47.348948)	"former untere Mühle"@en	1600-01-01T00:00:00Z								"http://www.wikidata.org/entity/Q14545656"	1	"http://www.wikidata.org/entity/Q185187|http://www.wikidata.org/entity/Q56822897|http://www.wikidata.org/entity/Q811979"
<http://www.wikidata.org/entity/Q19362607>	POINT(8.265872 46.714744)	"Sawmill Mühletal"@en	1900-01-01T00:00:00Z								"http://www.wikidata.org/entity/Q1115208"	1	"http://www.wikidata.org/entity/Q1662011|http://www.wikidata.org/entity/Q24699794|http://www.wikidata.org/entity/Q47036812|http://www.wikidata.org/entity/Q811979"
<http://www.wikidata.org/entity/Q19368101>	POINT(1.399270 42.027000)	"Molí de Querol"@en	1100-01-01T00:00:00Z									2	"http://www.wikidata.org/entity/Q185187"
<http://www.wikidata.org/entity/Q19368102>	POINT(1.698910 41.450700)	"Molí d'en Jan"@en	1800-01-01T00:00:00Z									2	"http://www.wikidata.org/entity/Q185187"
<http://www.wikidata.org/entity/Q19368103>	POINT(1.703980 41.454200)	"Molí de Cal Ton del Pere"@en	1701-01-01T00:00:00Z									2	"http://www.wikidata.org/entity/Q185187"
<http://www.wikidata.org/entity/Q19368105>	POINT(1.580510 41.381600)	"Molí del Morgades"@en	1750-01-01T00:00:00Z									2	"http://www.wikidata.org/entity/Q185187"
<http://www.wikidata.org/entity/Q1940300>	POINT(9.568670 52.273800)	"Mittelmühle Wennigsen"@en	1900-01-01T00:00:00Z									2	"http://www.wikidata.org/entity/Q185187"
<http://www.wikidata.org/entity/Q1957989>	POINT(9.617538 47.779687)	"Mönchmühle Ravensburg"@en		1312-01-01T00:00:00Z	2023-08-01T00:00:00Z							2	"http://www.wikidata.org/entity/Q185187"
<http://www.wikidata.org/entity/Q19594044>	POINT(2.108193 41.566874)	"molí de l'Amat"@en		1390-01-01T00:00:00Z								1	"http://www.wikidata.org/entity/Q185187"
<http://www.wikidata.org/entity/Q19787737>	POINT(9.882574 53.265761)	"Holm Watermill"@en	1757-01-01T00:00:00Z								"http://www.wikidata.org/entity/Q1988571|http://www.wikidata.org/entity/Q36696727"	2	"http://www.wikidata.org/entity/Q185187"
<http://www.wikidata.org/entity/Q1987714>	POINT(14.746897 50.939292)	"Niedere Mühle Niederoderwitz"@en	1800-01-01T00:00:00Z									2	"http://www.wikidata.org/entity/Q1303167|http://www.wikidata.org/entity/Q15513569|http://www.wikidata.org/entity/Q185187|http://www.wikidata.org/entity/Q42896655|http://www.wikidata.org/entity/Q56822897"
<http://www.wikidata.org/entity/Q20032334>	POINT(15.313803 50.928603)	"Watermill in Czerniawa-Zdrój"@en	1890-01-01T00:00:00Z									2	"http://www.wikidata.org/entity/Q185187|http://www.wikidata.org/entity/Q33506"
<http://www.wikidata.org/entity/Q2010460>	POINT(14.994265 51.143925)		1750-01-01T00:00:00Z									1	"http://www.wikidata.org/entity/Q131734|http://www.wikidata.org/entity/Q185187"
<http://www.wikidata.org/entity/Q20106161>	POINT(2.067396 41.628841)	"Molí d'en Barata"@en	1700-01-01T00:00:00Z									1	"http://www.wikidata.org/entity/Q185187"
<http://www.wikidata.org/entity/Q20106176>	POINT(2.138550 41.520215)	"molí Vermell"@en	1800-01-01T00:00:00Z									2	"http://www.wikidata.org/entity/Q185187"
<http://www.wikidata.org/entity/Q2041492>	POINT(4.339167 50.920278)	"Sprietmolen"@en	1742-01-01T00:00:00Z									2	"http://www.wikidata.org/entity/Q185187"
<http://www.wikidata.org/entity/Q20888321>	POINT(1.660027 41.564389)	"Molí de Rigat"@en	1701-01-01T00:00:00Z									2	"http://www.wikidata.org/entity/Q185187|http://www.wikidata.org/entity/Q918088"
<http://www.wikidata.org/entity/Q20901298>	POINT(1.342390 41.626120)	"Molí de Baix de Sant Antolí"@en	1900-01-01T00:00:00Z									2	"http://www.wikidata.org/entity/Q185187"
<http://www.wikidata.org/entity/Q20901299>	POINT(1.672974 41.548967)	"Molí de Ca l'Almiralló"@en	1800-01-01T00:00:00Z									2	"http://www.wikidata.org/entity/Q185187|http://www.wikidata.org/entity/Q918088"
<http://www.wikidata.org/entity/Q20901305>	POINT(1.341660 41.625470)	"Molí de Dalt de Sant Antolí"@en	1900-01-01T00:00:00Z									2	"http://www.wikidata.org/entity/Q185187"
<http://www.wikidata.org/entity/Q20901309>	POINT(1.670794 41.562857)	"Molí de la Boixera"@en	1753-01-01T00:00:00Z									2	"http://www.wikidata.org/entity/Q185187"
<http://www.wikidata.org/entity/Q20901310>	POINT(1.317500 41.643450)	"Molí de Sant Pere dels Arquells"@en	1900-01-01T00:00:00Z									2	"http://www.wikidata.org/entity/Q185187"
<http://www.wikidata.org/entity/Q20901313>	POINT(1.328480 41.637030)	"molí del Mas de Baix"@en	1900-01-01T00:00:00Z									2	"http://www.wikidata.org/entity/Q185187"
<http://www.wikidata.org/entity/Q20985062>	POINT(1.697020 41.515790)	"Cal Bota"@en	1700-01-01T00:00:00Z									2	"http://www.wikidata.org/entity/Q185187"
<http://www.wikidata.org/entity/Q20986020>	POINT(1.670371 41.458095)	"Molí de Ca n'Oliver"@en	1800-01-01T00:00:00Z									2	"http://www.wikidata.org/entity/Q185187"
<http://www.wikidata.org/entity/Q20986022>	POINT(1.741930 41.442299)	"Molí de l'Alcover"@en	1701-01-01T00:00:00Z									2	"http://www.wikidata.org/entity/Q185187"
<http://www.wikidata.org/entity/Q20986027>	POINT(1.247100 41.596100)	"Molí del Camell de Dalt"@en	1900-01-01T00:00:00Z									2	"http://www.wikidata.org/entity/Q185187"
<http://www.wikidata.org/entity/Q20986028>	POINT(1.269240 41.609950)	"Molí del Moreno"@en	1900-01-01T00:00:00Z									2	"http://www.wikidata.org/entity/Q185187"
<http://www.wikidata.org/entity/Q20986030>	POINT(1.335720 41.633970)	"Molí dels Hostalets"@en	1600-01-01T00:00:00Z									2	"http://www.wikidata.org/entity/Q185187"
<http://www.wikidata.org/entity/Q20986033>	POINT(1.494681 41.679606)	"Molins de Segur"@en	1700-01-01T00:00:00Z									2	"http://www.wikidata.org/entity/Q185187"
<http://www.wikidata.org/entity/Q20986034>	POINT(1.980950 42.004702)	"Molí d'Escrigues"@en	1601-01-01T00:00:00Z									2	"http://www.wikidata.org/entity/Q185187"
<http://www.wikidata.org/entity/Q20986036>	POINT(1.868373 42.072122)	"Molí de Minoves"@en	1637-01-01T00:00:00Z								"http://www.wikidata.org/entity/Q8255007"	1	"http://www.wikidata.org/entity/Q185187"
<http://www.wikidata.org/entity/Q20986039>	POINT(1.971945 41.990995)	"Molí del Mas"@en	1701-01-01T00:00:00Z									1	"http://www.wikidata.org/entity/Q185187"
<http://www.wikidata.org/entity/Q21077348>	POINT(2.001122 42.144594)	"Molí de Campalans"@en	1701-01-01T00:00:00Z									1	"http://www.wikidata.org/entity/Q185187"
<http://www.wikidata.org/entity/Q21077349>	POINT(1.974366 42.131020)	"Molí de Canemars"@en	1701-01-01T00:00:00Z									1	"http://www.wikidata.org/entity/Q185187"
<http://www.wikidata.org/entity/Q21077352>	POINT(2.053314 42.139957)	"Molí de Danyans"@en	1701-01-01T00:00:00Z									1	"http://www.wikidata.org/entity/Q185187"
<http://www.wikidata.org/entity/Q21077354>	POINT(1.948235 42.103053)	"Molí de la Portella"@en	1700-01-01T00:00:00Z									2	"http://www.wikidata.org/entity/Q185187"
<http://www.wikidata.org/entity/Q21077355>	POINT(1.896814 42.129391)	"Molí de la Sala"@en	1301-01-01T00:00:00Z									1	"http://www.wikidata.org/entity/Q185187"
<http://www.wikidata.org/entity/Q21077356>	POINT(2.009738 42.081830)	"molí de les Heures"@en	1600-01-01T00:00:00Z									2	"http://www.wikidata.org/entity/Q185187"
<http://www.wikidata.org/entity/Q21077363>	POINT(1.999591 42.136520)	"Molí del Xic"@en	1701-01-01T00:00:00Z									1	"http://www.wikidata.org/entity/Q185187"
<http://www.wikidata.org/entity/Q21077395>	POINT(1.803797 42.061227)	"Molí de la Riereta"@en	1701-01-01T00:00:00Z									1	"http://www.wikidata.org/entity/Q185187"
<http://www.wikidata.org/entity/Q2117023>	POINT(5.537778 51.445278)	"Watermill at Kollen"@en	1681-01-01T00:00:00Z									3	"http://www.wikidata.org/entity/Q185187"
<http://www.wikidata.org/entity/Q2117040>	POINT(5.473167 50.960083)	"Slagmolen"@en	1523-01-01T00:00:00Z									2	"http://www.wikidata.org/entity/Q185187"
<http://www.wikidata.org/entity/Q2117839>	POINT(6.052760 52.464560)	"Watermolen Hattem"@en	1857-01-01T00:00:00Z								"http://www.wikidata.org/entity/Q2329643"	2	"http://www.wikidata.org/entity/Q185187"
<http://www.wikidata.org/entity/Q21402439>	POINT(0.598680 41.422463)	"Molí del bep de canut"@en	1900-01-01T00:00:00Z									2	"http://www.wikidata.org/entity/Q185187"
<http://www.wikidata.org/entity/Q21480076>	POINT(1.894544 42.196570)	"Molí de Dalt"@en	1700-01-01T00:00:00Z									1	"http://www.wikidata.org/entity/Q185187"
<http://www.wikidata.org/entity/Q21480077>	POINT(1.658386 42.225744)	"Molí de Gósol"@en	1700-01-01T00:00:00Z									2	"http://www.wikidata.org/entity/Q182676|http://www.wikidata.org/entity/Q185187"
<http://www.wikidata.org/entity/Q21480078>	POINT(1.883117 42.162810)	"Molí de l'Avellanosa"@en		1342-01-01T00:00:00Z								1	"http://www.wikidata.org/entity/Q185187"
<http://www.wikidata.org/entity/Q21480079>	POINT(1.880973 42.162066)	"Molí de la Nou"@en		1700-01-01T00:00:00Z								1	"http://www.wikidata.org/entity/Q185187"
<http://www.wikidata.org/entity/Q21603943>	POINT(1.812509 42.268727)	"El Molí del Puig"@en	1800-01-01T00:00:00Z									2	"http://www.wikidata.org/entity/Q185187"
<http://www.wikidata.org/entity/Q21622695>	POINT(1.754536 42.241393)	"Molí de Baix"@en	1701-01-01T00:00:00Z									1	"http://www.wikidata.org/entity/Q185187"
<http://www.wikidata.org/entity/Q21622699>	POINT(1.692146 42.213582)	"Molí de la Farga"@en	1701-01-01T00:00:00Z									1	"http://www.wikidata.org/entity/Q185187"
<http://www.wikidata.org/entity/Q21622702>	POINT(1.740861 42.224475)	"Molí de la Palanca"@en	1701-01-01T00:00:00Z									1	"http://www.wikidata.org/entity/Q185187"
<http://www.wikidata.org/entity/Q21622704>	POINT(1.741907 42.227332)	"Molí de les Flors"@en	1801-01-01T00:00:00Z									1	"http://www.wikidata.org/entity/Q185187"
<http://www.wikidata.org/entity/Q21622706>	POINT(1.750307 42.233359)	"Molí de les Llenes"@en	1701-01-01T00:00:00Z									1	"http://www.wikidata.org/entity/Q185187"
<http://www.wikidata.org/entity/Q21622712>	POINT(1.780097 42.228825)	"Molí de Maçaners"@en	1701-01-01T00:00:00Z									1	"http://www.wikidata.org/entity/Q185187"
<http://www.wikidata.org/entity/Q21622719>	POINT(1.826929 42.212004)	"Molí de Vallcebre"@en	1701-01-01T00:00:00Z									1	"http://www.wikidata.org/entity/Q185187"
<http://www.wikidata.org/entity/Q2170262>	POINT(5.654585 51.068454)	"Dorpermolen"@en	1859-01-01T00:00:00Z									2	"http://www.wikidata.org/entity/Q185187"
<http://www.wikidata.org/entity/Q21748970>	POINT(1.562390 42.013630)	"Molí de Rocafort"@en	1100-01-01T00:00:00Z									1	"http://www.wikidata.org/entity/Q185187"
<http://www.wikidata.org/entity/Q21849442>	POINT(2.914010 41.882220)	"Molí d'en Vilallonga i aqüeducte"@en	1800-01-01T00:00:00Z									2	"http://www.wikidata.org/entity/Q12280|http://www.wikidata.org/entity/Q185187|http://www.wikidata.org/entity/Q474"
<http://www.wikidata.org/entity/Q21899289>	POINT(1.700914 42.429374)	"Molí de la Llosa"@en	1800-01-01T00:00:00Z									2	"http://www.wikidata.org/entity/Q185187"
<http://www.wikidata.org/entity/Q2244628>	POINT(12.795100 51.045000)	"Schlossmühle Rochlitz"@en	1862-01-01T00:00:00Z									2	"http://www.wikidata.org/entity/Q185187"
<http://www.wikidata.org/entity/Q22691177>	POINT(10.195850 48.384910)	"Anhofer Muehle"@en	1858-01-01T00:00:00Z									2	"http://www.wikidata.org/entity/Q185187"
<http://www.wikidata.org/entity/Q22693876>	POINT(12.866940 50.195690)	"Old mill in Březová"@en	1899-01-01T00:00:00Z									3	"http://www.wikidata.org/entity/Q185187"
<http://www.wikidata.org/entity/Q22694682>	POINT(13.370595 50.985319)		1912-01-01T00:00:00Z									2	"http://www.wikidata.org/entity/Q185187"
<http://www.wikidata.org/entity/Q22806754>	POINT(10.003880 56.124430)	"Tarskov Mill Farm"@en	1777-01-01T00:00:00Z									3	"http://www.wikidata.org/entity/Q185187"
<http://www.wikidata.org/entity/Q22915879>	POINT(2.423636 48.818085)	"moulin de la Chaussée"@en	1650-01-01T00:00:00Z									2	"http://www.wikidata.org/entity/Q185187"
<http://www.wikidata.org/entity/Q22920244>	POINT(-0.656406 44.812174)	"Moulin de Noès"@en	1761-01-01T00:00:00Z									2	"http://www.wikidata.org/entity/Q185187"
<http://www.wikidata.org/entity/Q22927278>	POINT(-3.003611 48.001944)		1556-01-01T00:00:00Z									1	"http://www.wikidata.org/entity/Q185187"
<http://www.wikidata.org/entity/Q22964235>	POINT(-0.922165 49.302516)	"Moulin du Bosq"@en	1684-01-01T00:00:00Z									2	"http://www.wikidata.org/entity/Q185187"
<http://www.wikidata.org/entity/Q2296808>	POINT(5.971592 50.833658)	"Oude Molen"@en	1774-01-01T00:00:00Z									3	"http://www.wikidata.org/entity/Q185187"
<http://www.wikidata.org/entity/Q23499047>	POINT(1.925965 41.477568)	"Molí d'en Gomis"@en	1700-01-01T00:00:00Z									2	"http://www.wikidata.org/entity/Q185187"
<http://www.wikidata.org/entity/Q23502315>	POINT(2.310812 41.942868)	"Fàbrica Nova"@en	1900-01-01T00:00:00Z									2	"http://www.wikidata.org/entity/Q185187"
<http://www.wikidata.org/entity/Q23929990>	POINT(15.711611 49.178083)	"Dašov mill"@en	1536-01-01T00:00:00Z									2	"http://www.wikidata.org/entity/Q185187|http://www.wikidata.org/entity/Q33506"
<http://www.wikidata.org/entity/Q2482418>	POINT(5.962589 50.828689)	"Bulkemsmolen"@en	1774-01-01T00:00:00Z									3	"http://www.wikidata.org/entity/Q185187"
<http://www.wikidata.org/entity/Q2512617>	POINT(6.160556 51.330833)	"Wambachermolen"@en	1326-01-01T00:00:00Z									1	"http://www.wikidata.org/entity/Q185187"
<http://www.wikidata.org/entity/Q25423063>	POINT(1.238450 41.732600)	"Molí d'Hostafrancs"@en	1900-01-01T00:00:00Z									2	"http://www.wikidata.org/entity/Q185187"
<http://www.wikidata.org/entity/Q25423074>	POINT(1.178870 41.754000)	"Molí del Serra"@en	1800-01-01T00:00:00Z									2	"http://www.wikidata.org/entity/Q185187"
<http://www.wikidata.org/entity/Q25423075>	POINT(1.186711 41.752200)	"Molí Boixadera"@en	1800-01-01T00:00:00Z									2	"http://www.wikidata.org/entity/Q185187"
<http://www.wikidata.org/entity/Q25433906>	POINT(1.198319 41.757500)	"Molí del Castell"@en	1600-01-01T00:00:00Z									2	"http://www.wikidata.org/entity/Q185187"
<http://www.wikidata.org/entity/Q2551326>	POINT(7.228120 51.769200)	"Sythen Watermill"@en	1400-01-01T00:00:00Z									2	"http://www.wikidata.org/entity/Q185187"
<http://www.wikidata.org/entity/Q2554836>	POINT(13.593700 50.777200)	"Weicheltmühle"@en	1807-01-01T00:00:00Z									2	"http://www.wikidata.org/entity/Q185187"
<http://www.wikidata.org/entity/Q2609723>	POINT(14.146310 49.307690)	"Hydroelectric power plant in Písek"@en	1901-01-01T00:00:00Z									3	"http://www.wikidata.org/entity/Q1067107|http://www.wikidata.org/entity/Q123819111|http://www.wikidata.org/entity/Q185187"
<http://www.wikidata.org/entity/Q26268184>	POINT(-1.584603 54.108908)	"Abbey Mill"@en	1130-01-01T00:00:00Z									2	"http://www.wikidata.org/entity/Q185187"
<http://www.wikidata.org/entity/Q2629909>	POINT(6.221460 51.996500)	"watermill Keppelsche IJzergieterij"@en	1794-01-01T00:00:00Z		1951-01-01T00:00:00Z							0	"http://www.wikidata.org/entity/Q185187"
<http://www.wikidata.org/entity/Q26411360>	POINT(-0.635644 51.839902)	"Watermill at Ford End Farm"@en	1616-01-01T00:00:00Z									1	"http://www.wikidata.org/entity/Q185187"
<http://www.wikidata.org/entity/Q26508615>	POINT(-3.287545 50.724144)	"Tipton Mill"@en	1601-01-01T00:00:00Z									1	"http://www.wikidata.org/entity/Q185187"
<http://www.wikidata.org/entity/Q26523300>	POINT(-2.443190 53.193493)	"Kinderton Mill"@en	1609-01-01T00:00:00Z									0	"http://www.wikidata.org/entity/Q185187"
<http://www.wikidata.org/entity/Q26576960>	POINT(-1.218129 53.133532)	"Hermitage Mill"@en	1780-01-01T00:00:00Z		2022-01-01T00:00:00Z							1	"http://www.wikidata.org/entity/Q185187|http://www.wikidata.org/entity/Q46398483"
<http://www.wikidata.org/entity/Q26806263>	POINT(2.461681 42.301509)	"molí de Surroca"@en	1700-01-01T00:00:00Z									2	"http://www.wikidata.org/entity/Q185187"
<http://www.wikidata.org/entity/Q26821571>	POINT(6.284878 50.573612)		1544-01-01T00:00:00Z									2	"http://www.wikidata.org/entity/Q185187"
<http://www.wikidata.org/entity/Q26821634>	POINT(13.977199 50.994998)	"Lochmühle Lohmen"@en	1828-01-01T00:00:00Z									2	"http://www.wikidata.org/entity/Q185187"
<http://www.wikidata.org/entity/Q26836673>	POINT(13.702003 51.029885)	"Bienertmühle Plauen"@en	1863-01-01T00:00:00Z									3	"http://www.wikidata.org/entity/Q185187"
<http://www.wikidata.org/entity/Q2691647>	POINT(5.504167 51.637222)	"Kilsdonkse molen"@en	1842-01-01T00:00:00Z									2	"http://www.wikidata.org/entity/Q185187|http://www.wikidata.org/entity/Q3851468|http://www.wikidata.org/entity/Q38720"
<http://www.wikidata.org/entity/Q27087941>	POINT(12.582056 51.602222)	"Obermühle"@en	1800-01-01T00:00:00Z									2	"http://www.wikidata.org/entity/Q1516079|http://www.wikidata.org/entity/Q185187"
<http://www.wikidata.org/entity/Q28100111>	POINT(13.572010 50.929963)	"Barthmühle"@en	1880-01-01T00:00:00Z									1	"http://www.wikidata.org/entity/Q185187"
<http://www.wikidata.org/entity/Q28100152>	POINT(13.571760 50.925231)	"Stübemühle"@en	1801-01-01T00:00:00Z									1	"http://www.wikidata.org/entity/Q185187"
<http://www.wikidata.org/entity/Q28100183>	POINT(13.557059 50.922023)	"Winkelmühle Dorfhain"@en	1835-01-01T00:00:00Z									1	"http://www.wikidata.org/entity/Q185187"
<http://www.wikidata.org/entity/Q28192703>	POINT(0.794547 42.700619)	"era de Vielha"@en	1900-01-01T00:00:00Z									2	"http://www.wikidata.org/entity/Q185187"
<http://www.wikidata.org/entity/Q28374100>	POINT(1.286661 41.754750)	"Molí de Baix"@en	1400-01-01T00:00:00Z									2	"http://www.wikidata.org/entity/Q185187"
<http://www.wikidata.org/entity/Q28374504>	POINT(1.295569 41.755780)	"Molí de Dalt"@en	1400-01-01T00:00:00Z									2	"http://www.wikidata.org/entity/Q185187"
<http://www.wikidata.org/entity/Q28374536>	POINT(1.257080 41.752970)	"Molí de Dalt del Vidal"@en	1500-01-01T00:00:00Z									2	"http://www.wikidata.org/entity/Q185187"
<http://www.wikidata.org/entity/Q28377699>	POINT(2.160497 41.634106)	"Molí de l'Esclop"@en	1701-01-01T00:00:00Z									2	"http://www.wikidata.org/entity/Q185187"
<http://www.wikidata.org/entity/Q28377741>	POINT(1.252031 41.753250)	"Molí de la Casa Nova"@en	1900-01-01T00:00:00Z									2	"http://www.wikidata.org/entity/Q185187"
<http://www.wikidata.org/entity/Q28377818>	POINT(1.264219 41.751700)	"Molí de la Roureda"@en	1900-01-01T00:00:00Z									2	"http://www.wikidata.org/entity/Q185187"
<http://www.wikidata.org/entity/Q28378137>	POINT(1.261511 41.732250)	"Molí de Sedó"@en	1900-01-01T00:00:00Z									2	"http://www.wikidata.org/entity/Q185187"
<http://www.wikidata.org/entity/Q28379766>	POINT(1.291161 41.754931)	"Molí del Mig (Bellveí)"@en	1500-01-01T00:00:00Z									2	"http://www.wikidata.org/entity/Q185187"
<http://www.wikidata.org/entity/Q28379775>	POINT(1.273381 41.753311)	"Molí del Solsona de Baix"@en	1500-01-01T00:00:00Z									2	"http://www.wikidata.org/entity/Q185187"
<http://www.wikidata.org/entity/Q28379777>	POINT(1.259911 41.753019)	"Molí del Vidal"@en	1700-01-01T00:00:00Z									2	"http://www.wikidata.org/entity/Q185187"
<http://www.wikidata.org/entity/Q28379785>	POINT(1.272800 41.756311)	"Molí del Vives"@en	1800-01-01T00:00:00Z									2	"http://www.wikidata.org/entity/Q185187"
<http://www.wikidata.org/entity/Q28662532>	POINT(-0.352058 39.489736)	"Molí de Farinós"@en	1817-01-01T00:00:00Z									2	"http://www.wikidata.org/entity/Q185187"
<http://www.wikidata.org/entity/Q28675452>	POINT(18.610556 53.010000)	"Tanning mill in Toruń"@en	1700-01-01T00:00:00Z									2	"http://www.wikidata.org/entity/Q185187"
<http://www.wikidata.org/entity/Q28711279>	POINT(2.612530 42.065990)	"El Molí d'en Coma"@en	1800-01-01T00:00:00Z									2	"http://www.wikidata.org/entity/Q185187"
<http://www.wikidata.org/entity/Q28711539>	POINT(2.410650 41.550600)	"Molí de Saborit"@en	1601-01-01T00:00:00Z									1	"http://www.wikidata.org/entity/Q185187|http://www.wikidata.org/entity/Q585956"
<http://www.wikidata.org/entity/Q28711613>	POINT(0.808900 42.698000)	"Era Mòla de Betren"@en	1900-01-01T00:00:00Z									2	"http://www.wikidata.org/entity/Q185187"
<http://www.wikidata.org/entity/Q28711891>	POINT(1.027248 41.556945)	"Molí de Fontova"@en	1800-01-01T00:00:00Z									2	"http://www.wikidata.org/entity/Q185187"
<http://www.wikidata.org/entity/Q28711892>	POINT(1.023408 41.568017)	"Molí de la Torre Blanca"@en	1300-01-01T00:00:00Z									2	"http://www.wikidata.org/entity/Q185187"
<http://www.wikidata.org/entity/Q28711940>	POINT(0.640247 41.605622)	"Molí de Sant Anastasi"@en	1250-01-01T00:00:00Z									2	"http://www.wikidata.org/entity/Q185187|http://www.wikidata.org/entity/Q33506"
<http://www.wikidata.org/entity/Q28712449>	POINT(1.045905 41.554811)	"Molí de l'Horta"@en	1800-01-01T00:00:00Z									2	"http://www.wikidata.org/entity/Q185187"
<http://www.wikidata.org/entity/Q28712450>	POINT(1.032993 41.555320)	"Molí de la Canya"@en	1800-01-01T00:00:00Z									2	"http://www.wikidata.org/entity/Q185187"
<http://www.wikidata.org/entity/Q28752752>	POINT(1.226111 47.192500)	"Moulin d'Olivet"@en	1763-01-01T00:00:00Z									4	"http://www.wikidata.org/entity/Q185187"
<http://www.wikidata.org/entity/Q29444465>	POINT(-3.323190 52.122209)	"Court Mill"@en	1795-01-01T00:00:00Z									0	"http://www.wikidata.org/entity/Q109607|http://www.wikidata.org/entity/Q185187|http://www.wikidata.org/entity/Q44494"
<http://www.wikidata.org/entity/Q29445780>	POINT(-1.754123 47.992908)	"Moulin du Boël"@en	1652-01-01T00:00:00Z									1	"http://www.wikidata.org/entity/Q1067107|http://www.wikidata.org/entity/Q185187"
<http://www.wikidata.org/entity/Q29479850>	POINT(-1.822734 47.821948)	"Minoterie Messac-Guipry"@en	1000-01-01T00:00:00Z									1	"http://www.wikidata.org/entity/Q185187|http://www.wikidata.org/entity/Q448030"
<http://www.wikidata.org/entity/Q29565458>	POINT(15.814877 49.932596)	"Mlýn Janderov"@en		1570-01-01T00:00:00Z								2	"http://www.wikidata.org/entity/Q185187"
<http://www.wikidata.org/entity/Q29822902>	POINT(-0.346590 39.577357)	"Molí de la Lloma"@en	1313-01-01T00:00:00Z									2	"http://www.wikidata.org/entity/Q185187"
<http://www.wikidata.org/entity/Q29958448>	POINT(-0.345614 39.577478)	"Molí de Baix, Massamagrell"@en	1658-01-01T00:00:00Z									2	"http://www.wikidata.org/entity/Q185187"
<http://www.wikidata.org/entity/Q29964983>	POINT(19.363319 53.302264)		1890-01-01T00:00:00Z									0	"http://www.wikidata.org/entity/Q113536072|http://www.wikidata.org/entity/Q185187"
<http://www.wikidata.org/entity/Q29965213>	POINT(19.705917 53.232833)		1905-01-01T00:00:00Z								"http://www.wikidata.org/entity/Q29965210"	0	"http://www.wikidata.org/entity/Q185187"
<http://www.wikidata.org/entity/Q29976812>	POINT(19.282889 52.853556)		1900-01-01T00:00:00Z									0	"http://www.wikidata.org/entity/Q185187"
<http://www.wikidata.org/entity/Q30034776>	POINT(17.997389 53.122528)	"Centrum Pracy i Przedsiębiorczości"@en	1800-01-01T00:00:00Z								"http://www.wikidata.org/entity/Q122155811"	1	"http://www.wikidata.org/entity/Q185187"
<http://www.wikidata.org/entity/Q30035394>	POINT(18.754167 53.489028)	"1 Młyńska Street in Grudziądz"@en	1900-01-01T00:00:00Z									1	"http://www.wikidata.org/entity/Q185187"
<http://www.wikidata.org/entity/Q30036852>	POINT(19.057861 52.657861)	"Former salt mill in Włocławek"@en	1909-01-01T00:00:00Z									2	"http://www.wikidata.org/entity/Q185187"
<http://www.wikidata.org/entity/Q30037617>	POINT(17.660000 53.108056)		1900-01-01T00:00:00Z								"http://www.wikidata.org/entity/Q30037616"	0	"http://www.wikidata.org/entity/Q185187"
<http://www.wikidata.org/entity/Q30037622>	POINT(17.659722 53.109222)		1900-01-01T00:00:00Z								"http://www.wikidata.org/entity/Q30037616"	0	"http://www.wikidata.org/entity/Q185187"
<http://www.wikidata.org/entity/Q30037886>	POINT(19.415194 53.065944)		1900-01-01T00:00:00Z									0	"http://www.wikidata.org/entity/Q185187"
<http://www.wikidata.org/entity/Q30037947>	POINT(19.321333 53.112583)		1900-01-01T00:00:00Z								"http://www.wikidata.org/entity/Q30037942"	0	"http://www.wikidata.org/entity/Q185187"
<http://www.wikidata.org/entity/Q30038505>	POINT(18.307500 53.350583)	"Watermill in Gruczno"@en	1888-01-01T00:00:00Z									1	"http://www.wikidata.org/entity/Q185187"
<http://www.wikidata.org/entity/Q30038543>	POINT(18.405353 53.401796)		1864-01-01T00:00:00Z								"http://www.wikidata.org/entity/Q30038542"	0	"http://www.wikidata.org/entity/Q185187"
<http://www.wikidata.org/entity/Q30038546>	POINT(18.405403 53.401917)		1864-01-01T00:00:00Z								"http://www.wikidata.org/entity/Q30038542"	0	"http://www.wikidata.org/entity/Q185187"
<http://www.wikidata.org/entity/Q30039012>	POINT(18.820667 53.229861)		1876-01-01T00:00:00Z									0	"http://www.wikidata.org/entity/Q185187"
<http://www.wikidata.org/entity/Q30040144>	POINT(15.603939 51.308811)		1600-01-01T00:00:00Z									0	"http://www.wikidata.org/entity/Q185187"
<http://www.wikidata.org/entity/Q30040393>	POINT(15.812673 51.366592)		1905-01-01T00:00:00Z								"http://www.wikidata.org/entity/Q30040387"	0	"http://www.wikidata.org/entity/Q185187"
<http://www.wikidata.org/entity/Q30041684>	POINT(16.528656 51.667531)	"Windmill in Góra"@en	1900-01-01T00:00:00Z									1	"http://www.wikidata.org/entity/Q185187"
<http://www.wikidata.org/entity/Q30041783>	POINT(16.579773 51.641992)	"Windmill in Zawieścice"@en	1900-01-01T00:00:00Z									1	"http://www.wikidata.org/entity/Q185187"
<http://www.wikidata.org/entity/Q30041878>	POINT(16.395730 51.681989)	"Windmill in Żuchlów"@en	1745-01-01T00:00:00Z									1	"http://www.wikidata.org/entity/Q185187"
<http://www.wikidata.org/entity/Q30045501>	POINT(15.834708 50.793750)	"11, 1 Maja Street in Kowary"@en	1800-01-01T00:00:00Z									1	"http://www.wikidata.org/entity/Q185187"
<http://www.wikidata.org/entity/Q30045726>	POINT(15.863657 50.852294)	"49 Rudawska Street in Karpniki"@en	1900-01-01T00:00:00Z									1	"http://www.wikidata.org/entity/Q185187"
<http://www.wikidata.org/entity/Q30045950>	POINT(15.674322 50.811433)		1803-01-01T00:00:00Z									1	"http://www.wikidata.org/entity/Q185187"
<http://www.wikidata.org/entity/Q30046094>	POINT(15.524836 50.825483)	"Saint Luke mill in Szklarska Poręba"@en	1870-01-01T00:00:00Z									3	"http://www.wikidata.org/entity/Q185187"
<http://www.wikidata.org/entity/Q30046100>	POINT(16.063224 50.699735)	"House No. 36 in Jawiszów"@en	1800-01-01T00:00:00Z									2	"http://www.wikidata.org/entity/Q185187"
<http://www.wikidata.org/entity/Q30047127>	POINT(16.608686 50.414962)		1800-01-01T00:00:00Z								"http://www.wikidata.org/entity/Q30047126"	0	"http://www.wikidata.org/entity/Q185187"
<http://www.wikidata.org/entity/Q30047128>	POINT(16.608803 50.415083)		1900-01-01T00:00:00Z								"http://www.wikidata.org/entity/Q30047126"	0	"http://www.wikidata.org/entity/Q185187"
<http://www.wikidata.org/entity/Q30051693>	POINT(15.265950 51.049833)	"Watermill in Szyszkowa Górna"@en	1800-01-01T00:00:00Z									1	"http://www.wikidata.org/entity/Q185187"
<http://www.wikidata.org/entity/Q30055349>	POINT(15.382678 50.968998)		1800-01-01T00:00:00Z									0	"http://www.wikidata.org/entity/Q185187"
<http://www.wikidata.org/entity/Q30055997>	POINT(15.683597 50.867192)	"18 Mieszka I in Jelenia Góra"@en	1783-01-01T00:00:00Z									1	"http://www.wikidata.org/entity/Q185187"
<http://www.wikidata.org/entity/Q30056026>	POINT(15.827475 50.911478)	"69 Wrocławska Street in Jelenia Góra"@en	1900-01-01T00:00:00Z									1	"http://www.wikidata.org/entity/Q185187"
<http://www.wikidata.org/entity/Q30060057>	POINT(19.395100 50.297230)		1900-01-01T00:00:00Z								"http://www.wikidata.org/entity/Q30060055"	0	"http://www.wikidata.org/entity/Q185187"
<http://www.wikidata.org/entity/Q30060074>	POINT(19.100783 49.728609)	"Old house with water mill in Rybarzowice"@en	1866-01-01T00:00:00Z									1	"http://www.wikidata.org/entity/Q185187|http://www.wikidata.org/entity/Q3947"
<http://www.wikidata.org/entity/Q30060285>	POINT(19.203983 50.133977)		1900-01-01T00:00:00Z									0	"http://www.wikidata.org/entity/Q185187"
<http://www.wikidata.org/entity/Q30061562>	POINT(19.501696 50.777010)		1900-01-01T00:00:00Z									1	"http://www.wikidata.org/entity/Q185187"
<http://www.wikidata.org/entity/Q30062376>	POINT(18.672642 50.819856)		1900-01-01T00:00:00Z									0	"http://www.wikidata.org/entity/Q185187"
<http://www.wikidata.org/entity/Q30070152>	POINT(21.587194 51.705389)		1873-01-01T00:00:00Z								"http://www.wikidata.org/entity/Q30070132"	0	"http://www.wikidata.org/entity/Q185187"
<http://www.wikidata.org/entity/Q30072573>	POINT(20.780889 51.896722)		1890-01-01T00:00:00Z									0	"http://www.wikidata.org/entity/Q185187"
<http://www.wikidata.org/entity/Q30075831>	POINT(17.080400 51.140702)		1900-01-01T00:00:00Z								"http://www.wikidata.org/entity/Q30075827"	0	"http://www.wikidata.org/entity/Q185187"
<http://www.wikidata.org/entity/Q30075875>	POINT(16.974060 51.201090)		1870-01-01T00:00:00Z								"http://www.wikidata.org/entity/Q30075871"	0	"http://www.wikidata.org/entity/Q185187"
<http://www.wikidata.org/entity/Q30077331>	POINT(17.293330 50.940305)		1839-01-01T00:00:00Z									0	"http://www.wikidata.org/entity/Q185187"
<http://www.wikidata.org/entity/Q30078923>	POINT(17.072877 50.779153)		1864-01-01T00:00:00Z									0	"http://www.wikidata.org/entity/Q185187"
<http://www.wikidata.org/entity/Q30078926>	POINT(17.072984 50.779081)		1864-01-01T00:00:00Z								"http://www.wikidata.org/entity/Q30078923"	0	"http://www.wikidata.org/entity/Q185187"
<http://www.wikidata.org/entity/Q30079951>	POINT(16.352505 50.959386)		1880-01-01T00:00:00Z									0	"http://www.wikidata.org/entity/Q185187"
<http://www.wikidata.org/entity/Q30080669>	POINT(16.576440 50.929069)		1900-01-01T00:00:00Z									0	"http://www.wikidata.org/entity/Q185187"
<http://www.wikidata.org/entity/Q30082776>	POINT(16.277350 50.770161)	"14 Słowackiego Street in Wałbrzych"@en	1700-01-01T00:00:00Z									1	"http://www.wikidata.org/entity/Q185187"
<http://www.wikidata.org/entity/Q30083506>	POINT(17.240340 51.102650)		1900-01-01T00:00:00Z								"http://www.wikidata.org/entity/Q30083502"	0	"http://www.wikidata.org/entity/Q185187"
<http://www.wikidata.org/entity/Q30084178>	POINT(16.899346 50.518266)		1909-01-01T00:00:00Z								"http://www.wikidata.org/entity/Q30084177"	0	"http://www.wikidata.org/entity/Q185187"
<http://www.wikidata.org/entity/Q30084187>	POINT(16.993274 50.487634)		1900-01-01T00:00:00Z									0	"http://www.wikidata.org/entity/Q185187"
<http://www.wikidata.org/entity/Q30084188>	POINT(16.993327 50.487412)		1900-01-01T00:00:00Z								"http://www.wikidata.org/entity/Q30084187"	0	"http://www.wikidata.org/entity/Q185187"
<http://www.wikidata.org/entity/Q30084211>	POINT(16.976540 50.494450)		1900-01-01T00:00:00Z									0	"http://www.wikidata.org/entity/Q185187"
<http://www.wikidata.org/entity/Q30089060>	POINT(15.121977 51.030562)		1848-01-01T00:00:00Z									0	"http://www.wikidata.org/entity/Q185187"
<http://www.wikidata.org/entity/Q30089173>	POINT(14.967869 51.057497)	"Watermill in Radomierzyce"@en	1700-01-01T00:00:00Z									1	"http://www.wikidata.org/entity/Q185187"
<http://www.wikidata.org/entity/Q30089265>	POINT(14.994758 51.157964)		1827-01-01T00:00:00Z									0	"http://www.wikidata.org/entity/Q185187"
<http://www.wikidata.org/entity/Q30089267>	POINT(14.994981 51.157913)		1827-01-01T00:00:00Z								"http://www.wikidata.org/entity/Q30089265"	0	"http://www.wikidata.org/entity/Q185187"
<http://www.wikidata.org/entity/Q30089268>	POINT(14.994715 51.157819)		1827-01-01T00:00:00Z								"http://www.wikidata.org/entity/Q30089265"	0	"http://www.wikidata.org/entity/Q185187"
<http://www.wikidata.org/entity/Q30089377>	POINT(15.868365 51.038520)		1827-01-01T00:00:00Z									0	"http://www.wikidata.org/entity/Q185187"
<http://www.wikidata.org/entity/Q30089586>	POINT(15.909606 51.126775)	"6 Kolejowa Street in Złotoryja"@en	1700-01-01T00:00:00Z									1	"http://www.wikidata.org/entity/Q185187"
<http://www.wikidata.org/entity/Q30090892>	POINT(19.350833 52.227778)		1912-01-01T00:00:00Z									2	"http://www.wikidata.org/entity/Q185187"
<http://www.wikidata.org/entity/Q30090893>	POINT(19.351311 52.227955)		1910-01-01T00:00:00Z								"http://www.wikidata.org/entity/Q30090892"	0	"http://www.wikidata.org/entity/Q185187"
<http://www.wikidata.org/entity/Q30091041>	POINT(19.045895 51.553988)	"Water-electric-mill in Wola Marzeńska"@en	1900-01-01T00:00:00Z									2	"http://www.wikidata.org/entity/Q185187"
<http://www.wikidata.org/entity/Q30092310>	POINT(19.248332 51.576952)	"Watermill in Talar"@en	1900-01-01T00:00:00Z									2	"http://www.wikidata.org/entity/Q1497364|http://www.wikidata.org/entity/Q185187"
<http://www.wikidata.org/entity/Q30092312>	POINT(19.248610 51.576880)		1900-01-01T00:00:00Z								"http://www.wikidata.org/entity/Q30092310"	0	"http://www.wikidata.org/entity/Q185187"
<http://www.wikidata.org/entity/Q30092314>	POINT(19.248727 51.577060)		1900-01-01T00:00:00Z								"http://www.wikidata.org/entity/Q30092310"	0	"http://www.wikidata.org/entity/Q185187"
<http://www.wikidata.org/entity/Q30092316>	POINT(19.248725 51.576996)		1900-01-01T00:00:00Z								"http://www.wikidata.org/entity/Q30092310"	0	"http://www.wikidata.org/entity/Q185187"
<http://www.wikidata.org/entity/Q30092529>	POINT(19.878588 51.364902)		1200-01-01T00:00:00Z									0	"http://www.wikidata.org/entity/Q185187"
<http://www.wikidata.org/entity/Q30096780>	POINT(18.812544 51.349481)		1900-01-01T00:00:00Z									0	"http://www.wikidata.org/entity/Q185187"
<http://www.wikidata.org/entity/Q30096836>	POINT(18.637778 51.085278)		1914-01-01T00:00:00Z									0	"http://www.wikidata.org/entity/Q185187"
<http://www.wikidata.org/entity/Q30098390>	POINT(23.408153 51.079542)	"Mill in Uher"@en	1900-01-01T00:00:00Z									1	"http://www.wikidata.org/entity/Q185187"
<http://www.wikidata.org/entity/Q30098553>	POINT(23.647333 51.059667)		1900-01-01T00:00:00Z									0	"http://www.wikidata.org/entity/Q185187"
<http://www.wikidata.org/entity/Q30098555>	POINT(23.647333 51.059667)		1900-01-01T00:00:00Z									0	"http://www.wikidata.org/entity/Q185187"
<http://www.wikidata.org/entity/Q30102105>	POINT(21.988889 51.167056)	"Watermill in Wola Rudzka"@en	1910-01-01T00:00:00Z									1	"http://www.wikidata.org/entity/Q185187"
<http://www.wikidata.org/entity/Q30102270>	POINT(22.777028 51.628986)	"Watermill in Siemień"@en	1900-01-01T00:00:00Z									1	"http://www.wikidata.org/entity/Q185187"
<http://www.wikidata.org/entity/Q30103775>	POINT(23.546639 50.563139)		1895-01-01T00:00:00Z									0	"http://www.wikidata.org/entity/Q185187"
<http://www.wikidata.org/entity/Q30104247>	POINT(15.067778 52.688333)		1826-01-01T00:00:00Z									1	"http://www.wikidata.org/entity/Q185187"
<http://www.wikidata.org/entity/Q30104373>	POINT(14.895110 52.673200)	"Watermill in Witnica"@en	1800-01-01T00:00:00Z									1	"http://www.wikidata.org/entity/Q185187"
<http://www.wikidata.org/entity/Q30105605>	POINT(15.420461 52.520602)	"Watermill in Bledzew"@en	1800-01-01T00:00:00Z									1	"http://www.wikidata.org/entity/Q185187"
<http://www.wikidata.org/entity/Q30107921>	POINT(14.841534 52.223935)		1900-01-01T00:00:00Z									0	"http://www.wikidata.org/entity/Q185187"
<http://www.wikidata.org/entity/Q30108029>	POINT(15.760364 52.987569)		1900-01-01T00:00:00Z									0	"http://www.wikidata.org/entity/Q185187|http://www.wikidata.org/entity/Q19860854"
<http://www.wikidata.org/entity/Q30136722>	POINT(15.742680 52.078170)		1900-01-01T00:00:00Z									0	"http://www.wikidata.org/entity/Q185187"
<http://www.wikidata.org/entity/Q30142127>	POINT(15.538389 52.001950)		1805-01-01T00:00:00Z									0	"http://www.wikidata.org/entity/Q185187"
<http://www.wikidata.org/entity/Q30142321>	POINT(15.194994 51.497595)		1800-01-01T00:00:00Z									0	"http://www.wikidata.org/entity/Q185187"
<http://www.wikidata.org/entity/Q30142323>	POINT(15.195000 51.498333)		1800-01-01T00:00:00Z								"http://www.wikidata.org/entity/Q30142321"	0	"http://www.wikidata.org/entity/Q185187"
<http://www.wikidata.org/entity/Q30158864>	POINT(19.366140 50.081836)		1834-01-01T00:00:00Z									0	"http://www.wikidata.org/entity/Q185187"
<http://www.wikidata.org/entity/Q30172450>	POINT(20.701965 49.619330)		1900-01-01T00:00:00Z									0	"http://www.wikidata.org/entity/Q185187"
<http://www.wikidata.org/entity/Q30173553>	POINT(19.921768 49.810229)		1900-01-01T00:00:00Z									0	"http://www.wikidata.org/entity/Q185187"
<http://www.wikidata.org/entity/Q30184586>	POINT(19.643968 50.376493)		1884-01-01T00:00:00Z									0	"http://www.wikidata.org/entity/Q185187"
<http://www.wikidata.org/entity/Q30215657>	POINT(19.694959 49.868566)		1890-01-01T00:00:00Z								"http://www.wikidata.org/entity/Q30215485"	0	"http://www.wikidata.org/entity/Q185187"
<http://www.wikidata.org/entity/Q30220592>	POINT(17.472724 50.863403)		1889-01-01T00:00:00Z									1	"http://www.wikidata.org/entity/Q185187"
<http://www.wikidata.org/entity/Q30225298>	POINT(18.197854 50.973366)		1907-01-01T00:00:00Z									1	"http://www.wikidata.org/entity/Q185187"
<http://www.wikidata.org/entity/Q30228230>	POINT(17.765278 50.813056)		1831-01-01T00:00:00Z									0	"http://www.wikidata.org/entity/Q185187"
<http://www.wikidata.org/entity/Q30228281>	POINT(17.655036 50.579745)		1900-01-01T00:00:00Z									0	"http://www.wikidata.org/entity/Q185187"
<http://www.wikidata.org/entity/Q30228305>	POINT(17.658301 50.591083)		1763-01-01T00:00:00Z								"http://www.wikidata.org/entity/Q30228298"	0	"http://www.wikidata.org/entity/Q185187"
<http://www.wikidata.org/entity/Q30229756>	POINT(17.578051 50.305022)	"5 Henryka Sienkiewicza Street in Prudnik"@en	1788-01-01T00:00:00Z								"http://www.wikidata.org/entity/Q59996286"	2	"http://www.wikidata.org/entity/Q185187|http://www.wikidata.org/entity/Q256020"
<http://www.wikidata.org/entity/Q30229991>	POINT(18.382943 50.546480)		1834-01-01T00:00:00Z								"http://www.wikidata.org/entity/Q30229950"	0	"http://www.wikidata.org/entity/Q185187"
<http://www.wikidata.org/entity/Q30230546>	POINT(18.186212 50.441202)		1900-01-01T00:00:00Z									0	"http://www.wikidata.org/entity/Q185187"
<http://www.wikidata.org/entity/Q30237874>	POINT(17.919823 50.668488)		1900-01-01T00:00:00Z									0	"http://www.wikidata.org/entity/Q185187"
<http://www.wikidata.org/entity/Q30239601>	POINT(14.736140 55.247090)	"Vang Vandmølle"@en	1811-01-01T00:00:00Z									1	"http://www.wikidata.org/entity/Q185187"
<http://www.wikidata.org/entity/Q30244944>	POINT(17.419511 50.282434)	"Watermill in Jarnołtówek"@en	1900-01-01T00:00:00Z									1	"http://www.wikidata.org/entity/Q185187"
<http://www.wikidata.org/entity/Q30245060>	POINT(17.178389 50.600583)		1900-01-01T00:00:00Z									0	"http://www.wikidata.org/entity/Q185187"
<http://www.wikidata.org/entity/Q30245343>	POINT(17.625195 50.502545)		1900-01-01T00:00:00Z									0	"http://www.wikidata.org/entity/Q185187"
<http://www.wikidata.org/entity/Q30533088>	POINT(22.308608 50.162001)		1900-01-01T00:00:00Z									0	"http://www.wikidata.org/entity/Q185187"
<http://www.wikidata.org/entity/Q30544092>	POINT(22.781944 49.781389)		1866-01-01T00:00:00Z									0	"http://www.wikidata.org/entity/Q185187"
<http://www.wikidata.org/entity/Q30553454>	POINT(22.755165 49.644965)		1900-01-01T00:00:00Z									0	"http://www.wikidata.org/entity/Q185187"
<http://www.wikidata.org/entity/Q30558180>	POINT(21.960000 49.990833)	"Watermill in Boguchwała"@en	1870-01-01T00:00:00Z									1	"http://www.wikidata.org/entity/Q185187"
<http://www.wikidata.org/entity/Q30558490>	POINT(22.238973 49.835373)		1900-01-01T00:00:00Z									0	"http://www.wikidata.org/entity/Q185187"
<http://www.wikidata.org/entity/Q30572643>	POINT(22.699028 53.708278)		1900-01-01T00:00:00Z									0	"http://www.wikidata.org/entity/Q185187"
<http://www.wikidata.org/entity/Q30574226>	POINT(23.181139 53.117042)	"Wooden mill in Białystok"@en	1840-01-01T00:00:00Z									1	"http://www.wikidata.org/entity/Q185187"
<http://www.wikidata.org/entity/Q30574542>	POINT(23.145573 53.138124)		1900-01-01T00:00:00Z									0	"http://www.wikidata.org/entity/Q185187"
<http://www.wikidata.org/entity/Q30579137>	POINT(23.149467 53.471216)	"Mill in Romaszkówka"@en	1900-01-01T00:00:00Z									1	"http://www.wikidata.org/entity/Q185187"
<http://www.wikidata.org/entity/Q30579214>	POINT(23.796117 53.216682)		1900-01-01T00:00:00Z									0	"http://www.wikidata.org/entity/Q185187|http://www.wikidata.org/entity/Q19860854"
<http://www.wikidata.org/entity/Q30579383>	POINT(23.454750 53.549111)		1890-01-01T00:00:00Z									1	"http://www.wikidata.org/entity/Q185187"
<http://www.wikidata.org/entity/Q30581320>	POINT(17.327917 54.208639)		1850-01-01T00:00:00Z									0	"http://www.wikidata.org/entity/Q185187"
<http://www.wikidata.org/entity/Q30581419>	POINT(17.488333 54.168056)		1791-01-01T00:00:00Z									0	"http://www.wikidata.org/entity/Q185187"
<http://www.wikidata.org/entity/Q30583120>	POINT(18.192108 54.336183)		1500-01-01T00:00:00Z								"http://www.wikidata.org/entity/Q30583115"	0	"http://www.wikidata.org/entity/Q185187"
<http://www.wikidata.org/entity/Q30583779>	POINT(18.351721 54.346328)	"Paper mill in Żukowo"@en	1900-01-01T00:00:00Z								"http://www.wikidata.org/entity/Q30583778"	1	"http://www.wikidata.org/entity/Q185187"
<http://www.wikidata.org/entity/Q30584059>	POINT(17.784029 54.098509)	"Watermill in Lipusz"@en	1902-01-01T00:00:00Z									1	"http://www.wikidata.org/entity/Q185187"
<http://www.wikidata.org/entity/Q30584502>	POINT(18.933880 53.734610)	"Mill in Kwidzyn"@en	1912-01-01T00:00:00Z									1	"http://www.wikidata.org/entity/Q185187"
<http://www.wikidata.org/entity/Q30584520>	POINT(18.933879 53.734618)		1912-01-01T00:00:00Z								"http://www.wikidata.org/entity/Q30584502"	0	"http://www.wikidata.org/entity/Q185187"
<http://www.wikidata.org/entity/Q30617596>	POINT(18.554834 54.409426)		1874-01-01T00:00:00Z								"http://www.wikidata.org/entity/Q20851540"	0	"http://www.wikidata.org/entity/Q185187"
<http://www.wikidata.org/entity/Q30619334>	POINT(18.603733 54.347608)	"Emaus mill in Gdańsk"@en	1900-01-01T00:00:00Z									1	"http://www.wikidata.org/entity/Q185187"
<http://www.wikidata.org/entity/Q30619337>	POINT(18.603710 54.347511)		1900-01-01T00:00:00Z								"http://www.wikidata.org/entity/Q30619334"	0	"http://www.wikidata.org/entity/Q185187"
<http://www.wikidata.org/entity/Q30650889>	POINT(18.191010 54.745260)		1900-01-01T00:00:00Z									0	"http://www.wikidata.org/entity/Q185187"
<http://www.wikidata.org/entity/Q30650893>	POINT(18.190896 54.745263)		1900-01-01T00:00:00Z								"http://www.wikidata.org/entity/Q30650889"	0	"http://www.wikidata.org/entity/Q185187"
<http://www.wikidata.org/entity/Q30650905>	POINT(18.191040 54.745294)		1900-01-01T00:00:00Z								"http://www.wikidata.org/entity/Q30650889"	0	"http://www.wikidata.org/entity/Q185187"
<http://www.wikidata.org/entity/Q30758760>	POINT(17.411404 54.456272)	"Watermill in Poganice"@en	1900-01-01T00:00:00Z									1	"http://www.wikidata.org/entity/Q185187"
<http://www.wikidata.org/entity/Q30856887>	POINT(13.936472 50.381028)	"Watermill in Pátek (Peruc)"@en	1567-01-01T00:00:00Z									3	"http://www.wikidata.org/entity/Q185187"
<http://www.wikidata.org/entity/Q30860215>	POINT(16.480940 49.335970)	"Šildrův mlýn"@en	1856-01-01T00:00:00Z									2	"http://www.wikidata.org/entity/Q185187"
<http://www.wikidata.org/entity/Q31114346>	POINT(19.723833 54.189139)		1500-01-01T00:00:00Z									0	"http://www.wikidata.org/entity/Q185187"
<http://www.wikidata.org/entity/Q31120816>	POINT(19.472722 54.296167)		1903-01-01T00:00:00Z								"http://www.wikidata.org/entity/Q31120714"	0	"http://www.wikidata.org/entity/Q185187"
<http://www.wikidata.org/entity/Q31132301>	POINT(21.544111 53.937611)	"Former watermill in Ryn"@en	1900-01-01T00:00:00Z									1	"http://www.wikidata.org/entity/Q185187"
<http://www.wikidata.org/entity/Q31136068>	POINT(19.574539 53.594692)		1912-01-01T00:00:00Z									1	"http://www.wikidata.org/entity/Q185187"
<http://www.wikidata.org/entity/Q31136074>	POINT(19.574781 53.594750)	"Former watermill in Iława"@en	1912-01-01T00:00:00Z								"http://www.wikidata.org/entity/Q31136068"	1	"http://www.wikidata.org/entity/Q185187"
<http://www.wikidata.org/entity/Q31208497>	POINT(16.058850 50.510950)	"Suchánkův mlýn"@en	1800-01-01T00:00:00Z									2	"http://www.wikidata.org/entity/Q185187"
<http://www.wikidata.org/entity/Q31445130>	POINT(15.744454 49.220282)		1900-01-01T00:00:00Z									0	"http://www.wikidata.org/entity/Q185187|http://www.wikidata.org/entity/Q5890494"
<http://www.wikidata.org/entity/Q31794583>	POINT(21.226000 54.198806)		1884-01-01T00:00:00Z									0	"http://www.wikidata.org/entity/Q185187"
<http://www.wikidata.org/entity/Q31794631>	POINT(21.226000 54.198806)		1884-01-01T00:00:00Z									0	"http://www.wikidata.org/entity/Q185187"
<http://www.wikidata.org/entity/Q31808950>	POINT(19.425167 54.173111)	"Former Hanza Schule in Elbląg"@en	1900-01-01T00:00:00Z									1	"http://www.wikidata.org/entity/Q185187"
<http://www.wikidata.org/entity/Q31809730>	POINT(19.425056 54.173667)	"132 Kościuszki Street in Elbląg"@en	1908-01-01T00:00:00Z									1	"http://www.wikidata.org/entity/Q185187"
<http://www.wikidata.org/entity/Q31809745>	POINT(19.424944 54.173431)		1908-01-01T00:00:00Z								"http://www.wikidata.org/entity/Q31809730"	0	"http://www.wikidata.org/entity/Q185187"
<http://www.wikidata.org/entity/Q31809913>	POINT(19.442694 54.179444)		1891-01-01T00:00:00Z									1	"http://www.wikidata.org/entity/Q185187"
<http://www.wikidata.org/entity/Q31809928>	POINT(19.442694 54.179444)		1891-01-01T00:00:00Z								"http://www.wikidata.org/entity/Q31809913"	0	"http://www.wikidata.org/entity/Q185187"
<http://www.wikidata.org/entity/Q31810112>	POINT(19.416194 54.168222)	"48 Traugutta Street in Elbląg"@en	1900-01-01T00:00:00Z									1	"http://www.wikidata.org/entity/Q185187"
<http://www.wikidata.org/entity/Q31845332>	POINT(14.264290 49.012590)		1900-01-01T00:00:00Z									1	"http://www.wikidata.org/entity/Q185187"
<http://www.wikidata.org/entity/Q31853863>	POINT(21.307000 53.867889)		1900-01-01T00:00:00Z									0	"http://www.wikidata.org/entity/Q185187"
<http://www.wikidata.org/entity/Q31855657>	POINT(21.433203 53.672067)		1900-01-01T00:00:00Z									0	"http://www.wikidata.org/entity/Q185187"
<http://www.wikidata.org/entity/Q31855677>	POINT(21.433150 53.671990)		1824-01-01T00:00:00Z								"http://www.wikidata.org/entity/Q31855657"	0	"http://www.wikidata.org/entity/Q185187"
<http://www.wikidata.org/entity/Q31882652>	POINT(20.820944 53.816056)		1909-01-01T00:00:00Z									0	"http://www.wikidata.org/entity/Q185187"
<http://www.wikidata.org/entity/Q31886387>	POINT(17.224722 58.968333)		1873-01-01T00:00:00Z									1	"http://www.wikidata.org/entity/Q124069426|http://www.wikidata.org/entity/Q505213"
<http://www.wikidata.org/entity/Q31900996>	POINT(20.382611 53.864389)	"Watermill in Barkweda"@en	1907-01-01T00:00:00Z									1	"http://www.wikidata.org/entity/Q185187"
<http://www.wikidata.org/entity/Q32017336>	POINT(20.677139 53.726944)		1890-01-01T00:00:00Z								"http://www.wikidata.org/entity/Q32017297"	0	"http://www.wikidata.org/entity/Q185187"
<http://www.wikidata.org/entity/Q32026639>	POINT(20.071111 54.011444)		1904-01-01T00:00:00Z									0	"http://www.wikidata.org/entity/Q185187"
<http://www.wikidata.org/entity/Q32045069>	POINT(20.719778 53.576194)		1900-01-01T00:00:00Z									0	"http://www.wikidata.org/entity/Q185187"
<http://www.wikidata.org/entity/Q32136021>	POINT(17.277500 52.550020)	"Mill in Sroczyn"@en	1900-01-01T00:00:00Z									1	"http://www.wikidata.org/entity/Q185187"
<http://www.wikidata.org/entity/Q32182124>	POINT(17.203257 51.797764)		1873-01-01T00:00:00Z									0	"http://www.wikidata.org/entity/Q185187"
<http://www.wikidata.org/entity/Q3246750>	POINT(5.634975 50.595994)	"Moulin Curtius"@en	1549-01-01T00:00:00Z									6	"http://www.wikidata.org/entity/Q185187"
<http://www.wikidata.org/entity/Q33083945>	POINT(15.956672 52.372432)		1900-01-01T00:00:00Z									0	"http://www.wikidata.org/entity/Q185187"
<http://www.wikidata.org/entity/Q33083960>	POINT(16.127089 52.318448)		1885-01-01T00:00:00Z									0	"http://www.wikidata.org/entity/Q185187"
<http://www.wikidata.org/entity/Q33084158>	POINT(16.670544 52.670586)		1800-01-01T00:00:00Z								"http://www.wikidata.org/entity/Q33084153"	0	"http://www.wikidata.org/entity/Q185187"
<http://www.wikidata.org/entity/Q33084161>	POINT(16.608611 52.707222)		1900-01-01T00:00:00Z									0	"http://www.wikidata.org/entity/Q185187"
<http://www.wikidata.org/entity/Q33084177>	POINT(16.881767 52.713416)		1900-01-01T00:00:00Z								"http://www.wikidata.org/entity/Q33084174"	0	"http://www.wikidata.org/entity/Q185187"
<http://www.wikidata.org/entity/Q33084211>	POINT(16.963214 52.761213)	"Water mill in Ruda"@en	1900-01-01T00:00:00Z									1	"http://www.wikidata.org/entity/Q185187"
<http://www.wikidata.org/entity/Q33089377>	POINT(17.269067 52.400888)		1900-01-01T00:00:00Z								"http://www.wikidata.org/entity/Q33089297"	0	"http://www.wikidata.org/entity/Q185187"
<http://www.wikidata.org/entity/Q33135346>	POINT(16.417642 52.645492)		1800-01-01T00:00:00Z								"http://www.wikidata.org/entity/Q33135338"	0	"http://www.wikidata.org/entity/Q185187"
<http://www.wikidata.org/entity/Q33135437>	POINT(16.253420 52.513030)		1906-01-01T00:00:00Z									0	"http://www.wikidata.org/entity/Q185187"
<http://www.wikidata.org/entity/Q33238080>	POINT(16.074462 53.575389)	"Watermill in Głęboczek"@en	1898-01-01T00:00:00Z									1	"http://www.wikidata.org/entity/Q185187"
<http://www.wikidata.org/entity/Q33244487>	POINT(15.457490 50.707788)	"Janatův mlýn"@en	1767-01-01T00:00:00Z									2	"http://www.wikidata.org/entity/Q185187"
<http://www.wikidata.org/entity/Q33245528>	POINT(16.172221 50.584871)	"Water mill"@en	1855-01-01T00:00:00Z									2	"http://www.wikidata.org/entity/Q185187"
<http://www.wikidata.org/entity/Q33249715>	POINT(14.812972 53.680028)	"Watermill in Babigoszcz"@en	1900-01-01T00:00:00Z									1	"http://www.wikidata.org/entity/Q185187"
<http://www.wikidata.org/entity/Q33250447>	POINT(15.200884 53.913895)		1900-01-01T00:00:00Z								"http://www.wikidata.org/entity/Q33250437"	0	"http://www.wikidata.org/entity/Q185187"
<http://www.wikidata.org/entity/Q33250466>	POINT(15.200370 53.914059)		1909-01-01T00:00:00Z								"http://www.wikidata.org/entity/Q33250437"	0	"http://www.wikidata.org/entity/Q185187"
<http://www.wikidata.org/entity/Q33258323>	POINT(16.043453 49.295345)	"Řihákův mlýn"@en		1668-01-01T00:00:00Z								2	"http://www.wikidata.org/entity/Q185187"
<http://www.wikidata.org/entity/Q33300815>	POINT(16.688374 54.125270)		1900-01-01T00:00:00Z									1	"http://www.wikidata.org/entity/Q185187"
<http://www.wikidata.org/entity/Q33300825>	POINT(16.687986 54.125279)		1850-01-01T00:00:00Z								"http://www.wikidata.org/entity/Q33300815"	0	"http://www.wikidata.org/entity/Q185187"
<http://www.wikidata.org/entity/Q33300836>	POINT(16.688192 54.125299)		1900-01-01T00:00:00Z								"http://www.wikidata.org/entity/Q33300815"	0	"http://www.wikidata.org/entity/Q185187"
<http://www.wikidata.org/entity/Q33303226>	POINT(15.676597 53.550250)		1900-01-01T00:00:00Z									0	"http://www.wikidata.org/entity/Q185187"
<http://www.wikidata.org/entity/Q33303980>	POINT(16.182286 54.193285)		1843-01-01T00:00:00Z								"http://www.wikidata.org/entity/Q11787320"	0	"http://www.wikidata.org/entity/Q185187"
<http://www.wikidata.org/entity/Q33309628>	POINT(15.217565 53.001804)		1910-01-01T00:00:00Z								"http://www.wikidata.org/entity/Q33309618"	0	"http://www.wikidata.org/entity/Q185187"
<http://www.wikidata.org/entity/Q33309638>	POINT(15.217184 53.002042)		1870-01-01T00:00:00Z								"http://www.wikidata.org/entity/Q33309618"	0	"http://www.wikidata.org/entity/Q185187"
<http://www.wikidata.org/entity/Q33309914>	POINT(15.821081 50.661974)		1900-01-01T00:00:00Z									2	"http://www.wikidata.org/entity/Q185187"
<http://www.wikidata.org/entity/Q33310361>	POINT(14.832712 52.808133)		1900-01-01T00:00:00Z									0	"http://www.wikidata.org/entity/Q185187"
<http://www.wikidata.org/entity/Q33314434>	POINT(16.415278 54.415271)		1905-01-01T00:00:00Z									0	"http://www.wikidata.org/entity/Q185187"
<http://www.wikidata.org/entity/Q33314842>	POINT(16.577146 54.258631)		1850-01-01T00:00:00Z									0	"http://www.wikidata.org/entity/Q185187"
<http://www.wikidata.org/entity/Q33325417>	POINT(15.541882 53.344223)		1900-01-01T00:00:00Z									0	"http://www.wikidata.org/entity/Q185187"
<http://www.wikidata.org/entity/Q33327220>	POINT(15.054792 53.344217)		1894-01-01T00:00:00Z								"http://www.wikidata.org/entity/Q11772568"	0	"http://www.wikidata.org/entity/Q185187"
<http://www.wikidata.org/entity/Q33327525>	POINT(15.328100 53.281410)		1900-01-01T00:00:00Z									1	"http://www.wikidata.org/entity/Q185187"
<http://www.wikidata.org/entity/Q33327555>	POINT(15.349148 53.265849)		1827-01-01T00:00:00Z									1	"http://www.wikidata.org/entity/Q185187"
<http://www.wikidata.org/entity/Q33330561>	POINT(16.086430 53.771171)		1900-01-01T00:00:00Z									1	"http://www.wikidata.org/entity/Q185187"
<http://www.wikidata.org/entity/Q33380077>	POINT(21.723917 52.078250)	"Watermill in Kiczki Pierwsze"@en	1900-01-01T00:00:00Z									1	"http://www.wikidata.org/entity/Q113536072|http://www.wikidata.org/entity/Q185187"
<http://www.wikidata.org/entity/Q33380429>	POINT(21.741875 52.340806)		1900-01-01T00:00:00Z									0	"http://www.wikidata.org/entity/Q185187"
<http://www.wikidata.org/entity/Q33382107>	POINT(21.646875 52.046778)		1900-01-01T00:00:00Z									0	"http://www.wikidata.org/entity/Q113536072|http://www.wikidata.org/entity/Q185187"
<http://www.wikidata.org/entity/Q33403825>	POINT(19.991694 52.478306)		1885-01-01T00:00:00Z									0	"http://www.wikidata.org/entity/Q185187"
<http://www.wikidata.org/entity/Q33404157>	POINT(19.534750 52.597389)		1886-01-01T00:00:00Z									0	"http://www.wikidata.org/entity/Q185187"
<http://www.wikidata.org/entity/Q33419531>	POINT(21.182500 52.610875)		1900-01-01T00:00:00Z								"http://www.wikidata.org/entity/Q33419502"	0	"http://www.wikidata.org/entity/Q185187"
<http://www.wikidata.org/entity/Q33422131>	POINT(20.880833 51.344833)		1900-01-01T00:00:00Z									0	"http://www.wikidata.org/entity/Q185187"
<http://www.wikidata.org/entity/Q33423317>	POINT(21.937056 52.199931)		1900-01-01T00:00:00Z									0	"http://www.wikidata.org/entity/Q185187"
<http://www.wikidata.org/entity/Q33426683>	POINT(19.601639 52.848417)		1900-01-01T00:00:00Z									0	"http://www.wikidata.org/entity/Q185187"
<http://www.wikidata.org/entity/Q33426703>	POINT(19.601639 52.848417)		1900-01-01T00:00:00Z									0	"http://www.wikidata.org/entity/Q185187"
<http://www.wikidata.org/entity/Q33468487>	POINT(21.650472 52.403028)		1900-01-01T00:00:00Z									0	"http://www.wikidata.org/entity/Q185187"
<http://www.wikidata.org/entity/Q33471704>	POINT(21.667662 51.462063)		1900-01-01T00:00:00Z									0	"http://www.wikidata.org/entity/Q113536072|http://www.wikidata.org/entity/Q185187"
<http://www.wikidata.org/entity/Q33473607>	POINT(19.865778 53.071833)		1873-01-01T00:00:00Z									0	"http://www.wikidata.org/entity/Q185187"
<http://www.wikidata.org/entity/Q33475371>	POINT(20.464222 52.029583)		1900-01-01T00:00:00Z									0	"http://www.wikidata.org/entity/Q185187"
<http://www.wikidata.org/entity/Q33475843>	POINT(20.551250 52.004361)		1900-01-01T00:00:00Z									0	"http://www.wikidata.org/entity/Q185187"
<http://www.wikidata.org/entity/Q33500915>	POINT(20.773383 50.779481)	"Watermill in Słopiec"@en	1900-01-01T00:00:00Z									1	"http://www.wikidata.org/entity/Q185187"
<http://www.wikidata.org/entity/Q33504664>	POINT(20.182500 51.183056)	"Old steel mill in Maleniec"@en	1842-01-01T00:00:00Z									1	"http://www.wikidata.org/entity/Q1497364|http://www.wikidata.org/entity/Q185187"
<http://www.wikidata.org/entity/Q33507563>	POINT(21.548750 51.017806)	"Watermill in Bałtów"@en	1910-01-01T00:00:00Z									1	"http://www.wikidata.org/entity/Q185187"
<http://www.wikidata.org/entity/Q33512665>	POINT(21.182689 50.515519)	"Mill in Grobla"@en	1900-01-01T00:00:00Z									1	"http://www.wikidata.org/entity/Q185187"
<http://www.wikidata.org/entity/Q33512675>	POINT(21.182229 50.515428)		1900-01-01T00:00:00Z								"http://www.wikidata.org/entity/Q33512665"	0	"http://www.wikidata.org/entity/Q185187"
<http://www.wikidata.org/entity/Q33512685>	POINT(21.182278 50.515528)		1900-01-01T00:00:00Z								"http://www.wikidata.org/entity/Q33512665"	0	"http://www.wikidata.org/entity/Q185187"
<http://www.wikidata.org/entity/Q33525012>	POINT(15.925043 50.342307)	"Pevnostní mlýn"@en	1787-01-01T00:00:00Z									2	"http://www.wikidata.org/entity/Q185187"
<http://www.wikidata.org/entity/Q3427177>	POINT(5.822633 50.865886)	"Kruitmolen"@en	1820-01-01T00:00:00Z									4	"http://www.wikidata.org/entity/Q185187"
<http://www.wikidata.org/entity/Q35823532>	POINT(16.148368 48.833490)		1600-01-01T00:00:00Z									1	"http://www.wikidata.org/entity/Q1180262|http://www.wikidata.org/entity/Q1701174|http://www.wikidata.org/entity/Q185187|http://www.wikidata.org/entity/Q44613"
<http://www.wikidata.org/entity/Q36655261>	POINT(9.914056 53.288303)	"Lüllau Watermill"@en	1865-01-01T00:00:00Z								"http://www.wikidata.org/entity/Q1988571"	0	"http://www.wikidata.org/entity/Q185187"
<http://www.wikidata.org/entity/Q37583424>	POINT(2.169586 42.009644)	"Molí de Guiteres"@en	1701-01-01T00:00:00Z									1	"http://www.wikidata.org/entity/Q185187"
<http://www.wikidata.org/entity/Q37769631>	POINT(11.703281 47.137023)	"Tuxer Mühle"@en	1839-01-01T00:00:00Z									1	"http://www.wikidata.org/entity/Q185187"
<http://www.wikidata.org/entity/Q37833457>	POINT(7.802480 51.112619)	"Bone mill"@en	1840-01-01T00:00:00Z									2	"http://www.wikidata.org/entity/Q185187"
<http://www.wikidata.org/entity/Q38189919>	POINT(-0.441994 39.501056)	"Molí de Donderis"@en	1900-01-01T00:00:00Z									3	"http://www.wikidata.org/entity/Q185187"
<http://www.wikidata.org/entity/Q38489273>	POINT(15.407554 50.719483)	"Water mill in Makov"@en	1800-01-01T00:00:00Z									2	"http://www.wikidata.org/entity/Q185187"
<http://www.wikidata.org/entity/Q38581934>	POINT(12.583760 51.588258)	"Bad Düben town mill"@en	1681-01-01T00:00:00Z									2	"http://www.wikidata.org/entity/Q185187"
<http://www.wikidata.org/entity/Q38586105>	POINT(12.580382 51.591757)	"Ship mill"@en	1700-01-01T00:00:00Z									2	"http://www.wikidata.org/entity/Q1281709"
<http://www.wikidata.org/entity/Q38814968>	POINT(-0.417812 39.344393)		1862-01-01T00:00:00Z									2	"http://www.wikidata.org/entity/Q185187"
<http://www.wikidata.org/entity/Q3972121>	POINT(5.970830 50.876140)	"Weltermolen"@en	1865-01-01T00:00:00Z									4	"http://www.wikidata.org/entity/Q185187"
<http://www.wikidata.org/entity/Q40161063>	POINT(12.574357 51.599685)	"Niedermühle"@en	1351-01-01T00:00:00Z									2	"http://www.wikidata.org/entity/Q1258093|http://www.wikidata.org/entity/Q185187"
<http://www.wikidata.org/entity/Q40627337>	POINT(19.313206 49.089190)	"Likavský mlyn"@en	1435-01-01T00:00:00Z									4	"http://www.wikidata.org/entity/Q185187"
<http://www.wikidata.org/entity/Q41391662>	POINT(11.465557 49.590364)	"Mühle und Scheune Griesmühle"@en	1800-01-01T00:00:00Z									1	"http://www.wikidata.org/entity/Q185187"
<http://www.wikidata.org/entity/Q41425851>	POINT(13.472997 48.566292)		1827-01-01T00:00:00Z									1	"http://www.wikidata.org/entity/Q1516079|http://www.wikidata.org/entity/Q185187|http://www.wikidata.org/entity/Q3947"
<http://www.wikidata.org/entity/Q41959364>	POINT(19.423222 50.698417)	"Nature Reserve Parkowe"@en	1807-01-01T00:00:00Z									3	"http://www.wikidata.org/entity/Q185187"
<http://www.wikidata.org/entity/Q41968899>	POINT(5.621717 50.765335)	"Moulin Deborre"@en	1716-01-01T00:00:00Z									1	"http://www.wikidata.org/entity/Q185187"
<http://www.wikidata.org/entity/Q41973593>	POINT(5.624653 50.721439)	"Moulin Grenade"@en	1763-01-01T00:00:00Z									1	"http://www.wikidata.org/entity/Q185187"
<http://www.wikidata.org/entity/Q41989404>	POINT(5.639933 50.729214)	"Moulin d'Amry"@en	1800-01-01T00:00:00Z									1	"http://www.wikidata.org/entity/Q185187"
<http://www.wikidata.org/entity/Q41991006>	POINT(5.634626 50.769260)	"Moulin Jorissen"@en	1830-01-01T00:00:00Z									1	"http://www.wikidata.org/entity/Q185187"
<http://www.wikidata.org/entity/Q42108546>	POINT(5.536090 50.754654)	"Moulin d'Oborne"@en	1700-01-01T00:00:00Z									1	"http://www.wikidata.org/entity/Q185187"
<http://www.wikidata.org/entity/Q42108823>	POINT(5.933183 50.750984)	"Vieux Moulin"@en	1800-01-01T00:00:00Z									1	"http://www.wikidata.org/entity/Q185187"
<http://www.wikidata.org/entity/Q42115979>	POINT(5.660349 50.779579)	"Moulin Thonnard"@en	1800-01-01T00:00:00Z									1	"http://www.wikidata.org/entity/Q185187"
<http://www.wikidata.org/entity/Q42170167>	POINT(5.664691 50.784965)	"Moulin Depuis"@en	1753-01-01T00:00:00Z									1	"http://www.wikidata.org/entity/Q185187"
<http://www.wikidata.org/entity/Q42298214>	POINT(9.200806 45.440056)	"Vettabbia watermill"@en	1600-01-01T00:00:00Z									1	"http://www.wikidata.org/entity/Q185187"
<http://www.wikidata.org/entity/Q42891301>	POINT(1.308605 41.657675)	"Molí dels Comdals"@en	1700-01-01T00:00:00Z									2	"http://www.wikidata.org/entity/Q185187|http://www.wikidata.org/entity/Q585956"
<http://www.wikidata.org/entity/Q42894520>	POINT(45.279167 40.098611)		1828-01-01T00:00:00Z									0	"http://www.wikidata.org/entity/Q185187|http://www.wikidata.org/entity/Q2065736"
<http://www.wikidata.org/entity/Q43756953>	POINT(21.384483 56.736328)		1881-01-01T00:00:00Z									0	"http://www.wikidata.org/entity/Q185187"
<http://www.wikidata.org/entity/Q44286570>	POINT(1.202530 41.605790)	"Molí de la Farina"@en	1900-01-01T00:00:00Z									2	"http://www.wikidata.org/entity/Q185187"
<http://www.wikidata.org/entity/Q44311754>	POINT(1.350910 41.616920)	"Molí del Valles"@en	1900-01-01T00:00:00Z									2	"http://www.wikidata.org/entity/Q185187"
<http://www.wikidata.org/entity/Q44555842>	POINT(5.616994 50.717969)	"Moulin Deuse"@en	1890-01-01T00:00:00Z									1	"http://www.wikidata.org/entity/Q185187"
<http://www.wikidata.org/entity/Q45853604>	POINT(26.918080 57.320650)	"Otte watermill"@en	1795-01-01T00:00:00Z								"http://www.wikidata.org/entity/Q42900772"	1	"http://www.wikidata.org/entity/Q185187"
<http://www.wikidata.org/entity/Q45854223>	POINT(27.234328 57.345692)	"Watermill of Mālupe Manor"@en	1801-01-01T00:00:00Z								"http://www.wikidata.org/entity/Q45854137"	1	"http://www.wikidata.org/entity/Q185187"
<http://www.wikidata.org/entity/Q46926507>	POINT(23.443970 56.679005)	"Bērze watermill"@en	1863-01-01T00:00:00Z									1	"http://www.wikidata.org/entity/Q185187"
<http://www.wikidata.org/entity/Q46927651>	POINT(22.981239 56.668152)		1701-01-01T00:00:00Z									0	"http://www.wikidata.org/entity/Q185187"
<http://www.wikidata.org/entity/Q46999398>	POINT(0.968933 41.719496)	"Molí del Remei"@en	1900-01-01T00:00:00Z									1	"http://www.wikidata.org/entity/Q185187"
<http://www.wikidata.org/entity/Q47002761>	POINT(23.209330 56.974410)	"Šlokenbeka watermill"@en	1801-01-01T00:00:00Z									1	"http://www.wikidata.org/entity/Q185187"
<http://www.wikidata.org/entity/Q47005714>	POINT(1.262629 41.661319)	"Molí del Grau"@en	1800-01-01T00:00:00Z									1	"http://www.wikidata.org/entity/Q185187"
<http://www.wikidata.org/entity/Q47005745>	POINT(1.300150 41.664080)	"Molí de Vergós"@en	1800-01-01T00:00:00Z									1	"http://www.wikidata.org/entity/Q185187"
<http://www.wikidata.org/entity/Q47005894>	POINT(26.180759 57.092947)		1801-01-01T00:00:00Z									0	"http://www.wikidata.org/entity/Q185187"
<http://www.wikidata.org/entity/Q47006095>	POINT(26.495285 57.249722)		1872-01-01T00:00:00Z									0	"http://www.wikidata.org/entity/Q185187"
<http://www.wikidata.org/entity/Q47006162>	POINT(26.403792 57.242887)		1801-01-01T00:00:00Z									0	"http://www.wikidata.org/entity/Q185187"
<http://www.wikidata.org/entity/Q47006173>	POINT(26.221857 57.242819)		1801-01-01T00:00:00Z									0	"http://www.wikidata.org/entity/Q185187"
<http://www.wikidata.org/entity/Q47012871>	POINT(0.931597 41.803405)	"Molí de Tafalla"@en	1800-01-01T00:00:00Z									2	"http://www.wikidata.org/entity/Q185187"
<http://www.wikidata.org/entity/Q47015596>	POINT(0.809448 41.795196)	"Molí de l'Esquerrà"@en	1800-01-01T00:00:00Z									1	"http://www.wikidata.org/entity/Q185187"
<http://www.wikidata.org/entity/Q47169694>	POINT(2.500560 41.903760)	"Casa Nova del Molí"@en	1400-01-01T00:00:00Z									2	"http://www.wikidata.org/entity/Q185187"
<http://www.wikidata.org/entity/Q47184345>	POINT(2.444973 41.549397)	"Molí de Dalt"@en	1700-01-01T00:00:00Z									2	"http://www.wikidata.org/entity/Q185187"
<http://www.wikidata.org/entity/Q47184612>	POINT(2.710720 41.803200)	"Molí de la Rupit"@en	1200-01-01T00:00:00Z									2	"http://www.wikidata.org/entity/Q185187"
<http://www.wikidata.org/entity/Q47184818>	POINT(2.545750 41.755950)	"Molí d'en Bosch"@en	1900-01-01T00:00:00Z									2	"http://www.wikidata.org/entity/Q185187"
<http://www.wikidata.org/entity/Q47185079>	POINT(0.760447 41.720059)	"Molí de Térmens"@en	1500-01-01T00:00:00Z									2	"http://www.wikidata.org/entity/Q185187"
<http://www.wikidata.org/entity/Q47185082>	POINT(1.256407 41.883158)	"Molí de Ribelles"@en	1800-01-01T00:00:00Z									2	"http://www.wikidata.org/entity/Q185187"
<http://www.wikidata.org/entity/Q47185242>	POINT(2.389325 41.912599)	"Molí de Bojons"@en	1800-01-01T00:00:00Z									2	"http://www.wikidata.org/entity/Q185187"
<http://www.wikidata.org/entity/Q47185307>	POINT(2.300918 41.927866)	"Molí de Rosanes"@en	1601-01-01T00:00:00Z									2	"http://www.wikidata.org/entity/Q185187"
<http://www.wikidata.org/entity/Q47185678>	POINT(2.375692 42.035796)	"Molí del Campàs"@en	1801-01-01T00:00:00Z									1	"http://www.wikidata.org/entity/Q185187"
<http://www.wikidata.org/entity/Q47185700>	POINT(2.408376 42.047520)	"Molí de l'Alzina"@en	1600-01-01T00:00:00Z									2	"http://www.wikidata.org/entity/Q185187"
<http://www.wikidata.org/entity/Q47186368>	POINT(2.279118 41.850769)	"Molí del Sors"@en	1800-01-01T00:00:00Z									2	"http://www.wikidata.org/entity/Q185187"
<http://www.wikidata.org/entity/Q47188295>	POINT(2.388210 41.687798)	"Molí de Dalt"@en	1300-01-01T00:00:00Z									2	"http://www.wikidata.org/entity/Q185187"
<http://www.wikidata.org/entity/Q47188320>	POINT(1.509326 41.648997)	"Molí del Vilella"@en	1700-01-01T00:00:00Z									2	"http://www.wikidata.org/entity/Q185187"
<http://www.wikidata.org/entity/Q47188436>	POINT(2.325183 41.588903)	"Molí de la Roca"@en	1601-01-01T00:00:00Z									2	"http://www.wikidata.org/entity/Q185187"
<http://www.wikidata.org/entity/Q47188964>	POINT(1.244407 41.282932)	"Ca Montserrat Cuadrada i el molí de la Costa de Portal Nou"@en	1500-01-01T00:00:00Z									2	"http://www.wikidata.org/entity/Q185187|http://www.wikidata.org/entity/Q3947"
<http://www.wikidata.org/entity/Q47499679>	POINT(5.703625 50.647458)	"Moulin d'Évegnée"@en	1800-01-01T00:00:00Z									1	"http://www.wikidata.org/entity/Q185187"
<http://www.wikidata.org/entity/Q47982099>	POINT(8.391472 50.011028)	"Wiesenmühle (Flörsheim)"@en	1699-01-01T00:00:00Z									2	"http://www.wikidata.org/entity/Q156362|http://www.wikidata.org/entity/Q185187|http://www.wikidata.org/entity/Q62602544"
<http://www.wikidata.org/entity/Q48205766>	POINT(14.334431 51.067843)	"Wesenitzmühle"@en	1586-01-01T00:00:00Z									1	"http://www.wikidata.org/entity/Q1362233|http://www.wikidata.org/entity/Q185187"
<http://www.wikidata.org/entity/Q48205796>	POINT(14.331440 51.080017)	"Huste-Mühle"@en	1590-01-01T00:00:00Z									1	"http://www.wikidata.org/entity/Q185187"
<http://www.wikidata.org/entity/Q48209074>	POINT(13.377323 51.138649)	"Mauna 12"@en	1808-01-01T00:00:00Z									1	"http://www.wikidata.org/entity/Q185187|http://www.wikidata.org/entity/Q3947"
<http://www.wikidata.org/entity/Q48210247>	POINT(13.947197 51.168234)	"Körnermühle Lichtenberg"@en	1878-01-01T00:00:00Z									1	"http://www.wikidata.org/entity/Q185187"
<http://www.wikidata.org/entity/Q48210531>	POINT(14.094719 51.090870)	"Bühlauer Wesenitzmühle"@en	1559-01-01T00:00:00Z									1	"http://www.wikidata.org/entity/Q185187"
<http://www.wikidata.org/entity/Q48210627>	POINT(14.100594 51.100647)	"Paradiesmühle"@en	1873-01-01T00:00:00Z									0	"http://www.wikidata.org/entity/Q1516079|http://www.wikidata.org/entity/Q185187"
<http://www.wikidata.org/entity/Q48210958>	POINT(14.321759 51.349444)	"Warthaer Mühle"@en	1820-01-01T00:00:00Z									1	"http://www.wikidata.org/entity/Q185187"
<http://www.wikidata.org/entity/Q48211590>	POINT(14.182664 51.128189)		1820-01-01T00:00:00Z									0	"http://www.wikidata.org/entity/Q11755880|http://www.wikidata.org/entity/Q185187"
<http://www.wikidata.org/entity/Q48212211>	POINT(14.160333 51.106223)		1831-01-01T00:00:00Z									0	"http://www.wikidata.org/entity/Q185187"
<http://www.wikidata.org/entity/Q49229827>	POINT(13.980040 50.993990)		1465-01-01T00:00:00Z									1	"http://www.wikidata.org/entity/Q1516079|http://www.wikidata.org/entity/Q185187"
<http://www.wikidata.org/entity/Q49259416>	POINT(12.313840 51.271790)		1908-01-01T00:00:00Z									1	"http://www.wikidata.org/entity/Q185187"
<http://www.wikidata.org/entity/Q49278361>	POINT(12.301550 51.376350)	"Stahmeln mill"@en	1875-01-01T00:00:00Z									0	"http://www.wikidata.org/entity/Q185187|http://www.wikidata.org/entity/Q56822897"
<http://www.wikidata.org/entity/Q49286959>	POINT(12.387960 51.288930)		1670-01-01T00:00:00Z									2	"http://www.wikidata.org/entity/Q185187"
<http://www.wikidata.org/entity/Q49319552>	POINT(12.987930 50.887390)	"Mittweidaer Straße 76 Chemnitz-Ebersdorf"@en	1834-01-01T00:00:00Z									1	"http://www.wikidata.org/entity/Q1516079|http://www.wikidata.org/entity/Q185187|http://www.wikidata.org/entity/Q256020"
<http://www.wikidata.org/entity/Q49338395>	POINT(12.895800 50.898150)	"Ehemalige Spinnmühle, Untere Hauptstraße 165 Chemnitz-Wittgensdorf"@en	1820-01-01T00:00:00Z		2025-10-01T00:00:00Z							1	"http://www.wikidata.org/entity/Q1516079|http://www.wikidata.org/entity/Q185187|http://www.wikidata.org/entity/Q19860854"
<http://www.wikidata.org/entity/Q49375252>	POINT(14.421416 51.184592)	"Hammermühle Bautzen"@en	1850-01-01T00:00:00Z									2	"http://www.wikidata.org/entity/Q185187|http://www.wikidata.org/entity/Q3947"
<http://www.wikidata.org/entity/Q49377069>	POINT(14.511650 51.367030)	"Schleiferei Uhyst"@en	1866-01-01T00:00:00Z									1	"http://www.wikidata.org/entity/Q185187"
<http://www.wikidata.org/entity/Q49393797>	POINT(14.319775 51.094169)	"Sägewerk Hensel"@en	1870-01-01T00:00:00Z									1	"http://www.wikidata.org/entity/Q185187"
<http://www.wikidata.org/entity/Q49394022>	POINT(14.271650 51.093030)	"Harthmühle"@en	1590-01-01T00:00:00Z									0	"http://www.wikidata.org/entity/Q185187"
<http://www.wikidata.org/entity/Q49394157>	POINT(14.296976 51.098662)	"Mittelmühle"@en	1628-01-01T00:00:00Z									1	"http://www.wikidata.org/entity/Q185187"
<http://www.wikidata.org/entity/Q49394442>	POINT(14.328140 51.086771)	"Buschmühle"@en	1586-01-01T00:00:00Z									1	"http://www.wikidata.org/entity/Q1362233|http://www.wikidata.org/entity/Q185187"
<http://www.wikidata.org/entity/Q49394458>	POINT(14.285880 51.085670)	"Valtentalmühle"@en	1586-01-01T00:00:00Z									0	"http://www.wikidata.org/entity/Q185187|http://www.wikidata.org/entity/Q3950"
<http://www.wikidata.org/entity/Q49394500>	POINT(14.274100 51.095950)	"Knochenmühle"@en	1850-01-01T00:00:00Z									0	"http://www.wikidata.org/entity/Q185187"
<http://www.wikidata.org/entity/Q49398996>	POINT(14.335914 51.141948)	"Katschwitzer Mühle"@en	1766-01-01T00:00:00Z									1	"http://www.wikidata.org/entity/Q1516079|http://www.wikidata.org/entity/Q185187"
<http://www.wikidata.org/entity/Q49402908>	POINT(14.441400 51.118280)		1823-01-01T00:00:00Z									1	"http://www.wikidata.org/entity/Q185187"
<http://www.wikidata.org/entity/Q49402920>	POINT(14.434980 51.125160)		1875-01-01T00:00:00Z									1	"http://www.wikidata.org/entity/Q185187"
<http://www.wikidata.org/entity/Q49404034>	POINT(14.247602 51.384958)	"Stadtmühle Wittichenau"@en	1732-01-01T00:00:00Z									1	"http://www.wikidata.org/entity/Q1516079|http://www.wikidata.org/entity/Q185187"
<http://www.wikidata.org/entity/Q49404066>	POINT(14.251719 51.382648)	"Kobermühle Wittichenau"@en	1850-01-01T00:00:00Z									1	"http://www.wikidata.org/entity/Q1516079|http://www.wikidata.org/entity/Q185187"
<http://www.wikidata.org/entity/Q49411107>	POINT(14.230777 51.085899)	"Buschmühle und Forsthaus"@en	1800-01-01T00:00:00Z									0	"http://www.wikidata.org/entity/Q1425352|http://www.wikidata.org/entity/Q185187"
<http://www.wikidata.org/entity/Q49411142>	POINT(14.264655 51.097865)	"Mahlmühle, Säge- und Hobelwerk Gustav Wobst"@en	1840-01-01T00:00:00Z									0	"http://www.wikidata.org/entity/Q1516079|http://www.wikidata.org/entity/Q185187"
<http://www.wikidata.org/entity/Q49414934>	POINT(14.751022 51.026961)	"Alte Mühle"@en	1900-01-01T00:00:00Z									1	"http://www.wikidata.org/entity/Q1362233|http://www.wikidata.org/entity/Q185187|http://www.wikidata.org/entity/Q19860854|http://www.wikidata.org/entity/Q23457088|http://www.wikidata.org/entity/Q56822897"
<http://www.wikidata.org/entity/Q49416091>	POINT(14.819120 51.044940)	"Schmidt- oder Mittelmühle Rennersdorf"@en	1829-01-01T00:00:00Z									1	"http://www.wikidata.org/entity/Q185187"
<http://www.wikidata.org/entity/Q49438295>	POINT(12.575990 50.814997)	"Papiermühle St. Peter Niederlungwitz"@en	1741-01-01T00:00:00Z									1	"http://www.wikidata.org/entity/Q185187"
<http://www.wikidata.org/entity/Q49439900>	POINT(12.245931 50.622767)	"Ketzels mill Netzschkau"@en	1464-01-01T00:00:00Z									1	"http://www.wikidata.org/entity/Q185187"
<http://www.wikidata.org/entity/Q49441027>	POINT(13.994260 50.871900)		1820-01-01T00:00:00Z									0	"http://www.wikidata.org/entity/Q185187|http://www.wikidata.org/entity/Q3947"
<http://www.wikidata.org/entity/Q49441234>	POINT(14.232049 50.892283)	"Schmilksche Mühle"@en	1665-01-01T00:00:00Z									1	"http://www.wikidata.org/entity/Q185187"
<http://www.wikidata.org/entity/Q49441603>	POINT(14.001563 51.042036)	"Geipelmühle"@en	1559-01-01T00:00:00Z									1	"http://www.wikidata.org/entity/Q185187|http://www.wikidata.org/entity/Q3947"
<http://www.wikidata.org/entity/Q49441607>	POINT(13.994313 51.037740)	"red mill"@en	1547-01-01T00:00:00Z									0	"http://www.wikidata.org/entity/Q185187|http://www.wikidata.org/entity/Q3947"
<http://www.wikidata.org/entity/Q49441644>	POINT(13.992980 51.022900)	"Elbersdorfer Mühle"@en	1564-01-01T00:00:00Z									1	"http://www.wikidata.org/entity/Q185187"
<http://www.wikidata.org/entity/Q49441656>	POINT(13.999350 51.012570)	"Porschendorfer Mühle"@en	1547-01-01T00:00:00Z									1	"http://www.wikidata.org/entity/Q1516079|http://www.wikidata.org/entity/Q185187"
<http://www.wikidata.org/entity/Q49441939>	POINT(13.809210 50.866540)		1851-01-01T00:00:00Z									0	"http://www.wikidata.org/entity/Q1516079|http://www.wikidata.org/entity/Q185187"
<http://www.wikidata.org/entity/Q49442397>	POINT(14.170401 50.986203)	"Mittelmühle Ehrenberg"@en	1828-01-01T00:00:00Z									1	"http://www.wikidata.org/entity/Q185187|http://www.wikidata.org/entity/Q3947"
<http://www.wikidata.org/entity/Q49443923>	POINT(14.024655 51.037655)		1596-01-01T00:00:00Z									0	"http://www.wikidata.org/entity/Q185187|http://www.wikidata.org/entity/Q3947"
<http://www.wikidata.org/entity/Q49443972>	POINT(14.078640 51.063191)	"citymill Stolpen"@en	1838-01-01T00:00:00Z									1	"http://www.wikidata.org/entity/Q1516079|http://www.wikidata.org/entity/Q185187"
<http://www.wikidata.org/entity/Q49443990>	POINT(14.065050 51.058715)	"Hofe-Mühle"@en	1744-01-01T00:00:00Z									0	"http://www.wikidata.org/entity/Q185187"
<http://www.wikidata.org/entity/Q49443998>	POINT(14.073040 51.058510)	"Brettmühle Rennersdorf-Neudörfel"@en	1851-01-01T00:00:00Z									1	"http://www.wikidata.org/entity/Q1516079|http://www.wikidata.org/entity/Q185187"
<http://www.wikidata.org/entity/Q49444017>	POINT(14.064308 51.043175)	"Neumühle Stolpen"@en	1601-01-01T00:00:00Z									1	"http://www.wikidata.org/entity/Q185187"
<http://www.wikidata.org/entity/Q49444504>	POINT(13.131252 51.483533)	"Untermühle Belgern"@en	1850-01-01T00:00:00Z								"http://www.wikidata.org/entity/Q39017949"	0	"http://www.wikidata.org/entity/Q185187|http://www.wikidata.org/entity/Q19860854"
<http://www.wikidata.org/entity/Q49444533>	POINT(12.954477 51.463942)	"Klostermühle (Sitzenroda)"@en	1776-01-01T00:00:00Z									1	"http://www.wikidata.org/entity/Q11755880|http://www.wikidata.org/entity/Q185187"
<http://www.wikidata.org/entity/Q49444816>	POINT(12.733345 51.559399)	"Winkelmühle"@en	1851-01-01T00:00:00Z								"http://www.wikidata.org/entity/Q41201006"	1	"http://www.wikidata.org/entity/Q1516079|http://www.wikidata.org/entity/Q185187"
<http://www.wikidata.org/entity/Q49445058>	POINT(13.093266 51.351443)	"Müllergasse 8"@en	1846-01-01T00:00:00Z									0	"http://www.wikidata.org/entity/Q11755880|http://www.wikidata.org/entity/Q185187"
<http://www.wikidata.org/entity/Q49445073>	POINT(13.169696 51.310394)	"Ehemaliges Mühlengebäude (Liebschützberg)"@en	1887-01-01T00:00:00Z									0	"http://www.wikidata.org/entity/Q185187"
<http://www.wikidata.org/entity/Q49445108>	POINT(12.459685 51.552121)		1886-01-01T00:00:00Z									1	"http://www.wikidata.org/entity/Q185187"
<http://www.wikidata.org/entity/Q49445118>	POINT(12.836224 51.494048)		1800-01-01T00:00:00Z									1	"http://www.wikidata.org/entity/Q185187"
<http://www.wikidata.org/entity/Q49445146>	POINT(12.904612 51.484140)	"Water Mill Kretschmar"@en	1900-01-01T00:00:00Z									1	"http://www.wikidata.org/entity/Q11755880|http://www.wikidata.org/entity/Q185187"
<http://www.wikidata.org/entity/Q49445290>	POINT(13.082106 51.263541)	"Leuben water mill"@en	1893-01-01T00:00:00Z									1	"http://www.wikidata.org/entity/Q185187|http://www.wikidata.org/entity/Q56822897"
<http://www.wikidata.org/entity/Q49445435>	POINT(12.236221 51.389255)		1880-01-01T00:00:00Z									1	"http://www.wikidata.org/entity/Q1516079|http://www.wikidata.org/entity/Q185187"
<http://www.wikidata.org/entity/Q49445460>	POINT(12.483363 51.540378)		1790-01-01T00:00:00Z									1	"http://www.wikidata.org/entity/Q185187"
<http://www.wikidata.org/entity/Q49445705>	POINT(12.790377 51.638734)	"Watermill Dahlenberg"@en	1534-01-01T00:00:00Z									0	"http://www.wikidata.org/entity/Q1516079|http://www.wikidata.org/entity/Q185187"
<http://www.wikidata.org/entity/Q49445722>	POINT(12.820126 51.627508)		1796-01-01T00:00:00Z									0	"http://www.wikidata.org/entity/Q1516079|http://www.wikidata.org/entity/Q185187"
<http://www.wikidata.org/entity/Q49447625>	POINT(13.124030 50.971850)		1701-01-01T00:00:00Z									0	"http://www.wikidata.org/entity/Q1516079|http://www.wikidata.org/entity/Q185187"
<http://www.wikidata.org/entity/Q49447710>	POINT(13.135340 50.985727)	"Steyermühle"@en	1784-01-01T00:00:00Z									1	"http://www.wikidata.org/entity/Q1516079|http://www.wikidata.org/entity/Q185187"
<http://www.wikidata.org/entity/Q49447750>	POINT(13.397850 50.954100)		1845-01-01T00:00:00Z									1	"http://www.wikidata.org/entity/Q185187"
<http://www.wikidata.org/entity/Q49450299>	POINT(13.702203 51.241478)	"Niedermühle Rödern"@en	1852-01-01T00:00:00Z									1	"http://www.wikidata.org/entity/Q185187"
<http://www.wikidata.org/entity/Q49450623>	POINT(13.496371 51.354148)	"Zabeltitz mill; Zabeltitz castle, manor house and park (monument ensemble)"@en	1742-01-01T00:00:00Z									1	"http://www.wikidata.org/entity/Q1516537|http://www.wikidata.org/entity/Q185187"
<http://www.wikidata.org/entity/Q49452619>	POINT(12.793380 51.177605)	"Teichmühle Kössern"@en	1846-01-01T00:00:00Z									0	"http://www.wikidata.org/entity/Q185187|http://www.wikidata.org/entity/Q3947"
<http://www.wikidata.org/entity/Q49458252>	POINT(13.807275 50.988858)	"Mittelmühle Lockwitz"@en	1814-01-01T00:00:00Z									1	"http://www.wikidata.org/entity/Q11755880|http://www.wikidata.org/entity/Q185187"
<http://www.wikidata.org/entity/Q49458326>	POINT(13.641105 51.058875)	"Zschonermühle"@en	1812-01-01T00:00:00Z									2	"http://www.wikidata.org/entity/Q1516079|http://www.wikidata.org/entity/Q185187|http://www.wikidata.org/entity/Q58148376"
<http://www.wikidata.org/entity/Q49458483>	POINT(13.609170 51.074570)	"Lochmühle"@en	1809-01-01T00:00:00Z	1400-01-01T00:00:00Z								2	"http://www.wikidata.org/entity/Q11755880|http://www.wikidata.org/entity/Q1516079|http://www.wikidata.org/entity/Q185187"
<http://www.wikidata.org/entity/Q49459214>	POINT(13.890400 51.142700)	"Grundmühle Liegau-Augustusbad (Radeberg)"@en	1826-01-01T00:00:00Z									2	"http://www.wikidata.org/entity/Q1497375|http://www.wikidata.org/entity/Q185187"
<http://www.wikidata.org/entity/Q49601791>	POINT(14.258164 50.934872)		1834-01-01T00:00:00Z									1	"http://www.wikidata.org/entity/Q185187|http://www.wikidata.org/entity/Q3947"
<http://www.wikidata.org/entity/Q50227307>	POINT(5.783842 50.625250)	"Vieux Moulin"@en	1756-01-01T00:00:00Z									2	"http://www.wikidata.org/entity/Q185187"
<http://www.wikidata.org/entity/Q50393435>	POINT(23.019886 56.730743)	"Jaunpils watermill"@en	1803-01-01T00:00:00Z									1	"http://www.wikidata.org/entity/Q185187"
<http://www.wikidata.org/entity/Q51281514>	POINT(21.762555 56.991454)		1842-01-01T00:00:00Z									0	"http://www.wikidata.org/entity/Q185187"
<http://www.wikidata.org/entity/Q51282262>	POINT(21.976198 56.969746)	"Kuldīga Castle watermill"@en	1201-01-01T00:00:00Z									1	"http://www.wikidata.org/entity/Q185187"
<http://www.wikidata.org/entity/Q51319470>	POINT(24.977455 56.768075)		1904-01-01T00:00:00Z									0	"http://www.wikidata.org/entity/Q185187"
<http://www.wikidata.org/entity/Q51678177>	POINT(4.318040 50.733064)	"Herisemmolen"@en		1321-01-01T00:00:00Z								2	"http://www.wikidata.org/entity/Q185187"
<http://www.wikidata.org/entity/Q52174402>	POINT(15.869828 49.209161)	"Hluchý mill"@en	1600-01-01T00:00:00Z									1	"http://www.wikidata.org/entity/Q185187"
<http://www.wikidata.org/entity/Q52174655>	POINT(15.867779 49.214218)	"Krajíčkův Mill"@en	1200-01-01T00:00:00Z									1	"http://www.wikidata.org/entity/Q185187"
<http://www.wikidata.org/entity/Q52711575>	POINT(25.605226 57.332093)		1801-01-01T00:00:00Z									0	"http://www.wikidata.org/entity/Q185187"
<http://www.wikidata.org/entity/Q53824761>	POINT(3.810333 50.888817)	"Watermolen van Elene"@en	1643-01-01T00:00:00Z									2	"http://www.wikidata.org/entity/Q185187"
<http://www.wikidata.org/entity/Q53870397>	POINT(10.325103 53.962294)	"Water mill in Klein Rönnau"@en	1342-01-01T00:00:00Z									1	"http://www.wikidata.org/entity/Q185187"
<http://www.wikidata.org/entity/Q54453795>	POINT(8.170280 50.148174)			1230-01-01T00:00:00Z								1	"http://www.wikidata.org/entity/Q185187"
<http://www.wikidata.org/entity/Q5457890>	POINT(1.021660 51.958910)	"Flatford Mill"@en	1733-01-01T00:00:00Z									2	"http://www.wikidata.org/entity/Q185187"
<http://www.wikidata.org/entity/Q55111650>	POINT(14.981861 50.002083)			1407-01-01T00:00:00Z								0	"http://www.wikidata.org/entity/Q185187"
<http://www.wikidata.org/entity/Q55166239>	POINT(27.212278 56.273470)		1801-01-01T00:00:00Z									0	"http://www.wikidata.org/entity/Q185187"
<http://www.wikidata.org/entity/Q5521528>	POINT(-2.466900 51.106400)	"Gants Mill"@en	1810-01-01T00:00:00Z									3	"http://www.wikidata.org/entity/Q185187"
<http://www.wikidata.org/entity/Q55313220>	POINT(25.091585 56.626253)		1801-01-01T00:00:00Z									1	"http://www.wikidata.org/entity/Q185187"
<http://www.wikidata.org/entity/Q55413462>	POINT(2.125531 41.545553)	"Molí d'en Moratones"@en	1835-01-01T00:00:00Z									0	"http://www.wikidata.org/entity/Q185187"
<http://www.wikidata.org/entity/Q55425095>	POINT(24.654002 56.377101)		1913-01-01T00:00:00Z									0	"http://www.wikidata.org/entity/Q185187"
<http://www.wikidata.org/entity/Q56402985>	POINT(2.209923 41.447195)	"Molí d'en Ribé"@en	1400-01-01T00:00:00Z									2	"http://www.wikidata.org/entity/Q185187"
<http://www.wikidata.org/entity/Q5645718>	POINT(12.553800 56.065300)	"Hammermøllen"@en	1765-01-01T00:00:00Z									5	"http://www.wikidata.org/entity/Q185187"
<http://www.wikidata.org/entity/Q5657061>	POINT(-4.421030 36.759130)	"Acueducto de San Telmo"@en	1782-01-01T00:00:00Z									2	"http://www.wikidata.org/entity/Q474|http://www.wikidata.org/entity/Q97442470"
<http://www.wikidata.org/entity/Q56634604>	POINT(1.361423 41.164845)	"Molí del Mig"@en	1800-01-01T00:00:00Z									2	"http://www.wikidata.org/entity/Q185187"
<http://www.wikidata.org/entity/Q56635434>	POINT(1.348916 41.170348)	"El Molinet"@en	1800-01-01T00:00:00Z									2	"http://www.wikidata.org/entity/Q185187"
<http://www.wikidata.org/entity/Q56641723>	POINT(1.362608 41.161371)	"Molí de la Torre"@en	1800-01-01T00:00:00Z									2	"http://www.wikidata.org/entity/Q185187"
<http://www.wikidata.org/entity/Q56707234>	POINT(-0.126730 40.449940)		1798-01-01T00:00:00Z									0	"http://www.wikidata.org/entity/Q185187"
<http://www.wikidata.org/entity/Q58150481>	POINT(1.691800 41.523260)	"Cal Romaní"@en	1701-01-01T00:00:00Z									2	"http://www.wikidata.org/entity/Q185187|http://www.wikidata.org/entity/Q918088"
<http://www.wikidata.org/entity/Q58412164>	POINT(1.684142 41.528107)	"Bassa del Molí de la Vila"@en	1634-01-01T00:00:00Z									2	"http://www.wikidata.org/entity/Q185187"
<http://www.wikidata.org/entity/Q58461599>	POINT(1.493406 41.774217)	"Can Torremitja"@en	1501-01-01T00:00:00Z									2	"http://www.wikidata.org/entity/Q185187"
<http://www.wikidata.org/entity/Q58461691>	POINT(1.685833 41.537222)	"Molí de Cal Farreras"@en	1755-01-01T00:00:00Z									2	"http://www.wikidata.org/entity/Q185187|http://www.wikidata.org/entity/Q918088"
<http://www.wikidata.org/entity/Q58461733>	POINT(1.653845 41.728815)	"Molí de Castellar"@en	1301-01-01T00:00:00Z									2	"http://www.wikidata.org/entity/Q185187"
<http://www.wikidata.org/entity/Q58461739>	POINT(1.589089 41.744055)	"Molí del Ribalta de Baix"@en	1783-01-01T00:00:00Z									2	"http://www.wikidata.org/entity/Q185187"
<http://www.wikidata.org/entity/Q58461740>	POINT(1.588202 41.744763)	"Molí del Ribalta de Dalt"@en	1790-01-01T00:00:00Z									2	"http://www.wikidata.org/entity/Q185187"
<http://www.wikidata.org/entity/Q58467794>	POINT(0.933890 41.236282)	"Molí de la Casada"@en	1900-01-01T00:00:00Z									1	"http://www.wikidata.org/entity/Q185187"
<http://www.wikidata.org/entity/Q58467892>	POINT(0.912613 41.230332)	"Molí d'en Pau"@en	1900-01-01T00:00:00Z									1	"http://www.wikidata.org/entity/Q185187"
<http://www.wikidata.org/entity/Q58467949>	POINT(0.926893 41.235094)	"Molí del Racó"@en	1900-01-01T00:00:00Z									1	"http://www.wikidata.org/entity/Q185187"
<http://www.wikidata.org/entity/Q59799260>	POINT(3.571994 50.798472)	"Nedermolen"@en	1464-01-01T00:00:00Z									2	"http://www.wikidata.org/entity/Q185187"
<http://www.wikidata.org/entity/Q60059504>	POINT(6.167839 50.444203)	"Alte Mühle"@en	1834-01-01T00:00:00Z									1	"http://www.wikidata.org/entity/Q185187"
<http://www.wikidata.org/entity/Q60060702>	POINT(6.286281 50.310039)	"Andlermühle"@en	1861-01-01T00:00:00Z									1	"http://www.wikidata.org/entity/Q185187"
<http://www.wikidata.org/entity/Q60167030>	POINT(1.634209 41.532348)	"Molí Major"@en	1800-01-01T00:00:00Z									2	"http://www.wikidata.org/entity/Q185187"
<http://www.wikidata.org/entity/Q60167032>	POINT(1.684540 41.533050)	"Molí de Cal Titllo"@en	1710-01-01T00:00:00Z									2	"http://www.wikidata.org/entity/Q185187|http://www.wikidata.org/entity/Q918088"
<http://www.wikidata.org/entity/Q60167034>	POINT(1.692747 41.524758)	"Molí Vell"@en	1800-01-01T00:00:00Z									1	"http://www.wikidata.org/entity/Q185187|http://www.wikidata.org/entity/Q918088"
<http://www.wikidata.org/entity/Q60167036>	POINT(1.683541 41.535451)	"Molí Xic"@en	1701-01-01T00:00:00Z									2	"http://www.wikidata.org/entity/Q185187|http://www.wikidata.org/entity/Q918088"
<http://www.wikidata.org/entity/Q60167045>	POINT(2.666690 41.962821)	"Molí d'en Peixet"@en	1900-01-01T00:00:00Z									2	"http://www.wikidata.org/entity/Q185187"
<http://www.wikidata.org/entity/Q60167065>	POINT(1.620225 41.532154)	"Molí del Saver"@en	1701-01-01T00:00:00Z									1	"http://www.wikidata.org/entity/Q185187"
<http://www.wikidata.org/entity/Q6020962>	POINT(-4.769635 37.880522)	"Molino de Martos (Córdoba)"@en	1600-01-01T00:00:00Z									2	"http://www.wikidata.org/entity/Q185187|http://www.wikidata.org/entity/Q44494|http://www.wikidata.org/entity/Q448030"
<http://www.wikidata.org/entity/Q60358845>	POINT(14.205046 45.781549)	"Modrijan Homestead"@en	1593-01-01T00:00:00Z									1	"http://www.wikidata.org/entity/Q1497364|http://www.wikidata.org/entity/Q185187"
<http://www.wikidata.org/entity/Q60405745>	POINT(-0.398200 39.441800)	"Molí de Gàvia"@en	1601-01-01T00:00:00Z									2	"http://www.wikidata.org/entity/Q185187"
<http://www.wikidata.org/entity/Q60499826>	POINT(12.651976 53.206512)	"Walkmühle (Wittstock/Dosse)"@en	1880-01-01T00:00:00Z									1	"http://www.wikidata.org/entity/Q185187"
<http://www.wikidata.org/entity/Q60609212>	POINT(3.655491 50.784113)	"Hazeveldmolen"@en	1894-01-01T00:00:00Z									1	"http://www.wikidata.org/entity/Q185187"
<http://www.wikidata.org/entity/Q60746601>	POINT(11.947300 55.600600)	"Dellinge Watermill"@en	1740-01-01T00:00:00Z									2	"http://www.wikidata.org/entity/Q185187"
<http://www.wikidata.org/entity/Q60811123>	POINT(15.189344 50.316612)	"Bučický mlýn"@en		1639-01-01T00:00:00Z								2	"http://www.wikidata.org/entity/Q185187"
<http://www.wikidata.org/entity/Q60882045>	POINT(-0.383194 39.502875)	"Molí dels Alters"@en	1817-01-01T00:00:00Z									1	"http://www.wikidata.org/entity/Q185187"
<http://www.wikidata.org/entity/Q61138207>	POINT(20.589131 41.238830)	"Kostojčinoski water-based fulling mill, dry-based fulling mill and water-based gristmill"@en	1910-01-01T00:00:00Z									3	"http://www.wikidata.org/entity/Q185187|http://www.wikidata.org/entity/Q448030"
<http://www.wikidata.org/entity/Q61417293>	POINT(14.408705 50.083849)	"Sova's Mills"@en	1589-01-01T00:00:00Z									2	"http://www.wikidata.org/entity/Q1497364|http://www.wikidata.org/entity/Q185187|http://www.wikidata.org/entity/Q24699794"
<http://www.wikidata.org/entity/Q61666523>	POINT(1.501970 41.351950)	"Molí d'Aiguaviva"@en	1400-01-01T00:00:00Z									2	"http://www.wikidata.org/entity/Q185187"
<http://www.wikidata.org/entity/Q61666620>	POINT(1.509094 41.353100)	"Molinet d'Aiguaviva"@en	1900-01-01T00:00:00Z									1	"http://www.wikidata.org/entity/Q185187"
<http://www.wikidata.org/entity/Q61741354>	POINT(1.219686 41.560453)	"Molí de la Cadena"@en	1400-01-01T00:00:00Z								"http://www.wikidata.org/entity/Q89102930"	1	"http://www.wikidata.org/entity/Q185187"
<http://www.wikidata.org/entity/Q61741371>	POINT(1.219617 41.560720)	"Molí de la Cadena de Baix"@en	1900-01-01T00:00:00Z								"http://www.wikidata.org/entity/Q89102930"	1	"http://www.wikidata.org/entity/Q185187"
<http://www.wikidata.org/entity/Q61742230>	POINT(1.158919 41.315538)	"Molí de paper de la Font Gran"@en	1900-01-01T00:00:00Z									2	"http://www.wikidata.org/entity/Q185187"
<http://www.wikidata.org/entity/Q62569947>	POINT(15.859194 50.461111)		1716-01-01T00:00:00Z									0	"http://www.wikidata.org/entity/Q185187"
<http://www.wikidata.org/entity/Q62571992>	POINT(15.742098 50.503472)	"Wonka's mill"@en	1900-01-01T00:00:00Z									0	"http://www.wikidata.org/entity/Q185187"
<http://www.wikidata.org/entity/Q62572158>	POINT(14.085677 51.078398)	"Scheibenmühle"@en	1538-01-01T00:00:00Z									0	"http://www.wikidata.org/entity/Q185187"
<http://www.wikidata.org/entity/Q62572252>	POINT(14.081595 51.073077)	"Buschmühle Rennersdorf"@en	1500-01-01T00:00:00Z									1	"http://www.wikidata.org/entity/Q185187"
<http://www.wikidata.org/entity/Q62572756>	POINT(14.089579 51.085235)	"Arnoldsmühle"@en	1518-01-01T00:00:00Z									0	"http://www.wikidata.org/entity/Q185187"
<http://www.wikidata.org/entity/Q62593373>	POINT(14.331359 51.066957)	"Brettmühle Christoph Bihm"@en	1595-01-01T00:00:00Z									0	"http://www.wikidata.org/entity/Q185187"
<http://www.wikidata.org/entity/Q62995942>	POINT(14.334800 51.078370)		1843-01-01T00:00:00Z									0	"http://www.wikidata.org/entity/Q11755880|http://www.wikidata.org/entity/Q185187"
<http://www.wikidata.org/entity/Q62999066>	POINT(14.328427 51.083044)	"Steinmühle"@en	1590-01-01T00:00:00Z									1	"http://www.wikidata.org/entity/Q185187"
<http://www.wikidata.org/entity/Q63109451>	POINT(14.304066 51.098737)	"Angermühle"@en	1590-01-01T00:00:00Z									1	"http://www.wikidata.org/entity/Q185187"
<http://www.wikidata.org/entity/Q63136797>	POINT(14.285083 51.095886)	"Niedermühle"@en	1631-01-01T00:00:00Z									0	"http://www.wikidata.org/entity/Q11755880|http://www.wikidata.org/entity/Q185187"
<http://www.wikidata.org/entity/Q63184075>	POINT(14.290520 51.081260)	"Georgsmühle"@en	1850-01-01T00:00:00Z									0	"http://www.wikidata.org/entity/Q185187"
<http://www.wikidata.org/entity/Q63197303>	POINT(14.249450 51.098680)	"Obermühle Putzkau"@en	1876-01-01T00:00:00Z									0	"http://www.wikidata.org/entity/Q185187"
<http://www.wikidata.org/entity/Q63283906>	POINT(14.198047 51.109023)	"Fischermühle"@en	1844-01-01T00:00:00Z									0	"http://www.wikidata.org/entity/Q185187"
<http://www.wikidata.org/entity/Q63436465>	POINT(8.738440 49.806800)	"Alte Schlossmühle Modau"@en	1486-01-01T00:00:00Z									1	"http://www.wikidata.org/entity/Q185187"
<http://www.wikidata.org/entity/Q63476212>	POINT(7.260625 51.805405)	"Große Teichsmühle"@en	1400-01-01T00:00:00Z									1	"http://www.wikidata.org/entity/Q185187"
<http://www.wikidata.org/entity/Q64176397>	POINT(1.869503 42.214908)	"Molí del Pont Vell"@en	1800-01-01T00:00:00Z									2	"http://www.wikidata.org/entity/Q185187"
<http://www.wikidata.org/entity/Q64517767>	POINT(14.181284 51.126144)	"Stadtmühle Bischofswerda"@en	1423-01-01T00:00:00Z									0	"http://www.wikidata.org/entity/Q185187"
<http://www.wikidata.org/entity/Q64578278>	POINT(-1.568477 53.844218)	"Scotland Mill"@en	1785-01-01T00:00:00Z		1906-01-01T00:00:00Z							1	"http://www.wikidata.org/entity/Q109607|http://www.wikidata.org/entity/Q185187"
<http://www.wikidata.org/entity/Q64778704>	POINT(14.177260 51.124440)		1670-01-01T00:00:00Z									0	"http://www.wikidata.org/entity/Q185187"
<http://www.wikidata.org/entity/Q64904420>	POINT(14.161160 51.117650)		1687-01-01T00:00:00Z									0	"http://www.wikidata.org/entity/Q185187"
<http://www.wikidata.org/entity/Q64904619>	POINT(14.168110 51.088380)	"mill of Neudrebnitz"@en	1590-01-01T00:00:00Z									0	"http://www.wikidata.org/entity/Q185187"
<http://www.wikidata.org/entity/Q64905516>	POINT(14.168060 51.091080)	"Wollspinnerei"@en	1827-01-01T00:00:00Z									0	"http://www.wikidata.org/entity/Q185187"
<http://www.wikidata.org/entity/Q64933477>	POINT(0.656102 41.133875)	"Mas del Fariner"@en	1900-01-01T00:00:00Z									2	"http://www.wikidata.org/entity/Q185187"
<http://www.wikidata.org/entity/Q65038298>	POINT(1.200660 41.655260)	"Molí de Fonolleres"@en	1800-01-01T00:00:00Z									2	"http://www.wikidata.org/entity/Q185187"
<http://www.wikidata.org/entity/Q65205312>	POINT(2.680920 42.135460)	"Antic molí"@en	1800-01-01T00:00:00Z									2	"http://www.wikidata.org/entity/Q185187"
<http://www.wikidata.org/entity/Q65205781>	POINT(1.376030 41.580100)	"Molinot de Civit"@en	1900-01-01T00:00:00Z									1	"http://www.wikidata.org/entity/Q185187"
<http://www.wikidata.org/entity/Q65205785>	POINT(1.392615 41.781104)	"Molí del Nuix"@en	1400-01-01T00:00:00Z									2	"http://www.wikidata.org/entity/Q185187"
<http://www.wikidata.org/entity/Q65205787>	POINT(2.740299 42.176315)	"Molí dels Horts"@en	1800-01-01T00:00:00Z									2	"http://www.wikidata.org/entity/Q185187"
<http://www.wikidata.org/entity/Q65206949>	POINT(2.278510 41.998200)	"Molí de Miarons"@en	1700-01-01T00:00:00Z									2	"http://www.wikidata.org/entity/Q185187"
<http://www.wikidata.org/entity/Q65208212>	POINT(2.462420 42.170584)	"Molí del Collell"@en	1800-01-01T00:00:00Z									2	"http://www.wikidata.org/entity/Q185187"
<http://www.wikidata.org/entity/Q65210592>	POINT(1.387753 41.532596)	"Molí de na Bruna"@en	1300-01-01T00:00:00Z									2	"http://www.wikidata.org/entity/Q185187"
<http://www.wikidata.org/entity/Q65210757>	POINT(1.435110 41.602000)	"Molí de les Vinyes"@en	1501-01-01T00:00:00Z									1	"http://www.wikidata.org/entity/Q185187"
<http://www.wikidata.org/entity/Q65212501>	POINT(1.863542 42.077592)	"Molí de l'Antic"@en		1716-01-01T00:00:00Z								1	"http://www.wikidata.org/entity/Q185187"
<http://www.wikidata.org/entity/Q65553747>	POINT(-2.516033 43.335430)		1800-01-01T00:00:00Z								"http://www.wikidata.org/entity/Q65553767"	0	"http://www.wikidata.org/entity/Q185187|http://www.wikidata.org/entity/Q44494"
<http://www.wikidata.org/entity/Q65556125>	POINT(10.885350 52.195360)	"Mühle Prinzhorn"@en	1800-01-01T00:00:00Z									2	"http://www.wikidata.org/entity/Q185187"
<http://www.wikidata.org/entity/Q65560288>	POINT(10.869620 52.194060)	"Amtsmahlmühle"@en	1880-01-01T00:00:00Z									2	"http://www.wikidata.org/entity/Q185187"
<http://www.wikidata.org/entity/Q65659850>	POINT(14.084100 51.081340)	"Schmiedefelder Mühle"@en	1518-01-01T00:00:00Z									0	"http://www.wikidata.org/entity/Q185187"
<http://www.wikidata.org/entity/Q65718919>	POINT(10.868190 52.194130)	"Obermühle"@en	1708-01-01T00:00:00Z									2	"http://www.wikidata.org/entity/Q185187"
<http://www.wikidata.org/entity/Q65719131>	POINT(10.893060 52.196260)	"Mittelmühle"@en	1830-01-01T00:00:00Z									2	"http://www.wikidata.org/entity/Q185187"
<http://www.wikidata.org/entity/Q65720227>	POINT(14.040960 51.037840)		1559-01-01T00:00:00Z									0	"http://www.wikidata.org/entity/Q185187"
<http://www.wikidata.org/entity/Q65720240>	POINT(14.034650 51.037590)		1559-01-01T00:00:00Z									0	"http://www.wikidata.org/entity/Q185187"
<http://www.wikidata.org/entity/Q65723048>	POINT(13.989500 51.035960)	"Hofemühle Dittersbach"@en	1472-01-01T00:00:00Z									1	"http://www.wikidata.org/entity/Q185187"
<http://www.wikidata.org/entity/Q65723741>	POINT(14.001500 51.005800)	"Porschendorfer Winkelmühle"@en	1378-01-01T00:00:00Z									0	"http://www.wikidata.org/entity/Q185187"
<http://www.wikidata.org/entity/Q65724407>	POINT(14.002860 50.995800)		1868-01-01T00:00:00Z									0	"http://www.wikidata.org/entity/Q185187"
<http://www.wikidata.org/entity/Q65724650>	POINT(13.995770 50.992050)		1700-01-01T00:00:00Z									0	"http://www.wikidata.org/entity/Q185187"
<http://www.wikidata.org/entity/Q65724914>	POINT(13.992490 50.990870)		1470-01-01T00:00:00Z									0	"http://www.wikidata.org/entity/Q185187"
<http://www.wikidata.org/entity/Q65725596>	POINT(13.991270 50.991220)		1470-01-01T00:00:00Z									0	"http://www.wikidata.org/entity/Q185187"
<http://www.wikidata.org/entity/Q65726840>	POINT(13.926550 50.974430)		1304-01-01T00:00:00Z									0	"http://www.wikidata.org/entity/Q185187"
<http://www.wikidata.org/entity/Q65727019>	POINT(13.925650 50.972720)		1847-01-01T00:00:00Z									1	"http://www.wikidata.org/entity/Q185187"
<http://www.wikidata.org/entity/Q65727219>	POINT(13.902880 50.967720)		1525-01-01T00:00:00Z									0	"http://www.wikidata.org/entity/Q185187"
<http://www.wikidata.org/entity/Q66764716>	POINT(16.299861 49.878472)		1905-01-01T00:00:00Z									1	"http://www.wikidata.org/entity/Q15911738|http://www.wikidata.org/entity/Q185187"
<http://www.wikidata.org/entity/Q69516306>	POINT(-1.260556 40.040417)		1900-01-01T00:00:00Z									0	"http://www.wikidata.org/entity/Q185187"
<http://www.wikidata.org/entity/Q70495410>	POINT(9.644910 52.283730)	"Wassermühle Vörie"@en	1870-01-01T00:00:00Z									2	"http://www.wikidata.org/entity/Q185187"
<http://www.wikidata.org/entity/Q72207217>	POINT(2.394665 42.040716)	"Molí de la Foradada"@en	1701-01-01T00:00:00Z									1	"http://www.wikidata.org/entity/Q185187"
<http://www.wikidata.org/entity/Q72538638>	POINT(2.286010 41.998010)	"Molí de Can Muntada"@en	1900-01-01T00:00:00Z									1	"http://www.wikidata.org/entity/Q185187"
<http://www.wikidata.org/entity/Q73377324>	POINT(2.085730 42.053840)	"Molí de la Roca"@en	1701-01-01T00:00:00Z									0	"http://www.wikidata.org/entity/Q185187"
<http://www.wikidata.org/entity/Q73380258>	POINT(1.723082 41.781709)	"Molí del Carner"@en	1777-01-01T00:00:00Z									0	"http://www.wikidata.org/entity/Q185187"
<http://www.wikidata.org/entity/Q73394102>	POINT(2.230200 41.786060)	"Molí de la Llavina"@en	1900-01-01T00:00:00Z									2	"http://www.wikidata.org/entity/Q185187"
<http://www.wikidata.org/entity/Q73405161>	POINT(1.289819 41.662094)	"Molí de Fiol"@en	1800-01-01T00:00:00Z									0	"http://www.wikidata.org/entity/Q185187"
<http://www.wikidata.org/entity/Q73416862>	POINT(2.063400 41.958620)	"Molí de la Coromina"@en	1701-01-01T00:00:00Z									0	"http://www.wikidata.org/entity/Q185187"
<http://www.wikidata.org/entity/Q76169117>	POINT(6.198195 51.902639)	"'t Peeske"@en	1885-01-01T00:00:00Z									2	"http://www.wikidata.org/entity/Q185187"
<http://www.wikidata.org/entity/Q76326584>	POINT(3.568757 50.788743)	"Molen ten Hove"@en		1543-01-01T00:00:00Z								1	"http://www.wikidata.org/entity/Q185187"
<http://www.wikidata.org/entity/Q78647948>	POINT(3.834407 50.825043)	"Broeckemolen"@en	1848-01-01T00:00:00Z									1	"http://www.wikidata.org/entity/Q185187"
<http://www.wikidata.org/entity/Q78648341>	POINT(3.624851 50.754696)	"Ter Bekemolen"@en	1684-01-01T00:00:00Z	1684-01-01T00:00:00Z								1	"http://www.wikidata.org/entity/Q185187"
<http://www.wikidata.org/entity/Q78908551>	POINT(14.274980 52.521917)	"Wassermühle Worin"@en	1400-01-01T00:00:00Z									2	"http://www.wikidata.org/entity/Q1569871|http://www.wikidata.org/entity/Q1595639|http://www.wikidata.org/entity/Q1662089|http://www.wikidata.org/entity/Q185187"
<http://www.wikidata.org/entity/Q80163247>	POINT(3.902507 50.877587)	"De Bataaf"@en	1380-01-01T00:00:00Z									1	"http://www.wikidata.org/entity/Q185187"
<http://www.wikidata.org/entity/Q80467687>	POINT(1.991380 41.422710)	"Molí de Can Salaverd"@en	1501-01-01T00:00:00Z									0	"http://www.wikidata.org/entity/Q185187"
<http://www.wikidata.org/entity/Q828150>	POINT(14.681961 50.975006)	"Bertholdmühle Oberoderwitz"@en	1793-01-01T00:00:00Z									2	"http://www.wikidata.org/entity/Q11755880|http://www.wikidata.org/entity/Q185187"
<http://www.wikidata.org/entity/Q83563130>	POINT(1.830083 41.428683)	"Molí d'en Coloma"@en	1800-01-01T00:00:00Z									2	"http://www.wikidata.org/entity/Q185187"
<http://www.wikidata.org/entity/Q84082749>	POINT(-0.811945 38.435852)	"Molino de Caballero"@en	1900-01-01T00:00:00Z									1	"http://www.wikidata.org/entity/Q185187"
<http://www.wikidata.org/entity/Q85011918>	POINT(-0.515305 38.778167)	"Molí de Dalt"@en	1800-01-01T00:00:00Z									0	"http://www.wikidata.org/entity/Q185187"
<http://www.wikidata.org/entity/Q85175100>	POINT(1.588422 41.762701)	"Molí de Boixadors de Baix"@en	1761-01-01T00:00:00Z									1	"http://www.wikidata.org/entity/Q185187"
<http://www.wikidata.org/entity/Q85175103>	POINT(1.592325 41.753674)	"Molí de Ca l'Ibañez"@en	1800-01-01T00:00:00Z									1	"http://www.wikidata.org/entity/Q185187"
<http://www.wikidata.org/entity/Q85191882>	POINT(1.510746 41.644227)	"Molí del Gelabert"@en	1601-01-01T00:00:00Z									2	"http://www.wikidata.org/entity/Q185187"
<http://www.wikidata.org/entity/Q85194489>	POINT(1.560489 41.579411)	"Molí de la Fàbrica"@en	1807-01-01T00:00:00Z									0	"http://www.wikidata.org/entity/Q185187"
<http://www.wikidata.org/entity/Q85195516>	POINT(1.549760 41.575934)	"Molí del Maset"@en	1857-01-01T00:00:00Z									0	"http://www.wikidata.org/entity/Q185187"
<http://www.wikidata.org/entity/Q85195542>	POINT(1.481002 41.759011)	"Cal Mas - Molí fariner de Baix"@en	1781-01-01T00:00:00Z									1	"http://www.wikidata.org/entity/Q185187"
<http://www.wikidata.org/entity/Q85195590>	POINT(1.481765 41.758674)	"Cal Mas - Molí fariner de Dalt"@en	1783-01-01T00:00:00Z									1	"http://www.wikidata.org/entity/Q185187"
<http://www.wikidata.org/entity/Q85195597>	POINT(1.619921 41.532925)	"Molí de Carme"@en	1660-01-01T00:00:00Z									0	"http://www.wikidata.org/entity/Q185187"
<http://www.wikidata.org/entity/Q85195650>	POINT(1.548020 41.596050)	"Molí del Permanyer"@en	1890-01-01T00:00:00Z									0	"http://www.wikidata.org/entity/Q185187"
<http://www.wikidata.org/entity/Q85196847>	POINT(1.441026 41.582959)	"Molí Nou"@en	1701-01-01T00:00:00Z									0	"http://www.wikidata.org/entity/Q185187"
<http://www.wikidata.org/entity/Q85196854>	POINT(1.497198 41.588895)	"Molí de Dalt de Clariana"@en	1701-01-01T00:00:00Z									0	"http://www.wikidata.org/entity/Q185187"
<http://www.wikidata.org/entity/Q85222763>	POINT(2.292877 41.929663)	"Molí del Pujol"@en	1501-01-01T00:00:00Z									1	"http://www.wikidata.org/entity/Q185187"
<http://www.wikidata.org/entity/Q85240959>	POINT(2.397468 42.062155)	"Molí de la Masallera"@en	1701-01-01T00:00:00Z									0	"http://www.wikidata.org/entity/Q185187"
<http://www.wikidata.org/entity/Q85245159>	POINT(2.243830 41.961598)	"Molí d'Oms"@en	1801-01-01T00:00:00Z									0	"http://www.wikidata.org/entity/Q185187"
<http://www.wikidata.org/entity/Q85245164>	POINT(2.189298 41.933062)	"Molí de la Pujada"@en	1701-01-01T00:00:00Z									0	"http://www.wikidata.org/entity/Q185187"
<http://www.wikidata.org/entity/Q85303508>	POINT(2.100206 41.990910)	"Molí del Coll del Ram"@en	1701-01-01T00:00:00Z									1	"http://www.wikidata.org/entity/Q185187"
<http://www.wikidata.org/entity/Q85303652>	POINT(2.085663 41.914369)	"Molí de Caraüll"@en	1701-01-01T00:00:00Z									0	"http://www.wikidata.org/entity/Q185187"
<http://www.wikidata.org/entity/Q85303654>	POINT(2.041082 41.943448)	"Molí de la Riba"@en	1701-01-01T00:00:00Z									0	"http://www.wikidata.org/entity/Q185187"
<http://www.wikidata.org/entity/Q85303656>	POINT(2.047780 41.918123)	"Molí del Miquelet"@en	1701-01-01T00:00:00Z									0	"http://www.wikidata.org/entity/Q185187"
<http://www.wikidata.org/entity/Q85303803>	POINT(2.085191 42.074691)	"Molí de la Coma"@en	1801-01-01T00:00:00Z									0	"http://www.wikidata.org/entity/Q185187"
<http://www.wikidata.org/entity/Q85307301>	POINT(2.077580 42.115870)	"Molí del Graell"@en	1701-01-01T00:00:00Z									0	"http://www.wikidata.org/entity/Q185187"
<http://www.wikidata.org/entity/Q85307303>	POINT(2.109374 42.105404)	"Molí de Cerdanyons"@en	1801-01-01T00:00:00Z									0	"http://www.wikidata.org/entity/Q185187"
<http://www.wikidata.org/entity/Q85324703>	POINT(2.247098 41.987353)	"Molí de Torroella"@en	1801-01-01T00:00:00Z									0	"http://www.wikidata.org/entity/Q185187"
<http://www.wikidata.org/entity/Q85325073>	POINT(2.013550 41.987392)	"Molí de Galobardes"@en	1701-01-01T00:00:00Z									0	"http://www.wikidata.org/entity/Q185187"
<http://www.wikidata.org/entity/Q85325108>	POINT(2.033859 41.997553)	"Molí del Cingle"@en	1601-01-01T00:00:00Z									0	"http://www.wikidata.org/entity/Q185187"
<http://www.wikidata.org/entity/Q85325113>	POINT(2.030891 42.001329)	"Molí de Sorribes"@en	1701-01-01T00:00:00Z									0	"http://www.wikidata.org/entity/Q185187"
<http://www.wikidata.org/entity/Q85325191>	POINT(2.081750 42.036859)	"El Molinot"@en	1601-01-01T00:00:00Z									0	"http://www.wikidata.org/entity/Q185187"
<http://www.wikidata.org/entity/Q85325206>	POINT(2.052640 42.025510)	"Molí de Fumanya"@en	1801-01-01T00:00:00Z									0	"http://www.wikidata.org/entity/Q185187"
<http://www.wikidata.org/entity/Q85325330>	POINT(2.268400 42.056060)	"El Molinot"@en	1801-01-01T00:00:00Z									0	"http://www.wikidata.org/entity/Q185187"
<http://www.wikidata.org/entity/Q85325435>	POINT(2.149300 42.026720)	"Molí de les Fosses"@en	1801-01-01T00:00:00Z									0	"http://www.wikidata.org/entity/Q185187"
<http://www.wikidata.org/entity/Q85325444>	POINT(2.149440 42.022080)	"Molí del Puig"@en	1701-01-01T00:00:00Z									0	"http://www.wikidata.org/entity/Q185187"
<http://www.wikidata.org/entity/Q85540462>	POINT(2.639571 41.958103)	"Molí de Can Ciscot"@en	1800-01-01T00:00:00Z									2	"http://www.wikidata.org/entity/Q185187"
<http://www.wikidata.org/entity/Q87000197>	POINT(-1.100556 39.492500)	"Molino de Esther"@en	1600-01-01T00:00:00Z									0	"http://www.wikidata.org/entity/Q185187"
<http://www.wikidata.org/entity/Q87193329>	POINT(9.163810 55.447390)	"Knag Mølle"@en	1780-01-01T00:00:00Z									1	"http://www.wikidata.org/entity/Q185187"
<http://www.wikidata.org/entity/Q88807623>	POINT(8.176740 50.054160)	"Grorother Mühle"@en		1699-01-01T00:00:00Z								2	"http://www.wikidata.org/entity/Q185187"
<http://www.wikidata.org/entity/Q88867916>	POINT(16.082639 49.159611)	"Watermill in Hartvíkovice"@en	1744-01-01T00:00:00Z		1970-01-01T00:00:00Z							1	"http://www.wikidata.org/entity/Q185187"
<http://www.wikidata.org/entity/Q9034241>	POINT(-0.908333 39.620667)		1885-01-01T00:00:00Z									3	"http://www.wikidata.org/entity/Q185187"
<http://www.wikidata.org/entity/Q92090194>	POINT(4.072231 50.799242)	"Terhagenmolen, Gooik"@en	1500-01-01T00:00:00Z									2	"http://www.wikidata.org/entity/Q185187"
<http://www.wikidata.org/entity/Q92103265>	POINT(4.020540 50.707476)	"Smeiersmarkmolen"@en	1335-01-01T00:00:00Z									2	"http://www.wikidata.org/entity/Q185187"
<http://www.wikidata.org/entity/Q92166264>	POINT(4.309522 50.727921)	"Esseltmolen"@en	1600-01-01T00:00:00Z									1	"http://www.wikidata.org/entity/Q185187"
<http://www.wikidata.org/entity/Q92168983>	POINT(4.298940 50.731010)			1440-01-01T00:00:00Z								2	"http://www.wikidata.org/entity/Q185187"
<http://www.wikidata.org/entity/Q92169887>	POINT(4.307716 50.730730)	"Molen De Nayer-De Becker"@en	1823-01-01T00:00:00Z									1	"http://www.wikidata.org/entity/Q185187"
<http://www.wikidata.org/entity/Q92170237>	POINT(4.312900 50.731950)	"Steenputmolen"@en		1552-01-01T00:00:00Z								2	"http://www.wikidata.org/entity/Q185187"
<http://www.wikidata.org/entity/Q92172813>	POINT(4.311133 50.788757)	"Fabriek Catala"@en	1792-01-01T00:00:00Z									0	"http://www.wikidata.org/entity/Q185187"
<http://www.wikidata.org/entity/Q92175918>	POINT(4.195833 50.871944)	"Watermolen van Opalfene"@en	1378-01-01T00:00:00Z									2	"http://www.wikidata.org/entity/Q185187"
<http://www.wikidata.org/entity/Q93128404>	POINT(-0.412083 39.497111)	"Molí de Bonany"@en	1416-01-01T00:00:00Z									1	"http://www.wikidata.org/entity/Q185187"
<http://www.wikidata.org/entity/Q93590008>	POINT(14.075000 49.965583)	"Křížovy mlýny"@en	1437-01-01T00:00:00Z									2	"http://www.wikidata.org/entity/Q185187"
<http://www.wikidata.org/entity/Q94701106>	POINT(4.155556 50.883611)	"Steenvoordemolen"@en	1379-01-01T00:00:00Z									2	"http://www.wikidata.org/entity/Q185187"
<http://www.wikidata.org/entity/Q95387801>	POINT(10.612350 47.024575)		1839-01-01T00:00:00Z									0	"http://www.wikidata.org/entity/Q185187"
<http://www.wikidata.org/entity/Q96144254>	POINT(2.811128 42.407456)	"Molí de la Cascada d'en Rabassa"@en	1833-01-01T00:00:00Z									1	"http://www.wikidata.org/entity/Q185187"
<http://www.wikidata.org/entity/Q96144812>	POINT(2.990607 42.209944)	"Carcabà del Molí de Ribera"@en	1600-01-01T00:00:00Z									1	"http://www.wikidata.org/entity/Q185187"
<http://www.wikidata.org/entity/Q96144817>	POINT(3.015636 42.207489)	"Molí d'en Biell"@en	1800-01-01T00:00:00Z									1	"http://www.wikidata.org/entity/Q185187"
<http://www.wikidata.org/entity/Q96252867>	POINT(2.311550 41.941108)	"Molí de la Codina"@en	1900-01-01T00:00:00Z									1	"http://www.wikidata.org/entity/Q185187"
<http://www.wikidata.org/entity/Q96253051>	POINT(2.090610 42.083260)	"Molí de Canyelles"@en	1801-01-01T00:00:00Z									0	"http://www.wikidata.org/entity/Q185187"
<http://www.wikidata.org/entity/Q96253072>	POINT(2.259525 41.894225)	"Molí del Ral"@en	1301-01-01T00:00:00Z									0	"http://www.wikidata.org/entity/Q185187"
<http://www.wikidata.org/entity/Q96253154>	POINT(2.099330 42.002970)	"Molí de la Noguera"@en	1701-01-01T00:00:00Z									0	"http://www.wikidata.org/entity/Q185187"
<http://www.wikidata.org/entity/Q96253160>	POINT(2.117930 41.997870)	"Molí del Sallent"@en	1701-01-01T00:00:00Z									0	"http://www.wikidata.org/entity/Q185187"
<http://www.wikidata.org/entity/Q96253165>	POINT(2.115380 41.978970)	"Molí de la Riera"@en	1701-01-01T00:00:00Z									0	"http://www.wikidata.org/entity/Q185187"
<http://www.wikidata.org/entity/Q96253183>	POINT(2.069050 42.007940)	"Molí de Baix"@en	1601-01-01T00:00:00Z									1	"http://www.wikidata.org/entity/Q185187"
<http://www.wikidata.org/entity/Q96253194>	POINT(2.097190 41.983540)	"Molí de les Cases"@en	1701-01-01T00:00:00Z									0	"http://www.wikidata.org/entity/Q185187"
<http://www.wikidata.org/entity/Q96253214>	POINT(2.101090 42.023420)	"Molí de Busquets"@en	1701-01-01T00:00:00Z									1	"http://www.wikidata.org/entity/Q185187"
<http://www.wikidata.org/entity/Q96253285>	POINT(2.463299 42.027862)	"Molí del Soler"@en	1700-01-01T00:00:00Z									1	"http://www.wikidata.org/entity/Q185187"
<http://www.wikidata.org/entity/Q96253291>	POINT(2.465752 42.025601)	"Molí d'en Marandes"@en	1700-01-01T00:00:00Z									1	"http://www.wikidata.org/entity/Q185187"
<http://www.wikidata.org/entity/Q96257635>	POINT(2.138080 42.059750)	"Molí de Perenoguera"@en	1601-01-01T00:00:00Z									0	"http://www.wikidata.org/entity/Q185187"
<http://www.wikidata.org/entity/Q96257648>	POINT(2.135450 42.044280)	"Molí de Vila-rasa"@en	1701-01-01T00:00:00Z									0	"http://www.wikidata.org/entity/Q185187"
<http://www.wikidata.org/entity/Q96257649>	POINT(2.149170 42.035600)	"Molí de Cornet"@en	1701-01-01T00:00:00Z									0	"http://www.wikidata.org/entity/Q185187"
<http://www.wikidata.org/entity/Q96279395>	POINT(1.665190 41.971009)	"Molí de Sorba"@en	1553-01-01T00:00:00Z									0	"http://www.wikidata.org/entity/Q185187"
<http://www.wikidata.org/entity/Q96315681>	POINT(1.513783 41.782407)	"Molí de Santa Eulàlia"@en	1800-01-01T00:00:00Z									2	"http://www.wikidata.org/entity/Q185187"
<http://www.wikidata.org/entity/Q96483952>	POINT(1.172986 41.911986)	"Molí de Fígols"@en	1800-01-01T00:00:00Z									0	"http://www.wikidata.org/entity/Q185187"
<http://www.wikidata.org/entity/Q96586853>	POINT(1.289293 41.715408)	"Molí del Cabana"@en	1800-01-01T00:00:00Z									0	"http://www.wikidata.org/entity/Q185187"
<http://www.wikidata.org/entity/Q96586860>	POINT(1.276701 41.664645)	"Molí de Sant Francesc"@en	1800-01-01T00:00:00Z									0	"http://www.wikidata.org/entity/Q185187"
<http://www.wikidata.org/entity/Q96586864>	POINT(1.244633 41.661021)	"El Molinet de Cervera"@en	1800-01-01T00:00:00Z									1	"http://www.wikidata.org/entity/Q185187"
<http://www.wikidata.org/entity/Q96587954>	POINT(1.238684 41.660718)	"Molí del Fosses"@en	1800-01-01T00:00:00Z									1	"http://www.wikidata.org/entity/Q185187"
<http://www.wikidata.org/entity/Q96587956>	POINT(1.225100 41.658820)	"Molí de Sant Pere"@en	1800-01-01T00:00:00Z									1	"http://www.wikidata.org/entity/Q185187"
<http://www.wikidata.org/entity/Q96587957>	POINT(1.193160 41.651350)	"Molí de la Móra"@en	1800-01-01T00:00:00Z									1	"http://www.wikidata.org/entity/Q185187"
<http://www.wikidata.org/entity/Q96587961>	POINT(1.389982 41.770292)	"Molí del Paredador"@en	1400-01-01T00:00:00Z									1	"http://www.wikidata.org/entity/Q185187"
<http://www.wikidata.org/entity/Q96601008>	POINT(1.279284 41.789774)	"Molí del Cava IV"@en	1500-01-01T00:00:00Z									0	"http://www.wikidata.org/entity/Q185187"
<http://www.wikidata.org/entity/Q96774821>	POINT(2.059260 41.936770)	"Molí del Solà"@en	1701-01-01T00:00:00Z									0	"http://www.wikidata.org/entity/Q185187"
<http://www.wikidata.org/entity/Q96774822>	POINT(2.069130 41.977540)	"Molí de Cabanas"@en	1701-01-01T00:00:00Z									0	"http://www.wikidata.org/entity/Q185187"
<http://www.wikidata.org/entity/Q96774824>	POINT(2.050010 41.928000)	"Molí de Dalt de la Quintana"@en	1701-01-01T00:00:00Z									0	"http://www.wikidata.org/entity/Q185187"
<http://www.wikidata.org/entity/Q96774825>	POINT(2.049920 41.928500)	"Molí de Baix de la Quintana"@en	1701-01-01T00:00:00Z									0	"http://www.wikidata.org/entity/Q185187"
<http://www.wikidata.org/entity/Q96774827>	POINT(2.062560 41.948610)	"Molí del Tornamira"@en	1701-01-01T00:00:00Z									0	"http://www.wikidata.org/entity/Q185187"
<http://www.wikidata.org/entity/Q97461300>	POINT(12.482850 46.999320)		1850-01-01T00:00:00Z									1	"http://www.wikidata.org/entity/Q185187"
<http://www.wikidata.org/entity/Q97641976>	POINT(-5.844782 37.332672)	"Molino del Algarrobo"@en	1300-01-01T00:00:00Z									0	"http://www.wikidata.org/entity/Q97442470"
<http://www.wikidata.org/entity/Q97666096>	POINT(16.247992 48.006504)	"Leesdorfer Paper Mill"@en		1356-01-01T00:00:00Z	1822-01-01T00:00:00Z							0	"http://www.wikidata.org/entity/Q185187"
<http://www.wikidata.org/entity/Q98557006>	POINT(12.562711 46.714121)		1850-01-01T00:00:00Z									0	"http://www.wikidata.org/entity/Q185187"
<http://www.wikidata.org/entity/Q98589970>	POINT(12.298626 46.909015)	"Stadnermühle"@en	1910-01-01T00:00:00Z									1	"http://www.wikidata.org/entity/Q185187"
<http://www.wikidata.org/entity/Q98754276>	POINT(2.000902 41.429788)	"Molí d'Argemí"@en	1301-01-01T00:00:00Z									0	"http://www.wikidata.org/entity/Q185187"
<http://www.wikidata.org/entity/Q99014896>	POINT(2.152671 41.499732)	"Molí d'en Rata"@en	1825-01-01T00:00:00Z									0	"http://www.wikidata.org/entity/Q185187"
<http://www.wikidata.org/entity/Q99098543>	POINT(2.319178 41.532682)	"el Molinot"@en	1694-01-01T00:00:00Z									0	"http://www.wikidata.org/entity/Q185187"
<http://www.wikidata.org/entity/Q99098759>	POINT(2.391191 41.576723)	"Molí de Can Miser Prats"@en	1601-01-01T00:00:00Z									1	"http://www.wikidata.org/entity/Q185187"
<http://www.wikidata.org/entity/Q99098763>	POINT(2.757411 41.660910)	"Molí de la Pedrera"@en	1801-01-01T00:00:00Z									0	"http://www.wikidata.org/entity/Q185187"
<http://www.wikidata.org/entity/Q99297489>	POINT(6.715167 52.433528)	"Watermolen De Vermolen"@en	1300-01-01T00:00:00Z		1930-01-01T00:00:00Z							1	"http://www.wikidata.org/entity/Q185187"
<http://www.wikidata.org/entity/Q99300051>	POINT(2.241932 41.626880)	"Molí d'en Comes"@en	1201-01-01T00:00:00Z									0	"http://www.wikidata.org/entity/Q185187"
<http://www.wikidata.org/entity/Q99300295>	POINT(2.163305 41.624785)	"el Molí d'en Ral"@en	1601-01-01T00:00:00Z									0	"http://www.wikidata.org/entity/Q185187"
<http://www.wikidata.org/entity/Q996584>	POINT(8.937800 50.793400)	"Brücker Mühle"@en		1248-01-01T00:00:00Z								2	"http://www.wikidata.org/entity/Q185187"
<http://www.wikidata.org/entity/Q99964736>	POINT(16.668287 49.230037)	"Hamerský mlýn"@en		1820-01-01T00:00:00Z								2	"http://www.wikidata.org/entity/Q185187"
